-0.70068,0
-0.71583,-0.141496523919632
-0.72938,-0.200545006425833
-0.74132,-0.225212562899783
-0.75161,-0.232651593317239
-0.76023,-0.226412737849638
-0.76719,-0.206692563306701
-0.77245,-0.175274355346399
-0.77602,-0.136262794324256
-0.77788,-0.0937404581289807
-0.77806,-0.0505412464404092
-0.77654,-0.00798394074337799
-0.77333,0.0334463284834646
-0.76845,0.0736515605896955
-0.76192,0.112694553934211
-0.75376,0.150688915752036
-0.74399,0.187752216178071
-0.73265,0.223955615804577
-0.71975,0.259387503233458
-0.70536,0.294050506789469
-0.68949,0.32798336297578
-0.67221,0.361165471690174
-0.65356,0.3935792284054
-0.6336,0.425185920725689
-0.61237,0.455954497538214
-0.58995,0.485818269515494
-0.5664,0.514706942885207
-0.54178,0.542546947467766
-0.51618,0.569236158207144
-0.48965,0.59468645164602
-0.46228,0.61878697951296
-0.43415,0.641420088242401
-0.40533,0.662473046279906
-0.37592,0.681816810784352
-0.34599,0.699337092050796
-0.31562,0.714928131203864
-0.28491,0.728481182436896
-0.25393,0.73991328949606
-0.22276,0.749159707075833
-0.1915,0.756160025910931
-0.16022,0.760883807660301
-0.129,0.763320180139068
-0.097922,0.76347443968655
-0.067063,0.761369593288233
-0.036498,0.757044465784172
-0.0062993,0.750551945692984
0.023461,0.741955116056868
0.052714,0.731325982801534
0.081394,0.718744179025001
0.10944,0.704296858789631
0.13678,0.68806679999342
0.16337,0.670151985635291
0.18914,0.650640906843819
0.21405,0.629634547668115
0.23805,0.607234069137535
0.26109,0.583538305787102
0.28313,0.558649166240123
0.30413,0.532668422208001
0.32405,0.505695047274907
0.34287,0.477837854947269
0.36055,0.449195732552248
0.37708,0.41987888108323
0.39244,0.389995953844385
0.4066,0.359643658569957
0.41956,0.328928196998042
0.43132,0.297960048115779
0.44185,0.266827415191379
0.45117,0.235634528916038
0.45928,0.204480289416323
0.46618,0.173455965256066
0.47188,0.14265090375563
0.4764,0.11215716497282
0.47974,0.0820509817689234
0.48194,0.0524225990609708
0.483,0.0233407741843512
0.48297,-0.00510870659522319
0.48186,-0.0328590051323221
0.47971,-0.0598389579096485
0.47655,-0.0859840245618083
0.47242,-0.11123014131858
0.46736,-0.135516147860973
0.46142,-0.158778262771946
0.45463,-0.180967880856105
0.44704,-0.202035936322172
0.4387,-0.221935096373911
0.42965,-0.240628863305606
0.41996,-0.258069029255065
0.40966,-0.274229560997663
0.39881,-0.28908154788675
0.38746,-0.302602653676844
0.37567,-0.314769741910853
0.36347,-0.325582514081806
0.35094,-0.335022777241748
0.33811,-0.343096005180412
0.32503,-0.349812418603337
0.31176,-0.355178982697565
0.29835,-0.35920778670742
0.28484,-0.36192262398861
0.27127,-0.363356564505037
0.25769,-0.363542324687063
0.24415,-0.362511860952851
0.23067,-0.360318201442971
0.2173,-0.357008080626091
0.20408,-0.352629581633897
0.19103,-0.347245601497516
0.17818,-0.340922090883466
0.16557,-0.333718448183308
0.15322,-0.325702076134849
0.14115,-0.316945064893311
0.12938,-0.307521354234746
0.11793,-0.297504349572143
0.10682,-0.286964963148395
0.096048,-0.275986324960373
0.08564,-0.26463830213106
0.075603,-0.252992020651841
0.065943,-0.241118178405219
0.05667,-0.229081965159556
0.047786,-0.216947952341253
0.039298,-0.204774405435002
0.031205,-0.192618453128583
0.023512,-0.180529907031943
0.016218,-0.168555328090421
0.0093238,-0.156735605800592
0.00283,-0.145105625242888
-0.0032675,-0.133697478272183
-0.0089699,-0.122537504833265
-0.014279,-0.111646650913709
-0.019201,-0.10104371511828
-0.023739,-0.0907424870521554
-0.027898,-0.0807532840553884
-0.031685,-0.0710843708535493
-0.035108,-0.061742438360735
-0.038173,-0.0527308337060393
-0.040888,-0.0440512003176199
-0.043263,-0.0357048665303791
-0.04531,-0.0276939978265658
-0.047039,-0.0200195700668196
-0.048463,-0.0126834873122081
-0.049595,-0.00568806713226668
-0.050449,0.000963624799370076
-0.051042,0.00726602625155337
-0.051389,0.0132134142529127
-0.051507,0.018798818728026
-0.051414,0.0240139066007521
-0.051128,0.0288496521630594
-0.050671,0.0332939273263794
-0.050058,0.0373377679530499
-0.049311,0.0409699837965852
-0.048451,0.0441787848388154
-0.047497,0.0469538423701254
-0.046469,0.0492856919679151
-0.045386,0.0511667081871523
-0.044267,0.0525911014060458
-0.043133,0.0535533860564799
-0.042,0.0540523117915938
-0.040883,0.0540909613028417
-0.039803,0.0536715359252789
-0.038774,0.0528007820674254
-0.03781,0.051489061182666
-0.036925,0.0497494986843162
-0.036132,0.0475979544711982
-0.035445,0.0450514350276654
-0.03487,0.0421334255503684
-0.03442,0.0388669109424413
-0.034102,0.035278361262371
-0.03392,0.0313986157582756
-0.033883,0.0272575473453098
-0.033995,0.022887161502666
-0.034256,0.0183232773745429
-0.034673,0.0135986281860406
-0.035244,0.00874919123870562
-0.03597,0.00381030879588019
-0.03685,-0.0011827434283107
-0.037882,-0.00619505657265498
-0.039061,-0.0111908603677243
-0.040386,-0.0161377501791028
-0.041849,-0.0210018881442099
-0.043446,-0.025752323154368
-0.04517,-0.0303592337482744
-0.047015,-0.0347954539217165
-0.048973,-0.0390354254268215
-0.051036,-0.0430557989858998
-0.053195,-0.046835127604038
-0.055444,-0.050356532970129
-0.057772,-0.0536038222004023
-0.06017,-0.0565635169359407
-0.06263,-0.059225675902292
-0.065142,-0.0615822443033943
-0.067697,-0.0636278875814989
-0.070286,-0.0653598454640724
-0.0729,-0.0667777387138106
-0.07553,-0.0678833410301776
-0.078168,-0.0686810670617914
-0.080805,-0.0691768050467587
-0.083433,-0.0693784025771862
-0.086043,-0.0692945125848435
-0.088629,-0.0689365850373492
-0.091181,-0.0683152064783139
-0.09369,-0.0674408527225761
-0.096151,-0.0663266998317073
-0.098554,-0.0649841484188399
-0.10089,-0.0634236838854732
-0.10316,-0.0616622351751777
-0.10534,-0.0597030394287221
-0.10743,-0.0575559907937978
-0.10943,-0.0552361074524108
-0.11132,-0.0527473679098393
-0.1131,-0.0500995398306548
-0.11476,-0.0472993958218169
-0.11629,-0.044351102551106
-0.11768,-0.0412565928511288
-0.11892,-0.0380159178914659
-0.12001,-0.0346349750874277
-0.12094,-0.031116796533099
-0.1217,-0.0274619978285807
-0.12227,-0.0236617995058637
-0.12266,-0.019722228411499
-0.12285,-0.0156388715685322
-0.12284,-0.0114137843358509
-0.12261,-0.00703936393654475
-0.12216,-0.0025151881240257
-0.12147,0.00216818185972669
-0.12054,0.00701243320930126
-0.11936,0.0120203701437235
-0.11793,0.0171882307605993
-0.11622,0.0225292480830216
-0.11425,0.0280330322768865
-0.112,0.0337000021942747
-0.10947,0.0395244736799632
-0.10665,0.0455033820953258
-0.10353,0.0516358505189131
-0.10013,0.0579005975438723
-0.096436,0.0642855846137556
-0.092449,0.0707754362504754
-0.088172,0.0773510171968492
-0.083609,0.0839899342269713
-0.078763,0.0906685129425969
-0.073642,0.0973589981840877
-0.06825,0.104034072791234
-0.062597,0.110663106922166
-0.056694,0.117212933975204
-0.050551,0.123650035393721
-0.044181,0.12993936943457
-0.037598,0.13604496335955
-0.030816,0.141931171623146
-0.023853,0.147560740458051
-0.016725,0.152897743841156
-0.0094525,0.157905124117872
-0.0020545,0.162547192315153
0.0054498,0.166790365533006
0.013036,0.170600023177248
0.020684,0.173945037975818
0.028366,0.176792472423437
0.036062,0.179114824355122
0.043743,0.180883308726948
0.051383,0.182071357604291
0.058958,0.182656647812909
0.066439,0.18261745290953
0.0738,0.181935605787087
0.081012,0.180594355605659
0.088048,0.178580299783454
0.09488,0.175882631657816
0.10148,0.172493201330422
0.10782,0.168406488404852
0.11388,0.163625421293151
0.11962,0.158145129665735
0.12503,0.151977017171912
0.13007,0.145123352429805
0.13473,0.137601389144698
0.13898,0.129425420709737
0.1428,0.120614565120974
0.14617,0.111191494768577
0.14907,0.101181300329063
0.15148,0.0906104887260305
0.15339,0.0795135111492046
0.15478,0.0679230038989605
0.15564,0.0558767359051662
0.15595,0.0434082539786892
0.15571,0.0305616136435363
0.15491,0.0173807679737525
0.15354,0.00390838941354028
0.15159,-0.00981507930883832
0.14908,-0.0237299691419099
0.14598,-0.0377997787894773
0.14231,-0.051970813913299
0.13806,-0.0661993001906223
0.13325,-0.080428619357364
0.12787,-0.0946156950432891
0.12195,-0.108700156886467
0.11547,-0.122646523657633
0.10847,-0.13639622279379
0.10095,-0.149903494926832
0.092925,-0.16312333405829
0.084418,-0.176006948213458
0.075446,-0.188508562808408
0.066029,-0.200584181143068
0.056189,-0.212191292343289
0.045948,-0.22329008678062
0.035331,-0.233842155170985
0.024363,-0.243811628672745
0.013071,-0.253164556657269
0.0014797,-0.261871538692161
-0.01038,-0.269903442356144
-0.022479,-0.277233859358223
-0.03479,-0.283841010446563
-0.047282,-0.289705089500446
-0.059923,-0.294808061728821
-0.07268,-0.29913344458831
-0.085523,-0.302669038653102
-0.098418,-0.305403829837892
-0.11133,-0.307327667822
-0.12423,-0.308436147274305
-0.13708,-0.308723285703323
-0.14984,-0.308180822488479
-0.16249,-0.306813966894222
-0.17497,-0.304609351321522
-0.18727,-0.301576229336195
-0.19934,-0.297712516048078
-0.21114,-0.293014677387852
-0.22264,-0.287485713654048
-0.2338,-0.281126622077555
-0.24458,-0.2739369504012
-0.25496,-0.265930059182508
-0.26488,-0.257100678230522
-0.27432,-0.247458390382204
-0.28323,-0.237002445328338
-0.29159,-0.225746096931584
-0.29936,-0.213698865726811
-0.3065,-0.200867121383951
-0.31298,-0.187262010703867
-0.31878,-0.172905715520552
-0.32385,-0.157806618700671
-0.32816,-0.141976605136429
-0.3317,-0.125444900052521
-0.33443,-0.108231791958635
-0.33633,-0.0903646509683479
-0.33739,-0.0718832421140462
-0.33756,-0.0528066921827158
-0.33685,-0.0331813352042912
-0.33524,-0.0130519915999936
-0.3327,0.00754636286027249
-0.32924,0.0285581093235324
-0.32483,0.0499421373203706
-0.31949,0.0716332565050643
-0.31319,0.0935857055765743
-0.30594,0.115741180050298
-0.29775,0.138033001768791
-0.28861,0.160404506091736
-0.27853,0.182794051714702
-0.26753,0.205130492371433
-0.25561,0.227351981570778
-0.24279,0.249391333543726
-0.22909,0.271179183043908
-0.21452,0.292654007192548
-0.19912,0.313740441056023
-0.1829,0.334376555543774
-0.1659,0.354491140217393
-0.14814,0.374022638376427
-0.12967,0.392897193826316
-0.11051,0.411055669058558
-0.090705,0.42843437996531
-0.070301,0.444967453681219
-0.049339,0.460593229431914
-0.027867,0.475250445433647
-0.0059322,0.488880936104164
0.016413,0.501427296578677
0.039116,0.512834685392813
0.062121,0.523049996672691
0.085374,0.532024849946067
0.10881,0.539708411900534
0.13238,0.546061643322833
0.15602,0.551045549444743
0.17967,0.554625758880431
0.20327,0.556773126596893
0.22675,0.557456678367503
0.25005,0.556652748796159
0.27312,0.55435214626905
0.29589,0.550543356304395
0.3183,0.545221230972357
0.34029,0.538386404462423
0.3618,0.530044649014409
0.38276,0.520198797326141
0.40313,0.508871862087414
0.42285,0.496088142945618
0.44185,0.481865329445238
0.46009,0.466237846035713
0.47751,0.449238219326066
0.49405,0.430896864711882
0.50968,0.411264114475336
0.52434,0.390383047521656
0.53799,0.368304719382296
0.55059,0.345085393114846
0.56209,0.320776736571334
0.57247,0.295447581267328
0.58168,0.269156599315239
0.58969,0.241967480830024
0.59648,0.213953594984984
0.60203,0.185194068345762
0.60631,0.15576304041804
0.6093,0.125735876639934
0.611,0.0952014972947619
0.61138,0.0642349474386885
0.61045,0.0329273788266972
0.6082,0.00136538277270364
0.60462,-0.0303707929797113
0.59973,-0.0621863716864661
0.59352,-0.094000008443925
0.58601,-0.125721635381094
0.57721,-0.157264449492394
0.56713,-0.188547121488014
0.5558,-0.219480673033228
0.54323,-0.249987705797261
0.52946,-0.279980641784508
0.5145,-0.309388847507222
0.49839,-0.33813570049021
0.48117,-0.366142463982987
0.46287,-0.393338865466229
0.44353,-0.419656625411879
0.42318,-0.445038995992997
0.40189,-0.469411173531603
0.37968,-0.492723479628085
0.35661,-0.51491895179623
0.33273,-0.535944393677933
0.30808,-0.55575917344419
0.28273,-0.574312401364773
0.25672,-0.591569164358215
0.23011,-0.607494264528698
0.20295,-0.622061299411979
0.1753,-0.635244942029017
0.14721,-0.647029464163397
0.11874,-0.65740054318586
0.089949,-0.666346732310827
0.060893,-0.673862020171845
0.031626,-0.679946986248833
0.0022065,-0.684604726174261
-0.027308,-0.687841537882585
-0.056862,-0.689668096494368
-0.0864,-0.690098774923585
-0.11586,-0.689146157356007
-0.1452,-0.686836227258525
-0.17435,-0.683184726716582
-0.20327,-0.678221228060788
-0.23189,-0.671963762080365
-0.26016,-0.664435611053119
-0.28804,-0.655671276646158
-0.31546,-0.645691389594875
-0.34237,-0.634519788847787
-0.36873,-0.622189774372455
-0.39448,-0.608726693516937
-0.41957,-0.594156270966901
-0.44396,-0.578511284162364
-0.46759,-0.561814552380908
-0.49041,-0.544087645631174
-0.5124,-0.52537270831019
-0.53349,-0.505690338823275
-0.55364,-0.48506534366142
-0.57282,-0.463532569718673
-0.59098,-0.441119151932328
-0.60809,-0.417859975067304
-0.6241,-0.393780333211701
-0.63898,-0.368911770940287
-0.65271,-0.343297282733035
-0.66524,-0.31696561783514
-0.67655,-0.289955297411044
-0.68661,-0.262304118746235
-0.6954,-0.23405550004285
-0.70289,-0.205248643081913
-0.70906,-0.175925490243792
-0.7139,-0.146136247010936
-0.71739,-0.11592881829341
-0.71952,-0.0853551314581728
-0.72028,-0.0544687148245169
-0.71965,-0.023315290336396
-0.71764,0.00804504189754971
-0.71425,0.039549889882079
-0.70947,0.0711443822971158
-0.70331,0.102766719438024
-0.69578,0.134351516940246
-0.68687,0.165847402343502
-0.67662,0.197179083654093
-0.66502,0.228291370144079
-0.65211,0.259110185655008
-0.63789,0.289578220858464
-0.6224,0.319624080171179
-0.60567,0.349174775135878
-0.58771,0.378173242669854
-0.56858,0.406540302332433
-0.5483,0.434211142224148
-0.52692,0.461112592033702
-0.50448,0.487174625147333
-0.48102,0.512332163928293
-0.45661,0.536504232425638
-0.43129,0.559621947627113
-0.40511,0.581621197599327
-0.37815,0.602421842597037
-0.35045,0.621963142891435
-0.32208,0.640180051647413
-0.29311,0.657006420924853
-0.2636,0.67238501089211
-0.23362,0.686260542600065
-0.20325,0.698574051237023
-0.17255,0.709280615658442
-0.14159,0.718341100004737
-0.11045,0.725715348287044
-0.079198,0.731372984708111
-0.047911,0.73528632157584
-0.016658,0.737437134752297
0.014488,0.737812987749787
0.045455,0.736407798012335
0.076174,0.733223583228934
0.10657,0.728264974536341
0.13659,0.721555405613642
0.16615,0.713110442597531
0.19519,0.702957128686481
0.22366,0.691138881523197
0.25148,0.677689395929197
0.27861,0.662663584424796
0.30499,0.646117541368522
0.33056,0.628107108763145
0.35528,0.608701460022415
0.37911,0.58797886218876
0.40199,0.566008180828884
0.42389,0.542871132987592
0.44477,0.518650248026507
0.46461,0.493441282856925
0.48336,0.467325849511473
0.50101,0.44040143198099
0.51754,0.412768134491649
0.53291,0.384510487324957
0.54713,0.355734898280114
0.56017,0.326532660425009
0.57204,0.297009654240655
0.58271,0.267250689830792
0.5922,0.237357833093505
0.6005,0.207421640973643
0.60762,0.177535224661687
0.61356,0.147783291091723
0.61832,0.118240891316915
0.62193,0.0889948219323863
0.62439,0.0601161797729102
0.62571,0.0316682138966552
0.62591,0.0037128360248447
0.62501,-0.0236914969932806
0.62303,-0.0504913986231213
0.61999,-0.0766397220100102
0.6159,-0.102103735910297
0.6108,-0.126841750281686
0.6047,-0.150828867640342
0.59763,-0.174040304772301
0.58963,-0.196445323301902
0.58071,-0.218032046439679
0.57091,-0.23878257602332
0.56026,-0.258682652638312
0.54879,-0.277721917635461
0.53652,-0.295901395757518
0.5235,-0.313209620105252
0.50974,-0.329655452174219
0.4953,-0.345227410828003
0.48019,-0.359935348219561
0.46445,-0.373784289289013
0.4481,-0.386790431831045
0.43119,-0.398956738189242
0.41375,-0.410290548581996
0.3958,-0.420810235534541
0.37737,-0.430535472444317
0.3585,-0.439479329572698
0.33921,-0.447664228003306
0.31954,-0.455104943137782
0.29952,-0.461817263648987
0.27917,-0.467824916655993
0.25853,-0.473142736121559
0.23762,-0.477792887293838
0.21647,-0.481795542872958
0.19513,-0.485154001221382
0.1736,-0.487894876202044
0.15193,-0.490025915236474
0.13014,-0.491561646623704
0.10826,-0.492514272044524
0.086326,-0.492889337017887
0.064354,-0.492701632172971
0.042377,-0.491960401210572
0.020424,-0.490673089349392
-0.0014786,-0.488847365809577
-0.023304,-0.486490525882395
-0.045023,-0.48360753698693
-0.06661,-0.480203958855636
-0.088035,-0.476282363264981
-0.10927,-0.471844258084216
-0.1303,-0.466899803322181
-0.15107,-0.461436220508888
-0.17158,-0.455463184127954
-0.19178,-0.448971170104941
-0.21166,-0.441964955649663
-0.23117,-0.434431079628098
-0.25029,-0.426363864669585
-0.26899,-0.417756608263095
-0.28723,-0.408594521534343
-0.305,-0.398878838513741
-0.32225,-0.388594072728645
-0.33895,-0.377726440473975
-0.35508,-0.366271272245448
-0.3706,-0.354216578895994
-0.38548,-0.34155219125998
-0.39969,-0.328269687397611
-0.41321,-0.314369696837061
-0.42599,-0.299837976554218
-0.43802,-0.284678286793349
-0.44926,-0.268886654498626
-0.45969,-0.252467817717294
-0.46928,-0.235426063843981
-0.47801,-0.217772651019319
-0.48586,-0.199524211288042
-0.49279,-0.180686525946548
-0.4988,-0.161286093458703
-0.50385,-0.141335860330508
-0.50795,-0.120874509994033
-0.51106,-0.0999234894138635
-0.51319,-0.0785267666783799
-0.51431,-0.0567157059274156
-0.51443,-0.034540235668955
-0.51353,-0.0120416929048909
-0.51161,0.0107318837295414
-0.50867,0.0337284223476342
-0.50472,0.0568866960151775
-0.49975,0.080154645186983
-0.49378,0.10346695882289
-0.48681,0.126764357729256
-0.47885,0.149986820410194
-0.46992,0.173068174672332
-0.46004,0.195939316217052
-0.44922,0.218538300492962
-0.43748,0.240803532175152
-0.42485,0.26266829496504
-0.41134,0.284078684988114
-0.397,0.304963378474413
-0.38184,0.325268901420215
-0.36589,0.344943238114661
-0.34919,0.363930001442425
-0.33177,0.382178645225823
-0.31367,0.399637759876934
-0.29491,0.416271891433332
-0.27554,0.432037713613193
-0.2556,0.446894610129601
-0.23512,0.460813127478207
-0.21414,0.473766710457164
-0.1927,0.485732359213048
-0.17085,0.496683657025073
-0.14863,0.506600014815726
-0.12609,0.515459163905215
-0.10327,0.5232459280053
-0.08021,0.52995170163559
-0.056968,0.535560533253042
-0.03359,0.540060263439278
-0.010128,0.54343806869066
0.013369,0.545683527422592
0.036848,0.546785834617133
0.060256,0.546734508628375
0.083541,0.545520675397392
0.10665,0.543136568167575
0.12952,0.539568423248973
0.15211,0.534814561471518
0.17436,0.528869315690018
0.19622,0.521731618535386
0.21762,0.513389597863706
0.23853,0.503852802904487
0.25888,0.493118447171284
0.27864,0.481203680625971
0.29774,0.468111899341696
0.31614,0.453857703262327
0.3338,0.438464514205966
0.35067,0.421955021961159
0.36671,0.404358273288381
0.38189,0.385715198875939
0.39617,0.366067948984037
0.40952,0.345466031393406
0.42191,0.323963639407673
0.43331,0.301617343888325
0.4437,0.278491530964592
0.45305,0.254647752734169
0.46136,0.230165764712327
0.4686,0.205115597672383
0.47477,0.179579635275885
0.47985,0.153633061915351
0.48384,0.127357832941898
0.48673,0.100831526595522
0.48853,0.0741406227600873
0.48924,0.0473687505538582
0.48886,0.0205946490336723
0.4874,-0.00610199536662915
0.48487,-0.0326432981873198
0.48127,-0.0589627734882338
0.47664,-0.0849758205105717
0.47098,-0.110615590674116
0.46432,-0.135809683518092
0.45666,-0.160505912069371
0.44805,-0.184633392511216
0.4385,-0.208138238109701
0.42804,-0.230967515958718
0.41671,-0.253063697683757
0.40453,-0.274382490257664
0.39154,-0.294877282254666
0.37777,-0.314508855702213
0.36327,-0.333230824111264
0.34807,-0.351007655029738
0.33221,-0.367806718733026
0.31573,-0.38359919529559
0.29868,-0.398353295665066
0.2811,-0.412043649011667
0.26302,-0.424658690147791
0.24451,-0.436169262998045
0.2256,-0.446562913417887
0.20634,-0.455826698661423
0.18677,-0.463955521250384
0.16695,-0.470936430110505
0.14691,-0.476773126660093
0.1267,-0.481468284702108
0.10637,-0.485024097783481
0.085963,-0.487447877654033
0.065525,-0.488749011278672
0.0451,-0.488940126980752
0.02473,-0.488037923349476
0.0044588,-0.486060894595005
-0.015672,-0.483030380627218
-0.035621,-0.478969831083551
-0.055348,-0.473904868028024
-0.074817,-0.467865470376355
-0.093989,-0.460882268526073
-0.11283,-0.45298942884211
-0.13129,-0.444211322673527
-0.14936,-0.434594163150497
-0.16699,-0.424170268550149
-0.18415,-0.412974707148929
-0.20082,-0.401051211840441
-0.21696,-0.388434514254335
-0.23255,-0.375165896537416
-0.24757,-0.361290739676448
-0.26197,-0.346834230445033
-0.27576,-0.33184884112002
-0.28889,-0.316363121957772
-0.30136,-0.300422389182109
-0.31314,-0.284061894016967
-0.32421,-0.267315029229906
-0.33456,-0.25021997140126
-0.34418,-0.232817507724604
-0.35305,-0.215141812455418
-0.36117,-0.197235359197731
-0.36851,-0.179123732037235
-0.37508,-0.160847521504815
-0.38087,-0.142443261996641
-0.38587,-0.12394296363077
-0.39009,-0.105388633770927
-0.39351,-0.086806737199875
-0.39613,-0.0682249835342274
-0.39796,-0.0496784217784953
-0.39901,-0.0312067756184382
-0.39927,-0.0128373841796219
-0.39874,0.00540605087926583
-0.39744,0.0234889319187709
-0.39537,0.041383910182304
-0.39255,0.0590557340976778
-0.38897,0.0764862257907053
-0.38465,0.0936495981254939
-0.37961,0.110514943931281
-0.37386,0.127055758229151
-0.3674,0.143257501252108
-0.36026,0.159093804712921
-0.35246,0.174537174872238
-0.34401,0.189567636735052
-0.33492,0.204172114827324
-0.32523,0.218321566086733
-0.31494,0.232004723656127
-0.30409,0.245195658836618
-0.29269,0.257879785219695
-0.28077,0.270037535505302
-0.26835,0.28165352084207
-0.25545,0.292716402826139
-0.2421,0.30321128611546
-0.22832,0.313128462669893
-0.21414,0.322455524496399
-0.19959,0.331178463620604
-0.18468,0.339297384235847
-0.16945,0.346801818160699
-0.15393,0.353680675216373
-0.13813,0.359937661392652
-0.12209,0.365566340743772
-0.10583,0.370567268340568
-0.089383,0.374937195689845
-0.072776,0.378674511264705
-0.056034,0.381780612640518
-0.039187,0.384255749116046
-0.022263,0.386100867138303
-0.0052919,0.387316183258262
0.011699,0.387903370808871
0.028679,0.387862837372148
0.045621,0.387196731477571
0.062491,0.385903545665383
0.079262,0.383984132779242
0.095901,0.381436871197439
0.11238,0.378261962137586
0.12866,0.37445300515026
0.14472,0.370011822234938
0.16052,0.364932825166521
0.17603,0.359212053331086
0.19121,0.352839616991283
0.20604,0.345815948454881
0.22047,0.338127654106484
0.23448,0.329772785368264
0.24803,0.320743930420744
0.26109,0.311036921138641
0.27363,0.300650370388417
0.2856,0.289570435076391
0.29699,0.27780323158034
0.30775,0.265341281331875
0.31786,0.252188593736688
0.32728,0.238343599906078
0.33598,0.223807729978227
0.34395,0.208599643436692
0.35115,0.192729277183094
0.35756,0.176214126876151
0.36316,0.159077368159724
0.36793,0.141346189146345
0.37184,0.123042931113634
0.37488,0.104200241706681
0.37704,0.0848582151745847
0.3783,0.0650544858126934
0.37867,0.0448458711148921
0.37812,0.0242735246982619
0.37666,0.00339439477027349
0.37428,-0.0177382372982211
0.37099,-0.0390607857742032
0.36679,-0.0605105842411373
0.36168,-0.0820275424349645
0.35569,-0.103533259242246
0.34881,-0.124966461427526
0.34107,-0.146251988980418
0.33249,-0.167313170940202
0.32308,-0.188081864824759
0.31287,-0.208484176841086
0.30188,-0.228451320759867
0.29015,-0.247906073503892
0.2777,-0.266781685772478
0.26458,-0.28499989534252
0.25081,-0.302497904128156
0.23644,-0.31920536647085
0.2215,-0.335063040239099
0.20605,-0.350000563680035
0.19012,-0.363963220620614
0.17376,-0.376896140404058
0.15702,-0.388746372955718
0.13994,-0.399471910423677
0.12258,-0.409026491018785
0.10499,-0.417369645844152
0.087218,-0.42446872319975
0.069315,-0.430296618236146
0.051335,-0.434829791629672
0.033331,-0.438049524235415
0.015355,-0.439942786435558
-0.0025396,-0.440500997970922
-0.0203,-0.439720370760959
-0.037873,-0.437601296843141
-0.055209,-0.434150679064137
-0.072255,-0.429378435996892
-0.088962,-0.423300049579793
-0.10528,-0.415934743806736
-0.12117,-0.407312763548238
-0.13657,-0.397455774254385
-0.15145,-0.38640192506657
-0.16576,-0.374187125917824
-0.17947,-0.360859566064669
-0.19253,-0.346461472088422
-0.20492,-0.331051499157809
-0.21658,-0.314670535632425
-0.22751,-0.297388519847974
-0.23766,-0.279260025755562
-0.24702,-0.260355390577923
-0.25555,-0.240733573310684
-0.26325,-0.220472306507147
-0.27009,-0.199640099035307
-0.27607,-0.178318248388452
-0.28117,-0.156581227169592
-0.28539,-0.134510596093874
-0.28872,-0.112183802962208
-0.29117,-0.0896874128201793
-0.29274,-0.067105311357516
-0.29344,-0.0445240239085486
-0.29327,-0.0220221022216421
-0.29226,0.000308673889659037
-0.29042,0.0223835591843899
-0.28776,0.0441262309987122
-0.28432,0.065447537019682
-0.28011,0.0862730969614818
-0.27517,0.10652081307148
-0.26952,0.126119948850464
-0.26321,0.144989246972774
-0.25627,0.16305655908546
-0.24874,0.180252255367213
-0.24065,0.196518659169757
-0.23205,0.211795165438512
-0.22299,0.226021115774449
-0.2135,0.239152906523359
-0.20364,0.251140359440843
-0.19346,0.261937424517788
-0.18298,0.271525483027771
-0.17228,0.27986485310445
-0.16138,0.286944983484309
-0.15035,0.292742774496757
-0.13921,0.297263255105784
-0.12803,0.300497651403197
-0.11684,0.302456483104312
-0.10569,0.303151325560963
-0.094615,0.302605939511575
-0.083664,0.300843436553666
-0.072872,0.297896617532519
-0.062283,0.2937989966687
-0.051932,0.288590815702335
-0.041856,0.282315533138456
-0.032089,0.275020562523384
-0.022667,0.26675401754946
-0.013621,0.257567198072375
-0.0049815,0.247513134720819
0.0032216,0.2366453985586
0.010961,0.225018560610147
0.01821,0.212687012698536
0.024946,0.199706568458925
0.031145,0.186131609578178
0.036789,0.172018258648443
0.041859,0.157421679467322
0.046339,0.142396852173228
0.050217,0.126999911792663
0.053482,0.111286951315818
0.056125,0.0953137720469411
0.058144,0.0791393640162278
0.059534,0.0628212111036128
0.060296,0.0464181810600132
0.060434,0.0299905792205408
0.059954,0.0135993967322565
0.058864,-0.00269433176338896
0.057177,-0.0188278465390105
0.054905,-0.0347398072575475
0.052065,-0.0503683705064195
0.048678,-0.0656504093904653
0.044762,-0.080526109804495
0.040343,-0.0949344690891851
0.035444,-0.108817848736123
0.030094,-0.122118912433226
0.024322,-0.13478259920212
0.018158,-0.146756924109511
0.011634,-0.157992812918272
0.0047857,-0.168442641741646
-0.0023525,-0.178062723030368
-0.0097434,-0.186812176012897
-0.017351,-0.19465490185596
-0.025133,-0.201555501395572
-0.033053,-0.207484983825992
-0.04107,-0.212417428729735
-0.049142,-0.216329869745871
-0.057229,-0.219204329879713
-0.065287,-0.221024880726442
-0.073273,-0.221778900215863
-0.081146,-0.221458721569347
-0.088863,-0.220059857104918
-0.096381,-0.217580942735605
-0.10366,-0.214025808320238
-0.11065,-0.209395372214691
-0.11732,-0.203702606284904
-0.12362,-0.196956155959299
-0.12951,-0.189168671885258
-0.13497,-0.180370790702017
-0.13993,-0.170570141348092
-0.14439,-0.159807619672765
-0.14829,-0.148105706300735
-0.1516,-0.135493824271929
-0.1543,-0.1220137655005
-0.15635,-0.10770153370204
-0.15773,-0.092602411550006
-0.15842,-0.0767680391815125
-0.15839,-0.0602464692009466
-0.15763,-0.0430963951088418
-0.15611,-0.0253687227737537
-0.15383,-0.00712886405858393
-0.15078,0.0115552869221733
-0.14694,0.0306231413219781
-0.14232,0.0499995728362428
-0.13692,0.0696073053930306
-0.13073,0.0893769858415511
-0.12376,0.109232953842119
-0.11602,0.12909676432108
-0.10753,0.148882729951206
-0.098288,0.168518216958996
-0.088324,0.187919765175356
-0.077652,0.207009655644043
-0.066301,0.225706213512226
-0.054294,0.243931656622104
-0.041663,0.261607252637479
-0.028439,0.278656862362473
-0.014657,0.295006052944708
-0.00035598,0.31058137483071
0.014424,0.3253119158062
0.02964,0.339129172144469
0.045248,0.351968227674781
0.0612,0.363766477604804
0.077448,0.374465492025752
0.093943,0.384011676178562
0.11063,0.392352982679101
0.12747,0.399452494360609
0.1444,0.405269395962343
0.16136,0.409763697439853
0.17831,0.412912577230799
0.1952,0.414700917986703
0.21196,0.415106069635259
0.22855,0.414122715048388
0.24492,0.411752856546095
0.26102,0.40800493262326
0.2768,0.402892906413374
0.2922,0.39642795253801
0.30718,0.388633974803506
0.32169,0.379537557704184
0.33569,0.369174554063281
0.34914,0.357587717497489
0.36199,0.344817175580452
0.3742,0.33090755947128
0.38575,0.315920983262862
0.39658,0.299902633751575
0.40667,0.282912589148895
0.41598,0.265006650315682
0.4245,0.246257943476027
0.43219,0.226729463221737
0.43902,0.206481739192727
0.44499,0.185593819857476
0.45007,0.164135294957446
0.45423,0.142166133712532
0.45748,0.119766337350639
0.4598,0.0970075181931067
0.46118,0.0739597613892259
0.46161,0.0506897543206083
0.46108,0.0272593312412748
0.4596,0.00373918903835441
0.45716,-0.0198098930344748
0.45377,-0.0433223711345887
0.44941,-0.0667532337499629
0.44411,-0.090038710933064
0.43786,-0.113131667219972
0.43067,-0.135985328367881
0.42254,-0.158562361024012
0.41349,-0.180819760770783
0.40353,-0.202719003526621
0.39267,-0.224226709824821
0.38092,-0.245315047466876
0.3683,-0.265954511456878
0.35482,-0.286122929671025
0.34051,-0.305790329857379
0.32538,-0.324936514106845
0.30945,-0.343542770127082
0.29275,-0.361585141274738
0.2753,-0.379043910394531
0.25712,-0.395903723567736
0.23825,-0.412138772265005
0.2187,-0.427738084531012
0.19851,-0.44268113720297
0.17772,-0.456940620487286
0.15635,-0.470499613507219
0.13443,-0.483342967028478
0.11202,-0.495435512241859
0.089138,-0.506758248282415
0.065834,-0.517282353479392
0.042146,-0.526981036144259
0.018121,-0.53582349320257
-0.0061999,-0.543781163591194
-0.030769,-0.55082346462624
-0.055538,-0.556918846273841
-0.080459,-0.562036405234935
-0.10548,-0.56614384271125
-0.13056,-0.569217026529415
-0.15563,-0.571218644833458
-0.18065,-0.572123498609239
-0.20557,-0.571909732373441
-0.23032,-0.570544289631714
-0.25487,-0.568015852344404
-0.27915,-0.564301661370216
-0.30312,-0.559392843714482
-0.32671,-0.553270079875651
-0.34988,-0.545928632494407
-0.37257,-0.537361152910618
-0.39473,-0.527566073409184
-0.41632,-0.516554210238213
-0.43727,-0.504324169848662
-0.45755,-0.490894595157996
-0.47711,-0.476285244456266
-0.4959,-0.460516489863013
-0.51388,-0.443616264129666
-0.53101,-0.425618043465764
-0.54725,-0.406559053759662
-0.56258,-0.386493493543944
-0.57694,-0.365458345184544
-0.59032,-0.343512789416446
-0.60269,-0.320717590782509
-0.61403,-0.297140602589906
-0.62431,-0.272846184341955
-0.63352,-0.247908906849788
-0.64164,-0.22240210357612
-0.64866,-0.196403426473784
-0.65457,-0.169991771765239
-0.65937,-0.143252125754287
-0.66305,-0.116264479540027
-0.66561,-0.0891097720674929
-0.66705,-0.0618672162176408
-0.66739,-0.034626946546984
-0.66661,-0.00745551970170349
-0.66474,0.0195647561560109
-0.66177,0.0463711282926247
-0.65774,0.0728818057633304
-0.65264,0.0990393294514742
-0.64649,0.12478575109881
-0.63932,0.150057454492077
-0.63113,0.174810715592405
-0.62195,0.198997423768483
-0.6118,0.222575216256868
-0.6007,0.245508094983836
-0.58867,0.267766757378276
-0.57574,0.289321285723608
-0.56193,0.310150048626557
-0.54726,0.330239250963215
-0.53177,0.349567559698703
-0.51546,0.368138261819128
-0.49838,0.385937961138826
-0.48055,0.402962860881514
-0.46199,0.419217477519366
-0.44274,0.434698575996872
-0.42281,0.449419372794286
-0.40225,0.463376814908993
-0.38107,0.47658476636822
-0.35931,0.489048515026167
-0.337,0.500774005588799
-0.31417,0.511767834528707
-0.29085,0.522037205249272
-0.26707,0.531589853534137
-0.24286,0.54043395203424
-0.21826,0.548570603244107
-0.1933,0.556002740680576
-0.16801,0.562734842356566
-0.14242,0.568772649751813
-0.11657,0.574115499404914
-0.090502,0.578756206973926
-0.064238,0.582697400282913
-0.037821,0.585934102998208
-0.011285,0.588462078035735
0.015329,0.590272690077596
0.041986,0.591358490018182
0.068647,0.591710287507896
0.095273,0.591317795711187
0.12182,0.590166480429362
0.14826,0.588250664569734
0.17454,0.585553542147401
0.20063,0.582066861547074
0.22649,0.577782164810972
0.25206,0.572676339861626
0.27733,0.566752126509594
0.30223,0.559988746507844
0.32675,0.55239148017019
0.35083,0.543949593421039
0.37443,0.534654616641673
0.39753,0.524515012010457
0.42008,0.513530585950203
0.44205,0.501709067443866
0.46341,0.489064464359959
0.48411,0.475600778670834
0.50414,0.461343504175234
0.52346,0.446312678163866
0.54203,0.430523479090588
0.55985,0.414016397270818
0.57686,0.396806925023548
0.59306,0.378934386459163
0.60842,0.360434090637591
0.62291,0.341337165894835
0.63651,0.321677899210398
0.6492,0.301492151815942
0.66097,0.280823421599893
0.67179,0.25970532482073
0.68164,0.238169894368784
0.69051,0.216254284370577
0.69838,0.193991236170477
0.70523,0.171408888134185
0.71105,0.14853811983199
0.71584,0.125418393406981
0.71957,0.102072649381355
0.72223,0.0785244636805321
0.72382,0.0548044509822563
0.72433,0.030940455126402
0.72376,0.0069645059943652
0.72209,-0.0171038771063074
0.71934,-0.0412264477827139
0.71549,-0.0653807090109114
0.71055,-0.0895355226666738
0.70452,-0.113661266406418
0.69742,-0.137715787486597
0.68924,-0.16167038810967
0.67999,-0.185493451023226
0.6697,-0.209137325429265
0.65837,-0.232565147834494
0.64601,-0.255742606564323
0.63265,-0.278623857570632
0.61831,-0.301162659624859
0.603,-0.32332136575863
0.58675,-0.34505577646744
0.56958,-0.366325299745036
0.55153,-0.387078862325334
0.53262,-0.40727341621071
0.51288,-0.426866469760712
0.49235,-0.445810067040429
0.47106,-0.464060873801868
0.44904,-0.481580800876825
0.42634,-0.498322589270782
0.403,-0.51424061809596
0.37906,-0.529292179411792
0.35457,-0.543431043300773
0.32955,-0.55663195688336
0.30408,-0.568843290630491
0.27819,-0.580030907213842
0.25193,-0.590161291783854
0.22535,-0.599202743182493
0.19852,-0.607111487963656
0.17148,-0.613857773377941
0.14429,-0.619409556009021
0.11702,-0.623726811567463
0.089715,-0.626783032956578
0.062439,-0.628549666830781
0.035255,-0.628998415666442
0.0082214,-0.628105740857199
-0.0186,-0.625850448154521
-0.045147,-0.622213894693146
-0.071363,-0.617184520191276
-0.097185,-0.610752432978868
-0.12256,-0.60291712296179
-0.14742,-0.593674931154944
-0.17172,-0.583037120512077
-0.1954,-0.571015932855931
-0.21841,-0.557631797638358
-0.24069,-0.542904110143921
-0.26221,-0.526873384246978
-0.28292,-0.509581556972142
-0.30278,-0.491078236136219
-0.32175,-0.471418098801479
-0.33979,-0.450658620920107
-0.35688,-0.428872923746191
-0.37299,-0.406137494403368
-0.38809,-0.382529550885844
-0.40217,-0.358139636665174
-0.41521,-0.333059188924479
-0.42721,-0.307392633759565
-0.43815,-0.281237158031657
-0.44803,-0.254696116985441
-0.45686,-0.227882226060534
-0.46463,-0.200897651388838
-0.47138,-0.173869954069847
-0.47709,-0.146898994154038
-0.48181,-0.120110947191977
-0.48554,-0.0936123520355519
-0.48831,-0.0675127043713482
-0.49016,-0.041927745622703
-0.49111,-0.0169597287556977
-0.4912,0.00728859631982109
-0.49046,0.0307249520299281
-0.48894,0.0532539433665987
-0.48667,0.0747957941302035
-0.4837,0.0952714799427062
-0.48007,0.114612930857108
-0.47582,0.132763582898164
-0.471,0.149671134346656
-0.46564,0.165303781864367
-0.45981,0.179618387556506
-0.45353,0.192601658871201
-0.44686,0.204235978847402
-0.43983,0.214523726655239
-0.43248,0.223476741464364
-0.42487,0.231100149999504
-0.41702,0.237423827706006
-0.40897,0.242482693304809
-0.40076,0.246315440805099
-0.39242,0.248970752010394
-0.38399,0.250497190577369
-0.37549,0.250957185269037
-0.36696,0.250408293405295
-0.35842,0.248917744571019
-0.3499,0.24655165700591
-0.34142,0.243381104890867
-0.333,0.23947942096477
-0.32467,0.234912506343696
-0.31644,0.229753337983742
-0.30832,0.224078633120303
-0.30033,0.217958620739859
-0.29248,0.211463703771621
-0.28478,0.204662378046482
-0.27724,0.197619561828502
-0.26986,0.190402699121636
-0.26264,0.183079185590673
-0.2556,0.175699470589255
-0.24872,0.168328219086382
-0.242,0.161024664311543
-0.23544,0.15384169081638
-0.22904,0.14682523346027
-0.22279,0.140021350504835
-0.21667,0.133481914931168
-0.21068,0.127246861457876
-0.2048,0.12135976392884
-0.19902,0.115858102240242
-0.19332,0.110780368759748
-0.1877,0.106149579001342
-0.18213,0.101997362219753
-0.17659,0.0983535803217505
-0.17108,0.0952306226473318
-0.16556,0.0926555798058686
-0.16002,0.0906440377680426
-0.15444,0.0892088554223622
-0.1488,0.0883599214190541
-0.1431,0.0880892556413067
-0.1373,0.0884038543547134
-0.13139,0.0893000298849377
-0.12535,0.0907726182434122
-0.11918,0.0928002649286406
-0.11285,0.0953709858886356
-0.10635,0.0984655767633146
-0.099669,0.102059993034938
-0.092794,0.106128158047075
-0.085713,0.110642090601045
-0.078419,0.115569130400052
-0.0709,0.120877249874886
-0.063151,0.126530475687218
-0.055165,0.132491988911925
-0.046938,0.138722977831357
-0.038466,0.145184014786739
-0.029746,0.151835472597693
-0.020779,0.158635676098343
-0.011565,0.165543190814475
-0.002105,0.172517209140973
0.0075944,0.179514469342502
0.017529,0.186492775926595
0.027691,0.193409394280449
0.038069,0.200219792463549
0.048653,0.206880390891695
0.059429,0.21334677933479
0.070382,0.219574538842045
0.081494,0.2255184419347
0.092746,0.231133324096893
0.10412,0.236376279662114
0.11559,0.24120173210574
0.12712,0.245556060642843
0.13871,0.249407511653788
0.15031,0.252706154429426
0.1619,0.255411255437938
0.17345,0.257483523086718
0.18493,0.258886231211662
0.19631,0.259586065490898
0.20755,0.259546325556009
0.21862,0.258736326305407
0.22949,0.257131426371352
0.24013,0.25471290050125
0.25051,0.251467683995631
0.26059,0.24738061737433
0.27035,0.242450426861241
0.27976,0.23668004812011
0.28878,0.230068704960439
0.29739,0.222627784730958
0.30558,0.214385906971837
0.31331,0.205362963386822
0.32056,0.195586366444403
0.32732,0.185096518832427
0.33357,0.173936068174301
0.33929,0.162148548590802
0.34447,0.149784615573917
0.34911,0.136906849748431
0.35318,0.123563696553582
0.35668,0.109813153689032
0.35961,0.0957193825180302
0.36196,0.0813423874782167
0.36374,0.0667519521534717
0.36494,0.0520089932708342
0.36557,0.0371803053293926
0.36562,0.022320665302951
0.36511,0.00749566462680334
0.36405,-0.00722978157549879
0.36243,-0.0218081016204356
0.36028,-0.0361777110894174
0.3576,-0.0502898977154671
0.35441,-0.064093193300569
0.35071,-0.0775504568690891
0.34654,-0.0906079083920896
0.34189,-0.10323717343909
0.33679,-0.115401957919905
0.33126,-0.127068381431514
0.32531,-0.138213236564919
0.31897,-0.148808182496416
0.31225,-0.158836717310872
0.30518,-0.168277958123793
0.29778,-0.177115859708685
0.29006,-0.185346507118305
0.28206,-0.192954085529382
0.27379,-0.199936177042979
0.26527,-0.206294201482506
0.25653,-0.212025599827626
0.24759,-0.217132404029732
0.23847,-0.221620607191205
0.2292,-0.22549213795831
0.21978,-0.228768061395517
0.21025,-0.231454992950184
0.20062,-0.233570150177044
0.19091,-0.23513165717943
0.18114,-0.236158083706136
0.17133,-0.236668035065335
0.16149,-0.23668719257993
0.15163,-0.236246389676615
0.14177,-0.235372510724138
0.13193,-0.234088623251181
0.12212,-0.232421548485229
0.11234,-0.230407846567286
0.10261,-0.228076184449479
0.092931,-0.225462149965763
0.083323,-0.22259188107153
0.07379,-0.219494978582089
0.064339,-0.216200749840905
0.054979,-0.212735913752163
0.045716,-0.209126498740419
0.036555,-0.205397896294334
0.027508,-0.201568990611267
0.018576,-0.197660895861985
0.0097684,-0.193689583794323
0.0010904,-0.189669388375034
-0.0074507,-0.185611207683448
-0.015849,-0.181523730585113
-0.024099,-0.177413743513625
-0.032192,-0.173283767252421
-0.040124,-0.169136109701785
-0.047887,-0.164969710094187
-0.055474,-0.160781389165805
-0.06288,-0.156567660307685
-0.070097,-0.152322510916408
-0.07712,-0.14804012928358
-0.08394,-0.143711932092678
-0.09055,-0.13932869025054
-0.096945,-0.134882271757193
-0.10312,-0.130365553998304
-0.10906,-0.125764943440782
-0.11477,-0.12107671316662
-0.12023,-0.11628664588148
-0.12544,-0.111387191057256
-0.1304,-0.106376339364092
-0.1351,-0.101249192280608
-0.13954,-0.0960060411704359
-0.14371,-0.0906439563917027
-0.14761,-0.0851648874397849
-0.15123,-0.0795672743809477
-0.15459,-0.0738689674150587
-0.15767,-0.0680734297657333
-0.16048,-0.0621946381159817
-0.16303,-0.0562546841088295
-0.16531,-0.050266838823492
-0.16735,-0.0442664974459365
-0.16913,-0.0382689726384524
-0.17068,-0.0323099425176318
-0.172,-0.0264183382550966
-0.17311,-0.020631637425936
-0.17402,-0.0149857604625973
-0.17475,-0.00952174303242821
-0.1753,-0.00426876960887447
-0.17571,0.000724839881897621
-0.17598,0.00542633564944653
-0.17613,0.00980175077596979
-0.17619,0.0138098226828246
-0.17617,0.0174194811884267
-0.17609,0.0206015097303161
-0.17597,0.0233291913663283
-0.17584,0.0255713759766588
-0.1757,0.0273165993755505
-0.17559,0.0285402509852564
-0.17552,0.0292302260682131
-0.1755,0.0293850878551882
-0.17557,0.0289901249801898
-0.17572,0.028057555856913
-0.17599,0.0265842676431042
-0.17639,0.0245773078431749
-0.17693,0.0220519584094171
-0.17763,0.0190225652293808
-0.17849,0.0155173412165308
-0.17954,0.0115529359980375
-0.18078,0.00715858784625909
-0.18221,0.0023730512534034
-0.18385,-0.00277293660996123
-0.18571,-0.00824842769200283
-0.18777,-0.0140008755994229
-0.19006,-0.0199986461786993
-0.19257,-0.0261982090212044
-0.19529,-0.0325476197532023
-0.19823,-0.0390043558696315
-0.20138,-0.0455198978676962
-0.20473,-0.0520422799582699
-0.20829,-0.0585330534830532
-0.21203,-0.0649362636584279
-0.21594,-0.0711982942054836
-0.22002,-0.0772764247196455
-0.22425,-0.0831232915077851
-0.2286,-0.0886818990439054
-0.23307,-0.0939114455329999
-0.23762,-0.0987559681284864
-0.24225,-0.103178652693435
-0.24691,-0.107122440223528
-0.25158,-0.110537979788375
-0.25624,-0.113383779700568
-0.26086,-0.11561875419782
-0.26539,-0.117188817910611
-0.26982,-0.1180607964804
-0.2741,-0.118190060472174
-0.2782,-0.117539121339207
-0.28208,-0.116070245785293
-0.28571,-0.113754309154723
-0.28904,-0.110555522058205
-0.29205,-0.106456273381838
-0.29468,-0.101424908681402
-0.29691,-0.0954492873903805
-0.2987,-0.0885189420881264
-0.30001,-0.0806254451784262
-0.3008,-0.0717626326697328
-0.30103,-0.0619267071942962
-0.30068,-0.0511310369911054
-0.29971,-0.039388043131996
-0.29808,-0.026709394710524
-0.29577,-0.0131209460184367
-0.29275,0.00134780246922213
-0.28898,0.0166723210828652
-0.28445,0.0328103202712409
-0.27913,0.0497208997042295
-0.27299,0.0673651878436651
-0.26603,0.085684657769549
-0.25823,0.104621168903451
-0.24957,0.124118355213281
-0.24005,0.14410795427893
-0.22967,0.164513926399352
-0.21841,0.185270808176749
-0.20628,0.206301302860555
-0.1933,0.227513358135495
-0.17945,0.24883520955684
-0.16477,0.270169190340812
-0.14926,0.29142917806167
-0.13294,0.312526141215663
-0.11584,0.333364011868214
-0.097985,0.353847671875555
-0.079402,0.373884228915195
-0.060127,0.393378853863537
-0.040197,0.412237430930349
-0.019655,0.430365011632864
0.0014543,0.447667803901611
0.023081,0.464052187843334
0.045176,0.47942838569642
0.067684,0.493708171460757
0.090549,0.506807078186587
0.11371,0.518642920827474
0.13711,0.52914122239832
0.16068,0.538227570038813
0.18436,0.545836995418195
0.20809,0.55191464374711
0.2318,0.556408662766181
0.25543,0.559279183531685
0.2789,0.560483050877267
0.30216,0.559998568762425
0.32514,0.557807896035205
0.34777,0.553897531805027
0.36999,0.548265957624491
0.39173,0.540914663253356
0.41294,0.531862990405965
0.43356,0.521137410890733
0.45353,0.508770055223139
0.47279,0.494797325802609
0.49128,0.479258611109249
0.50896,0.462209909249773
0.52578,0.443712140520007
0.54168,0.423821542806463
0.55663,0.402611569130944
0.57059,0.38016044996629
0.58351,0.356540986998982
0.59536,0.3318345853417
0.60611,0.306127485997931
0.61573,0.279507548188779
0.62419,0.252061552462458
0.63146,0.223872991599257
0.63753,0.19503510944002
0.64237,0.165631522748158
0.64597,0.135750385103496
0.64832,0.105480844381866
0.6494,0.0749027240365024
0.6492,0.0440931931397792
0.64771,0.0131247737362863
0.64494,-0.0179213806843127
0.64089,-0.0489672137960599
0.63554,-0.0799545603105977
0.62891,-0.110813822223126
0.621,-0.141483409498402
0.61182,-0.171903019189207
0.60138,-0.202015593323538
0.5897,-0.231761420787019
0.5768,-0.261080848237642
0.56269,-0.28992386089835
0.5474,-0.318235371886196
0.53096,-0.34595828636081
0.51338,-0.373050810808593
0.49471,-0.399455633418252
0.47497,-0.42512725162583
0.45419,-0.450024101779847
0.43242,-0.474094717678514
0.4097,-0.497289004052827
0.38607,-0.519559880543614
0.36156,-0.540871926683372
0.33623,-0.561178463109347
0.31012,-0.58044034040425
0.28328,-0.598618688058768
0.25577,-0.615669056574238
0.22763,-0.631559017647436
0.19892,-0.646252449496432
0.16969,-0.659719149265699
0.14001,-0.671920225031227
0.10992,-0.682833516040673
0.079496,-0.692424825105436
0.04879,-0.700669409386998
0.017864,-0.70754389564571
-0.013218,-0.713025637729433
-0.044394,-0.717095123403725
-0.075599,-0.71973412099866
-0.10677,-0.720927836507735
-0.13784,-0.720662110436506
-0.16874,-0.71892260448077
-0.19941,-0.715702269362648
-0.22978,-0.710993108462532
-0.25979,-0.704794340889547
-0.28937,-0.69710398398572
-0.31845,-0.687919475927661
-0.34698,-0.677252964231556
-0.37488,-0.665106251159475
-0.40209,-0.651487824715071
-0.42854,-0.636404196839572
-0.45418,-0.61987514447155
-0.47894,-0.601916048499624
-0.50277,-0.5825533372674
-0.52559,-0.561799639640161
-0.54736,-0.539685861070964
-0.56802,-0.51624216506797
-0.58751,-0.491497437014653
-0.60578,-0.465486249560042
-0.62279,-0.438254306247403
-0.63847,-0.40983293273252
-0.6528,-0.380278026999439
-0.66572,-0.349634226264934
-0.67721,-0.317965463046294
-0.68721,-0.285319890294214
-0.69571,-0.251768553125023
-0.70266,-0.217369366821285
-0.70805,-0.182197562646122
-0.71185,-0.146325366882528
-0.71404,-0.109827857562422
-0.7146,-0.072780174086078
-0.71354,-0.0352774233967881
-0.71083,0.00260159508602848
-0.70647,0.040771473787543
-0.70047,0.0791367326897808
-0.69283,0.117604106192733
-0.68355,0.156085030077086
-0.67265,0.19448277341541
-0.66015,0.232697100941957
-0.64606,0.27063554713488
-0.63042,0.308192752723743
-0.61325,0.345271153812667
-0.59459,0.381767899578129
-0.57448,0.417579268615449
-0.55296,0.452604276821928
-0.53008,0.486740147697328
-0.50589,0.519886130383508
-0.48046,0.551931753494202
-0.45383,0.582784611736663
-0.42608,0.61234054765856
-0.39727,0.64050432088765
-0.36748,0.667176464734959
-0.33678,0.692265008083071
-0.30526,0.715672552704821
-0.27298,0.737322993301457
-0.24003,0.757138142114936
-0.2065,0.775041138762934
-0.17248,0.790959155899158
-0.13804,0.804840268060128
-0.10328,0.816629529090736
-0.068292,0.826277862659802
-0.033155,0.833752753386077
0.0020376,0.839026156570081
0.037198,0.842079407753281
0.072239,0.842903207144302
0.10707,0.841494372507226
0.14161,0.837862639661856
0.17577,0.832022750140207
0.20947,0.824000471153273
0.24263,0.813830454693349
0.27515,0.801539432960284
0.30697,0.787177192337368
0.338,0.770789112806298
0.36817,0.75243107354473
0.39741,0.732166338727755
0.42564,0.710055400670833
0.4528,0.686169987446202
0.47882,0.660581811210331
0.50364,0.633368231936103
0.52719,0.604601819058802
0.54943,0.57437158637984
0.57029,0.542755249003185
0.58974,0.509848872575334
0.60773,0.47574586455593
0.62421,0.440534849890827
0.63914,0.404305414449679
0.65251,0.367167452552197
0.66427,0.329214422793596
0.6744,0.290545878523828
0.68289,0.251270624687237
0.68971,0.211486796642361
0.69486,0.171303014716185
0.69833,0.130825536790951
0.70012,0.0901627211720836
0.70023,0.0494211326096036
0.69867,0.00870980972382777
0.69545,-0.0318637900176799
0.69058,-0.0721970511615333
0.68409,-0.112179942821983
0.676,-0.151707544116748
0.66634,-0.190675239408627
0.65514,-0.228982261218249
0.64244,-0.266527071847839
0.62828,-0.303211075447934
0.6127,-0.338941550439383
0.59575,-0.373626481469697
0.57748,-0.407177782821013
0.55794,-0.439513802465324
0.5372,-0.470546386332003
0.51531,-0.500200203868217
0.49233,-0.528405806687349
0.46832,-0.555101282797316
0.44336,-0.580218593872413
0.4175,-0.603709688494498
0.39082,-0.625522644592227
0.3634,-0.64560471214787
0.33529,-0.663926950774952
0.30657,-0.680459082729884
0.27732,-0.695171424332296
0.24761,-0.708043784832368
0.21752,-0.719057569434337
0.18711,-0.728211531780906
0.15647,-0.73549700782555
0.12566,-0.740922484174609
0.094772,-0.744487056072794
0.063863,-0.746208790097013
0.033014,-0.746103413299913
0.0022969,-0.744191637218357
-0.028217,-0.740498594709518
-0.058459,-0.735054706129314
-0.088358,-0.727892496708463
-0.11785,-0.719050956465898
-0.14686,-0.708565452070874
-0.17534,-0.696487748414515
-0.20321,-0.68285803981783
-0.23041,-0.667721117204721
-0.2569,-0.651139232153615
-0.2826,-0.633157601020935
-0.30747,-0.613836163484412
-0.33145,-0.593230375226666
-0.35449,-0.571397993994162
-0.37654,-0.548397049318189
-0.39757,-0.524298956716634
-0.41752,-0.49916172712177
-0.43636,-0.47305305732526
-0.45405,-0.446039066683596
-0.47056,-0.418190022928283
-0.48586,-0.389577420829765
-0.49992,-0.360271564648768
-0.51272,-0.330347014129067
-0.52423,-0.299872040784807
-0.53444,-0.268922451049899
-0.54335,-0.237585113962113
-0.55092,-0.20592351532693
-0.55717,-0.174024526707814
-0.56209,-0.141968907715455
-0.56568,-0.109837258063628
-0.56794,-0.0777073907779428
-0.56888,-0.0456596586035825
-0.56852,-0.0137811627053234
-0.56686,0.0178532354833642
-0.56393,0.0491589443983909
-0.55975,0.0800537893497377
-0.55434,0.110460357920066
-0.54774,0.14029299391798
-0.53997,0.169477125780536
-0.53107,0.197934989181964
-0.52107,0.225596406961228
-0.51004,0.25237030498427
-0.49799,0.278196260249245
-0.48499,0.30299651528441
-0.47109,0.326696929291621
-0.45633,0.349236371391138
-0.44077,0.370551779803298
-0.42447,0.390580963770032
-0.40749,0.409264832063764
-0.38988,0.426556503736318
-0.37171,0.442406146441688
-0.35303,0.456778410311232
-0.33392,0.469629111209543
-0.31443,0.480931027434642
-0.29462,0.49066465358585
-0.27456,0.498810535968704
-0.25431,0.505357857822151
-0.23394,0.510296313407683
-0.21349,0.513639103967736
-0.19304,0.515389064184107
-0.17264,0.515563363964982
-0.15234,0.514190816823021
-0.13221,0.511294581623807
-0.1123,0.50690790077445
-0.092643,0.501084260236198
-0.073307,0.493866556032818
-0.054332,0.485309056572984
-0.035763,0.475470344019867
-0.017641,0.464414121378148
-3.7662e-06,0.452209109636816
0.017113,0.438927916385194
0.033677,0.424646958036159
0.049659,0.409445993389073
0.065032,0.393406991679269
0.079774,0.376615154561822
0.093864,0.359156644539444
0.10729,0.341122594816988
0.12003,0.322598109079598
0.13208,0.303674209572687
0.14343,0.284439516248098
0.15407,0.264977996434533
0.16401,0.245382020247136
0.17325,0.225740443326284
0.18179,0.20613645402303
0.18963,0.186645943696476
0.19679,0.16735114147355
0.20327,0.148321832365326
0.20909,0.129630104011524
0.21427,0.11134736226424
0.21881,0.0935271386477125
0.22274,0.0762286590555669
0.22608,0.0595061026019109
0.22885,0.0434074750145608
0.23107,0.0279738580283462
0.23276,0.0132389849095878
0.23395,-0.000763507505978847
0.23466,-0.0140090087152964
0.23491,-0.0264814873889166
0.23474,-0.0381580989120256
0.23417,-0.0490265117530709
0.23322,-0.0590837840475454
0.23192,-0.0683278001712685
0.23031,-0.0767503143976731
0.22841,-0.0843536529835426
0.22624,-0.0911490830496844
0.22384,-0.0971404496977224
0.22124,-0.102333329502428
0.21847,-0.10673492874951
0.21556,-0.110353929929404
0.21253,-0.113207699176194
0.20943,-0.115298257904113
0.20627,-0.116645053650009
0.20309,-0.11725912335245
0.19993,-0.117144650429466
0.1968,-0.116322554366062
0.19374,-0.114804678883058
0.19078,-0.112602787210346
0.18794,-0.109735788175973
0.18525,-0.106220568589946
0.18274,-0.102072034166777
0.18042,-0.0973179666093607
0.17832,-0.091981068174847
0.17645,-0.0860941900083115
0.17484,-0.0796827373544164
0.17349,-0.0727876422436674
0.17242,-0.0654464782959994
0.17164,-0.0577004954080207
0.17115,-0.0496001687558398
0.17096,-0.041194619882351
0.17108,-0.0325304932300937
0.17149,-0.0236732740770042
0.1722,-0.0146795855723396
0.17319,-0.0056194399322579
0.17446,0.0034431876775591
0.176,0.0124437040691662
0.17778,0.0213041883548655
0.1798,0.0299604999843425
0.18202,0.0383320303587631
0.18444,0.0463569516437659
0.18702,0.0539610029331345
0.18974,0.0610770612314369
0.19257,0.0676385637873652
0.19548,0.0735816156975033
0.19843,0.0788392425811385
0.20141,0.083366443127757
0.20436,0.0871006645308626
0.20727,0.0900043726598191
0.21008,0.0920247595374323
0.21278,0.0931356327442553
0.21531,0.0932965271663273
0.21765,0.0924866825924816
0.21975,0.0906801351815736
0.22159,0.0878701472986291
0.22312,0.0840440088548786
0.22431,0.0791998440928452
0.22514,0.0733524587072769
0.22556,0.0665080178709425
0.22554,0.0586808050932569
0.22507,0.0499064848199351
0.2241,0.0402078361378774
0.22261,0.0296191972923157
0.22059,0.0181910326851297
0.218,0.00596357880013245
0.21484,-0.00700240664597403
0.21108,-0.0206532124678986
0.20671,-0.0349272768225826
0.20171,-0.0497656267196063
0.19609,-0.0650906857391802
0.18983,-0.0808340949817877
0.18292,-0.0969293651428884
0.17536,-0.113305964166983
0.16716,-0.129884698196955
0.15832,-0.146589042154993
0.14885,-0.163339453361308
0.13874,-0.180071103218758
0.12802,-0.196703456035219
0.11669,-0.213167963443037
0.10477,-0.229393125726567
0.092281,-0.245306614688607
0.079241,-0.260839988420829
0.065672,-0.275927240508561
0.051598,-0.290505072043406
0.037049,-0.30451010185674
0.022053,-0.317882552486459
0.0066403,-0.330565961539459
-0.0091536,-0.342504730876357
-0.025295,-0.353647314248678
-0.041746,-0.363944249985244
-0.058468,-0.373349114172192
-0.075421,-0.381818693614496
-0.092561,-0.389311118093689
-0.10985,-0.395791713368411
-0.12723,-0.401218296572859
-0.14467,-0.405564271727982
-0.16211,-0.408795415565581
-0.17952,-0.410894995075622
-0.19683,-0.41183177299398
-0.21401,-0.41159374983706
-0.231,-0.410163072515655
-0.24776,-0.4075329308504
-0.26423,-0.403691283305193
-0.28036,-0.398630041449837
-0.29612,-0.392359745206507
-0.31145,-0.384883915123261
-0.3263,-0.376208119333578
-0.34062,-0.366339795953765
-0.35438,-0.355302829946118
-0.36753,-0.343119271754121
-0.38002,-0.329809412264258
-0.39182,-0.315406642864503
-0.40287,-0.299932080995979
-0.41316,-0.283433573225608
-0.42265,-0.265957244564832
-0.43129,-0.247539372998339
-0.43906,-0.228229629159485
-0.44594,-0.208087239082421
-0.4519,-0.187170221136952
-0.45691,-0.16553409586754
-0.46096,-0.143245658178229
-0.46404,-0.12037895994087
-0.46613,-0.0970044543396476
-0.46722,-0.0731950863211288
-0.4673,-0.0490236952760549
-0.46638,-0.0245756794077026
-0.46446,6.33427402715603e-05
-0.46152,0.0248249200765987
-0.45759,0.0496196153240066
-0.45267,0.0743659974183713
-0.44677,0.0989842465379753
-0.4399,0.123398396426116
-0.43209,0.14752327988013
-0.42334,0.171291251855857
-0.41369,0.194621529831219
-0.40316,0.217440221213326
-0.39176,0.239688909682859
-0.37954,0.261294220618945
-0.36653,0.282188061408258
-0.35276,0.302309010281135
-0.33826,0.321603281166551
-0.32307,0.340017918953671
-0.30724,0.357495293110332
-0.29081,0.37398356557322
-0.27382,0.389437580469215
-0.25631,0.403819412058283
-0.23834,0.417083822314476
-0.21994,0.429203698183972
-0.20117,0.440145699228698
-0.18207,0.449887760965754
-0.16269,0.45841070456321
-0.14309,0.465691382406027
-0.1233,0.471726817548391
-0.10337,0.476516142553813
-0.083361,0.48005262225623
-0.063314,0.482340266124734
-0.043277,0.483386940808593
-0.023298,0.483203870593991
-0.0034237,0.481806076272543
0.0163,0.479212227187554
0.035828,0.475444393543226
0.055117,0.470528463714197
0.074125,0.464493977083374
0.092808,0.457371418206719
0.11113,0.449197370996393
0.12905,0.440008864651002
0.14653,0.429844685506756
0.16354,0.418750050030856
0.18005,0.406774255489654
0.19603,0.393968647625859
0.21145,0.380384891885259
0.22628,0.366073531994426
0.24049,0.351082817447743
0.25408,0.335479973979258
0.267,0.319308659468009
0.27926,0.302636605771843
0.29082,0.285512003570386
0.30167,0.26798799463832
0.3118,0.250120061151404
0.3212,0.231963843585845
0.32985,0.21356595781977
0.33774,0.194971592040523
0.34487,0.17623064671943
0.35122,0.157380361170146
0.3568,0.138468605392326
0.36159,0.119527990806216
0.3656,0.100599768180013
0.36881,0.08170847965058
0.37124,0.0628937322758183
0.37287,0.0441762484723639
0.37372,0.0255901644309113
0.37379,0.0071643421571862
0.37308,-0.0110777548892853
0.37161,-0.0291032294023532
0.36937,-0.046895013314847
0.36638,-0.0644274401216901
0.36265,-0.0816763576913619
0.3582,-0.0986124325547422
0.35304,-0.115210671588424
0.34719,-0.131443186577696
0.34066,-0.147288227609029
0.33348,-0.162715112200104
0.32567,-0.177694490342584
0.31726,-0.192191782949054
0.30826,-0.206184217637036
0.2987,-0.219644674302622
0.28862,-0.232536172089423
0.27804,-0.244829859454817
0.26698,-0.256504515767329
0.25549,-0.267523770315126
0.24358,-0.277869901034831
0.2313,-0.287511423808767
0.21867,-0.296429099940372
0.20573,-0.304599595841311
0.19252,-0.311997210088201
0.17905,-0.318617510717157
0.16537,-0.324444067796247
0.15151,-0.329466319749052
0.1375,-0.333679013776477
0.12338,-0.337074215019825
0.10918,-0.33964971457981
0.094932,-0.341406770296125
0.08067,-0.342348185284812
0.066426,-0.342479662156335
0.052237,-0.341805624543816
0.038133,-0.340334739212938
0.024151,-0.338073884374134
0.010323,-0.33503219189891
-0.0033171,-0.331219125181291
-0.016734,-0.326643274196852
-0.029895,-0.321314347583696
-0.042765,-0.315241035006695
-0.05531,-0.308431883994939
-0.067496,-0.300895182099694
-0.079288,-0.292638116005779
-0.090655,-0.283669808681958
-0.10156,-0.273996310888168
-0.11197,-0.263624029574756
-0.12186,-0.252565432427362
-0.13119,-0.240826473046357
-0.13993,-0.228415105136637
-0.14804,-0.215333289426279
-0.1555,-0.201592889381242
-0.16228,-0.187206038144187
-0.16835,-0.17218476315988
-0.17368,-0.156540677250638
-0.17825,-0.140292129513292
-0.18202,-0.123447599584948
-0.18499,-0.106036938821797
-0.18713,-0.088084222969805
-0.18843,-0.069622997928741
-0.18887,-0.0506861183769711
-0.18844,-0.0313123543952838
-0.18713,-0.011544149725302
-0.18493,0.00857429722191458
-0.18186,0.0289764535074637
-0.1779,0.0496092310362749
-0.17306,0.0704097334472528
-0.16736,0.0913015932061622
-0.16081,0.112207179725522
-0.15341,0.133057507357661
-0.1452,0.153763059440431
-0.13619,0.174242608452244
-0.12642,0.194401885654078
-0.11591,0.21415374770826
-0.1047,0.233404700068828
-0.092831,0.252058291837879
-0.080335,0.270025359899387
-0.06726,0.287213647960205
-0.053656,0.303529909808699
-0.039571,0.318884617680273
-0.025057,0.33319125540334
-0.010172,0.346364221374058
0.0050254,0.358321132620448
0.020477,0.368985359918182
0.036121,0.378284984455653
0.051892,0.386151850883176
0.067727,0.392525154753493
0.08356,0.397350157366028
0.099323,0.400577735814303
0.11495,0.402166830813282
0.13037,0.402081026813714
0.14553,0.400302677470842
0.16034,0.396803111547697
0.17476,0.391583227288925
0.1887,0.384631459002964
0.20211,0.375956757298655
0.21492,0.365570224970594
0.22707,0.353492415745822
0.23851,0.339758930475893
0.24917,0.324402308031896
0.259,0.307467040460429
0.26795,0.289006519495439
0.27597,0.269080295779775
0.28302,0.247759050665067
0.28904,0.225106065862515
0.294,0.201199393816604
0.29787,0.176127096475904
0.30062,0.149983096520209
0.30221,0.122856219740075
0.30264,0.0948584074207227
0.30186,0.0660802280485599
0.29988,0.0366368629070844
0.29669,0.00664530147965517
0.29227,-0.0237867444368036
0.28663,-0.0545400241722614
0.27977,-0.0854969141737697
0.2717,-0.116537249850349
0.26243,-0.147542487135719
0.25198,-0.178391673325558
0.24037,-0.208965709807278
0.22762,-0.239150789678241
0.21377,-0.268826286437976
0.19884,-0.297884793975997
0.18288,-0.326210994826882
0.16592,-0.353701849055119
0.14801,-0.380252993563994
0.12921,-0.405755236190288
0.10955,-0.430121457818196
0.089106,-0.453251537906047
0.06792,-0.475063605750257
0.046059,-0.495475127494743
0.023585,-0.514409878300002
0.00056281,-0.53179762012023
-0.02294,-0.547573722685036
-0.046856,-0.561680851605424
-0.071113,-0.574066505818893
-0.095643,-0.584687513028386
-0.12037,-0.59350437762872
-0.14522,-0.600484003113687
-0.17013,-0.605608351928068
-0.19501,-0.608852903320906
-0.21979,-0.610204182387386
-0.24441,-0.609666170134423
-0.26879,-0.607242801456631
-0.29284,-0.602931208962472
-0.31652,-0.596760778182025
-0.33973,-0.588742394518687
-0.36242,-0.578909324960047
-0.38451,-0.567290364114946
-0.40595,-0.553932637873884
-0.42665,-0.538867679184102
-0.44656,-0.522143598873238
-0.46562,-0.503813550028057
-0.48377,-0.483933651505982
-0.50095,-0.462561180611872
-0.51711,-0.439760426079664
-0.53218,-0.41558497959915
-0.54613,-0.390108061491696
-0.55891,-0.363402033071667
-0.57046,-0.335529255928663
-0.58075,-0.306564508736797
-0.58974,-0.276583104627287
-0.59738,-0.245651258400479
-0.60366,-0.213855491561306
-0.60853,-0.181266601168213
-0.61197,-0.147962758421119
-0.61396,-0.114025703642032
-0.61448,-0.0795375579200977
-0.61352,-0.0445856057902529
-0.61106,-0.00925118963875654
-0.60709,0.0263843323054347
-0.6016,0.0622422166424797
-0.59461,0.0982262237542732
-0.5861,0.13425865491283
-0.57609,0.170249778307936
-0.56458,0.206117905204592
-0.55159,0.241775798370144
-0.53713,0.277142073502224
-0.52122,0.312135465370261
-0.50389,0.346670222656383
-0.48515,0.380674715874162
-0.46505,0.414061709771092
-0.44361,0.446756589983663
-0.42087,0.478682815476986
-0.39688,0.509757652190314
-0.37167,0.539911086563136
-0.34531,0.569056371654847
-0.31783,0.597125895086961
-0.28929,0.624047828482921
-0.25976,0.64974221661992
-0.2293,0.674132819673252
-0.19796,0.697156566893737
-0.16584,0.718726466207182
-0.13299,0.738776284502706
-0.099485,0.757240554836662
-0.065414,0.774046589138626
-0.030853,0.789128188143806
0.0041162,0.802422616943528
0.039408,0.813869559561008
0.074936,0.823412429408522
0.11061,0.830997104785908
0.14635,0.836581195329372
0.18206,0.840121823582516
0.21765,0.841582048846218
0.25302,0.840924037802009
0.2881,0.838133152685545
0.3228,0.833199775523112
0.35701,0.826104506965758
0.39066,0.816850826714125
0.42365,0.805439023139325
0.45591,0.791889613199316
0.48734,0.776217280560009
0.51787,0.758454357150321
0.54742,0.738639663533575
0.5759,0.71680930215957
0.60325,0.693018836262437
0.62938,0.667316234299892
0.65424,0.639771980721557
0.67775,0.61045093429512
0.69986,0.579434114220104
0.72049,0.546791400248094
0.7396,0.512611528239619
0.75714,0.476988739819344
0.77305,0.440011825649119
0.7873,0.401784953106247
0.79984,0.362407014449293
0.81063,0.321977245460104
0.81964,0.280599679585996
0.82685,0.238386561080496
0.83224,0.19545343913373
0.83578,0.151907677776421
0.83746,0.107861534610555
0.83728,0.063435128504557
0.83522,0.0187363962207598
0.8313,-0.0261104187172071
0.82551,-0.0709940422990466
0.81787,-0.115795094478783
0.80839,-0.160398939830598
0.79709,-0.204691164819224
0.78399,-0.248561360672645
0.76912,-0.291898704586257
0.75252,-0.334588435064965
0.73421,-0.37653132525531
0.71425,-0.417614625539766
0.69268,-0.457733387053707
0.66955,-0.496785270793361
0.64491,-0.534673713995033
0.61882,-0.571302950605801
0.59134,-0.606581382319627
0.56254,-0.640416795747918
0.53248,-0.672727319103769
0.50123,-0.703435197679952
0.46888,-0.732454272353089
0.43549,-0.759717074873916
0.40116,-0.785144403937019
0.36595,-0.808680270392928
0.32995,-0.83026768115908
0.29324,-0.849858723892412
0.25592,-0.867400246669945
0.21807,-0.882852010453001
0.17978,-0.896178774085829
0.14113,-0.907358558936712
0.10222,-0.916366750861591
0.063133,-0.923190685612799
0.023956,-0.92782552717435
-0.015222,-0.930272188608008
-0.054313,-0.930537684023855
-0.093232,-0.928636688562037
-0.13189,-0.924587373594851
-0.17022,-0.91842714305637
-0.20812,-0.910182613087689
-0.24552,-0.899895191608897
-0.28234,-0.887610190546011
-0.31851,-0.8733826927876
-0.35395,-0.857267178735626
-0.3886,-0.839331311150496
-0.42238,-0.819637060691343
-0.45524,-0.798262562093375
-0.4871,-0.775274874248823
-0.51792,-0.750760025873994
-0.54763,-0.724794909654572
-0.57618,-0.697461789630231
-0.60352,-0.66884500124893
-0.6296,-0.63902818642221
-0.65439,-0.608106824549195
-0.67783,-0.576160996818142
-0.69989,-0.543278155828088
-0.72055,-0.509556448120096
-0.73976,-0.475077495971042
-0.7575,-0.439929216045311
-0.77374,-0.404194419485967
-0.78848,-0.367971312590436
-0.80168,-0.331337820132751
-0.81333,-0.294375091737466
-0.82343,-0.25717153920039
-0.83196,-0.219803698553858
-0.83893,-0.182358070621496
-0.84433,-0.144911465880378
-0.84817,-0.107544982206192
-0.85044,-0.0703255551588808
-0.85116,-0.0333284197095794
-0.85035,0.00336719524525154
-0.848,0.0397038314572036
-0.84415,0.0756068491359415
-0.83881,0.111012647676395
-0.832,0.145861538395393
-0.82375,0.18009190575891
-0.81408,0.213650339941208
-0.80303,0.246477398282508
-0.79062,0.27852586405684
-0.7769,0.309738157975815
-0.76189,0.340072769162662
-0.74563,0.369488154863483
-0.72817,0.397937152952725
-0.70953,0.425392190824066
-0.68978,0.451805915427834
-0.66893,0.47716131534256
-0.64705,0.501422564456672
-0.62417,0.524569834885594
-0.60035,0.546575141596164
-0.57561,0.567434843284012
-0.55002,0.587128623743473
-0.52362,0.605646005264369
-0.49646,0.622977846205812
-0.46858,0.639124227163837
-0.44002,0.65409315101535
-0.41085,0.66787707427801
-0.3811,0.680486128798503
-0.35083,0.691922637859073
-0.32007,0.702205132971897
-0.28888,0.711342886218122
-0.2573,0.7193525740207
-0.22538,0.726249293488165
-0.19316,0.732054127804327
-0.16069,0.736785267355408
-0.12801,0.740465691801825
-0.095163,0.743119594503389
-0.062199,0.744766483535246
-0.029158,0.745429091151017
0.0039164,0.745129580519307
0.036983,0.743890918942299
0.069998,0.741734242850086
0.10292,0.738680457594072
0.13571,0.734751513085705
0.16832,0.729962955349832
0.20072,0.724338041348408
0.23285,0.717883399280164
0.26468,0.71061420224855
0.29618,0.702552040660281
0.32728,0.693693454611985
0.35796,0.684051768208977
0.38817,0.673631200070895
0.41787,0.662435822276432
0.44702,0.650469384366552
0.47556,0.637720387160689
0.50347,0.624194823383638
0.53068,0.609875556198658
0.55717,0.594764146723092
0.58288,0.578847524914974
0.60777,0.562115894624379
0.63179,0.544554895239884
0.6549,0.526154207975765
0.67706,0.506907006196321
0.69823,0.486809439052755
0.71835,0.465845354183017
0.7374,0.444018683753876
0.75532,0.421319869544282
0.77209,0.397758330538472
0.78766,0.373336371625089
0.80199,0.348057926086266
0.81506,0.321942951305459
0.82682,0.295001639754519
0.83725,0.267258256494303
0.84632,0.238740394478907
0.854,0.209477618607105
0.86026,0.179500303399108
0.86509,0.148853450628139
0.86845,0.117570450937269
0.87032,0.08568919096268
0.8707,0.0532648947855338
0.86957,0.0203504307238689
0.86692,-0.0129973341921918
0.86273,-0.0467273428282692
0.85701,-0.0807725485221465
0.84976,-0.11506236503705
0.84097,-0.149532817199927
0.83065,-0.184112401215564
0.81881,-0.218725706932922
0.80547,-0.253289066615607
0.79063,-0.287729481211394
0.77432,-0.321962655260146
0.75657,-0.355897804395697
0.73739,-0.389456516709861
0.71681,-0.422558091186676
0.69488,-0.455107812305363
0.67162,-0.487024862667361
0.64709,-0.518212716067235
0.62131,-0.548594881071718
0.59434,-0.578084051425151
0.56623,-0.606594528399561
0.53702,-0.634052208186043
0.50677,-0.660380170065591
0.47555,-0.685494544131716
0.4434,-0.709330953008749
0.4104,-0.73181356311275
0.3766,-0.752882221046689
0.34208,-0.772469545993856
0.30691,-0.790512241028481
0.27115,-0.806960102371459
0.23488,-0.821760759454291
0.19817,-0.834869616246582
0.1611,-0.846242859615713
0.12375,-0.855839188539251
0.086188,-0.863630004648165
0.048498,-0.869586577323165
0.010755,-0.873688175928408
-0.026961,-0.875918040061229
-0.064572,-0.876265183752314
-0.102,-0.874724194544646
-0.13917,-0.871297118903107
-0.17601,-0.865994760310287
-0.21244,-0.858829331127803
-0.24839,-0.849821768572631
-0.28378,-0.838992572439734
-0.31855,-0.826376579952911
-0.35263,-0.812012275894112
-0.38595,-0.795940436780815
-0.41845,-0.778210325054667
-0.45007,-0.75887701951269
-0.48076,-0.738006464548014
-0.51045,-0.715657019848875
-0.5391,-0.691901710413693
-0.56666,-0.666816144018855
-0.59308,-0.640476053489853
-0.61831,-0.612955253068407
-0.64233,-0.584346176179229
-0.66509,-0.554731525208655
-0.68657,-0.524206000076235
-0.70672,-0.492849066829106
-0.72554,-0.46076252244567
-0.74298,-0.42802618539857
-0.75904,-0.394736667293054
-0.7737,-0.360986369963646
-0.78694,-0.326861423510669
-0.79876,-0.2924549341916
-0.80915,-0.257855259705764
-0.8181,-0.223144045443164
-0.82561,-0.18840217541563
-0.83169,-0.153714563382236
-0.83634,-0.119159100366949
-0.83956,-0.0848053020427166
-0.84138,-0.0507356040711189
-0.84179,-0.0170104094388085
-0.84082,0.0163003568837639
-0.83847,0.0491438471280907
-0.83477,0.0814609125782261
-0.82974,0.11319700837417
-0.8234,0.144303459060355
-0.81577,0.174738325554766
-0.80687,0.204466925490798
-0.79673,0.233454658576339
-0.78539,0.261661201212156
-0.77285,0.289072936056925
-0.75916,0.315661822896246
-0.74435,0.341404372055237
-0.72844,0.366289391223601
-0.71146,0.390309104231494
-0.69346,0.413444482362297
-0.67445,0.435698055105365
-0.65448,0.457060603551018
-0.63357,0.477536367190333
-0.61177,0.497118601187958
-0.58911,0.515807109990736
-0.56562,0.533607387120655
-0.54133,0.550529755435891
-0.5163,0.566566331083041
-0.49054,0.581732061937901
-0.4641,0.596030625973112
-0.43701,0.609471594607024
-0.4093,0.622069293100803
-0.38103,0.633819547476073
-0.35221,0.644740561348315
-0.32289,0.654838701049513
-0.2931,0.66412558740261
-0.26288,0.67260952184065
-0.23228,0.68028864188593
-0.20132,0.687175231329509
-0.17004,0.693277960027412
-0.13849,0.698595049369632
-0.1067,0.703131201745493
-0.074702,0.706894798934895
-0.042548,0.709882232382348
-0.01027,0.712095155160305
0.02209,0.713532054328081
0.054494,0.71419189393316
0.086903,0.714073337269191
0.11928,0.713176346044891
0.15157,0.711488639819065
0.18375,0.70901207586061
0.21577,0.705739912141981
0.24759,0.701666073746382
0.27917,0.696785204790069
0.31047,0.691092696016678
0.34143,0.684569895057695
0.37203,0.677216925260344
0.4022,0.669012092689621
0.43192,0.659953700430014
0.46113,0.650026672105374
0.48978,0.639212984290193
0.51784,0.627507546099899
0.54526,0.6149010937994
0.57199,0.601381311517733
0.59798,0.586933809894933
0.6232,0.571557765567862
0.64759,0.555241204354728
0.67111,0.537978350309712
0.69371,0.519761257237919
0.71537,0.500602712762826
0.73602,0.480494998054685
0.75564,0.459451134490485
0.77417,0.437471017201729
0.79159,0.414573626533651
0.80784,0.390763317788113
0.82291,0.366069588744744
0.83674,0.340504509558195
0.84931,0.314095415449963
0.86059,0.286873863545755
0.87054,0.258866613468074
0.87913,0.230103249246371
0.88635,0.200629626628051
0.89217,0.170488695422311
0.89656,0.139719887137039
0.89952,0.108380871038027
0.90102,0.0765202208416751
0.90104,0.0441851757388187
0.89959,0.0114426901980742
0.89665,-0.0216485042916405
0.89221,-0.0550306483179719
0.88627,-0.0886411230434843
0.87883,-0.122415297333005
0.8699,-0.156281501273669
0.85948,-0.190171974449535
0.84757,-0.224024224370746
0.83419,-0.257767225347592
0.81935,-0.291332726091651
0.80306,-0.324656918163183
0.78534,-0.357674297320076
0.76622,-0.390312778308819
0.74572,-0.422504733404417
0.72386,-0.454188398332341
0.70068,-0.485294083405057
0.67621,-0.515755465008114
0.65048,-0.545511215725459
0.62354,-0.574491412573692
0.59544,-0.602621602049457
0.5662,-0.629848391446136
0.53589,-0.656100381650013
0.50454,-0.681323720745034
0.47223,-0.705443742046782
0.439,-0.728401153081551
0.4049,-0.750143832410826
0.37001,-0.770605254927694
0.33437,-0.789739245895331
0.29806,-0.807488299556146
0.26114,-0.823802716567939
0.22368,-0.838633631824588
0.18575,-0.851934770006798
0.14741,-0.863671186831746
0.10874,-0.873803830651823
0.06981,-0.882299383759453
0.030692,-0.889129156825412
-0.0085408,-0.894268659946705
-0.047815,-0.897697873895488
-0.087055,-0.89939985690455
-0.12619,-0.899364700552721
-0.16514,-0.897582160797475
-0.20384,-0.894053603223441
-0.24222,-0.888786516550763
-0.2802,-0.881786209469177
-0.31772,-0.873071329939732
-0.3547,-0.862656412256434
-0.39109,-0.850574866213084
-0.42681,-0.836852607083313
-0.46181,-0.821531336029495
-0.49603,-0.804657271397182
-0.5294,-0.786271910830413
-0.56188,-0.766434243731979
-0.59341,-0.745201179770094
-0.62394,-0.722633973464316
-0.65343,-0.698803239906265
-0.68184,-0.673785316638316
-0.70913,-0.647659137730198
-0.73525,-0.620496196523571
-0.76018,-0.592382177315602
-0.78389,-0.563404393967729
-0.80636,-0.533656375161342
-0.82755,-0.503219159009381
-0.84745,-0.472183466263572
-0.86604,-0.440637690250963
-0.88331,-0.408673031810477
-0.89925,-0.376380128138531
-0.91385,-0.343846311586543
-0.9271,-0.311153445338844
-0.93901,-0.278391077810093
-0.94956,-0.24562983629758
-0.95876,-0.21294481749725
-0.96662,-0.180412112236339
-0.97313,-0.148091174132425
-0.97831,-0.116048000644431
-0.98215,-0.0843292578129859
-0.98468,-0.0529936939400506
-0.98588,-0.0220705779162383
-0.98578,0.00839907411250366
-0.98439,0.0383813390219614
-0.98171,0.0678569717041922
-0.97776,0.0968049418451018
-0.97255,0.125211378778866
-0.96609,0.153069173022566
-0.9584,0.18037005895883
-0.94949,0.207113024245684
-0.93936,0.233310871673663
-0.92805,0.258958140220698
-0.91557,0.284057450366923
-0.90192,0.308625699623516
-0.88713,0.332669080691992
-0.87123,0.356185371556923
-0.85421,0.379195543293023
-0.83611,0.401702049312919
-0.81694,0.423714826292763
-0.79673,0.445235039921479
-0.77548,0.466279170973194
-0.75324,0.486838840557843
-0.73,0.506930407213682
-0.7058,0.526552926415401
-0.68067,0.545699075060802
-0.65462,0.564371491805969
-0.62768,0.582566100630398
-0.59987,0.600281026439847
-0.57123,0.617501522933838
-0.54177,0.634225130226486
-0.51153,0.650437255265634
-0.48054,0.666121386768812
-0.44883,0.681259975544048
-0.41643,0.695835176024633
-0.38336,0.709836856658415
-0.34968,0.723231881662631
-0.3154,0.736006511948671
-0.28057,0.748133520466413
-0.24523,0.759583028436822
-0.20941,0.770331309792632
-0.17315,0.780352952304502
-0.1365,0.789614594561801
-0.099498,0.798086359800821
-0.062182,0.805742118038761
-0.024602,0.812550741067098
0.013199,0.818483244844621
0.051178,0.823513322478707
0.089287,0.827614018667022
0.12748,0.830760251714366
0.16571,0.832928585739413
0.20393,0.834097751054918
0.2421,0.834254191517027
0.28016,0.833376370480964
0.31807,0.831451910104477
0.35578,0.828468978592656
0.39324,0.824416731338254
0.43041,0.819293032416878
0.46724,0.813095657903902
0.50368,0.805822596368826
0.53969,0.797479669138893
0.57522,0.788071667780242
0.61021,0.777595221981866
0.64463,0.76606282776289
0.67842,0.75347741681268
0.71155,0.739856473957667
0.74395,0.725199308379919
0.77558,0.709512897806611
0.80639,0.692802916728096
0.83634,0.675081326253409
0.86538,0.65635752741932
0.89344,0.636623884898371
0.92049,0.61588885675032
0.94648,0.594158900884885
0.97135,0.57143134015331
0.99505,0.547703625110547
1,0.510004546733662
1,0.458447675790982
1,0.397145646749179
1,0.329681382502609
1,0.259131316968191
1,0.188092475859003
1,0.118712766827643
1,0.052723798475968
1,-0.00852445850669388
1,-0.0640278399669254
1,-0.113091626691561
1,-0.155294247441868
1,-0.190451586371475
1,-0.218582372584611
1,-0.239875063360886
1,-0.254656564432004
1,-0.263363062630084
1,-0.266513179900258
1,-0.264683594440752
1,-0.258487215676443
1,-0.248553945700042
1,-0.2355140113038
1,-0.219983808136151
1,-0.202554162026396
1,-0.183780882137616
1,-0.164177456206386
1,-0.144209719465188
1,-0.124292315584773
0.99553,-0.108093704519039
0.96894,-0.111562595894647
0.94068,-0.131959787591437
0.9108,-0.166635248179346
0.87934,-0.213066107111784
0.84637,-0.268858241797183
0.81193,-0.331792106384597
0.77608,-0.3998213433671
0.73891,-0.471062621728483
0.70046,-0.543844890476241
0.66082,-0.61667181168918
0.62007,-0.688233218543096
0.57828,-0.757411110982905
0.53554,-0.823258646942288
0.49194,-0.884994631778419
0.44756,-0.94200300820404
0.4025,-0.99380659905643
0.35686,-1.04005756105664
0.31072,-1.08054138437072
0.26418,-1.11514719305917
0.21734,-1.14385589631581
0.1703,-1.166728123641
0.12316,-1.18389221347158
0.076014,-1.19553692584417
0.028957,-1.20189848462662
-0.017911,-1.20324556185965
-0.064498,-1.19987553418283
-0.11071,-1.19210289620422
-0.15645,-1.18024830403146
-0.20163,-1.16463802658899
-0.24617,-1.14560220124659
-0.28998,-1.12345961784281
-0.33298,-1.09852015981242
-0.37509,-1.07107924914523
-0.41624,-1.04142081539989
-0.45634,-1.00979750079949
-0.49535,-0.976467022880018
-0.53319,-0.941654559740991
-0.5698,-0.905567450852416
-0.60511,-0.868385132921206
-0.6391,-0.830295985511521
-0.67169,-0.791445330032892
-0.70284,-0.751968494038654
-0.73252,-0.711995450300219
-0.76068,-0.671632465540513
-0.78729,-0.630977471513724
-0.81232,-0.590117856005034
-0.83574,-0.549128953653775
-0.85753,-0.508080543613501
-0.87767,-0.467034851571481
-0.89614,-0.426045159453363
-0.91293,-0.385162340551138
-0.92803,-0.344432828403277
-0.94145,-0.303911929599344
-0.95316,-0.263629987715384
-0.96319,-0.223639753287571
-0.97152,-0.183972665574293
-0.97818,-0.144678172369185
-0.98317,-0.105795822249087
-0.98652,-0.0673774459589883
-0.98823,-0.0294603686346129
-0.98833,0.00790940257347026
-0.98685,0.0446808768236243
-0.98381,0.0808085537685314
-0.97924,0.116245913539709
-0.97319,0.150932780866861
-0.96567,0.184829850057357
-0.95674,0.21787939747455
-0.94643,0.250033250331691
-0.93477,0.281252880836639
-0.92182,0.311487042484144
-0.90761,0.340698435710346
-0.8922,0.36884044894593
-0.87562,0.395883022042929
-0.85792,0.421796074179734
-0.83915,0.446550930902992
-0.81936,0.470121416713338
-0.79859,0.492492050378715
-0.7769,0.513642169135486
-0.75434,0.533555432109149
-0.73094,0.552234742801373
-0.70676,0.569676784591858
-0.68185,0.585881214452723
-0.65625,0.600857961012236
-0.63002,0.614610625413504
-0.6032,0.627152818175779
-0.57584,0.638498846931893
-0.54799,0.648663559424956
-0.51969,0.657669565053251
-0.491,0.665530633826892
-0.46196,0.672268093878509
-0.43261,0.677909029088448
-0.40301,0.68246985917272
-0.3732,0.685972930289943
-0.34322,0.688444912218156
-0.31312,0.689907977654788
-0.28294,0.690387574139593
-0.25273,0.689903784204727
-0.22253,0.688479268879197
-0.19238,0.68613818635317
-0.16232,0.682905266173127
-0.1324,0.678797632907543
-0.10264,0.673847979659806
-0.073098,0.668072536990032
-0.043802,0.66149595958008
-0.014787,0.654143784427818
0.013907,0.646037802102374
0.042247,0.637201283775011
0.070199,0.627657227132387
0.097732,0.617429899836973
0.12481,0.606540124467297
0.1514,0.595007473753376
0.17748,0.582857981490487
0.20301,0.570108737726636
0.22797,0.556783802398877
0.25232,0.542897259161226
0.27603,0.528461996842209
0.29909,0.513504210683381
0.32145,0.498030374035637
0.34309,0.482052894720605
0.36399,0.465588448263567
0.38411,0.448641740349875
0.40345,0.431237107906571
0.42196,0.413376921187573
0.43962,0.395067792081274
0.45642,0.376326793441091
0.47233,0.357164028632373
0.48733,0.337590955057102
0.5014,0.317619660393829
0.51452,0.297262267209986
0.52668,0.276537852616769
0.53786,0.255463058254451
0.54804,0.234051980591838
0.55722,0.212330937858771
0.56537,0.190313076495432
0.5725,0.168030015399528
0.57858,0.145497699959607
0.58361,0.122741054219398
0.58759,0.0997914221868017
0.59051,0.0766769462425946
0.59236,0.0534222808217925
0.59315,0.0300632325948624
0.59287,0.00662868288337213
0.59152,-0.0168516241731502
0.58911,-0.0403408388026701
0.58564,-0.0638049542484596
0.58112,-0.0872059677638453
0.57556,-0.110503878400362
0.56896,-0.133665755664869
0.56133,-0.156658090026773
0.55271,-0.179425857502696
0.54309,-0.201935371389305
0.53249,-0.224149116918487
0.52095,-0.24601298111087
0.50847,-0.267490766040482
0.49509,-0.288532387564294
0.48083,-0.309092994297994
0.46572,-0.329126060292711
0.44979,-0.348585272099813
0.43307,-0.367426054939572
0.41559,-0.385606770372804
0.3974,-0.403074821961886
0.37853,-0.419785328036818
0.35901,-0.435701190984708
0.3389,-0.450770777450732
0.31822,-0.464962080661496
0.29703,-0.478230584860846
0.27537,-0.490538070615162
0.25328,-0.501852815609405
0.23082,-0.512134802458341
0.20803,-0.521353592355477
0.18495,-0.529487692398027
0.16165,-0.536501628229166
0.13817,-0.542372191346977
0.11456,-0.547079685904561
0.090874,-0.550605221275357
0.067167,-0.552930716682568
0.04349,-0.554042569653119
0.019897,-0.553929308979843
-0.00356,-0.552583334711682
-0.026828,-0.549999988178925
-0.049852,-0.54617597170728
-0.072583,-0.541113939799436
-0.094968,-0.534818633065048
-0.11696,-0.527301087132752
-0.13849,-0.518561129811179
-0.15954,-0.50862753315055
-0.18004,-0.497513431436831
-0.19994,-0.485234020774941
-0.21921,-0.471820737333003
-0.2378,-0.457302665389677
-0.25566,-0.441706379889764
-0.27275,-0.425063244679779
-0.28903,-0.407407747201021
-0.30446,-0.388776050893819
-0.31901,-0.369212155277915
-0.33264,-0.348757840205693
-0.34531,-0.327451983627344
-0.35699,-0.305337448842997
-0.36765,-0.282459109986592
-0.37727,-0.258869583307119
-0.38581,-0.23461143331979
-0.39326,-0.209740043436307
-0.3996,-0.184312110161856
-0.4048,-0.15837631412098
-0.40885,-0.131988164480177
-0.41174,-0.105206970904929
-0.41346,-0.0780932875349279
-0.414,-0.0507067970590166
-0.41336,-0.023111999177182
-0.41154,0.00462474687271156
-0.40854,0.0324376755165789
-0.40436,0.0602636025705107
-0.39901,0.0880360895894628
-0.39251,0.115680842914299
-0.38486,0.143134413871779
-0.37609,0.170322032851795
-0.36621,0.197177038216947
-0.35524,0.223634156759119
-0.34322,0.249616676219833
-0.33016,0.275063394812384
-0.31609,0.299912981080567
-0.30105,0.324098786819659
-0.28508,0.347552202444371
-0.26821,0.370212815011714
-0.25047,0.392029004092604
-0.23191,0.412943416423543
-0.21257,0.432903596153222
-0.19249,0.451863029331308
-0.17172,0.469774439349603
-0.1503,0.486599192983542
-0.12828,0.502299862094732
-0.10571,0.516841587126913
-0.082637,0.530195316958668
-0.059115,0.542332862793225
-0.035193,0.553231750962144
-0.010925,0.562871574451095
0.013635,0.571234679795838
0.038431,0.578305149760113
0.06341,0.584071616043614
0.088512,0.588521991453158
0.11368,0.591646615806588
0.13886,0.59344070593619
0.16399,0.593898047819149
0.18902,0.593020719693796
0.21387,0.590795625260935
0.23851,0.587235116574353
0.26286,0.582335097864148
0.28687,0.576100831955761
0.31047,0.56853048660169
0.33362,0.559639020052708
0.35626,0.549440002421052
0.37833,0.537945774316562
0.39977,0.525167575768936
0.42054,0.511130447518907
0.44057,0.495847884941195
0.45982,0.479346060735436
0.47823,0.461646014265687
0.49576,0.44277899437823
0.51237,0.42278374841598
0.528,0.401689330423913
0.54262,0.379538444916945
0.55618,0.356368900783258
0.56864,0.332220953261614
0.57997,0.307143128857174
0.59015,0.281196687834568
0.59912,0.25442188580068
0.60687,0.226877850645281
0.61338,0.198629829938191
0.61861,0.169731338734389
0.62254,0.140239618899294
0.62517,0.110227972133563
0.62647,0.0797582858617552
0.62643,0.0488961339259116
0.62504,0.0177080246610554
0.62229,-0.0137408662976909
0.61818,-0.0453811188665684
0.6127,-0.0771495000475638
0.60585,-0.108982445125408
0.59763,-0.140818232908282
0.58806,-0.172583914317079
0.57713,-0.20422206212621
0.56486,-0.235667573001571
0.55125,-0.266866169989609
0.53633,-0.297752064902567
0.52011,-0.328267241592186
0.50261,-0.358354616318888
0.48385,-0.387959910941549
0.46386,-0.41702569972722
0.44267,-0.445494090605906
0.42031,-0.47330889965917
0.39681,-0.500417365195614
0.37221,-0.526764049710309
0.34655,-0.552293390826082
0.31987,-0.576951760042851
0.29222,-0.600681677382203
0.26363,-0.623439439337961
0.23416,-0.645171994726715
0.20386,-0.665828131225745
0.17278,-0.685360040784317
0.14098,-0.703717097870222
0.10852,-0.720848310116023
0.075447,-0.736713915995505
0.041832,-0.751267078664904
0.0077375,-0.764463346804418
-0.026774,-0.776261922770295
-0.061635,-0.786622890163495
-0.096778,-0.795508649616458
-0.13213,-0.80288094060008
-0.16763,-0.808711394718796
-0.2032,-0.812968331340038
-0.23878,-0.815632079408386
-0.27428,-0.816671501465326
-0.30963,-0.816062331977042
-0.34477,-0.813794369427796
-0.37963,-0.809862115348636
-0.41411,-0.804242297395995
-0.44817,-0.796942749390164
-0.48172,-0.787959631574269
-0.51469,-0.777295008517475
-0.547,-0.764948640771224
-0.5786,-0.750940992441576
-0.60941,-0.735286844709791
-0.63935,-0.717996335189898
-0.66837,-0.699098066197581
-0.6964,-0.678620249348061
-0.72337,-0.656590283905031
-0.74921,-0.633034396992071
-0.77388,-0.607999540232704
-0.79731,-0.581526101696021
-0.81943,-0.553648234474944
-0.84021,-0.524423824321041
-0.85958,-0.493898833688654
-0.8775,-0.462130611985483
-0.89391,-0.429169365586582
-0.90878,-0.395080354637126
-0.92206,-0.359924379830651
-0.93372,-0.323771722889909
-0.94372,-0.286690911221965
-0.95203,-0.24875446439516
-0.95863,-0.210043385805172
-0.96349,-0.170635738458682
-0.96659,-0.13061226698361
-0.96791,-0.0900534227943127
-0.96745,-0.049051732779142
-0.96518,-0.00768444190756286
-0.96113,0.0339416102196355
-0.95527,0.0757433692505087
-0.94762,0.117622651796145
-0.93817,0.159494384869119
-0.92696,0.201249884397416
-0.91399,0.242794460332397
-0.89927,0.28404041537897
-0.88285,0.324879071838008
-0.86474,0.3652179554884
-0.84498,0.404958598969403
-0.8236,0.444008423788795
-0.80065,0.482267996074693
-0.77617,0.519643140040977
-0.75021,0.556039791403058
-0.72281,0.59137466162051
-0.69404,0.625553987245744
-0.66395,0.658493663215177
-0.6326,0.690113040967365
-0.60006,0.720329853291576
-0.56639,0.749070961706187
-0.53166,0.776265995336981
-0.49594,0.801849551782514
-0.45931,0.825755441483774
-0.42184,0.847926854079972
-0.38361,0.868309510540045
-0.34469,0.886860863730833
-0.30518,0.903527611051598
-0.26514,0.918279601445261
-0.22466,0.931084776688679
-0.18381,0.94192599000224
-0.14269,0.950777165572404
-0.10138,0.957621260682583
-0.059946,0.962460039683143
-0.01848,0.965291858868121
0.022941,0.966124136920088
0.064235,0.964968334919313
0.10533,0.961846861027716
0.14613,0.95677316068718
0.18658,0.949783928627504
0.2266,0.94091561410226
0.26611,0.930203937574867
0.30504,0.917690857539957
0.34332,0.903422577562193
0.38087,0.887440384396028
0.41764,0.869802924742155
0.45356,0.850566687374487
0.48856,0.829785073590104
0.52259,0.807522465327975
0.55557,0.783828251414838
0.58747,0.758775403834784
0.61821,0.732416956550296
0.64776,0.704825365170637
0.67607,0.676071914553465
0.70308,0.64621751390094
0.72876,0.615335082973777
0.75306,0.583490268045524
0.77596,0.550763038760671
0.79742,0.517227713369638
0.81741,0.482959162564189
0.8359,0.448030360720208
0.85288,0.41252522462596
0.86832,0.376519068691972
0.88222,0.340100028421399
0.89455,0.303341589618042
0.9053,0.266317775553976
0.91448,0.229115345188009
0.92208,0.191813698647469
0.92809,0.15448364071363
0.93253,0.117208767191233
0.93539,0.0800579797495895
0.93669,0.0431080744130392
0.93643,0.00642474475204213
0.93464,-0.0299154704978508
0.93132,-0.0658521652163054
0.92648,-0.101332820616725
0.92016,-0.136291174654186
0.91237,-0.170674512008747
0.90314,-0.204428325173972
0.89249,-0.23750618924797
0.88044,-0.269870112668693
0.86703,-0.301475804874216
0.85228,-0.332290535025858
0.83622,-0.362285025683859
0.81889,-0.391426817396088
0.80033,-0.419682374491818
0.78056,-0.447033582135761
0.75962,-0.473461048354726
0.73755,-0.498945453032147
0.71439,-0.523468604537173
0.69019,-0.547006839310246
0.66497,-0.569555405907129
0.63878,-0.591103237986682
0.61168,-0.611627553437202
0.58369,-0.631126752118796
0.55488,-0.649579800668573
0.52528,-0.666980545393142
0.49495,-0.683313186569652
0.46394,-0.698562328779904
0.4323,-0.712713652566743
0.40007,-0.72576181422791
0.36732,-0.737686985201897
0.33409,-0.748480676998313
0.30045,-0.758121869769548
0.26645,-0.766595066074006
0.23214,-0.773889896878465
0.19758,-0.77999327456948
0.16282,-0.784897923569387
0.12794,-0.788579508603844
0.092978,-0.79103188087354
0.058,-0.792243239180177
0.023067,-0.79220146918482
-0.011764,-0.79089770323045
-0.046432,-0.788323183513505
-0.080878,-0.78447116302098
-0.11504,-0.779334680090143
-0.14886,-0.772909940222404
-0.18228,-0.76519599474242
-0.21524,-0.756192922434536
-0.24767,-0.745894408831155
-0.27952,-0.73430410581102
-0.31072,-0.72141896664504
-0.34123,-0.707252962991318
-0.37098,-0.691811376871011
-0.39991,-0.675099877388511
-0.42796,-0.657124409323568
-0.45509,-0.63790588026269
-0.48124,-0.617462022480418
-0.50634,-0.595800236193183
-0.53035,-0.572941647645845
-0.55323,-0.548917947996739
-0.5749,-0.523738979090853
-0.59535,-0.497448507304707
-0.6145,-0.470064738313146
-0.63232,-0.441621770178678
-0.64876,-0.41215079304372
-0.66379,-0.381694586453874
-0.67737,-0.350296698809165
-0.68946,-0.318000082916527
-0.70003,-0.284853380769594
-0.70905,-0.250908422958421
-0.7165,-0.216225506477465
-0.72235,-0.18086261389331
-0.7266,-0.144896343723144
-0.72921,-0.108386498081162
-0.73018,-0.0714071091776531
-0.72951,-0.0340414612333483
-0.72719,0.00362957836648357
-0.72322,0.0415221459095161
-0.71761,0.0795451336471567
-0.71036,0.117611779220038
-0.70149,0.15562674230327
-0.69102,0.193490736622936
-0.67896,0.231111794556433
-0.66534,0.26839200938139
-0.65018,0.305239228630797
-0.63353,0.34154677457576
-0.61542,0.377214481694171
-0.59588,0.412150723339461
-0.57496,0.446259071540525
-0.55271,0.479442486178371
-0.52917,0.511614124123375
-0.5044,0.542683625059224
-0.47847,0.572553561249387
-0.45142,0.601146354571793
-0.42332,0.628381103606169
-0.39424,0.65417719616779
-0.36425,0.678457213412241
-0.33341,0.701156591058538
-0.30181,0.722201495337166
-0.26951,0.741535605601783
-0.23661,0.759089468861039
-0.20317,0.774815303163159
-0.16928,0.78866270839908
-0.13503,0.800581338043722
-0.10049,0.810537823813155
-0.065763,0.818489765062331
-0.030926,0.824408614953315
0.0039294,0.828267716093225
0.038718,0.830048121341715
0.073352,0.829736402732615
0.10775,0.827329373259565
0.14181,0.822817626072626
0.17546,0.816209815466162
0.20861,0.807516224772659
0.24119,0.796763554683003
0.27311,0.783976793183042
0.30428,0.769179391189134
0.33464,0.752415579384811
0.36411,0.733730797307163
0.39262,0.713178032128292
0.42009,0.690807882322594
0.44645,0.666675344875377
0.47165,0.640852514771502
0.49562,0.613408748793958
0.5183,0.584416882365699
0.53963,0.553950691706003
0.55956,0.522090164687938
0.57804,0.488918140099085
0.59502,0.454517473573429
0.61046,0.418976095732477
0.62433,0.38239090980564
0.63658,0.344848465521416
0.6472,0.306453975985692
0.65614,0.267295004872389
0.66341,0.227486572351031
0.66896,0.187118000553442
0.67281,0.146306843504379
0.67493,0.105152825239135
0.67533,0.0637677035529673
0.674,0.0222546041671215
0.67097,-0.0192640686066127
0.66622,-0.0606912368944694
0.65979,-0.101909127473669
0.6517,-0.142801916731652
0.64196,-0.183266560304648
0.63061,-0.223191647829679
0.61767,-0.262477587403857
0.6032,-0.301008212467689
0.58722,-0.338687515384533
0.56978,-0.375416983238169
0.55093,-0.411099608515857
0.53071,-0.4456504894415
0.50919,-0.478975488570079
0.48642,-0.510991255173526
0.46246,-0.541618898316973
0.43737,-0.570786175946922
0.41122,-0.598421689045874
0.38407,-0.624464966467317
0.356,-0.648852112813866
0.32707,-0.671533901469287
0.29737,-0.692452980742931
0.26695,-0.711577469270105
0.2359,-0.728868188627184
0.2043,-0.744289398729344
0.17222,-0.75781732577087
0.13974,-0.769431909874399
0.10694,-0.779117424584699
0.073892,-0.786868745807319
0.040679,-0.792682043175684
0.007376,-0.79656125774444
-0.025938,-0.798514204272804
-0.059188,-0.798555204883989
-0.092297,-0.796702561647783
-0.12519,-0.792979329832846
-0.1578,-0.787418210337187
-0.19004,-0.780044487183068
-0.22186,-0.770904575506792
-0.25318,-0.760038885039836
-0.28393,-0.747489639944153
-0.31405,-0.733307077655187
-0.34348,-0.717546797000563
-0.37216,-0.700267437368713
-0.40003,-0.681528679512443
-0.42703,-0.661389554893807
-0.45312,-0.639921843537728
-0.47824,-0.617190915026836
-0.50234,-0.593262592516624
-0.52538,-0.568208622841939
-0.54733,-0.542110895118498
-0.56813,-0.515034955010555
-0.58777,-0.487068203311372
-0.6062,-0.458283513535575
-0.62339,-0.428754621932949
-0.63933,-0.398568466314048
-0.65399,-0.367805179408497
-0.66735,-0.336544294323188
-0.67939,-0.304862325467955
-0.69011,-0.272845659886176
-0.69949,-0.240571083190009
-0.70752,-0.208112491288105
-0.71421,-0.175553742255516
-0.71956,-0.142976554535548
-0.72355,-0.110443390465078
-0.72621,-0.0780359030623536
-0.72754,-0.0458262474742532
-0.72755,-0.0138837809770438
-0.72625,0.01772688110015
-0.72366,0.0489399240002973
-0.71979,0.0796983749171711
-0.71467,0.109939783330873
-0.70833,0.139599611380811
-0.70077,0.168636207689075
-0.69204,0.196991182427372
-0.68216,0.224617066173892
-0.67116,0.251469723892247
-0.65908,0.277502152284349
-0.64594,0.302681732902959
-0.63179,0.326966776572681
-0.61666,0.350324820054145
-0.60058,0.372732327184548
-0.58361,0.394152016901359
-0.56578,0.414559297640967
-0.54713,0.433933642436843
-0.52771,0.452251520979956
-0.50756,0.46949555013997
-0.48673,0.485646896512035
-0.46525,0.500701361708712
-0.44317,0.514652367438219
-0.42054,0.527492072602699
-0.3974,0.539219671477875
-0.3738,0.549833083571322
-0.34977,0.559344455403663
-0.32536,0.56776268040559
-0.3006,0.5751089542785
-0.27555,0.581391980967571
-0.25024,0.586632654125248
-0.2247,0.590861416730882
-0.19898,0.594101071332403
-0.17311,0.596382670961493
-0.14713,0.597735889564604
-0.12107,0.598196058724367
-0.094961,0.59780152564842
-0.068837,0.596589936272237
-0.042728,0.594600400601629
-0.016665,0.591871468322681
0.0093251,0.588443252502421
0.035214,0.584355003361018
0.060977,0.579646845310039
0.086585,0.574355210091398
0.11202,0.56852069028766
0.13725,0.562175674283964
0.16225,0.555350100688252
0.18701,0.548082056958328
0.21151,0.540407612806924
0.23571,0.532345267265801
0.25961,0.52392822320183
0.28318,0.515178239972003
0.30641,0.506121833937293
0.32927,0.496773618680719
0.35174,0.487145367485686
0.37381,0.477253387927346
0.39546,0.46710956520498
0.41668,0.456729057678825
0.43744,0.446114229751843
0.45772,0.435264221606957
0.47751,0.424182750260182
0.4968,0.412876901812351
0.51557,0.401348692568971
0.53379,0.38958840465264
0.55146,0.377599107827023
0.56856,0.365379130585854
0.58508,0.352930262556332
0.60099,0.340242095153506
0.61629,0.327316705148319
0.63095,0.314143861866554
0.64498,0.300733152208962
0.65834,0.287072807041205
0.67103,0.273163640745223
0.68303,0.259001707929635
0.69434,0.244594049285458
0.70494,0.229941522978923
0.71481,0.215039922471966
0.72394,0.199888400928951
0.73233,0.184496182590709
0.73996,0.168865534719455
0.74682,0.153000412225672
0.75291,0.136913380064651
0.75821,0.120608785761743
0.76272,0.104098991165741
0.76642,0.0873876581123162
0.76932,0.0704934817728159
0.7714,0.0534245528327772
0.77266,0.0361949453678941
0.77309,0.0188157342003985
0.7727,0.00131002059893196
0.77148,-0.0163048543683414
0.76943,-0.0340093148494074
0.76655,-0.0517825725342374
0.76285,-0.0695960910762548
0.75833,-0.0874233166408074
0.75299,-0.105240084721135
0.74684,-0.123017505827743
0.73989,-0.14072375913659
0.73215,-0.158325621839569
0.72362,-0.175797148562003
0.71433,-0.193096908891825
0.70427,-0.210201825533352
0.69347,-0.227074818027358
0.68194,-0.243683476469783
0.66969,-0.260000206335518
0.65673,-0.276002239472793
0.64309,-0.291656735597038
0.62878,-0.30693862053087
0.6138,-0.321837375295773
0.59818,-0.336332561477311
0.58194,-0.350403931947525
0.56508,-0.364046964466581
0.54762,-0.377255396954676
0.52958,-0.390021985143539
0.51096,-0.402353918902784
0.4918,-0.414240488172167
0.47209,-0.425694035204255
0.45185,-0.436723185845431
0.43109,-0.44734094817001
0.40984,-0.457548912552642
0.3881,-0.467361770076701
0.36588,-0.476797136624827
0.3432,-0.485867264747653
0.32007,-0.494587270807827
0.29651,-0.502966877496613
0.27252,-0.511026069855344
0.24813,-0.518770452364338
0.22334,-0.526216118900877
0.19817,-0.533372430455756
0.17264,-0.540243089541805
0.14676,-0.546834532001401
0.12054,-0.553155218619234
0.094008,-0.559201694740342
0.067176,-0.564972799253677
0.040062,-0.570464781214804
0.012685,-0.575671131873148
-0.014933,-0.580581041525728
-0.042774,-0.585183446691436
-0.070814,-0.589462908160349
-0.099033,-0.59340380567853
-0.1274,-0.596982636781708
-0.15591,-0.600189391169346
-0.18451,-0.602989711017254
-0.21319,-0.605362334721792
-0.24192,-0.607282353400153
-0.27067,-0.60872262526798
-0.2994,-0.609647586251302
-0.32809,-0.610030680058917
-0.35671,-0.609846006150837
-0.38521,-0.609054193411223
-0.41357,-0.607628351662801
-0.44175,-0.605537701844168
-0.46971,-0.602749293798057
-0.49741,-0.599229454946299
-0.52482,-0.594952386477431
-0.55189,-0.589884715182215
-0.57859,-0.584002833791735
-0.60487,-0.577277048888851
-0.63069,-0.569681158652481
-0.65601,-0.561192690870255
-0.68079,-0.55179300836549
-0.705,-0.541474699423554
-0.72858,-0.530217662337568
-0.7515,-0.518014527567856
-0.77371,-0.504853831095512
-0.79518,-0.490736142541688
-0.81587,-0.475664560143858
-0.83573,-0.459636976759209
-0.85473,-0.442662151899347
-0.87283,-0.424750184318446
-0.88999,-0.405912182879062
-0.90618,-0.386167352945254
-0.92135,-0.365526291705175
-0.93549,-0.344022104818615
-0.94854,-0.321668320650353
-0.96049,-0.298499415284106
-0.97129,-0.274536342037197
-0.98092,-0.249810851196602
-0.98936,-0.224362599933486
-0.99657,-0.198221809798765
-1,-0.169553371598608
-1,-0.137209678573451
-1,-0.102904680356309
-1,-0.0680803674161283
-1,-0.0339257214607107
-1,-0.00139666900903089
-1,0.0287632980724132
-1,0.0560021654933607
-1,0.0799384181642775
-0.99706,0.102515370773849
-0.98966,0.126454467231416
-0.98088,0.151636314697387
-0.97072,0.17793402316509
-0.9592,0.205201819392193
-0.9463,0.233310922303515
-0.93206,0.262104245251637
-0.91647,0.291442153117018
-0.89955,0.321179890373939
-0.88133,0.35116448062486
-0.86182,0.381254772391796
-0.84105,0.411307850638523
-0.81904,0.441190455942692
-0.79583,0.470765870330572
-0.77145,0.499905734202049
-0.74594,0.528484660179702
-0.71933,0.556390701129994
-0.69168,0.583503935447002
-0.66302,0.609723857466459
-0.63339,0.634961431465694
-0.60286,0.659117655395766
-0.57147,0.682110949714776
-0.53928,0.703861832067136
-0.50633,0.724310129120298
-0.47269,0.743391389072156
-0.43841,0.761054970502744
-0.40355,0.77725607598537
-0.36817,0.791956575926389
-0.33233,0.805125488868113
-0.29608,0.816746567009751
-0.25949,0.826801823302131
-0.22262,0.835280459219067
-0.18553,0.842178444215565
-0.14828,0.847497971461758
-0.11092,0.85125422189716
-0.073522,0.85345677584873
-0.036136,0.854127274106756
0.0011774,0.853289183904008
0.038366,0.850973514716307
0.075375,0.847215048284029
0.11215,0.842051374989287
0.14865,0.835531612028016
0.18482,0.827702820940151
0.22061,0.8186131148443
0.25598,0.808317779650897
0.29089,0.79687658055434
0.3253,0.784351430316832
0.35917,0.770804404934977
0.39247,0.756303486996478
0.42515,0.740904804775253
0.45719,0.724675555076848
0.48856,0.707682566901572
0.51921,0.689975658790217
0.54914,0.671626393421739
0.57831,0.652692156991766
0.60668,0.633217127089933
0.63425,0.613262939048933
0.66099,0.592881163183055
0.68686,0.572106154672106
0.71186,0.550986687221286
0.73596,0.52955929544362
0.75914,0.507856684829658
0.78139,0.485914597965483
0.80268,0.463755081163139
0.823,0.441402933945084
0.84234,0.418884107344199
0.86068,0.39621699903817
0.878,0.37341303277562
0.8943,0.350492104801464
0.90955,0.327457848513054
0.92376,0.304329905911278
0.9369,0.281110369992693
0.94897,0.257808980369282
0.95995,0.234426262566314
0.96985,0.210977178898986
0.97864,0.187458062338471
0.98632,0.163872233073282
0.99288,0.140220890960958
0.99832,0.116510645236981
1,0.0907989718070385
1,0.0631122896057514
1,0.0347676231271645
1,0.00684811400855733
1,-0.0197774414334065
1,-0.0444347138131297
1,-0.0666238912510821
1,-0.0859999167280468
0.99597,-0.105334580366858
0.98999,-0.125325114981312
0.98286,-0.145928108736903
0.9746,-0.167081002118366
0.96521,-0.188721402934138
0.95469,-0.210787951310087
0.94307,-0.233198900027609
0.93034,-0.25588723866149
0.91653,-0.278769544795389
0.90164,-0.301773168199082
0.88568,-0.324828363729677
0.86868,-0.347854565220801
0.85065,-0.370779254467799
0.83161,-0.393530841651881
0.81158,-0.416040368860587
0.79058,-0.438242874152022
0.76864,-0.460071044722898
0.74577,-0.481472398782446
0.72201,-0.502385814523513
0.69737,-0.522767250457727
0.6719,-0.542558289228451
0.64561,-0.561720350316398
0.61854,-0.58021000042821
0.59071,-0.597996183333788
0.56217,-0.61503681425273
0.53295,-0.631297184663526
0.50308,-0.646749816160007
0.47259,-0.661374167862584
0.44153,-0.675141430030973
0.40992,-0.688039455405544
0.37782,-0.700040642812934
0.34526,-0.711128214157521
0.31228,-0.721287517438613
0.27893,-0.730498958228943
0.24524,-0.738754606331155
0.21126,-0.746041686011208
0.17703,-0.752351572891582
0.1426,-0.757672129297891
0.10801,-0.761996396747467
0.073298,-0.765323540631421
0.038517,-0.76764687066935
0.0037086,-0.768963845877229
-0.031082,-0.769272920734528
-0.065811,-0.768574664182128
-0.10043,-0.766868154806943
-0.13491,-0.764165852456303
-0.16918,-0.760459812705987
-0.20322,-0.755763748797845
-0.23698,-0.750086451504688
-0.27041,-0.743432672994901
-0.30347,-0.735811315831681
-0.33612,-0.727234516024273
-0.36832,-0.717716810516175
-0.40002,-0.707266992807326
-0.43118,-0.695896470297031
-0.46176,-0.683618521002192
-0.49172,-0.670447636176434
-0.52102,-0.656398947207912
-0.54962,-0.64148773412847
-0.57747,-0.625721614074533
-0.60454,-0.609116616767507
-0.63079,-0.591687727508622
-0.65617,-0.573441284277611
-0.68066,-0.554398645587338
-0.70421,-0.53457049703609
-0.7268,-0.513980791177892
-0.74837,-0.492633914542248
-0.76891,-0.470555286057599
-0.78838,-0.447764360889423
-0.80674,-0.424275212058714
-0.82396,-0.400104516532151
-0.84003,-0.37528531710034
-0.8549,-0.349833314613847
-0.86856,-0.323779305476933
-0.88099,-0.2971579446756
-0.89215,-0.269991188189267
-0.90204,-0.242319634570575
-0.91063,-0.214175520815909
-0.91791,-0.185598145157011
-0.92386,-0.156623908160558
-0.92848,-0.127300537651087
-0.93176,-0.097676060797678
-0.93369,-0.0677972895094624
-0.93426,-0.0377086067018432
-0.93348,-0.00746582315291374
-0.93135,0.0228751505814656
-0.92787,0.0532600570231097
-0.92304,0.0836376878589126
-0.91687,0.113953557623852
-0.90938,0.14414490500835
-0.90057,0.174159079999247
-0.89046,0.203938539337551
-0.87906,0.23343108963604
-0.86639,0.262583227954586
-0.85246,0.291349617837077
-0.8373,0.319678340274469
-0.82094,0.347513974492617
-0.80338,0.374822366464542
-0.78467,0.401550888197596
-0.76482,0.427663454544956
-0.74386,0.453123942608495
-0.72184,0.477882833182516
-0.69876,0.501918556336349
-0.67468,0.525188739096876
-0.64962,0.547665408494924
-0.62362,0.56931860446151
-0.59672,0.590118014724099
-0.56896,0.610034289654183
-0.54038,0.629040068737376
-0.51102,0.647110749814981
-0.48093,0.664217633353757
-0.45014,0.680344682417115
-0.41872,0.695457317480508
-0.38671,0.709529502565098
-0.35415,0.722543156606986
-0.3211,0.734472683172629
-0.28762,0.745287475009484
-0.25376,0.754961443009666
-0.21957,0.763473180916876
-0.18511,0.770798581091692
-0.15044,0.776912341628191
-0.11563,0.781781804210566
-0.080729,0.785385098498371
-0.045808,0.787693683718528
-0.010927,0.788682856428417
0.023844,0.788324582525304
0.058443,0.786595117288061
0.092799,0.783468460234394
0.12685,0.778924450318512
0.16052,0.772938125720203
0.19374,0.765486799396643
0.22646,0.756564576874651
0.25859,0.746149988507261
0.29008,0.734239464686326
0.32086,0.720829468277294
0.35086,0.705916881029033
0.38003,0.689514081692875
0.40831,0.671638501852271
0.43564,0.652311460274952
0.46197,0.631564494740819
0.48725,0.609436781309725
0.51142,0.585965431708502
0.53444,0.561199877952229
0.55628,0.535205719826158
0.5769,0.508052587516219
0.59626,0.47981160748972
0.61432,0.450553265402858
0.63107,0.420367837546626
0.64649,0.389351721503711
0.66054,0.357588815443451
0.67321,0.325172747138326
0.68449,0.292202294126157
0.69438,0.258784912703893
0.70285,0.225009720531429
0.70992,0.190985305789221
0.71558,0.15681047993529
0.71983,0.122580498609306
0.72269,0.088399513171374
0.72415,0.0543533570992715
0.72424,0.0205398187184691
0.72297,-0.0129516787973163
0.72036,-0.0460340753724535
0.71643,-0.0786252024172365
0.71121,-0.110642319706076
0.70472,-0.142012537096811
0.69701,-0.172651387750678
0.68809,-0.202497640284213
0.67801,-0.231481598587507
0.6668,-0.259544155991047
0.65451,-0.286622289050636
0.64117,-0.31266705074818
0.62684,-0.337620722468881
0.61157,-0.361428198738299
0.59539,-0.384053479679
0.57837,-0.40544809039491
0.56055,-0.425577708112233
0.54199,-0.4444062572189
0.52274,-0.461905310330794
0.50286,-0.47804665419217
0.48241,-0.492803666743222
0.46145,-0.506152360271133
0.44002,-0.518086927174661
0.4182,-0.528587404107314
0.39603,-0.537653116337271
0.37359,-0.545269933671322
0.35091,-0.551450767457602
0.32807,-0.556193522141565
0.30511,-0.559514129348469
0.28209,-0.561428293829257
0.25906,-0.561958946732923
0.23608,-0.561127233842798
0.2132,-0.558960050996262
0.19046,-0.555495931730569
0.1679,-0.550782065517073
0.14559,-0.544849441696812
0.12354,-0.537759750890669
0.10182,-0.529553599140164
0.080445,-0.520294329532514
0.05946,-0.510039839969148
0.038895,-0.498853254234374
0.018781,-0.486799504333783
-0.00085286,-0.473944601296754
-0.019981,-0.460356232257721
-0.038582,-0.446104599810749
-0.05663,-0.431256631674839
-0.074108,-0.415881193911194
-0.091,-0.400047391117496
-0.10729,-0.383822416628366
-0.12296,-0.367268354766398
-0.13801,-0.350454496352169
-0.15243,-0.333446345674906
-0.1662,-0.316296832276076
-0.17933,-0.299069108142776
-0.1918,-0.281810262473811
-0.20363,-0.264582311675248
-0.2148,-0.247427609275014
-0.22532,-0.230393237432838
-0.23518,-0.213513549142423
-0.2444,-0.196833407320086
-0.25298,-0.180389666667696
-0.26092,-0.164211251945325
-0.26823,-0.148326819018094
-0.27491,-0.132756149874966
-0.28098,-0.117525646118594
-0.28643,-0.102643677228157
-0.29129,-0.0881329646932198
-0.29556,-0.0740045573375092
-0.29925,-0.0602667624040502
-0.30238,-0.0469324279013414
-0.30495,-0.0340025280979391
-0.30698,-0.0214828429780953
-0.30849,-0.00938250641620455
-0.30948,0.00230201798150912
-0.30998,0.0135625273726464
-0.30999,0.0244040670169003
-0.30955,0.0348129309533755
-0.30866,0.0447905044732544
-0.30734,0.0543357574426187
-0.30561,0.0634459805907718
-0.30349,0.0721174023103303
-0.30101,0.0803382990577297
-0.29817,0.0881132196707233
-0.29501,0.095430310003759
-0.29153,0.102294562042635
-0.28776,0.108702393915471
-0.28373,0.114643563350708
-0.27944,0.120125055369369
-0.27492,0.125145513105057
-0.2702,0.129697025615698
-0.26527,0.133796309783545
-0.26018,0.13743524388793
-0.25492,0.140630385092136
-0.24953,0.143380871076079
-0.24401,0.145701499506679
-0.23838,0.147604595295294
-0.23266,0.149100245512234
-0.22685,0.150211323446714
-0.22099,0.150940878099065
-0.21507,0.151312911496065
-0.2091,0.15135292081333
-0.20311,0.151072170918652
-0.1971,0.150492341072621
-0.19108,0.149635521662758
-0.18505,0.148530928631615
-0.17904,0.147190530616622
-0.17304,0.145641603576867
-0.16706,0.14390818513198
-0.16111,0.142010996893899
-0.1552,0.139967448722866
-0.14932,0.137806509103644
-0.14349,0.135543405294403
-0.1377,0.133203954110661
-0.13196,0.130806907326153
-0.12627,0.128372087927101
-0.12063,0.12591951404744
-0.11505,0.123461285894589
-0.10952,0.121017433118709
-0.10404,0.118606293941923
-0.098618,0.116238283555255
-0.09324,0.113933258739621
-0.087909,0.111705425920191
-0.082622,0.109568335635988
-0.077375,0.107535222662974
-0.072161,0.105620769053707
-0.066979,0.103835832747146
-0.06182,0.102193652768244
-0.05668,0.100705175295041
-0.051551,0.0993820050041621
-0.046428,0.0982335907908568
-0.041303,0.0972694530789703
-0.036167,0.0964995006384235
-0.031015,0.0959305814519234
-0.025837,0.0955704408095092
-0.020625,0.0954257144769597
-0.015372,0.0955010840298645
-0.01007,0.0958001289348338
-0.0047105,0.0963256763397535
0.00071522,0.0970799012258152
0.0062131,0.098062210996121
0.01179,0.099270353728534
0.017454,0.100701582329448
0.02321,0.102350359362921
0.029063,0.104209012955637
0.035018,0.106268254636086
0.041078,0.108516168979805
0.047247,0.110939696601842
0.053528,0.113524391626443
0.059921,0.116252795439547
0.066427,0.119106174441479
0.073048,0.122065967302969
0.079781,0.125110524467091
0.086626,0.12821849117291
0.093581,0.131367842994135
0.10064,0.13453366158345
0.10781,0.137699005430933
0.11507,0.140833156185457
0.12243,0.143918090174078
0.12988,0.146931779397584
0.13741,0.149849644070761
0.145,0.152638396170554
0.15266,0.155280896228134
0.16037,0.157751411165791
0.16812,0.160025492351779
0.17589,0.162073113638425
0.18367,0.163868084929315
0.19145,0.165388155325425
0.19921,0.166607611719912
0.20693,0.167498804547853
0.21459,0.16803343043003
0.22217,0.168183589389246
0.22965,0.167922635015995
0.237,0.167218438298924
0.24421,0.166050295477914
0.25126,0.164400084213862
0.2581,0.162230282413748
0.26473,0.159525916678972
0.27111,0.156261230869615
0.27722,0.152417486515481
0.28303,0.147974937062965
0.28851,0.142913783972723
0.29364,0.137222343843259
0.29838,0.130881233235487
0.30272,0.123887799828987
0.30663,0.116238400729922
0.31008,0.10792893452269
0.31305,0.0989626639495404
0.31551,0.0893415281047514
0.31743,0.0790665570047881
0.3188,0.0681530068577944
0.3196,0.0566199960792061
0.3198,0.0444820392958909
0.31938,0.0317571085360285
0.31833,0.0184730191683215
0.31662,0.0046501168299331
0.31424,-0.0096829231622868
0.31118,-0.0244913920044731
0.30741,-0.039751366439377
0.30293,-0.0554260339407312
0.29772,-0.071483948644535
0.29177,-0.0878914387948876
0.28508,-0.104606569139629
0.27763,-0.12159669585216
0.26942,-0.138822815940528
0.26044,-0.156249330276258
0.25068,-0.173844448421718
0.24016,-0.191558246664746
0.22885,-0.209364634083559
0.21678,-0.227213222339859
0.20394,-0.245065139313874
0.19033,-0.262884628099542
0.17597,-0.280624823074838
0.16087,-0.298238768439658
0.14504,-0.315680915474079
0.12849,-0.332908313075956
0.11124,-0.349874121799627
0.093316,-0.366525456362195
0.074739,-0.382809947233974
0.055533,-0.398675113419496
0.035728,-0.414065658483243
0.015355,-0.428925076717182
-0.0055518,-0.443195366231867
-0.026956,-0.456817591716978
-0.048818,-0.469731638326865
-0.071097,-0.481877539122448
-0.093746,-0.493192858803955
-0.11672,-0.503616728844502
-0.13997,-0.513088637374223
-0.16344,-0.521545241072134
-0.18707,-0.528920098607069
-0.21083,-0.535168698952165
-0.23463,-0.540221520842328
-0.25843,-0.544028209645923
-0.28217,-0.546540921690426
-0.30579,-0.547715646643625
-0.32921,-0.547498380705115
-0.35239,-0.545858615381161
-0.37526,-0.542763955274374
-0.39776,-0.538189297301219
-0.41982,-0.532109234691459
-0.44139,-0.524514120247754
-0.46239,-0.515385611522124
-0.48278,-0.504728941298292
-0.50249,-0.492546526574584
-0.52147,-0.478853731905075
-0.53965,-0.463661621463037
-0.55698,-0.446992719178888
-0.57341,-0.428878588281474
-0.58887,-0.409342820864402
-0.60333,-0.388431868495504
-0.61674,-0.366194888639004
-0.62904,-0.342674788910303
-0.64019,-0.317923302759319
-0.65015,-0.291998073073976
-0.65889,-0.264967506923245
-0.66637,-0.236899575115503
-0.67255,-0.207860141170759
-0.6774,-0.177919009256353
-0.68091,-0.14716204814662
-0.68304,-0.115663526942977
-0.68377,-0.0835010469834711
-0.6831,-0.050767440243304
-0.68099,-0.0175355495103315
-0.67745,0.0161031247236141
-0.67246,0.0500669710307263
-0.66602,0.084270074706991
-0.65812,0.118633122775686
-0.64878,0.153062471093945
-0.63799,0.187478050053893
-0.62577,0.221791160083918
-0.61212,0.25592381346484
-0.59707,0.289787091374671
-0.58063,0.323300987503053
-0.56282,0.356388005442005
-0.54367,0.388967958917688
-0.52321,0.420961260615517
-0.50147,0.452291570830287
-0.47849,0.482880466970694
-0.4543,0.512658006488276
-0.42894,0.541556242554438
-0.40247,0.569496557747769
-0.37492,0.596416711643272
-0.34635,0.622247847712455
-0.3168,0.646933121096781
-0.28634,0.670405419206955
-0.25501,0.692614045797181
-0.22287,0.713508822016096
-0.18999,0.73303465295375
-0.15641,0.751156847876827
-0.12222,0.76782182356897
-0.087463,0.782997648784374
-0.052212,0.796649197987044
-0.016529,0.808748524431037
0.019515,0.819268221103608
0.055856,0.828187870363602
0.092424,0.835489425114157
0.12915,0.841158579743892
0.16598,0.845196110134544
0.20282,0.847585919906042
0.23963,0.848339213714342
0.27632,0.847452445290501
0.31284,0.844940343691567
0.34912,0.840817647803084
0.3851,0.835106545240619
0.42071,0.827827643941745
0.4559,0.819014887368971
0.49061,0.808705007533471
0.52477,0.796928913104408
0.55833,0.783727038976371
0.59123,0.769139241784741
0.62342,0.753211426067003
0.65485,0.73599329312048
0.68546,0.717528992923728
0.7152,0.697864480605546
0.74403,0.677053359641759
0.77189,0.655139172227841
0.79874,0.632170932394261
0.82453,0.608193279876982
0.84922,0.583253421519043
0.87276,0.557391837909392
0.89512,0.530657130567908
0.91625,0.503088172380372
0.93612,0.474729537001738
0.95469,0.445621579135232
0.97191,0.415792530857389
0.98777,0.385289407778811
1,0.352500884163963
1,0.309835710589031
1,0.260481655081113
1,0.207190040292775
1,0.152298955143271
1,0.0977589972962454
1,0.045161033665965
1,-0.00423455073657106
1,-0.0494676430478577
1,-0.0898477414274358
1,-0.124923321809837
1,-0.154451672006301
1,-0.178369586015172
1,-0.196765260277919
1,-0.209851680030196
1,-0.217941729601193
1,-0.221425206993119
1,-0.220747871550117
0.99333,-0.221327128890617
0.97678,-0.229895694620908
0.95848,-0.245690546449069
0.93845,-0.26792159751642
0.91669,-0.295803054651807
0.89322,-0.328550283611955
0.86803,-0.365415456625873
0.84116,-0.405657305972024
0.81262,-0.448576797309149
0.78244,-0.493508771603437
0.75064,-0.539837408681474
0.71725,-0.586993418875987
0.6823,-0.634458683391868
0.64583,-0.681761895430133
0.60789,-0.728474370414217
0.56851,-0.774228210956704
0.52775,-0.818692783437114
0.48566,-0.861584694705483
0.44228,-0.902674861195484
0.39768,-0.941763416588856
0.35192,-0.97868845103231
0.30508,-1.01330996508527
0.2572,-1.04554079694833
0.20838,-1.07529624098675
0.15868,-1.10252731993875
0.10819,-1.12719485491203
0.05698,-1.14928523560744
0.00514,-1.16879280593332
-0.047242,-1.18572164241876
-0.10008,-1.20008663191952
-0.15327,-1.21189916247382
-0.20673,-1.22118515580928
-0.26035,-1.22796213821916
-0.31405,-1.23226377274566
-0.36772,-1.23411473794951
-0.42126,-1.23354020080984
-0.47457,-1.23056594480865
-0.52754,-1.22521097587116
-0.58008,-1.21750384719129
-0.63208,-1.20746591602189
-0.68343,-1.19511275982568
-0.73402,-1.18045539736809
-0.78376,-1.16351612916091
-0.83252,-1.14429659155223
-0.88021,-1.12281166582541
-0.92671,-1.09906465253591
-0.97193,-1.07307191147801
-1,-1.03318599058221
-1,-0.962310094022469
-1,-0.868227954982623
-1,-0.757831240201434
-1,-0.637144115565256
-1,-0.511356237146641
-1,-0.384863109214836
-1,-0.261312647537355
-1,-0.143656733896264
-1,-0.0342065384234493
-1,0.065309587168609
-1,0.153686786905054
-1,0.230184011623179
-1,0.294464931702185
-1,0.346540312078459
-1,0.386712595479131
-1,0.415523321637274
-1,0.433703892007645
-1,0.442130074039875
-1,0.441780528732393
-1,0.433699541851266
-1,0.418964044276519
-1,0.39865492145284
-1,0.373832536526623
-1,0.345516326779877
-1,0.314668278475899
-1,0.282180041024588
-1,0.248863407069907
-1,0.215443860148925
-1,0.182556875295307
-1,0.150746649590096
-1,0.12046693836528
-1,0.0920836776698911
-1,0.0658790838296621
-1,0.0420569355922757
-1,0.020748762598004
-1,0.00202068493653814
-1,-0.0141193284181506
-1,-0.0277139901653428
-0.96111,-0.0100780374627766
-0.91189,0.0400125448487371
-0.86093,0.116382408454245
-0.80832,0.213306223738883
-0.75417,0.325523501610882
-0.69857,0.448275806600255
-0.64164,0.577293580450172
-0.58348,0.708815780396155
-0.52421,0.839568057953083
-0.46394,0.96675907839397
-0.40279,1.08805383887628
-0.34087,1.20155804723546
-0.27831,1.30577421396945
-0.21523,1.3995798901409
-0.15174,1.48220162596894
-0.08797,1.55316352647757
-0.024045,1.612256943395
0.039916,1.65950989850416
0.10379,1.69514867337958
0.16746,1.71956864115194
0.23079,1.7332872271719
0.29368,1.73694271053178
0.356,1.73124041539535
0.41764,1.71694361931024
0.47847,1.69483412757184
0.5384,1.66572337925046
0.5973,1.63040046610981
0.65507,1.58964162119736
0.7116,1.54418769219753
0.76678,1.49473344420935
0.82053,1.4419415350522
0.87274,1.38640953446354
0.92332,1.32868138065341
0.97217,1.26923526118823
1,1.1942855478152
1,1.08812299570041
1,0.959505769241935
1,0.816119407768133
1,0.664614695918738
1,0.510654855842208
1,0.35897068261434
1,0.213422161789882
1,0.0770650809895287
1,-0.0477788331853458
1,-0.159449664316227
1,-0.25687626544409
1,-0.339503642214781
1,-0.407221846922104
1,-0.460297333054364
1,-0.499307576875795
1,-0.525079628203125
1,-0.53863311055568
1,-0.541128054315208
1,-0.533817817880554
1,-0.518007232938771
1,-0.495016002285945
1,-0.466147283046276
1,-0.432661305176561
1,-0.395753804967223
1,-0.356538995715275
1,-0.316036752445455
1,-0.275163653878249
1,-0.234727502005161
1,-0.195424926723674
1,-0.15784167900946
1,-0.122455220009307
1,-0.0896392241479872
1,-0.0596696307806198
1,-0.0327319000376799
1,-0.00892915329413824
1,0.0117090938031498
1,0.0292178684755343
1,0.0436875804703024
1,0.0552549658929667
1,0.0640943064900855
0.95659,0.0382939712620695
0.91128,-0.0162985556764013
0.86477,-0.0937292901515803
0.81716,-0.188521369879421
0.76856,-0.295689628322053
0.71905,-0.410776462175982
0.66874,-0.529829070955949
0.61773,-0.649403119873061
0.56613,-0.766542395803116
0.51403,-0.878775859643391
0.46154,-0.984076313567453
0.40877,-1.08083291702279
0.3558,-1.16784237429086
0.30275,-1.24424091322652
0.24971,-1.30949336535419
0.19679,-1.36333937710474
0.14407,-1.40578007532271
0.09166,-1.43701602222322
0.039649,-1.45742935946808
-0.011871,-1.4675463539429
-0.062808,-1.468004937962
-0.11307,-1.45952477577613
-0.16259,-1.44289855734992
-0.21126,-1.41893327885278
-0.25901,-1.38845995059624
-0.30577,-1.35231168368491
-0.35145,-1.31129021122806
-0.39599,-1.26617576046382
-0.43933,-1.21771250791155
-0.48138,-1.16657480294973
-0.52209,-1.11339278820953
-0.56141,-1.0587439670378
-0.59927,-1.00313242924973
-0.63562,-0.947003110921415
-0.67042,-0.890747028187755
-0.70361,-0.834684396001255
-0.73516,-0.77908959550258
-0.76502,-0.724175334461102
-0.79316,-0.670110959126159
-0.81955,-0.617023496056878
-0.84416,-0.564999595168174
-0.86696,-0.514088185301712
-0.88794,-0.464318465072558
-0.90707,-0.41568544506555
-0.92435,-0.368176297450259
-0.93976,-0.321754969562732
-0.95331,-0.276387533446809
-0.96497,-0.23201095858692
-0.97477,-0.188582828997373
-0.9827,-0.146047096028578
-0.98877,-0.104351378526403
-0.993,-0.0634535700515476
-0.99539,-0.0233048644084617
-0.99598,0.0161192367355648
-0.99478,0.0548462034330403
-0.99183,0.0928838930903922
-0.98716,0.130232341348974
-0.9808,0.16688598457791
-0.97279,0.20282813546247
-0.96318,0.238026760532923
-0.952,0.272453615778998
-0.93932,0.306055164086693
-0.92519,0.338774139600823
-0.90966,0.370552216882811
-0.8928,0.401317402508914
-0.87466,0.431003816746658
-0.85532,0.459530510144456
-0.83483,0.486829174268191
-0.81328,0.512814395090155
-0.79073,0.537411913987668
-0.76726,0.560544157090174
-0.74294,0.582140874788005
-0.71785,0.602132756597945
-0.69207,0.620453676407844
-0.66568,0.637042433602436
-0.63875,0.651851440597484
-0.61137,0.664831197145619
-0.58361,0.67594741455494
-0.55555,0.685172235109765
-0.52727,0.692484381458867
-0.49884,0.697876489142749
-0.47034,0.701345848182525
-0.44184,0.702901589268996
-0.41341,0.70256274351459
-0.38512,0.700356389817006
-0.35703,0.696323310011586
-0.32922,0.69049995769895
-0.30172,0.682955760398224
-0.27462,0.673740924031609
-0.24796,0.662926157380037
-0.22179,0.650589716267233
-0.19617,0.636806711758668
-0.17113,0.621670090348152
-0.14672,0.605270038638145
-0.12299,0.587692179944656
-0.099952,0.569044272244888
-0.077654,0.549422364546632
-0.056121,0.528927395273581
-0.035377,0.507662102392145
-0.015443,0.485729908906044
0.0036612,0.463232617563889
0.021921,0.440271496869576
0.039325,0.416946638588405
0.055866,0.393357162424904
0.071535,0.369596923784238
0.086331,0.345758396748554
0.10025,0.321927666378265
0.11331,0.298199018954109
0.1255,0.274648744498026
0.13683,0.251351440171528
0.14731,0.228377637719616
0.15696,0.205799384899257
0.16579,0.183679907287885
0.17381,0.162072892616049
0.18104,0.141029549583527
0.18751,0.120604367363329
0.19323,0.100837496779094
0.19821,0.0817557166259585
0.2025,0.0634031516590509
0.20611,0.0458064415568086
0.20906,0.0289841211967027
0.21138,0.0129544018553521
0.2131,-0.00226591584111913
0.21424,-0.0166696465730645
0.21484,-0.0302433675583232
0.21491,-0.0429917534242249
0.2145,-0.0549049179875803
0.21362,-0.0659916051984621
0.21232,-0.076246253926817
0.21061,-0.0856819613384235
0.20853,-0.0943047631312923
0.2061,-0.10213003951557
0.20336,-0.109165875379129
0.20034,-0.115421991072585
0.19707,-0.120909466629508
0.19357,-0.125647855607508
0.18988,-0.129648486523373
0.18603,-0.132923374173497
0.18205,-0.135484956958032
0.17797,-0.137345852111914
0.17381,-0.138526030631041
0.16961,-0.139036203089228
0.1654,-0.138886832519632
0.1612,-0.138095383112607
0.15705,-0.136669780438639
0.15297,-0.134624895395335
0.149,-0.131966049458632
0.14515,-0.12871293774631
0.14147,-0.124866755543797
0.13797,-0.120443339028882
0.13467,-0.115462509859375
0.13162,-0.109924589160142
0.12882,-0.103851124023301
0.1263,-0.0972579905108587
0.12409,-0.0901560485300858
0.1222,-0.0825665763282512
0.12066,-0.0745038512472399
0.11948,-0.0659908695515873
0.11868,-0.0570495942007729
0.11828,-0.0477005104149483
0.11829,-0.0379696893481655
0.11871,-0.0278943316510023
0.11957,-0.0174973562973231
0.12087,-0.00681164676032973
0.12262,0.0041302654623267
0.12482,0.0152897212250447
0.12746,0.026616879459894
0.13056,0.0380765296016773
0.13411,0.0496241657018151
0.13811,0.0612165495331598
0.14254,0.0727980132598212
0.1474,0.0843193400121018
0.15269,0.0957380450529953
0.15838,0.10699626618184
0.16446,0.118040333617816
0.17093,0.128829056341167
0.17775,0.139303123889625
0.18491,0.149412697296615
0.1924,0.159117228493259
0.20019,0.16837030766674
0.20825,0.177122402192047
0.21657,0.185337942457458
0.22511,0.192971764408246
0.23386,0.199994756293812
0.24277,0.206362343875573
0.25184,0.212056058821713
0.26102,0.217042408130085
0.27028,0.221291882632162
0.2796,0.224786766464171
0.28895,0.227512338186845
0.29828,0.229442297350433
0.30758,0.230571677622352
0.31679,0.230876246743737
0.3259,0.230354231493772
0.33487,0.229000185064572
0.34365,0.226798800836489
0.35222,0.223749739437367
0.36054,0.219850259212543
0.36857,0.215096059046366
0.37628,0.209489372808936
0.38363,0.203030516754693
0.39058,0.195718505223811
0.3971,0.187558957412737
0.40314,0.178548094954873
0.40867,0.168689653579007
0.41364,0.157978717441405
0.41802,0.146418485402788
0.42178,0.134018773050273
0.42487,0.120779835956642
0.42726,0.106709146105846
0.42892,0.0918199219689018
0.4298,0.076114994533369
0.42988,0.0596110362813672
0.42912,0.0423207393815693
0.4275,0.0242681316286693
0.42499,0.00547842666693174
0.42155,-0.0140302031698861
0.41717,-0.034223514205413
0.41183,-0.055062575394496
0.4055,-0.0765130786454658
0.39817,-0.0985305625933296
0.38983,-0.121063580216644
0.38046,-0.144063849432325
0.37005,-0.167479591914042
0.3586,-0.19125028492206
0.34611,-0.215310076691228
0.33257,-0.239598101837041
0.31799,-0.264044514176995
0.30237,-0.288581683141152
0.28572,-0.313138399368373
0.26805,-0.337642727079418
0.24937,-0.362024353493058
0.22971,-0.386201678494441
0.20908,-0.41010131201132
0.18751,-0.433644022023257
0.16504,-0.4567409849581
0.14168,-0.479320620626592
0.11747,-0.501305434714676
0.092466,-0.522603889017118
0.066697,-0.543136028014512
0.040214,-0.562817619583664
0.013067,-0.58156452346719
-0.01469,-0.599292531201988
-0.043001,-0.615918740036831
-0.071806,-0.631361168247379
-0.10104,-0.645537700684682
-0.13065,-0.658377834839864
-0.16055,-0.669798582381111
-0.19068,-0.679729015405515
-0.22096,-0.688095724710031
-0.25133,-0.694840763361773
-0.2817,-0.69989873653377
-0.312,-0.703215511488721
-0.34215,-0.704740815114581
-0.37208,-0.704436962329371
-0.4017,-0.702263370691625
-0.43094,-0.698193725723269
-0.45972,-0.692207243114332
-0.48797,-0.684296261143185
-0.5156,-0.674449807158285
-0.54255,-0.662677388002087
-0.56874,-0.648990623588151
-0.5941,-0.633410543922551
-0.61857,-0.615973184177613
-0.64208,-0.596718873161664
-0.66456,-0.575690833322149
-0.68595,-0.552941313902
-0.70619,-0.528528848468939
-0.72523,-0.502523223728315
-0.74301,-0.474994343083014
-0.75947,-0.446010578457222
-0.77458,-0.415659604169616
-0.78829,-0.384027654342205
-0.80054,-0.351190175117376
-0.81131,-0.317241477744982
-0.82056,-0.282273719122395
-0.82826,-0.246382152963671
-0.83437,-0.209654426072338
-0.83887,-0.17218427672471
-0.84173,-0.134060176071295
-0.84295,-0.0953858501281785
-0.8425,-0.0562520071949524
-0.84038,-0.0167582199066842
-0.83656,0.0230140930863245
-0.83106,0.0629638444444286
-0.82386,0.103006900188859
-0.81497,0.143053414431248
-0.8044,0.183011930144003
-0.79215,0.222800142832295
-0.77824,0.262331177388671
-0.76268,0.301524855471988
-0.7455,0.340294430163643
-0.72671,0.378565664044862
-0.70635,0.416254915165385
-0.68444,0.453288709644127
-0.66103,0.489582278188022
-0.63613,0.525074331638041
-0.6098,0.559687926809838
-0.58208,0.593351105071674
-0.55301,0.625998599528261
-0.52264,0.657565649073019
-0.49103,0.687982997399907
-0.45822,0.717195161223506
-0.42428,0.745137816019841
-0.38927,0.771749375586283
-0.35324,0.796980244883312
-0.31627,0.820770381480393
-0.27842,0.843068450048934
-0.23975,0.863832233319036
-0.20036,0.88299913552728
-0.1603,0.90052948129617
-0.11966,0.916374245744742
-0.07851,0.930493659089462
-0.036946,0.942837921322485
0.0049563,0.953366146781317
0.047107,0.962035871771383
0.089417,0.968805723218827
0.1318,0.97363900647717
0.17415,0.976489821467996
0.21639,0.977328115263233
0.25841,0.976113598070675
0.30013,0.972821571064343
0.34143,0.967411551298504
0.38223,0.959861546722922
0.42242,0.950143416266573
0.4619,0.938232743595264
0.50057,0.924109282968459
0.53834,0.907764596180518
0.57511,0.889193099329823
0.61077,0.868384752570232
0.64524,0.84534884126904
0.67841,0.820088246317283
0.7102,0.79262322588915
0.7405,0.762965725999656
0.76924,0.731150633910305
0.79633,0.697215968478324
0.82169,0.661208992229163
0.84523,0.623176060794586
0.86688,0.583176606929419
0.88658,0.541286634965834
0.90425,0.497578879337372
0.91984,0.45214382348716
0.9333,0.405083939357856
0.94458,0.356508683215377
0.95363,0.30653021556975
0.96043,0.255282001137908
0.96495,0.202903601743336
0.96718,0.149550384339292
0.96709,0.0953712729191972
0.96468,0.0405278782624504
0.95997,-0.0147978882880212
0.95296,-0.070427858160883
0.94367,-0.12617738924624
0.93213,-0.181854786749412
0.91836,-0.237275895967989
0.90242,-0.292238773867641
0.88435,-0.34654818913674
0.86421,-0.400005687072578
0.84205,-0.452423937979583
0.81795,-0.50360850520753
0.79198,-0.553372985593552
0.76421,-0.601543670703644
0.73473,-0.647948246848626
0.70363,-0.692421491345389
0.671,-0.734809718157127
0.63694,-0.774966702263501
0.60156,-0.812750226092619
0.56494,-0.848048794936486
0.52721,-0.880743221403561
0.48846,-0.910742426928825
0.44882,-0.937952387047394
0.40839,-0.962302934474585
0.36729,-0.983731736372149
0.32563,-1.00219333669649
0.28353,-1.01765117138324
0.2411,-1.03008564565664
0.19845,-1.03949275377651
0.15571,-1.04586770771999
0.11298,-1.04922866721728
0.07038,-1.04959821691618
0.028016,-1.04701339387603
-0.014,-1.04151851783913
-0.055561,-1.03316727369472
-0.096561,-1.0220210980789
-0.1369,-1.00815128585853
-0.17647,-0.991629985454495
-0.21518,-0.972541314835821
-0.25293,-0.950970688877244
-0.28964,-0.92701754382923
-0.32521,-0.900775555595701
-0.35955,-0.872338939293313
-0.39259,-0.841814816367167
-0.42425,-0.809310583180726
-0.45445,-0.77493103997277
-0.48313,-0.738790853360298
-0.51022,-0.701002084108173
-0.53565,-0.661671524991848
-0.55938,-0.620920807181978
-0.58135,-0.578865181997438
-0.60151,-0.535618711923255
-0.61982,-0.491298420112677
-0.63625,-0.446027506512836
-0.65077,-0.399930337835822
-0.66334,-0.353120932105629
-0.67396,-0.305730873776635
-0.6826,-0.25787954443918
-0.68926,-0.209694781114621
-0.69393,-0.161299678832543
-0.69662,-0.112824229650662
-0.69734,-0.0643996982305779
-0.69609,-0.0161466253414223
-0.69291,0.0317976203599409
-0.68781,0.0793088721511006
-0.68083,0.12625567874585
-0.67201,0.17250519990496
-0.66139,0.217928015687525
-0.64901,0.262401944095398
-0.63493,0.305800166703589
-0.61921,0.3479965882581
-0.60191,0.388870152304611
-0.5831,0.428300811990784
-0.56285,0.466173668496601
-0.54124,0.502374789039185
-0.51834,0.536802614371117
-0.49424,0.569354653442052
-0.46904,0.599924178971764
-0.44281,0.62842725218367
-0.41566,0.654772144633173
-0.38767,0.67888666347096
-0.35896,0.700687881838025
-0.32962,0.720109775647512
-0.29975,0.737095457968295
-0.26945,0.751598068013587
-0.23885,0.763559009699721
-0.20803,0.772949847861301
-0.17711,0.779738702867325
-0.14619,0.783907601523863
-0.11539,0.785436470090848
-0.084804,0.784324265314474
-0.054547,0.780570706320145
-0.024719,0.774188110150133
0.0045741,0.765195092752777
0.033232,0.753619781205225
0.061156,0.739499139882733
0.088251,0.722879618691848
0.11442,0.703813298946382
0.13958,0.682366335292336
0.16364,0.658609057626049
0.18653,0.632629265918666
0.20816,0.604512096960409
0.22846,0.574353372257998
0.24737,0.542262604641754
0.26483,0.508357600965126
0.28078,0.472759819333054
0.29517,0.435597843285524
0.30796,0.397009914150175
0.31912,0.357145643986994
0.32861,0.31615222891952
0.33641,0.27418550030729
0.34251,0.231411127862964
0.34691,0.18800525982926
0.34959,0.144132497551794
0.35057,0.0999727291069536
0.34985,0.0556979015898674
0.34747,0.0114978088855801
0.34344,-0.0324514328501176
0.33781,-0.0759607397046376
0.3306,-0.118858768435089
0.32187,-0.160964504076472
0.31167,-0.2021024604404
0.30005,-0.242107445982016
0.28709,-0.280806006376514
0.27285,-0.318038704632171
0.2574,-0.353655569854965
0.24082,-0.38751222729252
0.22319,-0.419474057857772
0.20459,-0.449419318993676
0.18512,-0.47722654800873
0.16486,-0.502793988975403
0.1439,-0.526032553054367
0.12233,-0.546867210535582
0.10026,-0.565222935332019
0.077768,-0.581051805021735
0.054961,-0.594308994133918
0.03193,-0.604966589153819
0.0087715,-0.61300833216963
-0.01442,-0.618430577050204
-0.03755,-0.62124119197085
-0.060525,-0.62145904833759
-0.083255,-0.619115099677708
-0.10565,-0.61425027251594
-0.12762,-0.606913425967799
-0.14908,-0.597163112976618
-0.16995,-0.585068661493778
-0.19015,-0.570706981326188
-0.2096,-0.554159702567359
-0.22823,-0.535518048885486
-0.24596,-0.514871631041597
-0.26273,-0.492321551034508
-0.27847,-0.467968387570736
-0.29312,-0.441917230466018
-0.30664,-0.414288932397778
-0.31896,-0.385191709819237
-0.33004,-0.35474286970746
-0.33984,-0.323063813624718
-0.34832,-0.290275834527818
-0.35545,-0.256504053548082
-0.3612,-0.22187302645007
-0.36555,-0.186510545784211
-0.36848,-0.150543160710596
-0.36998,-0.114099933261413
-0.37004,-0.077307946280657
-0.36866,-0.0402960755982929
-0.36585,-0.00319793409468937
-0.36162,0.0338533182242056
-0.35598,0.0707291919028715
-0.34894,0.107309196997311
-0.34055,0.143453776018061
-0.33082,0.179042179417736
-0.3198,0.213943370690088
-0.30752,0.248037255946018
-0.29403,0.281201953722016
-0.27937,0.313325798928818
-0.2636,0.344294586931724
-0.24678,0.373996166279433
-0.22896,0.402331494900554
-0.21021,0.429201039495887
-0.19059,0.45451602317806
-0.17017,0.478192422007795
-0.14901,0.500160797043077
-0.1272,0.520344249297209
-0.10479,0.538692603205132
-0.08187,0.555150082963925
-0.058509,0.569674501405071
-0.03478,0.58223385289213
-0.01076,0.592803277456476
0.013476,0.601366829820785
0.037855,0.607918633305954
0.062301,0.612459807198488
0.08674,0.614999457709127
0.1111,0.615555216480421
0.13531,0.614152659319144
0.15929,0.610817176004551
0.18299,0.605596205707555
0.20633,0.598532153299151
0.22924,0.589670208623852
0.25167,0.579071900412146
0.27355,0.566795953491322
0.29482,0.552905054308164
0.31543,0.53747113095159
0.33533,0.520571913026583
0.35445,0.502273150784267
0.37276,0.482658899627274
0.3902,0.461803621565238
0.40673,0.439786870220085
0.42232,0.416697538849407
0.43692,0.392614804359769
0.4505,0.367622546856151
0.46303,0.341806003577188
0.47448,0.315248992544743
0.48484,0.288046460461608
0.49408,0.260284684396544
0.50218,0.232047682622276
0.50914,0.203429792054672
0.51493,0.174508524420235
0.51955,0.14536746225146
0.52301,0.116099732559488
0.52528,0.0867735578884225
0.52639,0.0574790644125562
0.52632,0.0282840612815474
0.52509,-0.000734475061801475
0.52271,-0.0295022628009447
0.51919,-0.0579498161177486
0.51454,-0.086014030549536
0.50879,-0.113624513234239
0.50195,-0.140722340593133
0.49404,-0.167252697024597
0.4851,-0.193151443186485
0.47514,-0.218371505116538
0.46421,-0.242851926014242
0.45232,-0.266552447430413
0.43952,-0.28942167046825
0.42584,-0.311416052433522
0.41132,-0.332492811160978
0.396,-0.352611574579451
0.37992,-0.37173563522182
0.36312,-0.389832855220234
0.34566,-0.406861469622245
0.32757,-0.422795854863523
0.30891,-0.437602490337681
0.28973,-0.451250357988841
0.27007,-0.463719240175464
0.24999,-0.47498392943073
0.22954,-0.485023801191566
0.20877,-0.493822994114094
0.18774,-0.501363019655044
0.1665,-0.50763164484338
0.1451,-0.512622475269942
0.1236,-0.516327054878138
0.10204,-0.518750719018843
0.080478,-0.519896890106301
0.058965,-0.519772936462612
0.037549,-0.518391804188428
0.016276,-0.515772423798707
-0.0048028,-0.511934530754843
-0.025645,-0.506904793533417
-0.046205,-0.500712666631523
-0.06644,-0.493391382060748
-0.086309,-0.484977876531145
-0.10577,-0.475510531063533
-0.12479,-0.465034672589774
-0.14333,-0.453595699835212
-0.16135,-0.441237201690514
-0.17883,-0.428014981369606
-0.19572,-0.413971029032493
-0.212,-0.399157239770232
-0.22764,-0.383624653626437
-0.24262,-0.367429572101417
-0.25691,-0.350623528420906
-0.27049,-0.333260087307891
-0.28333,-0.31538544781775
-0.29542,-0.297053220382781
-0.30674,-0.27831393473875
-0.31727,-0.259214039034483
-0.32701,-0.239809968899022
-0.33593,-0.220142231247325
-0.34404,-0.200266682757987
-0.35132,-0.180227554798072
-0.35777,-0.160072981840529
-0.36339,-0.139852608199507
-0.36816,-0.119600817431048
-0.3721,-0.0993679726473639
-0.37521,-0.0792008034260413
-0.37748,-0.0591340860342303
-0.37892,-0.0392064190922448
-0.37954,-0.0194580435033147
-0.37935,7.09521532386518e-05
-0.37836,0.0193420741082057
-0.37658,0.0383195473135099
-0.37403,0.0569637560525154
-0.37073,0.075233449280755
-0.36668,0.0931023527503304
-0.36192,0.110527798619283
-0.35646,0.127477633506289
-0.35033,0.143914647022928
-0.34355,0.159806342618505
-0.33616,0.175110497003408
-0.32817,0.189800751344877
-0.31963,0.203835054267805
-0.31057,0.217175005868893
-0.30102,0.229786555410224
-0.29101,0.241640459079293
-0.28059,0.252697733171307
-0.2698,0.262920361524167
-0.25868,0.272272498703401
-0.24726,0.280728785684914
-0.2356,0.288251199903414
-0.22372,0.29482249439088
-0.21169,0.300406043464373
-0.19955,0.304973141737697
-0.18733,0.308510001911335
-0.17509,0.31099343182212
-0.16287,0.312408445580591
-0.15071,0.312747442117359
-0.13866,0.312001951205224
-0.12677,0.310163383789309
-0.11507,0.30723841570839
-0.10362,0.303223999153686
-0.092451,0.298131092191828
-0.081607,0.29197233815287
-0.071128,0.28476464882725
-0.061054,0.276528191798842
-0.051422,0.267287683423694
-0.042268,0.257071807568389
-0.033627,0.245912616847423
-0.025531,0.233846412657954
-0.018012,0.220912095258472
-0.011096,0.207154173297582
-0.0048127,0.192617838227568
0.00081621,0.177353604356046
0.0057695,0.161415293536554
0.010027,0.144858736261751
0.013574,0.127743892095155
0.016398,0.110134013984833
0.018486,0.0920928507205442
0.019833,0.0736886301449318
0.020436,0.0549926819223612
0.020293,0.0360774744853345
0.019405,0.0170164469792056
0.017781,-0.00211248803026342
0.015427,-0.0212324054759527
0.012356,-0.0402643807874642
0.0085841,-0.0591280517043714
0.0041292,-0.0777431002397479
-0.00098637,-0.0960285313514425
-0.0067401,-0.113905282253535
-0.013102,-0.131292904550004
-0.020042,-0.148112424702634
-0.027528,-0.164287193090562
-0.035523,-0.179741409091951
-0.043989,-0.194401815112802
-0.052885,-0.208197534724971
-0.062167,-0.221059896336722
-0.071791,-0.232924465820753
-0.081709,-0.243729627585731
-0.091872,-0.2534175946791
-0.10223,-0.26193512840048
-0.11273,-0.26923252351947
-0.12331,-0.275258258157397
-0.13394,-0.279985049929334
-0.14454,-0.28336958032754
-0.15507,-0.285387000205394
-0.16547,-0.286013868474661
-0.17568,-0.285229145105418
-0.18566,-0.283029699808516
-0.19534,-0.279405348991107
-0.20467,-0.274355870129299
-0.2136,-0.267889632426271
-0.22208,-0.260022245787588
-0.23006,-0.250775252071444
-0.23748,-0.240167480438467
-0.24431,-0.228237692301026
-0.25049,-0.215017902232071
-0.25598,-0.200548986449492
-0.26073,-0.184870794107536
-0.26472,-0.168043746724567
-0.2679,-0.150121297312783
-0.27024,-0.131164845560017
-0.27171,-0.111240706853369
-0.27227,-0.0904100973160794
-0.27191,-0.0687507264301265
-0.2706,-0.0463367478725487
-0.26833,-0.0232522316556635
-0.26507,0.000427871664348184
-0.26082,0.0246159081377847
-0.25557,0.0492238914077359
-0.24931,0.0741661289882907
-0.24204,0.0993539343126372
-0.23377,0.124691485435388
-0.22449,0.150094900836955
-0.21423,0.1754629719299
-0.20299,0.200705832258002
-0.19079,0.225730827051642
-0.17766,0.250438632467109
-0.1636,0.274749916804748
-0.14866,0.298567180110245
-0.13286,0.321803662864212
-0.11623,0.34437680546021
-0.098817,0.366197720261765
-0.080649,0.3871895131243
-0.061769,0.407276613097242
-0.042222,0.426385771430494
-0.022052,0.44444903376738
-0.0013054,0.461403492322869
0.019967,0.4771894816562
0.041717,0.491754218412233
0.063892,0.505049377366292
0.086437,0.517030495544946
0.1093,0.52766037516622
0.13243,0.536910147820435
0.15576,0.544747327217272
0.17923,0.551143258803887
0.2028,0.556088617228253
0.22641,0.559575799142992
0.24998,0.561584658570502
0.27346,0.562108270190053
0.2968,0.561151134907693
0.31994,0.558720022837661
0.3428,0.554809100336448
0.36534,0.549432600792204
0.38749,0.54259883316927
0.4092,0.534326338507286
0.4304,0.524627023681742
0.45104,0.513522287380896
0.47106,0.501033547835909
0.49041,0.487189369408966
0.50903,0.472016194610526
0.52687,0.455545685942584
0.54389,0.437820475061132
0.56002,0.418868896134288
0.57523,0.398736723940405
0.58948,0.377475290776105
0.60271,0.355124340959077
0.61489,0.33173544782041
0.62599,0.307368359415267
0.63596,0.282073021748106
0.64478,0.25591228401966
0.65242,0.228950246202988
0.65884,0.201242802848413
0.66402,0.172852379813265
0.66794,0.143844817744573
0.67058,0.114286746121234
0.67193,0.0842508130465254
0.67196,0.0537975243772434
0.67068,0.0230052645235157
0.66806,-0.00806516652308175
0.66412,-0.0393321409992777
0.65884,-0.0707293741151746
0.65223,-0.102182931086014
0.64429,-0.133622507476775
0.63504,-0.164968256166043
0.62448,-0.196150021700042
0.61264,-0.227085632329462
0.59953,-0.257700715554991
0.58517,-0.287922299030382
0.56959,-0.317673640753112
0.55283,-0.34687017135164
0.53492,-0.37543122847998
0.5159,-0.403274638922703
0.49581,-0.430319807933039
0.4747,-0.456482788688901
0.45261,-0.481687203935894
0.4296,-0.505850681181386
0.40573,-0.528888878804342
0.38105,-0.550726187540391
0.35563,-0.571281957811914
0.32953,-0.590481730068229
0.30282,-0.608251342498802
0.27555,-0.6245343763206
0.24781,-0.639261390145197
0.21966,-0.652377231630974
0.19117,-0.663833092957622
0.16242,-0.673579945889179
0.13346,-0.681592833620673
0.10438,-0.687838047528085
0.075244,-0.692295694881371
0.046121,-0.694954576903724
0.017082,-0.695810035044036
-0.011805,-0.69486571374212
-0.040476,-0.692135472381525
-0.068865,-0.687640188227179
-0.09691,-0.681409394178149
-0.12455,-0.67348010969657
-0.15173,-0.66389935436145
-0.17839,-0.652717726982619
-0.20448,-0.63999517535042
-0.22995,-0.625797950212637
-0.25474,-0.610188529811063
-0.27883,-0.59325451473341
-0.30215,-0.575064643277875
-0.32468,-0.55570772440946
-0.34637,-0.535264261448288
-0.3672,-0.513828116300601
-0.38712,-0.491479183776975
-0.40612,-0.468313441625791
-0.42417,-0.444422322052293
-0.44125,-0.41989834193365
-0.45733,-0.394824761153033
-0.4724,-0.369289621916406
-0.48646,-0.343389502872815
-0.49948,-0.317202704217295
-0.51146,-0.290812438902893
-0.52241,-0.264310568964036
-0.53231,-0.237770786054431
-0.54116,-0.211264409755821
-0.54898,-0.184873153011094
-0.55577,-0.15866954813808
-0.56153,-0.13271618236523
-0.56629,-0.107087506879973
-0.57005,-0.0818427249314559
-0.57283,-0.0570413067979279
-0.57465,-0.0327406854661411
-0.57553,-0.0089944539943723
-0.57549,0.0141489880027011
-0.57456,0.0366399922502431
-0.57277,0.0584298894157426
-0.57014,0.0794801466207499
-0.56671,0.0997472920443061
-0.5625,0.119200466870188
-0.55755,0.137805649273426
-0.55188,0.155542594546292
-0.54555,0.172373736038417
-0.53858,0.18827871316043
-0.531,0.203244757884431
-0.52286,0.217251344041185
-0.51419,0.230287572275012
-0.50503,0.242343719995594
-0.49541,0.253419173892086
-0.48538,0.263506374300507
-0.47496,0.272615008072575
-0.46419,0.280754057317011
-0.45312,0.287924717717955
-0.44177,0.294144438682092
-0.43017,0.299436270584479
-0.41837,0.303812712532456
-0.40638,0.307307305528556
-0.39425,0.309940351603794
-0.38199,0.311750764834904
-0.36964,0.312769453146458
-0.35722,0.313035020122518
-0.34475,0.312591391746131
-0.33227,0.311470940291523
-0.31977,0.30973291727264
-0.30729,0.307419744846509
-0.29485,0.304573959171532
-0.28245,0.301251819731852
-0.27011,0.297504315359916
-0.25784,0.293384149650499
-0.24565,0.288943894078335
-0.23356,0.28422707397736
-0.22157,0.279283373364596
-0.20969,0.274158517452276
-0.19792,0.268900993741111
-0.18627,0.263552583784653
-0.17474,0.258155677507184
-0.16334,0.252744341040834
-0.15207,0.247352109714661
-0.14093,0.242010875815179
-0.12992,0.236750030747896
-0.11904,0.231595834435572
-0.10829,0.226570985278823
-0.09768,0.221686966692818
-0.087196,0.216963315985169
-0.07684,0.212413372452133
-0.066611,0.208047015565565
-0.056507,0.203871488050028
-0.046523,0.199893618347501
-0.036657,0.196117199166047
-0.026905,0.192544665561464
-0.017264,0.189176278013678
-0.0077292,0.186011606856191
0.0017037,0.183049061801545
0.011038,0.180285189486058
0.020281,0.177717869854529
0.029433,0.175340738573928
0.038501,0.173148949189641
0.047487,0.171135139607429
0.056395,0.169291439264735
0.065228,0.167608895432762
0.073986,0.166075574074249
0.082672,0.164679557460801
0.091288,0.163408416259393
0.099832,0.162246593811372
0.10831,0.161182268660252
0.1167,0.16018617511745
0.12503,0.159252686605725
0.13328,0.158359855852998
0.14144,0.1574805426913
0.14952,0.1565989174128
0.15751,0.155693907826588
0.1654,0.154740802381521
0.17319,0.153720041415436
0.18087,0.152609392854279
0.18843,0.151385124722373
0.19586,0.150022997956049
0.20317,0.148513887232042
0.21032,0.146824221303725
0.21733,0.144946092529282
0.22417,0.142855631423045
0.23083,0.14053165315508
0.23731,0.137963220613215
0.24359,0.135133300274056
0.24967,0.132035336909419
0.25552,0.128649360436958
0.26115,0.124974848296095
0.26654,0.121004938932837
0.27167,0.116728000849335
0.27654,0.112143801482381
0.28115,0.107261455480353
0.28547,0.102075341081428
0.2895,0.0965904305750939
0.29323,0.090812836170255
0.29665,0.0847495534322572
0.29976,0.0784156174739253
0.30254,0.0718174636719313
0.305,0.0649767059801703
0.30713,0.0579119177039813
0.30892,0.0506388052240845
0.31036,0.0431703974527127
0.31146,0.0355320436843608
0.31221,0.0277435896138158
0.31262,0.019834726628752
0.31267,0.0118201085678937
0.31237,0.00372404125387226
0.31173,-0.00442207063068428
0.31073,-0.012604161512189
0.3094,-0.0207856032061581
0.30771,-0.0289570002318396
0.3057,-0.0370794817230585
0.30335,-0.0451359193730334
0.30067,-0.0531050902369773
0.29768,-0.0609557686466061
0.29437,-0.0686718089755565
0.29076,-0.0762276075644298
0.28685,-0.0836055616734696
0.28265,-0.090787750720539
0.27818,-0.0977492460299455
0.27343,-0.104482485978652
0.26844,-0.1109573088224
0.26319,-0.117170683026347
0.25771,-0.123104733309178
0.25201,-0.12874507094785
0.2461,-0.134080675783382
0.23999,-0.139103717835523
0.2337,-0.143801933492816
0.22723,-0.148174779718808
0.22061,-0.152209166490565
0.21385,-0.155897193994574
0.20696,-0.159235513637292
0.19995,-0.162224697872757
0.19284,-0.164861230398068
0.18564,-0.167145938218232
0.17837,-0.169075872987849
0.17104,-0.170652649113063
0.16367,-0.171874245002816
0.15626,-0.172750672001176
0.14884,-0.173279304938892
0.14141,-0.173469692342728
0.13399,-0.17332624719295
0.1266,-0.172849212846635
0.11924,-0.172050328224
0.11193,-0.170935568138075
0.10468,-0.16951356249571
0.097499,-0.167795645032677
0.090405,-0.165788418641014
0.083406,-0.163501926524129
0.07651,-0.160948744155329
0.069729,-0.158140217984254
0.063069,-0.155090852881445
0.056537,-0.151816580979108
0.050141,-0.148333321473934
0.043887,-0.14465802842355
0.037778,-0.140810238077538
0.031821,-0.136808062522688
0.026018,-0.13267164306805
0.02037,-0.12842291226202
0.014882,-0.124081648136024
0.0095509,-0.119671287765361
0.0043774,-0.115214707085393
-0.00064004,-0.110735291998429
-0.0055023,-0.106255632153588
-0.010212,-0.101798253139591
-0.014776,-0.0973880480131855
-0.019195,-0.0930464757986715
-0.023475,-0.0887954406799199
-0.027621,-0.0846557382197105
-0.031638,-0.0806465646331302
-0.035534,-0.0767873750572675
-0.039315,-0.0730956719511639
-0.042986,-0.0695860082802491
-0.046555,-0.0662722144552774
-0.05003,-0.0631669917286187
-0.053416,-0.0602793951883836
-0.05672,-0.057616597356241
-0.059953,-0.0551868400620642
-0.063118,-0.052992915953865
-0.066225,-0.0510381542390362
-0.06928,-0.0493231010391053
-0.072291,-0.0478473618388592
-0.075262,-0.0466066806143957
-0.078203,-0.0455980906028803
-0.081119,-0.0448159075227373
-0.084016,-0.0442530195613456
-0.086902,-0.0439027142406239
-0.08978,-0.0437549754046781
-0.092658,-0.0438009917919563
-0.09554,-0.0440301152586149
-0.098432,-0.044431907158322
-0.10134,-0.0449963150674287
-0.10427,-0.0457138180869558
-0.10722,-0.0465696236039459
-0.1102,-0.0475539271672555
-0.11321,-0.048653792396872
-0.11626,-0.0498614920525614
-0.11935,-0.0511663136847333
-0.12249,-0.0525628340353107
-0.12567,-0.0540352677603742
-0.12891,-0.0555821060981343
-0.13219,-0.057183838304014
-0.13554,-0.0588439727253657
-0.13895,-0.0605549464144761
-0.14242,-0.0623079220573954
-0.14595,-0.0640933125846762
-0.14956,-0.0659160215741636
-0.15324,-0.0677703801019585
-0.15699,-0.0696498015361955
-0.16082,-0.071554579342341
-0.16472,-0.0734758078910517
-0.1687,-0.0754122435757763
-0.17277,-0.0773689057617647
-0.17691,-0.0793336013654854
-0.18113,-0.0813028153285804
-0.18543,-0.0832727657396597
-0.18981,-0.0852396042818402
-0.19425,-0.0871847824505881
-0.19878,-0.089115408028757
-0.20336,-0.0910073606056119
-0.20801,-0.0928564004894715
-0.21271,-0.0946448835882942
-0.21747,-0.0963670660171521
-0.22226,-0.0979974187876345
-0.22708,-0.0995173753743046
-0.23193,-0.100914526526085
-0.23678,-0.102159638988983
-0.24164,-0.103240345109509
-0.24648,-0.10412869976137
-0.25129,-0.104799820716407
-0.25605,-0.105224647460238
-0.26076,-0.105386417279999
-0.2654,-0.105264059295165
-0.26995,-0.104833724693547
-0.27439,-0.10407009245248
-0.2787,-0.102947464898055
-0.28288,-0.101455464522627
-0.2869,-0.0995743232444289
-0.29073,-0.0972773981313398
-0.29438,-0.0945629586969351
-0.29781,-0.091412610152769
-0.30101,-0.0878173846042492
-0.30395,-0.0837615359574083
-0.30663,-0.0792466373256115
-0.30902,-0.0742661797378845
-0.31111,-0.068822286104321
-0.31287,-0.0629093624864267
-0.31429,-0.0565306962352425
-0.31535,-0.0496894068503081
-0.31603,-0.0423885464325802
-0.31631,-0.0346311688340383
-0.31617,-0.0264203729700928
-0.3156,-0.0177667232659721
-0.31457,-0.00867184016978734
-0.31307,0.000855022808226353
-0.31108,0.0108060156084012
-0.30858,0.0211745504769209
-0.30556,0.0319477713122209
-0.30199,0.0431228444023181
-0.29786,0.0546902575796239
-0.29316,0.066635332901363
-0.28787,0.0789469776946763
-0.28198,0.091609863217389
-0.27547,0.104613034556318
-0.26834,0.117934557358483
-0.26057,0.131559019481052
-0.25216,0.145461892803272
-0.24309,0.159626762772537
-0.23337,0.174022034993541
-0.22299,0.188619543426605
-0.21195,0.203387281027695
-0.20025,0.218291054564185
-0.1879,0.233288492088203
-0.17489,0.248346629666435
-0.16125,0.263411485069295
-0.14697,0.278443264044148
-0.13208,0.293385218921064
-0.11658,0.308190785581515
-0.1005,0.322800835491195
-0.08385,0.337162672200011
-0.066654,0.351220051793047
-0.048937,0.364914872951049
-0.030723,0.378190087272012
-0.012038,0.390989822907709
0.007087,0.403257258353669
0.026623,0.414938131156136
0.046535,0.425977601999238
0.066793,0.436325896263989
0.087358,0.445932382020326
0.10819,0.45474674897241
0.12927,0.462736234708212
0.15053,0.469847294550678
0.17195,0.476046988761279
0.19348,0.481298119623957
0.21509,0.485576293875474
0.23672,0.488846358899984
0.25833,0.49108066113662
0.27988,0.492258767222068
0.30132,0.492359655575746
0.32261,0.491370221305904
0.3437,0.489277122186782
0.36453,0.486060196154424
0.38507,0.481716897306714
0.40526,0.476237147909718
0.42504,0.469605435301103
0.44438,0.461824807078342
0.46322,0.452891345288081
0.4815,0.442795944474891
0.49918,0.431540644639476
0.51621,0.419129306812584
0.53253,0.405560037033837
0.54809,0.390833997241187
0.56284,0.374955012471838
0.57674,0.357936570482562
0.58973,0.339785011913218
0.60177,0.320515731679267
0.61281,0.300143794803969
0.62279,0.278676362208884
0.63169,0.256143749363153
0.63946,0.232572077901839
0.64605,0.207983513231487
0.65144,0.18241871731821
0.65558,0.155910072185188
0.65845,0.128504667414534
0.66001,0.100245438582899
0.66024,0.0711856315548636
0.65912,0.0413853726932135
0.65662,0.0109013028654378
0.65273,-0.0201995352271552
0.64744,-0.0518435980578342
0.64074,-0.0839541836410305
0.63263,-0.116446848189992
0.6231,-0.149240744739641
0.61216,-0.182245523275092
0.59983,-0.215358452387954
0.5861,-0.248492041589611
0.57101,-0.281536789735358
0.55458,-0.31438354341238
0.53683,-0.346926753647834
0.5178,-0.379052267390049
0.49752,-0.410649942962708
0.47603,-0.441608965757002
0.45338,-0.471814134573958
0.42962,-0.501150414844975
0.4048,-0.529506642270542
0.37896,-0.556785847883153
0.35218,-0.582876271172891
0.32452,-0.607672778805268
0.29603,-0.631086583295226
0.26678,-0.653030500901051
0.23686,-0.673407044864441
0.20632,-0.692143475940127
0.17524,-0.709167655431081
0.1437,-0.724410767084491
0.11178,-0.737809416380658
0.079543,-0.749319752334462
0.047083,-0.758892838476954
0.014475,-0.766491897077754
-0.0182,-0.772087378716107
-0.050863,-0.775658698343362
-0.083433,-0.777192416106505
-0.11583,-0.776682772386902
-0.14797,-0.774128183988124
-0.17979,-0.769546763178563
-0.21119,-0.762945376912489
-0.24212,-0.754359297107058
-0.27249,-0.743816809236952
-0.30223,-0.731355193761703
-0.33128,-0.717025916949297
-0.35957,-0.700883605111015
-0.38704,-0.682991809913068
-0.41362,-0.6634125663214
-0.43925,-0.642212740331046
-0.46389,-0.619476352921545
-0.48747,-0.595277031201553
-0.50996,-0.569707781414625
-0.5313,-0.542852646115243
-0.55144,-0.514793611121799
-0.57035,-0.485623551592198
-0.588,-0.455441541246108
-0.60435,-0.424341464189105
-0.61936,-0.392410303186569
-0.63302,-0.359749067231589
-0.6453,-0.326452270938104
-0.65618,-0.292613706418884
-0.66565,-0.25833106451002
-0.67368,-0.223687327542102
-0.68028,-0.188780487709296
-0.68542,-0.153687907632814
-0.68912,-0.118504664631496
-0.69137,-0.0833148019988596
-0.69217,-0.0481980067378168
-0.69152,-0.0132276765149339
-0.68943,0.0215230992927991
-0.68592,0.0559767210939101
-0.68099,0.0900695065891666
-0.67467,0.123729212415524
-0.66696,0.156901522726842
-0.65789,0.189526562135979
-0.64748,0.221549694755854
-0.63577,0.252907892213765
-0.62277,0.28355593708158
-0.60853,0.313435304454778
-0.59307,0.342501190926376
-0.57643,0.370706953240521
-0.55865,0.39800639941399
-0.53977,0.424355607695625
-0.51985,0.449699525924591
-0.49891,0.474005821790774
-0.47702,0.497225006861995
-0.45423,0.519310500804841
-0.43058,0.540227313381328
-0.40613,0.559936552706349
-0.38093,0.578405218969943
-0.35505,0.595591740304595
-0.32855,0.611456707310582
-0.30147,0.625978853811622
-0.27389,0.639123088772268
-0.24587,0.65085944807994
-0.21746,0.661170822161253
-0.18874,0.67002926036362
-0.15976,0.677421512518567
-0.1306,0.68332483906966
-0.10132,0.687724723343329
-0.071975,0.690617822776032
-0.042642,0.69199407794927
-0.013383,0.691849808437924
0.015739,0.690186244523423
0.044661,0.687008938583384
0.073317,0.682324937234577
0.10165,0.676149313757547
0.12959,0.668493927996222
0.15708,0.659377651143055
0.18406,0.648822562773685
0.21048,0.636860393479079
0.23627,0.623515250398212
0.26138,0.608819440770348
0.28576,0.592811188575721
0.30936,0.575532615925523
0.33211,0.557013187332984
0.35399,0.537308429019112
0.37492,0.51644907519064
0.39488,0.494489443338325
0.41381,0.471471818406096
0.43168,0.447449806818018
0.44845,0.422477249697785
0.46408,0.39660665092606
0.47853,0.369887909582859
0.49178,0.34238212799657
0.50379,0.314142842855567
0.51455,0.285238049740166
0.52402,0.255723177029755
0.53219,0.225663977659576
0.53905,0.195132498077067
0.54457,0.164188854061074
0.54876,0.13291119777321
0.5516,0.101367607751497
0.5531,0.0696380484970734
0.55325,0.0377947533705368
0.55206,0.00591617326098016
0.54954,-0.0259167603038692
0.54569,-0.0576311297629035
0.54054,-0.0891407246650495
0.53411,-0.120358814957312
0.52641,-0.15120847894806
0.51748,-0.18160111891026
0.50734,-0.2114564487427
0.49603,-0.240688822976242
0.48358,-0.269218567875558
0.47003,-0.296966186229324
0.45543,-0.32384769957101
0.43982,-0.349785813770919
0.42325,-0.374703968450819
0.40576,-0.398536331601064
0.38741,-0.421213401695738
0.36826,-0.442665294266901
0.34835,-0.462839193845686
0.32774,-0.481683403763742
0.3065,-0.499141857106177
0.28468,-0.5151719805304
0.26234,-0.529736549397399
0.23954,-0.542804375581876
0.21635,-0.554343291900567
0.19282,-0.564336690986219
0.16902,-0.572766849509355
0.14501,-0.579623681578566
0.12086,-0.584896772020105
0.096619,-0.588591863138261
0.072361,-0.590709673537135
0.048144,-0.591259245610559
0.024031,-0.590252916397606
8.2041e-05,-0.587708030725525
-0.023642,-0.583645346974118
-0.047083,-0.578090280038173
-0.070182,-0.571071087422704
-0.092884,-0.562620839792558
-0.11513,-0.552772956804675
-0.13688,-0.5415745715303
-0.15806,-0.52905770713949
-0.17864,-0.515274081402391
-0.19856,-0.500267876882989
-0.21778,-0.484090933558214
-0.23626,-0.466799961069502
-0.25395,-0.448446732905839
-0.27082,-0.429092456749178
-0.28682,-0.408789488106231
-0.30193,-0.387603764084052
-0.31611,-0.365595517709643
-0.32933,-0.342826036075623
-0.34156,-0.319355644173834
-0.35278,-0.295249469323841
-0.36297,-0.270574539237477
-0.37211,-0.24539736701525
-0.38017,-0.219774589012241
-0.38715,-0.193775227435024
-0.39303,-0.167461311163474
-0.3978,-0.140894605200726
-0.40147,-0.114149414940714
-0.40402,-0.0872855865644788
-0.40545,-0.0603640759883524
-0.40578,-0.0334594469680742
-0.405,-0.00663260420192972
-0.40313,0.0200464705447247
-0.40017,0.0465176287932113
-0.39615,0.0727085734555776
-0.39108,0.0985544479431139
-0.38497,0.123998653213792
-0.37787,0.148963723867035
-0.36978,0.173394962740334
-0.36074,0.197228467614587
-0.35079,0.220395196070394
-0.33995,0.242839165694576
-0.32827,0.264494815808618
-0.31577,0.285313394882497
-0.30251,0.305232024704229
-0.28853,0.324193508521756
-0.27388,0.342139955523462
-0.25859,0.359029856808228
-0.24273,0.374807052310824
-0.22634,0.389427864991484
-0.20948,0.402845659131546
-0.1922,0.415020658709897
-0.17455,0.425920281657634
-0.15659,0.435511822868967
-0.13838,0.443763942836626
-0.11998,0.450647814865936
-0.10144,0.456145367832555
-0.082824,0.460237889460843
-0.064187,0.462913851632551
-0.04559,0.464163915937571
-0.02709,0.46398422657059
-0.0087465,0.462374090733928
0.0093824,0.459336886449243
0.027237,0.454878442207532
0.044763,0.449010816564157
0.061901,0.441747388619288
0.078596,0.433105862650323
0.094793,0.423107291562341
0.11044,0.411777391129488
0.12548,0.399141528988927
0.13988,0.38524211228621
0.15357,0.370107013447445
0.16652,0.353781410020215
0.17868,0.336308585887286
0.19002,0.317744062323634
0.2005,0.298144446532187
0.21009,0.277573171694925
0.21876,0.256097509290042
0.22648,0.233786020351972
0.23323,0.210713819845831
0.23901,0.186974008220182
0.24379,0.162649402258307
0.24756,0.13782694547076
0.25034,0.112616561729875
0.2521,0.0871065490099072
0.25287,0.0614094920718941
0.25264,0.0356246258944156
0.25144,0.00986697248563254
0.24928,-0.0157540101916468
0.24618,-0.0411293497917966
0.24217,-0.0661465054521954
0.23727,-0.0907010285951578
0.23153,-0.114676208980922
0.22498,-0.137964003026638
0.21767,-0.160452127306448
0.20963,-0.182043390457728
0.20092,-0.2026339385655
0.19158,-0.222132903614222
0.18168,-0.240440943165231
0.17126,-0.257477558980177
0.1604,-0.273150869525634
0.14914,-0.287392723595109
0.13756,-0.300127226221144
0.12572,-0.311289952662862
0.11369,-0.320820942551244
0.10152,-0.328681127052485
0.089293,-0.334825822806217
0.077069,-0.339224913156997
0.064915,-0.341856523356616
0.052898,-0.342706865073482
0.04108,-0.341773568387403
0.029523,-0.339064339525817
0.018289,-0.334595578937596
0.0074379,-0.328392549135004
-0.0029776,-0.320493002355768
-0.012902,-0.3109423322599
-0.022285,-0.299795327029215
-0.031079,-0.2871154265835
-0.039242,-0.272975979697393
-0.046733,-0.2574575305221
-0.053514,-0.240646852672781
-0.059555,-0.222639632907569
-0.064826,-0.203536412004946
-0.069304,-0.183444288825535
-0.072969,-0.16247508826151
-0.075806,-0.140745164861113
-0.077803,-0.118373571020511
-0.078957,-0.0954848727950374
-0.079263,-0.0722030671722302
-0.078727,-0.0486562363121613
-0.077356,-0.0249727264368012
-0.075162,-0.00128095265525521
-0.072164,0.0222893462932195
-0.068381,0.0456113695024699
-0.06384,0.0685587542740014
-0.05857,0.09100804255755
-0.052606,0.112837684730977
-0.045985,0.133930191322604
-0.038748,0.154172324173221
-0.030938,0.173456656980775
-0.022604,0.191679755928154
-0.013792,0.208747292775641
-0.0045581,0.224568262456125
0.005048,0.239062455221482
0.014965,0.252152895468507
0.02514,0.263774459655897
0.035511,0.27386756995798
0.046018,0.282381170255392
0.056601,0.289273410232432
0.067199,0.29451120114508
0.077749,0.298068867466296
0.08819,0.29992979668633
0.098462,0.300086760925874
0.10851,0.298544855298543
0.11826,0.295305753039962
0.12767,0.290392773626619
0.13667,0.283826101189312
0.14522,0.275645739183273
0.15326,0.265892461261947
0.16073,0.254607169718151
0.16759,0.241845097712167
0.17379,0.227664637102301
0.1793,0.21214038243336
0.18406,0.195336178978345
0.18804,0.177327982319301
0.1912,0.158192314005226
0.19352,0.138019071169058
0.19497,0.116899255226508
0.19552,0.0949223843622402
0.19516,0.0721891692852594
0.19386,0.0487917925215665
0.19161,0.0248277542869533
0.18842,0.00041083567058261
0.18428,-0.0243501171498101
0.17918,-0.0493534323431383
0.17313,-0.0744915068097416
0.16615,-0.0996478428336397
0.15824,-0.124717121752321
0.14943,-0.149584164473426
0.13974,-0.174136860238405
0.1292,-0.198261755127414
0.11782,-0.221862767330448
0.10565,-0.244831489868643
0.092729,-0.267061323759372
0.079085,-0.28845884581882
0.064765,-0.308930477130404
0.049815,-0.328386559429261
0.03428,-0.346744554471436
0.018209,-0.36392775641595
0.0016548,-0.379864261815004
-0.015332,-0.394490457342774
-0.032696,-0.407748439820669
-0.050382,-0.419587482933472
-0.068335,-0.429965024109274
-0.086497,-0.438844868598458
-0.10481,-0.446197777016827
-0.12321,-0.451997296149353
-0.14165,-0.456233310363771
-0.16006,-0.458892928442325
-0.17839,-0.459976919083546
-0.19657,-0.45948297875429
-0.21456,-0.45742926727231
-0.23227,-0.453813634095868
-0.24967,-0.448662589335569
-0.26669,-0.441996026744781
-0.28328,-0.433843300011247
-0.29938,-0.424233693054667
-0.31493,-0.413196087600226
-0.32989,-0.400773447549047
-0.34419,-0.386997103245225
-0.3578,-0.371918051293699
-0.37065,-0.355572456609127
-0.38271,-0.33801335531468
-0.39393,-0.319291347974955
-0.40427,-0.299461251516641
-0.41368,-0.278572510442151
-0.42213,-0.256683751025741
-0.42958,-0.233852046243075
-0.436,-0.210139059466238
-0.44135,-0.185601044470264
-0.4456,-0.160295677515742
-0.44874,-0.134294889168665
-0.45074,-0.107665228678792
-0.45157,-0.0804669342497607
-0.45122,-0.0527680974532474
-0.44967,-0.0246336589744462
-0.44692,0.00386121485641777
-0.44296,0.0326428281245837
-0.43778,0.061640974938551
-0.43137,0.0907905122396766
-0.42376,0.120002937003955
-0.41493,0.149210662890537
-0.4049,0.178335627030484
-0.39369,0.207293871465514
-0.38131,0.236006798073622
-0.36778,0.264395335397863
-0.35313,0.292375274540625
-0.33738,0.319868454041822
-0.32057,0.346789450644995
-0.30273,0.373057247656486
-0.2839,0.398589750907977
-0.26412,0.423306813059378
-0.24343,0.447132638256331
-0.22189,0.469982830596177
-0.19954,0.491783772519223
-0.17643,0.512465791161264
-0.15263,0.531950166467842
-0.12819,0.550168480074427
-0.10318,0.567048364492304
-0.077659,0.582525055070237
-0.051691,0.596538674503788
-0.025349,0.609028963965643
0.0012967,0.619939695946744
0.028172,0.629217313626984
0.055203,0.636812718617671
0.082315,0.642681850169888
0.10943,0.646784164252949
0.13647,0.649083745485096
0.16335,0.649544890534782
0.19001,0.648152195844156
0.21635,0.644878133669547
0.24231,0.639716378690925
0.2678,0.632656321169499
0.29275,0.623699592771121
0.31708,0.61285084815665
0.34071,0.600117621207638
0.36358,0.585524890914086
0.38561,0.56909675328411
0.40673,0.550863820075687
0.42687,0.530861568995238
0.44597,0.509136240991613
0.46397,0.485741876048645
0.4808,0.460730278445467
0.49641,0.434165119882653
0.51075,0.406118156434049
0.52376,0.376658524538597
0.5354,0.345866311403402
0.54562,0.313820964538409
0.5544,0.280621500099437
0.56169,0.246357855139008
0.56746,0.211124953217449
0.57169,0.175026452294949
0.57436,0.138170093276063
0.57545,0.100663791274803
0.57495,0.062619818246736
0.57286,0.0241580069143229
0.56918,-0.014599308603435
0.56391,-0.0535314890694691
0.55706,-0.0925155898880918
0.54865,-0.131423249035598
0.53869,-0.170133159727645
0.52721,-0.208518803095382
0.51425,-0.246446136063655
0.49983,-0.28379414969216
0.484,-0.320434167747724
0.4668,-0.356242986104811
0.44828,-0.391098562771676
0.4285,-0.424876548584832
0.40751,-0.457462371513708
0.38537,-0.488745962317134
0.36216,-0.518610015859254
0.33794,-0.546950315130541
0.31278,-0.573669603810878
0.28676,-0.598672486641689
0.25996,-0.621868671873307
0.23246,-0.643175453652055
0.20435,-0.66251211997952
0.17571,-0.679810181282341
0.14663,-0.695006499186669
0.11721,-0.708037596895603
0.087526,-0.718860208823794
0.057682,-0.727428843351781
0.027768,-0.733708795526592
-0.0021195,-0.737671160240974
-0.031888,-0.73929639789234
-0.061444,-0.73857323207411
-0.090691,-0.735496029026329
-0.11954,-0.730070261488713
-0.1479,-0.722309553673759
-0.17567,-0.712227121559261
-0.20277,-0.699851755992912
-0.22912,-0.685224719284759
-0.25462,-0.66838207644023
-0.2792,-0.649377503698905
-0.30278,-0.628270570188565
-0.32528,-0.605124477392429
-0.34664,-0.580018867729811
-0.36677,-0.553022674745059
-0.38563,-0.524231615986635
-0.40314,-0.493731085670222
-0.41926,-0.461625616069386
-0.43393,-0.428017677629168
-0.44712,-0.393027560476086
-0.45878,-0.356771885668591
-0.46887,-0.319368493972779
-0.47738,-0.280955069871163
-0.48428,-0.241666594984942
-0.48956,-0.201646761257164
-0.4932,-0.161034678237968
-0.4952,-0.11997639204143
-0.49557,-0.07862652462579
-0.49432,-0.037141916305119
-0.49146,0.00432362265471626
-0.48701,0.0456161391843257
-0.481,0.0865790496366473
-0.47346,0.127058657278551
-0.46444,0.166893787021233
-0.45397,0.205937261787029
-0.44211,0.244035922689891
-0.42891,0.281044313149039
-0.41442,0.316828154227396
-0.39871,0.351252106979449
-0.38186,0.384177358311929
-0.36393,0.41548197170207
-0.34499,0.445054692511259
-0.32513,0.4727823052392
-0.30442,0.498569083615555
-0.28297,0.522307636731218
-0.26084,0.543922274113056
-0.23813,0.563336569565673
-0.21493,0.580484210550597
-0.19133,0.595310057761701
-0.16743,0.607763288670193
-0.14331,0.617813916803063
-0.11907,0.625435949413032
-0.094805,0.630612157720382
-0.070596,0.633344300347992
-0.046535,0.633642334442542
-0.02271,0.631526545811983
0.00079452,0.627028577077777
0.023897,0.6201914511898
0.046517,0.611067893242985
0.068577,0.599719981700953
0.090002,0.586218248820703
0.11072,0.570641008572932
0.13067,0.553079446611899
0.14979,0.533632431285779
0.168,0.512389468543627
0.18527,0.489467404758661
0.20154,0.464980050821769
0.21676,0.439043279738005
0.23089,0.411778985635858
0.2439,0.383318035462276
0.25574,0.353780145029899
0.2664,0.323302239183426
0.27585,0.29201641113937
0.28407,0.260054398919137
0.29105,0.227551123977521
0.29678,0.194639996958879
0.30126,0.16145650516282
0.3045,0.128140990762477
0.30649,0.0948185185333229
0.30725,0.0616199643425649
0.3068,0.0286766229941043
0.30516,-0.00388418644816724
0.30235,-0.035942603355913
0.29839,-0.0673888831745504
0.29333,-0.0981031228621113
0.2872,-0.127976182132399
0.28003,-0.156911496101831
0.27187,-0.184811444791564
0.26277,-0.211581195297764
0.25277,-0.237139124779052
0.24193,-0.261402696537217
0.23029,-0.284306684262823
0.21792,-0.30578042518198
0.20488,-0.325759196400376
0.19122,-0.34419321040841
0.177,-0.361039676185028
0.16229,-0.37625619898124
0.14715,-0.389810209767467
0.13165,-0.40167148589623
0.11585,-0.411820821917471
0.099813,-0.420247084035968
0.08361,-0.426940892601368
0.067303,-0.431902013634261
0.050958,-0.435135419771741
0.03464,-0.436651633810285
0.018412,-0.436467552747966
0.0023378,-0.434604826667405
-0.01352,-0.431089857130305
-0.029102,-0.425955099767327
-0.044347,-0.419236207019642
-0.059199,-0.410974766455821
-0.073601,-0.401215715097607
-0.087502,-0.390010293166118
-0.10085,-0.377413031398489
-0.11359,-0.363477703950681
-0.12569,-0.348273262035229
-0.1371,-0.331865911158286
-0.14778,-0.314325393503882
-0.1577,-0.295729903387855
-0.16682,-0.276154988113715
-0.17512,-0.255686807072722
-0.18256,-0.234402906479561
-0.18914,-0.212401273814797
-0.19484,-0.189778805375376
-0.19963,-0.166621327634774
-0.20352,-0.143032761412909
-0.2065,-0.119113738963426
-0.20857,-0.0949666013653718
-0.20972,-0.0706845356835304
-0.20998,-0.0463799909284621
-0.20934,-0.0221478757908956
-0.20783,0.00190452070427257
-0.20545,0.0256855509258012
-0.20224,0.0490896502616186
-0.19822,0.0720182813126227
-0.19342,0.0943744700938455
-0.18787,0.116065791498724
-0.1816,0.137006685375432
-0.17465,0.157112773736311
-0.16706,0.176303662323236
-0.15888,0.194497708975173
-0.15014,0.211630037379003
-0.14089,0.22763704963123
-0.13119,0.242451309086774
-0.12107,0.256027091640527
-0.11059,0.268316040877167
-0.099799,0.279277931149127
-0.088749,0.288878757729711
-0.07749,0.297092718250375
-0.066076,0.303899138324709
-0.054558,0.309285012241646
-0.042988,0.313243864161621
-0.031417,0.315776108373102
-0.019897,0.316887645921499
-0.0084742,0.316593582207028
0.0028009,0.314913474476251
0.013882,0.311873628772907
0.024725,0.307507250240526
0.035288,0.30185433858279
0.04553,0.294960416913107
0.055412,0.2868761254599
0.064902,0.277660406205774
0.073965,0.267375405115911
0.082572,0.256088880938715
0.090698,0.24387446477009
0.098319,0.23080944229546
0.10541,0.216971333691128
0.11197,0.202453564071973
0.11797,0.187339168339777
0.1234,0.171714566949112
0.12825,0.15566646516858
0.13253,0.139294090294334
0.13623,0.122689100192006
0.13935,0.105941721563183
0.14188,0.0891308833892789
0.14385,0.0723534915176672
0.14525,0.0556883551286803
0.14609,0.039211918512784
0.14638,0.02299616657143
0.14614,0.00711442393308337
0.14538,-0.0083688178990101
0.14411,-0.0233984958161785
0.14236,-0.0379144359386345
0.14014,-0.0518693570792973
0.13747,-0.0652208642469951
0.13438,-0.077924872108515
0.13088,-0.0899525291312172
0.127,-0.101273874086869
0.12276,-0.111866870319884
0.11818,-0.121717068815459
0.11331,-0.13079493100489
0.10814,-0.13910448054838
0.10273,-0.146625479779584
0.09708,-0.153363578812749
0.091231,-0.159315333322134
0.085204,-0.164485338035344
0.079027,-0.168879823149185
0.072724,-0.172509558832327
0.06632,-0.175388349510286
0.05984,-0.177532450242064
0.05331,-0.178959260005675
0.046753,-0.179689163722032
0.040191,-0.179745428250813
0.033646,-0.179153273408517
0.027142,-0.177937561167313
0.020697,-0.176126826735225
0.014333,-0.173749005714267
0.0080677,-0.170834114775426
0.0019193,-0.167412778688509
-0.0040931,-0.163514703465021
-0.0099537,-0.159170547692722
-0.015648,-0.154411901343063
-0.021159,-0.14926841039004
-0.026473,-0.143769775466058
-0.031578,-0.137946156226968
-0.036461,-0.131826469736655
-0.041111,-0.125439251845686
-0.045515,-0.118810385516409
-0.049666,-0.111967240150598
-0.053555,-0.104936040257813
-0.057172,-0.097740502970396
-0.060513,-0.0904059709353392
-0.063569,-0.0829545572678551
-0.066338,-0.0754101843545328
-0.068815,-0.0677951961648877
-0.070997,-0.0601313623083747
-0.072883,-0.0524406972564881
-0.074474,-0.0447461117268786
-0.075771,-0.0370704335234222
-0.076778,-0.0294378373383245
-0.077497,-0.0218712617822114
-0.077938,-0.014397753401307
-0.078107,-0.00704379085369507
-0.078014,0.000162554381308776
-0.077673,0.00718992159307493
-0.077094,0.0140082988405989
-0.076294,0.0205845962912736
-0.07529,0.0268843414141379
-0.0741,0.0328723469905494
-0.072744,0.0385125364534592
-0.071243,0.0437685744151645
-0.069619,0.048604390687001
-0.067894,0.0529853452070309
-0.066093,0.0568769207916846
-0.064236,0.0602495925598965
-0.06235,0.0630737570488482
-0.060457,0.0653245292276453
-0.058579,0.0669817934525905
-0.056739,0.0680293860260645
-0.054962,0.0684535939602222
-0.053266,0.0682485342613902
-0.051674,0.0674114066874426
-0.050206,0.0659444960856597
-0.048879,0.0638566417363531
-0.047712,0.0611605397073541
-0.046718,0.057876367791303
-0.045914,0.0540270963066669
-0.04531,0.0496427479544771
-0.044918,0.0447569651167349
-0.044746,0.039408558351671
-0.044801,0.0336403699366107
-0.045086,0.0275004395612147
-0.045604,0.0210398163388962
-0.046356,0.0143121599985656
-0.047341,0.00737331324907091
-0.048553,0.000283081397123026
-0.049988,-0.0068986505297894
-0.051638,-0.0141106500342146
-0.053494,-0.0212916075508845
-0.055543,-0.0283789796599124
-0.057773,-0.0353118214300231
-0.060169,-0.0420301031117502
-0.062713,-0.0484741675111577
-0.065389,-0.0545880097586339
-0.068176,-0.0603166760420024
-0.071055,-0.0656093413340248
-0.074004,-0.0704180059519914
-0.077001,-0.074698608866897
-0.080022,-0.0784103577622144
-0.083043,-0.0815165941804868
-0.086038,-0.0839839113843035
-0.088983,-0.0857843213788998
-0.091852,-0.0868939038035814
-0.09462,-0.0872938283666329
-0.097258,-0.0869673424803544
-0.099742,-0.0859039359872618
-0.10204,-0.0840929085145088
-0.10414,-0.0815388858104273
-0.106,-0.0782369335537703
-0.10761,-0.0741985819710471
-0.10894,-0.0694338932552301
-0.10997,-0.0639592142882727
-0.11068,-0.0577958378445074
-0.11104,-0.05096137132658
-0.11105,-0.0434924296728048
-0.11068,-0.0354180308195056
-0.10992,-0.0267752982307274
-0.10876,-0.0176070775622281
-0.10719,-0.00795983787402943
-0.10519,0.00212554780963714
-0.10277,0.0125915433873605
-0.099913,0.0233886315498734
-0.096619,0.0344624931439999
-0.092886,0.0457578927204683
-0.088715,0.0572181698491093
-0.08411,0.0687849011552668
-0.079073,0.0804014056482854
-0.073614,0.0920081623057125
-0.067738,0.103548836734556
-0.061458,0.114965471097758
-0.054786,0.126201334013714
-0.047735,0.137201731855408
-0.040322,0.147912416006551
-0.032561,0.158283487148309
-0.024475,0.168263573826911
-0.016082,0.177805549240093
-0.0074037,0.186864608450148
0.0015377,0.195399038830375
0.010718,0.203369660904092
0.020114,0.210741537858534
0.029699,0.217481919678935
0.039448,0.223562376934236
0.049335,0.228958410739121
0.05933,0.233646814224972
0.069407,0.237609421955081
0.079536,0.240830075765705
0.089687,0.24329507508487
0.099832,0.244994942115158
0.10994,0.245922023589799
0.11997,0.246063315457005
0.1299,0.245416246765841
0.13969,0.243973750534463
0.14932,0.241740439188207
0.15874,0.238708340395154
0.16792,0.234874624326301
0.17683,0.230240945260351
0.18544,0.224812785809013
0.1937,0.218584019960446
0.20159,0.211561730084755
0.20906,0.203741474459991
0.21609,0.195132015690399
0.22264,0.185737915796678
0.22868,0.175567795085543
0.23417,0.164626073317308
0.23909,0.152928596514776
0.2434,0.140485340024803
0.24708,0.127316190982145
0.2501,0.113441208719877
0.25243,0.0988801519446539
0.25404,0.0836520831383901
0.25493,0.0677972408490968
0.25506,0.0513423374043158
0.25443,0.0343320882678799
0.253,0.0167949616733861
0.25079,-0.00121006624970902
0.24776,-0.019645392315052
0.24392,-0.0384547162150646
0.23927,-0.0575756350794483
0.23381,-0.076942573225413
0.22753,-0.0964966574409423
0.22045,-0.116163956626207
0.21257,-0.135875344379708
0.20392,-0.155545431406156
0.19451,-0.175093019137563
0.18435,-0.194442722086821
0.17349,-0.213496582949604
0.16193,-0.232178374982058
0.14971,-0.250402222318631
0.13688,-0.268069785029515
0.12346,-0.285097919852321
0.1095,-0.301396243308841
0.095037,-0.316881076400538
0.080122,-0.331466568487412
0.064803,-0.345070201196587
0.049129,-0.357614203897626
0.033154,-0.369023637891008
0.016933,-0.379227756890894
0.00052223,-0.388160840066715
-0.016021,-0.395762856797967
-0.032639,-0.401980381741814
-0.049269,-0.406763689144954
-0.065854,-0.410072338753177
-0.08233,-0.411869988171788
-0.098638,-0.412128972066357
-0.11472,-0.41083079674875
-0.1305,-0.407952230072979
-0.14593,-0.403488208334042
-0.16095,-0.397440222086774
-0.1755,-0.389815638230304
-0.18952,-0.380626964617369
-0.20295,-0.369891084087417
-0.21573,-0.357628481161416
-0.22782,-0.343877277268626
-0.23916,-0.328674464196817
-0.2497,-0.312062949486007
-0.2594,-0.294097029132162
-0.26822,-0.274839062391157
-0.27611,-0.25434913568159
-0.28303,-0.232691521622032
-0.28897,-0.20995451414882
-0.29388,-0.186213974322055
-0.29774,-0.161555982125833
-0.30054,-0.136079973265174
-0.30226,-0.10988608013492
-0.30288,-0.0830722447382381
-0.3024,-0.0557466732735957
-0.30082,-0.0280227593467917
-0.29813,-7.40501228368648e-06
-0.29435,0.0281787025090632
-0.28949,0.0564147437500952
-0.28356,0.0845834317561598
-0.27657,0.11257393860632
-0.26856,0.140261954837202
-0.25956,0.167523592251904
-0.24958,0.194254019952791
-0.23867,0.220337671473041
-0.22687,0.245661529451895
-0.21421,0.270125796954834
-0.20075,0.293622609548931
-0.18653,0.316056093041158
-0.1716,0.337336053864653
-0.15602,0.35737277000821
-0.13983,0.376094982143021
-0.12311,0.393419549880148
-0.1059,0.409286472753336
-0.088276,0.423630305245799
-0.070292,0.436400153747118
-0.052016,0.44754877796754
-0.033512,0.457037013031219
-0.014847,0.464831925846946
0.0039136,0.470908546772837
0.022701,0.475247333259913
0.041448,0.477835651243745
0.060085,0.478665796060904
0.078548,0.477739149047063
0.096766,0.475059933694215
0.11468,0.470644120281113
0.13221,0.464501845722938
0.14931,0.456664025981199
0.1659,0.44715292721931
0.18194,0.436013355144421
0.19735,0.423277988896278
0.21208,0.408991473327475
0.22609,0.393214680738908
0.23931,0.375998097214566
0.25171,0.357412355955784
0.26322,0.337513096992509
0.27382,0.316379541835585
0.28346,0.294085750450073
0.29212,0.270721917073268
0.29974,0.246359282401553
0.30632,0.221096244529915
0.31182,0.195020806374262
0.31622,0.168224904032937
0.31951,0.140808396429332
0.32168,0.11287463350571
0.32271,0.0845193463219903
0.3226,0.0558440208289306
0.32136,0.0269590841985551
0.31898,-0.0020359876593623
0.31548,-0.0310314877013629
0.31086,-0.0599276963538447
0.30515,-0.0886139775738829
0.29835,-0.116996630341764
0.2905,-0.144969162644361
0.28162,-0.172433072897248
0.27174,-0.199292230210531
0.2609,-0.225448314312255
0.24913,-0.250812011115198
0.23646,-0.275304432296827
0.22294,-0.298843220263782
0.20862,-0.321346237678261
0.19354,-0.342741933701065
0.17774,-0.362970040196649
0.16128,-0.381967055881274
0.14421,-0.399676811168535
0.12657,-0.416058785191175
0.10843,-0.431064813799304
0.089838,-0.444658954560217
0.070843,-0.456816149860094
0.051506,-0.467512716728723
0.031879,-0.476734150416818
0.012023,-0.484467831265889
-0.0080093,-0.490709859956522
-0.028156,-0.495457361308351
-0.048366,-0.49871700969421
-0.06858,-0.50049756173523
-0.088741,-0.500811509285677
-0.1088,-0.499680487644048
-0.12869,-0.497120125471338
-0.14836,-0.493153088615284
-0.16777,-0.487815670289736
-0.18685,-0.481132388818171
-0.20555,-0.47313274871809
-0.22384,-0.463864575496271
-0.24164,-0.453352481383767
-0.25892,-0.441638901707702
-0.27563,-0.428764892181528
-0.29173,-0.414776846641433
-0.30717,-0.399716940153873
-0.3219,-0.38362288935768
-0.3359,-0.366550024884709
-0.34912,-0.34854422276222
-0.36151,-0.329642485036553
-0.37306,-0.309903181923114
-0.38373,-0.289378081826516
-0.39348,-0.268112141497343
-0.40229,-0.246158266944274
-0.41013,-0.223566792049413
-0.41698,-0.20039183628699
-0.42281,-0.176681513550927
-0.42761,-0.152492361428192
-0.43137,-0.127885943617947
-0.43405,-0.102903774018671
-0.43567,-0.0776141628087704
-0.43619,-0.0520605105868167
-0.43563,-0.0263090175390022
-0.43397,-0.00041256618893059
-0.43121,0.0255736797837175
-0.42735,0.0515945774252119
-0.42241,0.0775820748388831
-0.41637,0.103489511514264
-0.40926,0.129252164364327
-0.40109,0.1548077004173
-0.39186,0.180105209800685
-0.38161,0.205075228772404
-0.37034,0.229665235395214
-0.35809,0.253808660397946
-0.34487,0.277452060747411
-0.33072,0.300532312700066
-0.31567,0.322988074196299
-0.29975,0.344761585586931
-0.283,0.365792644063236
-0.26545,0.386028611358883
-0.24715,0.405410102769809
-0.22813,0.423889217123845
-0.20844,0.441414353180946
-0.18814,0.457925464341685
-0.16726,0.473380031751046
-0.14585,0.487736572919445
-0.12398,0.500941325956845
-0.10168,0.512962200659838
-0.079027,0.523751233935439
-0.056065,0.533273904645475
-0.032858,0.541493203439788
-0.0094627,0.548377046252679
0.014058,0.553894126356621
0.037644,0.558017198217524
0.061233,0.560721909873172
0.084762,0.561986884837692
0.10817,0.561795694596085
0.13139,0.56013238861335
0.15436,0.556985997407976
0.17702,0.552351796765912
0.1993,0.546223271944992
0.22115,0.538607854610193
0.24251,0.529517039091246
0.2633,0.51895089024175
0.28349,0.50693759232286
0.303,0.493490613134956
0.32178,0.478633699827699
0.33979,0.462405931647982
0.35697,0.444843185605204
0.37327,0.425985432091862
0.38864,0.405875069175353
0.40304,0.384562876233621
0.41644,0.362112562532905
0.42879,0.338581875643986
0.44006,0.314037067760456
0.45022,0.288549496658016
0.45924,0.262192713675848
0.4671,0.235047411210135
0.47378,0.207197785556773
0.47925,0.178721071472192
0.48351,0.149708821637028
0.48654,0.120246663875693
0.48833,0.0904202841284187
0.48888,0.0603201993228421
0.48818,0.0300306475800233
0.48624,-0.000357054662180377
0.48305,-0.0307635527179183
0.47864,-0.0610921465004907
0.47299,-0.0912722147698291
0.46614,-0.121212213642024
0.45809,-0.150836323654155
0.44886,-0.180069222604735
0.43847,-0.208838620283793
0.42695,-0.237069839687015
0.41432,-0.264696314754141
0.40062,-0.291645663332669
0.38587,-0.317858205697193
0.37013,-0.343257188538869
0.35342,-0.367784397579244
0.33578,-0.39138401034408
0.31727,-0.413989527717497
0.29793,-0.435543090747653
0.27781,-0.455988634682819
0.25697,-0.475266325880758
0.23545,-0.493330359091611
0.21331,-0.510133354498155
0.19061,-0.5256286103069
0.16742,-0.539764488152702
0.14378,-0.552509589509442
0.11976,-0.563828144806913
0.095435,-0.573678768960682
0.070853,-0.582037248130399
0.046085,-0.588877471012702
0.021194,-0.594179024226788
-0.0037533,-0.597924490556166
-0.028692,-0.600101241472902
-0.053556,-0.600700516459035
-0.078279,-0.599717296523614
-0.1028,-0.597154148132455
-0.12704,-0.59300686408533
-0.15095,-0.587288536007518
-0.17446,-0.58001076236342
-0.1975,-0.571184044101707
-0.22002,-0.560832886941681
-0.24195,-0.548977997597918
-0.26323,-0.535644186993042
-0.2838,-0.520859198662527
-0.30361,-0.504660052817287
-0.3226,-0.487083095440537
-0.34072,-0.468170751996979
-0.35792,-0.447969379773153
-0.37416,-0.426534797437529
-0.38938,-0.403914270684691
-0.40354,-0.380161754060451
-0.4166,-0.355335168756344
-0.42854,-0.329508868893769
-0.4393,-0.302738852665246
-0.44887,-0.275101718212582
-0.45722,-0.246673716618652
-0.46432,-0.217528637608139
-0.47015,-0.187743517799055
-0.47469,-0.157395720112248
-0.47794,-0.126575329211519
-0.47988,-0.0953651957290858
-0.48051,-0.0638545857325992
-0.47984,-0.0321425823129617
-0.47785,-0.000310955118988479
-0.47456,0.0315455296767154
-0.46998,0.0633320324597351
-0.46413,0.0949492897793579
-0.457,0.126319844800374
-0.44864,0.157342097519398
-0.43905,0.187935276949049
-0.42827,0.218008605847847
-0.41631,0.247488510491105
-0.40322,0.27628835169544
-0.38903,0.304328757100859
-0.37377,0.331539038380506
-0.35747,0.357858130545427
-0.34019,0.383212920772068
-0.32196,0.407545466163777
-0.30283,0.430797557188582
-0.28284,0.452920475198058
-0.26205,0.473860415446685
-0.2405,0.493576444250669
-0.21824,0.512032441557038
-0.19532,0.529197870114013
-0.17181,0.545033436961161
-0.14775,0.559516718298258
-0.1232,0.572625377364035
-0.098216,0.584341369180051
-0.072854,0.594651231922292
-0.047172,0.603544697814416
-0.021228,0.6110149416612
0.0049198,0.617058514150263
0.031213,0.621675170256961
0.057593,0.624867616807835
0.084,0.626640460914082
0.11038,0.62700445867058
0.13666,0.625961404565188
0.1628,0.623530610007973
0.18874,0.619730565270681
0.21441,0.614571547533513
0.23977,0.608079420100667
0.26475,0.600270004692795
0.2893,0.5911656359371
0.31336,0.580786112625377
0.33689,0.569163634000208
0.35983,0.556324908466396
0.38212,0.542291637481279
0.40372,0.527095792808536
0.42458,0.51076945438253
0.44464,0.493336593791954
0.46386,0.474828819163252
0.48218,0.455268258874511
0.49957,0.434690972778849
0.51597,0.413121066302017
0.53135,0.390594496085123
0.54566,0.367140951023453
0.55885,0.342784185840969
0.57089,0.317557213636045
0.58174,0.29149211376523
0.59137,0.264626626255779
0.59974,0.236994514721407
0.60683,0.208640077088119
0.6126,0.179599970467896
0.61703,0.149918329101978
0.62011,0.119651346184631
0.6218,0.0888410603447303
0.62211,0.0575537428905275
0.62102,0.0258510266397644
0.61852,-0.00620367518347181
0.61461,-0.0385400719055387
0.60929,-0.0710844834417378
0.60257,-0.103755365770257
0.59444,-0.136482125396885
0.58492,-0.169183054260497
0.57403,-0.20177004911614
0.56177,-0.234167396538928
0.54818,-0.266282250277048
0.53327,-0.298033080477423
0.51706,-0.329342755525787
0.49959,-0.360125491046531
0.48089,-0.390298761583217
0.46099,-0.419785441263708
0.43994,-0.448500621431968
0.41776,-0.476378187065022
0.39451,-0.503339998187203
0.37024,-0.52930835374886
0.34497,-0.554230826248195
0.31878,-0.578033078816917
0.29171,-0.600655365560112
0.26381,-0.622044589950978
0.23515,-0.642140344701674
0.20579,-0.660886028430399
0.17577,-0.67824509953185
0.14518,-0.694161886825257
0.11406,-0.708604447626917
0.082502,-0.7215230414141
0.050557,-0.732885893199264
0.018301,-0.742658723048008
-0.014196,-0.750811230744431
-0.046863,-0.757317021911778
-0.079624,-0.762150471685813
-0.11241,-0.765293032909123
-0.14514,-0.766724064664982
-0.17775,-0.766434922572595
-0.21015,-0.764408179212806
-0.24229,-0.760649895611426
-0.27407,-0.755148435652599
-0.30543,-0.747908265925945
-0.3363,-0.738939770948057
-0.3666,-0.72825087125885
-0.39626,-0.715855088926633
-0.42521,-0.701770474219118
-0.45338,-0.686018594239524
-0.4807,-0.668623594369647
-0.50711,-0.649618738639394
-0.53254,-0.62903662114083
-0.55693,-0.606916050884537
-0.58021,-0.583292608892054
-0.60234,-0.558220670380402
-0.62325,-0.53174625917987
-0.64289,-0.503922327344019
-0.66121,-0.47480605532605
-0.67817,-0.444463929555184
-0.69371,-0.412953367410301
-0.7078,-0.380345078874532
-0.7204,-0.346711122516448
-0.73148,-0.312130002818424
-0.741,-0.276675777466949
-0.74893,-0.240424140636426
-0.75526,-0.203464639554398
-0.75995,-0.165873148240629
-0.76299,-0.127734370103159
-0.76437,-0.0891375185077819
-0.76408,-0.05017269070566
-0.76211,-0.0109278862016562
-0.75847,0.0284985856975567
-0.75315,0.0680179888633972
-0.74617,0.107529990972991
-0.73753,0.14694291517432
-0.72725,0.186160284671982
-0.71536,0.225077527892125
-0.70188,0.263594345902594
-0.68683,0.301617205147137
-0.67025,0.339046413520566
-0.65218,0.375780677480486
-0.63265,0.411728232591389
-0.61172,0.446786008283461
-0.58942,0.4808675240892
-0.56582,0.513873189825865
-0.54097,0.545711099299601
-0.51493,0.576291412853839
-0.48776,0.605529190937368
-0.45952,0.633346564061073
-0.43029,0.659659514767178
-0.40014,0.684389570578679
-0.36913,0.707473087049049
-0.33735,0.72883876858471
-0.30487,0.748426723336889
-0.27177,0.766181328712413
-0.23813,0.782052761579677
-0.20402,0.796005466483148
-0.16954,0.807995012321399
-0.13476,0.817994020648667
-0.099757,0.825985234416958
-0.064618,0.831953432221862
-0.029419,0.835894356807182
0.0057587,0.837809536049627
0.04084,0.837710428108312
0.075747,0.835614807448814
0.11041,0.831551780594859
0.14475,0.8255525440736
0.17869,0.817651184130568
0.21217,0.807896283824196
0.24512,0.796339883053378
0.27747,0.783035831581899
0.30916,0.768045747757339
0.34012,0.751428767282368
0.37029,0.733248075650968
0.39961,0.713568611595083
0.42802,0.692455114884214
0.45547,0.669977899386072
0.4819,0.646202517978257
0.50726,0.62119629625797
0.53149,0.595018708830014
0.55454,0.567728570599946
0.57636,0.539382411706917
0.59692,0.510047989381406
0.61616,0.479777881044903
0.63405,0.448632939106561
0.65053,0.416656572247813
0.66559,0.383913615566033
0.67918,0.350454525696501
0.69128,0.31633865526127
0.70186,0.281623177614378
0.7109,0.246368998627753
0.71838,0.210638014284613
0.72429,0.174498259149647
0.72861,0.138013091059067
0.73135,0.101262165441596
0.7325,0.0643209263152264
0.73207,0.0272737550389313
0.73006,-0.00979787475060032
0.72649,-0.04680270157751
0.72138,-0.083644510298645
0.71474,-0.120233575236505
0.70661,-0.156466161115348
0.69702,-0.192237972228159
0.686,-0.227447635739935
0.67359,-0.261992073424973
0.65983,-0.295770243842706
0.64477,-0.32867873800933
0.62846,-0.360615713233269
0.61095,-0.391484048879658
0.5923,-0.421186397994929
0.57256,-0.449636020415806
0.55179,-0.476750469691493
0.53007,-0.502439011853321
0.50744,-0.526637082385798
0.48398,-0.549274225332582
0.45976,-0.570285390443062
0.43484,-0.589619889478561
0.40929,-0.607233450921373
0.38319,-0.623081639645074
0.3566,-0.637136724757622
0.3296,-0.649371238644921
0.30226,-0.659766882818731
0.27465,-0.668314040669427
0.24683,-0.675018528361368
0.21889,-0.679877016302343
0.19088,-0.6829091827999
0.16288,-0.684131217050435
0.13495,-0.683571490168435
0.10716,-0.681260628595642
0.079572,-0.677236717374253
0.052251,-0.671541109843194
0.025256,-0.664221567712416
-0.001351,-0.655327913499916
-0.027515,-0.644915813189106
-0.053178,-0.633042221338027
-0.078287,-0.619767537615122
-0.10279,-0.605154241556399
-0.12664,-0.589268643822676
-0.14979,-0.572178448889827
-0.17219,-0.55394848369002
-0.1938,-0.534646892074554
-0.21458,-0.514342598695371
-0.2345,-0.493110599951936
-0.25352,-0.471021238625247
-0.2716,-0.448139031398562
-0.28873,-0.424544021310043
-0.30486,-0.400296781292188
-0.31998,-0.375469844346122
-0.33406,-0.350128315578842
-0.34709,-0.324344000364639
-0.35905,-0.298184404097588
-0.36992,-0.271711349570113
-0.3797,-0.244994776626793
-0.38837,-0.218094053140913
-0.39594,-0.191080150568373
-0.40239,-0.164008824322386
-0.40773,-0.136943753181348
-0.41196,-0.109945386209839
-0.41509,-0.0830768250425615
-0.41712,-0.0563936939289098
-0.41807,-0.0299583482822613
-0.41794,-0.00382156076906197
-0.41675,0.0219623619706422
-0.41452,0.0473382834288569
-0.41127,0.0722524342927989
-0.40701,0.0966615470914912
-0.40178,0.120510365404395
-0.39558,0.14376559755239
-0.38845,0.166383545425546
-0.38041,0.188328656763318
-0.37149,0.20956606586098
-0.36171,0.230070351040846
-0.35111,0.249810149903134
-0.33971,0.268765483349566
-0.32755,0.286911823876499
-0.31465,0.304236943217034
-0.30105,0.320724571443322
-0.28678,0.336363500704422
-0.27188,0.351139974849476
-0.25639,0.365038994323985
-0.24034,0.378052773177212
-0.22376,0.390179958066812
-0.2067,0.401410023464571
-0.1892,0.411733092240328
-0.1713,0.421140412210627
-0.15304,0.429624695420093
-0.13447,0.437172940820289
-0.11562,0.443782969371878
-0.096552,0.449437997647416
-0.077303,0.454128663914703
-0.057921,0.457843948283643
-0.038457,0.460569807906641
-0.018959,0.462292580661379
0.00052161,0.462996983944697
0.019935,0.462668198780634
0.039227,0.461289168465464
0.058347,0.458844317938486
0.077241,0.455317370112291
0.095855,0.45069210962103
0.11414,0.444956693584426
0.13203,0.438090739945405
0.14948,0.430083243001334
0.16643,0.420920143793234
0.18284,0.410600281470262
0.19865,0.399118332093815
0.2138,0.386465951358781
0.22825,0.372647553986439
0.24195,0.357670512141292
0.25484,0.34153717322936
0.26689,0.324268126269613
0.27805,0.305883494102505
0.28827,0.286402646460218
0.29752,0.26585875648963
0.30576,0.244287971425203
0.31295,0.221727982976188
0.31907,0.198231599479359
0.32409,0.173855081919984
0.32797,0.148648621800416
0.33071,0.122685764094394
0.33229,0.0960421120946891
0.33268,0.0687854711574572
0.33188,0.04099763819097
0.32989,0.0127693737556924
0.32669,-0.0158187119638012
0.3223,-0.0446669751647186
0.3167,-0.07369292464168
0.30992,-0.102793423455327
0.30197,-0.131866573336997
0.29286,-0.160814566225463
0.2826,-0.189545931247503
0.27123,-0.21795503894248
0.25877,-0.245942961395345
0.24525,-0.273411958347652
0.23071,-0.300261042643785
0.21518,-0.326397314391544
0.19869,-0.351737526434946
0.18131,-0.376179541374174
0.16306,-0.399646396008391
0.14401,-0.422047225203848
0.1242,-0.44330531702022
0.1037,-0.463335990068557
0.08255,-0.482073360130176
0.06082,-0.499447060894394
0.038571,-0.51539244823536
0.015867,-0.529849796609704
-0.0072234,-0.542762339431347
-0.030635,-0.554080524089991
-0.054294,-0.563756370905877
-0.07813,-0.571747748872843
-0.10207,-0.578017217557641
-0.12604,-0.58253213978566
-0.14997,-0.585268327734599
-0.17377,-0.586194989507746
-0.19738,-0.58529972067866
-0.22072,-0.58257116822723
-0.24371,-0.577999798503449
-0.26627,-0.571578431410861
-0.28834,-0.563317370853261
-0.30983,-0.553219138238038
-0.33068,-0.541302650093443
-0.35081,-0.527585260848456
-0.37016,-0.512097878912647
-0.38866,-0.49487457006352
-0.40624,-0.475951449943211
-0.42283,-0.455365686735683
-0.43839,-0.433176813057356
-0.45286,-0.409446307056884
-0.46618,-0.384235830527102
-0.4783,-0.357613138708311
-0.48917,-0.329649233763759
-0.49877,-0.30043812667883
-0.50703,-0.270052950972166
-0.51395,-0.238599825196064
-0.51948,-0.20617160218924
-0.5236,-0.172870049631221
-0.5263,-0.138808639175005
-0.52755,-0.104092250769274
-0.52734,-0.0688305572960068
-0.52567,-0.0331412311910275
-0.52253,0.00286252080695808
-0.51794,0.0390523571315153
-0.51188,0.0753212221169565
-0.50439,0.111538243655731
-0.49546,0.147594405388382
-0.48514,0.183357477484316
-0.47342,0.218725093820939
-0.46036,0.253570651060672
-0.44598,0.287781726861793
-0.43031,0.321253726804174
-0.4134,0.35387720714055
-0.39529,0.385549993807263
-0.37603,0.416171989880825
-0.35566,0.445655751743946
-0.33425,0.473905116986553
-0.31185,0.500835190924744
-0.28852,0.526365979927661
-0.26432,0.550424538083321
-0.23931,0.572946515457432
-0.21357,0.593862385077372
-0.18716,0.613116045942648
-0.16015,0.630657268897454
-0.13262,0.646435443810212
-0.10463,0.660416716322211
-0.076281,0.672552226343649
-0.047633,0.682813515100968
-0.018769,0.691173172507763
0.010233,0.697609899680964
0.039293,0.702107219154983
0.06833,0.704653016515691
0.097268,0.70524346028968
0.12603,0.703881474431293
0.15452,0.700561978815349
0.18269,0.695309711415492
0.21045,0.688142342298169
0.23772,0.679079344424594
0.26443,0.668149038880874
0.29052,0.655394002332113
0.31591,0.640852826400662
0.34053,0.62456765311373
0.36432,0.606590099801639
0.38722,0.586978346883419
0.40916,0.565787174810418
0.43009,0.54308215416323
0.44997,0.518943358882272
0.46872,0.493430954659048
0.48633,0.466639276678468
0.50273,0.438643331063631
0.5179,0.409537483480472
0.53179,0.379406910758962
0.54438,0.348349155534656
0.55564,0.316461540377019
0.56555,0.283845773668465
0.57409,0.25060409888627
0.58125,0.216843522995645
0.58702,0.18267165617133
0.5914,0.148200692185851
0.59438,0.113535657315418
0.59597,0.0787872642772851
0.59618,0.0440672899426985
0.59502,0.00948478507009266
0.5925,-0.0248569524105943
0.58866,-0.0588405164554422
0.5835,-0.0923705531145052
0.57707,-0.12533580289503
0.5694,-0.15763071923303
0.56051,-0.189165369983503
0.55047,-0.219828666685448
0.53929,-0.249540648081972
0.52705,-0.278197681205274
0.51378,-0.305717674447606
0.49954,-0.332016798377627
0.48439,-0.357012970341429
0.46838,-0.380636013175084
0.45158,-0.402813349596014
0.43405,-0.423480718811021
0.41586,-0.442575797403214
0.39706,-0.460055190802013
0.37774,-0.475863251446621
0.35795,-0.489966413155789
0.33776,-0.502335896890395
0.31725,-0.512941025761111
0.29647,-0.52177343748931
0.27551,-0.528814219703953
0.25442,-0.534066828172635
0.23328,-0.537531227148723
0.21215,-0.53922008008209
0.19109,-0.539156633032592
0.17017,-0.537365296616207
0.14946,-0.533871366090436
0.12901,-0.528715508745001
0.10888,-0.521942806826987
0.089132,-0.513599677469045
0.06982,-0.503738690596983
0.050997,-0.492417057615213
0.032712,-0.479697456739738
0.015016,-0.465644062187322
-0.0020492,-0.450327531229525
-0.018439,-0.433819924296261
-0.034116,-0.416197915141991
-0.049042,-0.397539286128747
-0.063187,-0.377926677505501
-0.076518,-0.357442146926151
-0.089011,-0.336171623036104
-0.10064,-0.314200208212774
-0.11139,-0.291617981241105
-0.12124,-0.268511925695504
-0.13019,-0.244979430761399
-0.13821,-0.221101139559264
-0.14531,-0.196971226096812
-0.15148,-0.172677032009358
-0.15673,-0.148312385397801
-0.16105,-0.123958546492048
-0.16447,-0.0997135206103274
-0.16698,-0.0756560542043106
-0.16862,-0.0518836544275166
-0.16939,-0.0284761560944586
-0.16932,-0.00551856527924875
-0.16844,0.0169028759961325
-0.16677,0.0387113024662612
-0.16436,0.0598179690152368
-0.16122,0.0801572122187912
-0.15742,0.0996400829555959
-0.15297,0.118206340217611
-0.14794,0.135776866985883
-0.14236,0.152289775863257
-0.13628,0.167684686472569
-0.12976,0.181897415920543
-0.12283,0.194885376387597
-0.11557,0.206588315091555
-0.10802,0.216963681678392
-0.10024,0.225970285460941
-0.092285,0.233573573502791
-0.084216,0.239741559538917
-0.07609,0.244448853883009
-0.067968,0.247673802735585
-0.05991,0.249399761034513
-0.051972,0.249618182493533
-0.044216,0.248323478663823
-0.0367,0.245516164974947
-0.02948,0.24120372670403
-0.022613,0.235398885378135
-0.016156,0.228118769480187
-0.010159,0.219389270728133
-0.0046752,0.209240745760519
0.00024684,0.197710193645614
0.0045604,0.184840723853532
0.0082251,0.170684253423054
0.011197,0.155296084572211
0.013443,0.138741047918471
0.014929,0.12108939978566
0.015627,0.102418575114222
0.015511,0.0828113272717562
0.014562,0.0623577334778478
0.012765,0.0411543461961467
0.010109,0.0193032841755259
0.0065854,-0.00308988788799884
0.0021953,-0.0259126198223625
-0.0030591,-0.0490491251227792
-0.0091697,-0.0723799971775473
-0.016126,-0.0957846449306909
-0.023908,-0.119138096675223
-0.032498,-0.142317324375761
-0.041868,-0.165197030295445
-0.05199,-0.187653984734942
-0.062829,-0.20956534451321
-0.074346,-0.230809557038693
-0.086503,-0.251270800437889
-0.099254,-0.270835802312092
-0.11255,-0.289394946950609
-0.12634,-0.306843845311991
-0.14057,-0.32308375477798
-0.15519,-0.338026974525427
-0.17013,-0.351583177027205
-0.18534,-0.363678054351315
-0.20075,-0.374238354982678
-0.21631,-0.383209386269738
-0.23195,-0.39053905389731
-0.2476,-0.396179711558391
-0.2632,-0.400096909939131
-0.27868,-0.402261294338907
-0.29398,-0.402656710092181
-0.30903,-0.40127157026401
-0.32376,-0.398099138201131
-0.33812,-0.393152379953134
-0.35205,-0.386453200139787
-0.36547,-0.37801609071078
-0.37833,-0.367872060223376
-0.39058,-0.356065250431737
-0.40215,-0.342635027138336
-0.41299,-0.327631187271448
-0.42305,-0.311111088589838
-0.43229,-0.293144480753907
-0.44065,-0.273794827488464
-0.44809,-0.253133928585351
-0.45458,-0.231246026196913
-0.46006,-0.208201146936565
-0.46452,-0.184093083998052
-0.46792,-0.159010165861648
-0.47023,-0.133041363726617
-0.47143,-0.106281127586879
-0.4715,-0.0788256879982942
-0.47041,-0.0507625739745232
-0.46816,-0.0221919142301456
-0.46474,0.00678635317172261
-0.46014,0.0360754337824528
-0.45437,0.0655692342898646
-0.44741,0.0951796024963294
-0.43928,0.124806093966688
-0.42999,0.154348942532793
-0.41956,0.183704731810513
-0.40799,0.212785227562468
-0.39532,0.24148782469102
-0.38156,0.269723901711456
-0.36675,0.297396959772426
-0.35093,0.324407418971063
-0.33412,0.350671373656703
-0.31637,0.376098350759998
-0.29772,0.400603157051679
-0.27823,0.424093110719684
-0.25793,0.446494937298796
-0.23689,0.46772418705893
-0.21516,0.48770525987863
-0.19279,0.506372526377819
-0.16985,0.523656190509156
-0.1464,0.539493187178694
-0.12251,0.55382099153968
-0.09823,0.566594801446599
-0.073639,0.577764682871892
-0.048802,0.587289072432383
-0.023787,0.595132850180178
0.0013351,0.60126567809708
0.026495,0.605663843800647
0.051622,0.608309331729763
0.076645,0.609189639597299
0.1015,0.608303005597736
0.1261,0.605640047643708
0.1504,0.601217199521985
0.17431,0.595038611205276
0.19778,0.58712858772686
0.22074,0.577512792356422
0.24313,0.566225211311984
0.26489,0.553306106441911
0.28595,0.538792756439891
0.30627,0.522741603167377
0.32578,0.505201180010147
0.34445,0.486242220295936
0.36223,0.465936922544815
0.37906,0.44434954288689
0.39492,0.421565932304211
0.40977,0.397672356245837
0.42357,0.372753151932664
0.4363,0.346903616718691
0.44794,0.320225265166401
0.45846,0.292814394688351
0.46785,0.264775129984821
0.47609,0.236207486365591
0.48319,0.207227387772852
0.48913,0.177937961751184
0.49391,0.148443659169969
0.49755,0.118861545430003
0.50004,0.0892930532637037
0.5014,0.0598459479769162
0.50164,0.0306222355163952
0.50079,0.00173071993928303
0.49885,-0.0267400689148993
0.49587,-0.0546840367012526
0.49187,-0.082006675077329
0.48687,-0.108626090571012
0.48092,-0.134451349884548
0.47405,-0.159402252777681
0.4663,-0.183402812296002
0.45772,-0.206375902756022
0.44834,-0.228261167544822
0.43821,-0.248999440271042
0.42739,-0.268527550553428
0.41591,-0.286803812147402
0.40383,-0.303783628187785
0.39121,-0.31942207888383
0.37809,-0.333690782202525
0.36453,-0.346561455258748
0.35058,-0.358014829965811
0.3363,-0.368032783137298
0.32175,-0.376599327814236
0.30697,-0.383716116494187
0.29203,-0.389377470735319
0.27698,-0.393587387772292
0.26187,-0.396358164162072
0.24677,-0.397694243168456
0.23172,-0.397616335148826
0.21678,-0.396143417330986
0.20199,-0.393307819505234
0.18742,-0.389130011894461
0.17311,-0.383642920202853
0.1591,-0.376888969747633
0.14545,-0.368902629608138
0.1322,-0.359726084658381
0.11938,-0.349414227776114
0.10704,-0.338016131142636
0.095205,-0.325593500895722
0.083922,-0.312200415653915
0.073213,-0.297901910146524
0.063107,-0.282764957961557
0.053626,-0.266861469548378
0.044791,-0.250266099267774
0.036619,-0.233056582417494
0.029123,-0.215313883130921
0.02231,-0.19712366672066
0.01619,-0.178570665658101
0.01076,-0.15974595317902
0.006021,-0.140740026405164
0.0019661,-0.121646006800949
-0.0014129,-0.102557228219831
-0.0041309,-0.083569241974033
-0.0062023,-0.0647760117789769
-0.0076465,-0.0462709181033748
-0.008486,-0.0281461409409212
-0.0087484,-0.0104936399653765
-0.0084606,0.00659836971188734
-0.0076533,0.0230448617768064
-0.0063613,0.0387632726119201
-0.0046194,0.0536759062273573
-0.0024652,0.0677096943751468
6.0047e-05,0.0807952675672445
0.0029168,0.0928700888734411
0.0060632,0.103877829658543
0.0094527,0.113765955872153
0.013042,0.122489550042696
0.016787,0.130011195551589
0.020642,0.136300088888299
0.024561,0.141332099774707
0.028498,0.145089849105639
0.032408,0.147563313249255
0.036248,0.14875083387835
0.039973,0.148656726910376
0.043538,0.147290644618418
0.046904,0.144671322047325
0.050031,0.140824144758279
0.052877,0.135778233770601
0.055408,0.129571347794375
0.057587,0.122245427057466
0.059382,0.113848760967312
0.060761,0.104433820560527
0.061696,0.0940583089520153
0.062162,0.0827850794157561
0.062134,0.0706796635482376
0.06159,0.0578103730738781
0.060513,0.0442497339335412
0.058886,0.0300717817731848
0.056695,0.0153520087463644
0.053929,0.000167230062746456
0.050581,-0.015403868380365
0.046644,-0.0312833435493599
0.042117,-0.0473916914115018
0.036998,-0.0636512520552842
0.031291,-0.0799837709123563
0.025,-0.0963129255404219
0.018135,-0.112561910226276
0.010704,-0.128657451958324
0.0027207,-0.144527291757882
-0.0057972,-0.160099413323845
-0.014833,-0.175305136053458
-0.024366,-0.190077845494338
-0.034373,-0.204353045559221
-0.044827,-0.218067399393155
-0.055701,-0.231160749146861
-0.066965,-0.24357545343888
-0.078588,-0.255257276331557
-0.090534,-0.266153062783528
-0.10277,-0.27621475683699
-0.11526,-0.285398072364466
-0.12797,-0.293665023037531
-0.14085,-0.300972480430656
-0.15386,-0.307282303372228
-0.16698,-0.31257676283621
-0.18015,-0.316826068490893
-0.19333,-0.320006866057023
-0.20649,-0.322109561191751
-0.21958,-0.323121668010529
-0.23255,-0.323029231681929
-0.24538,-0.321840174688438
-0.25801,-0.319550757120657
-0.27041,-0.316170591608466
-0.28255,-0.311720240889605
-0.29437,-0.30620678434593
-0.30584,-0.299648808355004
-0.31693,-0.292074027056779
-0.3276,-0.283509708021202
-0.33782,-0.273989723465796
-0.34755,-0.263545230976154
-0.35677,-0.252219383539162
-0.36543,-0.2400418561305
-0.37352,-0.227060396631607
-0.38101,-0.213321377057323
-0.38787,-0.198868915031924
-0.39408,-0.183751577286492
-0.39962,-0.168020236041879
-0.40447,-0.151726249272612
-0.40862,-0.134927344379648
-0.41205,-0.117677371311827
-0.41475,-0.10003290223259
-0.41671,-0.0820510503257117
-0.41792,-0.0637876680435611
-0.41839,-0.0453106924023661
-0.4181,-0.0266735826967464
-0.41705,-0.00793123381064395
-0.41525,0.010854661947023
-0.4127,0.0296262772321126
-0.40941,0.0483233713620714
-0.40538,0.0668931083917326
-0.40062,0.085283008893179
-0.39515,0.103435277439926
-0.38898,0.121297169753368
-0.38212,0.138821836086622
-0.37459,0.155961469135577
-0.3664,0.172676608328225
-0.35759,0.188913842202106
-0.34816,0.204639971239005
-0.33813,0.219824651213924
-0.32754,0.234426336602071
-0.3164,0.248418209142755
-0.30473,0.261779108716742
-0.29257,0.274478680623534
-0.27992,0.286510006184931
-0.26683,0.297848722155641
-0.25331,0.308487073612644
-0.23938,0.318423933050705
-0.22508,0.327649178380058
-0.21042,0.336168289419049
-0.19543,0.343984767914514
-0.18014,0.351100791286176
-0.16456,0.357532538141582
-0.14873,0.363285175665221
-0.13267,0.36836993661165
-0.11641,0.372795506530938
-0.099961,0.376582576107267
-0.08336,0.379741955372038
-0.066632,0.382285267633508
-0.049802,0.384224642434059
-0.032899,0.385569476315525
-0.015949,0.38632904942229
0.0010172,0.386508849382602
0.017973,0.38611434651028
0.034888,0.385148106174606
0.051731,0.383609744014225
0.068476,0.381500394323682
0.085089,0.37881650384607
0.10154,0.37555382119672
0.1178,0.371708407906504
0.13384,0.367276706839511
0.14962,0.362247451384818
0.16513,0.356625669003976
0.18032,0.350399838996004
0.19517,0.343567623230291
0.20965,0.33612678086163
0.22373,0.328075246825042
0.23739,0.319418587829862
0.25059,0.310153626977328
0.26332,0.300292450157336
0.27555,0.289844379811635
0.28725,0.278816307822069
0.2984,0.26722041011682
0.30898,0.25507282634492
0.31898,0.242399887493015
0.32836,0.229213278143722
0.33711,0.215534754050865
0.34521,0.201386203807601
0.35265,0.186796422210943
0.35941,0.171791586526195
0.36547,0.156395027706124
0.37082,0.140634496142707
0.37545,0.124540495035143
0.37934,0.108137457690659
0.38249,0.0914589659938739
0.38489,0.074537580020061
0.38652,0.0573966543359547
0.3874,0.0400809443241508
0.3875,0.0226141474827534
0.38684,0.00503917535608369
0.38541,-0.0126090687776771
0.38323,-0.030281051692159
0.38028,-0.0479465325260658
0.37659,-0.0655548571080425
0.37217,-0.0830552685399412
0.36702,-0.10040589168714
0.36116,-0.117558582363163
0.35461,-0.134461686824184
0.34738,-0.151069764368611
0.3395,-0.167329092262372
0.33098,-0.183195797723639
0.32185,-0.198620648522052
0.31214,-0.213551739258229
0.30186,-0.227951528265364
0.29105,-0.24177323467395
0.27972,-0.254986442913317
0.26792,-0.267545548748206
0.25567,-0.279416495280284
0.24299,-0.290575837543557
0.22992,-0.300994933138181
0.21649,-0.310649517355091
0.20273,-0.319519902422078
0.18867,-0.327591016274317
0.17435,-0.334844909598706
0.15981,-0.341262171430569
0.14507,-0.34683788657516
0.13017,-0.351564532128721
0.11515,-0.355433039138276
0.10004,-0.358441062806525
0.084874,-0.360589105566478
0.069698,-0.361871385650017
0.054543,-0.362288586881016
0.039448,-0.361840938527303
0.02445,-0.360530031071004
0.0095841,-0.358360152893612
-0.0051098,-0.355334326261776
-0.019595,-0.351457044420538
-0.033833,-0.346732724034894
-0.047787,-0.341167032870442
-0.06142,-0.334766507179177
-0.074692,-0.327536135212136
-0.08757,-0.319484831098853
-0.10001,-0.310616418559922
-0.11199,-0.300946891025329
-0.12346,-0.290481016981715
-0.1344,-0.279236659928938
-0.14477,-0.26722704787678
-0.15454,-0.254468781260657
-0.16369,-0.24098818584349
-0.17217,-0.226796585122407
-0.17998,-0.211929909961457
-0.18709,-0.196420808500833
-0.19347,-0.180298429282126
-0.1991,-0.163595703463814
-0.20397,-0.146355097274806
-0.20807,-0.128625593647827
-0.21138,-0.110452676406792
-0.21389,-0.0918851115287331
-0.2156,-0.0729803007176605
-0.21651,-0.0538009570009799
-0.2166,-0.0343974682620871
-0.21588,-0.0148309452581568
-0.21436,0.00483069443683599
-0.21205,0.0245160757480243
-0.20895,0.0441605803938925
-0.20508,0.0636922512621572
-0.20045,0.0830428401147813
-0.19508,0.102141850622607
-0.18899,0.120919220034156
-0.18221,0.139300096674088
-0.17475,0.15722296837937
-0.16665,0.174616975619735
-0.15794,0.191413472529616
-0.14864,0.207555303678935
-0.13879,0.222981819728076
-0.12843,0.237631696049427
-0.11759,0.251452624562241
-0.10631,0.264394112402712
-0.094622,0.276414954315411
-0.082579,0.28746756858992
-0.070217,0.297513638280561
-0.057578,0.306519463049916
-0.044705,0.314455790811586
-0.031641,0.32129829830317
-0.018429,0.327027839842042
-0.0051141,0.331628946585871
0.0082629,0.335093238326305
0.021658,0.337416424016293
0.035032,0.33860167417637
0.04834,0.338654355114706
0.061543,0.337586279249532
0.074603,0.335415309881322
0.087481,0.332163376650576
0.10014,0.327856955364838
0.11254,0.322523601634686
0.12464,0.316190567961734
0.13642,0.30889993040536
0.14783,0.300682642490007
0.15884,0.291574849690024
0.16943,0.281623467487276
0.17955,0.270860782530651
0.18918,0.259328695098509
0.1983,0.247075786098102
0.20686,0.234132564048246
0.21484,0.220536317180095
0.22223,0.206336147073517
0.22899,0.191567120318061
0.2351,0.176266748666858
0.24055,0.160480784974008
0.24532,0.144252876445582
0.24938,0.127616257978973
0.25273,0.11061688494354
0.25535,0.0932947539499761
0.25724,0.0756985755134179
0.25838,0.057867772779547
0.25877,0.0398477804644859
0.25841,0.0216874124277234
0.2573,0.00343664433100995
0.25543,-0.0148626160374055
0.25281,-0.0331615900741031
0.24944,-0.0514149674546167
0.24533,-0.069574366831766
0.24049,-0.0875905524088828
0.23494,-0.105407853916895
0.22867,-0.122989433105379
0.22172,-0.14027800879353
0.21409,-0.157231304113133
0.20581,-0.1737984606938
0.19691,-0.189923449253085
0.18739,-0.205570145438555
0.17729,-0.220690270479371
0.16664,-0.235234852823279
0.15546,-0.249163481175134
0.14379,-0.262429361659237
0.13165,-0.274997029143386
0.11908,-0.286826748409025
0.10611,-0.297884243341098
0.092778,-0.308135081203357
0.079111,-0.317554203409205
0.065145,-0.326118571638529
0.050915,-0.333808580443162
0.036457,-0.340607616726765
0.021804,-0.346504574337534
0.0069894,-0.351493211581711
-0.0079513,-0.355570235813284
-0.022986,-0.358737732910734
-0.038079,-0.360999788498573
-0.053201,-0.362367087069411
-0.068319,-0.362852954731342
-0.083398,-0.362471332860578
-0.09841,-0.36124175613887
-0.11332,-0.359182837250901
-0.12811,-0.356324763218228
-0.14274,-0.352690195368438
-0.15719,-0.348310102139212
-0.17143,-0.343214084339575
-0.18542,-0.337422581767548
-0.19916,-0.330977777190407
-0.2126,-0.323901354596288
-0.22573,-0.316227520502641
-0.23853,-0.307992285298841
-0.25096,-0.29921736215129
-0.26301,-0.289934508885855
-0.27466,-0.280175283140212
-0.28588,-0.269962776503159
-0.29666,-0.25932733768715
-0.30697,-0.248289456957903
-0.31679,-0.236868399638332
-0.32611,-0.225089182669539
-0.33491,-0.212973253911775
-0.34317,-0.20053846161361
-0.35088,-0.187806509808731
-0.35802,-0.174794071581436
-0.36457,-0.161513147484271
-0.37053,-0.147986263400181
-0.37587,-0.134221469382069
-0.3806,-0.120244337056503
-0.3847,-0.106071525593092
-0.38815,-0.0917118955963821
-0.39095,-0.0771823908212612
-0.39309,-0.0624984457953531
-0.39456,-0.0476736953018769
-0.39535,-0.0327197848379756
-0.39547,-0.017661064751389
-0.39489,-0.00250173235657264
-0.39362,0.0127409648871233
-0.39166,0.0280472852817712
-0.389,0.043403555084491
-0.38563,0.0588015227621864
-0.38156,0.0742229097978295
-0.3768,0.089642000742015
-0.37133,0.105050105436581
-0.36517,0.120423070158489
-0.35832,0.135739869517297
-0.35078,0.150982714426531
-0.34257,0.166122269218201
-0.33369,0.18113561928118
-0.32416,0.195991004595786
-0.31398,0.210665336654119
-0.30318,0.225121117708751
-0.29176,0.239332594282867
-0.27976,0.253254765149985
-0.26719,0.266850679865933
-0.25406,0.280091055725056
-0.24042,0.292924205252492
-0.22628,0.305311549810361
-0.21168,0.317204140893518
-0.19664,0.328561005432832
-0.1812,0.339334154616217
-0.16539,0.349478886831529
-0.14926,0.358939828101381
-0.13283,0.367676951563882
-0.11616,0.37563439553061
-0.099273,0.382772706587912
-0.082223,0.389044121843217
-0.065053,0.394403940172918
-0.047804,0.398812958163402
-0.030527,0.402230428748175
-0.013264,0.404622486221342
0.0039347,0.405955969012047
0.021026,0.406204891654111
0.037962,0.405346601615693
0.054696,0.403363032395309
0.071185,0.400243438612659
0.087381,0.395979969306171
0.10325,0.39057806779913
0.11873,0.384033430735702
0.1338,0.376364701770043
0.14841,0.367587436654224
0.16252,0.357722022740385
0.1761,0.346799903651492
0.18911,0.334853490883386
0.20153,0.321930165058766
0.21333,0.308080952184501
0.22446,0.293343864685419
0.23493,0.277789931338134
0.24469,0.26147065313071
0.25374,0.244457474885638
0.26206,0.226821260553808
0.26964,0.208637915129508
0.27646,0.189977940633953
0.28252,0.170920296114669
0.28783,0.151555911461788
0.29236,0.131953187885206
0.29614,0.112204683099465
0.29915,0.0923827120561607
0.30142,0.0725780099206581
0.30294,0.0528638097556825
0.30373,0.0333190791336593
0.3038,0.014017476352799
0.30317,-0.00496664723869931
0.30185,-0.0235682481241048
0.29986,-0.0417246439960635
0.29723,-0.0593698731835874
0.29396,-0.0764598312798546
0.29009,-0.0929402091345934
0.28563,-0.108772695474426
0.28061,-0.123918700022829
0.27505,-0.138348431189633
0.26899,-0.152025785164155
0.26244,-0.164933298491303
0.25543,-0.177054787564052
0.24799,-0.188376103240918
0.24015,-0.198885659862158
0.23194,-0.208574770078617
0.22337,-0.217452611134272
0.21449,-0.225513427211567
0.20532,-0.232762220315432
0.19588,-0.239212957366828
0.1862,-0.244879476485404
0.17631,-0.249775523834032
0.16624,-0.2539147472859
0.156,-0.257325454524337
0.14564,-0.260017722547034
0.13516,-0.262023890197746
0.1246,-0.263364022367435
0.11399,-0.264055342690591
0.10333,-0.264134665996369
0.092665,-0.263620480868354
0.082011,-0.262537563312437
0.071391,-0.260909992792282
0.06083,-0.258759219546123
0.05035,-0.256106248670997
0.039975,-0.252969692651749
0.029727,-0.249367203826435
0.019628,-0.245315158664585
0.0097021,-0.240826869738299
-2.9168e-05,-0.235914664238212
-0.0095461,-0.230591028637413
-0.018826,-0.224865956628072
-0.027849,-0.21874917533251
-0.036595,-0.212249679307015
-0.045045,-0.205376357395982
-0.053182,-0.198139165674755
-0.060987,-0.190547086900048
-0.068445,-0.182610948525606
-0.07554,-0.174341948330653
-0.082259,-0.16575341560212
-0.088587,-0.156858476858812
-0.09451,-0.147670396523152
-0.10002,-0.13820654354753
-0.10511,-0.128487784278478
-0.10976,-0.118527544919923
-0.11397,-0.108347587255584
-0.11773,-0.0979683151420636
-0.12103,-0.0874083896889655
-0.12387,-0.0766918518044229
-0.12625,-0.0658463244475623
-0.12815,-0.0548866721866826
-0.12959,-0.0438465261424698
-0.13055,-0.0327440330461017
-0.13104,-0.0216064163555583
-0.13105,-0.0104525437197823
-0.13059,0.000691327219144377
-0.12967,0.0117938450193006
-0.12827,0.0228427390040807
-0.12642,0.0338046539914098
-0.12411,0.0446598911763539
-0.12136,0.0553782820977431
-0.11816,0.0659444016467586
-0.11454,0.0763257391861587
-0.11048,0.086514057751601
-0.10602,0.096476746901466
-0.10115,0.106199603250455
-0.095897,0.115656485143011
-0.090263,0.124831026039801
-0.084267,0.1337028174201
-0.077923,0.14225265125538
-0.071245,0.150463013553729
-0.064251,0.158315480468205
-0.056959,0.165791599895624
-0.049385,0.172875080036104
-0.04155,0.179548319488129
-0.033473,0.185794819820068
-0.025174,0.191598880366821
-0.016675,0.19694459054559
-0.007995,0.20181871910204
0.00084099,0.206206307491493
0.0098133,0.21009555457116
0.018899,0.213475308365504
0.028072,0.216333098580998
0.037314,0.218661678796488
0.046598,0.220451964814623
0.055903,0.221698258547607
0.065203,0.222394228460564
0.074475,0.222535597109062
0.083693,0.22211780887716
0.092833,0.221137848199034
0.10187,0.219593438691342
0.11078,0.217483850723484
0.11953,0.214803107025954
0.12809,0.211543505540362
0.13645,0.207711070246043
0.14457,0.203300669318497
0.15243,0.198313222695152
0.15999,0.192739817023382
0.16723,0.186578734327769
0.17412,0.179826797860506
0.18063,0.172479830424672
0.18674,0.16454044153468
0.19242,0.156009335439529
0.19763,0.146878348555734
0.20236,0.137154642345483
0.20657,0.126835429278671
0.21025,0.115932236369608
0.21337,0.104453106200208
0.2159,0.092403128609851
0.21783,0.0797997252703591
0.21914,0.0666624588272968
0.21981,0.0530121543754813
0.21981,0.038862744330687
0.21915,0.0242518390919009
0.21781,0.00921297602507501
0.21577,-0.00622446782633797
0.21305,-0.022005679598377
0.20962,-0.0380937943728131
0.20549,-0.0544378582874613
0.20067,-0.070976985021898
0.19516,-0.0876513750952093
0.18897,-0.104396408333301
0.18211,-0.12114543826221
0.1746,-0.137824732202618
0.16645,-0.154364401852111
0.15768,-0.170692358486381
0.14833,-0.186722135487194
0.13841,-0.202380454174286
0.12796,-0.217584761036871
0.117,-0.232262383140106
0.10559,-0.246321363205118
0.093745,-0.259690347289204
0.081516,-0.272290324823491
0.068941,-0.284048325359877
0.056063,-0.294895010399074
0.04293,-0.304762663457572
0.029586,-0.313590202953885
0.016079,-0.321321150313844
0.0024583,-0.327903883081636
-0.011229,-0.333294309304517
-0.024932,-0.33745339456995
-0.038606,-0.340352433963147
-0.052197,-0.341965564710334
-0.06566,-0.342277181692176
-0.078946,-0.341278018166555
-0.09201,-0.338967721611221
-0.10481,-0.335355936029802
-0.11729,-0.330450312827778
-0.12941,-0.324269049536986
-0.14114,-0.316846250133287
-0.15244,-0.308221011353016
-0.16326,-0.298428452111173
-0.17357,-0.287514718162763
-0.18335,-0.27554134741716
-0.19256,-0.262566159654545
-0.20117,-0.248650081341119
-0.20917,-0.233869903222625
-0.21653,-0.218298518789998
-0.22323,-0.202011228620236
-0.22926,-0.185090697472382
-0.23462,-0.167630709107615
-0.23929,-0.149716665504075
-0.24327,-0.13143960999154
-0.24655,-0.112885134398905
-0.24915,-0.0941541137706417
-0.25106,-0.0753345992714289
-0.2523,-0.0565238240399514
-0.25288,-0.0378160684563552
-0.2528,-0.0192929122316685
-0.25209,-0.00104524232082863
-0.25077,0.0168388676025716
-0.24886,0.0342764845771561
-0.24638,0.051191594485497
-0.24336,0.0675089899924201
-0.23983,0.0831567402770173
-0.23581,0.0980755102140626
-0.23135,0.112196176095005
-0.22648,0.125459021676692
-0.22122,0.137821575913645
-0.21562,0.149234911532547
-0.20972,0.159654286445998
-0.20354,0.169054997308034
-0.19713,0.177407656286651
-0.19054,0.184680555712352
-0.18379,0.190863795841823
-0.17693,0.195943777224699
-0.17,0.199912300152643
-0.16304,0.202766329011208
-0.15609,0.204507640513945
-0.14919,0.205142384798289
-0.14237,0.204687983393928
-0.13567,0.203163573634852
-0.12913,0.200589620666613
-0.12278,0.196994923316365
-0.11666,0.192407213036079
-0.1108,0.186860355343774
-0.10522,0.180399955649569
-0.099966,0.173060909349182
-0.095051,0.164893175148212
-0.090503,0.15594661430875
-0.086343,0.146275007769049
-0.082594,0.135932489742036
-0.079268,0.124980236152266
-0.076385,0.113477579051822
-0.073954,0.101488903406833
-0.071986,0.0890794181157716
-0.070488,0.0763161244927119
-0.069463,0.0632685104550429
-0.068913,0.0500067890682676
-0.068839,0.0366004221978337
-0.069235,0.0231213504916328
-0.070096,0.00964058151130965
-0.071414,-0.00377161046162034
-0.073177,-0.0170447970678787
-0.075373,-0.030110672339585
-0.077986,-0.0429019016355399
-0.081001,-0.0553548925987269
-0.084396,-0.0674060375325616
-0.088151,-0.0789953608964009
-0.092245,-0.090067163221353
-0.096651,-0.100566746738436
-0.10134,-0.110440718274224
-0.10629,-0.119643863306189
-0.11147,-0.128132649102377
-0.11685,-0.135867344493704
-0.1224,-0.142812888262504
-0.12807,-0.148924669448247
-0.13384,-0.15417428357069
-0.13967,-0.158532888330806
-0.14553,-0.161979986362287
-0.15137,-0.164488085230681
-0.15716,-0.166040081990009
-0.16285,-0.166613404318147
-0.16841,-0.166196940080521
-0.1738,-0.164782182564266
-0.17897,-0.162356010495807
-0.18389,-0.158917152468784
-0.18851,-0.154459546408722
-0.19279,-0.148981218764786
-0.19669,-0.142483914361068
-0.20017,-0.134972682844719
-0.20319,-0.126455438549718
-0.2057,-0.116935110380523
-0.20768,-0.106433003813586
-0.20907,-0.0949553615757546
-0.20985,-0.0825259458361508
-0.20998,-0.0691674437687679
-0.20943,-0.0549086781031992
-0.20816,-0.0397754371397822
-0.20615,-0.0238053221262307
-0.20337,-0.00703719403823462
-0.19979,0.0104899961452944
-0.19541,0.028715994758074
-0.19019,0.0475944986838226
-0.18412,0.0670694731435935
-0.1772,0.0870711472065261
-0.16942,0.107527958551446
-0.16076,0.128376267308508
-0.15123,0.149538444573685
-0.14082,0.170942594068223
-0.12955,0.192501353751616
-0.11743,0.214124830633655
-0.10445,0.235738527627599
-0.090648,0.257247151401224
-0.076031,0.278564446263082
-0.060625,0.299600059541991
-0.044454,0.320264636531347
-0.027549,0.340467279282367
-0.0099413,0.360118528735013
0.0083326,0.379129139876408
0.027235,0.397412079162903
0.046723,0.414881147736101
0.06675,0.431450985553647
0.08727,0.447040256426641
0.10823,0.461568511703573
0.12958,0.47496105467304
0.15126,0.487143113012501
0.17322,0.498049949268745
0.19538,0.507605173139612
0.2177,0.515755339742639
0.24011,0.52244547716947
0.26253,0.527614196800504
0.2849,0.531212091853301
0.30716,0.533201462106014
0.32922,0.533533598706813
0.35103,0.53218251773316
0.37252,0.52912717404027
0.3936,0.524336984681696
0.41422,0.517804753152992
0.4343,0.509520806695737
0.45378,0.499489174572284
0.47258,0.487710653593426
0.49065,0.474206190004991
0.50791,0.458990790881623
0.52431,0.442096988630223
0.53979,0.423563672472325
0.55429,0.403434277660048
0.56775,0.381755154426163
0.58012,0.358581519453498
0.59136,0.333981973564234
0.60141,0.308019557680962
0.61024,0.280773549461633
0.61781,0.252326969430183
0.62409,0.222771152910405
0.62905,0.192201761944338
0.63267,0.160722793778198
0.63491,0.12842734107823
0.63578,0.0954340733119636
0.63526,0.0618567534689704
0.63335,0.0278167204027368
0.63004,-0.00656950497006427
0.62535,-0.0411705622014062
0.61928,-0.0758618309850271
0.61186,-0.110505726225256
0.60309,-0.144980590355767
0.59301,-0.179151855691086
0.58165,-0.212886170979728
0.56905,-0.246048007412023
0.55523,-0.278519222798746
0.54025,-0.310170057048658
0.52415,-0.340880473201189
0.50698,-0.370534951833518
0.48878,-0.39903301214921
0.46963,-0.426260350863775
0.44956,-0.452132521390878
0.42865,-0.476555423434977
0.40694,-0.499460289343903
0.38452,-0.52076466148458
0.36143,-0.540415253232086
0.33774,-0.558362564257149
0.31353,-0.574555105690349
0.28885,-0.588964351440437
0.26377,-0.601567252564074
0.23836,-0.612346767421987
0.21269,-0.621292089350678
0.18682,-0.628406021667252
0.16082,-0.633695734310604
0.13476,-0.637172546763807
0.10869,-0.638866383724864
0.08269,-0.638799911952319
0.056812,-0.63701071977158
0.031119,-0.633539900262426
0.0056713,-0.628432834112796
-0.019474,-0.621740014384189
-0.044261,-0.613516036844058
-0.068636,-0.603819357225698
-0.092548,-0.592712303325425
-0.11594,-0.580254487210486
-0.13878,-0.566520433331178
-0.16101,-0.55157562498331
-0.1826,-0.535497314060703
-0.2035,-0.518355428723301
-0.22367,-0.500219507425888
-0.24309,-0.481171639400031
-0.26172,-0.461286943434797
-0.27954,-0.440647553221258
-0.29652,-0.419331471391758
-0.31265,-0.397425839934002
-0.3279,-0.375007773208447
-0.34226,-0.352158711302108
-0.35573,-0.328968442676847
-0.36829,-0.305515912851856
-0.37994,-0.28188358370551
-0.39068,-0.258154088564384
-0.40052,-0.234414904089886
-0.40946,-0.210747172867577
-0.4175,-0.187224224208797
-0.42466,-0.163925346580058
-0.43094,-0.140917129923591
-0.43638,-0.118283118987979
-0.44097,-0.0960806969431828
-0.44475,-0.0743809572953387
-0.44773,-0.0532413030252165
-0.44993,-0.0327132971105559
-0.45139,-0.0128565299562127
-0.45212,0.00628738598314102
-0.45215,0.0246783304234241
-0.45151,0.0422791399157774
-0.45023,0.0590566961787631
-0.44833,0.0749900818742743
-0.44585,0.0900546362728889
-0.44281,0.104238765138003
-0.43924,0.117534940671356
-0.43518,0.129932318358177
-0.43064,0.141440425270569
-0.42565,0.15207072120279
-0.42024,0.161836450387992
-0.41444,0.17075243144693
-0.40826,0.178849600635855
-0.40173,0.186156698082534
-0.39487,0.19270771147458
-0.38769,0.198547693988772
-0.38022,0.203714937098972
-0.37247,0.208256312507938
-0.36445,0.212224576385793
-0.35618,0.215668606727764
-0.34766,0.218647776040632
-0.33893,0.221198837713266
-0.32997,0.22338373444475
-0.3208,0.225253481416871
-0.31144,0.22684888911073
-0.30189,0.228216152574864
-0.29215,0.229404456022202
-0.28224,0.230449149153038
-0.27216,0.231388098232511
-0.26192,0.232252585996727
-0.25153,0.233067526685862
-0.24098,0.233866582447443
-0.2303,0.234659736560093
-0.21949,0.235459530387249
-0.20854,0.236287348084862
-0.19748,0.237141284810584
-0.18631,0.238022622087261
-0.17504,0.238927502319597
-0.16367,0.239855163561285
-0.15222,0.240792324244258
-0.14069,0.241730520774088
-0.12911,0.242642990766814
-0.11747,0.243518307402673
-0.1058,0.244327947099746
-0.094099,0.245053131512968
-0.082394,0.245662593780555
-0.070698,0.246126070483975
-0.059027,0.246412598611172
-0.047402,0.246487711154454
-0.035842,0.246316470226856
-0.024368,0.245862991166754
-0.013005,0.24508863029618
-0.0017757,0.243955279545599
0.0092932,0.242423373102722
0.020176,0.240454041199417
0.030844,0.238007892822388
0.041267,0.235045179651604
0.051415,0.23152721517035
0.061258,0.227417363481246
0.070764,0.222680323673202
0.079901,0.217283014951017
0.088638,0.21119598738664
0.096941,0.20439151992108
0.10478,0.196847230410867
0.11213,0.188549596491046
0.11895,0.17948103866526
0.12521,0.169629580715401
0.1309,0.159003146118654
0.13598,0.147603589277712
0.14043,0.135442891537563
0.14422,0.122533743991053
0.14734,0.108904112231847
0.14976,0.0945789767144967
0.15147,0.079595253205059
0.15246,0.0639986896880115
0.15272,0.0478411116005057
0.15223,0.0311706107783319
0.15099,0.0140458789728963
0.149,-0.00346734458962172
0.14625,-0.0213067518668247
0.14276,-0.0393922819258427
0.13853,-0.0576465263278907
0.13357,-0.0759889619763423
0.12789,-0.0943388324386003
0.12152,-0.112602729041056
0.11446,-0.13070193371163
0.10675,-0.14854235279355
0.098417,-0.166029924510047
0.089487,-0.183074197779861
0.079992,-0.199585994677549
0.06997,-0.215475536862354
0.059462,-0.230653206182061
0.048508,-0.245033145959254
0.037152,-0.258532402064665
0.025442,-0.271070186255774
0.013426,-0.282570210428288
0.0011532,-0.292961586958195
-0.011323,-0.302177215503427
-0.023947,-0.310153877757652
-0.036663,-0.316833701333607
-0.049411,-0.32216224824364
-0.062132,-0.326090732732716
-0.074762,-0.328573222314772
-0.08724,-0.329570219138845
-0.099498,-0.329043974707142
-0.11147,-0.326961312158428
-0.1231,-0.323301686217594
-0.13432,-0.318047069443151
-0.14506,-0.311181111324347
-0.15525,-0.302689866543425
-0.16485,-0.292584484814864
-0.17378,-0.280867057765879
-0.18199,-0.267555067389991
-0.18942,-0.252671068776384
-0.19601,-0.23624160463708
-0.20173,-0.218318375474816
-0.20651,-0.198942840303324
-0.21032,-0.178177068812656
-0.2131,-0.156076243775062
-0.21484,-0.132725795214725
-0.21549,-0.108203929638786
-0.21502,-0.0825959328801212
-0.21342,-0.0560054446028957
-0.21064,-0.028518632247083
-0.20669,-0.000249657772313675
-0.20155,0.0286900301235429
-0.19521,0.0581868512589476
-0.18766,0.0881287180814962
-0.17891,0.118393194337127
-0.16896,0.148860469174305
-0.15782,0.179409016072252
-0.14551,0.209912201495134
-0.13203,0.240257931435996
-0.11742,0.270319793521495
-0.1017,0.299978594708754
-0.084905,0.329113690416937
-0.067063,0.357612354979552
-0.048216,0.385361640841052
-0.028408,0.412250736009257
-0.0076831,0.438174244612763
0.013908,0.463029913220404
0.03631,0.486718220840171
0.059469,0.509146434626572
0.083323,0.530224693334565
0.10781,0.549868778944441
0.13286,0.567996293475207
0.15842,0.584542025796352
0.1844,0.599429954824455
0.21075,0.612607907675703
0.23738,0.624015698226977
0.26422,0.633604019135822
0.29119,0.641327175898927
0.31821,0.64714451551785
0.34522,0.651036219254931
0.37211,0.652963696304067
0.39883,0.652919469817312
0.42527,0.650877791109195
0.45137,0.646836632798939
0.47704,0.640791712078878
0.5022,0.632745163351414
0.52678,0.62271231788688
0.55068,0.610697200762003
0.57383,0.596717399908331
0.59615,0.580794127663287
0.61757,0.562958871432255
0.638,0.543236252930901
0.65737,0.521659923155472
0.67562,0.498277697243423
0.69265,0.473118303301706
0.70842,0.446238983942725
0.72285,0.417689119190505
0.73588,0.387525446361464
0.74744,0.355801892053579
0.75749,0.322590988635772
0.76597,0.287963632291598
0.77284,0.252002351618802
0.77804,0.214782062894653
0.78155,0.17639908141369
0.78332,0.136942129153945
0.78334,0.0965208896555904
0.78157,0.0552366544367493
0.77801,0.0132106027267275
0.77263,-0.0294457502804207
0.76544,-0.0726024038898675
0.75644,-0.116125698513799
0.74563,-0.159883016948727
0.73302,-0.203739216712923
0.71864,-0.247546483582482
0.70251,-0.291158722230017
0.68466,-0.334428375873722
0.66511,-0.377218758805938
0.64392,-0.419376793807138
0.62112,-0.460763284712476
0.59676,-0.501240025584716
0.5709,-0.540666833648869
0.54358,-0.578921437584042
0.51487,-0.615878105482008
0.48484,-0.651412727668673
0.45353,-0.685429082575331
0.42104,-0.717812747313667
0.38742,-0.748475788469443
0.35275,-0.777332932458403
0.3171,-0.804311884459889
0.28056,-0.829339109879127
0.2432,-0.85235797527017
0.2051,-0.873320726840538
0.16635,-0.892181774857101
0.12702,-0.908914380672501
0.0872,-0.923494001595147
0.046975,-0.935903261034165
0.0064271,-0.946134166633684
-0.034356,-0.95418332146001
-0.075291,-0.960055290223393
-0.11629,-0.963758395407014
-0.15728,-0.965315600542629
-0.19816,-0.964741117580618
-0.23886,-0.962065354516113
-0.27929,-0.957316823240747
-0.31937,-0.950529738590543
-0.35902,-0.941742537321066
-0.39815,-0.930989120183642
-0.43669,-0.918314038519035
-0.47456,-0.903762216925492
-0.51168,-0.887378004706572
-0.54797,-0.869204368536342
-0.58337,-0.849297019223987
-0.61779,-0.827698442299356
-0.65118,-0.804469035067937
-0.68345,-0.779652524305731
-0.71454,-0.753300253220807
-0.74439,-0.725468327356319
-0.77294,-0.696215162787472
-0.80013,-0.665599415776113
-0.8259,-0.633678270323286
-0.8502,-0.600513455987219
-0.87298,-0.566168553428742
-0.8942,-0.530714143442941
-0.9138,-0.494209556400585
-0.93177,-0.45674019557168
-0.94804,-0.418365560234328
-0.96261,-0.379174142578528
-0.97543,-0.339238139014277
-0.98648,-0.298636512666511
-0.99574,-0.257451180922992
-1,-0.213403853272215
-1,-0.165292172318947
-1,-0.115414878701155
-1,-0.0656855806575265
-1,-0.0176617833421417
-1,0.0274249543772541
-1,0.0686382161968989
-1,0.105305742695627
-0.99683,0.139333894458716
-0.98783,0.174287035135007
-0.97706,0.210009822320109
-0.96453,0.246350592624941
-0.95026,0.283156227748487
-0.93429,0.320260849182447
-0.91665,0.357499395707927
-0.89738,0.394703919375016
-0.8765,0.431723031052243
-0.85407,0.468392926617594
-0.83012,0.504566269333408
-0.8047,0.54009819104174
-0.77786,0.574849861378522
-0.74965,0.60869131184873
-0.72012,0.64150357907624
-0.68932,0.673180233716734
-0.65732,0.703613566260795
-0.62418,0.732705725422919
-0.58994,0.760384883895306
-0.55469,0.786565865921747
-0.51847,0.811192742325905
-0.48136,0.834205853613532
-0.44343,0.855552317147534
-0.40474,0.875194312018667
-0.36536,0.893100572847281
-0.32538,0.909231952585152
-0.28485,0.923574340255131
-0.24386,0.936105355188755
-0.20247,0.946819466009285
-0.16078,0.955695989791035
-0.11884,0.962740222029684
-0.076747,0.96794413858809
-0.034569,0.971311243498388
0.0076123,0.972844673712753
0.049721,0.972552010369311
0.091678,0.970442346467444
0.13341,0.966530504927824
0.17483,0.960825830070803
0.21587,0.953347442416551
0.25645,0.944113318287483
0.2965,0.933147757754203
0.33594,0.920472412300354
0.3747,0.906113879075967
0.41271,0.890102263851014
0.4499,0.872469901924408
0.4862,0.853250236514472
0.52154,0.832476851692733
0.55586,0.810190052857607
0.5891,0.78643457260284
0.6212,0.761257579580733
0.6521,0.73470697793884
0.68175,0.70683738037979
0.7101,0.677707322420087
0.7371,0.647376884974679
0.76271,0.615913100403378
0.78688,0.58337930321698
0.80958,0.54984879541786
0.83078,0.515400778356942
0.85044,0.48010949367485
0.86854,0.44405774757672
0.88507,0.407340159809738
0.89999,0.370035860168359
0.9133,0.332238611431248
0.92498,0.294036292960235
0.93503,0.255524069945039
0.94344,0.216792593382262
0.95021,0.177933363650458
0.95533,0.139028200927617
0.95883,0.100177959372165
0.96069,0.0614585888237286
0.96093,0.0229529001319531
0.95957,-0.0152536224571255
0.95662,-0.0530836715343705
0.9521,-0.0904618773690972
0.94602,-0.127324540982907
0.93841,-0.163605001676372
0.92929,-0.199244113673227
0.91869,-0.234183702631634
0.90663,-0.268376059544855
0.89315,-0.301769129513477
0.87827,-0.334324262932732
0.86203,-0.366000581009555
0.84445,-0.396772006773355
0.82559,-0.426596213087933
0.80546,-0.455456558535825
0.78412,-0.483321241215512
0.76159,-0.510177315979134
0.73793,-0.535998426532167
0.71318,-0.56076349507249
0.68736,-0.584471622908465
0.66054,-0.607101790413582
0.63276,-0.628640031564742
0.60407,-0.649071533731988
0.5745,-0.668396464590923
0.54412,-0.68659794405216
0.51297,-0.703668415045145
0.4811,-0.71960104511731
0.44857,-0.734382760340482
0.41541,-0.748018355209978
0.3817,-0.760490276232811
0.34748,-0.77179332699987
0.31279,-0.781932716831243
0.2777,-0.790900024897917
0.24226,-0.798691136366911
0.20652,-0.805305773221865
0.17053,-0.810747008025045
0.13434,-0.81502077322824
0.098007,-0.81813019826679
0.061584,-0.820079233540747
0.02512,-0.820875531795068
-0.011335,-0.820528963414122
-0.047729,-0.819049608591124
-0.084013,-0.816449814829619
-0.12014,-0.812745040915718
-0.15605,-0.807943345187931
-0.19171,-0.802066670863865
-0.22707,-0.795135087868183
-0.26207,-0.787159302577059
-0.29668,-0.778164423494898
-0.33085,-0.76817175083293
-0.36453,-0.757198976802146
-0.39769,-0.745275212127328
-0.43028,-0.732423205449329
-0.46225,-0.718659951589184
-0.49357,-0.704012100973884
-0.52419,-0.688498534356221
-0.55409,-0.67215349119468
-0.58321,-0.654993028569277
-0.61153,-0.637047612093676
-0.63901,-0.618343620762201
-0.66561,-0.598903330897292
-0.69129,-0.57874499024099
-0.71603,-0.557897763749194
-0.73979,-0.536383910456684
-0.76255,-0.51423417686529
-0.78426,-0.491462992178383
-0.80491,-0.468100660720524
-0.82446,-0.444167119388373
-0.84289,-0.419688033663234
-0.86017,-0.394685425575445
-0.87627,-0.369177605951069
-0.89118,-0.34319400283714
-0.90486,-0.316749844825115
-0.91731,-0.289877893689298
-0.92849,-0.26259439479467
-0.93839,-0.234923830436282
-0.947,-0.206896464303627
-0.95429,-0.178531424483889
-0.96025,-0.149852932484341
-0.96487,-0.120888455111803
-0.96815,-0.0916745331113522
-0.97005,-0.0622242597585444
-0.97059,-0.0325756247868874
-0.96976,-0.00276327050846417
-0.96754,0.0271893903295804
-0.96394,0.0572466692147228
-0.95896,0.0873715613340893
-0.9526,0.117527215566536
-0.94486,0.147678125853745
-0.93576,0.177776272314219
-0.92529,0.207787261655357
-0.91346,0.237674077790025
-0.9003,0.267384065075266
-0.8858,0.296883219377081
-0.87,0.326116790669893
-0.8529,0.355044642832886
-0.83452,0.383625008777336
-0.81488,0.41181625070485
-0.79401,0.439570883869343
-0.77193,0.466845708078909
-0.74866,0.493602476723402
-0.72423,0.519800924835687
-0.69867,0.545400603269164
-0.67201,0.570362363690182
-0.64428,0.594649526465506
-0.61552,0.618221365454306
-0.58575,0.641050152838541
-0.55502,0.663097584272838
-0.52337,0.684325632954133
-0.49082,0.70471268306378
-0.45742,0.724229136434106
-0.42321,0.742847539655144
-0.38824,0.760535885481224
-0.35253,0.777281913391094
-0.31614,0.793060412696822
-0.27911,0.807851572418202
-0.24148,0.821640824351977
-0.20329,0.834418578402341
-0.1646,0.846165077302733
-0.12544,0.856875416790006
-0.085877,0.866529759884234
-0.045947,0.875119996574634
-0.0057018,0.882636300200647
0.034804,0.889065943802849
0.075521,0.894398321527619
0.11639,0.898617833819624
0.15736,0.901711583662887
0.19838,0.903669436704174
0.23938,0.90446993867057
0.28031,0.904098090618036
0.32111,0.902537314339797
0.36171,0.89976301558176
0.40206,0.895759785335912
0.44209,0.890505442515604
0.48175,0.883987935391246
0.52096,0.876181719621533
0.55966,0.867066044714154
0.59779,0.856624773886395
0.63529,0.844846128725785
0.6721,0.83172237504667
0.70815,0.817242067039447
0.74338,0.801398676880651
0.77772,0.78418262291867
0.81113,0.765604505763147
0.84354,0.745668937604384
0.8749,0.724390577182893
0.90515,0.701784588009278
0.93424,0.677873712657001
0.96211,0.652678966030093
0.98874,0.62624914314607
1,0.588215592041884
1,0.533564988642559
1,0.467016881871247
1,0.392698131765306
1,0.314167053327325
1,0.23444209563859
1,0.156034342056793
1,0.0809830744274108
1,0.0108936309284648
1,-0.0530232015035003
1,-0.109910987852361
1,-0.159227319321234
1,-0.200703982640172
1,-0.234308178151065
1,-0.260205267390948
1,-0.278723455102359
1,-0.290320734365445
1,-0.295554348812476
1,-0.295052954249022
1,-0.289491594742874
1,-0.27956954632983
1,-0.26599102563133
1,-0.249448711344823
1,-0.230609983999789
1,-0.210105753627734
1,-0.188521715969562
1,-0.166391855299749
1,-0.144193995535492
1,-0.122347190586238
1,-0.10121073938638
1,-0.0810846101989895
1,-0.0622110620125854
0.97928,-0.0601060934803166
0.95045,-0.0775503515004233
0.92008,-0.111453147341362
0.88821,-0.158882719858797
0.85489,-0.217084356208826
0.82016,-0.283509302819742
0.78407,-0.355821632466241
0.74665,-0.431923746606748
0.70796,-0.509936671868043
0.66806,-0.588203206958579
0.627,-0.665294240334707
0.58483,-0.740002337656181
0.54162,-0.811317518055024
0.49742,-0.878433373073287
0.4523,-0.940718044013536
0.40631,-0.997716553844755
0.35954,-1.04910416375819
0.31203,-1.09471221162096
0.26386,-1.13447841038129
0.21511,-1.16843355504655
0.16583,-1.19671039305963
0.1161,-1.21950348547928
0.066004,-1.23705412995586
0.015606,-1.24965432790916
-0.035016,-1.25762307702793
-0.085784,-1.26129645146374
-0.13662,-1.26101868067133
-0.18744,-1.25712983082193
-0.23817,-1.2499673521048
-0.28873,-1.23985511896831
-0.33903,-1.22709157479581
-0.38899,-1.21195523864196
-0.43854,-1.19470931412565
-0.48758,-1.17557591282384
-0.53605,-1.15476784344955
-0.58385,-1.13245507478637
-0.63091,-1.10879039475655
-0.67715,-1.08390079240047
-0.72249,-1.05788845921342
-0.76685,-1.0308321445217
-0.81015,-1.00278879013715
-0.85233,-0.973810170287554
-0.8933,-0.943919447292923
-0.933,-0.913137396074969
-0.97136,-0.88147403742999
-1,-0.84278179642593
-1,-0.778304422766809
-1,-0.694774997350886
-1,-0.598124324497794
-1,-0.493508359424024
-1,-0.385342377707899
-1,-0.277340959682807
-1,-0.172562782501873
-1,-0.0734591756695676
-1,0.0180746046913219
-1,0.100646398068223
-1,0.173313419907664
-1,0.235528689422735
-1,0.287088408140809
-1,0.328080997035583
-1,0.358838399137216
-1,0.379890151408051
-1,0.391920627270263
-1,0.395729751862825
-1,0.392197397828467
-1,0.382251581709963
-1,0.366840501009815
-1,0.346908380430951
-1,0.323375033251385
-1,0.297118990402095
-1,0.268964005588106
-1,0.239668709491084
-1,0.209919159325459
-1,0.180324011264517
-1,0.151412031881553
-1,0.123631660063755
-1,0.0973523321048153
-1,0.0728672890928679
-1,0.0503975965043872
-1,0.0300971203256516
-1,0.0120582213109822
-1,-0.00368205155042217
-1,-0.0171354663035599
-1,-0.0283559880713683
-0.99326,-0.0324468771091408
-0.95664,-0.00851263653777072
-0.91876,0.038421990959534
-0.87967,0.103690612749756
-0.83946,0.182978862764
-0.7982,0.272361011971881
-0.75595,0.368317728361622
-0.7128,0.467715300498481
-0.66882,0.567820215687087
-0.62409,0.666282045578925
-0.57869,0.761120221234867
-0.53269,0.850713724389864
-0.48619,0.933755901850575
-0.43924,1.00927062296154
-0.39195,1.07653651781788
-0.34438,1.13510142789123
-0.29663,1.18472093668507
-0.24876,1.22536276341368
-0.20086,1.25715294283721
-0.153,1.28036503616092
-0.10528,1.29537017000777
-0.057754,1.30264986660346
-0.01051,1.30274368617345
0.036379,1.29624103124896
0.082838,1.28375989403604
0.1288,1.26593559386161
0.17418,1.24339123372884
0.21893,1.21675411659548
0.26297,1.18661710793586
0.30624,1.1535461615299
0.34868,1.11807165236523
0.39022,1.08067434458054
0.43082,1.04180443895291
0.47042,1.00186029518039
0.50896,0.961187036280985
0.54641,0.920098666578576
0.58272,0.878859473639367
0.61784,0.837684919318979
0.65175,0.796765657610726
0.6844,0.75624306487033
0.71577,0.716235116181476
0.74583,0.67682824524115
0.77455,0.63807901661876
0.80192,0.600031082096369
0.82791,0.562699668604988
0.85252,0.526096880846949
0.87572,0.490207899804971
0.89752,0.455024381095041
0.9179,0.420519552036806
0.93687,0.38667311918916
0.95441,0.353446917201496
0.97054,0.320817637271454
0.98524,0.288743767720198
0.99854,0.257206098717263
1,0.218457128790791
1,0.174114829714905
1,0.12670737251506
1,0.0783592831947656
1,0.0308205870884204
1,-0.0145028125727044
1,-0.056517988325717
1,-0.094413534032709
1,-0.127628241373797
1,-0.155820314931263
1,-0.178837494103271
1,-0.196688405088838
1,-0.209515417753834
1,-0.217569232175903
1,-0.221185369650127
1,-0.220762694228957
1,-0.216744044533291
1,-0.209599012441676
0.99748,-0.201673183844497
0.98516,-0.200288656052793
0.97176,-0.204760054653096
0.95731,-0.214391092423691
0.94183,-0.228493998707858
0.92534,-0.246398718825877
0.90789,-0.267438764932264
0.8895,-0.290985094583393
0.87021,-0.31643639453923
0.85005,-0.343233577140008
0.82906,-0.370856350296119
0.80727,-0.398834935256851
0.78472,-0.426744025852888
0.76144,-0.454212098545872
0.73748,-0.480905794410688
0.71288,-0.506538914397217
0.68768,-0.530871368157865
0.66191,-0.553714792345291
0.63562,-0.574913755428118
0.60884,-0.594359485375464
0.58162,-0.611970235762609
0.55401,-0.627689602733531
0.52603,-0.641506711943271
0.49774,-0.653419528195275
0.46918,-0.663449385031174
0.44039,-0.671637224439638
0.41141,-0.678039980398516
0.38228,-0.682727155502239
0.35304,-0.685777629802659
0.32375,-0.687261935238836
0.29442,-0.687279837180907
0.26512,-0.685908398880123
0.23587,-0.683241951521244
0.20672,-0.679364577084559
0.1777,-0.674365075470887
0.14884,-0.668334013394252
0.1202,-0.661339019616296
0.091794,-0.653461583191743
0.063665,-0.644770807740086
0.035846,-0.635331360361593
0.0083704,-0.625202235019296
-0.018732,-0.614438809946037
-0.045429,-0.603090118393649
-0.071694,-0.591202693861484
-0.097497,-0.578817048137135
-0.12281,-0.565968958751232
-0.14761,-0.55269282962128
-0.17186,-0.539010369476456
-0.19555,-0.524952110293429
-0.21866,-0.510547159010267
-0.24115,-0.495807581283253
-0.26302,-0.480760627246186
-0.28424,-0.465422546710534
-0.30479,-0.449807362712823
-0.32466,-0.43393400247816
-0.34382,-0.417809740541029
-0.36228,-0.401461543203344
-0.38001,-0.384901667880231
-0.397,-0.368144702631087
-0.41325,-0.3512138456482
-0.42873,-0.334116171050874
-0.44345,-0.316874886950072
-0.45739,-0.299503151836943
-0.47055,-0.282020221567299
-0.48292,-0.264442119539156
-0.49451,-0.246796398173605
-0.50531,-0.229104160738436
-0.51531,-0.211380529665315
-0.52452,-0.193649964651481
-0.53294,-0.175936184553678
-0.54058,-0.158268862607719
-0.54742,-0.14065927973566
-0.55349,-0.123140339458765
-0.55879,-0.105739094901061
-0.56332,-0.0884769498954412
-0.5671,-0.0713847488358012
-0.57013,-0.0544851091754356
-0.57243,-0.0378079771096337
-0.574,-0.0213733855082025
-0.57486,-0.00520739426689254
-0.57502,0.0106674096308789
-0.5745,0.0262246848634212
-0.57331,0.0414434017217224
-0.57147,0.0563002211501975
-0.56899,0.070778207187519
-0.5659,0.0848514940709061
-0.5622,0.0985101387462634
-0.55792,0.111735364127453
-0.55307,0.124516814143307
-0.54768,0.136836650134585
-0.54176,0.148686505991213
-0.53534,0.160051317816291
-0.52843,0.17092604448441
-0.52107,0.181291895517824
-0.51326,0.191149292544758
-0.50504,0.200484764503508
-0.49642,0.209296392997196
-0.48743,0.217577030282491
-0.4781,0.225315693328624
-0.46845,0.232506168916056
-0.4585,0.239146426042799
-0.44828,0.245230635626087
-0.43782,0.250750222391497
-0.42713,0.255709567311516
-0.41625,0.260101345464329
-0.4052,0.263923923132926
-0.39401,0.267173032072063
-0.3827,0.269849915933088
-0.3713,0.271952955601162
-0.35983,0.27348578007582
-0.34831,0.274456266322019
-0.33678,0.274860823817256
-0.32525,0.274708991783301
-0.31375,0.274005936906878
-0.30229,0.272768042105389
-0.29092,0.270990791051586
-0.27963,0.268697371856239
-0.26846,0.265895770809498
-0.25743,0.262596349656266
-0.24656,0.258811138238626
-0.23587,0.254553214520406
-0.22538,0.249836169108842
-0.2151,0.244681048640755
-0.20507,0.239092164118747
-0.19529,0.233089783240722
-0.18578,0.226691683312406
-0.17656,0.219913137410148
-0.16766,0.212759553979005
-0.15907,0.205257769695378
-0.15082,0.197421548758448
-0.14292,0.189268485339912
-0.13538,0.180818721101217
-0.12821,0.172093842642755
-0.12141,0.163123346753268
-0.115,0.153927450901453
-0.10897,0.144540447814945
-0.10333,0.134992175026388
-0.098085,0.125311675310219
-0.093221,0.115540506434148
-0.088737,0.105719470779843
-0.084628,0.0958905004938493
-0.080884,0.08609886708134
-0.077492,0.0763933800036703
-0.074442,0.0668220001998144
-0.071716,0.0574364422179643
-0.069297,0.0482891100241193
-0.067168,0.0394313293266855
-0.065307,0.0309156268983383
-0.063691,0.0227945582287603
-0.062295,0.0151204832514638
-0.061096,0.00794241328671467
-0.060065,0.00130945476576573
-0.059177,-0.0047338300893211
-0.0584,-0.0101429229883079
-0.057708,-0.0148793482574142
-0.057067,-0.0189050060654097
-0.05645,-0.0221886967754022
-0.055824,-0.0247015901809746
-0.055156,-0.0264179515322911
-0.054417,-0.0273186019106013
-0.053576,-0.0273890966800853
-0.052599,-0.0266173881602832
-0.051459,-0.0249992639956162
-0.050123,-0.022532899510451
-0.048562,-0.019221784951815
-0.046749,-0.0150754482121796
-0.044655,-0.0101069021986094
-0.042253,-0.00433343118357591
-0.039517,0.00222365289278329
-0.036424,0.00953785981593515
-0.032951,0.0175789756732667
-0.029075,0.0263143629886164
-0.024777,0.0357071465374413
-0.020038,0.045717852888865
-0.014842,0.0563036140790192
-0.0091743,0.0674189055532153
-0.0030207,0.0790168362858794
0.0036277,0.0910467090822526
0.010779,0.103455514815971
0.01844,0.1161888602976
0.026611,0.129187939914628
0.035297,0.142395525850476
0.044492,0.155749176875069
0.054195,0.169187766038155
0.064395,0.182645644670583
0.075086,0.196059181342565
0.086255,0.209363135408621
0.097887,0.22249150440133
0.10997,0.235381953013455
0.12247,0.247960823727221
0.13539,0.260175010348579
0.14869,0.271957975869818
0.16234,0.283241930957065
0.17633,0.293975090955765
0.19062,0.3040982172353
0.20518,0.313555503231781
0.21998,0.32229587116142
0.23499,0.330273909392912
0.25017,0.337443094777627
0.26547,0.343750358339226
0.28088,0.349168855571308
0.29634,0.353657144548215
0.31182,0.357185829186345
0.32728,0.359729126170928
0.34267,0.361257970512213
0.35796,0.361756718531802
0.3731,0.361206668209699
0.38805,0.359595030862012
0.40277,0.356914594196925
0.41722,0.353163291513928
0.43135,0.348336304212876
0.44513,0.342441931657866
0.45851,0.33548443576264
0.47146,0.327479879191462
0.48394,0.318446370379957
0.4959,0.308396119627703
0.50731,0.297351340467218
0.51813,0.285334589296746
0.52833,0.272375736957138
0.53787,0.258502575506852
0.54673,0.243755459479792
0.55487,0.228169166563834
0.56226,0.211780575699403
0.56887,0.194627366238769
0.57469,0.176761712779336
0.57968,0.15822394044958
0.58383,0.139065940514343
0.58711,0.119332727387093
0.5895,0.0990699087348649
0.591,0.0783370557218515
0.59157,0.0571737168829462
0.59122,0.0356390770584014
0.58993,0.0137842184918412
0.58768,-0.00834786117184468
0.58448,-0.0306998691460566
0.58032,-0.0532195456113313
0.57519,-0.0758603377203872
0.56909,-0.0985744269508256
0.56204,-0.121299760148835
0.55402,-0.1439943515817
0.54504,-0.166611660999904
0.53512,-0.189095677491161
0.52425,-0.211406790687055
0.51246,-0.233490459465095
0.49976,-0.255296731021031
0.48615,-0.276788465133628
0.47167,-0.297910666786209
0.45632,-0.318625402468705
0.44014,-0.338880334881804
0.42313,-0.358642913421764
0.40532,-0.377875653487373
0.38675,-0.396531135687704
0.36743,-0.414577807204735
0.34739,-0.431983391805912
0.32667,-0.448708936416112
0.30529,-0.464726364276236
0.28328,-0.480010152305562
0.26068,-0.494530556142
0.23752,-0.508263039558858
0.21383,-0.521188336075561
0.18965,-0.533284961066941
0.16502,-0.544530617195581
0.13997,-0.554910730823537
0.11455,-0.564402934265507
0.088787,-0.572996551723076
0.062725,-0.580678407329464
0.036402,-0.587438453117584
0.0098629,-0.593264666422119
-0.016854,-0.598148958442061
-0.043706,-0.602083685128743
-0.070647,-0.605059549556418
-0.097638,-0.607071704441632
-0.12463,-0.608111894852659
-0.15158,-0.608174033410749
-0.17845,-0.607257885558607
-0.20519,-0.605359305906086
-0.23174,-0.602463931845246
-0.25808,-0.598579329185954
-0.28414,-0.593693764160915
-0.30989,-0.58781002899011
-0.33527,-0.580920540842366
-0.36025,-0.573031911948812
-0.38477,-0.564139998927421
-0.40879,-0.55424704203243
-0.43227,-0.543360509884777
-0.45516,-0.531484632468966
-0.47742,-0.518628440685031
-0.499,-0.50479731621909
-0.51988,-0.490015851388723
-0.53999,-0.474286598273813
-0.55932,-0.457638732485441
-0.57781,-0.440085214119343
-0.59543,-0.421647835991198
-0.61214,-0.402347576181634
-0.62792,-0.382219022857768
-0.64272,-0.361284653526955
-0.65651,-0.339571375845482
-0.66927,-0.317116326720233
-0.68096,-0.293949082239636
-0.69156,-0.270107079330298
-0.70104,-0.245625632536671
-0.70938,-0.220544718003172
-0.71655,-0.194899507473577
-0.72254,-0.168735032438798
-0.72733,-0.142095543688153
-0.7309,-0.11502333463708
-0.73324,-0.0875652165961114
-0.73435,-0.0597776051559581
-0.7342,-0.0317007702096893
-0.7328,-0.00339024688455623
-0.73014,0.0251026386884013
-0.72623,0.0537167831313412
-0.72106,0.0823998908655568
-0.71464,0.111093662805689
-0.70699,0.139729429165794
-0.6981,0.168254496715974
-0.68799,0.196608621377933
-0.67669,0.224720052940186
-0.66421,0.252524840502901
-0.65056,0.279967422536552
-0.63578,0.306978724116638
-0.61989,0.33349584504499
-0.60293,0.359448194467137
-0.58492,0.384776117389906
-0.5659,0.409416058359708
-0.54592,0.433296114832952
-0.525,0.456362261740032
-0.50319,0.478554668337144
-0.48055,0.499803563343904
-0.45711,0.520055743278505
-0.43292,0.539258543690888
-0.40804,0.557354314740628
-0.38253,0.574283488632541
-0.35642,0.590009292910821
-0.32979,0.604477921115917
-0.30269,0.617646037207632
-0.27517,0.629480477223493
-0.24729,0.639950355485421
-0.21913,0.649013235980029
-0.19073,0.656648644035738
-0.16215,0.662840126875557
-0.13348,0.667553284794179
-0.10475,0.670785066704119
-0.076047,0.672516142658936
-0.047425,0.672739487047693
-0.018949,0.671450526836047
0.0093167,0.668647773915522
0.037309,0.664333598927091
0.064966,0.658514729793131
0.092226,0.65120177540266
0.11903,0.642410563400287
0.14531,0.632154400152256
0.17102,0.62046079480397
0.1961,0.607357918226922
0.22049,0.592873996283911
0.24415,0.577051574904638
0.26703,0.559936429472565
0.28907,0.541568506977605
0.31023,0.521996918453034
0.33049,0.501291751635725
0.34979,0.479508643753811
0.3681,0.456712326483446
0.38539,0.432973129118492
0.40164,0.408371376879209
0.41681,0.382978446856969
0.4309,0.356886060974037
0.44388,0.3301775538547
0.45574,0.302941868617211
0.46647,0.275269848538365
0.47606,0.247251155777722
0.48451,0.218979169296251
0.49182,0.190547398479434
0.498,0.162053946866023
0.50306,0.133597557622424
0.507,0.105266973994996
0.50984,0.077154767930896
0.51159,0.0493461624972004
0.51228,0.0219323738798135
0.51193,-0.00500100294134014
0.51057,-0.0313684388891587
0.50821,-0.0571022065898018
0.5049,-0.0821218600501341
0.50066,-0.106361748312643
0.49552,-0.12976323203785
0.48952,-0.152268241604109
0.4827,-0.173821462791985
0.47509,-0.194379417631546
0.46674,-0.21389528454607
0.45768,-0.232336324505935
0.44795,-0.249675361898569
0.4376,-0.265883760080423
0.42667,-0.280940563183153
0.4152,-0.294832245229844
0.40324,-0.307544896478965
0.39084,-0.319065299842259
0.37803,-0.329396541605074
0.36487,-0.338533165020058
0.35139,-0.34648571016918
0.33764,-0.353263063971384
0.32367,-0.358873035542533
0.30952,-0.36333020111761
0.29522,-0.366662019754831
0.28083,-0.368883813079591
0.26637,-0.370030645458491
0.2519,-0.370123299575995
0.23744,-0.369200354751749
0.22302,-0.367306564561469
0.2087,-0.36446850365712
0.19448,-0.360741927025619
0.18042,-0.356160396147354
0.16653,-0.350775767692458
0.15284,-0.34463853970747
0.13938,-0.337796808273221
0.12617,-0.330302842483089
0.11322,-0.322218242816857
0.10057,-0.313588240629375
0.088223,-0.304470921150165
0.076198,-0.29492121167654
0.064508,-0.28499430477969
0.053164,-0.27474542002248
0.042174,-0.264230323835306
0.03155,-0.253500530883188
0.021294,-0.242609875647609
0.011411,-0.231610112574224
0.001906,-0.220549623400671
-0.0072221,-0.209476954582244
-0.015972,-0.198437362064097
-0.024347,-0.187475276094735
-0.032349,-0.176631860226305
-0.039981,-0.165944968312122
-0.04725,-0.155451333004012
-0.05416,-0.145183177589052
-0.060718,-0.135170037286815
-0.066932,-0.12543881729106
-0.07281,-0.11601317138039
-0.07836,-0.10691309006698
-0.08359,-0.0981546697350713
-0.088511,-0.0897522550567149
-0.09313,-0.081715045347799
-0.097459,-0.0740511620317356
-0.10151,-0.0667672724507957
-0.10528,-0.0598572457329092
-0.1088,-0.053329597696254
-0.11206,-0.0471737838424758
-0.11508,-0.0413860572436946
-0.11786,-0.0359531688975588
-0.12043,-0.0308764848889227
-0.12278,-0.0261392986934413
-0.12492,-0.0217253475205596
-0.12686,-0.017618946704582
-0.12862,-0.0138125098586571
-0.13019,-0.0102828421880289
-0.13159,-0.0070168308596058
-0.13282,-0.00399492853601446
-0.13389,-0.00120022018261723
-0.1348,0.00138911287058564
-0.13557,0.0037835305764297
-0.13619,0.00600628132824202
-0.13667,0.00807553884914151
-0.13702,0.0100049153284778
-0.13723,0.0118187664742592
-0.13732,0.0135272576534779
-0.13729,0.0151435994759487
-0.13714,0.0166830538002026
-0.13688,0.0181546793146575
-0.13651,0.0195696224036643
-0.13603,0.020940343699549
-0.13545,0.0222725621320347
-0.13476,0.0235811202487366
-0.13398,0.0248655520156693
-0.13311,0.0261277614503043
-0.13214,0.027378812042923
-0.13108,0.0286219844878873
-0.12994,0.0298541139594939
-0.12872,0.0310742247425561
-0.1274,0.0322978386939225
-0.12601,0.0335163200277193
-0.12454,0.0347312932396956
-0.12299,0.0359451356240545
-0.12136,0.0371607047651667
-0.11965,0.0383811102766423
-0.11786,0.0396095260259332
-0.11599,0.0408490391003282
-0.11404,0.0421025318176548
-0.11201,0.0433725931629518
-0.1099,0.0446614561400924
-0.10771,0.0459709576629061
-0.10544,0.0473025177710023
-0.10309,0.048657135137821
-0.10065,0.0500427941254491
-0.098121,0.0514647276462255
-0.095512,0.0529198577383946
-0.09282,0.0544073141368005
-0.090041,0.0559287201682678
-0.087182,0.0574794892130653
-0.08424,0.0590575031951693
-0.081218,0.0606582118846173
-0.07812,0.062274448533418
-0.074946,0.0639000498949367
-0.0717,0.0655268369784107
-0.068388,0.0671437187215252
-0.065011,0.0687412272750678
-0.061575,0.0703077432222492
-0.058085,0.0718309546081282
-0.054546,0.0732983182226026
-0.050965,0.0746959664400155
-0.047346,0.0760115668624651
-0.043698,0.077230679158538
-0.040028,0.0783390582167802
-0.036342,0.0793237731476681
-0.03265,0.080170385650415
-0.028961,0.0808644194123333
-0.025282,0.0813932912665436
-0.021625,0.081742648644619
-0.017998,0.0819001255733022
-0.014414,0.0818516668370675
-0.010882,0.081585270394012
-0.0074142,0.0810886297004438
-0.0040222,0.080350056256886
-0.00071625,0.0793597650777895
0.0024896,0.0781070557588262
0.0055861,0.0765844268122369
0.0085606,0.0747847460347725
0.0114,0.0727011431154341
0.014096,0.0703307983785018
0.016635,0.0676704214634758
0.019007,0.0647191999114094
0.021203,0.0614791850654374
0.023211,0.0579525673055306
0.025026,0.0541468672257474
0.026633,0.0500664018294832
0.02803,0.0457224921560182
0.029206,0.0411252293002735
0.030156,0.0362879554576404
0.030873,0.0312248626648359
0.031351,0.0259512430761942
0.031585,0.0204836492976979
0.031573,0.0148414580787941
0.03131,0.00904360778707023
0.030794,0.00311040427214463
0.03002,-0.00293951147052946
0.028989,-0.00908492165843504
0.027701,-0.0153038691187871
0.026153,-0.0215766481611467
0.024348,-0.0278815139505971
0.022286,-0.034197945215347
0.019972,-0.0405033351912063
0.017406,-0.0467777848609642
0.014595,-0.0529990306307668
0.011542,-0.0591465621167541
0.0082557,-0.0651977288259668
0.0047407,-0.071131913545225
0.0010061,-0.0769274900253583
-0.0029398,-0.0825633242285608
-0.0070858,-0.0880172404383472
-0.011423,-0.093268663614423
-0.015941,-0.0982979033443415
-0.020626,-0.103084154311796
-0.025467,-0.107608502767854
-0.030451,-0.111852754634222
-0.035564,-0.115799215964426
-0.040794,-0.119432724432661
-0.046126,-0.122738525509313
-0.051547,-0.125704249370324
-0.057041,-0.128317744025426
-0.062596,-0.130570499453485
-0.068197,-0.13245513423828
-0.073828,-0.133964816662654
-0.079473,-0.135093517217479
-0.085121,-0.135839883831915
-0.090754,-0.136201363977616
-0.096358,-0.136177626385266
-0.10192,-0.135771033661456
-0.10741,-0.134973630151552
-0.11284,-0.133800548304682
-0.11817,-0.132246808818281
-0.1234,-0.130321056533101
-0.1285,-0.128020608796437
-0.13346,-0.125348610431994
-0.13828,-0.12232030567191
-0.14292,-0.118930797339545
-0.14737,-0.115181336722559
-0.15163,-0.111085550305595
-0.15567,-0.106644557837251
-0.15948,-0.101864211096046
-0.16303,-0.0967392658492391
-0.16633,-0.091285284349592
-0.16934,-0.0854972442327215
-0.17207,-0.0793906680868686
-0.17449,-0.0729676697983863
-0.17659,-0.0662343088169506
-0.17837,-0.0592070700644055
-0.1798,-0.0518882327691844
-0.18088,-0.044290751938184
-0.18161,-0.0364358426743241
-0.18196,-0.0283286309326929
-0.18194,-0.0199907029749901
-0.18154,-0.0114415301166147
-0.18075,-0.00269834125897311
-0.17957,0.00621654077603684
-0.178,0.0152773225722519
-0.17603,0.0244635433564392
-0.17366,0.033752255637336
-0.1709,0.0431117986301655
-0.16774,0.0525192004011577
-0.16418,0.0619518066768909
-0.16024,0.0713731434996941
-0.1559,0.0807662632243066
-0.15118,0.0901009624789267
-0.14608,0.0993520928472438
-0.14061,0.108492003291953
-0.13478,0.117491920354834
-0.12859,0.126330494256292
-0.12204,0.134993113542648
-0.11516,0.14344899850351
-0.10794,0.151684927339176
-0.1004,0.159680196101165
-0.092555,0.16741252213216
-0.084407,0.174868755888696
-0.075972,0.182033314489907
-0.067264,0.188890757087014
-0.058293,0.195429331624978
-0.049074,0.201637080486232
-0.039622,0.207502402004824
-0.029948,0.213017447510283
-0.020071,0.218171882953493
-0.010001,0.222960493183072
0.00024436,0.227376865770751
0.010652,0.23141734907111
0.021205,0.235077950228508
0.031892,0.238358789319093
0.042696,0.241259291844611
0.053603,0.243780713616898
0.064599,0.245925899537118
0.075669,0.247698299398489
0.0868,0.24910336773493
0.097974,0.250144451971786
0.10918,0.250828396690193
0.12041,0.251167002861306
0.13163,0.251156616204109
0.14285,0.25081383317807
0.15403,0.250134222974145
0.16518,0.249133555688123
0.17626,0.247806535780706
0.18727,0.246160644427896
0.19819,0.244198698784684
0.20899,0.241912309164678
0.21967,0.239306469233303
0.23021,0.23638205170855
0.24058,0.233129203985447
0.25078,0.229551879166639
0.26077,0.225635479181154
0.27055,0.221380425618235
0.28009,0.21677705733829
0.28937,0.211815249297261
0.29837,0.206484778793912
0.30709,0.2007904261293
0.31548,0.194711993037897
0.32355,0.188254080139689
0.33125,0.181396812556168
0.33858,0.174138121463274
0.34552,0.166475591679449
0.35204,0.158399247822746
0.35812,0.149900721725036
0.36374,0.140973203142076
0.36888,0.131611365821172
0.37352,0.121811273801461
0.37764,0.111570272543514
0.38122,0.100886869154366
0.38423,0.0897532075178164
0.38667,0.0781787513176673
0.38851,0.0661645520826879
0.38974,0.0537197076619792
0.39033,0.0408448248090135
0.39029,0.0275632834914717
0.38958,0.0138792781785416
0.3882,-0.000188949148259262
0.38614,-0.0146196808631283
0.3834,-0.0293815419441585
0.37996,-0.0444509684554241
0.37581,-0.0598039187597058
0.37097,-0.0753944316942011
0.36542,-0.0911896921490723
0.35917,-0.107146201022187
0.35222,-0.123220456641339
0.34457,-0.139370187916795
0.33624,-0.155540548990952
0.32723,-0.171682922130307
0.31755,-0.18774774913925
0.30721,-0.203686205415235
0.29625,-0.219429361053282
0.28466,-0.234931091954321
0.27247,-0.250135541959622
0.25971,-0.264980763312583
0.24639,-0.279416614806959
0.23255,-0.293381926930898
0.2182,-0.306830782354219
0.20339,-0.319701548115801
0.18814,-0.3319441112462
0.17249,-0.34350456448316
0.15646,-0.354342567268791
0.1401,-0.3644080207154
0.12344,-0.373659508934219
0.10652,-0.382056753604086
0.089369,-0.389570045489292
0.072036,-0.396164648537227
0.054557,-0.401812764152052
0.036974,-0.406488935975403
0.019323,-0.410175158508293
0.0016489,-0.412853774616748
-0.01601,-0.414513195205035
-0.033615,-0.415147161720334
-0.051121,-0.414749562074973
-0.068492,-0.413321693443849
-0.085688,-0.410868216285303
-0.10267,-0.407397484604688
-0.1194,-0.4029216923011
-0.13583,-0.397448728740923
-0.15195,-0.391011201865298
-0.1677,-0.383624083785781
-0.18306,-0.375317564080428
-0.19799,-0.366118722425248
-0.21246,-0.35605899917724
-0.22645,-0.345180071867197
-0.23991,-0.333508712274276
-0.25284,-0.321096040862609
-0.2652,-0.307981941656998
-0.27696,-0.294203621127593
-0.28811,-0.279809930464829
-0.29862,-0.26484299790507
-0.30847,-0.249345757364799
-0.31764,-0.233360565850888
-0.32612,-0.216935475639967
-0.33389,-0.200114327570562
-0.34093,-0.182936245488802
-0.34723,-0.165442719419419
-0.35279,-0.14768323680585
-0.35759,-0.12969741332928
-0.36162,-0.11152301267739
-0.36487,-0.0931950392672927
-0.36735,-0.0747598609653987
-0.36904,-0.0562493110878178
-0.36995,-0.0377045561038287
-0.37008,-0.0191654967681592
-0.36943,-0.00066965152016685
-0.368,0.0177486934530317
-0.3658,0.0360516979825154
-0.36283,0.0542073869939613
-0.35911,0.0721749048962852
-0.35464,0.0899224471293941
-0.34945,0.107404498939792
-0.34354,0.124588224149536
-0.33693,0.141437430754816
-0.32965,0.157907136636262
-0.32171,0.173961601851194
-0.31313,0.189566442601771
-0.30394,0.204682248806474
-0.29418,0.219259565156307
-0.28386,0.233264688360321
-0.27301,0.246663083973835
-0.26168,0.259406049908545
-0.24989,0.271457307598589
-0.23769,0.282769738986619
-0.2251,0.293311302722308
-0.21218,0.303033763196568
-0.19897,0.311892282658787
-0.1855,0.319853728627507
-0.17184,0.326866097224674
-0.15801,0.332900923437609
-0.14408,0.337912897478114
-0.13009,0.341866925736526
-0.1161,0.344722692023044
-0.10216,0.346444541766762
-0.088327,0.34699675395869
-0.074647,0.346353049023006
-0.06118,0.344485519694579
-0.047978,0.34137202105922
-0.035097,0.336993095941268
-0.022589,0.331335338913859
-0.010507,0.324390245000693
0.0010962,0.316154032310477
0.012174,0.306631801163868
0.022676,0.295833245262916
0.032559,0.283777192886937
0.04178,0.27048983064295
0.050295,0.256002167565404
0.058069,0.240355230552971
0.065067,0.223597302676179
0.071258,0.205784431828544
0.076611,0.186977639129639
0.081105,0.167247891076869
0.084716,0.146670187682338
0.087425,0.125324559473854
0.08922,0.103298166002425
0.090089,0.0806815723074095
0.090024,0.0575685626297308
0.089022,0.0340565892060012
0.087084,0.0102462436350963
0.084213,-0.0137607848502466
0.080415,-0.0378626994084133
0.075702,-0.0619562319044588
0.07009,-0.0859371117971673
0.063593,-0.109704956272611
0.056233,-0.133159763120912
0.048033,-0.156204295766966
0.039023,-0.178741534816919
0.029228,-0.200681529551093
0.018684,-0.221934936568622
0.0074243,-0.242417957339843
-0.0045132,-0.262050797925786
-0.017089,-0.280758562901654
-0.030259,-0.298469644478322
-0.043981,-0.315119156504644
-0.058206,-0.330645099849132
-0.072885,-0.344990227855402
-0.087969,-0.358103424092546
-0.1034,-0.369933992099798
-0.11913,-0.380441084952237
-0.13511,-0.389592905791528
-0.15126,-0.397343626064329
-0.16753,-0.403660233124166
-0.18387,-0.408521630104744
-0.2002,-0.411895401992337
-0.21647,-0.41376373089841
-0.23262,-0.414114297352146
-0.24857,-0.412925387315426
-0.26426,-0.410183680354632
-0.27962,-0.405876151083272
-0.2946,-0.400005702493501
-0.30911,-0.392558952202145
-0.3231,-0.383539826092764
-0.3365,-0.372951780011244
-0.34924,-0.360798251837509
-0.36126,-0.347090388402293
-0.37248,-0.331830854531761
-0.38286,-0.315045350109659
-0.39232,-0.296748222535246
-0.40081,-0.276966788862819
-0.40826,-0.255723585871138
-0.41461,-0.233044343503108
-0.41982,-0.208971691857298
-0.42383,-0.183546163694993
-0.42659,-0.15681309236308
-0.42805,-0.12882060951914
-0.42816,-0.09961792074257
-0.4269,-0.0692760414066746
-0.42421,-0.0378521403704843
-0.42008,-0.00542768442685248
-0.41447,0.027920657468992
-0.40735,0.0621147978863603
-0.39871,0.0970629137391539
-0.38853,0.132672103224901
-0.3768,0.168843867350635
-0.36351,0.205478060407453
-0.34866,0.242468770000407
-0.33226,0.279701192976984
-0.31431,0.31706418631678
-0.29482,0.354445549848289
-0.27382,0.391720907323018
-0.25133,0.428767290162022
-0.22737,0.465466701495909
-0.20199,0.501686723862119
-0.17521,0.537309682833916
-0.14709,0.572204043366563
-0.11766,0.606253532889361
-0.086996,0.639324046240835
-0.055142,0.67129515888906
-0.022163,0.702046007287705
0.011875,0.731458752698613
0.046901,0.759418364063664
0.082842,0.785814615861556
0.11962,0.810541378421728
0.15716,0.833501877184818
0.19537,0.854597912444111
0.23416,0.873735266167913
0.27346,0.890841275234757
0.31317,0.905841467403216
0.35319,0.918662959851464
0.39343,0.929244534413533
0.43379,0.937529652136423
0.47418,0.943475480699219
0.51449,0.947037606268116
0.55462,0.948179911423181
0.59447,0.946874892783935
0.63395,0.943111063455253
0.67294,0.936868886794537
0.71134,0.928138521022072
0.74905,0.916919030461992
0.78597,0.903217481841937
0.822,0.887047965390622
0.85703,0.868423177635156
0.89097,0.847369807601899
0.92372,0.823918337612742
0.95519,0.7981094682452
0.98528,0.769984184323963
1,0.729307133882141
1,0.668645689334854
1,0.59342252766415
1,0.508407771070508
1,0.417740837222936
1,0.324958052606171
1,0.233025212224908
1,0.144374211766087
1,0.0609428558015782
1,-0.0157830478232468
1,-0.0847261668281224
1,-0.145173506474575
1,-0.196732400438186
1,-0.239287301516189
1,-0.272957961186526
1,-0.298059501135703
1,-0.31506479270964
1,-0.324569474118142
1,-0.327259852054999
1,-0.323883855731261
1,-0.31522513836702
1,-0.302080354842555
1,-0.285239585084937
1,-0.265469821220257
1,-0.243501392691846
1,-0.220017167376897
1,-0.195644338011814
1,-0.170948581611522
0.97592,-0.164244957638002
0.94165,-0.179606908293988
0.90535,-0.213760780766855
0.8671,-0.263551258086451
0.82696,-0.325992075134243
0.78502,-0.398270005619832
0.74135,-0.477784637348853
0.69606,-0.562134192328202
0.64922,-0.649161371563056
0.60094,-0.73692766494057
0.55132,-0.82372644022709
0.50046,-0.908082199625909
0.44846,-0.988745770923406
0.39543,-1.06467862602356
0.34149,-1.13503593130657
0.28674,-1.19917092666916
0.23131,-1.25659697088423
0.17529,-1.30700498226093
0.11882,-1.35020654156351
0.062004,-1.38614855009988
0.0049545,-1.41488851500219
-0.052212,-1.43657487249575
-0.10938,-1.45143214071355
-0.16645,-1.45975766959683
-0.22329,-1.46188079937031
-0.27981,-1.45818370368011
-0.33589,-1.44906303591876
-0.39143,-1.43493508156985
-0.44633,-1.41622406459709
-0.50049,-1.39335198981409
-0.55381,-1.36672999987929
-0.60619,-1.33675120032806
-0.65754,-1.30379228300207
-0.70778,-1.26821484586231
-0.75682,-1.23035168369357
-0.80458,-1.19051093828371
-0.85097,-1.14896498702229
-0.89593,-1.10597173981218
-0.93939,-1.06176238415939
-0.98127,-1.01653202505946
-1,-0.954541826392357
-1,-0.866827285379813
-1,-0.76069524274842
-1,-0.64254322666164
-1,-0.517894406035243
-1,-0.391439933152527
-1,-0.267087539741588
-1,-0.148015184524846
-1,-0.0367285300689295
-1,0.0648789550834491
-1,0.155464423642811
-1,0.234173686766838
-1,0.300579849091431
-1,0.354623423425434
-1,0.396554692348264
-1,0.426878964998868
-1,0.446305257625146
-1,0.455698809009869
-1,0.456037729203666
-1,0.448373974079744
-1,0.433798740617622
-1,0.41341228964057
-1,0.388298124709311
-1,0.359501388410265
-1,0.328011280473094
-1,0.294747255859404
-1,0.260548724820789
-1,0.226167950395859
-1,0.192265821232772
-1,0.159410168214895
-1,0.128076291290693
-1,0.0986493672809301
-1,0.0714284193550386
-1,0.0466315434366882
-1,0.0244021051410338
-1,0.00481564212571225
-1,-0.0121127698328512
-1,-0.0264209038742938
-1,-0.0381917134232379
-1,-0.0475457733296864
-1,-0.0546339707767439
-1,-0.059630561295487
-0.9676,-0.0387568804400821
-0.93072,0.00585362636880548
-0.89291,0.0692575007779653
-0.85425,0.14691448752398
-0.8148,0.234719132083994
-0.77462,0.329006240457991
-0.7338,0.426526965622575
-0.69238,0.524482453867393
-0.65044,0.620476598017095
-0.60805,0.712507713547889
-0.56526,0.798961610062908
-0.52214,0.878568454669877
-0.47875,0.950382840222048
-0.43515,1.01375303809212
-0.3914,1.0682893381853
-0.34755,1.11383952658562
-0.30367,1.15044087185163
-0.25981,1.17830594122538
-0.21601,1.19779887268276
-0.17234,1.20938222443088
-0.12884,1.21361530987606
-0.08555,1.21112742187276
-0.042528,1.20258033485177
0.00018427,1.18866174941198
0.042547,1.17006788021326
0.084519,1.14748593690428
0.12606,1.12158113862977
0.16714,1.09299297489357
0.20771,1.06231050505939
0.24775,1.0300886111062
0.28722,0.996825165614478
0.32609,0.962965789483971
0.36433,0.928901204581047
0.40191,0.894966159160294
0.4388,0.861439716791123
0.47499,0.828561499367369
0.51044,0.796508660834753
0.54513,0.765415816554229
0.57904,0.735377357049947
0.61215,0.706450353999373
0.64444,0.678657905523169
0.67589,0.651992781914063
0.70648,0.626421247593764
0.7362,0.601894348060966
0.76503,0.578342754022657
0.79297,0.555695480148308
0.82,0.533865596975554
0.84611,0.512761482058125
0.87129,0.492288775514025
0.89553,0.472352192179867
0.91883,0.452864562720706
0.94118,0.433739272760987
0.96257,0.414891690854782
0.98301,0.396255188473636
1,0.375922001246561
1,0.342380041593426
1,0.299248742405435
1,0.249688236594717
1,0.19642051965417
1,0.141753513521056
1,0.0876075566222038
1,0.0355438074282343
1,-0.013205966081864
1,-0.0577087347249526
1,-0.0972991986038211
1,-0.131548892809518
1,-0.160235840759216
1,-0.183315140392257
1,-0.200890816963489
1,-0.213189222426079
1,-0.220534207118973
1,-0.223324236126589
1,-0.222011571460318
1,-0.217083593081665
1,-0.209046287480537
1,-0.198409892571724
1,-0.185676652427998
1,-0.171330605018113
1,-0.155829300710805
1,-0.139597328770142
1,-0.123021513231773
1,-0.106447628160973
1,-0.0901784750354239
1,-0.0744731615046023
1,-0.0595474206568867
1,-0.0455748127594917
1,-0.032688656801598
1,-0.0209845466469939
1,-0.0105233157796407
1,-0.0013343251127782
1,0.00658104023746209
1,0.0132457672778711
1,0.0187035942941529
1,0.023015450209427
0.98492,0.0150997044530765
0.96226,-0.00812467794916998
0.93831,-0.0441053046259372
0.91305,-0.0904694827879504
0.8865,-0.145006681308382
0.85863,-0.205720050366891
0.82948,-0.270776579694891
0.79902,-0.338568794696684
0.76728,-0.407664719549301
0.73428,-0.476816682705263
0.70004,-0.544957832163727
0.66457,-0.611203368227627
0.62791,-0.674818311957123
0.59009,-0.735218061407148
0.55116,-0.791943371530236
0.51115,-0.844666961187675
0.47011,-0.893166113356964
0.42809,-0.937312811960541
0.38515,-0.977055951375097
0.34135,-1.01241231076365
0.29675,-1.04345735165964
0.25142,-1.07030865505685
0.20544,-1.09311119855524
0.15886,-1.11205405021529
0.11178,-1.12732318395731
0.064276,-1.13911791019432
0.01642,-1.1476486276864
-0.031699,-1.15311886204439
-0.079995,-1.15572543106874
-0.12838,-1.15565473879171
-0.17677,-1.15308420768697
-0.22507,-1.14817230775016
-0.27319,-1.14106260373979
-0.32105,-1.13189088909337
-0.36854,-1.1207613693863
-0.41559,-1.10777989431445
-0.46211,-1.09303619249221
-0.50799,-1.07658986200435
-0.55317,-1.05851153189451
-0.59754,-1.03884172454603
-0.64103,-1.01762499278913
-0.68355,-0.994892910827735
-0.72503,-0.97068026660827
-0.76538,-0.945008428626593
-0.80453,-0.917901862158292
-0.84241,-0.889386566042045
-0.87895,-0.859488780883071
-0.91409,-0.828241343346153
-0.94776,-0.795673849723441
-0.97991,-0.761827002865843
-1,-0.718988507199098
-1,-0.655245351982672
-1,-0.576399515199378
-1,-0.487533329040948
-1,-0.393037828010732
-1,-0.29664669312207
-1,-0.201474938661411
-1,-0.110061430872971
-1,-0.0244143073967946
-1,0.0539416236745725
-1,0.123916391281086
-1,0.184806106842837
-1,0.236244709303654
-1,0.278156890813621
-1,0.310712796472258
-1,0.334285000205042
-1,0.3494081666141
-1,0.356741717933703
-1,0.35703573801818
-1,0.351100263186734
-1,0.339778033975221
-1,0.323920713295623
-1,0.304368515776444
-1,0.281933140482192
-1,0.257383854885753
-1,0.231436541792692
-1,0.204745492623182
-1,0.177897709640565
-1,0.151409465863113
-1,0.125724863914115
-1,0.101216133305072
-1,0.078185408923487
-1,0.0568677411112184
-1,0.0374350989746596
-0.98686,0.0297222288600059
-0.95831,0.0430628327140137
-0.92867,0.0738762350571709
-0.89799,0.118805393743497
-0.86635,0.174716848596025
-0.83379,0.238751341478254
-0.80038,0.308309924965108
-0.76616,0.381084100564561
-0.73121,0.455024031565741
-0.69557,0.528368154349711
-0.65931,0.599610138718851
-0.62248,0.667504564658459
-0.58513,0.731051507568189
-0.54733,0.789464185193303
-0.50912,0.842175244295151
-0.47056,0.88879979454178
-0.43171,0.929116065595697
-0.39261,0.963060548901664
-0.35333,0.990682991552185
-0.31391,1.01215139688651
-0.2744,1.02772311678627
-0.23487,1.03771145468737
-0.19535,1.04250120315675
-0.1559,1.04250702925988
-0.11657,1.03816819719814
-0.077406,1.02993866723299
-0.038463,1.01826855354133
0.00021431,1.0036030039561
0.038576,0.986369391508046
0.076576,0.96697368178909
0.11417,0.945796042887914
0.1513,0.923176126176139
0.18793,0.899428269883151
0.22402,0.874834855011543
0.25951,0.84962966912062
0.29436,0.824015100382581
0.32854,0.798169227515128
0.36199,0.772222445662194
0.39468,0.746284133503927
0.42656,0.720427643561411
0.4576,0.694708695724975
0.48774,0.669143675599076
0.51696,0.643744958449625
0.54521,0.618497761477991
0.57246,0.593379242290722
0.59866,0.568344592502363
0.62379,0.543353470888689
0.64781,0.518354315040213
0.67069,0.493294283401456
0.69239,0.468112609102125
0.71289,0.442757739377631
0.73215,0.417171428616105
0.75014,0.39129837386052
0.76685,0.36510139024908
0.78224,0.33853628372705
0.79628,0.311561434980954
0.80895,0.284145514463291
0.82024,0.256273499525421
0.83011,0.227921573243472
0.83855,0.199081532623014
0.84555,0.169757900751209
0.85108,0.139950509066814
0.85514,0.109677573107435
0.85771,0.0789568437470982
0.85879,0.0478200175555157
0.85838,0.0163091953622722
0.85647,-0.0155336439998522
0.85307,-0.0476529562912827
0.84819,-0.0799837638237693
0.84184,-0.112455251623259
0.83403,-0.144993851213077
0.82479,-0.177511043258712
0.81412,-0.209930934519926
0.80207,-0.242153034293574
0.78866,-0.274082099670995
0.77392,-0.305622512830033
0.75789,-0.336673815207851
0.74061,-0.367134675607134
0.72212,-0.396906157087069
0.70247,-0.425886939411796
0.68171,-0.453976969196217
0.65989,-0.481080409736973
0.63705,-0.507115349626278
0.61327,-0.531984324666395
0.58859,-0.555610154602595
0.56308,-0.577912554134162
0.5368,-0.598818972791659
0.5098,-0.618273147130823
0.48216,-0.636212004042569
0.45393,-0.652591600566481
0.42519,-0.667363156308509
0.39601,-0.68048343807733
0.36643,-0.691937767225258
0.33655,-0.701691253808723
0.30641,-0.709738744419729
0.27609,-0.716070321519821
0.24566,-0.720680575662609
0.21518,-0.723575921153033
0.18472,-0.724765362299326
0.15434,-0.72426773996329
0.1241,-0.722109881581926
0.094079,-0.718310806712712
0.064327,-0.712904648195804
0.034909,-0.705926146442092
0.0058857,-0.697413173757851
-0.022684,-0.687406787556727
-0.050742,-0.675950403100184
-0.078235,-0.663091977126088
-0.1051,-0.648874878560555
-0.1313,-0.633357007279611
-0.15678,-0.61659324448475
-0.18147,-0.598623558722815
-0.20535,-0.579511828159009
-0.22836,-0.559309914044707
-0.25046,-0.538073358305484
-0.27161,-0.515859104489822
-0.29177,-0.492723592752773
-0.3109,-0.468721203311835
-0.32897,-0.443910419162195
-0.34594,-0.418343866247859
-0.36178,-0.392075201269804
-0.37647,-0.365164611832401
-0.38997,-0.337660872777628
-0.40227,-0.30962413671654
-0.41333,-0.28109961074434
-0.42315,-0.25214848329245
-0.4317,-0.222820649659187
-0.43897,-0.193169989797534
-0.44494,-0.163244371449104
-0.44962,-0.133107324854807
-0.45299,-0.10281072467944
-0.45505,-0.072410042820799
-0.45579,-0.0419543424066609
-0.45523,-0.0115079565906481
-0.45336,0.01887681465352
-0.45019,0.0491444283130793
-0.44574,0.0792312782585333
-0.44001,0.10908421042015
-0.43303,0.138638204953536
-0.42481,0.167835684840823
-0.41537,0.196619705714464
-0.40474,0.224928463255305
-0.39294,0.252705789215234
-0.38001,0.279887283231431
-0.36598,0.306411541748061
-0.35088,0.332221741313806
-0.33475,0.357259412614988
-0.31763,0.381466867397755
-0.29956,0.404789138089131
-0.2806,0.427160680998891
-0.26078,0.448531914584504
-0.24016,0.468845826746503
-0.21879,0.488048903257237
-0.19673,0.506085049493937
-0.17403,0.522905552601325
-0.15074,0.538469528605508
-0.12694,0.552721893286832
-0.10267,0.565627738850219
-0.078006,0.577143305842033
-0.053009,0.587230533524678
-0.027742,0.595856054658758
-0.0022732,0.602987892532478
0.023332,0.608598669738133
0.049004,0.612662886064365
0.074677,0.615160580055763
0.10028,0.61607346578533
0.12574,0.615384125194197
0.151,0.613088629826149
0.17597,0.609170106172624
0.20059,0.60362433504643
0.2248,0.596457847668016
0.24852,0.587671307435072
0.27168,0.577268425996346
0.29421,0.565255642361094
0.31606,0.551656564937961
0.33714,0.536478768344665
0.35739,0.519739184797501
0.37676,0.501469503411665
0.39518,0.481697935021913
0.41259,0.460456761659946
0.42892,0.437773483813078
0.44413,0.41369336035527
0.45816,0.388260109080833
0.47096,0.361522550779063
0.48248,0.33353239726726
0.49267,0.304342357495584
0.50149,0.274011943986607
0.5089,0.242604546095921
0.51486,0.210184935874789
0.51935,0.176831978203071
0.52232,0.142611493273763
0.52377,0.107613850306173
0.52366,0.0719170295778742
0.52197,0.0356015077126159
0.51871,-0.00123045860723098
0.51386,-0.0384842581925378
0.50741,-0.0760669021682238
0.49938,-0.113867384740097
0.48975,-0.151793130939775
0.47856,-0.189724977107966
0.46582,-0.227548175931622
0.45153,-0.265162517981435
0.43575,-0.302438393272477
0.41848,-0.339270926008233
0.39977,-0.375541648898814
0.37966,-0.411132385787196
0.35819,-0.445929065657455
0.33541,-0.479817333392214
0.31136,-0.512693848256403
0.28612,-0.544438154256604
0.25972,-0.57495703934121
0.23224,-0.604145649410657
0.20374,-0.631908244525282
0.17428,-0.658159910928773
0.14394,-0.682812886319625
0.1128,-0.705780406306687
0.080918,-0.726996050281293
0.048381,-0.746391095164048
0.015266,-0.76390516410428
-0.018345,-0.779483484169964
-0.052371,-0.793078956223362
-0.086727,-0.804649908712551
-0.12133,-0.81416256279827
-0.15609,-0.821586132198988
-0.19094,-0.826910957947341
-0.22577,-0.830113733725599
-0.2605,-0.831183779898818
-0.29505,-0.830121661663295
-0.32934,-0.826937755196514
-0.36327,-0.821636003429839
-0.39676,-0.814230520699947
-0.42974,-0.804751269430386
-0.46211,-0.793218599702421
-0.49379,-0.779659901093637
-0.52471,-0.764115390364066
-0.55479,-0.74662761004521
-0.58396,-0.727247647542661
-0.61213,-0.706017680963568
-0.63924,-0.682994063641978
-0.66521,-0.658228528962884
-0.68999,-0.631790095153731
-0.7135,-0.603737846325951
-0.73569,-0.574143576542619
-0.75649,-0.54307267637339
-0.77586,-0.510605826789602
-0.79374,-0.476819060451489
-0.81009,-0.441797350164197
-0.82485,-0.405615692270511
-0.83799,-0.368361048892022
-0.84946,-0.330112696138721
-0.85924,-0.290963524347246
-0.8673,-0.251007230363923
-0.87361,-0.210335332931153
-0.87814,-0.169034775197874
-0.88088,-0.127200859493979
-0.88182,-0.0849326317387918
-0.88094,-0.0423216369631099
-0.87824,0.000534800282309416
-0.87372,0.0435378470219391
-0.86739,0.0865832727558007
-0.85924,0.129580674295169
-0.84929,0.172431667966908
-0.83756,0.215034734394624
-0.82407,0.257289220993089
-0.80883,0.299105968790733
-0.79188,0.34038602410917
-0.77325,0.381033335418554
-0.75298,0.420950131285566
-0.73109,0.460055449548038
-0.70764,0.498255280351674
-0.68267,0.535463225267277
-0.65623,0.57159476708511
-0.62836,0.606577409532941
-0.59913,0.640328961548202
-0.56859,0.672777264339892
-0.53681,0.703846242588833
-0.50384,0.733474348990894
-0.46976,0.76159207108777
-0.43462,0.78814838017771
-0.39851,0.81307978785718
-0.36149,0.836337488790981
-0.32363,0.857879258936059
-0.285,0.877670145088697
-0.24569,0.895668018696596
-0.20577,0.911841673590561
-0.16531,0.926170314765564
-0.1244,0.938628065670047
-0.083104,0.949205605054987
-0.041514,0.957887208365924
0.00029702,0.964667153594146
0.042244,0.96953964624685
0.084251,0.972506348178966
0.12623,0.973566536175835
0.16811,0.972730718394608
0.2098,0.970003901752322
0.25122,0.965395137629797
0.29228,0.958909537182398
0.33292,0.950571489739147
0.37304,0.940391075821904
0.41256,0.928381705702966
0.45141,0.91456681363898
0.48951,0.898970178418782
0.52676,0.881600683073033
0.56311,0.862492151495177
0.59847,0.841668223513691
0.63276,0.819151263666295
0.66591,0.79496953667698
0.69786,0.769162817357513
0.72853,0.741764406528358
0.75786,0.712816359054851
0.78579,0.682366709873095
0.81225,0.650459662301989
0.83719,0.61714993507932
0.86056,0.582499233751632
0.8823,0.546565802858444
0.90237,0.509418246978262
0.92073,0.471131577512285
0.93733,0.431776432644787
0.95215,0.391440047519158
0.96515,0.350205711005589
0.9763,0.308158460183161
0.98558,0.265389579369727
0.99297,0.221992631443888
0.99846,0.178067559480695
1,0.132207183590625
1,0.0851234794548556
1,0.0385748090056037
1,-0.00601959603481712
0.99714,-0.0496653763362541
0.99114,-0.0933907958817869
0.98326,-0.137079958860667
0.97352,-0.180616404180242
0.96194,-0.223886731823304
0.94855,-0.266776108923221
0.93339,-0.309164736160434
0.9165,-0.350932568475103
0.89792,-0.391963171964275
0.8777,-0.432139390641583
0.85589,-0.471347311812156
0.83254,-0.509479418201454
0.80771,-0.54642960529748
0.78148,-0.582081759835414
0.7539,-0.616337814279973
0.72504,-0.649102940718083
0.69499,-0.68027355865786
0.66381,-0.709764884884439
0.63158,-0.737495687995246
0.59839,-0.763383318467812
0.56432,-0.787354528469733
0.52945,-0.809346553460802
0.49389,-0.829285521185286
0.45771,-0.847121095907543
0.421,-0.862809408905851
0.38387,-0.876299124026249
0.34641,-0.887549952700512
0.3087,-0.896539872378874
0.27085,-0.903240871203253
0.23295,-0.907636500907015
0.1951,-0.909713498092289
0.15739,-0.909469707979171
0.11991,-0.906912751308441
0.082753,-0.902056440777397
0.046013,-0.894919165544487
0.0097777,-0.885527819105859
-0.025865,-0.873915887192424
-0.060825,-0.860120204604079
-0.095021,-0.844186334462166
-0.12837,-0.826164856934612
-0.16078,-0.806102790985702
-0.19219,-0.784066297021615
-0.2225,-0.760106650990184
-0.25166,-0.734298973025141
-0.27959,-0.70671360108542
-0.30623,-0.677430072306105
-0.33151,-0.646525903218763
-0.35538,-0.614089731154574
-0.37779,-0.580216772471595
-0.39869,-0.545004940553055
-0.41803,-0.508551587399532
-0.43578,-0.470965624554926
-0.45191,-0.432362149169062
-0.46638,-0.392850503040895
-0.47919,-0.352561719015411
-0.49031,-0.311618256274411
-0.49973,-0.270146753061362
-0.50745,-0.228280737650528
-0.51347,-0.186155187911578
-0.5178,-0.143909452000953
-0.52044,-0.101674640488526
-0.52143,-0.0596006045927843
-0.52077,-0.0178179782453207
-0.51849,0.0235401987412273
-0.51463,0.0643359600828965
-0.50922,0.104439335665138
-0.50231,0.143716409980378
-0.49393,0.182049422273418
-0.48415,0.219308204993093
-0.473,0.255386680895802
-0.46056,0.290165113211757
-0.44687,0.323546618255055
-0.43201,0.355426844524889
-0.41604,0.385714114547816
-0.39903,0.414323142346053
-0.38105,0.441177204084311
-0.36218,0.466202262369358
-0.3425,0.489329542275169
-0.32207,0.510512248657928
-0.301,0.529686682020639
-0.27934,0.546822664885565
-0.25719,0.561881932921583
-0.23463,0.574836552015943
-0.21175,0.585661259626575
-0.18862,0.594349374846678
-0.16533,0.600895518719263
-0.14196,0.605303797314841
-0.1186,0.607579305097363
-0.095341,0.607727851473925
-0.072254,0.605771197479686
-0.049425,0.601732989398384
-0.026936,0.595641373523731
-0.0048666,0.58752974401037
0.016708,0.577438633162535
0.037705,0.565408118588504
0.058056,0.551487928520019
0.077688,0.535731228460701
0.09653,0.518194351196925
0.11452,0.498941616929489
0.13159,0.478037862037524
0.14768,0.455552701659038
0.16274,0.431565265051318
0.17672,0.4061603197196
0.18956,0.379417550166296
0.20122,0.351425174738076
0.21165,0.322268454017102
0.22083,0.292050039882133
0.22873,0.260876296764338
0.2353,0.22883873286226
0.24054,0.196051127541181
0.24442,0.162619661324514
0.24693,0.12865597247248
0.24806,0.0942726916191254
0.24781,0.0595871669893968
0.24617,0.0247095041268957
0.24315,-0.010244747354874
0.23877,-0.0451519471987727
0.23302,-0.0799080633637018
0.22595,-0.114383968513894
0.21756,-0.148471450805194
0.20788,-0.182060623027686
0.19695,-0.215036591086284
0.18481,-0.247284313766222
0.17148,-0.278707342581604
0.15703,-0.309190702243603
0.14149,-0.338638034407286
0.12491,-0.366956693650022
0.10736,-0.394045659416004
0.088879,-0.419823733761164
0.069541,-0.444202950375836
0.049406,-0.467103563753252
0.028541,-0.488450380957795
0.0070108,-0.508176492291418
-0.015111,-0.526217922582921
-0.037753,-0.542517369210361
-0.060843,-0.557024808817485
-0.084305,-0.569695563229233
-0.10806,-0.580489172429151
-0.13204,-0.589378707462466
-0.15616,-0.596337192340855
-0.18035,-0.601350298368903
-0.20453,-0.604407723188251
-0.22861,-0.605496099540766
-0.25253,-0.604622899325557
-0.2762,-0.601790746592287
-0.29956,-0.597021176378131
-0.32252,-0.590328870044383
-0.345,-0.581730598902651
-0.36694,-0.571259718958861
-0.38827,-0.558955195848359
-0.40891,-0.544852566801371
-0.4288,-0.52899887423994
-0.44786,-0.51143476431252
-0.46603,-0.492209753998996
-0.48326,-0.471386860078224
-0.49948,-0.44902374911319
-0.51462,-0.425172417052199
-0.52865,-0.399908604111764
-0.5415,-0.373295677569957
-0.55313,-0.345407566725106
-0.56349,-0.316317335476009
-0.57254,-0.286102741484896
-0.58023,-0.254835752691494
-0.58655,-0.222611183847979
-0.59145,-0.1895099787592
-0.5949,-0.155614304774031
-0.59689,-0.121019635379787
-0.59739,-0.0858145255101177
-0.59638,-0.050086635532579
-0.59386,-0.013934961448188
-0.58981,0.0225502188944845
-0.58423,0.0592737366567205
-0.57712,0.0961395202165138
-0.56849,0.1330464658515
-0.55834,0.169900063699153
-0.54669,0.2065994424571
-0.53355,0.243049311575264
-0.51895,0.279147280239052
-0.5029,0.31480343283545
-0.48545,0.34991143168975
-0.46663,0.384370046148882
-0.44647,0.418085599198201
-0.42502,0.450958981403294
-0.40232,0.482897532273131
-0.37843,0.513802275790477
-0.3534,0.543579998305203
-0.32728,0.57214545291167
-0.30014,0.59940815507396
-0.27204,0.625284070785831
-0.24304,0.649697480700283
-0.21322,0.672567483635166
-0.18264,0.693826836888691
-0.15138,0.713407202969613
-0.11951,0.731249474055823
-0.087113,0.747294834256135
-0.054263,0.761493809768431
-0.021037,0.773804433751716
0.012481,0.784187600925771
0.046212,0.792612103075982
0.080073,0.799051802592526
0.11399,0.803492813880279
0.14786,0.805910838383495
0.18163,0.806311560771185
0.2152,0.804690659328141
0.2485,0.801058749237286
0.28145,0.795431469401408
0.31396,0.787821320972369
0.34597,0.77826070522904
0.3774,0.76678295421188
0.40817,0.753421763075488
0.43822,0.738225458594156
0.46747,0.721238486310175
0.49586,0.702516121342886
0.52332,0.68211380054959
0.54979,0.660093259701723
0.57521,0.636519865624091
0.59953,0.61146771681797
0.62269,0.585008683641568
0.64463,0.557210970241507
0.66532,0.528160181807418
0.6847,0.497931431465036
0.70274,0.466611457698486
0.7194,0.434286514156096
0.73464,0.401039971858962
0.74844,0.36696520305674
0.76077,0.332153476226452
0.77161,0.296699004403956
0.78094,0.260695496361421
0.78875,0.22424074510275
0.79504,0.187440183575475
0.79979,0.15038732779337
0.80302,0.113192658358198
0.80472,0.0759546510166845
0.8049,0.0387736833473613
0.80357,0.0017483611420004
0.80076,-0.0350126308695194
0.79647,-0.0714182455406221
0.79074,-0.107365214330323
0.78358,-0.142766098552431
0.77503,-0.177527133044587
0.76512,-0.211560137434751
0.75388,-0.244784588870525
0.74134,-0.27712911380855
0.72755,-0.308517672086859
0.71254,-0.338888127295852
0.69636,-0.368177269466003
0.67905,-0.396330957677566
0.66065,-0.423304656398743
0.64122,-0.44904881759513
0.6208,-0.473526793233161
0.59944,-0.496706731911232
0.57719,-0.518562302817781
0.5541,-0.539073110503867
0.53023,-0.558217449953456
0.50562,-0.575988657772964
0.48035,-0.592363491752628
0.45445,-0.607343602585789
0.428,-0.620914320033902
0.40104,-0.633078390829712
0.37364,-0.643830909286514
0.34585,-0.653176259385568
0.31774,-0.661111906791014
0.28937,-0.667637667246153
0.26079,-0.672763082180875
0.23207,-0.676490897960827
0.20327,-0.678826082153067
0.17445,-0.679775603514232
0.14567,-0.679348177612539
0.11699,-0.677553991145171
0.088465,-0.674408115248517
0.060162,-0.669920532014866
0.032135,-0.664106690917228
0.0044412,-0.656983869717908
-0.022864,-0.648571872315268
-0.049731,-0.638896462618715
-0.076103,-0.627982341647433
-0.10193,-0.615857844637566
-0.12717,-0.602559496378043
-0.15177,-0.588121396912816
-0.1757,-0.572591851799991
-0.1989,-0.556007182042804
-0.22134,-0.538415270763261
-0.24299,-0.519872025195887
-0.26381,-0.500430900543273
-0.28377,-0.480149278758831
-0.30283,-0.459078679259009
-0.32098,-0.437286573397293
-0.33819,-0.414836547852338
-0.35444,-0.391794577603546
-0.36971,-0.368226587374702
-0.384,-0.34421125121695
-0.39727,-0.319805572079237
-0.40954,-0.295091626247364
-0.42079,-0.270139602020155
-0.43101,-0.245015272659609
-0.44021,-0.219793492808772
-0.4484,-0.194554031636954
-0.45556,-0.169355877485222
-0.46171,-0.144268804232641
-0.46687,-0.119368930484994
-0.47103,-0.0947127785950944
-0.47422,-0.070368622109041
-0.47644,-0.0463896569050609
-0.47773,-0.022844533772652
-0.4781,0.000210211768251055
-0.47757,0.0227224891425834
-0.47618,0.0446309709526937
-0.47395,0.0658838866594577
-0.47091,0.0864317369952394
-0.46709,0.106228766051166
-0.46253,0.125226652231203
-0.45727,0.143376878539789
-0.45133,0.160647436137721
-0.44478,0.176984085023514
-0.43763,0.192361052820719
-0.42993,0.206747195597005
-0.42172,0.220115842846266
-0.41304,0.232445201267156
-0.40393,0.24371854120055
-0.39444,0.253916802418302
-0.3846,0.263034863121988
-0.37445,0.271072087565158
-0.36404,0.278024571674956
-0.3534,0.283901135686102
-0.34257,0.288713671084824
-0.3316,0.292469253024398
-0.32051,0.295193457135099
-0.30935,0.296904268608389
-0.29814,0.297635595787206
-0.28693,0.297411395505446
-0.27574,0.29626941613908
-0.26461,0.294242957928522
-0.25357,0.291368439922633
-0.24264,0.287691379223436
-0.23185,0.283256151170588
-0.22123,0.278105124274215
-0.21079,0.272292767744056
-0.20056,0.265867092087185
-0.19056,0.258877009316921
-0.18079,0.25138560125091
-0.17129,0.243436040450585
-0.16205,0.235091165954881
-0.15309,0.226405671326954
-0.14442,0.217433457983671
-0.13604,0.208233547162452
-0.12797,0.198852497120582
-0.1202,0.189347506467804
-0.11273,0.179775154819021
-0.10558,0.170174928888801
-0.098727,0.160602955233666
-0.09218,0.151103273537083
-0.085932,0.141720486776286
-0.07998,0.132495131907676
-0.074318,0.123465222204057
-0.068937,0.114667547920256
-0.063832,0.106133574835798
-0.058994,0.0978921897908393
-0.054416,0.0899675412995711
-0.050084,0.0823840815187685
-0.045995,0.0751573146837342
-0.042136,0.0683021098341433
-0.038499,0.0618283316348592
-0.035074,0.0557426391630973
-0.031853,0.0500470737392085
-0.028826,0.044741015042744
-0.025985,0.03981988665734
-0.02332,0.0352771943465297
-0.020825,0.031101802663125
-0.018493,0.0272795804589719
-0.016316,0.0237948281819035
-0.014289,0.020628536407146
-0.012408,0.0177585727372084
-0.010666,0.0151628976191229
-0.0090622,0.0128153769134768
-0.0075926,0.0106894918692437
-0.0062572,0.00875604010990756
-0.0050531,0.00698648258901472
-0.0039825,0.00534973364081071
-0.0030467,0.00381410289557963
-0.0022472,0.00234808684795215
-0.0015867,0.000920287554444853
-0.0010703,-0.000501519617074403
-0.00070231,-0.00194873505363153
-0.00048887,-0.00345254270737748
-0.00043435,-0.00504172285241647
-0.00054866,-0.00674633968812556
-0.00083613,-0.00859243969346817
-0.0013073,-0.0106065878347477
-0.0019677,-0.0128111983316261
-0.0028286,-0.015228818888088
-0.0038973,-0.0178783896569074
-0.0051807,-0.0207749547257129
-0.0066875,-0.0239311509583777
-0.0084293,-0.0273592820811404
-0.010408,-0.0310636806538447
-0.012634,-0.0350482193888788
-0.015116,-0.0393148372431328
-0.017855,-0.0438579721766323
-0.020858,-0.0486704071358406
-0.02413,-0.0537421180884537
-0.027671,-0.0590572137608662
-0.031484,-0.0645975516356444
-0.035567,-0.0703398100481561
-0.03992,-0.0762584587197465
-0.044537,-0.0823223134422015
-0.049413,-0.0884971045124917
-0.054541,-0.094745431142566
-0.059911,-0.101026092192861
-0.065509,-0.107292931444665
-0.071324,-0.113499239478334
-0.077336,-0.119592469807774
-0.083529,-0.125519775892981
-0.089878,-0.131222896392796
-0.096362,-0.136643818804834
-0.10295,-0.141719013822391
-0.10962,-0.146389015790939
-0.11634,-0.150592019891473
-0.12307,-0.154260292290207
-0.12978,-0.157330769061611
-0.13642,-0.159731317870722
-0.14297,-0.161406910697394
-0.14938,-0.162295932253415
-0.1556,-0.162333469585047
-0.16159,-0.16146145864681
-0.1673,-0.15962191523128
-0.17268,-0.156758893649677
-0.1777,-0.152834823462464
-0.18228,-0.147791444797685
-0.18639,-0.141592822073446
-0.18996,-0.134192872386237
-0.19297,-0.125576034277623
-0.19534,-0.115707902276931
-0.19703,-0.104569880905198
-0.198,-0.0921571083125148
-0.19819,-0.0784616337524366
-0.19756,-0.0634885034522247
-0.19605,-0.04723877954284
-0.19364,-0.0297403113197256
-0.19027,-0.011012651429232
-0.18591,0.00890926472465742
-0.18053,0.0299786591114841
-0.17408,0.0521548983363669
-0.16655,0.0753735033426786
-0.15791,0.0995670141061583
-0.14813,0.124667137362976
-0.13721,0.150584369719608
-0.12513,0.177229154313279
-0.11188,0.204506803730692
-0.097461,0.232312868663814
-0.081876,0.260536374815713
-0.065137,0.289057484777478
-0.047254,0.317754043958373
-0.028247,0.346498109828463
-0.0081397,0.375158033518712
0.01304,0.403599931580913
0.035255,0.431685299941488
0.058469,0.459276672644374
0.082635,0.486233715668222
0.1077,0.512413691378586
0.13361,0.537675651342911
0.16031,0.561883829064528
0.18772,0.584892545137362
0.21578,0.606567626952901
0.24441,0.626773838346612
0.27353,0.645379615032451
0.30305,0.662253425879479
0.3329,0.677283064813893
0.36296,0.690338959840753
0.39316,0.701319032830133
0.4234,0.710124998419988
0.45356,0.716650579403261
0.48355,0.720809191716701
0.51327,0.722526170873074
0.54261,0.721732205760161
0.57146,0.718365291394995
0.59972,0.71237949176386
0.62728,0.703736776440875
0.65404,0.692415003712379
0.67989,0.678399117316745
0.70472,0.661681221011427
0.72844,0.642275196544731
0.75096,0.62021308615672
0.77217,0.595526862177269
0.79199,0.568270644611544
0.81034,0.538515776854844
0.82713,0.506338945145744
0.84228,0.471827168424517
0.85574,0.435096256228408
0.86743,0.396260480215096
0.87729,0.355445050633225
0.88528,0.312795782097322
0.89134,0.268456668704358
0.89545,0.222596128454559
0.89756,0.175375642925523
0.89765,0.126968926492317
0.89571,0.0775621549863248
0.89171,0.027331535322557
0.88565,-0.0235376488265466
0.87753,-0.0748582174410752
0.86736,-0.126439629223538
0.85514,-0.178101778459674
0.8409,-0.229656356400058
0.82466,-0.28092171065199
0.80646,-0.331712536697607
0.78632,-0.381861325433945
0.7643,-0.431190883302955
0.74044,-0.479536870640484
0.7148,-0.526736099830169
0.68743,-0.572639313670441
0.65842,-0.61708418051424
0.62783,-0.659925665993395
0.59573,-0.7010305083073
0.5622,-0.740272494247934
0.52733,-0.777528482308535
0.49122,-0.812675116935345
0.45395,-0.845608370662143
0.41561,-0.876236610087705
0.37631,-0.904467287214478
0.33615,-0.930218401255111
0.29523,-0.953420042291817
0.25366,-0.974007903366248
0.21154,-0.991932667358206
0.16898,-1.00715235703939
0.1261,-1.01962593612201
0.082996,-1.02933322319215
0.039782,-1.0362592927315
-0.0034277,-1.04039480605352
-0.046529,-1.04174383623607
-0.089413,-1.04031867411377
-0.13197,-1.03613832491077
-0.17409,-1.02922742206206
-0.21568,-1.01962793176789
-0.25663,-1.00738292390544
-0.29684,-0.992543358207004
-0.33621,-0.975165873273249
-0.37466,-0.955325576921392
-0.41208,-0.933088822718174
-0.44839,-0.908535789003401
-0.48351,-0.881756050692676
-0.51736,-0.852844696873173
-0.54986,-0.821898979316647
-0.58094,-0.789022869018609
-0.61054,-0.754330477461968
-0.63859,-0.717933684908153
-0.66504,-0.679954336608215
-0.68984,-0.640518946975296
-0.71293,-0.599746840156914
-0.73429,-0.557777681481955
-0.75386,-0.514733902956564
-0.77164,-0.470764758360363
-0.78758,-0.425999712544149
-0.80168,-0.380585283088579
-0.81391,-0.334655054583757
-0.82428,-0.288357561122712
-0.83277,-0.241826540156622
-0.83939,-0.195201661753504
-0.84414,-0.148615442114698
-0.84705,-0.102212424020856
-0.84813,-0.0561273057237463
-0.84741,-0.0104971136652296
-0.84491,0.0345512777845256
-0.84068,0.0788813912456791
-0.83474,0.122375878404198
-0.82715,0.16490743700246
-0.81796,0.206352629254178
-0.80721,0.246602932856777
-0.79497,0.285543699653295
-0.78129,0.32307434656286
-0.76624,0.359094686074197
-0.74988,0.393516092612792
-0.73228,0.426255409289406
-0.71352,0.457229888898731
-0.69366,0.486375280446001
-0.67278,0.51363033267666
-0.65096,0.538939000584613
-0.62827,0.562259456428471
-0.60479,0.583556166517096
-0.5806,0.602800706226712
-0.55576,0.619986987962039
-0.53037,0.635098540660609
-0.50449,0.648141523144611
-0.47819,0.659133715022436
-0.45156,0.668087898123475
-0.42466,0.675035504767053
-0.39757,0.680008151208213
-0.37034,0.683059670849573
-0.34306,0.684231458271609
-0.31577,0.683591352854255
-0.28856,0.681190258904409
-0.26146,0.677108907620247
-0.23455,0.671413344976229
-0.20788,0.664178533138714
-0.1815,0.65548487451293
-0.15546,0.645415205961327
-0.12981,0.634052244559564
-0.10459,0.621483859870337
-0.079842,0.60779825111258
-0.055614,0.593077029791182
-0.03194,0.577404542483721
-0.0088577,0.560862166482124
0.013601,0.543530765973154
0.035405,0.525488939690215
0.056523,0.506810884699779
0.07693,0.487569556217045
0.0966,0.467833813289228
0.11551,0.44766915334933
0.13363,0.427130967440613
0.15096,0.406286710795472
0.16746,0.385181674487086
0.18311,0.363856330104902
0.19792,0.342367818155338
0.21185,0.320747676115377
0.22489,0.299027594424532
0.23704,0.277245376171087
0.24828,0.255427411818348
0.2586,0.233597046325636
0.26799,0.211774012637905
0.27645,0.189981482326676
0.28398,0.168244285697083
0.29056,0.146572660762559
0.2962,0.124986524703486
0.3009,0.103505221444271
0.30467,0.0821540925847812
0.3075,0.0609474461654959
0.3094,0.0399047097883848
0.31039,0.0190559359345186
0.31048,-0.00156880430056928
0.30967,-0.0219479606501971
0.30799,-0.0420455805329023
0.30546,-0.0618227796244659
0.30209,-0.0812470541283896
0.2979,-0.100284836577935
0.29293,-0.118888129189323
0.28719,-0.137021079975813
0.28072,-0.154636717243931
0.27355,-0.17168807735149
0.26571,-0.188129780018994
0.25724,-0.203911872309614
0.24816,-0.218997185258334
0.23853,-0.233330626823819
0.22838,-0.246866673185725
0.21774,-0.259569098666416
0.20668,-0.271380948189873
0.19522,-0.282267437053971
0.18342,-0.292183396633111
0.17133,-0.301084295036756
0.159,-0.308927703498674
0.14647,-0.315681828726405
0.1338,-0.321309934838287
0.12104,-0.325780103925846
0.10825,-0.329058180614357
0.095489,-0.331110275028881
0.082805,-0.331912165388057
0.070257,-0.331440356083603
0.057904,-0.329672983979576
0.045803,-0.32659197543157
0.034011,-0.32218319862634
0.022587,-0.316434995353554
0.011587,-0.309340619332177
0.0010699,-0.300895696704321
-0.0089107,-0.291102167377607
-0.018297,-0.279964254996104
-0.027037,-0.267492537008924
-0.035078,-0.25370223241306
-0.04237,-0.238614194583118
-0.048862,-0.222252803812004
-0.05451,-0.204650067032074
-0.059268,-0.185842039747986
-0.063096,-0.165871723832478
-0.065949,-0.144783053162051
-0.067796,-0.122630038413916
-0.068598,-0.0994675689056234
-0.068327,-0.0753579910070274
-0.066954,-0.0503673011200771
-0.064455,-0.0245663803072085
-0.060809,0.00196965914484525
-0.056001,0.029159933695661
-0.05002,0.056918218610364
-0.042857,0.0851549557858972
-0.034513,0.113773086735636
-0.024991,0.142670849752084
-0.014297,0.171743462564575
-0.0024482,0.200878540580239
0.010538,0.229960784079785
0.024635,0.258869223341736
0.039813,0.287479632876334
0.056038,0.315665872490932
0.073267,0.343297519334546
0.091455,0.37024329765484
0.11055,0.396370216914437
0.13049,0.421540751158003
0.15123,0.445630701205471
0.17269,0.468504837113463
0.19479,0.490023476812138
0.21748,0.510070127142371
0.24065,0.528506643208128
0.26423,0.545211640320713
0.28814,0.560074068520726
0.31226,0.572965613192496
0.33652,0.583785476643089
0.3608,0.592421818170869
0.38501,0.598780149276868
0.40905,0.602776195052937
0.43279,0.604315092552554
0.45615,0.60333406053856
0.47901,0.599769395818911
0.50126,0.593566871267313
0.52278,0.58467505046557
0.54348,0.573069388840473
0.56324,0.558726564501759
0.58196,0.541640706011189
0.59952,0.521806387994054
0.61584,0.49924924461621
0.63081,0.473998019783164
0.64434,0.446098884576592
0.65633,0.415604265202023
0.66671,0.382593190900922
0.67538,0.347142553646103
0.68228,0.309355688645625
0.68733,0.269340259746048
0.69047,0.227219818242345
0.69165,0.183135213631326
0.69082,0.13723779184503
0.68794,0.0896909330799564
0.68297,0.0406634716685729
0.6759,-0.00965367197390248
0.66669,-0.0610791467464529
0.65536,-0.113399987463035
0.64189,-0.166413314013796
0.62631,-0.219893225393015
0.60862,-0.273624001156822
0.58886,-0.327374939345737
0.56707,-0.380910162156841
0.54328,-0.434004155314956
0.51755,-0.486424555411373
0.48995,-0.537933348294688
0.46053,-0.588310261964525
0.42938,-0.637326883268389
0.39658,-0.684763073291781
0.36221,-0.730412662855932
0.32636,-0.774080364896298
0.28914,-0.815571670895365
0.25065,-0.85470692024472
0.211,-0.891317502763736
0.17029,-0.925257341455274
0.12865,-0.956382003364268
0.086191,-0.984568067811254
0.043035,-1.00970600088905
-0.00069673,-1.03170272103414
-0.04488,-1.05048051829885
-0.089389,-1.06597671362442
-0.1341,-1.07814568782651
-0.17888,-1.08695162687752
-0.22361,-1.09237956825794
-0.26816,-1.0944252050951
-0.31241,-1.09310184878086
-0.35624,-1.08843810462339
-0.39951,-1.08046071822927
-0.44212,-1.06922507289709
-0.48394,-1.05478715915303
-0.52486,-1.03721784759643
-0.56475,-1.01658430956441
-0.60352,-0.992979406639165
-0.64106,-0.966500235088645
-0.67725,-0.937238014269204
-0.71201,-0.905306951904112
-0.74523,-0.870815037761629
-0.77682,-0.833877541575999
-0.80669,-0.794612802396849
-0.83477,-0.753153452600232
-0.86096,-0.709618018663339
-0.88521,-0.664147468524788
-0.90744,-0.616874829097571
-0.92759,-0.567937799992218
-0.94561,-0.517481313261845
-0.96144,-0.465644538997046
-0.97505,-0.412580066934871
-0.98639,-0.358431964842443
-0.99543,-0.303347826167158
-1,-0.245890332709038
-1,-0.18491088663181
-1,-0.122976372454167
-1,-0.0622042345034242
-1,-0.00429780455634207
-1,0.0494171659074756
-0.993,0.103134017534233
-0.98325,0.15707179413096
-0.97118,0.211070888511219
-0.95683,0.264959858408383
-0.94023,0.318570072350914
-0.92141,0.371740139864626
-0.90042,0.424304600132396
-0.87732,0.476092387966395
-0.85215,0.526948004533382
-0.82497,0.576718674032721
-0.79585,0.625251389674442
-0.76486,0.672397987936551
-0.73206,0.718026562016075
-0.69754,0.762000706387896
-0.66138,0.804192523824118
-0.62365,0.844492917231526
-0.58445,0.882789844690051
-0.54387,0.918980466630868
-0.502,0.952973305322481
-0.45895,0.984674902805281
-0.4148,1.01401609437198
-0.36967,1.04092077606486
-0.32366,1.065325270898
-0.27688,1.08717140052817
-0.22943,1.10641553053087
-0.18144,1.12300586982329
-0.133,1.1369161218091
-0.084246,1.14810830381472
-0.035285,1.15655851245909
0.013768,1.16224991335615
0.062793,1.16516908885716
0.11167,1.16530665513339
0.16029,1.16266574229379
0.20853,1.15724996913171
0.25627,1.1490662598202
0.30341,1.13813954882517
0.34981,1.12447974040073
0.39538,1.10812197553935
0.44,1.0890992122707
0.48356,1.06744971798732
0.52595,1.04321551183699
0.56707,1.01644835288787
0.60681,0.98719946724227
0.64508,0.955533414260934
0.68178,0.921516673940854
0.71681,0.885215737518925
0.7501,0.846717696438822
0.78155,0.806101874169425
0.81109,0.763461480527768
0.83863,0.718883659638675
0.86412,0.672477885130388
0.88748,0.624346439159606
0.90865,0.574597725550864
0.92758,0.523349379113368
0.94422,0.47072308205242
0.95854,0.416855017795642
0.97048,0.361866879826672
0.98002,0.305894584210729
0.98714,0.249081397306556
0.99182,0.191572156809277
0.99404,0.133508510687633
0.9938,0.0750398904525288
0.99109,0.0163099075795595
0.98592,-0.0425323276385649
0.97831,-0.101330673221308
0.96827,-0.159935739579941
0.95581,-0.218208483955142
0.94098,-0.275993307971803
0.9238,-0.333148611706885
0.90432,-0.389526717222587
0.88258,-0.444987469162932
0.85864,-0.499386843665066
0.83254,-0.552597483986188
0.80437,-0.604473073603979
0.77417,-0.654894092354599
0.74204,-0.703722662155642
0.70805,-0.750833208625425
0.67228,-0.796107278209608
0.63483,-0.839421797109347
0.59578,-0.880669315872405
0.55524,-0.919736944823739
0.51331,-0.956519100382842
0.47009,-0.990920186800072
0.4257,-1.02284170404033
0.38024,-1.05220150561156
0.33382,-1.07892669924269
0.28657,-1.10294027613032
0.23861,-1.12417259855583
0.19004,-1.14257783880418
0.14099,-1.15810961553717
0.091579,-1.17073166343662
0.041931,-1.18041429254288
-0.0078355,-1.18713908895266
-0.057599,-1.19089608035557
-0.10724,-1.1916848832108
-0.15664,-1.18951458659489
-0.20568,-1.18440224763243
-0.25424,-1.17637104139026
-0.30222,-1.16546408113503
-0.34948,-1.15171059963808
-0.39594,-1.13517294012887
-0.44147,-1.11590214774058
-0.48598,-1.09396896610426
-0.52936,-1.06944385474854
-0.57151,-1.04240300621199
-0.61233,-1.01292556969027
-0.65175,-0.98111345366668
-0.68966,-0.94705485568632
-0.72599,-0.910854312517387
-0.76065,-0.872612039522114
-0.79358,-0.832444301343914
-0.8247,-0.790462362295664
-0.85395,-0.746785162949045
-0.88126,-0.701527074236977
-0.90659,-0.654817662287163
-0.92988,-0.606780181065997
-0.95108,-0.557536523556551
-0.97016,-0.50721857529979
-0.98707,-0.455947465248176
-1,-0.402529785720248
-1,-0.339459181291865
-1,-0.270513980575406
-1,-0.198910234995429
-1,-0.127336812200362
-1,-0.0579931224151568
-1,0.00737121275735965
-1,0.0674154408753406
-1,0.121166180014978
-1,0.16797597489366
-1,0.207482490948831
-1,0.239568869163464
-1,0.264325697574799
-0.98949,0.289790374125274
-0.97327,0.318885300781042
-0.95501,0.351177356098922
-0.93477,0.386207850505587
-0.9126,0.423512119956014
-0.88854,0.462636160148309
-0.86265,0.503128235618852
-0.835,0.544540072835069
-0.80564,0.58645049205672
-0.77465,0.628447309665228
-0.74209,0.670149990939135
-0.70803,0.711205345580838
-0.67254,0.751291151558452
-0.6357,0.790111228500185
-0.59758,0.827405887704417
-0.55826,0.862944877492555
-0.51782,0.896528547527183
-0.47634,0.92798816638932
-0.43389,0.957192910349714
-0.39056,0.98403242841297
-0.34643,1.00842450965617
-0.30157,1.03032056595162
-0.25608,1.04967960533622
-0.21003,1.06649141157247
-0.1635,1.08076480609302
-0.11657,1.09252504128837
-0.069333,1.10180158329283
-0.021861,1.10864321357793
0.025762,1.1131052025051
0.073456,1.11525054281095
0.12114,1.11514694205265
0.16873,1.11286269299907
0.21614,1.10846396343391
0.26331,1.10203327671597
0.31014,1.09363507843163
0.35655,1.08333273068049
0.40248,1.07120214586567
0.44783,1.05729800355065
0.49254,1.04168616511281
0.53652,1.02441766835918
0.5797,1.00554507542894
0.622,0.985113366014036
0.66335,0.963167544108217
0.70368,0.939751335989663
0.74291,0.914898747653976
0.78098,0.888649671307725
0.81781,0.861032705789509
0.85334,0.83208116962623
0.8875,0.801823682364773
0.92022,0.770284081813484
0.95144,0.7374888664106
0.98111,0.703473124588604
1,0.66148625837746
1,0.600304429341117
1,0.525353263059666
1,0.441376107715348
1,0.352462306094623
1,0.262080568434322
1,0.173116639343171
1,0.0879144018014525
1,0.00831954500949057
1,-0.0642750650617408
1,-0.128883138450569
1,-0.184878610062048
1,-0.231949890311443
1,-0.270055346441608
1,-0.299380560318665
1,-0.320297822239346
1,-0.333328233466707
1,-0.33910670507485
1,-0.338350059059612
1,-0.331828361023417
1,-0.32033954319032
1,-0.304687312861965
1,-0.285662285217438
1,-0.264026230872637
1,-0.24049928791471
1,-0.215749955096509
1,-0.190387657242967
1,-0.164957655288169
0.99422,-0.144214155412601
0.96409,-0.145645523642003
0.93217,-0.166137474531082
0.8985,-0.20269760341571
0.86315,-0.252463401840322
0.82618,-0.312739312664909
0.78766,-0.381011463374623
0.74767,-0.454958436666491
0.70627,-0.532480373621333
0.66356,-0.611675163931501
0.61962,-0.690860988267882
0.57453,-0.768576119668535
0.52838,-0.84356747967748
0.48127,-0.914777502490953
0.43329,-0.981344472484949
0.38454,-1.0425838664632
0.33513,-1.09796941863149
0.28514,-1.1471438184903
0.2347,-1.18986407523405
0.18389,-1.22602859476064
0.13283,-1.25562874477611
0.08162,-1.27875163672494
0.030369,-1.29555818050555
-0.020816,-1.30627128952329
-0.071832,-1.31116585166997
-0.12257,-1.31055146597243
-0.17294,-1.30477565366156
-0.22282,-1.29418726112469
-0.27212,-1.27915377080987
-0.32074,-1.26004322346909
-0.36859,-1.23722396565724
-0.41556,-1.21104180154345
-0.46157,-1.1818387168945
-0.50654,-1.14994549501481
-0.55036,-1.11565351642135
-0.59297,-1.07925188956772
-0.63428,-1.04099798465856
-0.67421,-1.00112384572105
-0.71269,-0.959841793338648
-0.74966,-0.917349276783018
-0.78505,-0.873818236868168
-0.81879,-0.829394468287366
-0.85083,-0.78421247798275
-0.88111,-0.738385501804794
-0.90958,-0.692012760484707
-0.93621,-0.645193045920835
-0.96094,-0.597998701467667
-0.98374,-0.550499714024029
-1,-0.499372695801023
-1,-0.43485998132243
-1,-0.361479967869845
-1,-0.283119804024597
-1,-0.203070317461472
-1,-0.124064456447072
-1,-0.0483184905295671
-1,0.0224248024059127
-1,0.0868517270317425
-1,0.144032773443655
-1,0.193377918561932
-1,0.234592752199233
-1,0.267635984271186
-1,0.292678814066012
-1,0.310066563916375
-1,0.320282900508147
-1,0.323916889499367
-1,0.321633054817131
-1,0.314144544310743
-1,0.302189439405181
-1,0.286510188766821
-0.98032,0.282395530102714
-0.95898,0.288588833201432
-0.93616,0.303724395074047
-0.91192,0.326458676880843
-0.88633,0.355481414932232
-0.85946,0.389533124928665
-0.83138,0.427419759710588
-0.80218,0.468009746838161
-0.77192,0.51026851620217
-0.74068,0.553248240630907
-0.70855,0.596085962913606
-0.67561,0.63801575898388
-0.64194,0.678369569360593
-0.60763,0.716568737563028
-0.57275,0.752137723805286
-0.53739,0.784683438775817
-0.50163,0.81389905331683
-0.46556,0.839550340273952
-0.42926,0.861477779695618
-0.39281,0.879589040389692
-0.35628,0.893858620144452
-0.31977,0.904296211850364
-0.28334,0.910971974845073
-0.24707,0.913990826999884
-0.21104,0.913485447821515
-0.17531,0.90962450376257
-0.13995,0.902595936175013
-0.10504,0.892592751341942
-0.070626,0.879833722669023
-0.036784,0.864531824097566
-0.0035671,0.846907813157423
0.028964,0.827178169709465
0.060758,0.805557826512902
0.091762,0.782254052121359
0.12193,0.757467799961585
0.15121,0.731385226988928
0.17957,0.704190298108017
0.20697,0.676054142163105
0.23336,0.647125189990038
0.25873,0.617558671097868
0.28303,0.587480946851528
0.30625,0.557020597544996
0.32836,0.526288974163455
0.34934,0.495387107924854
0.36918,0.464411503276296
0.38785,0.433436708885453
0.40537,0.402553594705848
0.4217,0.371818419846335
0.43686,0.341301430367283
0.45085,0.311066504728358
0.46366,0.281162331652272
0.4753,0.251637888559745
0.48578,0.222540137535954
0.49511,0.193912250396838
0.50331,0.165799700308884
0.51039,0.138240348217729
0.51637,0.111271467608173
0.52128,0.0849354487941066
0.52513,0.0592621060970731
0.52796,0.034291748284866
0.5298,0.0100639454716988
0.53067,-0.0133914769162072
0.53061,-0.0360392401186117
0.52965,-0.057848670573482
0.52783,-0.0787868711359414
0.52518,-0.0988280476310936
0.52175,-0.117938633366838
0.51756,-0.136102462646349
0.51267,-0.153288819683478
0.50711,-0.169478815194934
0.50093,-0.184649335620385
0.49416,-0.198789786506726
0.48685,-0.211885661534207
0.47904,-0.223927569624678
0.47077,-0.234910958647381
0.46208,-0.244835748993713
0.45301,-0.253705900852796
0.4436,-0.261528936509627
0.4339,-0.268308038388564
0.42393,-0.27406534866323
0.41375,-0.278808460315762
0.40338,-0.282562925408785
0.39285,-0.285360983051936
0.38222,-0.287217483268428
0.37149,-0.288177456575601
0.36071,-0.288272288545749
0.34991,-0.287536492246443
0.33911,-0.286013706147851
0.32833,-0.283753870423268
0.31761,-0.280795963447029
0.30696,-0.2771913104468
0.2964,-0.272992432465369
0.28595,-0.268251395759191
0.27563,-0.263018455252392
0.26544,-0.257355766915526
0.25542,-0.251303723570972
0.24555,-0.244928311990064
0.23587,-0.238269837632427
0.22636,-0.2313909911178
0.21705,-0.224333623863266
0.20794,-0.217143595463002
0.19903,-0.209868481349542
0.19032,-0.202555671953583
0.18182,-0.195243434277258
0.17353,-0.187968717364239
0.16545,-0.180766068214866
0.15757,-0.173674212935292
0.14991,-0.166711663719674
0.14245,-0.159909346492718
0.1352,-0.153284804941976
0.12814,-0.146866141901399
0.12128,-0.140666670889241
0.11461,-0.134701855038501
0.10813,-0.128980719402716
0.10183,-0.123513901494732
0.095692,-0.11831863521527
0.089723,-0.113398208045129
0.083908,-0.108760535004857
0.078239,-0.104411571385999
0.072704,-0.100358209009678
0.067295,-0.0966046838311311
0.062,-0.0931556799011671
0.056807,-0.0900158746248083
0.051706,-0.087188107286929
0.046684,-0.0846756607433819
0.041732,-0.0824789233723935
0.036836,-0.0805994416075697
0.031985,-0.0790372512398084
0.027171,-0.0777887769746168
0.022381,-0.0768511592726821
0.017607,-0.0762183384651959
0.012839,-0.0758831706175322
0.0080696,-0.0758357698361501
0.0032891,-0.0760658798779117
-0.0015093,-0.0765609626451543
-0.0063312,-0.0773059874990746
-0.011183,-0.0782848182172307
-0.016069,-0.079479229084922
-0.020994,-0.0808701041887325
-0.025962,-0.0824374812792185
-0.030974,-0.0841589977972327
-0.036033,-0.0860124138012601
-0.041139,-0.0879739599697363
-0.046293,-0.0900200203026588
-0.051494,-0.0921262811329166
-0.056738,-0.0942663385657345
-0.062024,-0.0964150815699126
-0.067347,-0.0985462225199676
-0.072702,-0.100633309888833
-0.078084,-0.102650561484733
-0.083486,-0.104572052602624
-0.088902,-0.10637329648039
-0.094322,-0.108028793933129
-0.09974,-0.109516011552934
-0.10515,-0.110815563343355
-0.11054,-0.111906847624856
-0.1159,-0.112770483401476
-0.12122,-0.113388766316847
-0.1265,-0.113753395158346
-0.13173,-0.113856670808646
-0.1369,-0.113691783669099
-0.142,-0.113253014904685
-0.14702,-0.112535863239178
-0.15196,-0.111544506453817
-0.15681,-0.110282794625399
-0.16157,-0.10876178402673
-0.16621,-0.106976022160486
-0.17075,-0.104944012306795
-0.17516,-0.102666235731089
-0.17945,-0.100158339010736
-0.1836,-0.0974256990588225
-0.1876,-0.0944727597315005
-0.19146,-0.0913179609582838
-0.19516,-0.0879684243063728
-0.19869,-0.0844294122370903
-0.20205,-0.0807119815015513
-0.20523,-0.076824203871103
-0.20822,-0.0727715550820215
-0.21102,-0.0685646810091556
-0.21362,-0.0642107259396116
-0.21601,-0.0597138227149228
-0.21818,-0.055075554793116
-0.22014,-0.0503101839378568
-0.22187,-0.0454196169041152
-0.22337,-0.040410523665306
-0.22464,-0.0352932122426918
-0.22567,-0.0300732331843873
-0.22646,-0.0247595230452641
-0.227,-0.0193560825224958
-0.2273,-0.0138775835492633
-0.22735,-0.00833208771843923
-0.22715,-0.00272947365655531
-0.2267,0.00291922145139524
-0.226,0.00860236450629128
-0.22505,0.0143081991574802
-0.22385,0.020025234780811
-0.22241,0.0257351603184421
-0.22072,0.031429501235903
-0.2188,0.0370858158280649
-0.21663,0.0427006507317575
-0.21422,0.0482638482157676
-0.21158,0.0537602071778591
-0.20871,0.0591783419583486
-0.20561,0.0645103321245643
-0.20228,0.0697513589176939
-0.19873,0.0748919382389231
-0.19497,0.0799191725336672
-0.19099,0.0848326379784279
-0.18679,0.0896346865980528
-0.1824,0.0943077653294127
-0.1778,0.0988558061909985
-0.173,0.103277863041267
-0.16801,0.107569182064979
-0.16284,0.111722149434666
-0.15749,0.115734519317029
-0.15196,0.119608512748067
-0.14627,0.123335183570977
-0.14042,0.126911682097006
-0.13442,0.130332818600014
-0.12829,0.133584322868211
-0.12202,0.136667226961197
-0.11563,0.13957275027788
-0.10914,0.14228449892784
-0.10255,0.144795219342176
-0.095875,0.147094185378155
-0.089132,0.149166743016634
-0.082332,0.150999960504564
-0.07549,0.152579745639144
-0.068622,0.15389077665123
-0.061742,0.154918701226799
-0.054866,0.155648931043612
-0.048012,0.156065681691449
-0.041194,0.156155672070592
-0.03443,0.155905130167332
-0.027736,0.155301835395072
-0.021128,0.154335249288914
-0.014625,0.152994362145645
-0.0082391,0.151273294165445
-0.0019891,0.149165620955795
0.0041122,0.146669208039664
0.010048,0.143782598603042
0.015805,0.140507629290906
0.021368,0.136847454595706
0.026725,0.132808686999753
0.031864,0.128400658908184
0.036772,0.12363400973579
0.041439,0.118522461091737
0.045856,0.113082677440499
0.050013,0.107332586589101
0.053902,0.101292197923926
0.057516,0.0949834532029853
0.060851,0.0884315206762571
0.063898,0.0816598217306809
0.066658,0.0746971444266026
0.069128,0.0675728674406588
0.071306,0.0603167774051281
0.073192,0.0529596313965706
0.074791,0.0455357866290605
0.076104,0.0380785541700211
0.077138,0.0306238599160514
0.077898,0.0232071928523394
0.078392,0.0158648377198177
0.078631,0.00863483087261282
0.078623,0.00155323184817526
0.078382,-0.00534219053777289
0.077918,-0.0120164434994162
0.077249,-0.0184319924058119
0.076385,-0.0245563878562721
0.075346,-0.0303549811178771
0.074145,-0.0357976948760136
0.0728,-0.0408554961843754
0.07133,-0.0455004939203509
0.069751,-0.049708951381297
0.068083,-0.0534584345540627
0.066344,-0.0567299202906809
0.064553,-0.0595071884356539
0.062728,-0.061777737560331
0.060887,-0.0635326839678675
0.059051,-0.0647643619228372
0.057234,-0.065471745595695
0.055457,-0.0656542833494388
0.053732,-0.0653187385558395
0.052078,-0.0644726663622471
0.050506,-0.0631302146030668
0.049033,-0.0613062556996787
0.047668,-0.0590219734587821
0.046425,-0.056299565973882
0.045312,-0.0531660631465325
0.044338,-0.0496510766209069
0.04351,-0.0457871135677249
0.042836,-0.0416075085310795
0.04232,-0.0371484051019978
0.041968,-0.0324458146844611
0.041782,-0.0275376591934797
0.041766,-0.0224609025986817
0.041919,-0.0172544146180341
0.042244,-0.0119545473202061
0.04274,-0.00659752710227819
0.043407,-0.00121766392790569
0.044242,0.00415110457811399
0.045243,0.00947693605765323
0.046406,0.014729215458959
0.047728,0.0198800574484028
0.049203,0.0249025007299464
0.050824,0.0297705175825057
0.052586,0.0344612234075341
0.054483,0.0389543644989286
0.056505,0.0432296231556403
0.058645,0.0472696257447086
0.060897,0.0510608125872432
0.063247,0.0545873837314097
0.065693,0.0578412661431478
0.068221,0.0608121932231792
0.070823,0.0634930736113777
0.07349,0.0658790503240987
0.076214,0.0679681574963128
0.078985,0.0697595474814633
0.081792,0.071252761623142
0.084626,0.0724493386859713
0.087479,0.0733533083987248
0.090339,0.0739678151821341
0.093198,0.0742983232902636
0.096045,0.0743499493579151
0.098871,0.0741290067621342
0.10167,0.0736449465998883
0.10442,0.0728977749174613
0.10712,0.0718955051888452
0.10976,0.0706458193248798
0.11232,0.0691486078747852
0.11481,0.0674197316085251
0.1172,0.0654579809468125
0.11948,0.0632632513207892
0.12165,0.0608437539100457
0.1237,0.0582068237459342
0.12561,0.0553515293724779
0.12737,0.0522777092596948
0.12898,0.04899323049151
0.13042,0.0454974457395498
0.13168,0.0417902633415256
0.13275,0.0378720404809991
0.13363,0.0337508845713416
0.1343,0.0294261513750016
0.13475,0.0248975542439619
0.13498,0.0201724922068406
0.13496,0.0152421741486088
0.13471,0.0101219609387101
0.1342,0.00480929774432591
0.13342,-0.000697957514554098
0.13238,-0.00638678088079473
0.13106,-0.0122544551397875
0.12945,-0.0182992529297232
0.12756,-0.0245055129717322
0.12537,-0.030868948789468
0.12289,-0.0373723793456484
0.1201,-0.0440108864130964
0.11701,-0.0507674022862223
0.11362,-0.0576229374236909
0.10992,-0.0645648751614304
0.10592,-0.0715713163975394
0.10162,-0.0786208971005349
0.097023,-0.0856910781897479
0.092133,-0.09275828928134
0.086952,-0.0998003018170329
0.08149,-0.106790722714396
0.07575,-0.113705768687732
0.06974,-0.120520794782451
0.06347,-0.127209749599921
0.056947,-0.133748480130679
0.050182,-0.140112179709021
0.043185,-0.146277056226362
0.035967,-0.152220179916449
0.028541,-0.157918607094344
0.020919,-0.163350899896718
0.013114,-0.168496839366423
0.0051431,-0.173334875011806
-0.0029822,-0.177847281286957
-0.011244,-0.182015343141985
-0.019627,-0.185822160506213
-0.028114,-0.189251534042443
-0.036687,-0.19228786331466
-0.045328,-0.194916640193159
-0.05402,-0.197125557232396
-0.06274,-0.198900165212321
-0.071473,-0.200230780156429
-0.080196,-0.201106090800811
-0.08889,-0.201516920804687
-0.097533,-0.201454023270422
-0.10611,-0.200913697918462
-0.11459,-0.199885159021854
-0.12296,-0.198365676700539
-0.1312,-0.196354076953874
-0.13928,-0.193843239719505
-0.1472,-0.19084378215763
-0.15492,-0.187350910812488
-0.16243,-0.183369865505709
-0.16972,-0.178913967232082
-0.17676,-0.173988040755104
-0.18354,-0.168604841686118
-0.19004,-0.162775887957355
-0.19626,-0.156526282780065
-0.20217,-0.149869317601192
-0.20776,-0.142823268706279
-0.21303,-0.135417390807121
-0.21797,-0.127681664824558
-0.22256,-0.119638497766376
-0.22681,-0.111325788462746
-0.23069,-0.102763325093245
-0.23422,-0.0939927157285757
-0.23739,-0.0850498218169761
-0.24019,-0.0759648619985611
-0.24263,-0.0667774052979611
-0.24471,-0.0575260092104829
-0.24641,-0.0482324783814785
-0.24776,-0.0389413585068431
-0.24874,-0.029677206930615
-0.24936,-0.0204698258825407
-0.24962,-0.0113448593739182
-0.24952,-0.00232371081874449
-0.24908,0.00656162894123441
-0.24829,0.0152938866493379
-0.24715,0.023860946603235
-0.24568,0.0322406248900599
-0.24388,0.0404182344153545
-0.24174,0.0483931515948202
-0.23929,0.0561467684173202
-0.23653,0.0636688864468182
-0.23346,0.0709565735279274
-0.23008,0.0780130592590755
-0.22642,0.0848244878743037
-0.22248,0.0913859791050653
-0.21827,0.0976928035807362
-0.21379,0.103748058820463
-0.20905,0.109553855878929
-0.20408,0.115096831539228
-0.19887,0.12038122925993
-0.19344,0.125403328563711
-0.1878,0.130160622778825
-0.18196,0.134651775653625
-0.17594,0.138869152776071
-0.16974,0.142815145612615
-0.16338,0.14648548129028
-0.15688,0.149870728561092
-0.15024,0.152972427490646
-0.14348,0.155786222760574
-0.13661,0.158310608794311
-0.12966,0.160531706241548
-0.12262,0.162455684608815
-0.11553,0.164067811799892
-0.10838,0.165373950139879
-0.10121,0.166359502512038
-0.094007,0.167033034493785
-0.086807,0.167385391187981
-0.079616,0.167415633062287
-0.072448,0.167123614089111
-0.065318,0.166509160093313
-0.058238,0.16557436209607
-0.05122,0.164323144494223
-0.044278,0.162759387150216
-0.037423,0.160889105685199
-0.030667,0.158719189473961
-0.024018,0.156260054857947
-0.017488,0.153521769475536
-0.011086,0.150516106976468
-0.0048204,0.147256374735722
0.0013019,0.143757892877045
0.0072725,0.140036100338954
0.013086,0.136108343270264
0.018737,0.131993037834855
0.024222,0.12771036302159
0.029536,0.123280247767063
0.034679,0.118725551200779
0.039647,0.114067882270554
0.044441,0.109330907579279
0.049059,0.104537034983661
0.053503,0.0997099389188509
0.057773,0.0948721136415306
0.061872,0.090046619094156
0.065802,0.0852555045366229
0.069564,0.080518554273704
0.073166,0.0758582431149287
0.076606,0.0712910803104683
0.079892,0.0668355720034912
0.083029,0.0625089665598924
0.086022,0.0583268806365664
0.088879,0.0543052554567867
0.091605,0.050457485710811
0.094209,0.0467973475316443
0.096698,0.0433369105896783
0.099082,0.0400885987433987
0.10137,0.0370638849148141
0.10358,0.0342796638142473
0.10571,0.031741801884096
0.10777,0.0294558284043995
0.10979,0.0274414799716408
0.11177,0.0257070878905906
0.11372,0.0242588146766211
0.11565,0.0231007516855105
0.11758,0.0222424528513154
0.11952,0.0216900819721206
0.12148,0.0214467664196951
0.12347,0.0215129609596694
0.12551,0.0218942114553942
0.1276,0.0225850997982386
0.12976,0.0235861765172582
0.13199,0.0248878744322535
0.13431,0.026487398956314
0.13671,0.0283651924582736
0.13921,0.0305107836520244
0.14181,0.0329064181909529
0.14452,0.0355362606574802
0.14734,0.0383789820488058
0.15027,0.0414093377957698
0.15331,0.0445995534683492
0.15646,0.047920524362568
0.15972,0.0513428369876742
0.16309,0.0548376220291958
0.16656,0.0583698515525253
0.17011,0.0618931094293245
0.17375,0.0653752710058006
0.17747,0.0687818799514727
0.18124,0.0720628351929526
0.18507,0.0751864540743486
0.18894,0.0781147030390056
0.19282,0.0807982125197067
0.19671,0.0832021452138695
0.20059,0.0852897124698574
0.20443,0.0870163562147254
0.20823,0.0883548553163593
0.21195,0.0892633565037932
0.21558,0.0897117705216275
0.2191,0.0896731665072758
0.22248,0.0891167680313232
0.2257,0.0880172009616329
0.22874,0.0863544148871856
0.23157,0.0841060907706676
0.23417,0.0812563705427194
0.23651,0.0777879301251203
0.23858,0.0736978152186438
0.24035,0.0689802462204475
0.2418,0.063635012636685
0.2429,0.0576592854299482
0.24364,0.0510632601525449
0.244,0.043860228572302
0.24394,0.0360510828055551
0.24347,0.0276638937631401
0.24255,0.0187111311802425
0.24118,0.00922213346771319
0.23933,-0.000782960536783146
0.237,-0.0112696295222022
0.23417,-0.0222073419197406
0.23083,-0.0335620967604446
0.22697,-0.0452979289577212
0.22259,-0.0573708020232909
0.21767,-0.0697461098000802
0.21221,-0.0823829865133853
0.2062,-0.095244041900574
0.19966,-0.108273553233782
0.19257,-0.121432156076852
0.18493,-0.134680035719901
0.17676,-0.147963423114898
0.16807,-0.161226270852109
0.15885,-0.174427139905665
0.14911,-0.187522884496943
0.13889,-0.200448172063731
0.12817,-0.213166124820214
0.117,-0.225612274037999
0.10538,-0.237738876316134
0.093329,-0.249499181735268
0.080884,-0.260835494643285
0.068062,-0.271697947637368
0.054891,-0.282036517932811
0.041399,-0.291802752068705
0.027617,-0.300948908869594
0.013572,-0.309432439841277
-0.00069921,-0.317209277641132
-0.015164,-0.324238790699298
-0.029788,-0.330483328870449
-0.044532,-0.335905492291694
-0.05936,-0.340471878741415
-0.07423,-0.344149188457185
-0.089102,-0.346906997105275
-0.10394,-0.348721393087005
-0.11869,-0.349561465445694
-0.13333,-0.349415568428193
-0.1478,-0.348260214224637
-0.16207,-0.346085591828197
-0.1761,-0.342886183587063
-0.18984,-0.338653082331161
-0.20326,-0.333390055212485
-0.21633,-0.327111357316328
-0.22899,-0.319817492976385
-0.24123,-0.311535174985349
-0.25301,-0.302289663289604
-0.26429,-0.292104673633587
-0.27505,-0.281017096539655
-0.28525,-0.269058903536308
-0.29489,-0.256287037650632
-0.30392,-0.242740260171337
-0.31233,-0.228471362841015
-0.3201,-0.213535741269445
-0.32722,-0.197996878776841
-0.33368,-0.18192312234762
-0.33945,-0.165370121822877
-0.34453,-0.148403933449219
-0.34892,-0.131097143201964
-0.35261,-0.113518146050571
-0.3556,-0.0957373637949273
-0.35788,-0.0778173681371587
-0.35946,-0.0598272726414313
-0.36035,-0.0418393404125107
-0.36054,-0.0239113481891863
-0.36005,-0.00610969185762568
-0.35888,0.0115092221509267
-0.35705,0.0288841521238267
-0.35457,0.0459594063298927
-0.35145,0.062685690106673
-0.3477,0.0790206433135837
-0.34334,0.0949217106777476
-0.33838,0.110355197526959
-0.33285,0.125281150823936
-0.32675,0.139678314199992
-0.32012,0.15351198134232
-0.31295,0.166774994362707
-0.30528,0.179446105745229
-0.29712,0.191515939718096
-0.28849,0.202978002299238
-0.27941,0.213828743198056
-0.26989,0.224074904783334
-0.25996,0.233716968796316
-0.24964,0.242758135395107
-0.23895,0.251204062408174
-0.22791,0.259062567818244
-0.21654,0.266343309568819
-0.20487,0.273050056799119
-0.19291,0.279196774275645
-0.1807,0.284783317922435
-0.16826,0.28981316517598
-0.15562,0.294285397992505
-0.1428,0.298203133463243
-0.12983,0.301565408874174
-0.11674,0.304368129986373
-0.10355,0.306612299678315
-0.090311,0.308280184109186
-0.077035,0.309368349007296
-0.063756,0.309868798595562
-0.0505,0.309776086202013
-0.037299,0.309082620871527
-0.02418,0.307783074560615
-0.01117,0.305874176804301
0.0017009,0.303352203525165
0.014408,0.300217249622308
0.026926,0.296472134845444
0.03923,0.292122189709336
0.051295,0.287174643497275
0.063097,0.281638888602618
0.074614,0.275527369215114
0.085824,0.268854730742275
0.096707,0.261638546473951
0.10724,0.25389611719601
0.11741,0.245651500611345
0.12719,0.236923237626812
0.13658,0.227744912729465
0.14554,0.218131766310558
0.15408,0.208120806152535
0.16217,0.197735992196387
0.16981,0.187012273879078
0.17698,0.175977677564185
0.18367,0.16466122011988
0.18988,0.153099242765832
0.19559,0.14131812587216
0.20081,0.129357579753904
0.20552,0.117244680450846
0.20971,0.105002836941694
0.2134,0.0926738888439554
0.21656,0.0802762678338982
0.2192,0.0678384323856105
0.22132,0.0553885622086297
0.22292,0.0429536570714283
0.22398,0.0305440370527131
0.22452,0.0181856470897361
0.22454,0.00590131691000464
0.22403,-0.00629686097597555
0.22299,-0.0183986149088238
0.22144,-0.0303808627543747
0.21938,-0.0422258208425201
0.2168,-0.0539280633992559
0.21371,-0.0654777123691525
0.21013,-0.076854392038363
0.20605,-0.088052197656535
0.20149,-0.0990550662109888
0.19646,-0.109846768445018
0.19095,-0.120426355741082
0.185,-0.13076844258127
0.17861,-0.140858379624304
0.17179,-0.150683336922907
0.16456,-0.160225077332925
0.15693,-0.16946905998401
0.14893,-0.178389489293511
0.14056,-0.186974535243812
0.13186,-0.19519452794157
0.12283,-0.203035955445452
0.11351,-0.21046927909303
0.10391,-0.217475185168483
0.094055,-0.224032198135993
0.083979,-0.230111197789347
0.073708,-0.235683768129419
0.063265,-0.240725214391788
0.052686,-0.245205074371808
0.041997,-0.249096636520067
0.031232,-0.25237120710098
0.020423,-0.255000944826348
0.009607,-0.256955951041507
-0.0011837,-0.258209157742126
-0.011915,-0.258735393725696
-0.022548,-0.258508371206073
-0.033047,-0.257504206359963
-0.04338,-0.255704568931142
-0.053505,-0.253088949394833
-0.063389,-0.249642535798253
-0.072996,-0.245353539054921
-0.082292,-0.240214657411759
-0.091238,-0.23421895879897
-0.099804,-0.227366899862228
-0.10795,-0.219657730743087
-0.11566,-0.211107737258349
-0.12288,-0.20171863543837
-0.1296,-0.191513104967399
-0.13578,-0.180508136704448
-0.14141,-0.168738061976438
-0.14644,-0.156220866646805
-0.15087,-0.142998001309662
-0.15467,-0.129106666739064
-0.15782,-0.114587148317424
-0.16031,-0.0994886124869086
-0.16213,-0.0838661264458358
-0.16327,-0.0677780743620113
-0.16371,-0.0512765546309026
-0.16346,-0.034429347127404
-0.1625,-0.0172928013621088
-0.16085,5.79806925863303e-05
-0.15851,0.0175497127318197
-0.15547,0.035120093324152
-0.15175,0.0526953750951472
-0.14737,0.0701948014151923
-0.14233,0.0875491824209755
-0.13665,0.104686024256874
-0.13036,0.121525059613588
-0.12347,0.137997059301649
-0.11601,0.154029156279973
-0.10802,0.169540534509782
-0.099505,0.184472463578872
-0.090514,0.198753536126835
-0.081074,0.212320813529967
-0.071219,0.225115212831216
-0.060985,0.237081406228393
-0.050407,0.248169873017943
-0.039522,0.258336192685754
-0.028366,0.267542566787357
-0.016978,0.275755915841006
-0.0053935,0.282951026541629
0.0063497,0.2891085869913
0.018213,0.294214547323285
0.03016,0.298261669026946
0.042154,0.301248727583213
0.054157,0.303178950187494
0.066135,0.304062532919766
0.078049,0.303911801633288
0.089866,0.302745358262428
0.10155,0.300584567860422
0.11307,0.297456536474315
0.12439,0.293388928247233
0.13548,0.288413869691076
0.1463,0.282559105509061
0.15683,0.275863131926745
0.16703,0.268357494264208
0.17689,0.260089645049256
0.18636,0.25108914595469
0.19544,0.241407418109957
0.20408,0.231075216966567
0.21227,0.220135423513816
0.21999,0.208632144584777
0.22722,0.196609271531731
0.23394,0.184109293448891
0.24013,0.171172346498277
0.24578,0.157842877808978
0.25088,0.144167488346415
0.25541,0.130185721938858
0.25936,0.115937590200184
0.26272,0.10146220710251
0.2655,0.0868114922413605
0.26767,0.0720164952365271
0.26924,0.0571199415357741
0.27021,0.0421651659683407
0.27058,0.0271945709948951
0.27034,0.012240996445948
0.26949,-0.00266421465574304
0.26805,-0.0174772881426274
0.26601,-0.0321680931460442
0.26338,-0.0467038313631981
0.26016,-0.0610581589617081
0.25637,-0.0751961829191892
0.25202,-0.0890847739427216
0.2471,-0.102708229750209
0.24164,-0.116036080496497
0.23565,-0.129041892600578
0.22913,-0.141710915252599
0.2221,-0.15402375772773
0.21458,-0.165958138380381
0.20658,-0.17749775155103
0.19812,-0.188624461586842
0.18922,-0.199319447944396
0.1799,-0.209564135235311
0.17017,-0.219348327009222
0.16007,-0.228646954185996
0.14961,-0.237446084009146
0.13881,-0.245734004125708
0.1277,-0.25349397932957
0.11631,-0.260705926750884
0.10466,-0.267355238009356
0.09278,-0.273424953117173
0.080693,-0.278902084640891
0.068428,-0.28377299266487
0.056012,-0.28802558674843
0.043472,-0.291649575492146
0.030831,-0.294639575742301
0.018121,-0.296987871705166
0.0053612,-0.298694755416108
-0.0074188,-0.29975948735877
-0.020197,-0.300186342275398
-0.03295,-0.299982684240616
-0.045653,-0.29915732411386
-0.058287,-0.297724469044993
-0.070829,-0.295699503174138
-0.083261,-0.293102196712063
-0.095561,-0.289952503543069
-0.10771,-0.28627232637005
-0.1197,-0.282092786272593
-0.1315,-0.277434677371173
-0.1431,-0.272325497707637
-0.15449,-0.266797447658289
-0.16565,-0.260878283126162
-0.17658,-0.254606225161423
-0.18725,-0.248004703396077
-0.19766,-0.241106734423613
-0.20779,-0.233937319023577
-0.21764,-0.226529032202671
-0.2272,-0.218912189015739
-0.23645,-0.211106962035437
-0.2454,-0.203146856398196
-0.25402,-0.195045501701839
-0.26232,-0.186829558388054
-0.27029,-0.178520517463773
-0.27792,-0.17013495636221
-0.2852,-0.161684860306019
-0.29213,-0.153185391600131
-0.29871,-0.14465367715973
-0.30493,-0.136100389049616
-0.31079,-0.127537916760269
-0.31628,-0.118972116985732
-0.32141,-0.11041802610277
-0.32617,-0.101882709440479
-0.33056,-0.0933738375169749
-0.33459,-0.0849065859297329
-0.33825,-0.0764868234126285
-0.34155,-0.0681273899044206
-0.34449,-0.0598388507596137
-0.34707,-0.051629505384382
-0.3493,-0.0435128501210113
-0.35118,-0.0354986714645648
-0.35273,-0.0276081571968856
-0.35395,-0.0198562009637521
-0.35484,-0.0122520929089735
-0.35541,-0.00480760794791435
-0.35566,0.00247133285176123
-0.35562,0.00956164206449931
-0.35528,0.0164567220581409
-0.35465,0.0231487909370184
-0.35375,0.0296220701450371
-0.35257,0.0358770789575263
-0.35112,0.0419128176482657
-0.34941,0.0477272402152102
-0.34745,0.0533176500846042
-0.34524,0.0586884240586959
-0.34279,0.0638422581620798
-0.3401,0.0687879414544926
-0.33717,0.0735390602149348
-0.33402,0.0780980267823145
-0.33064,0.0824804592321553
-0.32703,0.0867048956577027
-0.3232,0.0907844217462396
-0.31914,0.0947422340107328
-0.31486,0.0985943224272742
-0.31035,0.1023652690234
-0.30561,0.106078554685177
-0.30065,0.109748759024944
-0.29544,0.113412465888156
-0.29,0.117086028550168
-0.28431,0.120798601043163
-0.27837,0.124574032616345
-0.27216,0.128445988949828
-0.26569,0.132432888964122
-0.25895,0.136555059224928
-0.25193,0.140833700680138
-0.24461,0.145297427008802
-0.237,0.149957751708782
-0.22909,0.15482673798614
-0.22085,0.15993120225404
-0.2123,0.165272012237821
-0.20342,0.170858508226611
-0.1942,0.176699040956284
-0.18463,0.182800778936847
-0.17471,0.189162189315345
-0.16442,0.195789393351109
-0.15377,0.202672176038583
-0.14274,0.209809455597336
-0.13134,0.217185205361941
-0.11954,0.224801221968233
-0.10736,0.232636523977897
-0.094776,0.240684753393599
-0.081796,0.248927742451898
-0.068418,0.257345595128086
-0.05464,0.26591747021881
-0.040463,0.274620036445896
-0.025889,0.283427788548823
-0.010925,0.29231041635922
0.0044251,0.301236816348803
0.020154,0.310173557153051
0.036248,0.319081504286693
0.052699,0.327922141519027
0.069491,0.336652686729257
0.08661,0.345229610943009
0.10404,0.353608558208616
0.12175,0.361734709506769
0.13974,0.369569331517348
0.15797,0.377058274165406
0.17641,0.384143980103956
0.19504,0.390775266647207
0.21383,0.396900282818506
0.23275,0.402468273681752
0.25175,0.407416199218128
0.27081,0.411695263790583
0.28988,0.415247575969597
0.30893,0.41802457598667
0.32791,0.419972078028237
0.34677,0.42103316728184
0.36547,0.421158011603658
0.38397,0.420304209969781
0.40222,0.418429504143414
0.42016,0.415485906934871
0.43775,0.411437306949351
0.45494,0.406251170532402
0.47167,0.399891767592078
0.4879,0.392336979321866
0.50357,0.383561907445841
0.51864,0.373555317136506
0.53305,0.362302942686687
0.54676,0.349803684062005
0.55972,0.336060117124524
0.57187,0.321070731539192
0.58318,0.304853338421407
0.5936,0.287426437022792
0.60308,0.268808946642198
0.6116,0.249042134704548
0.61911,0.228162309656181
0.62558,0.206215885322954
0.63099,0.183263822905746
0.63529,0.159355211518041
0.63847,0.134558003221625
0.64051,0.10894627057605
0.64139,0.0825971343393959
0.64109,0.0555881531283482
0.63961,0.0280099459563618
0.63693,-5.36075245011376e-05
0.63306,-0.0285042234120003
0.62799,-0.0572495789989032
0.62172,-0.0861974381514168
0.61426,-0.115250971850104
0.60562,-0.144312548186234
0.5958,-0.173294251906542
0.58482,-0.20210397407017
0.5727,-0.230649142295192
0.55945,-0.258847169941243
0.54509,-0.286618867350218
0.52966,-0.313875677985949
0.51316,-0.340554031661572
0.49563,-0.366583245682401
0.4771,-0.391896837784558
0.4576,-0.416434142966112
0.43717,-0.440134078832463
0.41583,-0.462952325478917
0.39363,-0.484837762099408
0.3706,-0.505750627736606
0.34679,-0.525647268439184
0.32224,-0.544490121872234
0.29699,-0.562248197063494
0.27109,-0.578889883917226
0.24458,-0.594391949095217
0.21752,-0.608724361370179
0.18994,-0.621875197533498
0.16191,-0.633818454890107
0.13346,-0.644547619951461
0.10466,-0.654043025789746
0.075559,-0.662290974491643
0.046203,-0.669285653780609
0.016645,-0.675023066336516
-0.013058,-0.679498285559205
-0.042853,-0.682709155884103
-0.072689,-0.684657698513583
-0.10251,-0.68534593581721
-0.13226,-0.684776197783358
-0.1619,-0.682963910278544
-0.19135,-0.679904642201053
-0.22058,-0.675615334409769
-0.24953,-0.670107785023845
-0.27815,-0.663396979951942
-0.30638,-0.655492901391501
-0.33418,-0.646416218507317
-0.36149,-0.636181051498146
-0.38827,-0.624810812584281
-0.41446,-0.612321124590153
-0.44002,-0.598735817430585
-0.46491,-0.58408479648656
-0.48907,-0.568387357895206
-0.51246,-0.551668571761073
-0.53504,-0.533957522591499
-0.55677,-0.515285774176596
-0.57761,-0.49568605003559
-0.59752,-0.475191118681816
-0.61646,-0.453832871393176
-0.63439,-0.431641578925277
-0.65128,-0.408652710758766
-0.66711,-0.384912284622527
-0.68183,-0.360451307379592
-0.69543,-0.33531731300327
-0.70786,-0.309540163641196
-0.71911,-0.283164093970369
-0.72916,-0.256236170232268
-0.73798,-0.22879690689319
-0.74556,-0.200895040350267
-0.75187,-0.17256962055045
-0.75691,-0.143872792592888
-0.76065,-0.114843427190504
-0.7631,-0.0855379705423024
-0.76423,-0.0559956702996454
-0.76405,-0.0262701484015364
-0.76256,0.00358251728854281
-0.75974,0.0335208670807444
-0.7556,0.0634944858011279
-0.75015,0.0934474345892665
-0.74338,0.12333595681379
-0.7353,0.153112867173621
-0.72594,0.182715067744748
-0.71528,0.212105672800002
-0.70336,0.241225941455808
-0.69019,0.270023675649461
-0.67579,0.298446354658496
-0.66018,0.326443021404543
-0.64338,0.353965772436441
-0.62542,0.380963492624268
-0.60632,0.407391686751714
-0.58613,0.433190650663841
-0.56486,0.458320045866941
-0.54257,0.4827197054373
-0.51928,0.506345127515069
-0.49503,0.529151304560682
-0.46987,0.551087109507213
-0.44385,0.572098319249319
-0.417,0.592144924601048
-0.38939,0.611170345112178
-0.36105,0.62913621596366
-0.33205,0.64599078610067
-0.30242,0.66170296891806
-0.27224,0.676222685797006
-0.24156,0.689508559302119
-0.21043,0.701527813527859
-0.17892,0.712241185466429
-0.14708,0.721620510887927
-0.11497,0.729640418436911
-0.082663,0.736269338803998
-0.050214,0.741485331266523
-0.017692,0.745264912413643
0.014842,0.747590354955777
0.047321,0.748445053685374
0.07968,0.747815665473644
0.11185,0.745689295692951
0.14377,0.74206007841296
0.17538,0.736929107195763
0.20659,0.730281252373509
0.23736,0.722126038868073
0.26761,0.712463374329403
0.29727,0.701293138600663
0.3263,0.688637679753283
0.35461,0.674500181590405
0.38216,0.658905540237329
0.40887,0.641866154723517
0.4347,0.623413826233773
0.45958,0.603573166962062
0.48346,0.582377309991829
0.50629,0.559865527417613
0.52802,0.536081127438739
0.5486,0.511069623756879
0.56798,0.484877167537272
0.58612,0.457556627625174
0.60298,0.429164889180399
0.61853,0.39976793845883
0.63272,0.369422501817163
0.64554,0.338205824596258
0.65695,0.306187334614639
0.66693,0.273442950534336
0.67546,0.240051610580982
0.68253,0.206099758564679
0.68813,0.171677333712161
0.69224,0.136867011571307
0.69487,0.101765260338301
0.69602,0.0664693350415458
0.69568,0.0310667380542634
0.69388,-0.00433608687818627
0.69063,-0.0396355255131539
0.68594,-0.0747335078325346
0.67983,-0.109532203689563
0.67232,-0.143937176782664
0.66346,-0.177837678860011
0.65327,-0.211135588227638
0.64178,-0.24373885494277
0.62904,-0.27554870169212
0.61509,-0.306471689959174
0.59997,-0.33642193135146
0.58373,-0.365315303081234
0.56642,-0.393072152107132
0.5481,-0.419611971451705
0.52882,-0.444863930043839
0.50864,-0.468760323474591
0.48762,-0.491238614432615
0.46581,-0.512250338671541
0.44328,-0.53174572834759
0.4201,-0.549676130332058
0.39632,-0.56601069929229
0.37201,-0.580719795352773
0.34724,-0.593776343669534
0.32208,-0.605156831037111
0.29659,-0.614849384490894
0.27084,-0.62284516301294
0.2449,-0.629138705328777
0.21884,-0.63372808382801
0.19272,-0.636622296816255
0.16662,-0.637824718879201
0.1406,-0.637349450228907
0.11473,-0.635211986911687
0.089085,-0.631425323564105
0.063719,-0.62601606320743
0.038703,-0.619008907660124
0.0141,-0.610432657895685
-0.01003,-0.600321202414556
-0.033624,-0.588709705392151
-0.056625,-0.57563811699643
-0.078979,-0.561151619977427
-0.10063,-0.54529711751856
-0.12153,-0.528127713545003
-0.14162,-0.509692068536125
-0.16087,-0.490055478958022
-0.17923,-0.469280159243442
-0.19666,-0.447431578394813
-0.21312,-0.424576039417797
-0.22857,-0.400778663623371
-0.243,-0.376123946455986
-0.25637,-0.350687415280925
-0.26865,-0.32454255994119
-0.27982,-0.297766420621046
-0.28987,-0.270443964647972
-0.29879,-0.242663983754802
-0.30656,-0.214508257253571
-0.31318,-0.18606514571475
-0.31864,-0.157418151270652
-0.32294,-0.128651581744053
-0.3261,-0.0998624606667442
-0.3281,-0.0711253944437962
-0.32898,-0.0425387640398971
-0.32873,-0.0141799552045261
-0.32738,0.0138636400955981
-0.32495,0.041506904091862
-0.32146,0.0686694512349105
-0.31694,0.0952701134061523
-0.31141,0.121237326340897
-0.30491,0.146495079782364
-0.29748,0.1709665091148
-0.28914,0.194591610679268
-0.27995,0.217296718833782
-0.26995,0.239014634882472
-0.25918,0.259685888121175
-0.24768,0.27925956235156
-0.23551,0.297678949288939
-0.22272,0.314892312620788
-0.20937,0.330846629699333
-0.19551,0.345497364888573
-0.1812,0.358801326970436
-0.1665,0.37071826397828
-0.15146,0.381219455752792
-0.13615,0.390272140579983
-0.12063,0.397849236419296
-0.10497,0.403922212332846
-0.089226,0.40847311108076
-0.073458,0.411490635078963
-0.057732,0.412965322095726
-0.04211,0.412892978126016
-0.026653,0.411275060171864
-0.011422,0.408118070841508
0.0035212,0.403432317185498
0.018119,0.397234476588941
0.032314,0.389546507707788
0.046048,0.380393860957836
0.059268,0.369808345130972
0.071921,0.357826388623231
0.083952,0.344485998820969
0.095316,0.32983310308762
0.10596,0.313913099485723
0.11585,0.296783988505801
0.12493,0.278496264003162
0.13317,0.259112355783191
0.14053,0.238695320437028
0.14697,0.217307064533237
0.15247,0.195021688241456
0.157,0.171913697446005
0.16053,0.148055846536968
0.16305,0.123532190211977
0.16454,0.0984260827045839
0.16498,0.0728178771903943
0.16436,0.0467904964832424
0.16268,0.0204338160912231
0.15993,-0.0061668104616627
0.15611,-0.0329249306109553
0.15124,-0.0597411311563341
0.1453,-0.0865382224267151
0.13832,-0.113222496872874
0.1303,-0.139712134973894
0.12126,-0.165922837061558
0.11122,-0.191771129638074
0.1002,-0.217177029479269
0.088227,-0.242060945289772
0.075325,-0.266348585800136
0.061522,-0.289969618697313
0.046852,-0.312855022695959
0.03135,-0.334938625532166
0.015053,-0.35615753539363
-0.0019978,-0.376450780294943
-0.019764,-0.395763340431523
-0.038198,-0.414040368247365
-0.057256,-0.431232136371633
-0.076889,-0.447291229958967
-0.097048,-0.46217406257437
-0.11768,-0.475839029805451
-0.13873,-0.48824643624115
-0.16014,-0.499357632292576
-0.18185,-0.509135014717841
-0.20382,-0.517558259041322
-0.22597,-0.524592567605178
-0.24825,-0.530215203096907
-0.27059,-0.534399556977308
-0.29294,-0.537131978707135
-0.31521,-0.538380605290135
-0.33737,-0.538144648490734
-0.35933,-0.536404545364685
-0.38103,-0.533148810315829
-0.40241,-0.52837324905603
-0.42339,-0.522065327111211
-0.44392,-0.514228742418884
-0.46393,-0.504865809850482
-0.48335,-0.493978070454762
-0.50212,-0.481574167763883
-0.52017,-0.467661194817792
-0.53744,-0.452252526991113
-0.55386,-0.435359153014712
-0.56938,-0.417004913225682
-0.58392,-0.397201442097945
-0.59744,-0.375980033030711
-0.60987,-0.353365013695486
-0.62116,-0.329389423714543
-0.63125,-0.304085204099854
-0.64008,-0.27748268465959
-0.64761,-0.249624973053499
-0.65379,-0.220557010179324
-0.65857,-0.190324071415961
-0.6619,-0.15897051363518
-0.66375,-0.12655354899045
-0.66408,-0.093131800164429
-0.66285,-0.0587634063825563
-0.66003,-0.0235118678915478
-0.65559,0.0125568117376366
-0.64951,0.049369128226106
-0.64178,0.0868402718246029
-0.63236,0.124900971319384
-0.62126,0.163459601649838
-0.60846,0.202431425986528
-0.59396,0.241725037830105
-0.57776,0.281246440704555
-0.55987,0.320895041664182
-0.54029,0.360575423317767
-0.51905,0.400177152478286
-0.49616,0.43959591107091
-0.47166,0.478713423658398
-0.44556,0.517426058627832
-0.41791,0.555615770293376
-0.38875,0.593164070025554
-0.35813,0.629948535246737
-0.32609,0.665854930314714
-0.2927,0.700757219078803
-0.25802,0.73453137745126
-0.22211,0.76705910957429
-0.18505,0.798215941011659
-0.14691,0.827884000851915
-0.10778,0.855939992201069
-0.067737,0.882270072114795
-0.026875,0.906759437656897
0.014715,0.929298774236879
0.056937,0.949783412374054
0.099691,0.96811328508383
0.14288,0.984197964873388
0.18639,0.997945690289707
0.23012,1.00927674578508
0.27396,1.01811766192125
0.31781,1.02441043193418
0.36155,1.02809734317147
0.40507,1.0291309133464
0.44826,1.02747421346319
0.49102,1.02310823055264
0.53323,1.01601512250235
0.57478,1.00618683847371
0.61557,0.993631766824651
0.65549,0.978364833069276
0.69444,0.960414090881834
0.73232,0.939818240563485
0.76903,0.916624292634046
0.80448,0.890892798679402
0.83859,0.862701650086245
0.87125,0.832119033150025
0.90241,0.799248364605274
0.93197,0.764182162240116
0.95986,0.727024232599352
0.98602,0.68789237534129
1,0.639226114974756
1,0.573863381662864
1,0.49681683628948
1,0.412452877055668
1,0.324519603274397
1,0.236179606904728
1,0.150046780168436
1,0.068226290830578
1,-0.00764312903167325
1,-0.0763454150485816
1,-0.137042717047709
1,-0.189230996955795
1,-0.232696346293992
1,-0.267472614360945
1,-0.293800856047082
1,-0.312091023845592
1,-0.322886244446397
1,-0.326829938349613
1,-0.324635962872521
1,-0.317061886058468
1,-0.304885432316864
1,-0.288884080828353
1,-0.269817745275719
1,-0.248414418515979
0.97453,-0.244201555521074
0.94719,-0.255071017495972
0.91804,-0.27893878059637
0.88715,-0.31376736468999
0.85459,-0.357593276908154
0.8204,-0.408572357051871
0.78468,-0.464949391382581
0.74749,-0.525107739150264
0.70891,-0.587563576470005
0.66902,-0.65097458822833
0.62791,-0.714137639341364
0.58565,-0.776006978644971
0.54235,-0.835661733904268
0.49809,-0.892329309034707
0.45297,-0.945364281109979
0.40708,-0.994250971358344
0.36052,-1.0385878764416
0.31339,-1.07807991927723
0.26579,-1.11252966790353
0.21781,-1.14183523139551
0.16957,-1.16595650680154
0.12117,-1.18492325900902
0.072701,-1.19883152399398
0.024272,-1.20781881378287
-0.024015,-1.21206128064063
-0.072057,-1.21176420689895
-0.11975,-1.20715325913235
-0.167,-1.19847470748333
-0.21371,-1.18598511262604
-0.25977,-1.16993500751328
-0.3051,-1.1505873639466
-0.34959,-1.12818745601944
-0.39315,-1.10297570209146
-0.43571,-1.07519785526581
-0.47716,-1.0450684484041
-0.51743,-1.01280106394742
-0.55644,-0.978595557136353
-0.59411,-0.942635325850885
-0.63037,-0.905092762001855
-0.66516,-0.866133787799002
-0.6984,-0.825899370411884
-0.73005,-0.784535539961076
-0.76004,-0.742165596646044
-0.78834,-0.698920007136548
-0.81489,-0.654908487977281
-0.83965,-0.610234979561353
-0.8626,-0.565009829442762
-0.88371,-0.519337246639639
-0.90295,-0.473312731760398
-0.92031,-0.427036007283262
-0.93576,-0.380591737956754
-0.94931,-0.334078755147437
-0.96096,-0.287596270664311
-0.9707,-0.241232763932925
-0.97854,-0.195079484131269
-0.9845,-0.149233866374075
-0.9886,-0.103794740267247
-0.99085,-0.058851038461627
-0.99129,-0.0145025325367246
-0.98995,0.0291533156739987
-0.98685,0.0720318904096249
-0.98205,0.114032607550232
-0.97559,0.15506047382938
-0.96751,0.19502852185736
-0.95786,0.233852178548409
-0.94671,0.271437266072134
-0.93409,0.307714949668746
-0.92008,0.342602686066174
-0.90473,0.37603226756956
-0.88811,0.407935059805251
-0.87027,0.438259694547834
-0.8513,0.466941492235465
-0.83124,0.493944707682045
-0.81017,0.519229249044796
-0.78816,0.542760927096288
-0.76528,0.564512130169463
-0.74159,0.584469566216168
-0.71717,0.602617913533272
-0.69209,0.618948843978722
-0.66641,0.633468072044593
-0.64021,0.646178446822946
-0.61356,0.657088538831877
-0.58651,0.666226761122756
-0.55915,0.673607818269954
-0.53153,0.679265134073106
-0.50371,0.683239471032627
-0.47577,0.685562125076003
-0.44775,0.686285941816986
-0.41973,0.685450534809233
-0.39174,0.683121108355651
-0.36385,0.679352467879769
-0.33611,0.674204604795494
-0.30856,0.667747665734558
-0.28125,0.660050854574469
-0.25423,0.651180852626727
-0.22752,0.641222743431602
-0.20117,0.63025197903061
-0.17521,0.618348962742586
-0.14967,0.605595825493441
-0.12458,0.592073736016608
-0.09996,0.577868106138772
-0.075838,0.5630593181374
-0.05223,0.547730129099625
-0.029155,0.531960441070469
-0.0066218,0.515832886456645
0.015355,0.499425390978828
0.03677,0.482816363186349
0.057613,0.466078479002571
0.077883,0.44928414809085
0.097578,0.432502359237503
0.1167,0.415799906121845
0.13524,0.399231319116108
0.15321,0.382854719078136
0.17062,0.366727485732345
0.18746,0.350889471044227
0.20375,0.335386895516372
0.2195,0.320261862679376
0.23471,0.305544024699044
0.24939,0.291258980627572
0.26356,0.277435161044265
0.27722,0.264087135507555
0.2904,0.251239516658582
0.3031,0.238901611745842
0.31533,0.227076992669093
0.32711,0.215771374793455
0.33845,0.204984150493655
0.34937,0.194716552103893
0.35987,0.184956022404176
0.36997,0.175693584888559
0.37969,0.16692299113406
0.38903,0.158625207777912
0.398,0.150778457340327
0.40663,0.14337380839702
0.4149,0.136375673328529
0.42285,0.129772044926574
0.43046,0.123525653037344
0.43775,0.11760924482222
0.44473,0.11199680763796
0.45139,0.106649104853713
0.45775,0.101539366004076
0.4638,0.0966293239763797
0.46955,0.0918872102456695
0.47499,0.0872725301525696
0.48012,0.0827462322308356
0.48494,0.0782714955375602
0.48945,0.0738143373159267
0.49363,0.0693292610419287
0.4975,0.064792384392594
0.50103,0.060161040672239
0.50422,0.0554008906108449
0.50706,0.0504779849267685
0.50954,0.04535977487187
0.51166,0.040023302657448
0.5134,0.0344393815160517
0.51475,0.0285822011686099
0.5157,0.022429589577541
0.51623,0.015955740455071
0.51635,0.00915503589072755
0.51603,0.00200895900730403
0.51526,-0.00549586753633264
0.51403,-0.0133680790134387
0.51234,-0.0216046129469585
0.51016,-0.0302149942135204
0.50749,-0.0391962210434219
0.50431,-0.048549842386136
0.50063,-0.0582586293763969
0.49642,-0.0683200429329669
0.4917,-0.0787062778816488
0.48644,-0.0894066922858685
0.48065,-0.10039501523498
0.47433,-0.111640325811405
0.46748,-0.123108640029216
0.4601,-0.134764296411328
0.4522,-0.146563748310076
0.44378,-0.158465584648135
0.43484,-0.170431188023016
0.4254,-0.182410434508581
0.41547,-0.194352678233676
0.40505,-0.206215646728179
0.39416,-0.217950242752397
0.38281,-0.229510688906951
0.37102,-0.240847849699965
0.35879,-0.251926153073147
0.34615,-0.26269992454364
0.33311,-0.273131574425097
0.31969,-0.2831838736942
0.3059,-0.292828531754564
0.29176,-0.302038101388685
0.27729,-0.310786837931816
0.2625,-0.31905874756396
0.24743,-0.326824238680584
0.23208,-0.334073423251187
0.21647,-0.340798072252897
0.20064,-0.346977028472913
0.18459,-0.352609143560947
0.16835,-0.357687528943337
0.15194,-0.362208529632956
0.13538,-0.366171459723241
0.1187,-0.369570902880095
0.1019,-0.372420200216413
0.085017,-0.374720332290156
0.068067,-0.376478038273468
0.051072,-0.377700277662379
0.034051,-0.378396403572159
0.017027,-0.378574657880862
1.9777e-05,-0.378244699840115
-0.016952,-0.377418026436651
-0.033865,-0.376103980789023
-0.0507,-0.374313060323836
-0.067437,-0.372055924716359
-0.084054,-0.369341674009329
-0.10053,-0.366178705668588
-0.11685,-0.362579109786379
-0.13298,-0.358543614638333
-0.14891,-0.35408153727214
-0.16462,-0.349201487884988
-0.18009,-0.343911290663031
-0.19529,-0.338210533489563
-0.2102,-0.332099557125569
-0.22481,-0.325586677889741
-0.23909,-0.318671618430366
-0.25302,-0.311354560069803
-0.26658,-0.303636025465657
-0.27977,-0.295531573614358
-0.29254,-0.287031485169088
-0.30489,-0.278142875526773
-0.31679,-0.268864028389783
-0.32824,-0.259208323662137
-0.33921,-0.249178756968536
-0.34968,-0.23877725280679
-0.35964,-0.228012189805353
-0.36908,-0.216896907599276
-0.37798,-0.205440981295449
-0.38633,-0.193658072341603
-0.39412,-0.181564748596917
-0.40133,-0.16917205710775
-0.40797,-0.156508452459819
-0.41401,-0.143586048971068
-0.41945,-0.130425604189964
-0.42429,-0.117054230749815
-0.42853,-0.103503388563706
-0.43215,-0.0897923499416538
-0.43516,-0.0759521490525407
-0.43756,-0.0620149848863564
-0.43934,-0.0480056421021221
-0.44051,-0.0339569382731343
-0.44108,-0.0199071641947946
-0.44103,-0.00587568035822782
-0.44038,0.008104511290566
-0.43914,0.0219978582236833
-0.4373,0.0357826616623184
-0.43489,0.0494195787402676
-0.4319,0.0628858690976418
-0.42834,0.0761582011581261
-0.42423,0.0892062191497599
-0.41958,0.102002329358351
-0.41441,0.114514725464749
-0.40871,0.126731470314875
-0.40252,0.138620232377861
-0.39583,0.150170323995694
-0.38867,0.161359457660932
-0.38106,0.172164233575832
-0.373,0.18257600953523
-0.36451,0.192583732831443
-0.35561,0.202174956180013
-0.34632,0.211336679420263
-0.33664,0.220070828824426
-0.3266,0.228369364799567
-0.31621,0.236231447088611
-0.30549,0.243654880032391
-0.29445,0.250644036857509
-0.2831,0.257208671153495
-0.27147,0.263348015372604
-0.25956,0.269075197826688
-0.24739,0.274399568867127
-0.23497,0.279334731021601
-0.22233,0.28388269096324
-0.20947,0.288058347235389
-0.1964,0.291879298319758
-0.18314,0.295357550605534
-0.16971,0.298500353353288
-0.15612,0.301318370056124
-0.14239,0.303817371719875
-0.12852,0.306013848936707
-0.11453,0.307917727392683
-0.10044,0.30953338832567
-0.086273,0.310858396649148
-0.07203,0.311901134223513
-0.057734,0.312662191378803
-0.043401,0.31314101821749
-0.029048,0.313335391472585
-0.014692,0.313241767967703
-0.0003535,0.312853015753663
0.013952,0.312162966934876
0.028202,0.311161190949039
0.042381,0.309839252222016
0.056465,0.308184244153281
0.070438,0.306185904269334
0.084279,0.303832673651492
0.097967,0.301112261752841
0.11148,0.298011387486024
0.12481,0.294526700237447
0.13792,0.290641531763494
0.1508,0.286348924392087
0.16343,0.281642579375812
0.1758,0.276524349523745
0.18787,0.270980484584627
0.19965,0.265022056319289
0.2111,0.258642940432467
0.22222,0.251852962230879
0.23299,0.244659816393271
0.2434,0.237076739480531
0.25342,0.22910634995868
0.26305,0.220764866555927
0.27228,0.212071686435685
0.2811,0.203048297725282
0.28949,0.19370993708989
0.29744,0.18407379994164
0.30495,0.174165593131384
0.312,0.164002399520124
0.3186,0.153616058035865
0.32472,0.143019838426286
0.33036,0.132233816518024
0.33552,0.121282945838453
0.34019,0.110187978774725
0.34436,0.0989656409948654
0.34803,0.0876362580946376
0.35119,0.076215009542021
0.35384,0.0647197983364315
0.35597,0.0531627241383107
0.35757,0.041550750202206
0.35865,0.0299011616793991
0.35919,0.0182167802769931
0.35919,0.00650334027259798
0.35865,-0.00523137573336244
0.35757,-0.0169782759955103
0.35593,-0.0287423788003507
0.35373,-0.0405252941146159
0.35098,-0.0523185813306607
0.34766,-0.0641282241595517
0.34378,-0.0759496023997329
0.33933,-0.0877845691716538
0.33431,-0.0996328491161293
0.32872,-0.111492551830288
0.32256,-0.123360617812915
0.31583,-0.135233201290891
0.30853,-0.147105994406156
0.30066,-0.158974497321728
0.29222,-0.170834238847884
0.28322,-0.182673554104246
0.27365,-0.194490135178348
0.26353,-0.206267148521313
0.25285,-0.217998738228942
0.24163,-0.229665920310938
0.22987,-0.241254477317992
0.21759,-0.252739672858608
0.20478,-0.264111193091093
0.19147,-0.275341112788472
0.17766,-0.286410311654078
0.16337,-0.297292561509094
0.14862,-0.307956687678427
0.13342,-0.318375841021136
0.11779,-0.328520081666461
0.10175,-0.338357891844153
0.085334,-0.347847089227365
0.068551,-0.356956634253274
0.05143,-0.365650654595062
0.033998,-0.373891984301036
0.016281,-0.381644320410505
-0.0016889,-0.388868701488919
-0.019885,-0.395529257195376
-0.038274,-0.401588900918936
-0.056823,-0.407011080070005
-0.075498,-0.411760074221009
-0.094265,-0.415802038844878
-0.11309,-0.419105808989373
-0.13192,-0.421629431500173
-0.15073,-0.423344354088266
-0.16949,-0.424230180287361
-0.18813,-0.424244355113843
-0.20663,-0.423364862797412
-0.22494,-0.421564943405316
-0.24302,-0.418822432458072
-0.26082,-0.415112372849322
-0.2783,-0.410415922724196
-0.29541,-0.404712581969476
-0.31211,-0.397988759905044
-0.32835,-0.390229705341027
-0.34408,-0.381420421632799
-0.35927,-0.371561195183171
-0.37386,-0.360642731584735
-0.38781,-0.34866333171618
-0.40107,-0.335620333344786
-0.4136,-0.321518019960774
-0.42537,-0.306373805616864
-0.43631,-0.290185886487161
-0.4464,-0.272974205305437
-0.4556,-0.254761115853228
-0.46386,-0.235563120780267
-0.47115,-0.215406522118386
-0.47743,-0.194317569877114
-0.48267,-0.172329295112313
-0.48684,-0.149479421869343
-0.48991,-0.125808539331369
-0.49186,-0.101365923707394
-0.49265,-0.0761917873625776
-0.49227,-0.0503401526744856
-0.49071,-0.0238747150761052
-0.48794,0.00314955808990223
-0.48395,0.0306714890384027
-0.47873,0.0586266406073923
-0.47229,0.0869350132039359
-0.46462,0.115521143558536
-0.45571,0.144315434367856
-0.44559,0.173225533374692
-0.43425,0.202173052861676
-0.4217,0.23107846621716
-0.40798,0.259841610431238
-0.39309,0.288378303725369
-0.37707,0.316590313671286
-0.35994,0.344385932878747
-0.34174,0.371666841476441
-0.3225,0.39833991533552
-0.30227,0.424304452917654
-0.28109,0.449464296319947
-0.259,0.473730119250656
-0.23607,0.496998938444861
-0.21233,0.519189750316733
-0.18786,0.540205146322768
-0.16271,0.559959991165981
-0.13694,0.578374651200921
-0.11062,0.59536941836059
-0.083815,0.61087112260635
-0.056593,0.624812384200632
-0.029022,0.637133088510446
-0.0011766,0.647776507590788
0.02687,0.656691999474463
0.055047,0.66383775843014
0.083275,0.669174657685941
0.11148,0.672671556100559
0.13959,0.674306835319412
0.16753,0.674065675193555
0.19522,0.671936175983156
0.22258,0.667909820666279
0.24955,0.661996518660936
0.27605,0.65420664015137
0.302,0.644551276445406
0.32734,0.633057174857282
0.35199,0.619748745062337
0.37589,0.60466315657678
0.39897,0.587839939658483
0.42116,0.569319889585423
0.44241,0.549158889638737
0.46265,0.527409028999749
0.48182,0.504125616082475
0.49988,0.479380088013063
0.51676,0.453232969421914
0.53241,0.425749282095964
0.5468,0.397010792461222
0.55987,0.367088426352535
0.57158,0.336057241906633
0.5819,0.304000938822054
0.5908,0.271007832461697
0.59824,0.237160047473496
0.6042,0.202547103979879
0.60865,0.167254440140245
0.61158,0.131376413291555
0.61297,0.0950043184053579
0.61282,0.0582389607608729
0.61112,0.021178316073016
0.60787,-0.0160775887494457
0.60307,-0.0534302333776478
0.59673,-0.0907780741676563
0.58888,-0.128005606422282
0.57952,-0.165011919232074
0.56868,-0.201688995505167
0.5564,-0.237919234003266
0.54269,-0.273603310992308
0.5276,-0.308630429143671
0.51118,-0.342884248730512
0.49346,-0.376262623096444
0.4745,-0.40865619071948
0.45435,-0.439960918928862
0.43307,-0.470073302595442
0.41072,-0.498893898697817
0.38736,-0.526330088600843
0.36306,-0.552290748859233
0.3379,-0.576681925710876
0.31194,-0.599425614890672
0.28527,-0.620437512512833
0.25796,-0.639646228656124
0.23009,-0.656986248559428
0.20175,-0.672392105643475
0.17302,-0.685808462881412
0.14398,-0.697190568854623
0.11471,-0.706504341752411
0.085316,-0.713706908803876
0.055869,-0.718776232342125
0.026458,-0.721695222763195
-0.0028323,-0.722455274357299
-0.03192,-0.721057748163574
-0.060722,-0.717511911994179
-0.08916,-0.711837469888399
-0.11715,-0.704058516409342
-0.14463,-0.69421898688489
-0.17152,-0.682364960923641
-0.19776,-0.668558391862261
-0.22327,-0.652858110445246
-0.24799,-0.635334108845861
-0.27187,-0.616071298839465
-0.29486,-0.59516469819459
-0.3169,-0.57270782249207
-0.33795,-0.548805474912197
-0.35796,-0.523561494300779
-0.3769,-0.497091017351832
-0.39474,-0.469515202637414
-0.41146,-0.440964148426521
-0.42701,-0.411549348612856
-0.4414,-0.381408455850117
-0.45461,-0.350674050528354
-0.46663,-0.319478121938701
-0.47745,-0.287948220076515
-0.48708,-0.256219192964955
-0.49552,-0.224420210124761
-0.50278,-0.192679185380297
-0.50887,-0.161118919788205
-0.5138,-0.129854072987562
-0.51761,-0.0990110771521199
-0.5203,-0.0686920752246113
-0.5219,-0.038998217269318
-0.52244,-0.0100262392451836
-0.52195,0.0181341948104034
-0.52046,0.0454024668911269
-0.518,0.0717083739611319
-0.51461,0.0969855701374625
-0.51033,0.121173571022408
-0.50518,0.14423400051555
-0.49921,0.166126124309322
-0.49245,0.18682415008117
-0.48495,0.206301166859247
-0.47674,0.22454578061749
-0.46785,0.241560294325257
-0.45833,0.2573440587943
-0.44821,0.271909663384086
-0.43753,0.285273402301742
-0.42632,0.297462237821578
-0.41461,0.308511687236661
-0.40243,0.318463844664757
-0.38983,0.327350760095743
-0.37682,0.335225611795001
-0.36343,0.342142851413575
-0.34969,0.348156906061566
-0.33563,0.353321063325746
-0.32127,0.357693933757185
-0.30664,0.361329670990358
-0.29175,0.364292337943251
-0.27662,0.366644990799916
-0.26128,0.36844085582024
-0.24575,0.369731205623881
-0.23004,0.370571710036984
-0.21417,0.371012613805628
-0.19817,0.371090921939429
-0.18204,0.370853990365187
-0.1658,0.370341269169288
-0.14948,0.369577167247318
-0.13308,0.368595248274482
-0.11661,0.367427903774379
-0.1001,0.366090660285741
-0.083561,0.364598796337152
-0.067001,0.362968903684784
-0.050436,0.361211985280902
-0.033881,0.359334698657283
-0.017347,0.357342694435527
-0.000851,0.355235947071814
0.015595,0.35301328551813
0.031975,0.350669431075718
0.048276,0.348197909461102
0.064483,0.345589747714841
0.080579,0.342832506723362
0.09655,0.339913307159653
0.11238,0.336817601771471
0.12805,0.333527509807655
0.14355,0.330029456455064
0.15885,0.326298790421448
0.17394,0.322317274620419
0.18881,0.318072247448328
0.20343,0.313541035976931
0.21779,0.308708250756726
0.23186,0.30354996602449
0.24564,0.298058189482472
0.25909,0.29220841611143
0.2722,0.285985688348376
0.28495,0.279375777800372
0.29732,0.272365472900006
0.30929,0.264942793071713
0.32083,0.257089738994883
0.33193,0.248798798036557
0.34256,0.240056399761858
0.35271,0.230859330344647
0.36234,0.22119071507236
0.37145,0.211052788308863
0.38001,0.200441042611444
0.388,0.18935315581686
0.3954,0.177788725419447
0.40219,0.165749002953494
0.40835,0.153236633379601
0.41386,0.140255403732638
0.41872,0.126824800731812
0.42289,0.112946957374231
0.42638,0.0986470140471648
0.42916,0.083938477488848
0.43122,0.0688399678959755
0.43256,0.0533811700503628
0.43316,0.037585147085819
0.43302,0.0214838237709832
0.43213,0.00510802850705579
0.43049,-0.0115057283197499
0.42809,-0.0283247515507503
0.42494,-0.0453055489745075
0.42102,-0.0624193359182267
0.41636,-0.0796130632943474
0.41094,-0.0968526138894929
0.40479,-0.114083184949543
0.3979,-0.131264481726484
0.39028,-0.148354352702907
0.38195,-0.165303071341492
0.37293,-0.182056329730067
0.36322,-0.198572579427918
0.35284,-0.214807121507224
0.34182,-0.230706780810464
0.33017,-0.246228030207428
0.31791,-0.261329179775922
0.30507,-0.275964053100792
0.29167,-0.290091807374708
0.27773,-0.303677326210865
0.26329,-0.316676607426842
0.24838,-0.329047404769158
0.23301,-0.340765161541796
0.21722,-0.351798430483263
0.20105,-0.362111429428897
0.18452,-0.371680996398648
0.16768,-0.380472948903233
0.15054,-0.388475087816478
0.13316,-0.395656661462064
0.11556,-0.402002732541735
0.097793,-0.407487463750399
0.079879,-0.412101679073304
0.061864,-0.41583100257205
0.043783,-0.418665732028384
0.025676,-0.420596826313714
0.0075752,-0.421622110356762
-0.010477,-0.421737772965973
-0.028448,-0.420946333920562
-0.046301,-0.419252530849248
-0.064003,-0.416665848613561
-0.081517,-0.413196647385039
-0.098812,-0.408860395168581
-0.11586,-0.403678708150737
-0.13262,-0.397668174894524
-0.14907,-0.390855119863925
-0.16518,-0.383267257508896
-0.18093,-0.374940222218384
-0.19628,-0.36590041019412
-0.21121,-0.356180941221016
-0.2257,-0.345819528917612
-0.23973,-0.334856625322865
-0.25328,-0.323333829009195
-0.26632,-0.311285145471209
-0.27884,-0.298752296062278
-0.29082,-0.285774644227724
-0.30225,-0.27239590935609
-0.31311,-0.258654649212733
-0.32338,-0.24458409300934
-0.33307,-0.230234311243387
-0.34215,-0.215637863478972
-0.35062,-0.200834317171671
-0.35847,-0.18586022205418
-0.36568,-0.170741094872944
-0.37227,-0.155522210744225
-0.37821,-0.140226339714258
-0.38351,-0.124886820447721
-0.38816,-0.109529554566698
-0.39216,-0.0941808747905484
-0.3955,-0.0788590758743196
-0.39819,-0.0635899837859966
-0.40022,-0.0483897276212943
-0.40159,-0.033273295131782
-0.4023,-0.0182540615600501
-0.40235,-0.00334345927198678
-0.40174,0.0114492304855472
-0.40048,0.0261095833436232
-0.39856,0.0406344631615276
-0.396,0.0550079837639789
-0.39278,0.0692342282687207
-0.38892,0.0833039266672947
-0.38442,0.0972123100638213
-0.37929,0.110951177077539
-0.37353,0.124517372056211
-0.36715,0.137904686586396
-0.36016,0.151104797613271
-0.35256,0.164115463673768
-0.34438,0.176917380347766
-0.33561,0.189507729687647
-0.32628,0.201867620233084
-0.31639,0.213988031428038
-0.30597,0.225846085187627
-0.29502,0.237430656776796
-0.28357,0.248718335980655
-0.27164,0.259683955506488
-0.25925,0.270301722935005
-0.24642,0.280546157642487
-0.23318,0.290385449812553
-0.21954,0.299798468653212
-0.20555,0.308743826976816
-0.19123,0.317187248174807
-0.1766,0.325101260556383
-0.1617,0.332450004642012
-0.14657,0.339192003730078
-0.13123,0.345297340488613
-0.11572,0.350731635748588
-0.10008,0.355458056674942
-0.084343,0.359444181427484
-0.068547,0.362658554262865
-0.052729,0.365072333265053
-0.036928,0.366658339667206
-0.021182,0.367392473702876
-0.0055295,0.367253671160008
0.0099905,0.366223792633477
0.025342,0.364290047917481
0.040484,0.36144089323358
0.05538,0.35766971343451
0.069994,0.352974696741055
0.084288,0.347356752409123
0.098228,0.340822187684253
0.11178,0.333381753500214
0.1249,0.325042346602767
0.13757,0.315827027032165
0.14976,0.305762614137091
0.16142,0.294863654120714
0.17253,0.283156760375546
0.18307,0.270677707373507
0.19301,0.257461440069269
0.20231,0.243534011121968
0.21097,0.228943259039234
0.21896,0.213731177216701
0.22626,0.197941354683385
0.23286,0.18162489606661
0.23873,0.164822780750257
0.24388,0.147596252711555
0.24828,0.129991594275452
0.25193,0.112063864568905
0.25484,0.0938809826604577
0.25699,0.0754970815661105
0.25839,0.0569757306880358
0.25904,0.0383787910887703
0.25896,0.0197796440628056
0.25815,0.00124394521704264
0.25663,-0.0171561322052649
0.25441,-0.0353528060873098
0.25151,-0.053276599178585
0.24795,-0.0708589017858561
0.24375,-0.088034039150894
0.23895,-0.104726091296223
0.23357,-0.12086813650072
0.22764,-0.136395362301698
0.2212,-0.151239482669474
0.21428,-0.165339134767437
0.20691,-0.178640700992166
0.19914,-0.19108399517804
0.191,-0.202620486289658
0.18255,-0.21319070763411
0.17381,-0.222758109732583
0.16483,-0.231283986822738
0.15565,-0.238736913169397
0.14632,-0.245085356493374
0.13688,-0.250306508996165
0.12737,-0.254385772279626
0.11784,-0.257308721580497
0.10832,-0.259076794081628
0.098849,-0.259698056594934
0.089479,-0.259176610328961
0.080243,-0.257527783676582
0.071181,-0.254770823093542
0.062325,-0.250933964354814
0.053713,-0.246047896311751
0.045376,-0.240150004803984
0.03735,-0.233278701414816
0.029662,-0.225479136933216
0.02234,-0.216800192277302
0.015412,-0.207292653102253
0.0088985,-0.197013190701255
0.0028251,-0.18601805438384
-0.002792,-0.174368677821794
-0.007934,-0.162127143444434
-0.012588,-0.149358753833922
-0.016739,-0.136128060320544
-0.020382,-0.122504589096034
-0.023505,-0.108554713988868
-0.026106,-0.09434772137187
-0.028182,-0.0799524488491997
-0.029734,-0.0654382512086272
-0.030763,-0.0508727725805532
-0.031275,-0.0363238607249762
-0.031278,-0.0218588561762415
-0.03078,-0.00754252622966188
-0.029795,0.00656012164812396
-0.028337,0.0203860385374139
-0.026419,0.0338766156484298
-0.024065,0.0469707131173121
-0.021294,0.0596109542198922
-0.018129,0.0717420565283128
-0.014597,0.0833094447386919
-0.010724,0.0942618203400532
-0.0065403,0.104549234608737
-0.0020752,0.114125425637275
0.0026361,0.12294450575663
0.0075643,0.130967010394466
0.01267,0.138152772848085
0.017921,0.144467992059231
0.023282,0.149883141874915
0.028711,0.15436850695839
0.034179,0.157905149746865
0.039644,0.160474231278769
0.045072,0.162063920513086
0.050427,0.162667368235536
0.055675,0.162283886750624
0.060779,0.160916021737342
0.06571,0.15857522016963
0.070435,0.155277267568319
0.074922,0.151042167699667
0.079145,0.145897601463372
0.083074,0.139874086514751
0.086687,0.133009842120782
0.089959,0.125346337204234
0.092871,0.116931235446702
0.095403,0.107815389674681
0.097541,0.0980554718611399
0.099267,0.0877085019265541
0.10057,0.0768355190235522
0.10145,0.0655073513366957
0.10189,0.0537882624799258
0.10188,0.0417406413749979
0.10143,0.0294383971281584
0.10054,0.0169552339209032
0.099209,0.00436182478363375
0.097442,-0.00827125631048373
0.095246,-0.0208741678884436
0.092632,-0.0333768486913596
0.08961,-0.0457119868340789
0.086195,-0.0578129351873594
0.082402,-0.0696157405070048
0.078247,-0.0810599950349742
0.073751,-0.0920864957242866
0.068932,-0.10264126222925
0.063814,-0.112671999669196
0.058419,-0.122131133672823
0.052771,-0.130975185017343
0.046895,-0.139164906045816
0.040817,-0.146665283656821
0.034566,-0.153443951533025
0.028166,-0.159475754394144
0.021648,-0.16473735842753
0.015037,-0.169212465565087
0.0083651,-0.172886131700885
0.0016572,-0.175750713191922
-0.005059,-0.177803057086899
-0.011754,-0.179042840700536
-0.018405,-0.179477423277158
-0.024984,-0.179116732182421
-0.031468,-0.177976592355636
-0.03783,-0.176074570552075
-0.044053,-0.173436904877569
-0.050111,-0.170089781435226
-0.055985,-0.166064104422521
-0.061657,-0.161394744565619
-0.06711,-0.156119796555042
-0.072327,-0.15027912115277
-0.077294,-0.143915305731992
-0.081999,-0.13707359134885
-0.086429,-0.129799490146082
-0.090574,-0.122139779432468
-0.094425,-0.11414175475697
-0.097979,-0.105856279202798
-0.10123,-0.097333460931819
-0.10417,-0.08861989588904
-0.1068,-0.0797646387416771
-0.10912,-0.0708165280272532
-0.11113,-0.0618227510212736
-0.11284,-0.0528351019421255
-0.11426,-0.0439074915832275
-0.11538,-0.0350790710823416
-0.11623,-0.0264053626499127
-0.1168,-0.0179237406152127
-0.11713,-0.00969263165842017
-0.11721,-0.00174858889168802
-0.11706,0.00586858680182138
-0.11671,0.0131104930492386
-0.11618,0.0199308228517518
-0.11548,0.026293940153872
-0.11463,0.032166741242237
-0.11366,0.0375120383974395
-0.11259,0.0422981229190552
-0.11145,0.0464915380995653
-0.11026,0.0500660930480183
-0.10905,0.0529951471042814
-0.10784,0.055260194279332
-0.10665,0.0568501735056088
-0.10552,0.0577459220894387
-0.10448,0.0579300249413712
-0.10353,0.0574094879462286
-0.10272,0.0561742096746259
-0.10206,0.0542305002375261
-0.10158,0.0515832726751583
-0.1013,0.0482438995970215
-0.10125,0.0442215610707322
-0.10144,0.0395384934289804
-0.10189,0.0342197328912485
-0.10262,0.0282921498662563
-0.10364,0.0217909882230685
-0.10498,0.0147426990115729
-0.10663,0.00719567629884374
-0.10862,-0.000814735912368643
-0.11094,-0.00923497168156955
-0.11361,-0.0180203192202765
-0.11662,-0.0271121698577199
-0.11998,-0.0364570583372618
-0.12368,-0.0459923251138897
-0.12772,-0.0556570243732938
-0.13209,-0.0653859141819901
-0.13678,-0.075112157483472
-0.14177,-0.0847621776189143
-0.14706,-0.0942739110874789
-0.15262,-0.103574280055519
-0.15843,-0.112590937773169
-0.16447,-0.121254347733848
-0.17071,-0.129492025272753
-0.17713,-0.137238795869785
-0.1837,-0.144430112244932
-0.19038,-0.150996677485449
-0.19715,-0.156882441845462
-0.20396,-0.162021806142269
-0.21078,-0.166358491964788
-0.21757,-0.169838333799766
-0.22428,-0.17240342928866
-0.23089,-0.174017114254394
-0.23734,-0.174631782034106
-0.24359,-0.174207607629838
-0.2496,-0.172712639319378
-0.25532,-0.170115274620031
-0.2607,-0.166385574553917
-0.26569,-0.161496266295668
-0.27026,-0.155438266437482
-0.27434,-0.148188336849436
-0.27791,-0.139749929748515
-0.2809,-0.13011143714286
-0.28328,-0.119279474871619
-0.285,-0.107260833288197
-0.28602,-0.0940700931325383
-0.28629,-0.0797207375937825
-0.28578,-0.0642401744283373
-0.28446,-0.047666663535412
-0.28227,-0.0300243390518988
-0.27921,-0.0113699643860998
-0.27523,0.00825162023574297
-0.2703,0.0287913657380056
-0.26441,0.0501831740546049
-0.25753,0.0723636113948106
-0.24965,0.0952581881856872
-0.24075,0.118792826449288
-0.23083,0.142880951292922
-0.21987,0.167443046187388
-0.20788,0.192385303701072
-0.19486,0.217612423210914
-0.18081,0.243030616850371
-0.16574,0.268542654678178
-0.14967,0.29404401108943
-0.13262,0.319427388433735
-0.11461,0.344586482401664
-0.095674,0.369408687186974
-0.075834,0.39378865753176
-0.05513,0.417616912210844
-0.033599,0.440786333509892
-0.011288,0.463187768561453
0.011761,0.484717670114336
0.035495,0.505272313228576
0.05986,0.524750568509166
0.084804,0.543058318297265
0.11027,0.560106686917637
0.13618,0.575798665755569
0.1625,0.590066634211176
0.18914,0.602827899439205
0.21604,0.614012866715059
0.24313,0.623557817379618
0.27035,0.631413736355993
0.29761,0.63752345785221
0.32484,0.641840419880046
0.35197,0.644328696143419
0.37892,0.644955339696962
0.40561,0.643691508337156
0.43197,0.640520634374063
0.45792,0.635429874465222
0.48338,0.628410486933966
0.50826,0.619450592768537
0.53251,0.608566366023266
0.55604,0.595767249299651
0.57877,0.581065031916117
0.60064,0.564488449389059
0.62156,0.546057489971827
0.64148,0.525814638853611
0.66032,0.503797658869944
0.67802,0.48005470805461
0.69451,0.45463401013211
0.70975,0.427605063330944
0.72367,0.399030758387532
0.73623,0.368989398815478
0.74737,0.337555007889017
0.75706,0.30481849090544
0.76524,0.270859817189366
0.7719,0.235784992468547
0.77699,0.199688561847465
0.78048,0.16266799994684
0.78236,0.124835165567426
0.7826,0.0862955255847965
0.7812,0.0471684990484988
0.77814,0.00756645394725927
0.77342,-0.0323925114722914
0.76703,-0.0725966647920068
0.75899,-0.112920691613526
0.74931,-0.153239599261063
0.73799,-0.193439961924556
0.72506,-0.233399156826054
0.71054,-0.27299849520808
0.69446,-0.312118948706643
0.67685,-0.350645150651349
0.65775,-0.388461165939329
0.63719,-0.425461922699244
0.61523,-0.461532590217786
0.5919,-0.496576610912493
0.56726,-0.530493467152654
0.54136,-0.563190469049794
0.51427,-0.594569871074401
0.48604,-0.624548211041708
0.45673,-0.653049348708786
0.42642,-0.67999127561474
0.39516,-0.705312609614718
0.36304,-0.728941637072045
0.33012,-0.750823391274282
0.29648,-0.770904047608926
0.26219,-0.789140493427233
0.22733,-0.805492950409664
0.19199,-0.819918915718321
0.15624,-0.832390505181621
0.12016,-0.842885840011983
0.083829,-0.851390059915175
0.047333,-0.857890004888866
0.010748,-0.862382418859903
-0.025844,-0.864868432580756
-0.062366,-0.8653570995999
-0.098738,-0.86386208058174
-0.13489,-0.860408422577338
-0.17074,-0.855021410523776
-0.20621,-0.847729357067491
-0.24125,-0.838583472225655
-0.27576,-0.827615548694049
-0.3097,-0.814885659039376
-0.34299,-0.800445850734575
-0.37557,-0.784355418473674
-0.40739,-0.766685568494734
-0.43837,-0.747493231365519
-0.46848,-0.726859432972141
-0.49765,-0.704852978185274
-0.52583,-0.681545818987295
-0.55299,-0.657025300360871
-0.57907,-0.631366606979662
-0.60404,-0.604655193553603
-0.62786,-0.57697496000248
-0.65049,-0.548406111180502
-0.67191,-0.519038270472349
-0.69209,-0.488958577182856
-0.71101,-0.458256910656573
-0.72864,-0.427015193584536
-0.74497,-0.395321123558591
-0.75998,-0.363256866827661
-0.77367,-0.330912247725356
-0.78602,-0.29836556678166
-0.79703,-0.265697993071315
-0.8067,-0.232990270551094
-0.81504,-0.200327454566473
-0.82204,-0.167780410089431
-0.82771,-0.135420826895347
-0.83207,-0.103325887363136
-0.83513,-0.0715670906684324
-0.8369,-0.0402087776224133
-0.8374,-0.00931450895591934
-0.83665,0.0210551751830143
-0.83467,0.0508444835702899
-0.8315,0.0799888493234015
-0.82715,0.108441231318736
-0.82165,0.136155880179849
-0.81504,0.163082615141993
-0.80734,0.189184499410215
-0.79858,0.214429548281736
-0.78881,0.2387765110277
-0.77804,0.262208007195229
-0.76632,0.284697434379111
-0.75368,0.306226893859126
-0.74016,0.326779195970803
-0.72578,0.346353567507538
-0.7106,0.364933485790787
-0.69463,0.382527695478746
-0.67792,0.399136020728247
-0.66051,0.414758992775799
-0.64242,0.429412948388931
-0.62369,0.443112181104348
-0.60436,0.455869367510549
-0.58446,0.467703306956817
-0.56402,0.478637572191511
-0.54309,0.488684472116113
-0.52169,0.49786935861174
-0.49985,0.506220265956883
-0.47762,0.513752067260444
-0.45501,0.520498384654621
-0.43208,0.526470228504424
-0.40883,0.531704576652307
-0.38532,0.536214076503331
-0.36156,0.540028469530942
-0.33758,0.543175738565964
-0.31342,0.545674339439403
-0.2891,0.547549345871084
-0.26464,0.548830481909492
-0.24008,0.549535610977831
-0.21543,0.549694695349296
-0.19072,0.549331799381076
-0.16598,0.548465516313058
-0.14122,0.547124227838141
-0.11646,0.545335955632493
-0.091735,0.543116483641168
-0.067051,0.540492626474389
-0.042433,0.537485188936949
-0.017895,0.534117571577885
0.0065433,0.530410278242715
0.030867,0.526384324025693
0.055058,0.522058045078498
0.079101,0.517449029152027
0.10298,0.512573097803897
0.12668,0.507444786719626
0.15019,0.502079984281592
0.1735,0.496495806728281
0.19657,0.490687534916281
0.21941,0.484669753246155
0.242,0.478449847856524
0.26431,0.472021635777462
0.28634,0.465390161736308
0.30807,0.458554424785511
0.32947,0.451501019971405
0.35054,0.444228922457441
0.37126,0.436732179999608
0.3916,0.428993502633401
0.41155,0.421001582392466
0.43109,0.412742725567534
0.45021,0.40420898435425
0.46888,0.395382389549376
0.48708,0.386244700185507
0.5048,0.376785280580303
0.52202,0.366992482049627
0.53871,0.356846736902406
0.55485,0.346329994343332
0.57044,0.335440697145613
0.58543,0.324153671512845
0.59982,0.312462375359066
0.61358,0.300353305622851
0.6267,0.28782254828407
0.63914,0.274851891345761
0.65091,0.261449116601877
0.66197,0.247605849177287
0.6723,0.233315777213997
0.68189,0.218581878314939
0.69072,0.203407218798825
0.69878,0.187802330066701
0.70604,0.171768766313778
0.71249,0.155315658445694
0.71813,0.138465458817557
0.72292,0.121221243850656
0.72687,0.103607410441544
0.72997,0.0856501435256607
0.73219,0.0673616206668006
0.73354,0.048771995635816
0.73402,0.0299177216580896
0.7336,0.0108171755927897
0.7323,-0.0084893793177834
0.73011,-0.0279673346575093
0.72704,-0.0475728178472759
0.72307,-0.0672779141720672
0.71823,-0.0870314369820188
0.7125,-0.106801891098439
0.70591,-0.12653764739969
0.69846,-0.146194554781624
0.69016,-0.16572843285702
0.68101,-0.18510384425207
0.67104,-0.20427137486439
0.66026,-0.223186675539533
0.64867,-0.241818297842171
0.6363,-0.260124116244576
0.62316,-0.278069591973789
0.60926,-0.295627513679306
0.59463,-0.31276281998606
0.57927,-0.329457554391657
0.56321,-0.345686164461262
0.54647,-0.361425374710876
0.52905,-0.376669476504494
0.51098,-0.391405220868605
0.49228,-0.405621352811288
0.47297,-0.419308829936971
0.45306,-0.432468329286032
0.43257,-0.445101246792412
0.41153,-0.457202408978323
0.38995,-0.4687765345917
0.36785,-0.479829043672307
0.34525,-0.490366014968042
0.32218,-0.500386716170044
0.29865,-0.509899926711527
0.27469,-0.518907247700638
0.25033,-0.527404610456316
0.22557,-0.535405809951285
0.20046,-0.542901833943908
0.17501,-0.549895222103847
0.14924,-0.556390466130415
0.12319,-0.56237882364508
0.096885,-0.567852290321881
0.070347,-0.572805957700813
0.043606,-0.577231700317507
0.016696,-0.581116126967544
-0.010358,-0.584448676665214
-0.037523,-0.587215499182414
-0.064764,-0.589399048341969
-0.092051,-0.590983028171199
-0.11935,-0.591949696374116
-0.14662,-0.592275515396222
-0.17384,-0.591947772870833
-0.20096,-0.590941466684189
-0.22795,-0.589237239794266
-0.25477,-0.586813505403307
-0.28139,-0.583654962318043
-0.30776,-0.579737114706624
-0.33385,-0.575043622267105
-0.35962,-0.569557891338947
-0.38502,-0.563256311491425
-0.41002,-0.556125174718677
-0.43458,-0.548151875461845
-0.45865,-0.539317796159536
-0.4822,-0.529614915101576
-0.50517,-0.519021937793925
-0.52755,-0.50754457423383
-0.54927,-0.495165949116346
-0.5703,-0.481881174380729
-0.59061,-0.467695311273851
-0.61015,-0.452606684592097
-0.62888,-0.436615785618217
-0.64678,-0.419739777719138
-0.66379,-0.401979375728653
-0.67989,-0.383351730367628
-0.69504,-0.363872115889635
-0.70921,-0.343561399786692
-0.72237,-0.322444505158291
-0.73449,-0.30054905103234
-0.74554,-0.27790416670788
-0.75551,-0.254554270358444
-0.76435,-0.230525381422708
-0.77206,-0.205864981034827
-0.77862,-0.180621788168379
-0.784,-0.154836804934502
-0.78819,-0.128558450473973
-0.79118,-0.101839747172652
-0.79296,-0.0747359129462867
-0.79353,-0.0473097346273256
-0.79286,-0.0196060875729638
-0.79098,0.00830160548503763
-0.78787,0.0363560474951325
-0.78353,0.0644999089382314
-0.77797,0.0926702397868134
-0.7712,0.120801526395496
-0.76324,0.148820843641586
-0.75408,0.176673749385939
-0.74375,0.204292936361167
-0.73226,0.231617699541324
-0.71964,0.25857988480417
-0.7059,0.285122361444629
-0.69108,0.311176662865904
-0.67519,0.33668965272775
-0.65827,0.361600259825722
-0.64035,0.385850530694757
-0.62147,0.409379669572917
-0.60165,0.432141508937534
-0.58093,0.454088642228082
-0.55936,0.475167069151085
-0.53698,0.49532683537212
-0.51382,0.514530505734463
-0.48994,0.532730092065156
-0.46537,0.549893103960033
-0.44017,0.565978762579334
-0.41438,0.580956020160587
-0.38804,0.594803032440209
-0.36122,0.60748430151837
-0.33394,0.618991760142808
-0.30628,0.629295806358338
-0.27827,0.638387737205551
-0.24996,0.646261617564281
-0.22141,0.652906980690453
-0.19267,0.658317825101604
-0.16378,0.662499727821828
-0.13481,0.665445674358938
-0.10579,0.66716865006977
-0.076788,0.667669676709211
-0.047848,0.666958191446604
-0.019024,0.66504307691908
0.0096311,0.661933632813638
0.03807,0.657643649720211
0.066237,0.652184198053593
0.094083,0.645568955564033
0.12156,0.637814341925407
0.14861,0.628931324672631
0.17519,0.618937422246129
0.20126,0.607857315796548
0.22675,0.595698732290148
0.25163,0.582485191219692
0.27585,0.56823759518387
0.29937,0.552981638325567
0.32214,0.536738840418579
0.34412,0.519534200650052
0.36527,0.501394861584941
0.38556,0.482356360225057
0.40494,0.462445245039909
0.42339,0.441702258669513
0.44087,0.420163657511865
0.45736,0.397875841121249
0.47282,0.374877273937589
0.48723,0.351213681141765
0.50056,0.326927895883762
0.51281,0.302081319998376
0.52395,0.276726348351396
0.53397,0.250921333564164
0.54285,0.224720273047161
0.5506,0.198194172135102
0.5572,0.171403425285737
0.56265,0.14441278415986
0.56695,0.117288485013476
0.5701,0.0900958725434343
0.57212,0.0629122776040232
0.57299,0.0357926859306043
0.57274,0.00880918051350323
0.57138,-0.017969505212235
0.56891,-0.044486999046717
0.56536,-0.0706766765523698
0.56075,-0.0964732976992429
0.55509,-0.121822360440518
0.54841,-0.14666519335586
0.54073,-0.17094924856508
0.53208,-0.194621452859522
0.52248,-0.217637662508717
0.51197,-0.239947867961223
0.50059,-0.261499209397474
0.48836,-0.282253268323032
0.47533,-0.302162654362881
0.46153,-0.321189345427622
0.44701,-0.33928963509023
0.4318,-0.356431728733235
0.41595,-0.372580028048109
0.39951,-0.387697347251238
0.38253,-0.401746724471339
0.36504,-0.414707661942441
0.34711,-0.426544409361252
0.32878,-0.437232554119254
0.3101,-0.446750560426371
0.29113,-0.455072868873344
0.27191,-0.46218661192179
0.25251,-0.468067764000452
0.23297,-0.472706568592971
0.21334,-0.47609806502678
0.19369,-0.478226921092006
0.17406,-0.479092432051821
0.15451,-0.478691292570277
0.13508,-0.477033349895898
0.11582,-0.474131754018771
0.096799,-0.469988253258025
0.078049,-0.464623022327712
0.059622,-0.45805604672941
0.041566,-0.450309854372319
0.023926,-0.441410879484029
0.0067456,-0.431389248482243
-0.0099323,-0.42027796492916
-0.026067,-0.408113256959778
-0.041618,-0.394933263079005
-0.056548,-0.380779110273422
-0.070823,-0.365695748050103
-0.084406,-0.349727830852871
-0.09727,-0.332925989743533
-0.10938,-0.315338387949392
-0.12071,-0.297016519731745
-0.13124,-0.278017548067427
-0.14094,-0.258394180416299
-0.1498,-0.238208781717368
-0.15779,-0.217514884826505
-0.16491,-0.196379468712512
-0.17114,-0.174863558652281
-0.17647,-0.153028905939659
-0.1809,-0.130943321691169
-0.18443,-0.108677401386334
-0.18705,-0.0862943918030144
-0.18878,-0.063871770165236
-0.18961,-0.04147386811205
-0.18957,-0.0191818968868876
-0.18866,0.00293408630021051
-0.18689,0.0248079246864648
-0.1843,0.0463566505827492
-0.18089,0.0675160140794929
-0.1767,0.088209486935089
-0.17175,0.108367996697075
-0.16607,0.127923464752763
-0.1597,0.146803590868564
-0.15266,0.164949959774317
-0.145,0.182295310169595
-0.13676,0.198775035241264
-0.12796,0.214343785730459
-0.11867,0.228936593628417
-0.10892,0.242504608388558
-0.098756,0.255002062224803
-0.088224,0.266387526333893
-0.077376,0.276620367029279
-0.06626,0.285665255700728
-0.054922,0.293494178198832
-0.043417,0.300079719895109
-0.031795,0.305399976945946
-0.020106,0.309438656246779
-0.0084021,0.31218344047211
0.0032653,0.313626617198796
0.014845,0.313765073145829
0.026286,0.312600145164855
0.037541,0.310139946920723
0.048559,0.306395567541484
0.05929,0.301381375219878
0.069688,0.295117361616815
0.07971,0.287630113752182
0.089309,0.278948216015323
0.098441,0.269103632056677
0.10707,0.258136390674576
0.11515,0.246084803755568
0.12265,0.232996076922575
0.12953,0.218916840555183
0.13576,0.203899546150802
0.14131,0.188000034042204
0.14615,0.171275446147586
0.15026,0.153789865250718
0.15361,0.135603848157168
0.15619,0.116788228608346
0.15797,0.0974053512991341
0.15894,0.077523709621288
0.15909,0.0572147525067142
0.15841,0.0365502024837014
0.15689,0.0155998502009791
0.15453,-0.00556281345754852
0.15133,-0.0268635813832498
0.14728,-0.0482373817824144
0.1424,-0.0696064301216508
0.13669,-0.0908999530710911
0.13015,-0.11205513748158
0.12281,-0.132995530428331
0.11467,-0.153658375891117
0.10576,-0.173971934372771
0.09609,-0.193874436275442
0.085685,-0.213303228759314
0.074571,-0.232196421824317
0.062773,-0.250495682644363
0.050319,-0.26814544702571
0.037242,-0.285090740490608
0.02357,-0.301282807214095
0.0093427,-0.316671137231879
-0.0054084,-0.331211804030323
-0.020642,-0.344860698774859
-0.036321,-0.357578433367584
-0.052405,-0.369328616918845
-0.068852,-0.380077640039855
-0.085618,-0.389794123104957
-0.10266,-0.398450621060153
-0.11993,-0.406020445084328
-0.13739,-0.412486162193477
-0.15499,-0.417829921600726
-0.17268,-0.422034526125573
-0.19042,-0.425091653226381
-0.20815,-0.426986043924683
-0.22583,-0.427712500583946
-0.24342,-0.427274515039408
-0.26085,-0.425660731110853
-0.2781,-0.422885498388323
-0.2951,-0.41894690990084
-0.31182,-0.413859944511306
-0.32821,-0.407638336968226
-0.34423,-0.400302165397094
-0.35983,-0.391868978905729
-0.37498,-0.382368871345062
-0.38962,-0.37181929510059
-0.40373,-0.360256829593591
-0.41726,-0.347710489434084
-0.43019,-0.334224758722518
-0.44247,-0.319833346213931
-0.45406,-0.304567858890835
-0.46495,-0.28847960253737
-0.47509,-0.271604848684866
-0.48445,-0.253981572763718
-0.49301,-0.235655467803536
-0.50074,-0.216669779063591
-0.50762,-0.197071942224371
-0.5136,-0.17688920903275
-0.51869,-0.15617606038479
-0.52284,-0.134962945645157
-0.52605,-0.113296929728824
-0.52829,-0.0912148322366493
-0.52953,-0.0687440157857074
-0.52977,-0.0459254319306932
-0.529,-0.0228022577374462
-0.52718,0.000604119096953591
-0.52433,0.0242463457616512
-0.52042,0.0480946477739319
-0.51544,0.072119701490289
-0.5094,0.0962788315233083
-0.50229,0.120534810530756
-0.49411,0.144848685361262
-0.48486,0.169181446533234
-0.47454,0.193495381835915
-0.46316,0.217747744294961
-0.45073,0.241893178246566
-0.43726,0.265885745839433
-0.42277,0.289673186515485
-0.40726,0.313214652413797
-0.39076,0.336457740970858
-0.37328,0.35935727346717
-0.35487,0.381845869233492
-0.33552,0.403884773346412
-0.31529,0.42540794883461
-0.2942,0.446359091048506
-0.27229,0.466676835564904
-0.24959,0.486305176148684
-0.22614,0.505186945847723
-0.20198,0.52326600442928
-0.17717,0.540474190115968
-0.15174,0.556758101966122
-0.12574,0.57206334061604
-0.099225,0.586332943569831
-0.072247,0.599512110760854
-0.044857,0.611550485461412
-0.017109,0.622400929350406
0.010941,0.632019198476891
0.03924,0.640367308712113
0.067727,0.647407951622176
0.096349,0.653111807500606
0.12505,0.657455093101311
0.15376,0.660409298016189
0.18242,0.661951507542986
0.21099,0.662078483623169
0.23938,0.660766462937536
0.26755,0.658013222698778
0.29542,0.653804838317909
0.32295,0.648148347314182
0.35006,0.64103834216525
0.37669,0.632474718501196
0.40278,0.622462019252086
0.42826,0.611001369068997
0.45308,0.59810622641326
0.47718,0.583792552327779
0.50049,0.568070799126355
0.52295,0.550954354227201
0.54451,0.532466242729345
0.56511,0.512629469060892
0.5847,0.491474001807374
0.60322,0.469027402599387
0.62063,0.445329496195906
0.63688,0.420421662867118
0.65192,0.394345536067644
0.66571,0.367149306900971
0.67822,0.338892606575636
0.68941,0.309635326256165
0.69925,0.279443356272188
0.70771,0.248385620640762
0.71477,0.216538967204111
0.72041,0.183984470138317
0.72463,0.150819096417087
0.7274,0.117127676168872
0.72873,0.0830123486464446
0.72861,0.0485714224738021
0.72705,0.01391197823668
0.72406,-0.0208550415976349
0.71964,-0.0556263333310666
0.71381,-0.0902931696938732
0.70658,-0.124753249915604
0.69799,-0.158890540637797
0.68805,-0.192603798379577
0.67679,-0.225792237395271
0.66424,-0.258358802696113
0.65045,-0.290197946273748
0.63544,-0.321223000146276
0.61925,-0.351350801044527
0.60193,-0.380496630442182
0.58352,-0.408584977626483
0.56407,-0.435543193877286
0.54363,-0.461303707540728
0.52224,-0.485813077165716
0.49997,-0.509009338018698
0.47686,-0.530848330831348
0.45297,-0.55128747044111
0.42836,-0.570287404115678
0.40309,-0.587813240541201
0.37722,-0.60383540246304
0.3508,-0.618337551733165
0.32391,-0.631293025285211
0.29661,-0.642683054972918
0.26895,-0.652503819908115
0.24101,-0.660742136281469
0.21285,-0.667393049515975
0.18453,-0.672458970738954
0.15612,-0.675941365043902
0.12767,-0.677856230790597
0.099262,-0.678207703700791
0.070952,-0.677009944813304
0.042801,-0.674281554255702
0.014873,-0.670042402304885
-0.012771,-0.664315441703982
-0.040072,-0.657127310917338
-0.06697,-0.648506469750416
-0.09341,-0.638486050685226
-0.11933,-0.627097123707236
-0.14469,-0.614384734562298
-0.16942,-0.600381975555983
-0.19348,-0.585133734574284
-0.21682,-0.568685909809273
-0.23939,-0.551084056694095
-0.26114,-0.532372267054744
-0.28203,-0.512599663597967
-0.30203,-0.491825476119477
-0.32109,-0.470100656497206
-0.33918,-0.447482824069334
-0.35625,-0.424018516824549
-0.37229,-0.399773519708382
-0.38726,-0.374805014540211
-0.40112,-0.349161516384616
-0.41387,-0.322912596295562
-0.42548,-0.296120504483504
-0.43592,-0.268839654081669
-0.44518,-0.241131164351622
-0.45325,-0.213059596997096
-0.46011,-0.184682824725282
-0.46576,-0.15606620451948
-0.47018,-0.127264202448642
-0.47339,-0.0983502261868687
-0.47538,-0.0693883951265328
-0.47614,-0.0404331989134333
-0.4757,-0.0115590309760314
-0.47406,0.0171683015118838
-0.47124,0.0456773467025277
-0.46725,0.0739018930294752
-0.46211,0.101774830670491
-0.45585,0.129223242333693
-0.4485,0.156172000468199
-0.44009,0.182546734204664
-0.43065,0.208276218012567
-0.42022,0.233286836956488
-0.40886,0.25749080083686
-0.39659,0.280821396799836
-0.38347,0.303201709673785
-0.36956,0.324549275299767
-0.3549,0.344794770842702
-0.33956,0.363859775504426
-0.32359,0.38167607529733
-0.30707,0.398163984047597
-0.29005,0.413259552547638
-0.2726,0.426899121574762
-0.2548,0.439014270334561
-0.23671,0.449550054169345
-0.21841,0.45844977473558
-0.19997,0.465664940772986
-0.18146,0.471155684165257
-0.16296,0.474883472754646
-0.14455,0.476812584959711
-0.12629,0.476926003030832
-0.10826,0.475208144371198
-0.090538,0.471647157163857
-0.073187,0.46624625860596
-0.056277,0.459016187369669
-0.039875,0.449976292380042
-0.024045,0.439155148473838
-0.0088441,0.426593657275966
0.0056688,0.412340748505412
0.019439,0.396454094412695
0.03242,0.37900336184036
0.044565,0.360066178723157
0.055831,0.33972764675955
0.066185,0.318084273491582
0.075591,0.295237163014485
0.084021,0.271294471925285
0.091453,0.246371651696695
0.097867,0.220588422663269
0.10325,0.194069846753129
0.10758,0.166935141300482
0.11086,0.13931388245637
0.11309,0.111338017360968
0.11427,0.0831375178871684
0.11441,0.0548442537173228
0.11351,0.0265802037385241
0.1116,-0.00152226864758147
0.10868,-0.0293487759946694
0.1048,-0.0567661814145973
0.099964,-0.0836645323696259
0.094213,-0.109928914745418
0.087577,-0.135452441803764
0.080097,-0.160130271154184
0.071812,-0.183864372142828
0.062765,-0.206562775771155
0.053003,-0.228138831035984
0.042576,-0.248511218017475
0.031536,-0.267604565019894
0.019938,-0.285349052965664
0.0078351,-0.301683573751626
-0.004713,-0.316551756720858
-0.017648,-0.329904547845323
-0.030908,-0.34169838332334
-0.044435,-0.351899102281589
-0.058165,-0.360477511215595
-0.072037,-0.367412308901275
-0.085988,-0.372688509030343
-0.099956,-0.376298189528786
-0.11388,-0.378240875541269
-0.1277,-0.378523615189552
-0.14135,-0.377155624313493
-0.15478,-0.374160138414162
-0.16792,-0.369556928627311
-0.18073,-0.36338523040193
-0.19313,-0.355669893524039
-0.20508,-0.346453583383648
-0.21653,-0.335785238669194
-0.22741,-0.323703161219744
-0.23769,-0.310265976788703
-0.24731,-0.295525238037464
-0.25622,-0.279533057883395
-0.26438,-0.2623481871295
-0.27176,-0.244040696217295
-0.27829,-0.224658427099558
-0.28396,-0.204274433454062
-0.28873,-0.182957956271893
-0.29255,-0.160765882211396
-0.29541,-0.137773104403431
-0.29727,-0.114044716248065
-0.29811,-0.0896507980019492
-0.2979,-0.0646559737708823
-0.29663,-0.0391332900281476
-0.29429,-0.0131603623676579
-0.29085,0.0131986695300596
-0.28631,0.0398703949914652
-0.28067,0.0667762546511318
-0.27393,0.0938360133657379
-0.26608,0.120978027195279
-0.25713,0.148125140699999
-0.24709,0.17519828018281
-0.23598,0.202112019828305
-0.22381,0.228785985036179
-0.21061,0.255131747745635
-0.1964,0.28106468382577
-0.18121,0.306498661368278
-0.16507,0.331349219873077
-0.14802,0.355528713900745
-0.13009,0.378957294132723
-0.11134,0.401541990133703
-0.09181,0.42319718470733
-0.071545,0.443842451901864
-0.050601,0.463396266359119
-0.029036,0.481777630916591
-0.0069077,0.498909085041443
0.015722,0.51471572078722
0.038788,0.529125072489459
0.062222,0.542066970236749
0.085959,0.55347817408037
0.10993,0.563300534834655
0.13406,0.571477901061095
0.15827,0.577955046154369
0.18251,0.582701181247776
0.20669,0.585677238982654
0.23075,0.586861477945298
0.25461,0.58623266717078
0.2782,0.583778686748337
0.30146,0.579503196184612
0.32432,0.573415783904906
0.34671,0.565531234734195
0.36857,0.555876156036804
0.38984,0.544486572849959
0.41047,0.531413097817855
0.43041,0.516717275903778
0.44959,0.500453503736351
0.46797,0.482691550714474
0.48552,0.463519458593536
0.50218,0.443015764735421
0.51793,0.421279060031685
0.53273,0.398406844492718
0.54655,0.374500632811932
0.55936,0.349662490413271
0.57115,0.324006948575446
0.5819,0.297648031301871
0.5916,0.2707035372532
0.60023,0.243283527454043
0.60778,0.215495966134687
0.61427,0.187466051026087
0.61967,0.159292126508524
0.624,0.131084745131836
0.62726,0.102946006878523
0.62945,0.0749678776578408
0.63058,0.0472384450209253
0.63066,0.0198396303617829
0.6297,-0.00715452035068384
0.62772,-0.0336716336971456
0.62471,-0.0596655664997805
0.62071,-0.0850763632016186
0.61573,-0.109857502860303
0.60977,-0.133982709676124
0.60286,-0.157421334111003
0.59502,-0.180148185850029
0.58627,-0.202143889475877
0.57662,-0.223402393135235
0.5661,-0.243914460988737
0.55473,-0.263676602982691
0.54253,-0.282690687487395
0.52954,-0.300948659936521
0.51576,-0.318464819200432
0.50122,-0.335249450033501
0.48596,-0.351302431137012
0.47,-0.366630489034896
0.45336,-0.381246099716034
0.43608,-0.395151633936972
0.41818,-0.408356387773911
0.3997,-0.420860511680186
0.38066,-0.432671851404949
0.36109,-0.44379711004965
0.34102,-0.454242131246482
0.32049,-0.464004727318518
0.29952,-0.473091271899676
0.27816,-0.481492853571924
0.25643,-0.489210811876771
0.23436,-0.496247458663
0.21199,-0.50259857066735
0.18935,-0.508262285708294
0.16647,-0.513238806495419
0.14339,-0.517522707295138
0.12015,-0.521104264184562
0.096766,-0.523988382939548
0.073283,-0.526170280209528
0.049731,-0.527648673309674
0.026144,-0.528422258748105
0.0025509,-0.528493603962647
-0.02101,-0.527861455787069
-0.044511,-0.526529426837857
-0.067921,-0.524502511817238
-0.091205,-0.521783870681503
-0.11434,-0.518384036489907
-0.13729,-0.514309650637146
-0.16003,-0.509572227869316
-0.18253,-0.504183251660829
-0.20477,-0.49816131014736
-0.22672,-0.491522863532892
-0.24836,-0.484289639520523
-0.26966,-0.476479651435284
-0.29061,-0.468122231249482
-0.31118,-0.459240256807603
-0.33135,-0.449858166948462
-0.35111,-0.440008363183122
-0.37045,-0.429728759190636
-0.38935,-0.419053254604325
-0.40779,-0.408011533302908
-0.42577,-0.396643779112853
-0.44328,-0.384990064116893
-0.4603,-0.373081782802834
-0.47683,-0.360957136414602
-0.49286,-0.348651232037606
-0.50839,-0.336202963216808
-0.52341,-0.323645650208351
-0.53792,-0.311014417760435
-0.55191,-0.298337287311376
-0.56537,-0.285635562899546
-0.57831,-0.272939097309041
-0.59071,-0.260261392546574
-0.60259,-0.247631725221146
-0.61392,-0.235054064133288
-0.62472,-0.222548574343935
-0.63497,-0.210118085538376
-0.64468,-0.1977732974311
-0.65382,-0.185501119639769
-0.66241,-0.173306343380944
-0.67044,-0.161185614497763
-0.67789,-0.149121479831368
-0.68477,-0.137107544795603
-0.69106,-0.12512410814625
-0.69675,-0.113148473105298
-0.70185,-0.101170750756502
-0.70633,-0.0891619189991832
-0.7102,-0.0771077634914069
-0.71343,-0.0649767005304704
-0.71602,-0.0527460877332432
-0.71796,-0.040393635102417
-0.71923,-0.0278905010021365
-0.71982,-0.0152107058454758
-0.71971,-0.00232387138902657
-0.7189,0.0107883063398726
-0.71737,0.0241486532434896
-0.71509,0.0377903653549479
-0.71206,0.051731862954611
-0.70826,0.0659938664538499
-0.70367,0.0805982894642671
-0.69827,0.0955673107797852
-0.69205,0.110915214189489
-0.685,0.126649397790784
-0.67708,0.142793547137084
-0.66828,0.159361521054248
-0.6586,0.176351346357715
-0.648,0.193777754923141
-0.63647,0.211646210885922
-0.62401,0.229947013644132
-0.61058,0.248687912846788
-0.59619,0.26785338987849
-0.5808,0.287446413502498
-0.56442,0.30744766271194
-0.54702,0.327849815908701
-0.52861,0.348625715222512
-0.50917,0.369755008047487
-0.48869,0.391215875040339
-0.46718,0.41297102816274
-0.44462,0.434993820627124
-0.42102,0.457244662166455
-0.39637,0.479689351646343
-0.37069,0.502276752217959
-0.34398,0.524958237894883
-0.31624,0.547688536072129
-0.2875,0.570404164927366
-0.25777,0.593043527736538
-0.22706,0.615548296254047
-0.19541,0.637842290143645
-0.16283,0.659859320914343
-0.12935,0.681528429610168
-0.095008,0.702771026044432
-0.059839,0.723506943304231
-0.023881,0.743654953238385
0.012826,0.763133986217516
0.05023,0.781856748837776
0.088287,0.799739565213529
0.12694,0.816694716525835
0.16613,0.83263253931531
0.2058,0.847466154493923
0.24588,0.86110414376471
0.28631,0.873461804769583
0.32702,0.884455286233393
0.36793,0.893996865908257
0.40897,0.902006056540678
0.45005,0.908396201685094
0.49109,0.913086037569618
0.53202,0.916008891256465
0.57273,0.917082756638419
0.61314,0.916238350642447
0.65316,0.913411818478943
0.69269,0.908538727044252
0.73165,0.90157142983034
0.76993,0.892455649779132
0.80744,0.881148751655617
0.84409,0.8676193664163
0.87978,0.851839395877891
0.91441,0.833784861570975
0.94789,0.813443854410537
0.98013,0.79081521304356
1,0.757739669471148
1,0.702371411989964
1,0.630438563408133
1,0.547001760919156
1,0.456474060610237
1,0.362646960973757
1,0.268721744981869
1,0.177345269015257
1,0.0906492927963247
1,0.0102924417151345
1,-0.0624960838496065
1,-0.126871893443878
1,-0.182330666407461
1,-0.228663994763478
1,-0.265916436144727
1,-0.294344317656331
1,-0.314376743282468
1,-0.3265791694544
1,-0.331619827782749
1,-0.330239192414761
1,-0.32322261334782
1,-0.311376167327369
1,-0.295505715396395
1,-0.276399101193467
1,-0.254811376929793
1,-0.231452904620998
1,-0.206980148440226
1,-0.18198894968482
1,-0.157010058381594
1,-0.132506684477337
0.99615,-0.111722089711112
0.96004,-0.118226816856236
0.92189,-0.148011158218687
0.88177,-0.1972301237866
0.83977,-0.262227672696164
0.79598,-0.339571655326147
0.75047,-0.426095981030067
0.70335,-0.518887853884564
0.65472,-0.615311911633275
0.60468,-0.713018614990903
0.55334,-0.809939269102608
0.50081,-0.904284741222289
0.44719,-0.994546768505654
0.3926,-1.07947134201922
0.33716,-1.15804687816625
0.28099,-1.22948947978726
0.2242,-1.2932333333322
0.16691,-1.34890303927716
0.10924,-1.39629404198546
0.051317,-1.43534730527341
-0.0067494,-1.46614305405081
-0.064835,-1.48886818824218
-0.12282,-1.50380091863778
-0.18059,-1.51129626942228
-0.23802,-1.51176001423085
-0.29501,-1.50565207985463
-0.35142,-1.49343917770186
-0.40716,-1.47562236398452
-0.46211,-1.45269855181658
-0.51615,-1.42515116020846
-0.5692,-1.39347190158053
-0.62112,-1.35810360209151
-0.67184,-1.31949099877401
-0.72124,-1.27803239371331
-0.76924,-1.23410802616401
-0.81573,-1.18805124287724
-0.86062,-1.14016311838303
-0.90384,-1.09072478633951
-0.9453,-1.03997808419002
-0.98492,-0.988132966210375
-1,-0.918632276343205
-1,-0.825606413443231
-1,-0.716105325266233
-1,-0.596274642035967
-1,-0.47139377723782
-1,-0.345920987768573
-1,-0.223544240418563
-1,-0.107236679672909
-1,0.000684516468253162
-1,0.0984970780418024
-1,0.185011510302467
-1,0.259508934827211
-1,0.321679855855041
-1,0.371564694373036
-1,0.409496816438905
-1,0.436048662994085
-1,0.451981469394589
-1,0.458198946940245
-1,0.455705188163119
-1,0.445566954399286
-1,0.428880409619804
-1,0.406742279631285
-1,0.380225341200285
-1,0.350358081710413
-1,0.318108316646053
-1,0.284370509291743
-1,0.24995650412174
-1,0.215589361849817
-1,0.181899969309566
-1,0.149426090443733
-1,0.118613524839365
-1,0.0898190465616556
-0.99935,0.0637956832537685
-0.9607,0.0687440246704731
-0.92021,0.0998991552629972
-0.87798,0.152711300478485
-0.83407,0.222919162826004
-0.78859,0.306541468634552
-0.74162,0.399927911690963
-0.69324,0.499774668491932
-0.64356,0.603110357692841
-0.59268,0.707309705540392
-0.54069,0.810099039970914
-0.4877,0.909532345400262
-0.43381,1.00398807830183
-0.37914,1.09213794963235
-0.32379,1.17294526790533
-0.26787,1.24563499445092
-0.2115,1.30966361683176
-0.15479,1.36470413128715
-0.097859,1.41061448220196
-0.040816,1.44742136442589
0.016221,1.47528852891176
0.073134,1.49449396825585
0.12981,1.50541176252327
0.18613,1.50848622462781
0.24197,1.50420931286523
0.29723,1.49312192740665
0.35178,1.47577301972277
0.40551,1.45272266903617
0.45832,1.42453615199575
0.51008,1.39174875184744
0.56069,1.35488188067307
0.61005,1.31443362695773
0.65803,1.27084899149976
0.70455,1.22455592374241
0.74949,1.17592779240506
0.79276,1.12530593355854
0.83427,1.07299612857513
0.87393,1.01926641648735
0.91164,0.964338684270599
0.94732,0.908405089022706
0.98091,0.851641937898752
1,0.785069784974441
1,0.698336083986349
1,0.597757482383175
1,0.488814364369706
1,0.376190103922669
1,0.263816127837544
1,0.154921740166291
1,0.0520876210108269
1,-0.042698087203294
1,-0.127982160978873
1,-0.202788142276744
1,-0.266558571218486
1,-0.319098434620216
1,-0.360520559054629
1,-0.391193570549763
1,-0.411692934362246
1,-0.42275548052464
1,-0.425237716568918
1,-0.42007813000242
1,-0.408263591346835
1,-0.390799885026657
1,-0.368686320925011
1,-0.342894314497635
1,-0.314349768148164
1,-0.283919041069331
1,-0.25239825868521
0.97544,-0.238675386976997
0.94367,-0.244743599592638
0.91021,-0.267674652790336
0.87515,-0.304644374623989
0.83859,-0.352956774904346
0.80063,-0.41007161213573
0.76136,-0.473633678069499
0.72088,-0.54148016689578
0.67928,-0.611659414812653
0.63668,-0.682413581103158
0.59318,-0.75219892822024
0.54887,-0.819691180180776
0.50387,-0.883756224118344
0.45827,-0.943467292101725
0.41219,-0.998070131280955
0.36572,-1.04699565986401
0.31897,-1.08982898133557
0.27204,-1.12630299279563
0.22504,-1.15627481115912
0.17807,-1.1797183900029
0.13122,-1.19671545425418
0.084604,-1.20742005775861
0.038312,-1.21206334650581
-0.0075573,-1.21093084694829
-0.052914,-1.20435527949499
-0.09766,-1.19269651187084
-0.14171,-1.17633974827491
-0.18498,-1.15568441793016
-0.22737,-1.13112156643776
-0.26882,-1.10305678665575
-0.30925,-1.0718834945316
-0.34857,-1.03796866933471
-0.38671,-1.00166381435342
-0.42361,-0.963306423490324
-0.45921,-0.923213806055911
-0.49345,-0.881678339621183
-0.52625,-0.838949229250211
-0.55758,-0.795270463186162
-0.58739,-0.750859587364805
-0.61563,-0.705905931779501
-0.64225,-0.660569780896751
-0.66723,-0.615004551056713
-0.69053,-0.569337806050937
-0.71212,-0.52367877646392
-0.73198,-0.478124871349793
-0.75009,-0.432759839438781
-0.76643,-0.387652657213693
-0.78099,-0.342864437197005
-0.79377,-0.298454240265589
-0.80476,-0.254469072033551
-0.81397,-0.210958372141066
-0.82139,-0.167956097940323
-0.82704,-0.125503720492094
-0.83093,-0.0836390389914312
-0.83307,-0.0423947176203597
-0.8335,-0.00181948238806064
-0.83222,0.0380569260227478
-0.82928,0.0771848958674963
-0.82469,0.115530662949501
-0.8185,0.153045476256348
-0.81074,0.18968547435884
-0.80145,0.225405353062801
-0.79068,0.260153272046295
-0.77846,0.293889079838233
-0.76485,0.326561700164066
-0.7499,0.358120750445979
-0.73365,0.388525866335036
-0.71616,0.417731760154077
-0.69749,0.445691080928943
-0.6777,0.472356750789139
-0.65683,0.497698622643758
-0.63496,0.521672084611019
-0.61215,0.54423748769493
-0.58845,0.565368260653001
-0.56392,0.585042317226115
-0.53864,0.603227603325834
-0.51267,0.619900262144758
-0.48608,0.635036852429477
-0.45892,0.648630242154218
-0.43127,0.660665000720328
-0.4032,0.671127338980938
-0.37476,0.680020446295473
-0.34604,0.687332017404449
-0.31709,0.693067621359533
-0.28798,0.697232730860793
-0.25878,0.699833011968889
-0.22955,0.700881916272431
-0.20036,0.700391778476765
-0.17126,0.698388831507221
-0.14233,0.694887938698716
-0.11361,0.689924263041386
-0.085169,0.683527203079579
-0.057064,0.675729828259299
-0.029349,0.666569692027067
-0.0020777,0.656087342119688
0.024699,0.64432685801896
0.05093,0.631333939048638
0.076569,0.617157984260077
0.10157,0.601850309892703
0.12588,0.585457227419671
0.14947,0.568037485701368
0.17229,0.549642694285675
0.1943,0.530324624551712
0.21547,0.510141054470932
0.23577,0.489152903562805
0.25515,0.467407021513726
0.2736,0.444967023343553
0.29108,0.421885911999149
0.30757,0.398221246635532
0.32305,0.374032431785582
0.3375,0.349378467560009
0.3509,0.324316125282612
0.36324,0.298905909839053
0.37451,0.273209356060946
0.38471,0.247294205708711
0.39381,0.221208815627372
0.40184,0.19502857651117
0.40878,0.168811258554313
0.41464,0.142620633647785
0.41943,0.116523149027198
0.42315,0.090577771302612
0.42583,0.0648575647656925
0.42747,0.0394223313777475
0.4281,0.0143412662216239
0.42774,-0.0103186241276824
0.4264,-0.0345018102203195
0.42412,-0.0581418622274066
0.42093,-0.0811732853117375
0.41686,-0.103533640170522
0.41194,-0.125165185708518
0.40621,-0.14600869566349
0.3997,-0.166013311726952
0.39246,-0.185122083729213
0.38452,-0.203290058601024
0.37592,-0.220476363334329
0.36672,-0.236630321759266
0.35694,-0.25172488543833
0.34664,-0.265723796099344
0.33586,-0.278599727016694
0.32463,-0.290341262943358
0.31301,-0.300928522020161
0.30104,-0.310350683373216
0.28876,-0.318605061589815
0.27621,-0.325696133113161
0.26343,-0.331634542107128
0.25046,-0.33643610977387
0.23734,-0.340120867579298
0.2241,-0.342719529501106
0.2108,-0.344248807564821
0.19744,-0.344758401558725
0.18408,-0.344279229978348
0.17074,-0.342856111131616
0.15745,-0.340536712780512
0.14424,-0.337369930864737
0.13114,-0.333404503425256
0.11817,-0.328695248018243
0.10536,-0.323293097093814
0.092726,-0.317254875752841
0.080289,-0.310636937043671
0.068071,-0.303492964609797
0.056089,-0.295876667408733
0.044359,-0.287840956171336
0.032897,-0.279436528409153
0.021718,-0.270711493926197
0.010834,-0.261712591210819
0.0002614,-0.252480705569533
-0.0099934,-0.24305803727345
-0.019916,-0.233480515224377
-0.0295,-0.223783665193328
-0.038736,-0.213999203019511
-0.047617,-0.204156374551282
-0.056139,-0.194283538466365
-0.064295,-0.18440502604745
-0.072083,-0.174544631314237
-0.0795,-0.164724002463101
-0.086546,-0.154964364337675
-0.093221,-0.145285704610354
-0.099527,-0.135707636009852
-0.10547,-0.126251588001171
-0.11104,-0.116927740094686
-0.11626,-0.107761027640894
-0.12113,-0.0987703146686131
-0.12566,-0.0899761835242484
-0.12985,-0.081392376858407
-0.13372,-0.0730412699844674
-0.13727,-0.0649365405787973
-0.14053,-0.0571064150849185
-0.14349,-0.0495602608363236
-0.14619,-0.042328716675907
-0.14863,-0.035428926875331
-0.15082,-0.0288738533148503
-0.15279,-0.0226872791873745
-0.15455,-0.0168860470419719
-0.15611,-0.0114807175302951
-0.1575,-0.00649105271067061
-0.15873,-0.00192868070469047
-0.15982,0.00219447239402903
-0.16079,0.00586678899798937
-0.16165,0.00908483122139188
-0.16241,0.0118520764037628
-0.1631,0.0141629211531439
-0.16372,0.0160269895511699
-0.1643,0.0174439420351685
-0.16483,0.0184351928342562
-0.16533,0.0190171273295842
-0.16581,0.0192092161217604
-0.16627,0.0190404496617548
-0.16673,0.0185320698838257
-0.16718,0.0177208085918886
-0.16762,0.0166476113516429
-0.16805,0.0153558172174906
-0.16848,0.0138821994894657
-0.1689,0.0122720666071434
-0.1693,0.0105763922809195
-0.16968,0.00884193550351213
-0.17002,0.00712554335318047
-0.17033,0.00546840458706438
-0.17058,0.00392744338762849
-0.17078,0.00254101562146127
-0.17091,0.00135348588847293
-0.17095,0.000412666116975447
-0.1709,-0.000247144657873536
-0.17074,-0.000588919773051376
-0.17046,-0.000582092817484005
-0.17005,-0.000202410590795919
-0.1695,0.000568336184799416
-0.16878,0.00175747630473004
-0.16789,0.00337646836149206
-0.16681,0.00543815100755829
-0.16554,0.00794102409769942
-0.16405,0.0108939400697431
-0.16234,0.0142913746942971
-0.16039,0.018130864402478
-0.15819,0.0224048065779092
-0.15572,0.027108798324332
-0.15298,0.03222610495275
-0.14995,0.0377450627313313
-0.14663,0.0436434084708971
-0.14299,0.0499129298572529
-0.13904,0.0565272217376755
-0.13476,0.0634679624557446
-0.13014,0.0707163181858309
-0.12518,0.0782460553648785
-0.11987,0.0860329898492015
-0.1142,0.094055174888523
-0.10816,0.102293020963517
-0.10176,0.110714557950157
-0.094986,0.119296432460569
-0.087837,0.128013261409666
-0.080314,0.1368372612103
-0.072415,0.145741722581026
-0.064143,0.154697881850816
-0.055497,0.163679124544014
-0.046485,0.17265471710913
-0.037108,0.181596708372667
-0.027374,0.19047507846345
-0.017294,0.199256853497042
-0.006873,0.207912135276565
0.0038734,0.216406616753194
0.014934,0.224706769301884
0.026295,0.232778836751499
0.03794,0.240588043278765
0.049852,0.248099471553175
0.062011,0.255277009652476
0.074398,0.262085502246623
0.086991,0.268489512050283
0.099764,0.274451599166825
0.1127,0.279940610591221
0.12576,0.284915280309598
0.13892,0.289338643527019
0.15216,0.293181415516356
0.16544,0.296406779872402
0.17873,0.298980515023942
0.192,0.300871695516434
0.20521,0.302045783457313
0.21834,0.302481347533972
0.23134,0.302146224085449
0.24419,0.301022959184721
0.25683,0.299077157437649
0.26925,0.296298973776828
0.28141,0.292676754034122
0.29326,0.288190629716657
0.30477,0.282829737167316
0.3159,0.276583665822045
0.32663,0.269457740545274
0.3369,0.26144054619479
0.34669,0.252537336810281
0.35596,0.242752138805431
0.36467,0.232088140036916
0.37278,0.220548001524041
0.38026,0.208141499826474
0.38708,0.194884094003201
0.39318,0.180773417319354
0.39855,0.165829934683037
0.40314,0.150062541700227
0.40692,0.133485501169462
0.40987,0.116124538308036
0.41193,0.0979844624275597
0.4131,0.0790975498140271
0.41333,0.0594804565649978
0.4126,0.0391590504089126
0.41089,0.0181659752753597
0.40818,-0.0034614964009842
0.40445,-0.0256833325351685
0.39969,-0.0484509448490212
0.39388,-0.0717175540537815
0.38701,-0.0954317331275335
0.37909,-0.11952495377816
0.3701,-0.143938994821123
0.36006,-0.168596025803188
0.34897,-0.193419411940668
0.33684,-0.218328295067667
0.32368,-0.243240775235129
0.30952,-0.268061747863886
0.29438,-0.292695665827505
0.27827,-0.317056880110802
0.26124,-0.341040787168376
0.24332,-0.364545476894266
0.22453,-0.387481753929937
0.20492,-0.409751353903215
0.18454,-0.431251844624821
0.16342,-0.451895506120153
0.14161,-0.471594624740953
0.11915,-0.490271866065789
0.096117,-0.507833626156639
0.072542,-0.524210376946529
0.048485,-0.539333112115939
0.024002,-0.553138779322549
-0.00085038,-0.565571091489685
-0.026013,-0.576579604175899
-0.051428,-0.586121629989487
-0.077031,-0.59415780510488
-0.10277,-0.600662397795505
-0.12857,-0.605605081475698
-0.15439,-0.60897850099603
-0.18014,-0.610758483939595
-0.20579,-0.610952996097648
-0.23125,-0.609551982816859
-0.25648,-0.60656873386926
-0.28141,-0.602013409790556
-0.30598,-0.595901335704108
-0.33013,-0.588252109136702
-0.35381,-0.57909612690526
-0.37695,-0.568457336221825
-0.39951,-0.556376434017786
-0.42142,-0.542884709894989
-0.44263,-0.528020141093541
-0.4631,-0.511832748426987
-0.48278,-0.494373774026005
-0.50161,-0.475686880630296
-0.51955,-0.45582338835388
-0.53656,-0.434839521296844
-0.5526,-0.412794025552841
-0.56763,-0.389746142549691
-0.58161,-0.365753918540053
-0.59451,-0.340880226592693
-0.6063,-0.315190062141587
-0.61696,-0.288755671067505
-0.62644,-0.261630871996377
-0.63475,-0.233897362092959
-0.64183,-0.205605135072427
-0.6477,-0.176836189424506
-0.65232,-0.147651471397048
-0.65568,-0.118115196412823
-0.65779,-0.0883069370500503
-0.65863,-0.0582939741176876
-0.65819,-0.0281388854758968
-0.65649,0.00207945407304959
-0.65351,0.0323011567428032
-0.64928,0.0624467234865641
-0.6438,0.0924456286373366
-0.63707,0.122236954716725
-0.62912,0.15174749409757
-0.61997,0.180904009905204
-0.60963,0.209643127575405
-0.59812,0.237904282354163
-0.58548,0.265616579893984
-0.57173,0.292718059587705
-0.5569,0.31914880929908
-0.54103,0.344845374256248
-0.52415,0.369751137047145
-0.5063,0.393809719304427
-0.48752,0.416967057844941
-0.46787,0.439158221792944
-0.44737,0.460341442711509
-0.42607,0.480473178780831
-0.40403,0.499502857121121
-0.3813,0.517383592241102
-0.35792,0.53408072254215
-0.33394,0.549563584576126
-0.30943,0.563791374728798
-0.28443,0.576738976954603
-0.259,0.588380381476475
-0.23319,0.598697523167181
-0.20706,0.60767238886217
-0.18066,0.615295428417269
-0.15406,0.621549903471763
-0.1273,0.626436415601647
-0.10044,0.629955226551798
-0.073547,0.632101609188059
-0.046662,0.632886603233228
-0.019844,0.63232077011995
0.0068531,0.630418172081968
0.033378,0.627197605690227
0.059678,0.622680484369679
0.085706,0.616894209674499
0.11141,0.609866934953895
0.13674,0.601628393694479
0.16166,0.592219366985643
0.18611,0.581670890412779
0.21007,0.570035047273718
0.23348,0.557350040279588
0.25631,0.543664135711803
0.27853,0.529032474511842
0.3001,0.513506899773272
0.32099,0.497142596687362
0.34118,0.480003321155791
0.36065,0.462157967264296
0.37936,0.443662839583362
0.39731,0.424592024615334
0.41446,0.405002204629072
0.43083,0.384978679269356
0.44638,0.364582933452284
0.46111,0.343884920367906
0.47501,0.32295183965596
0.48808,0.30185393317414
0.50031,0.28065425729275
0.51171,0.259422788003443
0.52228,0.238225400584324
0.53201,0.217115071195842
0.54092,0.196154677903859
0.54901,0.175398128555187
0.55629,0.154897561127756
0.56278,0.134709181106018
0.56847,0.114868270018343
0.5734,0.0954287444557453
0.57757,0.0764279944047886
0.58099,0.0578959535211281
0.58369,0.039869993110986
0.58568,0.0223771621737927
0.58698,0.00544233869420097
0.58761,-0.0109125332911737
0.58759,-0.0266689679060271
0.58693,-0.0418196535078167
0.58566,-0.0563521799717151
0.58379,-0.0702656186570231
0.58135,-0.0835539803252822
0.57835,-0.0962225753381793
0.5748,-0.108286093328969
0.57073,-0.119751999558455
0.56616,-0.130629491860495
0.56111,-0.140929242340766
0.55558,-0.150677919369853
0.54959,-0.15989987380155
0.54317,-0.168609802651748
0.53632,-0.176836629258617
0.52906,-0.184605374288935
0.52139,-0.191952206308933
0.51333,-0.198906669733585
0.50489,-0.205499688549429
0.49607,-0.211769948438904
0.48688,-0.217754023788075
0.47733,-0.223485842070583
0.46742,-0.229003684829235
0.45716,-0.234340899201657
0.44654,-0.239540704151455
0.43558,-0.244630864374562
0.42426,-0.249655426782247
0.4126,-0.254640687893979
0.4006,-0.259612578610805
0.38826,-0.264595868811022
0.37559,-0.2696061499938
0.36258,-0.274665789598443
0.34924,-0.279787026684354
0.33557,-0.284980795032382
0.32157,-0.29025646851209
0.30725,-0.295614303197763
0.29262,-0.301046977757127
0.27767,-0.306555829356215
0.26241,-0.312134149229954
0.24684,-0.317776131941977
0.23097,-0.3234692833228
0.21481,-0.329195883197715
0.19835,-0.334949107589792
0.18161,-0.340708783607694
0.16459,-0.346459191104891
0.1473,-0.352181121123822
0.12975,-0.357852981809593
0.11194,-0.363459165288033
0.093893,-0.368972248732555
0.075609,-0.374372991772037
0.057103,-0.379638154170522
0.038388,-0.384743373765075
0.019475,-0.38966552861328
0.00037973,-0.394379647653825
-0.018884,-0.398861402144271
-0.038301,-0.403086670628539
-0.057856,-0.407032159156164
-0.077532,-0.410674672673387
-0.09731,-0.413990337049452
-0.11718,-0.416962136876651
-0.13711,-0.419562895871067
-0.15709,-0.421774370819055
-0.17709,-0.423571352142725
-0.1971,-0.424938623652117
-0.2171,-0.42586219367342
-0.23706,-0.426322203212061
-0.25697,-0.42630954888218
-0.2768,-0.4258094208391
-0.29652,-0.424802973368871
-0.31611,-0.423276164795358
-0.33556,-0.421226763175115
-0.35484,-0.418647506918422
-0.37392,-0.415527449213257
-0.39277,-0.411853122538379
-0.41139,-0.407631728435396
-0.42974,-0.402857525993131
-0.44779,-0.397522048023689
-0.46552,-0.391622387475815
-0.48292,-0.385167732934939
-0.49994,-0.37814734104445
-0.51657,-0.370564391967564
-0.53278,-0.3624185291789
-0.54855,-0.353714066672156
-0.56385,-0.34445168136887
-0.57864,-0.334621799291593
-0.59291,-0.324229101878112
-0.60663,-0.313274928828768
-0.61978,-0.30176537155715
-0.63232,-0.289695474899521
-0.64422,-0.277058965017637
-0.65547,-0.263863513312914
-0.66604,-0.250113100880871
-0.6759,-0.235808690506036
-0.68503,-0.220956231367926
-0.6934,-0.205558184609145
-0.70099,-0.189621571006405
-0.70777,-0.173149540928677
-0.71373,-0.156156864999192
-0.71885,-0.138659929599673
-0.7231,-0.120668626673974
-0.72647,-0.102202158474246
-0.72894,-0.0832793378913244
-0.73049,-0.0639181688098977
-0.73112,-0.0441503092395838
-0.7308,-0.0239953855086873
-0.72952,-0.00347756403902437
-0.72729,0.0173612248664746
-0.72408,0.0384954702965774
-0.7199,0.0598840575730663
-0.71473,0.0814966566701706
-0.70858,0.103290350199013
-0.70144,0.125228121102549
-0.69332,0.147264031048413
-0.68421,0.169361110421844
-0.67413,0.19146858295995
-0.66307,0.213548261607952
-0.65105,0.235551138954127
-0.63808,0.257428402273448
-0.62417,0.279132923038385
-0.60933,0.300620436061953
-0.59358,0.321843039107924
-0.57693,0.342758855478452
-0.55941,0.363317491200237
-0.54103,0.383478130768456
-0.52182,0.403194302113293
-0.5018,0.422423944968373
-0.48099,0.441130025156122
-0.45943,0.459266117839348
-0.43714,0.476794617784189
-0.41415,0.493679006280541
-0.39049,0.509884996353064
-0.36619,0.525381400697355
-0.34129,0.54013335524064
-0.31582,0.554111741870643
-0.28981,0.567293238256589
-0.2633,0.579652813360173
-0.23633,0.591165111896031
-0.20894,0.601805567848494
-0.18115,0.611566070085014
-0.15302,0.620422783674045
-0.12457,0.628369777915436
-0.095857,0.635388702331763
-0.066911,0.64147199171089
-0.037774,0.646612430191514
-0.0084879,0.650803671558634
0.02091,0.654043948323937
0.050375,0.656330052838647
0.079868,0.657662122089139
0.10935,0.658043323430223
0.13877,0.657470557144212
0.1681,0.655952992925239
0.19728,0.653485997862333
0.22629,0.650083716314921
0.25507,0.64574565871125
0.28359,0.640481909539061
0.3118,0.634296170611828
0.33966,0.627194434595299
0.36712,0.619177105803635
0.39414,0.610247572618247
0.42069,0.600419031305674
0.44671,0.589690142470871
0.47215,0.578055352593711
0.49699,0.565528100428254
0.52117,0.552107260820268
0.54465,0.53779484560315
0.56739,0.522595383926673
0.58935,0.506515357724868
0.61047,0.489547897019318
0.63073,0.471705157883846
0.65008,0.452992155104853
0.66848,0.433415441559751
0.6859,0.412990054871327
0.7023,0.391730103917798
0.71764,0.369648594746076
0.7319,0.346772100978448
0.74504,0.323122647637117
0.75703,0.298725404306488
0.76784,0.273607389968894
0.77746,0.247811163472127
0.78586,0.221375862375035
0.79302,0.194344178950423
0.79892,0.166760467731268
0.80355,0.13867655187782
0.8069,0.110148793442635
0.80895,0.0812281942879101
0.8097,0.0519747140042467
0.80915,0.0224537609308072
0.80729,-0.00727419618687884
0.80413,-0.0371397160617389
0.79967,-0.0670756209782337
0.79393,-0.0970038310077471
0.78691,-0.126854647458564
0.77863,-0.156552525120734
0.7691,-0.1860269778364
0.75836,-0.215191677178613
0.74642,-0.24397241582505
0.73332,-0.272284982084574
0.71908,-0.30005459757292
0.70375,-0.327194382719351
0.68735,-0.353632715631105
0.66993,-0.379290536583746
0.65153,-0.404092856694659
0.6322,-0.427963150370178
0.61197,-0.450841084909927
0.59091,-0.472652032931874
0.56905,-0.493342049021414
0.54646,-0.512846363682158
0.52318,-0.531116051296223
0.49926,-0.54810953285508
0.47476,-0.563785543166256
0.44974,-0.578104839183837
0.42423,-0.591053703425537
0.39831,-0.602603051900289
0.37202,-0.612742417108682
0.34542,-0.621462452631482
0.31855,-0.628770370412907
0.29147,-0.634672342742964
0.26423,-0.639181499967164
0.23689,-0.642309361171858
0.20948,-0.644088515853136
0.18207,-0.644538550249831
0.15468,-0.643705444654036
0.12737,-0.641626035923001
0.10018,-0.638343943642899
0.073146,-0.633910342576085
0.046314,-0.628373990530793
0.01972,-0.621787994823713
-0.0066001,-0.614207780937506
-0.032614,-0.605691938582535
-0.058286,-0.596297598055381
-0.083589,-0.586085570551817
-0.10849,-0.575113627211002
-0.13296,-0.563438439787308
-0.15699,-0.551128968471458
-0.18053,-0.538231783426485
-0.20357,-0.524803560030099
-0.22609,-0.51089999299651
-0.24807,-0.496574263418702
-0.26949,-0.481875840411262
-0.29033,-0.466849585265149
-0.31058,-0.451542523884197
-0.33023,-0.436001840211783
-0.34926,-0.420265847205598
-0.36765,-0.404364317467821
-0.3854,-0.388333750230119
-0.4025,-0.372207315626276
-0.41893,-0.356006837171901
-0.43469,-0.339758806411821
-0.44977,-0.323484985713573
-0.46416,-0.307202361120848
-0.47785,-0.290923231526308
-0.49083,-0.274655409084131
-0.50311,-0.25841730380819
-0.51466,-0.242205448301041
-0.52549,-0.226028068705312
-0.53559,-0.209887477961209
-0.54496,-0.193788251118762
-0.55359,-0.177728979068515
-0.56148,-0.161710585948707
-0.56862,-0.145728196272065
-0.57501,-0.129779539765659
-0.58065,-0.113864280785006
-0.58554,-0.0979834496763639
-0.58967,-0.0821315687349221
-0.59303,-0.066297879050296
-0.59565,-0.05049706596862
-0.59749,-0.0347120302343575
-0.59858,-0.018952138785308
-0.59891,-0.00321814152246726
-0.59848,0.0124888828350096
-0.59729,0.0281677213780188
-0.59535,0.0438097822682743
-0.59265,0.059415626979017
-0.58921,0.0749710734527806
-0.58503,0.0904652912738435
-0.58011,0.105890503348573
-0.57447,0.121226879212414
-0.56811,0.136460253343733
-0.56104,0.151574073989827
-0.55329,0.16653558460604
-0.54485,0.181329482793966
-0.53574,0.195932839371163
-0.52598,0.210317283420596
-0.51559,0.224450903979464
-0.50457,0.238314678153849
-0.49296,0.251871018229073
-0.48076,0.265098079892695
-0.46801,0.277957846543946
-0.45471,0.290430007922537
-0.44089,0.302487047710561
-0.42658,0.314096551781802
-0.4118,0.325230591477122
-0.39657,0.335865785686399
-0.38092,0.345975850158539
-0.36486,0.355547864250418
-0.34844,0.364550664153053
-0.33167,0.372969007431393
-0.31458,0.380786322079633
-0.2972,0.387985636976947
-0.27956,0.394550336520319
-0.26167,0.400479552323717
-0.24358,0.40575578572479
-0.22531,0.410371004514977
-0.20688,0.414325234214931
-0.18833,0.417610423036912
-0.16968,0.420227219027368
-0.15096,0.422176068146177
-0.13219,0.423464831145185
-0.11342,0.424085131738771
-0.094656,0.424048427640514
-0.075936,0.423358350343638
-0.057284,0.422022629061231
-0.038726,0.420050744108257
-0.020292,0.417450499524482
-0.0020043,0.414233942967533
0.016109,0.410412029529291
0.034024,0.40599773251659
0.051716,0.401004786450988
0.069162,0.395448490825208
0.086339,0.389345047148553
0.10323,0.382715427010343
0.1198,0.375570601554201
0.13605,0.367939819731216
0.15194,0.359835966377384
0.16746,0.351280562831968
0.18259,0.342294091662674
0.19732,0.332903011955488
0.21162,0.323123057530587
0.22549,0.312983019247987
0.2389,0.302499186909968
0.25184,0.29169204210797
0.2643,0.280584798579749
0.27626,0.269194754445739
0.28771,0.257541256947802
0.29863,0.245637266692562
0.30902,0.233504907238986
0.31886,0.221158174230102
0.32814,0.208611393895581
0.33685,0.195878628783108
0.34499,0.182980603651887
0.35253,0.169920529911629
0.35948,0.156716840659838
0.36583,0.143384806625133
0.37157,0.129936600099929
0.37669,0.116381420230534
0.3812,0.102740463846384
0.38509,0.0890291040193113
0.38835,0.0752574685662311
0.39098,0.0614384295866699
0.39299,0.0475939750991387
0.39436,0.0337305288646882
0.39512,0.019878628675292
0.39524,0.00604292539820259
0.39474,-0.0077560937733691
0.39361,-0.0215080632916261
0.39187,-0.0351890156343646
0.3895,-0.0487943876970253
0.38653,-0.062298558057798
0.38295,-0.0756893439884296
0.37876,-0.0889584770088288
0.37398,-0.102086437611088
0.36861,-0.115060100405648
0.36265,-0.127871997617894
0.35612,-0.140504791637319
0.34901,-0.152955992769232
0.34135,-0.165205721991869
0.33313,-0.177250343950265
0.32437,-0.189077378299383
0.31507,-0.200682490364736
0.30525,-0.212053383730228
0.29491,-0.223186605344852
0.28406,-0.234078670434663
0.27272,-0.244718907779516
0.26089,-0.255106057904956
0.2486,-0.265224421178466
0.23585,-0.275069377900485
0.22265,-0.284638084312531
0.20902,-0.293921931540169
0.19497,-0.302915401074409
0.18052,-0.311608323982573
0.1657,-0.319979755599926
0.1505,-0.328030294016405
0.13497,-0.335733615586446
0.11911,-0.343079465665062
0.10295,-0.350048721526035
0.08651,-0.356623116844111
0.06982,-0.362778263654391
0.052903,-0.368490764010285
0.035788,-0.373734307220793
0.018505,-0.378480306327613
0.0010798,-0.38270232455301
-0.016451,-0.386368504063742
-0.03406,-0.389450406233567
-0.051709,-0.391915266457517
-0.069367,-0.39373318836276
-0.086995,-0.394871636498093
-0.10456,-0.395301432345832
-0.12202,-0.394990416360498
-0.13934,-0.393910260688599
-0.15648,-0.392032995089318
-0.17339,-0.389324507261372
-0.19005,-0.385769054185984
-0.20641,-0.381344179167569
-0.22242,-0.376022861549262
-0.23805,-0.369790153268642
-0.25325,-0.362626695804947
-0.26798,-0.354517739281375
-0.2822,-0.345452892718596
-0.29588,-0.335433208388345
-0.30896,-0.324447007260604
-0.32141,-0.312495086476762
-0.33319,-0.299581117600182
-0.34425,-0.285703826541132
-0.35456,-0.27087298982779
-0.36409,-0.255107239421068
-0.37279,-0.238417261915416
-0.38062,-0.220814625306719
-0.38757,-0.202333641710484
-0.39358,-0.182989219957793
-0.39863,-0.162809936580978
-0.4027,-0.141834726713727
-0.40575,-0.120095143361265
-0.40776,-0.0976308041824753
-0.40871,-0.0744868119605179
-0.40858,-0.0507115117117713
-0.40734,-0.0263471721923107
-0.40499,-0.0014521844142958
-0.40152,0.0239110717443376
-0.39691,0.0496861357193099
-0.39116,0.0758081499431306
-0.38426,0.102214761347668
-0.37622,0.128832684179142
-0.36705,0.15558197281557
-0.35674,0.182394460816842
-0.34531,0.209191379496183
-0.33278,0.235887814963957
-0.31915,0.262411279774349
-0.30446,0.288672020991555
-0.28873,0.314583941332072
-0.27199,0.340059204733335
-0.25426,0.365018764706799
-0.23559,0.389371071579311
-0.21602,0.4130248425758
-0.19557,0.435906769737779
-0.17432,0.457916191511052
-0.15229,0.478978038758192
-0.12954,0.499010908708545
-0.10614,0.517923711908767
-0.082125,0.535646511737218
-0.057569,0.552100125225854
-0.032532,0.567211077238698
-0.0070768,0.580911085949786
0.018729,0.593135047203887
0.044815,0.603820812784757
0.071117,0.612915594419628
0.097559,0.620367571555434
0.12408,0.626138921652949
0.15059,0.630183408959464
0.17703,0.632472901711104
0.20333,0.63298720001064
0.22942,0.631713758067629
0.25521,0.628632441754898
0.28065,0.623747783442292
0.30567,0.617069940382665
0.33018,0.608599172228792
0.35414,0.598365312143907
0.37747,0.586392214685548
0.40012,0.572720991392744
0.42201,0.557383861608961
0.44309,0.540427630543157
0.46331,0.521909995186893
0.48261,0.501888844621201
0.50094,0.480428365710908
0.51824,0.457588947078145
0.53448,0.433448667076363
0.5496,0.408075724784399
0.56356,0.381543398111518
0.57634,0.353941911176835
0.58788,0.325343137225028
0.59815,0.295824335897122
0.60714,0.265479694467332
0.6148,0.234384777254577
0.62112,0.202627471470116
0.62607,0.170288183316825
0.62964,0.137453616232476
0.63181,0.10420548356737
0.63256,0.0706188978953885
0.6319,0.0367833953436141
0.62982,0.00278250403417144
0.62632,-0.0313004052338165
0.6214,-0.0653848290248764
0.61507,-0.0993878713940134
0.60734,-0.133227484561657
0.59822,-0.166825079381111
0.58774,-0.200092766805401
0.57592,-0.232945516641599
0.56278,-0.26530350367807
0.54835,-0.29708649100472
0.53266,-0.328216726555142
0.51575,-0.35861382866143
0.49766,-0.388198136952728
0.47842,-0.416900801267146
0.45809,-0.44464206130343
0.43671,-0.47135100698617
0.41432,-0.496966489457704
0.39097,-0.521430220256022
0.36672,-0.544681135276865
0.34162,-0.56666570743703
0.31573,-0.587331264815672
0.2891,-0.606635370549072
0.26179,-0.624538318556544
0.23386,-0.641004399558755
0.20538,-0.65599540204235
0.17639,-0.669495005421938
0.14697,-0.681476086818239
0.11717,-0.691926400370216
0.087062,-0.700830399658683
0.056704,-0.708181272846938
0.026161,-0.713974854031753
-0.0045066,-0.71821319878677
-0.035237,-0.720902835571338
-0.065966,-0.722052467954275
-0.096636,-0.721677686978049
-0.12718,-0.719792720836566
-0.15755,-0.716424789123541
-0.18768,-0.711597934861466
-0.21751,-0.705337786800162
-0.24699,-0.697678271998778
-0.27606,-0.688651983243626
-0.30466,-0.678289805955414
-0.33275,-0.666635413309124
-0.36027,-0.653727000831032
-0.38717,-0.639604857613699
-0.4134,-0.624309976753073
-0.43892,-0.60789028035268
-0.46368,-0.590390633979951
-0.48763,-0.571852238332964
-0.51073,-0.55231959258121
-0.53294,-0.531838596713473
-0.55422,-0.510454961082677
-0.57452,-0.488205504383237
-0.59383,-0.465148325507537
-0.61209,-0.441319988786164
-0.62929,-0.416775512368377
-0.64538,-0.391553530559325
-0.66033,-0.365692995602202
-0.67413,-0.339246609074018
-0.68675,-0.312261703763759
-0.69815,-0.284772353607839
-0.70832,-0.256822916646729
-0.71724,-0.228457151223875
-0.72488,-0.199709454442378
-0.73124,-0.170627614776831
-0.73629,-0.141246422098962
-0.74002,-0.11160370731015
-0.74242,-0.0817383892437426
-0.74348,-0.0516888728203724
-0.74319,-0.0214917678919262
-0.74155,0.00881170392564217
-0.73855,0.0391854583818208
-0.73419,0.0695914844833239
-0.72848,0.0999842024292761
-0.72141,0.13032829888496
-0.71299,0.160583258130699
-0.70323,0.190705825529006
-0.69214,0.220652060909092
-0.67973,0.250379014491761
-0.66601,0.279846058635621
-0.65102,0.308993714659358
-0.63475,0.337786244187269
-0.61725,0.36616401505931
-0.59853,0.394079695890654
-0.57862,0.421482736218694
-0.55755,0.448321748305216
-0.53534,0.47455385182885
-0.51205,0.500115011843156
-0.4877,0.524955847578513
-0.46234,0.549018348190987
-0.43601,0.57224692759966
-0.40875,0.594589882510697
-0.38062,0.615985685875119
-0.35167,0.636374385446297
-0.32194,0.655706758559893
-0.29151,0.673914446247544
-0.26043,0.690938151522978
-0.22876,0.706720554214928
-0.19657,0.721200566192326
-0.16393,0.734316200200099
-0.13091,0.746006910858921
-0.097578,0.756216933924941
-0.064016,0.764886030273786
-0.030298,0.77195841819782
0.0034976,0.777380691494536
0.037292,0.781103046484847
0.071003,0.783077963032101
0.10455,0.783262782282773
0.13785,0.78161870003878
0.17083,0.778119026726359
0.2034,0.772735558929142
0.23548,0.765447592660464
0.26699,0.756241582312082
0.29786,0.745118065591493
0.32802,0.732089471521442
0.35738,0.717163230565949
0.38589,0.700372632930327
0.41346,0.681741828085728
0.44005,0.661324380233573
0.46557,0.639159576156938
0.48999,0.615318890717938
0.51323,0.589861194268348
0.53526,0.562870886081195
0.55601,0.534421340478022
0.57544,0.50459744075402
0.59352,0.473498585234249
0.6102,0.44121849134032
0.62545,0.407858581084078
0.63924,0.373523708745104
0.65154,0.338318566143222
0.66232,0.302344722292559
0.67158,0.265720444822043
0.67929,0.228551813698221
0.68545,0.190954074066168
0.69004,0.153031567921443
0.69307,0.114898770384703
0.69453,0.0766599526376791
0.69444,0.0384299928571695
0.6928,0.000313852956868811
0.68962,-0.0375875577642419
0.68494,-0.0751577972468737
0.67877,-0.112293906676161
0.67113,-0.148899896053874
0.66207,-0.184866555799161
0.65162,-0.22009252253794
0.63981,-0.254486282602957
0.62669,-0.287952767514641
0.61231,-0.32039744704663
0.59672,-0.351729620751653
0.57997,-0.38186498348555
0.56212,-0.410720142179663
0.54323,-0.438215573346921
0.52336,-0.464277907663295
0.50259,-0.488826817997043
0.48096,-0.511809004691582
0.45856,-0.533158323473517
0.43545,-0.552823141964353
0.41171,-0.570751013109506
0.3874,-0.586905916866208
0.36261,-0.601244732496845
0.33741,-0.613735415042176
0.31188,-0.624349141593858
0.28609,-0.633068667638665
0.26011,-0.63988734089312
0.23403,-0.644793209406148
0.20792,-0.647785891740246
0.18184,-0.648882441145115
0.15589,-0.648084605312452
0.13012,-0.645419349306232
0.10461,-0.640911649716261
0.079433,-0.634589941818822
0.054646,-0.626497022121697
0.030319,-0.616676969283282
0.0065133,-0.605180567704108
-0.016709,-0.592062421747893
-0.039296,-0.577386612622981
-0.061185,-0.561215425290158
-0.082333,-0.543622809901382
-0.10269,-0.524685126268847
-0.1222,-0.504474304356931
-0.14084,-0.48308123079108
-0.15855,-0.460582281287169
-0.17532,-0.437077013389245
-0.1911,-0.412651326342381
-0.20587,-0.387399841364877
-0.21961,-0.36142146795303
-0.2323,-0.334815674231147
-0.24393,-0.307686812376815
-0.25447,-0.280125237474422
-0.26394,-0.252244174229762
-0.27232,-0.224142234441599
-0.27962,-0.195925317419384
-0.28585,-0.167701838750138
-0.291,-0.139563989990838
-0.29511,-0.111624784929841
-0.29817,-0.0839733865428405
-0.30022,-0.0567136486978518
-0.30128,-0.0299429969769847
-0.30137,-0.0037503454183273
-0.30053,0.0217705991780421
-0.29879,0.0465329436560956
-0.29618,0.0704584063822282
-0.29274,0.0934711657189727
-0.28852,0.115492844947213
-0.28356,0.136453327360109
-0.27789,0.15629926466734
-0.27156,0.174978320674979
-0.26461,0.192448628672186
-0.2571,0.208663937023633
-0.24906,0.223598711932137
-0.24053,0.23723823487993
-0.23158,0.249555528463372
-0.22222,0.260559604035471
-0.21252,0.270244634596848
-0.2025,0.278630695836651
-0.19221,0.285736717282302
-0.1817,0.291580854303913
-0.17098,0.296210336734809
-0.1601,0.299665562458257
-0.1491,0.301988258084331
-0.138,0.30323534897236
-0.12684,0.303460105482237
-0.11563,0.302733965500275
-0.10442,0.301111817990198
-0.093216,0.298666512665581
-0.082049,0.29546511387576
-0.070943,0.291573523102676
-0.059916,0.287059431361899
-0.048987,0.281989421966801
-0.038179,0.276424394016683
-0.027508,0.270424106081144
-0.016992,0.264044167087878
-0.0066503,0.257334197633905
0.003501,0.250339795792253
0.013446,0.243101978212186
0.023163,0.235652387386565
0.032639,0.22802037656153
0.041856,0.220228635386129
0.050795,0.212292789920961
0.059439,0.204223479028976
0.067769,0.196025202189506
0.075768,0.187698517286428
0.083418,0.179239708807142
0.090698,0.170639168872878
0.097591,0.161885441284453
0.10408,0.152965593978748
0.11014,0.143859666115447
0.11576,0.13455267101507
0.12093,0.12503455803533
0.12561,0.115277155257191
0.12979,0.105260447609808
0.13346,0.0949713825860934
0.1366,0.0843953677146412
0.1392,0.0735242738716793
0.14123,0.0623405470940353
0.14269,0.050841641765245
0.14357,0.0390297596378043
0.14385,0.0269034748594531
0.14352,0.0144658713589902
0.14257,0.001723590269733
0.14101,-0.0112992297074924
0.13883,-0.0245797469503596
0.13601,-0.0381041444957092
0.13257,-0.0518366639162014
0.1285,-0.0657469942338857
0.12381,-0.0797952350299993
0.1185,-0.0939422351533743
0.11257,-0.108150531494556
0.10605,-0.122362896509257
0.098928,-0.136538829073317
0.091228,-0.150625871084923
0.082961,-0.164573069691099
0.074141,-0.178329975840464
0.064788,-0.191843633532597
0.054916,-0.205065118323551
0.044551,-0.21794141418081
0.03371,-0.230424526498274
0.022417,-0.242466884652727
0.010696,-0.254022823997891
-0.0014272,-0.265048415883784
-0.013926,-0.275502040110469
-0.026773,-0.285344799165896
-0.039938,-0.294539312623174
-0.053392,-0.303051672049219
-0.067104,-0.31085056556793
-0.08104,-0.317905768536731
-0.095169,-0.324191336544166
-0.10946,-0.329685849060776
-0.12387,-0.334363610223021
-0.13836,-0.338199490901329
-0.15291,-0.341183904089305
-0.16746,-0.343290833293177
-0.182,-0.344519044269377
-0.19646,-0.344843290759228
-0.21082,-0.344256952434939
-0.22503,-0.342746733516922
-0.23905,-0.340302021425986
-0.25285,-0.33692234605085
-0.26638,-0.332600933626627
-0.2796,-0.327333786901683
-0.29247,-0.321119517241639
-0.30495,-0.313959130071942
-0.317,-0.305855776670584
-0.32858,-0.296814483893553
-0.33965,-0.286841871995694
-0.35017,-0.275945869319554
-0.36011,-0.264142829369781
-0.36943,-0.251448243112551
-0.37809,-0.237876652699459
-0.38606,-0.223448979701367
-0.3933,-0.208183455615886
-0.39979,-0.192110552392074
-0.4055,-0.17526249529387
-0.41039,-0.157664744744257
-0.41444,-0.139351464131579
-0.41763,-0.120362947951599
-0.41992,-0.100728578428865
-0.42131,-0.0804977207226654
-0.42176,-0.0597049160512881
-0.42126,-0.0383939599992962
-0.41979,-0.0166074565750994
-0.41735,0.00559939799850261
-0.41391,0.028185033925304
-0.40947,0.051097938145806
-0.40403,0.0742801272659927
-0.39758,0.0976775253497168
-0.39011,0.121240859606836
-0.38164,0.144904096615527
-0.37216,0.168611889105783
-0.36168,0.192304463157769
-0.35022,0.215912973723169
-0.33778,0.239378200957631
-0.32439,0.262628413466543
-0.31006,0.285598853219722
-0.29482,0.308217695027207
-0.2787,0.330409727250926
-0.26172,0.352106821312572
-0.24391,0.373241422523053
-0.22532,0.393733914836963
-0.20599,0.413504947723527
-0.18595,0.432485382972459
-0.16525,0.450601888436914
-0.14395,0.467772849304329
-0.12209,0.483927485673672
-0.099731,0.498990676636742
-0.076929,0.512890090005972
-0.053747,0.525552992865574
-0.030246,0.536910361583686
-0.0064907,0.546895895194879
0.017452,0.555446270777888
0.041516,0.562503499554639
0.065632,0.568013736144722
0.089729,0.571927324295798
0.11374,0.574202940900558
0.13759,0.574801842381459
0.16121,0.573693507604429
0.18454,0.57086218310195
0.2075,0.566290316846186
0.23003,0.559974815381864
0.25206,0.551917558575989
0.27354,0.542139790801827
0.29439,0.530656206020573
0.31456,0.517498564573243
0.33399,0.502704656788362
0.35263,0.486324003531676
0.37042,0.468407303711508
0.38733,0.449027430304257
0.4033,0.428251348339351
0.4183,0.406161949921461
0.43228,0.382838192207817
0.44521,0.358368709792715
0.45706,0.332847675972227
0.4678,0.306371261504234
0.47741,0.27904205830418
0.48587,0.250965017800916
0.49316,0.222244051451904
0.49927,0.192986647614804
0.50418,0.16329264417255
0.5079,0.133274902736611
0.51043,0.103046000717347
0.51176,0.0727074631100872
0.5119,0.0423634980670669
0.51086,0.0121171573520875
0.50865,-0.0179327669099575
0.5053,-0.0476793775629102
0.50082,-0.0770275320159657
0.49523,-0.105887391141204
0.48856,-0.134169117066889
0.48084,-0.161786015678823
0.47211,-0.188649606443563
0.46238,-0.214695296939577
0.45171,-0.23984330724568
0.44013,-0.264026741343776
0.42768,-0.287184291535767
0.4144,-0.309261616730603
0.40035,-0.330197473591698
0.38555,-0.349957083300173
0.37006,-0.36849916588188
0.35393,-0.385786504890768
0.33721,-0.401786931528107
0.31994,-0.416481364330906
0.30218,-0.42984774162956
0.28397,-0.441877705239608
0.26537,-0.452560076677668
0.24642,-0.461897165184484
0.22718,-0.469887942391502
0.2077,-0.476536718182006
0.18802,-0.481859955336542
0.16821,-0.485861826742109
0.14829,-0.488573960266769
0.12833,-0.490012763581378
0.10838,-0.490197151853815
0.08847,-0.489162721052472
0.068657,-0.486937946704976
0.048985,-0.483554727484487
0.029495,-0.479049351792563
0.010233,-0.473457208414391
-0.0087614,-0.466816938349021
-0.027448,-0.459168480853312
-0.04579,-0.450554387539833
-0.063748,-0.441016340105398
-0.081291,-0.430600466770611
-0.098383,-0.419351568149203
-0.115,-0.407321039955527
-0.1311,-0.394550867233265
-0.14667,-0.381095697078254
-0.16168,-0.367006251922688
-0.1761,-0.35232860920741
-0.18992,-0.337118500970287
-0.20312,-0.321430379673613
-0.21569,-0.30532341058901
-0.2276,-0.288843963146037
-0.23884,-0.272041383903676
-0.2494,-0.254965815575031
-0.25928,-0.23767380325311
-0.26847,-0.220217842435627
-0.27696,-0.202645437292368
-0.28474,-0.184998447292342
-0.29182,-0.16732748379263
-0.29818,-0.149666298101938
-0.30384,-0.132063338520424
-0.30879,-0.114555026479149
-0.31304,-0.0971815078880243
-0.31658,-0.0799696580508472
-0.31943,-0.0629567056565075
-0.3216,-0.0461794262503831
-0.32308,-0.0296580539185671
-0.3239,-0.0134281147758394
-0.32406,0.00248607684346219
-0.32357,0.0180628972165856
-0.32245,0.0332764746602291
-0.32071,0.0481059873051085
-0.31837,0.0625282239626855
-0.31543,0.0765338328910889
-0.31193,0.0900956742889756
-0.30788,0.103195529256752
-0.30329,0.115823195050922
-0.29819,0.127960755365284
-0.29259,0.139599673714586
-0.28652,0.150724730064491
-0.27999,0.161330821154218
-0.27303,0.171406642821148
-0.26566,0.180943874622836
-0.2579,0.189937094204574
-0.24977,0.198383624726023
-0.24129,0.206283330341237
-0.23248,0.213638373328973
-0.22337,0.220445546959115
-0.21396,0.226719804328185
-0.20428,0.232468366542668
-0.19436,0.237692224784596
-0.1842,0.242409675226265
-0.17382,0.246637851278907
-0.16325,0.250385250664277
-0.1525,0.253668095961457
-0.14158,0.256508512481014
-0.13051,0.258925499845215
-0.1193,0.260942508538301
-0.10798,0.262571219602109
-0.096553,0.263833515098132
-0.085036,0.264748582275151
-0.073444,0.265334411993976
-0.061793,0.265606799941449
-0.050095,0.265582281667497
-0.038366,0.265274550108959
-0.026621,0.264695328651573
-0.014872,0.263856595031461
-0.0031378,0.262765111949846
0.0085695,0.261428131994846
0.020234,0.25985021313883
0.031839,0.258032939460439
0.04337,0.255976990603075
0.054808,0.253678879109113
0.06614,0.251136197760821
0.077348,0.248343690829835
0.088415,0.245294605825294
0.099323,0.241980348534872
0.11005,0.238388040930574
0.12059,0.234513465764005
0.13092,0.230346882747187
0.14101,0.225869143545211
0.15085,0.221068775455514
0.16043,0.215940775632969
0.16972,0.210470697723449
0.17871,0.204651660441497
0.18737,0.19846828110204
0.19569,0.191913538858318
0.20365,0.184979969803767
0.21123,0.177659988136334
0.21842,0.169953548820866
0.2252,0.161859342966901
0.23154,0.153367733747021
0.23744,0.144484858229953
0.24288,0.135214670232848
0.24784,0.125559318601478
0.2523,0.115519488124783
0.25626,0.105109500532194
0.25968,0.0943247541888597
0.26258,0.0831899255218314
0.26492,0.0717083042867036
0.26669,0.0598880684180631
0.26789,0.0477485257628694
0.26851,0.0353100685618393
0.26854,0.0225934388385104
0.26796,0.00961171345465742
0.26677,-0.0036137869122017
0.26497,-0.0170556892523353
0.26255,-0.0306898918700874
0.25952,-0.0444808187191168
0.25586,-0.0584068271876386
0.25159,-0.0724285702717249
0.2467,-0.0865157427398507
0.2412,-0.100631436311248
0.23509,-0.114741910027875
0.22838,-0.128809605889976
0.22107,-0.142802428641679
0.21317,-0.156686308930183
0.2047,-0.170419274040996
0.19566,-0.18396907096115
0.18607,-0.197297550336772
0.17593,-0.210377834579092
0.16527,-0.223170894279339
0.15409,-0.235651369473253
0.14242,-0.247783658009446
0.13026,-0.259547295172986
0.11764,-0.270912646831342
0.10458,-0.281851143502781
0.091088,-0.292344978909812
0.077196,-0.302368029319344
0.062922,-0.311898793510968
0.048288,-0.320917385226024
0.033319,-0.329403807971307
0.018036,-0.337341741738263
0.0024661,-0.344714026757904
-0.013369,-0.351507546779588
-0.02944,-0.357707439832277
-0.045724,-0.363302825818603
-0.062193,-0.36828280743084
-0.078819,-0.372637012490742
-0.095574,-0.376356008095848
-0.11243,-0.379431601772782
-0.12936,-0.381857784007471
-0.14634,-0.383632903886453
-0.16333,-0.384747247965689
-0.1803,-0.385192452486532
-0.19723,-0.384969044083849
-0.21408,-0.384070096393242
-0.23082,-0.382490428280191
-0.24741,-0.380219165942716
-0.26384,-0.377263475108435
-0.28005,-0.37360805016723
-0.29603,-0.369256995845836
-0.31173,-0.36420050626677
-0.32712,-0.35843274160615
-0.34217,-0.351951331280144
-0.35684,-0.344749487741778
-0.3711,-0.336824551344083
-0.38491,-0.328169972977029
-0.39824,-0.318783741575593
-0.41105,-0.308660262782108
-0.42331,-0.297798695347323
-0.43498,-0.286194750957829
-0.44603,-0.273848963405197
-0.45642,-0.260758432053039
-0.46611,-0.246917646649157
-0.47508,-0.23233400710775
-0.4833,-0.217017814679863
-0.49071,-0.200959332959553
-0.49731,-0.184177367119921
-0.50305,-0.166676321402949
-0.50791,-0.148471128547413
-0.51185,-0.129570073641319
-0.51486,-0.109998097098489
-0.5169,-0.0897707608932022
-0.51794,-0.0689030789075362
-0.51798,-0.0474314239654585
-0.51699,-0.0253862534886686
-0.51495,-0.00279985010879063
-0.51184,0.0202949102585109
-0.50765,0.043858189870634
-0.50237,0.067845648804966
-0.49599,0.0922105612652936
-0.48851,0.116898208513209
-0.47991,0.141863780058121
-0.4702,0.167049594335323
-0.45938,0.192396680735427
-0.44745,0.217846772677752
-0.43443,0.243329131496131
-0.42031,0.26878725639412
-0.40511,0.294155700043342
-0.38885,0.31936383122899
-0.37155,0.344339019128843
-0.35321,0.369024073924731
-0.33387,0.393346561805976
-0.31356,0.417231467893826
-0.29229,0.440618881745483
-0.2701,0.463440912598042
-0.24703,0.485625498560588
-0.22311,0.507106991494812
-0.19837,0.527827149214321
-0.17287,0.547713575204954
-0.14664,0.566707092310154
-0.11972,0.584753893504512
-0.092163,0.601796876897147
-0.064023,0.617777624612014
-0.035349,0.63264246950677
-0.0061934,0.646341055175271
0.023387,0.658824355545572
0.053335,0.670046003099181
0.083594,0.679964029037235
0.1141,0.688536232790606
0.1448,0.695730060435855
0.17563,0.701514041237669
0.20652,0.70585454642769
0.23741,0.708725050279096
0.26824,0.710106003886127
0.29894,0.709977146978894
0.32944,0.708318706827645
0.35968,0.705119727323063
0.38959,0.700369745823653
0.41911,0.694066846748649
0.44816,0.686201719884711
0.47668,0.676774560927102
0.5046,0.665786234168599
0.53186,0.653245905448149
0.55838,0.639154765276562
0.58409,0.623515273422153
0.60894,0.606345946212366
0.63286,0.587663260666819
0.65578,0.567481890280493
0.67764,0.545822303782728
0.69838,0.522709317722068
0.71793,0.49816339591971
0.73626,0.472230704816731
0.7533,0.444947484427589
0.76901,0.416363333759924
0.78333,0.386522612934154
0.79623,0.355486537223394
0.80767,0.323320931925089
0.8176,0.290086209328006
0.82601,0.255866366749814
0.83287,0.220747337709796
0.83814,0.184806848115164
0.84182,0.148143376989711
0.84389,0.110854541625207
0.84433,0.0730344453929158
0.84314,0.0347863652139009
0.84033,-0.0037747011143595
0.83589,-0.0425425158272301
0.82983,-0.0814063524975592
0.82216,-0.120255280983213
0.8129,-0.15897427483022
0.80206,-0.197456018184415
0.78968,-0.235580682260542
0.77577,-0.273244366479245
0.76036,-0.310344672216483
0.7435,-0.346769076538086
0.72522,-0.382415430173764
0.70556,-0.417186051097945
0.68456,-0.450990277995528
0.66228,-0.483731574817898
0.63876,-0.515326886692569
0.61405,-0.545699718643854
0.58821,-0.574774401589548
0.56131,-0.602471446772623
0.53339,-0.628733480941099
0.50452,-0.653501205169244
0.47476,-0.676723649177855
0.44419,-0.698344012718362
0.41287,-0.7183179696411
0.38086,-0.736613290827061
0.34824,-0.753194422408008
0.31507,-0.768039700229193
0.28143,-0.781125251575254
0.2474,-0.792426837135114
0.21304,-0.80193610071601
0.17842,-0.809651041893053
0.14363,-0.815560744624013
0.10873,-0.81967023480719
0.073804,-0.821980125059187
0.038917,-0.822502090929826
0.0041435,-0.821249939554378
-0.030445,-0.818241563751412
-0.064777,-0.813498149406771
-0.098782,-0.807044149025282
-0.13239,-0.798906763637238
-0.16554,-0.789121700013359
-0.19816,-0.777722758701952
-0.23019,-0.764750459764022
-0.26157,-0.750249903299222
-0.29223,-0.734261489234569
-0.32212,-0.716835702333234
-0.35118,-0.698022539222516
-0.37937,-0.67788515232563
-0.40662,-0.656473485247932
-0.43289,-0.633847696004889
-0.45813,-0.610067143667274
-0.48231,-0.585203689345516
-0.50537,-0.559315075351977
-0.52729,-0.532475566619837
-0.54803,-0.504755806646171
-0.56756,-0.476228832524097
-0.58584,-0.446960026488126
-0.60285,-0.417021365282423
-0.61858,-0.386495309874496
-0.633,-0.35545545856363
-0.6461,-0.323980734006277
-0.65786,-0.292144456731842
-0.66827,-0.26002044638059
-0.67733,-0.22768789918269
-0.68502,-0.19521296928743
-0.69137,-0.162686012022016
-0.69635,-0.130169600570368
-0.69999,-0.0977460786286119
-0.70228,-0.0654813906884797
-0.70325,-0.0334555124234495
-0.70289,-0.00172742629896903
-0.70124,0.0296260124373093
-0.69831,0.0605383914487598
-0.69412,0.0909467137818212
-0.68869,0.120793058261842
-0.68205,0.150018396377966
-0.67424,0.178557635423929
-0.66528,0.206357964338384
-0.6552,0.233371139501184
-0.64404,0.259547153544383
-0.63184,0.284836565080174
-0.61863,0.309199749252082
-0.60445,0.332599304229775
-0.58934,0.355001262491468
-0.57336,0.37636116818605
-0.55653,0.396657486228759
-0.53892,0.415851360685224
-0.52056,0.433921179376094
-0.50151,0.450838193562435
-0.48182,0.46657662233327
-0.46154,0.481114301288746
-0.44072,0.49443309773276
-0.41942,0.506511727794586
-0.3977,0.517327422264752
-0.3756,0.526872080731795
-0.3532,0.535120521211141
-0.33054,0.542064479938731
-0.30768,0.547695183072687
-0.28469,0.551996696405367
-0.26161,0.55497031148407
-0.23851,0.556609363935534
-0.21545,0.556908709211245
-0.19248,0.55587229596455
-0.16966,0.553504228664447
-0.14704,0.549816335365346
-0.12467,0.544826651761045
-0.10262,0.538543223416597
-0.080932,0.530986779262697
-0.059654,0.522183507880083
-0.038836,0.512162034929482
-0.018521,0.500957552930062
0.0012459,0.488608220819148
0.020422,0.475155483205195
0.038972,0.460647908330701
0.05686,0.445138149222697
0.074052,0.428682204563394
0.090523,0.41134395173392
0.10624,0.393185986719761
0.1212,0.374290343480362
0.13536,0.354722880104222
0.14872,0.334566335853371
0.16127,0.31390729537465
0.17299,0.292825546639706
0.18389,0.271415215791508
0.19397,0.249771806823934
0.20323,0.227989077807378
0.21168,0.206163916153082
0.21932,0.184385348702466
0.22617,0.162748031788644
0.23226,0.141355547285509
0.23759,0.120293212983693
0.24219,0.0996509746088593
0.24609,0.0795195126825218
0.2493,0.0599722690899422
0.25187,0.0410957545132556
0.25381,0.022954448912395
0.25517,0.00562223547858695
0.25597,-0.0108442951127912
0.25625,-0.0263899391548183
0.25605,-0.0409628221923319
0.25539,-0.054530666517281
0.25433,-0.0670490150645841
0.25288,-0.0785024874086578
0.2511,-0.0888633017652021
0.24901,-0.0981247114023213
0.24666,-0.106275606868164
0.24407,-0.113324510531914
0.2413,-0.11926659923035
0.23836,-0.124123998081828
0.23531,-0.127903558808235
0.23216,-0.130637147925168
0.22896,-0.132346861561004
0.22573,-0.133068973450404
0.2225,-0.132843236555209
0.21931,-0.131704125378748
0.21619,-0.129688649562681
0.21314,-0.126857332639556
0.21021,-0.123251306541587
0.20741,-0.118924745454567
0.20476,-0.113933636189066
0.20228,-0.10833403757008
0.19999,-0.102180627143923
0.19789,-0.0955403140667818
0.19601,-0.0884658741123212
0.19436,-0.0810119998351897
0.19293,-0.0732481460504679
0.19174,-0.0652314949029283
0.19079,-0.0570224277071482
0.19009,-0.0486746833830001
0.18963,-0.0402497576200007
0.1894,-0.0318134932025749
0.18942,-0.023411007715983
0.18965,-0.0151135566698793
0.19011,-0.00696685587277548
0.19078,0.000975968290549236
0.19165,0.00866501943277916
0.19271,0.0160547358788653
0.19393,0.0230898876888844
0.19531,0.0297315275562544
0.19684,0.0359479156721728
0.19848,0.0416922377729719
0.20023,0.0469368019042276
0.20206,0.0516483329758495
0.20395,0.0557977912960469
0.20589,0.0593681695733603
0.20784,0.0623308781199677
0.2098,0.0646787729815549
0.21172,0.0663856436446647
0.2136,0.0674480017428488
0.2154,0.0678515931816508
0.21711,0.0675964481924038
0.21869,0.0666723035227271
0.22012,0.0650760200839162
0.22139,0.062818021724093
0.22245,0.0598901398123424
0.2233,0.0563067166660394
0.2239,0.0520705654987928
0.22423,0.0471901913119395
0.22427,0.0416787043137765
0.224,0.0355528092568286
0.22339,0.0288244796763313
0.22244,0.0215239313413878
0.22111,0.0136658736101871
0.2194,0.00528185366415588
0.2173,-0.00359111420469081
0.21478,-0.0129272697184279
0.21184,-0.0226883469720558
0.20847,-0.0328343592066089
0.20467,-0.0433175627764927
0.20042,-0.0541000108715033
0.19574,-0.0651231021617148
0.19062,-0.0763353697947743
0.18506,-0.0876851382500085
0.17908,-0.099107250546353
0.17267,-0.110549726931392
0.16584,-0.121957965891131
0.15862,-0.133262111051617
0.15101,-0.144404263293012
0.14304,-0.155315756267578
0.13471,-0.16594353021781
0.12604,-0.176234036662359
0.11707,-0.186120305226053
0.10781,-0.195548858630337
0.098282,-0.204470016287384
0.088515,-0.212833705788172
0.078532,-0.2205957248469
0.068364,-0.227712292660373
0.058034,-0.234147490617207
0.047572,-0.239867968433674
0.037005,-0.244846010874781
0.026363,-0.249057424208518
0.015673,-0.252484175109067
0.0049641,-0.255112578707237
-0.0057349,-0.25693349007739
-0.016397,-0.257943435981513
-0.02699,-0.258140185493107
-0.037495,-0.257532810870708
-0.047877,-0.256127738490397
-0.058112,-0.253937592216174
-0.068179,-0.250982215550543
-0.07805,-0.247281887695895
-0.087701,-0.242859948950046
-0.097113,-0.237745544257956
-0.10626,-0.231966778000468
-0.11514,-0.225568121310046
-0.12371,-0.218575911696736
-0.13197,-0.211033103589143
-0.13989,-0.202972817406272
-0.14748,-0.194449021581675
-0.15471,-0.185501523286595
-0.16158,-0.17617985780836
-0.16807,-0.166525271103667
-0.17419,-0.156593364260146
-0.17993,-0.146434965431614
-0.18528,-0.136095599763946
-0.19025,-0.125629955951089
-0.19485,-0.115098495109016
-0.19907,-0.104549754146375
-0.20292,-0.0940359414926018
-0.20642,-0.08361798942162
-0.20957,-0.0733471959180039
-0.21239,-0.0632802375228307
-0.2149,-0.0534763155450083
-0.21711,-0.0439873777908347
-0.21904,-0.0348651935067794
-0.22071,-0.0261596433319783
-0.22216,-0.0179321715525091
-0.22339,-0.0102219416702332
-0.22444,-0.00307828454750566
-0.22533,0.0034578031009041
-0.22609,0.00934616950186864
-0.22674,0.0145562515929924
-0.22731,0.0190590868568425
-0.22783,0.0228282293881564
-0.22832,0.0258478135366752
-0.22881,0.0281039830043173
-0.22932,0.0295927146284862
-0.22987,0.0303184611635534
-0.23049,0.0302854259214245
-0.23118,0.0295200991697908
-0.23198,0.0280370491302273
-0.23289,0.0258707951881176
-0.23393,0.0230565684874161
-0.23512,0.0196295453760061
-0.23645,0.0156463764089389
-0.23793,0.011164969032567
-0.23957,0.00624291036377535
-0.24137,0.00094354381106036
-0.24333,-0.00466672899200029
-0.24544,-0.0105133524904258
-0.2477,-0.0165245613478241
-0.25009,-0.0226179903203081
-0.2526,-0.0287123929446363
-0.25523,-0.0347371090433465
-0.25794,-0.0406024952766925
-0.26073,-0.0462357948169486
-0.26358,-0.0515652801795799
-0.26645,-0.0565074928078166
-0.26934,-0.0610016693679562
-0.2722,-0.0649703734288916
-0.27503,-0.0683621911509293
-0.27777,-0.0711041360704421
-0.28042,-0.0731526221825601
-0.28294,-0.0744598443723579
-0.2853,-0.0749837912492604
-0.28747,-0.0746887685919988
-0.28942,-0.0735456613288147
-0.29112,-0.0715319732331495
-0.29253,-0.0686242833112186
-0.29363,-0.0648143649433631
-0.29439,-0.0600995852582768
-0.29478,-0.0544824040876399
-0.29477,-0.0479698117876214
-0.29432,-0.0405653311414562
-0.29342,-0.032292213192415
-0.29204,-0.0231746166230829
-0.29015,-0.013237176738198
-0.28773,-0.00251199829421878
-0.28475,0.00897073341670448
-0.28121,0.0211607221453405
-0.27708,0.0340147360354684
-0.27235,0.0474813885662713
-0.267,0.0615113211491513
-0.26102,0.0760506092656063
-0.2544,0.0910430065567751
-0.24715,0.106417058481681
-0.23924,0.122120526123162
-0.23069,0.138081117007485
-0.2215,0.154227167133176
-0.21166,0.170496933134882
-0.20119,0.186816289678289
-0.1901,0.203110694325491
-0.17839,0.219314875450291
-0.16609,0.23535085774826
-0.1532,0.251154990074801
-0.13975,0.266655014573912
-0.12577,0.281774024861505
-0.11127,0.296448590309822
-0.096284,0.310610505244769
-0.080838,0.32419589691985
-0.064966,0.337140637718814
-0.048697,0.349386288101136
-0.032067,0.360875880374572
-0.015112,0.371555673293157
0.0021327,0.381377009842141
0.019629,0.390295102716004
0.037338,0.398269439101609
0.055219,0.405263256880576
0.073234,0.411246351134304
0.091341,0.416192206136889
0.1095,0.420080017344972
0.12767,0.422893942012701
0.1458,0.424615693431788
0.16386,0.425241543070697
0.18181,0.424772703828496
0.1996,0.423207431734077
0.21719,0.420549496122384
0.23455,0.416814835956367
0.25164,0.412021795839209
0.26841,0.406183161918435
0.28484,0.399329432609854
0.30089,0.39149010616586
0.31653,0.382700782086302
0.33173,0.373001290672865
0.34646,0.36243403841001
0.36068,0.35103516838942
0.37439,0.338864537634725
0.38755,0.325970063724137
0.40015,0.312411032262563
0.41215,0.298232162181464
0.42355,0.283494810485753
0.43433,0.268257279458476
0.44447,0.252573783596771
0.45395,0.236493677739484
0.46277,0.220075716979188
0.47091,0.203369695686996
0.47836,0.186424040204031
0.48512,0.169291934799704
0.49117,0.152013927273673
0.49651,0.134633797255904
0.50114,0.117196452347348
0.50506,0.0997461961347999
0.50825,0.0823105409960938
0.51073,0.0649319570245157
0.51249,0.0476412982591708
0.51354,0.0304736664663066
0.51388,0.0134588930432316
0.51351,-0.00337860087056782
0.51244,-0.0200123838471646
0.51068,-0.0364154758235504
0.50823,-0.0525689297139711
0.50511,-0.0684463481909515
0.50132,-0.0840311745952547
0.49687,-0.0993081803359661
0.49178,-0.114256564009795
0.48604,-0.12887410701445
0.47969,-0.143136984737313
0.47271,-0.157049278892674
0.46513,-0.170600793966575
0.45696,-0.183785190129131
0.4482,-0.196607081085625
0.43888,-0.209057877437367
0.429,-0.221141016000637
0.41856,-0.232869781361449
0.4076,-0.244235700469761
0.3961,-0.255257568366107
0.3841,-0.265931486305283
0.37159,-0.276272523458969
0.3586,-0.286281217929315
0.34512,-0.295976110854219
0.33118,-0.305360316760951
0.31678,-0.314446736308107
0.30195,-0.323233725490278
0.28668,-0.331737622097213
0.27099,-0.339966715152517
0.2549,-0.347922651812893
0.23842,-0.355609117978144
0.22156,-0.363031377675489
0.20434,-0.370188460664677
0.18677,-0.377081811461811
0.16888,-0.383700001621421
0.15067,-0.390043717526883
0.13217,-0.396101211651448
0.1134,-0.401858424113255
0.094368,-0.407308678419338
0.075101,-0.412437388159486
0.05562,-0.417228431049718
0.035946,-0.421664890579821
0.016101,-0.425728943826511
-0.0038886,-0.429399288783157
-0.024002,-0.432656565856829
-0.044214,-0.435480292377407
-0.064497,-0.437847911552857
-0.084827,-0.439738526591308
-0.10517,-0.441125818487443
-0.12551,-0.44199319809668
-0.14582,-0.442324332737732
-0.16606,-0.442094035631684
-0.1862,-0.441278162025994
-0.20623,-0.439868962801133
-0.2261,-0.437842674009389
-0.24579,-0.435185583975909
-0.26527,-0.431885198824942
-0.28451,-0.427930495953141
-0.30349,-0.423319488658765
-0.32216,-0.41803550411924
-0.34051,-0.412080209919353
-0.3585,-0.405447983620503
-0.37611,-0.398142425050544
-0.3933,-0.390159831993868
-0.41006,-0.381513045454018
-0.42635,-0.372205857369385
-0.44214,-0.362242190566686
-0.45741,-0.351633476349515
-0.47214,-0.340397005319683
-0.4863,-0.32854704266439
-0.49987,-0.316102521193087
-0.51282,-0.303078310549589
-0.52513,-0.289493060507891
-0.53678,-0.275368012834338
-0.54775,-0.260725964609005
-0.55801,-0.245582979273018
-0.56755,-0.229964049795105
-0.57635,-0.213893291248875
-0.58439,-0.197393443825818
-0.59165,-0.180485489436735
-0.59811,-0.16318837151891
-0.60376,-0.145526205463354
-0.60857,-0.127511757503989
-0.61255,-0.10917779023113
-0.61567,-0.0905426362194275
-0.61792,-0.071627192018478
-0.6193,-0.0524611382964621
-0.61978,-0.0330581376295283
-0.61936,-0.0134406221479199
-0.61804,0.00636264983712828
-0.61581,0.0263261190158833
-0.61266,0.0464276325487611
-0.60859,0.0666411392598412
-0.6036,0.0869383039542262
-0.59768,0.107297268502884
-0.59084,0.127687365913249
-0.58307,0.148086618466024
-0.57439,0.168458639309772
-0.56479,0.188778769789012
-0.55428,0.209017869134526
-0.54288,0.229136769960977
-0.53057,0.249119052828496
-0.51739,0.26892292520677
-0.50333,0.288524455171767
-0.48841,0.307892788769456
-0.47264,0.326999952108022
-0.45605,0.345806487252767
-0.43864,0.364287155672539
-0.42043,0.382414316814953
-0.40145,0.400151998520247
-0.38172,0.417466120819076
-0.36127,0.434317896412451
-0.34011,0.450680830880178
-0.31827,0.466524534419391
-0.29579,0.481809176262238
-0.27269,0.49650344317595
-0.24901,0.510569214132632
-0.22478,0.523971579753526
-0.20003,0.536679443539011
-0.17481,0.548651122581866
-0.14914,0.559859998765918
-0.12307,0.570270433846354
-0.096639,0.579848919891438
-0.069886,0.588564873749964
-0.042854,0.596388249221524
-0.015589,0.603288340335331
0.011865,0.609236531460583
0.039459,0.614203282367686
0.067148,0.618162378563044
0.09488,0.621086134521621
0.12261,0.6229519193955
0.15028,0.623732491241287
0.17784,0.623403853387291
0.20525,0.621952979965665
0.23244,0.619354174849253
0.25936,0.615587314959158
0.28598,0.610652404620098
0.31222,0.604529016434341
0.33804,0.597210679980388
0.3634,0.588702640704211
0.38823,0.578997560947835
0.41249,0.568100617540337
0.43612,0.556012406743679
0.45909,0.542752254853724
0.48135,0.528339529428023
0.50284,0.512785952421021
0.52352,0.496111757034594
0.54334,0.478336276589953
0.56227,0.459492553242909
0.58025,0.439601755169272
0.59725,0.418697213526299
0.61321,0.396799074061688
0.6281,0.373938558572925
0.64189,0.350155022798608
0.65452,0.325471169713282
0.66596,0.299917846959231
0.67617,0.273524212240823
0.68512,0.246324629458647
0.69278,0.218356680260768
0.69911,0.189652065424483
0.70408,0.160244192906037
0.70767,0.130174231281817
0.70985,0.0994809847283186
0.7106,0.0682075703542398
0.7099,0.0363992746183952
0.70774,0.00410915164020609
0.7041,-0.0286124739178059
0.69898,-0.061704227296818
0.69237,-0.0951050709925904
0.68428,-0.128741303946153
0.6747,-0.162546019099973
0.66366,-0.196430258471929
0.65115,-0.230319531171845
0.63721,-0.26411633687142
0.62184,-0.297737155632029
0.60509,-0.331075365306967
0.58699,-0.364023757201791
0.56756,-0.39648533632056
0.54686,-0.428344831193587
0.52492,-0.459498015154776
0.5018,-0.489830713956757
0.47755,-0.519231770086603
0.45222,-0.547596055162437
0.42587,-0.574819389570082
0.39857,-0.600794457436962
0.37038,-0.625422414859786
0.34137,-0.648607264219667
0.31162,-0.67025127235325
0.28118,-0.690280928294877
0.25015,-0.708608091255477
0.21859,-0.725165629721187
0.18659,-0.73988383194732
0.15422,-0.752708446982957
0.12156,-0.763592633503511
0.088695,-0.7724939710385
0.055708,-0.779377094484841
0.022675,-0.784219311846876
-0.010318,-0.787002208731488
-0.043191,-0.787716575296884
-0.075865,-0.786362405994342
-0.10826,-0.782947145728261
-0.1403,-0.777487740017664
-0.1719,-0.770002379572376
-0.20299,-0.760521513524427
-0.2335,-0.749085264579055
-0.26334,-0.735726250147062
-0.29247,-0.720507644333782
-0.3208,-0.703479050763687
-0.34828,-0.684707794105133
-0.37483,-0.664251839257691
-0.40041,-0.64218991918448
-0.42496,-0.618600844089313
-0.44842,-0.593561556328173
-0.47074,-0.567152935311589
-0.49187,-0.539456914090878
-0.51179,-0.510576262375528
-0.53043,-0.480590769777278
-0.54777,-0.44959642101047
-0.56378,-0.417692115341561
-0.57842,-0.384968841739932
-0.59167,-0.351523288632484
-0.6035,-0.317446425149792
-0.61391,-0.282843987582526
-0.62287,-0.247808192226763
-0.63037,-0.212432222300481
-0.63641,-0.176814438299175
-0.64098,-0.141046814763572
-0.64409,-0.105227941841313
-0.64573,-0.0694437166431432
-0.64591,-0.0337816621293473
-0.64465,0.00166499617092736
-0.64195,0.0368163960955487
-0.63784,0.0715841005091802
-0.63232,0.105898033225354
-0.62542,0.139683352994644
-0.61717,0.172864136072543
-0.60759,0.20537376692181
-0.5967,0.237155684909907
-0.58456,0.268134143725122
-0.57117,0.298265092417586
-0.55659,0.327487610411675
-0.54085,0.355751762197524
-0.52399,0.38301116185467
-0.50605,0.409224279280962
-0.48708,0.434347956274959
-0.46712,0.458346997011283
-0.44621,0.481194280500403
-0.42441,0.502855833802623
-0.40176,0.523308537446588
-0.37831,0.54253190388339
-0.35411,0.560508759694071
-0.32922,0.577218285022685
-0.30368,0.59265265794
-0.27755,0.606800524999522
-0.25088,0.61965593276911
-0.22371,0.631225358844465
-0.19611,0.641503447624638
-0.16812,0.650498101763065
-0.1398,0.658213348661964
-0.1112,0.664657791793823
-0.082363,0.669849053873495
-0.053346,0.673801566677846
-0.024202,0.676530091449635
0.0050161,0.67804962603117
0.034258,0.678377141534406
0.063472,0.677529943782105
0.092603,0.675522836249498
0.1216,0.672371416377471
0.1504,0.668082776343714
0.17896,0.66267187103817
0.20723,0.656154521331484
0.23513,0.648524723827401
0.26263,0.639796071297649
0.28966,0.629968055184107
0.31617,0.61904364285138
0.3421,0.607021152869126
0.3674,0.593902616299954
0.39202,0.579693022524416
0.41589,0.564384841167977
0.43896,0.547975446591127
0.46119,0.530473639485692
0.48251,0.511875031905437
0.50288,0.492186922581531
0.52225,0.47141845780066
0.54057,0.449580054034182
0.5578,0.426690291622615
0.5739,0.402773861701237
0.58882,0.377852351033793
0.60251,0.351944273324463
0.61497,0.325102142564361
0.62614,0.297360115798131
0.63599,0.268758813198973
0.64451,0.239357728171493
0.65166,0.209207747791068
0.65743,0.178373577140944
0.6618,0.146921839573635
0.66476,0.114926201465853
0.66629,0.0824564917644444
0.66639,0.0495921822053976
0.66505,0.0164107778047584
0.66228,-0.016999334560933
0.65808,-0.0505510354144722
0.65245,-0.0841608740788087
0.64541,-0.117736159711191
0.63696,-0.151194416682084
0.62713,-0.184441856212465
0.61593,-0.21739333229692
0.60338,-0.249966046423697
0.58952,-0.282067049945137
0.57435,-0.313627835820922
0.55793,-0.344557654384014
0.54028,-0.374780442138047
0.52143,-0.404227240660768
0.50143,-0.432822532180654
0.4803,-0.460510387180047
0.4581,-0.487223269877914
0.43486,-0.512908974095316
0.41063,-0.537514955077474
0.38546,-0.560990503293515
0.35939,-0.58329583677474
0.33247,-0.604394350329928
0.30476,-0.624246275188603
0.2763,-0.642825820305176
0.24716,-0.660097629390972
0.21738,-0.676042410955165
0.18703,-0.69063278216821
0.15616,-0.703850969026065
0.12483,-0.715680610808766
0.093114,-0.72609713666907
0.061064,-0.735086817811434
0.028745,-0.742635935312928
-0.0037716,-0.748726911316352
-0.036425,-0.753347837103393
-0.069142,-0.756482972714922
-0.10186,-0.758122179951766
-0.1345,-0.758248389409657
-0.167,-0.756852361735512
-0.19929,-0.75392587558417
-0.2313,-0.749462114805594
-0.26296,-0.743455925802367
-0.29418,-0.735889168134323
-0.32492,-0.726770997172188
-0.35509,-0.716095656720666
-0.38462,-0.703860604769674
-0.41344,-0.690066220522012
-0.44148,-0.674715480552123
-0.46868,-0.657821014536932
-0.49495,-0.639380941878661
-0.52023,-0.619404124468138
-0.54447,-0.597915434932422
-0.56758,-0.57492260116815
-0.58952,-0.550456468710925
-0.61021,-0.524536266651214
-0.6296,-0.497193667306995
-0.64764,-0.468469643537922
-0.66427,-0.43840428253838
-0.67944,-0.407043361326605
-0.6931,-0.374436070881933
-0.70521,-0.34064046080695
-0.71573,-0.305720173227955
-0.72462,-0.269741633494529
-0.73184,-0.232771674489978
-0.73738,-0.194897762463388
-0.74119,-0.156191957486991
-0.74326,-0.11674138911323
-0.74357,-0.0766354037192839
-0.74212,-0.0359773040025206
-0.73888,0.0051435742337993
-0.73384,0.04663707977716
-0.72703,0.0883856072967503
-0.71842,0.130297328396797
-0.70804,0.172259720850017
-0.69588,0.214176660335066
-0.68199,0.255923963698231
-0.66635,0.297410472401581
-0.64902,0.338515529198306
-0.63001,0.379135536652554
-0.60936,0.419161900124796
-0.5871,0.458493005841922
-0.56329,0.497014135748612
-0.53797,0.534618621136994
-0.51118,0.571209918803967
-0.48299,0.606680866434184
-0.45345,0.640934234962876
-0.42263,0.67386946708309
-0.39059,0.705394281912172
-0.3574,0.735419035897535
-0.32313,0.763859519355704
-0.28787,0.790624281619
-0.25169,0.815634186579509
-0.21468,0.838808273348138
-0.17692,0.860074599112159
-0.13849,0.879371348090982
-0.099499,0.896626010892226
-0.06003,0.911779542255974
-0.020181,0.924775146236036
0.019954,0.935563223873236
0.06027,0.944094062922284
0.10067,0.950325981350515
0.14105,0.95422056767969
0.18131,0.955746874938586
0.22134,0.954874227650317
0.26104,0.951581181561791
0.30031,0.94585508289947
0.33904,0.937684062135438
0.37714,0.927072715682363
0.41449,0.914017302598513
0.45101,0.898537702756078
0.48659,0.880650751509539
0.52113,0.860378369396396
0.55455,0.837761328630755
0.58675,0.812840235491987
0.61765,0.785669742281522
0.64716,0.756307394136234
0.6752,0.724819300862401
0.70171,0.691291825307777
0.72659,0.655796045216728
0.74979,0.618425999605165
0.77125,0.579284478945321
0.7909,0.538471288083543
0.8087,0.496103373778607
0.8246,0.452300950882437
0.83856,0.407190960636241
0.85054,0.3609022117327
0.86052,0.313576134946867
0.86847,0.265352865499903
0.87437,0.216374777510983
0.87822,0.166796596350665
0.88,0.116763577214089
0.87972,0.0664310711680043
0.87739,0.0159577776965066
0.87302,-0.0344998401085513
0.86663,-0.0847846692717746
0.85824,-0.134744097780408
0.84788,-0.184226713246272
0.83559,-0.233079664511874
0.82141,-0.281154014149926
0.80538,-0.328308996754294
0.78756,-0.374400490397805
0.76801,-0.419286635493773
0.74677,-0.462847127846054
0.72391,-0.504961267076381
0.69951,-0.545505085936548
0.67363,-0.584371312741418
0.64635,-0.621455455596481
0.61775,-0.656659313487666
0.5879,-0.689901036333722
0.5569,-0.721093220720354
0.52483,-0.750162362688405
0.49178,-0.777041968079247
0.45783,-0.801681595275914
0.42308,-0.824031515431983
0.38762,-0.844052484440704
0.35154,-0.861715911912322
0.31495,-0.876988888633423
0.27792,-0.889866560849406
0.24057,-0.900330888117157
0.20297,-0.908391655553675
0.16523,-0.914052188608461
0.12745,-0.917318810784508
0.089711,-0.918214978189813
0.052113,-0.916764070320894
0.014746,-0.912996911421552
-0.022294,-0.906945739686949
-0.058924,-0.898653300195789
-0.095049,-0.888161349695516
-0.13059,-0.875522064536275
-0.16545,-0.860781754975588
-0.19956,-0.844001851120577
-0.23285,-0.825253921765742
-0.26522,-0.804593892915463
-0.29661,-0.782093375005822
-0.32695,-0.757827465927568
-0.35618,-0.731879575084537
-0.38423,-0.704330246953619
-0.41104,-0.675262958670724
-0.43657,-0.64477605611216
-0.46076,-0.612962356383141
-0.48357,-0.579922379841984
-0.50495,-0.545752567607818
-0.52489,-0.510572821345979
-0.54333,-0.474481479088293
-0.56025,-0.437586090439371
-0.57565,-0.400013135439359
-0.58948,-0.361863556913287
-0.60176,-0.323266279974436
-0.61245,-0.284324423864789
-0.62158,-0.245168725474036
-0.62913,-0.20591108571855
-0.63511,-0.166666745746788
-0.63954,-0.127557235128407
-0.64243,-0.0886977642552179
-0.64379,-0.0501945849915822
-0.64365,-0.0121578489760357
-0.64204,0.0253029462153456
-0.63899,0.0620826288453604
-0.63453,0.0980832237898724
-0.6287,0.133208705529776
-0.62154,0.167368129124916
-0.61309,0.200478031966996
-0.6034,0.232456787279689
-0.59252,0.263227402049717
-0.5805,0.292719648417379
-0.5674,0.320864205177498
-0.55326,0.347610093517718
-0.53815,0.372901266294427
-0.52213,0.396687436213864
-0.50526,0.418925231486426
-0.48759,0.439586327243107
-0.46921,0.458626605411406
-0.45016,0.476028237305547
-0.43053,0.491758928630388
-0.41037,0.505805981368872
-0.38976,0.518151430275347
-0.36876,0.528789088907326
-0.34744,0.537715757148139
-0.32588,0.544924019819485
-0.30413,0.550426093432518
-0.28228,0.554220728539583
-0.26038,0.556326010304177
-0.23852,0.556746081543905
-0.21674,0.555511209952562
-0.19512,0.552642802719355
-0.17372,0.548169776417745
-0.15261,0.542119317172297
-0.13185,0.534524227558116
-0.11149,0.525428662329572
-0.091593,0.514875410734151
-0.072221,0.502905991203704
-0.053421,0.48957106655554
-0.035247,0.474922290460998
-0.017741,0.459019724410929
-0.00095044,0.441924658400825
0.015083,0.423702034394249
0.030324,0.404422704865062
0.044736,0.384159437740898
0.058291,0.362990852513164
0.070961,0.340998067200254
0.082725,0.318267065895465
0.093565,0.294887479323296
0.10347,0.270954423787659
0.11242,0.246557962687406
0.12042,0.221799843937697
0.12746,0.196777060965505
0.13354,0.171587173761555
0.13868,0.146339935533459
0.14286,0.12112193258904
0.14612,0.0960426007336436
0.14846,0.071196725850156
0.14989,0.0466715471827813
0.15045,0.0225674295387488
0.15015,-0.00103021219706869
0.14901,-0.0240435968940475
0.14708,-0.0463817174139356
0.14436,-0.0679830505701355
0.1409,-0.0887752745830475
0.13674,-0.108687466772999
0.1319,-0.127667288864682
0.12642,-0.145664782445975
0.12035,-0.162626640415767
0.11373,-0.178506450064933
0.10659,-0.193272759142711
0.098979,-0.20689373445654
0.090942,-0.219341798626484
0.082522,-0.230595750590009
0.073767,-0.240637107888616
0.064719,-0.249455197086795
0.055427,-0.257041410763881
0.045935,-0.263393369662828
0.036289,-0.268512905527621
0.026535,-0.272405771879038
0.016717,-0.275082752417486
0.0068791,-0.276558834454979
-0.0029333,-0.276851508426537
-0.012678,-0.275982620976082
-0.022314,-0.273978237226606
-0.031796,-0.270864313092716
-0.041086,-0.266671748049133
-0.050142,-0.26143193177054
-0.058925,-0.255178280131041
-0.067401,-0.247948861009228
-0.075532,-0.239781697593684
-0.083279,-0.230713164651555
-0.090616,-0.220787055201262
-0.097504,-0.210042433137035
-0.10392,-0.198525380727057
-0.10982,-0.186270884652391
-0.11519,-0.173326211145276
-0.12,-0.159735379088682
-0.12423,-0.145545937079891
-0.12785,-0.130799512160403
-0.13084,-0.115539109259755
-0.13318,-0.0998075369295121
-0.13486,-0.0836535216546381
-0.13585,-0.0671142754540179
-0.13614,-0.0502313048303565
-0.13573,-0.0330556289567506
-0.1346,-0.0156295440110027
-0.13274,0.00200567881671834
-0.13014,0.0198109797410029
-0.1268,0.0377430246021651
-0.12272,0.0557564906546777
-0.11789,0.0738133642429355
-0.11231,0.0918754674906392
-0.10598,0.109905846486385
-0.09892,0.127855067545049
-0.091118,0.145688955658638
-0.082588,0.163367668823412
-0.073338,0.180852656427797
-0.063377,0.198107057096599
-0.052724,0.215089322724674
-0.041389,0.231762254392955
-0.029388,0.248089081989637
-0.016747,0.264027338404908
-0.0034751,0.279543965168708
0.010396,0.294598032912897
0.024849,0.309154385730096
0.039855,0.323175258429056
0.055389,0.336625054403265
0.071422,0.349468297248032
0.087922,0.361668716951381
0.10486,0.37319297080016
0.1222,0.384006170648874
0.13992,0.394083851281185
0.15796,0.403382885331966
0.1763,0.411876205892715
0.1949,0.419535999132573
0.21373,0.426342373550243
0.23273,0.43226055058469
0.25188,0.437274628471971
0.27112,0.441355132464386
0.29042,0.44448498097019
0.30974,0.446650501380836
0.32902,0.447826700708059
0.34823,0.448002651476512
0.36733,0.447171998176381
0.38626,0.445317786446423
0.40498,0.442430073914022
0.42345,0.43850513746691
0.44163,0.433544669876133
0.45945,0.427532788219031
0.47688,0.420469706538468
0.49387,0.412354069718081
0.51039,0.40319833763267
0.52637,0.392996434898654
0.54178,0.381757303079911
0.55657,0.369487159572406
0.57069,0.35619005031953
0.58412,0.341890523142449
0.59679,0.32659219173689
0.60868,0.310318820863787
0.61972,0.293072933263268
0.6299,0.274884338888962
0.63916,0.255767170064626
0.64747,0.235744813476482
0.65478,0.214832758524962
0.66106,0.193054545589056
0.66626,0.170424808576387
0.67036,0.146972804521252
0.67331,0.122716609765911
0.67508,0.0976795774943554
0.67564,0.0718886560029616
0.67495,0.0453655343092392
0.67297,0.0181270193084361
0.66969,-0.00979235979610707
0.66505,-0.0383817668148429
0.65906,-0.0675980829419443
0.65168,-0.0974103849150428
0.64287,-0.127798506414082
0.63264,-0.158714644777407
0.62095,-0.190127095279533
0.60781,-0.221981129814375
0.59318,-0.254242041986684
0.57708,-0.286847981489787
0.5595,-0.319739222114799
0.54044,-0.352852123560852
0.51991,-0.386114395248645
0.49792,-0.419448922322972
0.47449,-0.452769603830226
0.44964,-0.485985656741028
0.4234,-0.518997842806274
0.39581,-0.551695681191886
0.36689,-0.583977720956683
0.33671,-0.615715919959949
0.3053,-0.646794229893762
0.27272,-0.677087659309076
0.23902,-0.706475272703612
0.20428,-0.734821023978168
0.16856,-0.761995724897485
0.13192,-0.787879832787693
0.094457,-0.812338137628021
0.056231,-0.835254537237581
0.01733,-0.85651153989046
-0.022162,-0.875997491625376
-0.06216,-0.893608581802244
-0.10258,-0.90925176661941
-0.14332,-0.922832816641407
-0.1843,-0.93427631128879
-0.22542,-0.943510214062185
-0.26659,-0.950475546079491
-0.30773,-0.955133841246096
-0.34873,-0.957443031974755
-0.3895,-0.957375060224613
-0.42995,-0.954914884437958
-0.46998,-0.950051916830102
-0.50951,-0.942795155430146
-0.54846,-0.933170041651063
-0.58671,-0.921185867374423
-0.62421,-0.906891213746425
-0.66085,-0.89032140971592
-0.69656,-0.871530427569864
-0.73126,-0.850579052369379
-0.76487,-0.827532501578007
-0.79732,-0.802465712138456
-0.82853,-0.775452482371376
-0.85845,-0.746586260063573
-0.88699,-0.715944541566509
-0.91412,-0.683634475828234
-0.93975,-0.649740024677813
-0.96385,-0.614368654663504
-0.98636,-0.577621721901423
-1,-0.534251464028862
-1,-0.476685711072885
-1,-0.409287621071356
-1,-0.33584669949877
-1,-0.25960547578087
-1,-0.183290156939636
-1,-0.109144551735573
-1,-0.0389665296476681
-1,0.0258537232618101
-1,0.0842943698130363
-1,0.135662189301097
-1,0.179553076888426
-1,0.215813343239339
-1,0.244502314709606
-1,0.265856662202552
-1,0.280256812979309
-1,0.288195726350247
-1,0.290250243016051
-1,0.2870551502818
-1,0.279280042543234
-1,0.267608999168911
-1,0.252723050750345
-1,0.235285360013401
-0.99015,0.223216121142728
-0.96833,0.224369315339915
-0.945,0.237041562965245
-0.9202,0.259568478342159
-0.89398,0.290337938458806
-0.86639,0.327809336233018
-0.8375,0.370514767712212
-0.80735,0.417097200932566
-0.776,0.466303311050199
-0.74352,0.516984137665401
-0.70995,0.568124010470833
-0.67537,0.618809967473618
-0.63982,0.668264754795629
-0.60339,0.715804300176013
-0.56611,0.760883171817769
-0.52806,0.803046905977356
-0.48929,0.841950889069638
-0.44987,0.87733609809996
-0.40985,0.909037152097994
-0.3693,0.936956919264576
-0.32828,0.961066505268282
-0.28684,0.981403430512866
-0.24504,0.998053544938808
-0.20294,1.01114243121073
-0.16061,1.02081983393675
-0.11809,1.02727582295871
-0.075447,1.03071035977408
-0.03274,1.03133412170155
0.0099762,1.0293657871027
0.052642,1.02502270172605
0.095199,1.01851755143538
0.13759,1.01005553502533
0.17977,0.999840169225204
0.22166,0.988043612233117
0.26322,0.974837333038649
0.30439,0.960373024989854
0.34511,0.944782369163274
0.38533,0.928184613512154
0.42499,0.910678095686724
0.46403,0.892341252636784
0.50242,0.873256066030428
0.54008,0.853467651904034
0.57697,0.833019169166152
0.61304,0.811943001622842
0.64824,0.790261330029583
0.68253,0.767994260968224
0.71584,0.745136862351771
0.74815,0.721700490803314
0.7794,0.697679148608674
0.80954,0.673059834288855
0.83855,0.647845890208188
0.86638,0.622031071542769
0.89298,0.595601121550299
0.91834,0.568564863899201
0.9424,0.540912143925694
0.96514,0.512647018331248
0.98652,0.483769785354847
1,0.449468663168312
1,0.401882841633753
1,0.344990872236484
1,0.282248031093713
1,0.216611618679224
1,0.150569609418658
1,0.0861720480667266
1,0.0250645599931775
1,-0.0314766628815967
1,-0.082509024017375
1,-0.127387424640183
1,-0.165728455665862
1,-0.197375375414392
1,-0.222364310123016
1,-0.240892051162914
1,-0.253285758120223
1,-0.259974812406365
1,-0.261465003389976
1,-0.258315169473464
1,-0.251116361077103
1,-0.240473541896786
1,-0.226989799594381
1,-0.21125299758481
1,-0.193824765945645
1,-0.175231701682657
0.99686,-0.158281625757759
0.97524,-0.156576013267653
0.95209,-0.168187829407217
0.92745,-0.191225578034876
0.90136,-0.223858696262265
0.87388,-0.26432448621279
0.84503,-0.310978938664514
0.81488,-0.362270458894832
0.78348,-0.416770235226234
0.75087,-0.473188072852861
0.71713,-0.530346306546149
0.6823,-0.587216520258115
0.64646,-0.642887391077571
0.60966,-0.696588598645962
0.57196,-0.747677755695588
0.53345,-0.795612490370445
0.49417,-0.839985070159921
0.45421,-0.880473270113724
0.41363,-0.916858003090767
0.3725,-0.949005424074899
0.3309,-0.976850354345837
0.2889,-1.00039589246686
0.24658,-1.01969642591703
0.204,-1.03486462871271
0.16125,-1.04603839312957
0.1184,-1.05339024353273
0.075533,-1.05710933000644
0.032711,-1.05741133482104
-0.0099804,-1.05451247819313
-0.052469,-1.04863560911066
-0.094675,-1.03999910181273
-0.13653,-1.02882178283516
-0.17795,-1.01530664286842
-0.21886,-0.999646050855618
-0.2592,-0.982030430340779
-0.29888,-0.96262181017203
-0.33784,-0.941577423113681
-0.376,-0.919031698206788
-0.4133,-0.895111780169075
-0.44966,-0.869920518621465
-0.48501,-0.84354547198043
-0.5193,-0.816073875536732
-0.55246,-0.787575078775955
-0.58442,-0.758101601206453
-0.61513,-0.727705174733972
-0.64453,-0.69642749344541
-0.67255,-0.664293013490249
-0.69916,-0.631340576953703
-0.72429,-0.597589376823499
-0.7479,-0.563063824889299
-0.76995,-0.527791289483978
-0.79039,-0.491792829351469
-0.80919,-0.455098098747292
-0.8263,-0.41772757535103
-0.8417,-0.379715475585061
-0.85537,-0.34110570462571
-0.86727,-0.301933573053635
-0.87739,-0.262248269724005
-0.8857,-0.222093639917077
-0.89222,-0.18154461487952
-0.8969,-0.140647019243911
-0.89977,-0.0994807421495672
-0.90082,-0.0581210077371856
-0.90004,-0.0166368590358921
-0.89746,0.0248803475884685
-0.89308,0.0663463398231305
-0.88692,0.107670479214301
-0.87899,0.148767306458954
-0.86933,0.189536153783542
-0.85796,0.229882109835822
-0.8449,0.269718004925146
-0.8302,0.30894365818841
-0.81389,0.347466490222944
-0.79602,0.385188377137265
-0.77662,0.422024811975463
-0.75575,0.457883041162926
-0.73345,0.492681658121096
-0.70979,0.52632913487427
-0.68481,0.558751172248041
-0.65858,0.589867934867486
-0.63117,0.619598044187178
-0.60262,0.647884028274118
-0.57302,0.674653058536667
-0.54243,0.699844868299553
-0.51092,0.723404336711205
-0.47857,0.745275378049699
-0.44545,0.765410822076456
-0.41164,0.783765343165538
-0.37722,0.800297096614271
-0.34228,0.814961530983234
-0.30689,0.82772864001982
-0.27114,0.838566891511089
-0.23512,0.84744508585149
-0.19892,0.854333815850253
-0.16262,0.859213970082946
-0.12631,0.862068509134514
-0.090093,0.862873539288925
-0.05405,0.861617149135656
-0.018276,0.85828763111078
0.017137,0.852876533957466
0.052098,0.845379530535889
0.086516,0.835796244533592
0.1203,0.82412998131149
0.15336,0.810388126647922
0.1856,0.794577154371357
0.21694,0.776714866366627
0.2473,0.756828105012246
0.27658,0.734935854657485
0.30473,0.711087562269924
0.33164,0.685311845678414
0.35725,0.657657008266697
0.38148,0.628171364607818
0.40429,0.596931731201669
0.42559,0.563999048835244
0.44533,0.529449538684551
0.46346,0.493369777634459
0.47993,0.455852419160362
0.49471,0.417007328398698
0.50775,0.376940472075342
0.51903,0.335773923079031
0.52853,0.293639316009455
0.53622,0.250664867453261
0.54211,0.207001912674504
0.54618,0.162793856110656
0.54845,0.118203054957754
0.54891,0.0733801473394264
0.5476,0.0284987313957951
0.54453,-0.016276518453171
0.53973,-0.0607784088935386
0.53323,-0.104842943163876
0.52508,-0.148299120333643
0.51533,-0.190975747961242
0.50402,-0.232714394882707
0.49121,-0.273357379169322
0.47696,-0.312752916337025
0.46134,-0.350751764034437
0.4444,-0.387226683911169
0.42623,-0.422043220714911
0.40689,-0.45508813570617
0.38646,-0.486254811378601
0.36501,-0.515453522211411
0.34264,-0.542589689671644
0.31941,-0.567598244482968
0.29541,-0.590418775453978
0.27073,-0.610997549406384
0.24545,-0.629296324212795
0.21966,-0.645284222711703
0.19344,-0.658945743627774
0.16688,-0.670271979409437
0.14006,-0.679268105556087
0.11307,-0.685944199335697
0.086001,-0.690314302315939
0.058924,-0.69241102332328
0.031932,-0.692265697814517
0.005101,-0.689921202142271
-0.021484,-0.685422675303741
-0.047746,-0.678822480946649
-0.073607,-0.670177286362372
-0.098987,-0.659544781756985
-0.12382,-0.646992767901575
-0.14802,-0.632580999170935
-0.17152,-0.616375527330697
-0.19426,-0.598451154704164
-0.21617,-0.578880552876593
-0.23718,-0.557732877609912
-0.25723,-0.535080071546424
-0.27627,-0.511001815613071
-0.29424,-0.485574478142211
-0.31109,-0.458877033419527
-0.32677,-0.430988315691652
-0.34123,-0.401984761418319
-0.35444,-0.371953399114281
-0.36636,-0.340979819537682
-0.37696,-0.3091532717434
-0.38619,-0.276548441676172
-0.39405,-0.243262873861287
-0.4005,-0.209379945896425
-0.40552,-0.174983737186165
-0.40911,-0.140170956441095
-0.41125,-0.105030621994408
-0.41194,-0.0696574392221387
-0.41115,-0.0341254179746052
-0.40891,0.00146632148803333
-0.40521,0.0370312577534693
-0.40006,0.072481174317729
-0.39347,0.107729503915965
-0.38545,0.142694000021127
-0.37602,0.177291401106654
-0.36521,0.211433168493988
-0.35304,0.245036987959023
-0.33953,0.278028498013311
-0.32473,0.310320303144815
-0.30867,0.341832378119275
-0.29137,0.372500935114846
-0.27291,0.402233389959297
-0.2533,0.430968955796803
-0.2326,0.458637910139181
-0.21086,0.485173382916932
-0.18814,0.510505978986217
-0.16448,0.534581695446487
-0.13995,0.557338983725481
-0.11461,0.5787200338601
-0.088521,0.598671623170071
-0.061743,0.617147155619738
-0.034344,0.634101469558732
-0.0063926,0.649492075093377
0.022039,0.663277845459926
0.050885,0.675425306279785
0.080067,0.685899437377092
0.10952,0.694675510598591
0.13916,0.701724380511802
0.16891,0.707019949047273
0.1987,0.710545077717516
0.22846,0.712290927384839
0.25811,0.712248795383993
0.28756,0.710403500558599
0.31675,0.706757769415984
0.34559,0.701307026299222
0.37401,0.694056217263727
0.40193,0.68501090214672
0.42928,0.674184824074044
0.45598,0.661590975169328
0.48196,0.647249174957058
0.50713,0.631169776544081
0.53143,0.613377723133993
0.55478,0.593894548463365
0.57712,0.572753515828844
0.59836,0.54997450109592
0.61845,0.525595832914041
0.63732,0.499655071798581
0.6549,0.472188303831591
0.67113,0.443236966612309
0.68595,0.412845784137919
0.6993,0.381060987306395
0.71112,0.347928806989889
0.72136,0.313501622376652
0.72998,0.277842730162568
0.73692,0.241007690491851
0.74214,0.20305903975022
0.74561,0.164070538109644
0.74728,0.124108086891868
0.74713,0.083251495952682
0.74512,0.0415746514312161
0.74123,-0.000840765068366608
0.73544,-0.0439092496405256
0.72773,-0.0875448091382762
0.7181,-0.131648902750766
0.70652,-0.176138064076049
0.69301,-0.220906644435134
0.67756,-0.265856561247038
0.66019,-0.310876731866236
0.64089,-0.355871252691797
0.61971,-0.400715190074038
0.59664,-0.445308487183951
0.57174,-0.489522653954463
0.54503,-0.533239930314362
0.51656,-0.576332830507854
0.48637,-0.618677536093297
0.45452,-0.660142443176109
0.42108,-0.700586563799889
0.3861,-0.739880701962892
0.34966,-0.777887279662443
0.31184,-0.814466521474412
0.27273,-0.849474128972343
0.23241,-0.882774351659927
0.19097,-0.914235550137379
0.14852,-0.943719154818936
0.10515,-0.971100557083394
0.060986,-0.996244194123346
0.016125,-1.01903184975382
-0.029317,-1.03934953712292
-0.075223,-1.05709015422696
-0.12147,-1.07215175700865
-0.16795,-1.08445157362304
-0.21453,-1.09390722393367
-0.26109,-1.10044967104173
-0.30751,-1.10402368494502
-0.35366,-1.10458044761069
-0.39942,-1.10208619211113
-0.44466,-1.09651395031788
-0.48928,-1.08786627539537
-0.53313,-1.07613358042813
-0.57612,-1.06134217567798
-0.61811,-1.04351063906554
-0.65898,-1.02266655871868
-0.69864,-0.998867113774094
-0.73695,-0.972155664254186
-0.77382,-0.942601001677949
-0.80913,-0.910269072863712
-0.84279,-0.875244563567928
-0.87469,-0.837610743745674
-0.90473,-0.797455361906926
-0.93282,-0.754875188721101
-0.95888,-0.709979365988321
-0.98282,-0.662876914881309
-1,-0.610307849361721
-1,-0.542101508751114
-1,-0.463189152933691
-1,-0.377846602797189
-1,-0.289725362928784
-1,-0.201888246541583
-1,-0.116848681104448
-1,-0.0366128440969172
-1,0.0372762207019665
-1,0.103693330312906
-1,0.161885511561592
-1,0.211426689887731
-1,0.252173364099075
-1,0.284221833954485
-1,0.307867463897874
-1,0.323566381162182
-1,0.331899922167826
-0.99029,0.340725601903615
-0.96597,0.36001709703708
-0.93917,0.388609735894812
-0.90995,0.425314924827319
-0.87836,0.468950828516663
-0.84449,0.518331772516781
-0.80839,0.572320695087608
-0.77016,0.629805217260189
-0.72988,0.689730989446553
-0.68765,0.751098850930756
-0.64358,0.812969758297369
-0.59775,0.87449790967227
-0.55029,0.934896867812287
-0.50131,0.993463365167193
-0.45093,1.04957289474754
-0.39926,1.10268955398966
-0.34645,1.15233523181905
-0.29261,1.19812286264417
-0.23788,1.23972942407179
-0.18239,1.27690234165597
-0.12628,1.30944818503496
-0.069697,1.33722432335491
-0.01277,1.36014938784037
0.044358,1.37818641652737
0.10155,1.39134282908276
0.15865,1.39965063497727
0.21554,1.40319183914378
0.27206,1.40205827136193
0.32809,1.39637939705987
0.38347,1.3862843625063
0.43809,1.37193774696614
0.49181,1.35350805981777
0.54449,1.33116420283077
0.59601,1.30508715540549
0.64624,1.27545666425983
0.69507,1.24246252014302
0.74238,1.2062909912451
0.78806,1.16712857451689
0.832,1.12515742625196
0.87408,1.08054421580457
0.91423,1.03347575535185
0.95234,0.984120492476749
0.98832,0.932642192573204
1,0.862861185620597
1,0.771564240642787
1,0.665376261057447
1,0.550060174456854
1,0.430554695474135
1,0.311018556527084
1,0.194880096394446
1,0.0848910531299573
1,-0.0168165948564026
1,-0.108671864741713
1,-0.189605149413733
1,-0.258988729883543
1,-0.316578313513402
1,-0.362456386364708
1,-0.396978056429499
1,-0.420719950397599
1,-0.434432613129536
1,-0.438996748825067
1,-0.435383538173026
1,-0.424619168251348
1,-0.407753622900678
1,-0.385833701618277
1,-0.359880165262041
1,-0.330868847263377
1,-0.299715519604882
1,-0.267264263282746
1,-0.234279062918114
0.9662,-0.226443857469753
0.92982,-0.240784907426326
0.89153,-0.273896870028759
0.85144,-0.32250100930594
0.80965,-0.383489585977918
0.76627,-0.45394703491384
0.7214,-0.531181053177159
0.67516,-0.612723465101257
0.62766,-0.696350658429969
0.57901,-0.780089269257116
0.52935,-0.862194640719693
0.47879,-0.941174070280583
0.42746,-1.01576384396641
0.37548,-1.08492845745084
0.32297,-1.14784783888852
0.27007,-1.20388755067071
0.2169,-1.25260015425652
0.16359,-1.2936996581247
0.11026,-1.32705171745734
0.057047,-1.35264184134113
0.0040679,-1.37057395579506
-0.048552,-1.38104483089391
-0.10069,-1.38432883460451
-0.15222,-1.38075874664127
-0.20304,-1.37072861680255
-0.25302,-1.35465540846331
-0.30206,-1.33298981985253
-0.35004,-1.30618657250377
-0.39686,-1.27470937275651
-0.44242,-1.23901932711768
-0.48661,-1.19955774389955
-0.52935,-1.1567618610525
-0.57054,-1.11104018110047
-0.61011,-1.06278989026156
-0.64796,-1.01236642423301
-0.68403,-0.960111443952333
-0.71824,-0.906331059464522
-0.75054,-0.851315924999646
-0.78085,-0.795313237533209
-0.80913,-0.738556881690446
-0.83533,-0.681254945484236
-0.85939,-0.623580218363572
-0.88129,-0.565700339953636
-0.90098,-0.507750410429636
-0.91844,-0.44985610760066
-0.93365,-0.392130366063972
-0.94658,-0.334663649353088
-0.95724,-0.27755369514608
-0.96561,-0.220877570342914
-0.97169,-0.164706709218935
-0.97547,-0.109097033038769
-0.97699,-0.0541258247609929
-0.97625,0.000145596739493497
-0.97326,0.0536645065650235
-0.96806,0.106365771893467
-0.96068,0.15818476446503
-0.95116,0.209052900107212
-0.93953,0.258908891326427
-0.92584,0.307685398538878
-0.91014,0.355313178889317
-0.89249,0.401717040050812
-0.87295,0.446820092879441
-0.85157,0.490554592188234
-0.82844,0.532833435980208
-0.80361,0.573586839349365
-0.77717,0.612732258123933
-0.7492,0.65018744488228
-0.71977,0.68588094677451
-0.68897,0.719738096097011
-0.6569,0.751677186509524
-0.62363,0.781636142391184
-0.58927,0.809541728893341
-0.55391,0.835329391185105
-0.51765,0.858936815149759
-0.48059,0.880306066912664
-0.44283,0.899385190308976
-0.40447,0.916129326628675
-0.36562,0.930494020582965
-0.32639,0.942437186938915
-0.28688,0.951928005861455
-0.24721,0.958931590745542
-0.20748,0.963426294218662
-0.1678,0.965395099426192
-0.12829,0.964818534528584
-0.089058,0.961685259227355
-0.050209,0.955993698147336
-0.011855,0.947745680299143
0.025896,0.936949324554449
0.062936,0.923618204327421
0.099165,0.907776411427557
0.13448,0.88945419040797
0.16878,0.868687915698437
0.20197,0.845522825087551
0.23396,0.820014206425599
0.26467,0.792231745077382
0.29402,0.762255209929836
0.32193,0.73017065823515
0.34833,0.696074544134248
0.37316,0.660076694698344
0.39636,0.622294900310484
0.41788,0.582857672616496
0.43768,0.541906114246571
0.45571,0.499580228665771
0.47196,0.456044812061807
0.48638,0.411450428400166
0.49898,0.365976198847954
0.50973,0.319789501839262
0.51865,0.273080278505536
0.52572,0.226021441950098
0.53096,0.178796487443493
0.53439,0.131591798526604
0.53604,0.0845976954202601
0.53594,0.0380017054076446
0.53412,-0.00801686761499088
0.53063,-0.05327639183693
0.52552,-0.0975993205226669
0.51884,-0.140817313098268
0.51065,-0.182767786369516
0.50102,-0.223291033782028
0.49002,-0.262235261715866
0.47772,-0.299460476907638
0.4642,-0.334833947740972
0.44954,-0.368233773749221
0.43381,-0.3995588914447
0.41711,-0.428707021566959
0.39953,-0.45558649851172
0.38115,-0.480125510234441
0.36206,-0.502264225978364
0.34236,-0.521948114140116
0.32213,-0.539144566680894
0.30147,-0.55382610359705
0.28046,-0.565986238817201
0.25921,-0.575614682957533
0.2378,-0.582721764005503
0.21632,-0.587327922342142
0.19485,-0.589469709339557
0.17349,-0.589181938168895
0.15231,-0.586520237747669
0.1314,-0.581541626771817
0.11084,-0.57431092298715
0.090694,-0.564910053600012
0.071053,-0.553413226743859
0.051975,-0.53991140222177
0.033535,-0.524494507880058
0.015789,-0.507263673198451
-0.0011998,-0.488321332410316
-0.017373,-0.46777200230078
-0.032686,-0.445729423893414
-0.047085,-0.422304987470806
-0.060532,-0.397616873284306
-0.072985,-0.371782519007671
-0.084413,-0.344923587197129
-0.094784,-0.317160910735842
-0.10408,-0.288621466053854
-0.11227,-0.259423798014859
-0.11934,-0.229688612271954
-0.1253,-0.199552376216518
-0.13012,-0.169130490128872
-0.13382,-0.138554656443184
-0.13639,-0.107943354637448
-0.13784,-0.0774153225178237
-0.13819,-0.0470929721259428
-0.13746,-0.0170976201667401
-0.13567,0.0124543609992703
-0.13284,0.041454554631496
-0.12902,0.0697825624530758
-0.12424,0.0973272440785134
-0.11853,0.123988826219813
-0.11194,0.149665545297607
-0.10452,0.174257738006095
-0.096325,0.197667390117121
-0.087402,0.219807353039444
-0.077808,0.240595187479493
-0.067605,0.259951781515769
-0.056855,0.277803843046608
-0.045619,0.294086490681757
-0.033965,0.308739198794898
-0.021956,0.321711278383159
-0.0096678,0.332952856219182
0.0028412,0.342429897383688
0.015497,0.350111472926324
0.028228,0.355972702127158
0.040975,0.360004328201348
0.053658,0.362195442674713
0.066222,0.362553437468721
0.078589,0.361084066144985
0.090703,0.35780865185051
0.1025,0.352755314328014
0.11391,0.345953150330218
0.12488,0.337444467510044
0.13535,0.327276494551889
0.14527,0.315507088618117
0.15458,0.302194204772659
0.16323,0.287402131099885
0.17119,0.271213682024948
0.1784,0.253702506321187
0.18483,0.234955311344298
0.19043,0.21505238348981
0.19519,0.194096367286612
0.19906,0.172175650333538
0.20202,0.149386926198738
0.20406,0.125838304373793
0.20515,0.101629278833534
0.20529,0.0768717234049394
0.20447,0.0516768492029917
0.20267,0.026144651691627
0.19991,0.000392613079740801
0.19619,-0.0254660402668439
0.19152,-0.0513176084616946
0.18591,-0.0770515695758389
0.17938,-0.102556092528959
0.17195,-0.127721894147386
0.16365,-0.152437924631522
0.15451,-0.176595367637262
0.14456,-0.200090840544085
0.13385,-0.222814072758103
0.12242,-0.244660365033269
0.1103,-0.265540514491049
0.097559,-0.285352201584089
0.08423,-0.304012753831006
0.070376,-0.321436243593204
0.056047,-0.337546931333689
0.041301,-0.352274308430695
0.026199,-0.365552667617524
0.010797,-0.377326545072269
-0.0048393,-0.387543962427889
-0.020654,-0.396165300513294
-0.036575,-0.403150884269946
-0.05255,-0.408477582305711
-0.068511,-0.412125477303307
-0.084393,-0.414080841313969
-0.10014,-0.414342774143243
-0.11569,-0.412917093027047
-0.13098,-0.409814891193126
-0.14595,-0.405054149070027
-0.16054,-0.398658585620397
-0.1747,-0.390663930381858
-0.18838,-0.38111522293388
-0.20152,-0.37005694543945
-0.21406,-0.357532414428117
-0.22598,-0.343612843697428
-0.2372,-0.328346032384856
-0.24771,-0.311811701136753
-0.25745,-0.294076450635054
-0.26639,-0.275216910562221
-0.27449,-0.255308483643287
-0.28172,-0.234431039376465
-0.28805,-0.212665931476945
-0.29346,-0.190100896929
-0.29792,-0.16681899256774
-0.30141,-0.142904534947859
-0.30391,-0.118440403823444
-0.30542,-0.0935206527990284
-0.30592,-0.0682307586615969
-0.3054,-0.0426540666398157
-0.30386,-0.0168769927342999
-0.3013,0.00901429359090756
-0.29771,0.0349439677405297
-0.29311,0.060824872087945
-0.28751,0.0865709449860912
-0.28091,0.112107232342846
-0.27333,0.137355513510866
-0.26479,0.162237614789659
-0.25531,0.186678092354274
-0.24491,0.210606341468991
-0.23363,0.233943393009754
-0.22149,0.256621080727995
-0.20852,0.278575034403399
-0.19477,0.299731549645771
-0.18027,0.320026830210626
-0.16507,0.339392659180847
-0.1492,0.357774556575856
-0.13271,0.375116479185229
-0.11566,0.391355924095642
-0.098099,0.406435668434978
-0.080068,0.420310873996859
-0.061633,0.43293008883279
-0.042845,0.444249681904128
-0.023763,0.45422825202907
-0.0044493,0.462825531566545
0.01504,0.470008486320271
0.03464,0.475744938182922
0.054292,0.480009482732849
0.073929,0.482777341475544
0.093493,0.484032167619052
0.11291,0.483753607503722
0.13213,0.481936941304538
0.15109,0.47858112346272
0.16971,0.473676065490952
0.18795,0.467234743200983
0.20573,0.459259283033526
0.22299,0.449758254922315
0.23969,0.438760408648136
0.25575,0.426280822678765
0.27113,0.412353105475099
0.28576,0.397003056033842
0.2996,0.380271978650162
0.3126,0.362205450929117
0.32471,0.34285152181881
0.33588,0.322259148628239
0.34607,0.300484263787014
0.35525,0.277594444074261
0.36338,0.253657542562714
0.37044,0.228754663562531
0.37639,0.202960644822408
0.38122,0.176365419186416
0.3849,0.149053809845718
0.38743,0.121126310993573
0.3888,0.0926857984041911
0.389,0.0638341043071184
0.38804,0.0346840189460407
0.38591,0.00533904232628818
0.38263,-0.0240857690357866
0.37822,-0.053469536783809
0.37268,-0.0827051716974787
0.36603,-0.111685298650877
0.35832,-0.140283571594681
0.34955,-0.168399307130465
0.33977,-0.195918879872074
0.32901,-0.222736758695299
0.31731,-0.248750092511883
0.3047,-0.273869106898116
0.29124,-0.297995589175541
0.27696,-0.321050161938468
0.26193,-0.342942019186356
0.24618,-0.363604011504477
0.22977,-0.38296854875467
0.21275,-0.400977781956265
0.19518,-0.417576756911026
0.17712,-0.432715206668707
0.15861,-0.446363654443494
0.13973,-0.458481464555123
0.12051,-0.469057922627058
0.10103,-0.478070583652081
0.081334,-0.485515581010776
0.061481,-0.491393814242316
0.041526,-0.49571371226878
0.021524,-0.498490261801916
0.0015305,-0.499743637956895
-0.018404,-0.499501984562021
-0.038225,-0.497796741388176
-0.057885,-0.494666875459811
-0.077335,-0.490155755873911
-0.096524,-0.484308095956286
-0.11541,-0.477175531838429
-0.13395,-0.468813488635052
-0.1521,-0.459278502353382
-0.16983,-0.448637071585743
-0.18708,-0.436939935108738
-0.20384,-0.424260859469075
-0.22007,-0.410668089374908
-0.23574,-0.39623102026917
-0.25083,-0.381025491032222
-0.2653,-0.365115646317836
-0.27914,-0.3485765507977
-0.29233,-0.331482506503498
-0.30485,-0.313905016362202
-0.31669,-0.295918568762948
-0.32784,-0.277597790133797
-0.33828,-0.259007714839177
-0.34802,-0.240225740267167
-0.35705,-0.221321996295598
-0.36535,-0.202351078830395
-0.37295,-0.183390133631798
-0.37982,-0.164487594997312
-0.38599,-0.1457113486904
-0.39145,-0.127113068200854
-0.39622,-0.108751656625916
-0.40029,-0.0906675608343868
-0.40369,-0.0729143121509237
-0.40642,-0.0555318340333374
-0.40851,-0.0385696619423041
-0.40995,-0.0220536340700556
-0.41078,-0.0060262235317644
-0.41101,0.00948054585734093
-0.41065,0.0244444577701139
-0.40974,0.038830140435112
-0.40829,0.0526152576727267
-0.40631,0.0657890819853671
-0.40384,0.0783288503335001
-0.4009,0.0902179745427091
-0.39751,0.101445743931879
-0.39368,0.112014320854237
-0.38946,0.12190704780374
-0.38485,0.131129927139638
-0.37988,0.139685277237942
-0.37458,0.147572766079556
-0.36896,0.154805074356022
-0.36304,0.161397975718276
-0.35685,0.167362238848436
-0.35041,0.172711987824821
-0.34374,0.177463927333864
-0.33685,0.181644025300148
-0.32977,0.185270446957525
-0.3225,0.188376954593671
-0.31508,0.190979561833434
-0.30751,0.193109255052467
-0.29981,0.19479357412875
-0.29199,0.196064025191032
-0.28406,0.196954529731316
-0.27605,0.197485293019415
-0.26795,0.197694504675221
-0.25977,0.197619030577723
-0.25153,0.197286265081857
-0.24322,0.196737364640893
-0.23486,0.196001221600529
-0.22645,0.195110765130516
-0.21799,0.194101180931178
-0.20948,0.193008406817346
-0.20092,0.191867885832331
-0.19231,0.190713557383754
-0.18365,0.189577066079069
-0.17494,0.188487167467531
-0.16616,0.187484105926725
-0.15731,0.186601317296836
-0.14839,0.185865638433252
-0.13938,0.185312422542303
-0.13029,0.184960513381783
-0.12108,0.184851665694346
-0.11177,0.18500036435411
-0.10233,0.185435436060301
-0.092744,0.186185875775279
-0.08301,0.187269425861941
-0.07311,0.188705841800648
-0.06303,0.190512737799448
-0.052756,0.19270525752982
-0.042274,0.195295875493547
-0.03157,0.19829431019201
-0.02063,0.201707531291981
-0.0094389,0.205540657915936
0.0020144,0.209793967724995
0.013742,0.21446431904148
0.025758,0.219547136622778
0.038071,0.225032516924589
0.050692,0.230908084806733
0.063629,0.237157382201832
0.076889,0.243760172826094
0.090479,0.250693544750092
0.1044,0.257928451840302
0.11866,0.265436722504455
0.13325,0.273178959213513
0.14818,0.281121727064587
0.16344,0.289222436287045
0.17903,0.297439612553102
0.19494,0.305726379828035
0.21116,0.314032772482051
0.22767,0.322300308219152
0.24446,0.330472654375972
0.26152,0.33849680772307
0.27882,0.346309203460729
0.29634,0.353847007873426
0.31406,0.361049833816718
0.33195,0.367853699091886
0.34998,0.374193675334103
0.36811,0.379998676351906
0.38631,0.385202235190809
0.40455,0.389743705965511
0.42278,0.393554321134088
0.44096,0.396568372630107
0.45905,0.398724768873892
0.47701,0.399968197497036
0.49478,0.400235140513953
0.51232,0.399472410929699
0.52958,0.397629651481532
0.5465,0.394653230053294
0.56303,0.390496200293113
0.57913,0.385126165697098
0.59472,0.378494268630459
0.60976,0.370569783889729
0.62419,0.36132315102429
0.63796,0.350734460507545
0.65099,0.338770446118492
0.66324,0.325418042194136
0.67465,0.310666520954982
0.68515,0.294500421727989
0.69469,0.276916137290271
0.7032,0.257905370523033
0.71064,0.237478884771895
0.71694,0.215640756611945
0.72206,0.192412151342339
0.72594,0.167813034789231
0.72852,0.141862226162466
0.72977,0.114599621827468
0.72963,0.0860591579355113
0.72808,0.0562989144025002
0.72507,0.0253729436445686
0.72058,-0.00664699318019383
0.71459,-0.039676599206226
0.70707,-0.073630976002393
0.69802,-0.108404730740499
0.68742,-0.14389351159852
0.67528,-0.179974418176479
0.66158,-0.216535139281687
0.64637,-0.253423269285548
0.62964,-0.290502708334975
0.61141,-0.327632208715111
0.59173,-0.364648304526988
0.57062,-0.40139657041745
0.54812,-0.437719680560687
0.52427,-0.473462739002732
0.49914,-0.508455396126645
0.47277,-0.542542277814282
0.44522,-0.575570216191845
0.41656,-0.6073853703766
0.38686,-0.637838374554876
0.35618,-0.666795822909278
0.3246,-0.694126980244045
0.29221,-0.719700437342537
0.25907,-0.743411045362592
0.22526,-0.765163999929377
0.19089,-0.784854369097721
0.15602,-0.802410019915327
0.12074,-0.817766204243739
0.08515,-0.830859674842247
0.049324,-0.841650503405578
0.013356,-0.850105017263385
-0.022665,-0.856200344787889
-0.058653,-0.859926275728002
-0.094519,-0.861281949409692
-0.13018,-0.860279547853129
-0.16553,-0.856925424498389
-0.20051,-0.851256751964979
-0.23503,-0.843312513792537
-0.26899,-0.833125541928682
-0.30233,-0.820753153737824
-0.33495,-0.806241970439604
-0.3668,-0.789666332153962
-0.39778,-0.771084505274303
-0.42783,-0.750570289560236
-0.45688,-0.728201029557289
-0.48487,-0.704062586114377
-0.51172,-0.678230858017534
-0.53738,-0.650794048428564
-0.5618,-0.621848035863412
-0.58491,-0.591477590024046
-0.60668,-0.559785824961731
-0.62704,-0.526858228992559
-0.64596,-0.492793235054732
-0.66341,-0.45769688204531
-0.67934,-0.42166347594416
-0.69374,-0.384804625382539
-0.70656,-0.347212974014938
-0.71779,-0.308992577171416
-0.72742,-0.270253458047791
-0.73543,-0.231099636049114
-0.74181,-0.191634379233752
-0.74656,-0.151964413222951
-0.74968,-0.112195793681323
-0.75118,-0.0724379607330309
-0.75107,-0.0327994913890939
-0.74936,0.00661533366653604
-0.74608,0.0456944252363848
-0.74125,0.0843305445328078
-0.7349,0.122416613578542
-0.72707,0.159841957794955
-0.71778,0.196511582356296
-0.70709,0.232316951141512
-0.69504,0.267157177375925
-0.68168,0.300933727976192
-0.66708,0.333538714404194
-0.65127,0.364890085028948
-0.63433,0.394892774183153
-0.61632,0.423459507002542
-0.59731,0.450505173975214
-0.57736,0.475957040331953
-0.55655,0.499740468449804
-0.53495,0.521789643211428
-0.51263,0.542048583673778
-0.48967,0.560464300847682
-0.46614,0.576995982582353
-0.44213,0.591599872036504
-0.41771,0.604246714881337
-0.39295,0.614920629594019
-0.36795,0.623595636138009
-0.34278,0.630261333179551
-0.3175,0.634928362836097
-0.29221,0.637595260952053
-0.26698,0.638273772827073
-0.24188,0.636986674671312
-0.21699,0.633758294590676
-0.19238,0.628621571669495
-0.16811,0.621623469748934
-0.14425,0.612814135994333
-0.12089,0.602230620814768
-0.098054,0.589947635049327
-0.07583,0.576021285180606
-0.054264,0.560522546910215
-0.033411,0.543526069396665
-0.01332,0.525112096260758
0.0059585,0.505362259006219
0.024384,0.484364593733544
0.041915,0.462209222266748
0.058514,0.438988455488099
0.074153,0.414800828166879
0.088797,0.389741929254278
0.10242,0.363908862527336
0.11501,0.337407445338474
0.12655,0.310343685862527
0.13701,0.282810939359806
0.14639,0.254911628981458
0.15469,0.226752286387713
0.1619,0.198432017412769
0.16802,0.170048144918334
0.17306,0.141700761963856
0.17704,0.113496301770691
0.17995,0.085520637021272
0.18183,0.0578770640809092
0.18268,0.0306498755916701
0.18254,0.00393464177906824
0.18143,-0.0221820730180211
0.17939,-0.0476092523827267
0.17643,-0.0722776962873753
0.17261,-0.0961014751333651
0.16796,-0.119006468103441
0.16253,-0.14091607589485
0.15635,-0.161769362758865
0.14948,-0.181498295389993
0.14197,-0.200039160729177
0.13387,-0.217334249329279
0.12524,-0.233325655746793
0.11613,-0.247965070031255
0.10661,-0.261199221271846
0.096719,-0.272995982074008
0.086535,-0.283313076152259
0.076117,-0.292115997274468
0.065522,-0.299379651264415
0.054819,-0.305079064741736
0.044066,-0.30919887990879
0.033326,-0.311728898243155
0.022661,-0.312664766368668
0.01213,-0.312009825106926
0.0017923,-0.309773927182989
-0.0082933,-0.305972871599047
-0.018073,-0.300631082947706
-0.027489,-0.293776849878102
-0.036494,-0.285449067735595
-0.045035,-0.275690371004473
-0.053065,-0.26455010625294
-0.060541,-0.252085023365144
-0.067418,-0.238355151612562
-0.07366,-0.223428472074464
-0.079227,-0.207374807137267
-0.08409,-0.190271885983914
-0.088215,-0.172198137878954
-0.09158,-0.153239382385304
-0.094159,-0.133482139573176
-0.095932,-0.113015559599932
-0.096884,-0.0919321128918616
-0.097,-0.0703243083161961
-0.096275,-0.0482893902356247
-0.094698,-0.0259211165907605
-0.092267,-0.00331426547093585
-0.088984,0.0194355060287645
-0.084852,0.0422340601993345
-0.079877,0.0649892355229952
-0.07407,0.0876097244653546
-0.067441,0.110008620692287
-0.060005,0.132101760005746
-0.051783,0.153805601554494
-0.042791,0.17504366339517
-0.033054,0.195741194243048
-0.022596,0.215828248162227
-0.011444,0.235239092179957
0.00037385,0.253912998043541
0.012826,0.271793092194259
0.025878,0.288825699751803
0.039499,0.304964537874362
0.05365,0.320165209262912
0.068293,0.334387473376849
0.083389,0.347595476782441
0.098896,0.359756331936819
0.11477,0.370839617148157
0.13098,0.380827986680226
0.14746,0.389689863191333
0.16419,0.397417679592594
0.1811,0.403987053698999
0.19816,0.40939085997234
0.21532,0.413621839798206
0.23253,0.416673360553753
0.24975,0.418547375936811
0.26692,0.419238402804735
0.284,0.418750352070944
0.30094,0.417087633359408
0.31769,0.414255343026149
0.33422,0.410274162455463
0.35045,0.405140161749966
0.36637,0.398881757950176
0.38191,0.39150860969434
0.39703,0.383037452286824
0.41169,0.373490511943392
0.42583,0.362879270140854
0.43943,0.35123600415416
0.45243,0.338579479087562
0.4648,0.324939394459915
0.47649,0.310338793277168
0.48747,0.294809617757867
0.49769,0.27837540593619
0.50711,0.261059724893617
0.51572,0.242907737682623
0.52346,0.223943846734652
0.53031,0.204204631430045
0.53624,0.183728072839648
0.54123,0.162559613650725
0.54524,0.140734639017426
0.54826,0.118301571845359
0.55027,0.0953105456865566
0.55124,0.0718042127146271
0.55118,0.0478474837807084
0.55007,0.0234991342220934
0.54789,-0.00118875819307922
0.54466,-0.026141542399534
0.54037,-0.0512907759885786
0.53503,-0.0765603040490491
0.52863,-0.101884859849379
0.5212,-0.127180429907137
0.51274,-0.152372653067381
0.50327,-0.177382506773558
0.49283,-0.202114921348544
0.48142,-0.226494417678025
0.46907,-0.250441589750071
0.45582,-0.273869079371812
0.4417,-0.296693346750781
0.42674,-0.318836688627958
0.41099,-0.340213950425162
0.39447,-0.360759012768244
0.37724,-0.38039389719762
0.35933,-0.399055963360038
0.34079,-0.416682463780223
0.32168,-0.433205505304197
0.30202,-0.448585104950906
0.28188,-0.462768556584153
0.26131,-0.475709780462021
0.24035,-0.48737733785746
0.21905,-0.497745720880526
0.19747,-0.506788167815186
0.17566,-0.514485672877552
0.15367,-0.520826628814321
0.13154,-0.525813725841888
0.10934,-0.529439532533399
0.087106,-0.531714375484389
0.064893,-0.532649116868163
0.042748,-0.532261198280588
0.020718,-0.5305733844216
-0.001153,-0.527614793495775
-0.022818,-0.523417084494671
-0.044236,-0.518017931243034
-0.065365,-0.511458445026744
-0.086169,-0.503786141729479
-0.10661,-0.495051205778528
-0.12665,-0.485304842187617
-0.14626,-0.474604530005445
-0.16541,-0.463010653131166
-0.18407,-0.450584404456508
-0.20221,-0.437386027251825
-0.21981,-0.423480771633608
-0.23685,-0.408936128365638
-0.25331,-0.393819501805818
-0.26918,-0.378203691932935
-0.28443,-0.362148943562946
-0.29907,-0.345733139400357
-0.31307,-0.329016475584291
-0.32644,-0.312072584466651
-0.33916,-0.294961463512401
-0.35124,-0.277752359174913
-0.36268,-0.260512360783151
-0.37348,-0.243304639692517
-0.38365,-0.226194501971268
-0.39319,-0.209239398155344
-0.40212,-0.192503244637822
-0.41045,-0.176045597321097
-0.41819,-0.159920422432038
-0.42535,-0.144175232443573
-0.43195,-0.128857940856675
-0.43802,-0.114022375643225
-0.44357,-0.0997103846470121
-0.44862,-0.0859599054940829
-0.4532,-0.0728115667196188
-0.45733,-0.0602991537405323
-0.46103,-0.0484495024514136
-0.46432,-0.0372825950206198
-0.46723,-0.0268192198066735
-0.46979,-0.017079746545837
-0.47202,-0.00807577386315016
-0.47395,0.00018156840628889
-0.4756,0.00768969104181792
-0.47699,0.0144534155760073
-0.47815,0.0204764556248503
-0.4791,0.0257693433249377
-0.47987,0.0303408188020607
-0.48048,0.0342056988434212
-0.48095,0.0373836362030386
-0.4813,0.0398979680035992
-0.48154,0.0417820598313178
-0.48171,0.0430545417567166
-0.4818,0.0437588615703061
-0.48185,0.0439205286249143
-0.48186,0.0435796495569811
-0.48183,0.0427871553492355
-0.48179,0.0415792672707569
-0.48174,0.0400016306571006
-0.48168,0.0381062974226878
-0.48162,0.0359417065429766
-0.48157,0.0335520605416619
-0.48151,0.0309990859400254
-0.48145,0.0283347177109926
-0.48139,0.0256088892920917
-0.48131,0.022883222440433
-0.48121,0.0202121514217579
-0.48108,0.0176500556501343
-0.4809,0.0152569793415772
-0.48067,0.0130808829659452
-0.48035,0.0111880036337215
-0.47995,0.00962026614910549
-0.47943,0.00843552448665552
-0.47877,0.00768779156145557
-0.47796,0.00741878988007303
-0.47697,0.0076736237370415
-0.47577,0.00849852004287269
-0.47433,0.00993897702659477
-0.47264,0.0120234891918344
-0.47067,0.0147804394105947
-0.46838,0.0182443181474519
-0.46575,0.022438401055433
-0.46275,0.027383268899227
-0.45935,0.0330963500790498
-0.45553,0.0395842463322804
-0.45125,0.0468590261638196
-0.44648,0.0549290462262778
-0.44121,0.0637842711125914
-0.43538,0.0734367037690555
-0.42899,0.083871070023681
-0.422,0.095079758809346
-0.41438,0.107053822077743
-0.40611,0.119775788035838
-0.39716,0.133228903356343
-0.38752,0.147382397864996
-0.37715,0.162216977693374
-0.36603,0.177708128584292
-0.35415,0.193820222123458
-0.34149,0.210516864518455
-0.32804,0.227754491341465
-0.31378,0.245492215359797
-0.29869,0.263692334844518
-0.28279,0.282291108938293
-0.26606,0.301235066275811
-0.24849,0.320473057337946
-0.2301,0.339935040704303
-0.21088,0.359559877915573
-0.19084,0.379280559703025
-0.17,0.39901988560286
-0.14837,0.418702066616902
-0.12597,0.438247284762878
-0.10281,0.457582247049763
-0.078939,0.47661231874426
-0.054368,0.495256596234762
-0.029136,0.513427042646314
-0.0032778,0.531035714326305
0.023166,0.547993218262489
0.050153,0.564210499595606
0.077636,0.579598087769749
0.10557,0.594070709629772
0.1339,0.60754190687815
0.16258,0.619933810042114
0.19155,0.631167809289502
0.22074,0.641160032050795
0.25011,0.649847433428378
0.2796,0.657171330195866
0.30913,0.663064031903944
0.33865,0.66747527520577
0.36808,0.67034870319062
0.39738,0.671654843129553
0.42647,0.671357821116971
0.45527,0.669418271861967
0.48374,0.665825333918502
0.51179,0.660555124815357
0.53936,0.653596755947582
0.56638,0.644943346666255
0.59279,0.634599448192985
0.61851,0.622564511594827
0.64349,0.608856640297361
0.66766,0.593494237270373
0.69094,0.576488562355009
0.7133,0.557882249003581
0.73464,0.537690746747114
0.75494,0.515966726368431
0.77412,0.492747436426313
0.79214,0.468086594795233
0.80894,0.442035235201797
0.82448,0.414655879363737
0.83871,0.386011424001101
0.85158,0.356163519878425
0.86307,0.32519343396752
0.87312,0.293166537916355
0.88172,0.260170611446217
0.88883,0.226286915546362
0.89442,0.191596583855316
0.89848,0.156193117398529
0.90098,0.120162506344732
0.9019,0.0835895406524003
0.90124,0.0465702729038612
0.89899,0.00919954681743943
0.89514,-0.0284316676386061
0.88968,-0.0662383711434774
0.88264,-0.104113524714801
0.87399,-0.141980035358559
0.86377,-0.17973576914842
0.85197,-0.217298668702539
0.83863,-0.254568658579388
0.82376,-0.291456604683847
0.80737,-0.327885208942769
0.78952,-0.363752473611572
0.77021,-0.398984261994776
0.74949,-0.433494603315788
0.7274,-0.467198402672877
0.70398,-0.500014269487891
0.67927,-0.531866716677305
0.65332,-0.562680397661246
0.62619,-0.592375462712702
0.59793,-0.620878724729046
0.5686,-0.648117698465482
0.53825,-0.674030577685712
0.50695,-0.69855181512795
0.47477,-0.721615384416882
0.44177,-0.743164808518255
0.40803,-0.763138803876242
0.37361,-0.78148941286571
0.3386,-0.79815928379738
0.30305,-0.813115366682629
0.26706,-0.826308867489523
0.2307,-0.837702531514154
0.19404,-0.847270125507647
0.15717,-0.854980932930498
0.12016,-0.860816934711332
0.083102,-0.864755238845803
0.046066,-0.866786563136821
0.0091318,-0.866906234666878
-0.02762,-0.86511344831281
-0.064111,-0.86141275377632
-0.10027,-0.855818780364866
-0.13601,-0.848342738505615
-0.17126,-0.839005107409115
-0.20595,-0.827834487656528
-0.24001,-0.814865692175528
-0.27336,-0.800130607659402
-0.30594,-0.783673045064931
-0.33768,-0.765538167989386
-0.36852,-0.745778686965704
-0.3984,-0.724452214129317
-0.42724,-0.701604162052475
-0.45501,-0.677305996496515
-0.48165,-0.651626185934393
-0.50709,-0.624621613471155
-0.53131,-0.596375273676739
-0.55423,-0.566944579648831
-0.57584,-0.536416466026539
-0.59608,-0.504862239524514
-0.61492,-0.472360723959767
-0.63233,-0.438994483041676
-0.64827,-0.404839246380463
-0.66273,-0.369985107438316
-0.67568,-0.334516222202803
-0.6871,-0.298516752877838
-0.69697,-0.262068219308927
-0.70529,-0.225262192063901
-0.71204,-0.188180650031728
-0.71723,-0.150917348291103
-0.72086,-0.113565124053205
-0.72292,-0.0762056625869217
-0.72343,-0.0389310867275742
-0.72239,-0.00182408230360338
-0.71983,0.0350209147328621
-0.71575,0.0715253443673283
-0.71019,0.107596625087132
-0.70317,0.143148813636225
-0.69472,0.178096908740644
-0.68487,0.212359652851141
-0.67365,0.245861709614673
-0.66112,0.278513087473181
-0.64731,0.310237313173354
-0.63227,0.340956817567974
-0.61605,0.370595990769356
-0.5987,0.399083597142604
-0.58028,0.426347216449969
-0.56084,0.452323588087129
-0.54044,0.476951921243733
-0.51915,0.500168437041792
-0.49703,0.521916829108599
-0.47413,0.542156498109796
-0.45054,0.560831798216217
-0.4263,0.577914188846339
-0.4015,0.593361531136984
-0.3762,0.607144785832432
-0.35047,0.619239582470812
-0.32437,0.629634081348824
-0.29798,0.638312773592332
-0.27137,0.645265674796626
-0.2446,0.650495558152263
-0.21773,0.654016033721012
-0.19085,0.655827497375176
-0.16402,0.655942415065729
-0.1373,0.654383159454649
-0.11076,0.651172583386403
-0.084464,0.646338201096457
-0.058475,0.639911694022103
-0.032857,0.631926882211602
-0.0076707,0.622421169621028
0.017023,0.611433983176808
0.041167,0.599008377416643
0.064704,0.585189232784058
0.087579,0.570023563121698
0.10974,0.553561184308784
0.13113,0.535849222561535
0.15171,0.516944729092928
0.17142,0.496895708662002
0.19023,0.475763746414479
0.20808,0.453597480032366
0.22494,0.430455895316868
0.24078,0.4064046140328
0.25555,0.381497912919602
0.26922,0.355794071004858
0.28176,0.329352810220096
0.29315,0.302240570229589
0.30336,0.274519771112272
0.31236,0.246247630754368
0.32014,0.217490109125162
0.32668,0.188310713770133
0.33197,0.158776315208094
0.336,0.128954329636413
0.33876,0.0989104143454442
0.34025,0.0687140308431168
0.34046,0.0384280184298438
0.33941,0.0081299295601601
0.33709,-0.0221155455820638
0.33352,-0.0522341118941351
0.3287,-0.0821610109274431
0.32267,-0.111811836529064
0.31542,-0.141126099616773
0.30699,-0.170027779369016
0.29741,-0.198438321980293
0.28669,-0.22629458470469
0.27487,-0.253525941898815
0.26198,-0.280065624388202
0.24806,-0.30584497097359
0.23315,-0.330796248078781
0.21729,-0.354854904440613
0.20053,-0.37795391702017
0.1829,-0.400041493537153
0.16446,-0.421057974005666
0.14526,-0.440947001543189
0.12536,-0.459649639657519
0.1048,-0.477121886122407
0.083647,-0.493313642639399
0.061959,-0.508178543312117
0.039794,-0.521675111498346
0.017213,-0.533765341707264
-0.0057185,-0.544412348172767
-0.028938,-0.553583974760117
-0.052379,-0.561250391359949
-0.07598,-0.567388739512728
-0.099669,-0.571975216583257
-0.12338,-0.574990904349522
-0.14706,-0.576431499708012
-0.17062,-0.576278520760021
-0.19401,-0.574531909014114
-0.21715,-0.571184769706623
-0.23999,-0.566247546207844
-0.26245,-0.559722651586224
-0.28447,-0.551621181165565
-0.30599,-0.541961332896816
-0.32693,-0.530752129715275
-0.34724,-0.518017481335953
-0.36686,-0.50378557893537
-0.38572,-0.488080209560858
-0.40377,-0.47093601932795
-0.42093,-0.452373516413461
-0.43717,-0.432438423966976
-0.45242,-0.41116615219607
-0.46662,-0.38859037912344
-0.47973,-0.36475736502311
-0.49169,-0.339707552475941
-0.50247,-0.313497839375164
-0.51201,-0.286174697129826
-0.52026,-0.257782321853092
-0.5272,-0.228384017169535
-0.53278,-0.198034536063745
-0.53696,-0.16678756330286
-0.53973,-0.134716530369362
-0.54104,-0.101879085177256
-0.54087,-0.068340602167834
-0.53921,-0.0341781045602187
-0.53603,0.000539085074650902
-0.53133,0.0357277914641823
-0.52508,0.0713183838452944
-0.51728,0.107232164762628
-0.50794,0.143378202579454
-0.49704,0.179680700837482
-0.4846,0.216048928132493
-0.47063,0.25239037843051
-0.45513,0.288621448272857
-0.43813,0.324646263412106
-0.41966,0.360362143329811
-0.39973,0.39567899649417
-0.37838,0.430497683077449
-0.35565,0.46471502712419
-0.33157,0.498235378651329
-0.3062,0.530950182447527
-0.27959,0.562751451553753
-0.25178,0.593542636543156
-0.22283,0.623224938235132
-0.19281,0.651693755148446
-0.16178,0.678850776915138
-0.12982,0.704591398986856
-0.096985,0.728828045849685
-0.063364,0.751464912649317
-0.029035,0.772411117147845
0.0059231,0.791582377888398
0.041426,0.808898881513308
0.077386,0.824284934983443
0.11372,0.837674498350436
0.15033,0.84900097137569
0.18713,0.858208865273595
0.22403,0.865251080544576
0.26095,0.870096844367217
0.29778,0.872708084720037
0.33444,0.8730649250996
0.37084,0.871156149178734
0.40689,0.866978662382321
0.4425,0.860536808845791
0.47759,0.851848982762819
0.51208,0.840945155262545
0.54587,0.827849738518349
0.57891,0.81261963260462
0.61109,0.795292637049252
0.64236,0.775935055735955
0.67263,0.754605298219646
0.70185,0.731383856414742
0.72993,0.706337653178251
0.75682,0.679550756097845
0.78245,0.651104238819077
0.80677,0.621089547657969
0.82972,0.589596748939876
0.85123,0.556705021629411
0.87128,0.522519582835751
0.88979,0.487119361690952
0.90674,0.450604198690649
0.92207,0.413058324325708
0.93576,0.374580449460252
0.94776,0.335255818617786
0.95804,0.295170967948651
0.96657,0.254410746213127
0.97334,0.213070718163231
0.9783,0.171222475212565
0.98146,0.128960221804531
0.9828,0.0863711491155639
0.98229,0.0435265097057382
0.97995,0.000519178933299256
0.97576,-0.0425732095989122
0.96973,-0.0856658232532359
0.96186,-0.128678336255052
0.95217,-0.171522070150927
0.94067,-0.21411204553188
0.92738,-0.256361820093166
0.91231,-0.298194176946454
0.89551,-0.339512532710431
0.87699,-0.380237569318839
0.85679,-0.420284551913024
0.83496,-0.459559994638751
0.81152,-0.497988788307966
0.78653,-0.535483832462971
0.76002,-0.57197365483224
0.73206,-0.607372498656593
0.70269,-0.641608360101767
0.67196,-0.674615650120469
0.63994,-0.706321726902596
0.60668,-0.736665802178214
0.57224,-0.765591682196077
0.53668,-0.793049194915751
0.50008,-0.818980380082743
0.46249,-0.843345524606473
0.42397,-0.866114082539824
0.38461,-0.88724231641388
0.34447,-0.906699963233263
0.30362,-0.924461769797504
0.26212,-0.940515319615484
0.22007,-0.954830001290435
0.17753,-0.967391599204772
0.13458,-0.978185341012639
0.091289,-0.987205156371254
0.04774,-0.994442393623772
0.00401,-0.999891552322947
-0.039823,-1.00354961044618
-0.08368,-1.00541538798817
-0.12748,-1.0054882156091
-0.17115,-1.00377421447272
-0.21461,-1.00028006047855
-0.25777,-0.995005694032385
-0.30057,-0.987968170445889
-0.34292,-0.979176039733206
-0.38475,-0.968645871582678
-0.42598,-0.956393146442941
-0.46654,-0.942439708906156
-0.50635,-0.926804789691897
-0.54535,-0.909519999045318
-0.58345,-0.890604082331996
-0.62061,-0.870102047653661
-0.65674,-0.848042036250993
-0.69178,-0.824460136067602
-0.72567,-0.799397950180566
-0.75836,-0.772907870828108
-0.78977,-0.745027438140551
-0.81986,-0.715810793489632
-0.84857,-0.685309193070081
-0.87585,-0.653577539964787
-0.90165,-0.620672124036684
-0.92594,-0.586663529521113
-0.94865,-0.551602262001905
-0.96976,-0.515558090939261
-0.98923,-0.478599457351606
-1,-0.435598223411975
-1,-0.381056488791357
-1,-0.318814795217403
-1,-0.25218259344127
-1,-0.183966778496385
-1,-0.116503323954607
-1,-0.0516913736202827
-1,0.00897086789452566
-1,0.0643490983446106
-1,0.113635362818162
-1,0.156310569197414
-1,0.192107612276195
-1,0.220975586145805
-1,0.243045500720083
-1,0.258597851805168
-1,0.268032327045409
-1,0.271839864176809
-1,0.270577214759901
-1,0.264844107116821
-1,0.255263047461693
-0.98727,0.25187951335754
-0.96776,0.258266276346377
-0.94665,0.273258863855631
-0.92398,0.295697608616904
-0.89979,0.32444549686795
-0.87414,0.358388958444033
-0.84707,0.396469140034956
-0.81864,0.437677647136325
-0.78891,0.481068005883061
-0.75793,0.525771966014633
-0.72576,0.570996971241597
-0.69248,0.616015774926723
-0.65815,0.660186836433826
-0.62284,0.702947110329887
-0.58662,0.743812244228019
-0.54957,0.78236783149233
-0.51177,0.818268365464414
-0.47328,0.851249732212357
-0.43421,0.881085642012899
-0.39461,0.907633047273835
-0.35458,0.930785327553166
-0.31421,0.950478020243556
-0.27356,0.966707106235007
-0.23275,0.979475554021518
-0.19183,0.988846092891453
-0.15091,0.994885913774382
-0.11008,0.997680992627544
-0.069406,0.997349920452417
-0.028991,0.994008912477998
0.011082,0.987785629465009
0.050729,0.978814286734041
0.089862,0.967229133634645
0.1284,0.953167144170826
0.16626,0.936763278339567
0.20336,0.918148763528446
0.23962,0.897450384103
0.27497,0.874795793585182
0.30935,0.850317644558281
0.34266,0.824119684880422
0.37486,0.796324019395874
0.40587,0.767034666051575
0.43565,0.736367738968893
0.46414,0.704431006997452
0.49128,0.671322356779875
0.51704,0.637150927600017
0.54136,0.602009424324189
0.56423,0.566011349102372
0.5856,0.529253864412518
0.60545,0.491840016904442
0.62376,0.453874265322436
0.6405,0.415451411641558
0.65567,0.376677478701856
0.66924,0.337641840686051
0.68124,0.298461733326846
0.69164,0.259228634249572
0.70046,0.220047045834728
0.7077,0.181013613694933
0.71338,0.14223007001789
0.71751,0.103791325560858
0.72011,0.0657908233447337
0.72121,0.0283248752069444
0.72082,-0.00852611750535262
0.71899,-0.0446680242146092
0.71575,-0.0800138310181951
0.71112,-0.114492865388747
0.70516,-0.148020840391599
0.6979,-0.180527832066156
0.68939,-0.211943471029682
0.67967,-0.242207208126407
0.6688,-0.271254136971083
0.65682,-0.299033253350334
0.64378,-0.32549961385739
0.62975,-0.350600449555261
0.61478,-0.374293733539655
0.59892,-0.3965480560933
0.58225,-0.417320043633503
0.5648,-0.436595610132192
0.54667,-0.454333668515729
0.5279,-0.470517579555856
0.50857,-0.485121991248894
0.48873,-0.498138089961446
0.46846,-0.509549116279573
0.44782,-0.519347786439021
0.42688,-0.527527865131307
0.40571,-0.534084712149078
0.38438,-0.539015646135848
0.36295,-0.542327551637725
0.3415,-0.544020543994325
0.32009,-0.544104528455191
0.29878,-0.54259746974383
0.27765,-0.539508968364089
0.25675,-0.534864182911871
0.23615,-0.528685695247617
0.21591,-0.521001117953232
0.19609,-0.511841661369049
0.17674,-0.50124824947862
0.15793,-0.489253974469892
0.1397,-0.475907099259562
0.1221,-0.461259585554232
0.10518,-0.445365115999464
0.088979,-0.428285549329188
0.073543,-0.410082558167664
0.058903,-0.39082712454744
0.045097,-0.370590639090101
0.032148,-0.34945394700901
0.020087,-0.327497340112807
0.0089351,-0.304805699336166
-0.0012918,-0.281468998406798
-0.010578,-0.257578837151618
-0.018915,-0.233230737792348
-0.026294,-0.208520301661678
-0.032717,-0.183548274920825
-0.038182,-0.15841350877614
-0.042696,-0.133216906424641
-0.046271,-0.108061550645837
-0.048918,-0.0830482741922616
-0.050658,-0.0582802449200286
-0.051503,-0.0338525104514314
-0.051492,-0.00987037314651262
-0.050643,0.0135715955769809
-0.048991,0.0363781152343165
-0.046572,0.0584558577622741
-0.043423,0.0797155627239308
-0.039588,0.10006921949065
-0.035108,0.119435176909802
-0.030034,0.137732495968267
-0.024411,0.15488822414299
-0.018293,0.170831964911442
-0.011734,0.185498095137207
-0.0047848,0.198829794795579
0.0024943,0.210772672065462
0.010047,0.221279539186556
0.017818,0.230311844867165
0.025746,0.23783541519867
0.033774,0.24382450653083
0.041845,0.248261651020249
0.049896,0.251132854690097
0.057878,0.252438398923801
0.065724,0.252177476374548
0.07339,0.25036612279362
0.080814,0.247020869412235
0.087945,0.242166959585193
0.094737,0.235840259011333
0.10113,0.228074419928118
0.10709,0.218920123543747
0.11257,0.20843125223615
0.11752,0.196661003597909
0.1219,0.183668325851777
0.12567,0.169515499693331
0.12881,0.15428084237882
0.13127,0.138031497900192
0.13303,0.120846110272951
0.13405,0.102795756531413
0.13432,0.0839657014052611
0.1338,0.0644281328180717
0.13249,0.044272246670325
0.13037,0.0235836296412649
0.12741,0.00243508406501555
0.12362,-0.0190835118025579
0.11898,-0.0408933909342521
0.11349,-0.0629123854980574
0.10714,-0.0850655509283205
0.099941,-0.107270647647537
0.091894,-0.129449585269241
0.083004,-0.151527211351549
0.073285,-0.173426590359155
0.062745,-0.195076361809762
0.051405,-0.216402494749647
0.039281,-0.237335042077348
0.026394,-0.257806097873859
0.012771,-0.277747373336216
-0.0015641,-0.297094993494248
-0.01658,-0.315785492525334
-0.032246,-0.333758499897571
-0.048528,-0.35095587142688
-0.06539,-0.367322044364599
-0.082795,-0.382804923714617
-0.1007,-0.397352807891063
-0.11907,-0.410922252612974
-0.13786,-0.423470879759788
-0.15703,-0.434962642726972
-0.17653,-0.445360801557498
-0.19631,-0.454629660865939
-0.21633,-0.462743324436032
-0.23654,-0.46967769503701
-0.2569,-0.475418759397445
-0.27734,-0.479939399039321
-0.29783,-0.483232786442991
-0.31832,-0.485294382055787
-0.33875,-0.486114743839079
-0.35907,-0.485688615980984
-0.37923,-0.484014720535171
-0.39918,-0.48109546355668
-0.41888,-0.47694397602311
-0.43826,-0.471559899848372
-0.45728,-0.464954562359104
-0.47588,-0.45713395157768
-0.49403,-0.448122091813919
-0.51165,-0.437920221188781
-0.52871,-0.426548407245784
-0.54516,-0.414026801171463
-0.56095,-0.400375302835069
-0.57603,-0.385613265967641
-0.59034,-0.369751847200469
-0.60386,-0.352825007073025
-0.61654,-0.334862121277218
-0.62832,-0.315880795186729
-0.63918,-0.295918322293693
-0.64907,-0.275004738972979
-0.65795,-0.253170859730256
-0.6658,-0.230462102677984
-0.67257,-0.206912256726746
-0.67824,-0.182566990525457
-0.68279,-0.157480280946064
-0.68617,-0.131689110837102
-0.68838,-0.105252651383945
-0.6894,-0.0782314746117953
-0.6892,-0.0506781401125856
-0.68777,-0.0226519659422153
-0.68511,0.00577666400877503
-0.68119,0.0345527213329233
-0.67603,0.0635982932547422
-0.66961,0.0928489452945865
-0.66194,0.122230933030026
-0.65302,0.151672693918553
-0.64286,0.181099285237849
-0.63146,0.210442810992236
-0.61885,0.23962108543345
-0.60503,0.268565205070867
-0.59002,0.29720447342731
-0.57385,0.325461720223189
-0.55654,0.353264502404732
-0.53811,0.380546634752911
-0.51859,0.407241890066288
-0.49801,0.433286334737313
-0.47641,0.458612765051908
-0.45381,0.483168506139499
-0.43027,0.506885014795935
-0.4058,0.529720361359775
-0.38047,0.551611428216572
-0.35429,0.572524688537277
-0.32733,0.59240761151442
-0.29962,0.611223946329273
-0.27122,0.628929952715513
-0.24217,0.645492412509073
-0.21252,0.660880675706144
-0.18232,0.675067572148468
-0.15163,0.688022643346874
-0.1205,0.699721545639155
-0.088984,0.710143100128992
-0.057145,0.719263119808223
-0.025036,0.72706354437708
0.0072815,0.73352594334115
0.03975,0.738635517630944
0.072307,0.742377555069076
0.10489,0.744738250042052
0.13744,0.74570790968132
0.16989,0.745274908071861
0.20218,0.743431938477069
0.23424,0.740168347674659
0.26602,0.735486215824329
0.29744,0.729375990232941
0.32844,0.721834106759768
0.35895,0.712854826142747
0.38892,0.702445887085844
0.41827,0.690603779616933
0.44694,0.677331067441065
0.47487,0.662635379531846
0.502,0.646528456226877
0.52826,0.62901786082054
0.55359,0.610115176883237
0.57794,0.589842493009079
0.60125,0.568222553470927
0.62346,0.545278178982341
0.64453,0.521046566128993
0.66441,0.495568234856524
0.68304,0.468878009908542
0.70039,0.441027449759972
0.71642,0.412072881887883
0.73109,0.382073007121699
0.74437,0.35109426629528
0.75624,0.319214931211276
0.76667,0.286513269382381
0.77564,0.253072754002045
0.78313,0.218978684196087
0.78914,0.184330162825772
0.79365,0.14921976603497
0.79666,0.113746861551533
0.79819,0.0780281204658245
0.79822,0.0421611240530435
0.79677,0.00625463782039721
0.79386,-0.029576913508875
0.7895,-0.0652254791562662
0.78372,-0.100576775362358
0.77655,-0.135515121189101
0.76801,-0.169934808672889
0.75815,-0.203719468279694
0.747,-0.236762729809645
0.7346,-0.268962462343498
0.72099,-0.300223457107247
0.70624,-0.330437246328776
0.69039,-0.3595105719325
0.67349,-0.387358374820535
0.6556,-0.413897958808379
0.63678,-0.439051631147983
0.61708,-0.462756103213849
0.59658,-0.484940113288719
0.57533,-0.505550967040651
0.5534,-0.524538460109334
0.53084,-0.541871435454896
0.50774,-0.557506240185605
0.48414,-0.571428164546967
0.46012,-0.5836175015617
0.43574,-0.594066670347084
0.41107,-0.602771472718759
0.38617,-0.609738713183944
0.3611,-0.614984618675143
0.33593,-0.61852588116101
0.31071,-0.620394563563592
0.28551,-0.620620080297403
0.26038,-0.619244273044458
0.23538,-0.616310994690646
0.21056,-0.611872399813567
0.18597,-0.605986345758515
0.16167,-0.598706694988166
0.13769,-0.59010512507377
0.11408,-0.580251210975824
0.090878,-0.569220037408257
0.068126,-0.557086293438849
0.045862,-0.543925379011845
0.024113,-0.529819396713078
0.0029128,-0.514848589472591
-0.017716,-0.499097747779481
-0.037746,-0.482649369524466
-0.057156,-0.465586291475148
-0.075931,-0.447993752737985
-0.09405,-0.429951928502923
-0.1115,-0.411540353804105
-0.12828,-0.392844425167414
-0.14437,-0.373937528551625
-0.15976,-0.354888356208167
-0.17446,-0.335774288628038
-0.18846,-0.316662353252622
-0.20177,-0.297623710490732
-0.21438,-0.278715615764894
-0.2263,-0.259996807496271
-0.23753,-0.241517668543097
-0.2481,-0.223342095812979
-0.25799,-0.205505607089784
-0.26723,-0.188056264148159
-0.27583,-0.17103555845526
-0.2838,-0.154477980641605
-0.29115,-0.138410855498506
-0.2979,-0.12286179850673
-0.30407,-0.107857339134333
-0.30966,-0.0934070640297969
-0.31471,-0.0795356663844488
-0.31923,-0.0662566391335699
-0.32323,-0.0535735739138974
-0.32674,-0.0414962700992572
-0.32977,-0.0300240001613114
-0.33236,-0.0191693048248099
-0.33451,-0.00892508282322682
-0.33626,0.000702232717695669
-0.33763,0.00971063633528804
-0.33865,0.0180946922741258
-0.33934,0.0258540616206433
-0.33972,0.0329928289930208
-0.33983,0.0395040350558828
-0.33967,0.0454018509477748
-0.33929,0.0506803823839709
-0.3387,0.055347530710368
-0.33793,0.0594075286803113
-0.337,0.0628691369752674
-0.33592,0.0657521178852733
-0.33473,0.0680625701111821
-0.33344,0.069817755198051
-0.33208,0.0710288156058681
-0.33065,0.0717239721667524
-0.32919,0.0719149895277604
-0.32771,0.0716223239159005
-0.32621,0.0708803547949005
-0.32472,0.0697116489011
-0.32325,0.0681434788326454
-0.3218,0.0662135947524007
-0.3204,0.0639450052730747
-0.31904,0.0613777812398896
-0.31773,0.0585498524715961
-0.31648,0.0554963625770807
-0.31529,0.0522565898258729
-0.31416,0.0488720020862702
-0.31309,0.0453846148330834
-0.31207,0.0418430305267027
-0.31111,0.0382849267661415
-0.31019,0.0347601817473072
-0.30931,0.031312197503106
-0.30845,0.0279925836568204
-0.30761,0.0248431746447223
-0.30677,0.0219113533391615
-0.30592,0.0192400502069653
-0.30504,0.0168745766172463
-0.3041,0.0148680587159892
-0.30311,0.0132486214228341
-0.30203,0.0120601291469632
-0.30084,0.0113428327720575
-0.29952,0.0111326588934783
-0.29806,0.0114533382637486
-0.29643,0.0123325545206907
-0.2946,0.0138000674285113
-0.29256,0.0158713613563223
-0.29029,0.0185570200831493
-0.28776,0.0218704111827352
-0.28495,0.025819030943493
-0.28184,0.0304050904437621
-0.27842,0.0356187373679143
-0.27465,0.0414625049774877
-0.27054,0.047911550333326
-0.26605,0.0549562957284172
-0.26119,0.0625624614962045
-0.25592,0.0707134842699645
-0.25025,0.0793703146961714
-0.24416,0.0884987979216333
-0.23764,0.0980620585856067
-0.23068,0.108021870818608
-0.22328,0.118332434203816
-0.21544,0.128942979233471
-0.20715,0.139807424549856
-0.1984,0.150884685331521
-0.1892,0.162124040180937
-0.17955,0.173475802150076
-0.16945,0.184892523872335
-0.15889,0.19633734357006
-0.1479,0.207753487176387
-0.13647,0.21909938930282
-0.12461,0.230332252741715
-0.11234,0.241402253159092
-0.099664,0.252267292892612
-0.086601,0.262881782890622
-0.073167,0.273201022498848
-0.059381,0.283180281152755
-0.045267,0.292772593081125
-0.030847,0.301932226181952
-0.016149,0.310611540580826
-0.0012007,0.318763176957548
0.013966,0.326338495066367
0.02932,0.333290057314464
0.044829,0.339572131557105
0.060454,0.345136995380994
0.076158,0.349938451567859
0.091907,0.353935370574432
0.10766,0.357087029346615
0.12337,0.359350089012739
0.13901,0.360695459997793
0.15453,0.361089730767318
0.16989,0.360504720298732
0.18504,0.35891024250904
0.19996,0.35629791020315
0.21459,0.352647983863616
0.2289,0.347954708742138
0.24284,0.342209375706604
0.25637,0.335408919215636
0.26947,0.327570080939737
0.28208,0.318695923259391
0.29417,0.308800937429861
0.30571,0.297908766136654
0.31667,0.28605011338481
0.327,0.273246053486226
0.33668,0.259531767940118
0.34569,0.244953093003467
0.35399,0.229548642777245
0.36156,0.213365129560586
0.36838,0.196454669591703
0.37443,0.178872438468081
0.37969,0.160674662904115
0.38415,0.141924330388348
0.3878,0.122688182338907
0.39063,0.103034155497307
0.39263,0.0830292458950266
0.3938,0.0627451650269328
0.39414,0.042255342421855
0.39365,0.0216324285670397
0.39233,0.000946262447472792
0.3902,-0.0197229378769013
0.38725,-0.0403112254283747
0.38351,-0.0607402448239283
0.37898,-0.0809446816933804
0.3737,-0.100842298653877
0.36767,-0.120369417011019
0.36092,-0.13945728777277
0.35347,-0.158042791262962
0.34536,-0.176054739925963
0.33661,-0.193432645451755
0.32726,-0.210111998100852
0.31733,-0.226042107553473
0.30687,-0.241163155022858
0.29591,-0.255424919920172
0.28449,-0.268779438581568
0.27264,-0.281189829237878
0.26042,-0.29260753213438
0.24785,-0.303006033182757
0.23498,-0.31235569796759
0.22185,-0.320633148874992
0.2085,-0.327821247167005
0.19497,-0.333908903518649
0.18132,-0.33887595474763
0.16757,-0.342725560634047
0.15377,-0.345457921802368
0.13996,-0.347078737363018
0.12618,-0.347598449108183
0.11247,-0.347031480079164
0.098875,-0.345391786277054
0.085423,-0.342705520765143
0.072154,-0.338999445661722
0.059099,-0.334307075697751
0.046294,-0.328663061912032
0.033768,-0.322107472721401
0.021551,-0.314683148012412
0.0096689,-0.306437228548109
-0.0018537,-0.297420167042381
-0.012994,-0.287685175768544
-0.023732,-0.277288409182167
-0.03405,-0.266288625067159
-0.04393,-0.254744880848588
-0.053363,-0.242721507773944
-0.062333,-0.230280111550283
-0.070835,-0.217486470171325
-0.078859,-0.204404113911237
-0.086402,-0.191098049065025
-0.093464,-0.177634728366941
-0.10004,-0.164076041464185
-0.10614,-0.150489350500772
-0.11175,-0.136926562233271
-0.1169,-0.123457927020829
-0.12159,-0.110144056515863
-0.12582,-0.097035788976313
-0.12962,-0.0841964940458
-0.13299,-0.0716753370535004
-0.13594,-0.0595156666334607
-0.1385,-0.0477693044462063
-0.14068,-0.0364782582235347
-0.1425,-0.0256824211486485
-0.14398,-0.0154184290166318
-0.14513,-0.00571142619466382
-0.14597,0.00341648325465389
-0.14653,0.0119393381239254
-0.14682,0.0198440329333965
-0.14686,0.0271212570492907
-0.14667,0.0337654787015662
-0.14627,0.0397748133086585
-0.14567,0.0451581983696229
-0.14489,0.0499260835206447
-0.14394,0.0540976547185609
-0.14283,0.0576990058466987
-0.14159,0.0607466609882077
-0.14021,0.0632788787625693
-0.13871,0.0653285165129081
-0.1371,0.0669308495285727
-0.13538,0.0681297666832123
-0.13355,0.0689751119068167
-0.13163,0.0695055565988027
-0.1296,0.0697794161673281
-0.12748,0.0698397723425453
-0.12526,0.0697384901671443
-0.12294,0.0695257212818801
-0.12052,0.0692488518605289
-0.11799,0.0689590859485666
-0.11535,0.068701829437463
-0.1126,0.0685164538304631
-0.10972,0.0684510248319493
-0.10671,0.0685443452657545
-0.10356,0.0688338897198531
-0.10028,0.0693400196641105
-0.096846,0.0700936246297851
-0.093261,0.0711130054241656
-0.089518,0.0724129316015742
-0.085613,0.0740024113398001
-0.081539,0.0758874845182282
-0.077298,0.0780646815331765
-0.072884,0.0805285793338033
-0.068298,0.0832668611447391
-0.063535,0.0862661470070096
-0.0586,0.0895049073624542
-0.053493,0.0929590787519215
-0.048215,0.0966022423685874
-0.042775,0.100400679963829
-0.037175,0.104320699400229
-0.031423,0.108324953710173
-0.025527,0.112374039217744
-0.019498,0.116425648804316
-0.013349,0.120434735338271
-0.0070899,0.124357517982237
-0.00073886,0.128146309156276
0.005689,0.131753834652858
0.012177,0.135133332555105
0.018707,0.138238724819268
0.025257,0.141022991017702
0.031806,0.143440501908601
0.038335,0.145449628873625
0.044817,0.147007371592619
0.051233,0.148076917524831
0.057558,0.148623238607247
0.063769,0.148615429630937
0.06984,0.148024799302045
0.075749,0.146828460439243
0.081469,0.145005422716393
0.08698,0.142542272664125
0.092258,0.139429420075821
0.097282,0.135663148237347
0.10202,0.131236749805714
0.10647,0.126163772585867
0.1106,0.120451845526578
0.11439,0.114112782114994
0.11783,0.107169109919063
0.12089,0.0996368479589442
0.12356,0.0915413510592712
0.12583,0.0829150203116449
0.12768,0.0737878572308314
0.12911,0.064202071200321
0.1301,0.054193922540179
0.13063,0.043793998635293
0.13071,0.0330497339254392
0.13033,0.022006122159243
0.12947,0.0106976016618148
0.12814,-0.000828666758562397
0.12633,-0.0125313740307316
0.12403,-0.0243751152988092
0.12125,-0.0363155180881909
0.11797,-0.0483244903147785
0.11421,-0.060358396952459
0.10995,-0.0723920003468938
0.10522,-0.0843787863670376
0.099986,-0.0963038699145037
0.094277,-0.108131902159237
0.088089,-0.119836627645701
0.081424,-0.131395624964118
0.074295,-0.142782281503413
0.066705,-0.153974965808092
0.058667,-0.164949499453458
0.050185,-0.175687209714049
0.041278,-0.18616352567199
0.031956,-0.196356687163352
0.022229,-0.206248032313883
0.01212,-0.215812534634685
0.0016436,-0.225027163268624
-0.0091839,-0.233870096513786
-0.020341,-0.242317469411337
-0.031805,-0.250343761508954
-0.043555,-0.25792436886035
-0.05557,-0.265036249355206
-0.067817,-0.271649601884608
-0.080277,-0.277740563211186
-0.092919,-0.283282059973265
-0.10571,-0.288243917291129
-0.11863,-0.292604120983446
-0.13164,-0.29633402153391
-0.14471,-0.299407291319184
-0.1578,-0.301793029155633
-0.17089,-0.303472513533192
-0.18392,-0.304408016861291
-0.19688,-0.304584727299942
-0.20971,-0.303969985849151
-0.22239,-0.302547463832811
-0.23487,-0.300292511887689
-0.24712,-0.297189491497146
-0.25909,-0.293215921726271
-0.27076,-0.288366859741699
-0.28207,-0.282622322568938
-0.29301,-0.275987980171087
-0.30351,-0.268445924331141
-0.31356,-0.260004343299265
-0.32311,-0.250662910905536
-0.33213,-0.24042948235419
-0.34059,-0.229318528681838
-0.34844,-0.217334897042463
-0.35567,-0.204505326175191
-0.36224,-0.190851493707761
-0.36811,-0.176390592050373
-0.37327,-0.161158065996818
-0.37768,-0.145181071624105
-0.38133,-0.128501653945033
-0.38419,-0.111158034447492
-0.38625,-0.0931991876435172
-0.38749,-0.0746740927450689
-0.38788,-0.0556230376169515
-0.38743,-0.0361077785880792
-0.38612,-0.0161834962885896
-0.38395,0.00408668354113509
-0.3809,0.0246498162046726
-0.37699,0.0454331408166451
-0.37221,0.0663722166550903
-0.36656,0.0874038320876487
-0.36006,0.108452899856816
-0.35272,0.129444414644395
-0.34454,0.150313119000333
-0.33554,0.170988893485909
-0.32574,0.191399929179326
-0.31517,0.211467951965736
-0.30383,0.231134151574096
-0.29177,0.25032043802529
-0.279,0.268965300289742
-0.26556,0.287000523405713
-0.25147,0.30436960132839
-0.23678,0.321005306963406
-0.22151,0.336856280309253
-0.20571,0.351863681175874
-0.18942,0.365972158226652
-0.17266,0.379146000571368
-0.1555,0.391329884766158
-0.13797,0.40248430356054
-0.12011,0.41257672603527
-0.10198,0.421566899743198
-0.083605,0.429435872098968
-0.065047,0.436155570689017
-0.046349,0.441705927056191
-0.027557,0.44607217875297
-0.0087186,0.449243579803724
0.010121,0.451215196763541
0.028914,0.451985486193991
0.047616,0.451558668044292
0.066184,0.449944984562163
0.084568,0.447154512486866
0.10273,0.443206200901075
0.12063,0.43812454129902
0.13822,0.431932271275794
0.15547,0.424663731967318
0.17234,0.416354590474582
0.18879,0.407040882169888
0.20478,0.39675818535644
0.22029,0.385555721553043
0.23528,0.37347774987672
0.24974,0.360585645725614
0.26362,0.346923440187084
0.27691,0.332549619137316
0.28958,0.317517959696098
0.30163,0.301899157677378
0.31302,0.285746012028896
0.32375,0.269124954967533
0.33381,0.252104093562974
0.34319,0.234750897272259
0.35188,0.217130312238952
0.35988,0.199310666279435
0.3672,0.181368311952169
0.37383,0.163368946196468
0.37978,0.145382380158648
0.38506,0.127479513587334
0.38968,0.109729845988704
0.39365,0.0921994809576381
0.397,0.0749643751342438
0.39973,0.058083761880666
0.40188,0.0416309147290344
0.40345,0.0256583893981208
0.40448,0.0102296981064809
0.40499,-0.00459983601662228
0.405,-0.018783512470509
0.40454,-0.0322759977113048
0.40364,-0.0450348405536574
0.40233,-0.0570216153095322
0.40064,-0.0682027354215731
0.39859,-0.0785573771432444
0.39622,-0.0880613416665934
0.39355,-0.0967037061557735
0.39062,-0.10447029774491
0.38744,-0.111367421392827
0.38405,-0.117396057369986
0.38047,-0.122568157215986
0.37673,-0.126897271139264
0.37285,-0.130405713971654
0.36886,-0.133115285762727
0.36476,-0.135069356527522
0.36058,-0.136305698152327
0.35634,-0.136864273265662
0.35205,-0.136793403660651
0.34772,-0.136147088549219
0.34337,-0.134975256405683
0.339,-0.133338152493594
0.33463,-0.131288036465933
0.33025,-0.128891573547138
0.32588,-0.126203087637172
0.32151,-0.123287656420842
0.31715,-0.120202422478625
0.3128,-0.11700388479642
0.30844,-0.113761150362799
0.30409,-0.11052188203656
0.29973,-0.107344538875175
0.29535,-0.104287070520237
0.29094,-0.101405197322542
0.28651,-0.0987362592877534
0.28202,-0.0963384201693505
0.27747,-0.0942551513760703
0.27283,-0.0925387520464615
0.2681,-0.091224682457444
0.26326,-0.0903482787211709
0.25827,-0.089958219341965
0.25312,-0.0900900606214064
0.24779,-0.0907748248354961
0.24224,-0.0920534272392589
0.23646,-0.093951072346267
0.23042,-0.0964940030426978
0.22408,-0.0997155778683785
0.21743,-0.103631411693637
0.21044,-0.10825677887317
0.20307,-0.113613257527681
0.1953,-0.119711752317255
0.18711,-0.126553888060865
0.17847,-0.13414077451188
0.16936,-0.142465308459645
0.15975,-0.151520995305708
0.14962,-0.161294274050635
0.13894,-0.171773332526169
0.12771,-0.182925605192164
0.11589,-0.194731969410924
0.10349,-0.207147422742313
0.090485,-0.220132956113289
0.076865,-0.233644138457795
0.062628,-0.247627277004944
0.047766,-0.262026951312984
0.032281,-0.276780335705065
0.016177,-0.291818772985859
-0.00054277,-0.307071283704963
-0.017869,-0.322462434127096
-0.035787,-0.337911296639356
-0.05428,-0.353333238851445
-0.073335,-0.36864583526905
-0.092924,-0.383759741629776
-0.11302,-0.398583397341306
-0.13361,-0.413036533574025
-0.15464,-0.427020137872321
-0.1761,-0.440455637806549
-0.19793,-0.453246469250383
-0.22011,-0.465314171794313
-0.24259,-0.476575274022523
-0.26532,-0.486945016574844
-0.28826,-0.496347804256512
-0.31137,-0.504718027955153
-0.33458,-0.511978305179017
-0.35785,-0.518066633656896
-0.38112,-0.522920910344621
-0.40433,-0.52648126229023
-0.42743,-0.528699266889743
-0.45036,-0.529530301290484
-0.47305,-0.528927276269494
-0.49544,-0.526850429783913
-0.51748,-0.523275024080762
-0.53909,-0.518167570570682
-0.56023,-0.511518650580704
-0.58082,-0.503309558955978
-0.6008,-0.493530013471196
-0.62012,-0.482184784403817
-0.6387,-0.469269041813351
-0.65651,-0.454807872149643
-0.67347,-0.43881336260979
-0.68953,-0.421309479921887
-0.70463,-0.40232218193508
-0.71874,-0.381900947207495
-0.73179,-0.36008370837946
-0.74374,-0.336920610589377
-0.75455,-0.312470602245963
-0.76418,-0.286798417123155
-0.77257,-0.259957144343004
-0.77971,-0.232026195136036
-0.78555,-0.203074609746507
-0.79007,-0.173183475822637
-0.79323,-0.142426645023875
-0.79502,-0.110892306875388
-0.79541,-0.0786629741204764
-0.79439,-0.0458290336500625
-0.79193,-0.0124698252563441
-0.78804,0.0213169950716954
-0.7827,0.0554440784921274
-0.77591,0.0898202487241839
-0.76766,0.124361447412679
-0.75796,0.158977223865886
-0.74681,0.193582235933162
-0.73423,0.228083229515506
-0.72021,0.2624057629614
-0.70479,0.296456122672021
-0.68797,0.330157715727517
-0.66977,0.363435605113968
-0.65023,0.396204028566541
-0.62937,0.428386211094121
-0.60721,0.459915325859153
-0.5838,0.490712843091427
-0.55916,0.520715765177364
-0.53334,0.549853805683943
-0.50638,0.578060775372566
-0.47832,0.605276256469152
-0.44922,0.63143201376565
-0.41912,0.656470825691449
-0.38808,0.680331791349024
-0.35614,0.702968170112578
-0.32338,0.724317011908724
-0.28985,0.744326860472327
-0.25561,0.762950190797546
-0.22074,0.780129813805952
-0.18529,0.795825136692563
-0.14934,0.809988515884318
-0.11295,0.822583354861993
-0.076199,0.833569546754336
-0.03916,0.842910309834814
-0.0019064,0.850572860252845
0.035484,0.856525879424138
0.072937,0.860743336641751
0.11038,0.863205939262811
0.14772,0.863885837826267
0.1849,0.862776212178333
0.22183,0.859863523669442
0.25844,0.855144505253681
0.29464,0.848609975005938
0.33037,0.840268898928855
0.36555,0.830130312422407
0.40009,0.818196115859288
0.43394,0.804492396072321
0.46701,0.789034850734425
0.49924,0.771852932118721
0.53057,0.752986726440309
0.56092,0.732469340877125
0.59023,0.710342427155444
0.61845,0.68666103484544
0.64551,0.661474953952677
0.67137,0.634850750596463
0.69596,0.606844670510536
0.71926,0.577540192130687
0.7412,0.547003583170709
0.76175,0.515315040813814
0.78087,0.48255639448057
0.79853,0.448815902992394
0.81469,0.414177112040264
0.82933,0.378732132937855
0.84242,0.342569886981713
0.85394,0.30578145963293
0.86387,0.268456916270123
0.87221,0.230697514498722
0.87893,0.192588237927865
0.88404,0.154227809768787
0.88753,0.11570811325977
0.8894,0.0771199389461649
0.88966,0.0385576088405388
0.88832,0.000115189743964603
0.88537,-0.0381313745719464
0.88085,-0.076086454239016
0.87477,-0.113663953254736
0.86714,-0.150788440623571
0.85801,-0.18736622596659
0.84739,-0.223321695863166
0.83532,-0.25857437224776
0.82183,-0.293050149494389
0.80696,-0.326675399707587
0.79075,-0.359379612171403
0.77325,-0.391090044895531
0.7545,-0.42174226408924
0.73455,-0.451273633580083
0.71345,-0.47962541779461
0.69126,-0.50673697311605
0.66802,-0.532563297728165
0.6438,-0.557051786183418
0.61866,-0.580153262041449
0.59264,-0.601838162397534
0.56582,-0.62206469191525
0.53825,-0.640805225201335
0.51,-0.658030215338954
0.48112,-0.673724842198196
0.45168,-0.687872443216264
0.42174,-0.700463369371368
0.39136,-0.711494514176823
0.36062,-0.720953941109871
0.32956,-0.728853063426116
0.29825,-0.735200176806677
0.26677,-0.739993966337585
0.23515,-0.743262854059333
0.20348,-0.745014556423538
0.17181,-0.745269886869057
0.1402,-0.744052636069109
0.1087,-0.741396103353749
0.077391,-0.737317751467235
0.046312,-0.731853135623499
0.015526,-0.725033931387607
-0.014915,-0.716896182517567
-0.044957,-0.707477181471854
-0.074549,-0.696816586554396
-0.10364,-0.68495500704125
-0.13219,-0.671940941333465
-0.16014,-0.657813943917881
-0.18746,-0.642626756269382
-0.21411,-0.62643392866309
-0.24004,-0.609282574592746
-0.26522,-0.591227261037792
-0.28962,-0.572326994914012
-0.3132,-0.552635257809035
-0.33593,-0.532206875599777
-0.3578,-0.511110888775104
-0.37876,-0.489396158600863
-0.3988,-0.467123304049573
-0.4179,-0.444353129598077
-0.43605,-0.421152071956087
-0.45322,-0.397574231680256
-0.4694,-0.373676765695794
-0.48459,-0.349524796489646
-0.49878,-0.325180360928327
-0.51195,-0.300693563011674
-0.52412,-0.27613270983931
-0.53527,-0.251548950252612
-0.54541,-0.226999977575815
-0.55454,-0.202539362370495
-0.56267,-0.1782228477953
-0.56981,-0.154105963073177
-0.57596,-0.130234701551099
-0.58114,-0.106660431802398
-0.58536,-0.0834295842499036
-0.58863,-0.0605828609413248
-0.59097,-0.0381621379985619
-0.5924,-0.0162086053067381
-0.59293,0.00524610705167294
-0.59258,0.0261720414357491
-0.59138,0.0465345060017066
-0.58936,0.0662964126195585
-0.58652,0.0854424019333576
-0.5829,0.103945953185061
-0.57851,0.121794927673164
-0.5734,0.138959990556587
-0.56757,0.155436152559869
-0.56106,0.171209043904849
-0.55389,0.186272339408458
-0.54609,0.200619382441883
-0.53769,0.214243820079578
-0.52871,0.227147481654215
-0.51919,0.239324309287802
-0.50913,0.250791967996274
-0.49858,0.261550126696299
-0.48756,0.271606441908451
-0.47609,0.280975075005049
-0.4642,0.28966791717602
-0.45191,0.297702343833995
-0.43924,0.305099902825683
-0.42621,0.311885128293782
-0.41286,0.318069686374948
-0.39919,0.323684275589312
-0.38523,0.328752052700116
-0.371,0.333296973704474
-0.35652,0.33734306913883
-0.3418,0.340921233641388
-0.32687,0.344052312052432
-0.31175,0.346755889328095
-0.29644,0.349064782330568
-0.28097,0.350999387335076
-0.26535,0.352584288454956
-0.2496,0.353839325955014
-0.23374,0.354779902328541
-0.21777,0.355432123534921
-0.20172,0.355807739553846
-0.18561,0.355913889757165
-0.16943,0.355775859060624
-0.15322,0.355395785737484
-0.13698,0.354786538720454
-0.12074,0.35394696324523
-0.1045,0.352886673145651
-0.088283,0.351606558714144
-0.072107,0.350104016948367
-0.055987,0.348375777849111
-0.03994,0.346416509812373
-0.023982,0.344219977850866
-0.0081316,0.341777347927805
0.0075941,0.339078930438938
0.023177,0.336113769856789
0.0386,0.332870838714979
0.053844,0.329337795830898
0.06889,0.32550158505842
0.083719,0.321348874409803
0.098313,0.316867169496858
0.11265,0.312042003555073
0.12672,0.306866570089081
0.14049,0.30132341371157
0.15394,0.295396580107648
0.16706,0.289079158148133
0.17981,0.282349554095349
0.19219,0.275204528477024
0.20417,0.267633586133814
0.21572,0.259620719555187
0.22682,0.251153348051007
0.23746,0.242229442687377
0.24761,0.23284082020786
0.25725,0.222982027625432
0.26636,0.212650033908286
0.27491,0.20183652360049
0.28289,0.190544009052652
0.29029,0.178783749355155
0.29708,0.166559058509147
0.30325,0.153881631523776
0.30878,0.140762287325886
0.31366,0.127218316518565
0.31788,0.113271831066228
0.32144,0.098955698882
0.32432,0.0842958476534548
0.32652,0.0693267443243083
0.32804,0.0540888369672279
0.32888,0.0386263227594727
0.32906,0.0230000249959065
0.32857,0.0072603385746006
0.32743,-0.00852996210052795
0.32566,-0.0242998819578059
0.32327,-0.0399811925963685
0.32028,-0.055502463784161
0.31672,-0.0707843749410683
0.31262,-0.0857435686236532
0.30799,-0.100310692269917
0.30288,-0.11440024597283
0.29731,-0.127938506766181
0.29131,-0.140856181104017
0.28493,-0.153075011068246
0.27818,-0.164541615199316
0.27111,-0.175194983541404
0.26376,-0.18497747970234
0.25615,-0.193851027373123
0.24832,-0.201780086911863
0.24031,-0.208732669068248
0.23215,-0.214688449650339
0.22388,-0.219630210086415
0.21552,-0.223559037860203
0.20712,-0.226469107846708
0.1987,-0.228371887169031
0.1903,-0.229278186452043
0.18194,-0.229213267620264
0.17366,-0.22819902628061
0.16549,-0.226261865971008
0.15746,-0.223431486254488
0.14958,-0.219754576543156
0.14189,-0.215268396531961
0.13441,-0.210016659875669
0.12717,-0.204039929061652
0.12018,-0.19739010222253
0.11346,-0.19011956916497
0.10703,-0.182279815444265
0.10091,-0.173920273521233
0.095097,-0.165104420454598
0.089613,-0.155886854085751
0.084467,-0.146323112160431
0.07966,-0.136473821819609
0.075199,-0.126397526795896
0.071082,-0.116156022223495
0.067311,-0.105808922838488
0.063883,-0.0954159671630167
0.06079,-0.0850388418753519
0.058027,-0.0747366592474951
0.055584,-0.0645682696665741
0.053452,-0.0545896695200205
0.051613,-0.0448593607932457
0.050056,-0.0354307538202455
0.048764,-0.0263557727021286
0.047717,-0.017685564104687
0.046901,-0.00946441971048119
0.04629,-0.00173835660579051
0.045865,0.00545207155646931
0.045604,0.0120700357204903
0.045482,0.0180809380767802
0.045474,0.0234533685918088
0.045555,0.0281597902518954
0.0457,0.0321769869124622
0.045882,0.0354848266866974
0.046075,0.0380673946717952
0.04625,0.0399108259707974
0.046382,0.0410066690739856
0.046442,0.0413485240410116
0.046403,0.04093369991336
0.046239,0.0397636952417889
0.045922,0.0378422380126091
0.045427,0.0351773239703426
0.044729,0.0317805071085497
0.043803,0.0276662120071986
0.042628,0.022854038471205
0.041179,0.0173645421094992
0.039439,0.011224656671464
0.03739,0.00446521550811317
0.035012,-0.00288191470197759
0.032294,-0.0107780666021965
0.02922,-0.0191836849269298
0.025782,-0.0280535313219018
0.021971,-0.0373396557067341
0.017779,-0.04699241489525
0.013205,-0.0569569345242233
0.0082421,-0.067179968013491
0.0028939,-0.0776032882757327
-0.0028416,-0.0881704332609834
-0.0089575,-0.0988214062280052
-0.015455,-0.109501103607859
-0.022321,-0.120149446483806
-0.029551,-0.130710522685789
-0.037136,-0.141130186738507
-0.045061,-0.151352998734232
-0.05332,-0.161330908150196
-0.061894,-0.171013812912501
-0.070771,-0.180356814294549
-0.079935,-0.189317808588273
-0.08937,-0.197858446583339
-0.099058,-0.205943339933137
-0.10898,-0.213540090537023
-0.11912,-0.220622198610238
-0.12945,-0.227160159762119
-0.13996,-0.233136551963025
-0.15061,-0.238522375583993
-0.16139,-0.243302650660969
-0.17228,-0.247467093712297
-0.18325,-0.251002478353826
-0.19427,-0.253893931174083
-0.20532,-0.25613339605214
-0.21638,-0.25771887347375
-0.22741,-0.258638846045177
-0.23839,-0.258889534787663
-0.24929,-0.258466401122376
-0.26008,-0.257364700506409
-0.27073,-0.255579915873504
-0.28122,-0.253115483373495
-0.29151,-0.249966612651259
-0.30158,-0.246137027144603
-0.31138,-0.241615236812278
-0.3209,-0.236407565545104
-0.33009,-0.230505129499243
-0.33893,-0.223909378990209
-0.34738,-0.216615422880713
-0.35541,-0.208620933696637
-0.36299,-0.199925852133043
-0.37008,-0.190524687702437
-0.37666,-0.180422633814637
-0.38268,-0.169611292466603
-0.38813,-0.158101226382899
-0.39297,-0.145895928328653
-0.39716,-0.132993205979783
-0.40069,-0.119408618528622
-0.40352,-0.105149528933422
-0.40563,-0.090231376565794
-0.407,-0.0746757790529699
-0.4076,-0.0585014386510952
-0.40741,-0.0417316634255685
-0.40642,-0.0244002947355532
-0.4046,-0.00653401106462178
-0.40195,0.011824788498888
-0.39845,0.0306369469194308
-0.39409,0.049859580774097
-0.38886,0.0694479849866149
-0.38276,0.0893498422547536
-0.37578,0.109515569114826
-0.36792,0.129891819556699
-0.35918,0.150423771685196
-0.34956,0.171057035335625
-0.33908,0.191724411403685
-0.32772,0.212379954145226
-0.31551,0.232959342513777
-0.30245,0.253407610585858
-0.28856,0.273664292907
-0.27385,0.293673808999286
-0.25833,0.313386333285448
-0.24203,0.332743577736705
-0.22496,0.351697149934182
-0.20716,0.370186124923556
-0.18863,0.38817108035006
-0.1694,0.405609217194932
-0.14951,0.422449199455055
-0.12898,0.438649399087418
-0.10785,0.454162769932692
-0.086127,0.468964006071502
-0.063864,0.48301244617599
-0.041089,0.496275081043159
-0.017841,0.508718262030775
0.0058432,0.520310796511637
0.029923,0.531021935268161
0.054357,0.540821951525878
0.079101,0.549681094207194
0.10411,0.557570216145613
0.12933,0.56445519059083
0.15472,0.57030880253131
0.18022,0.575096480844977
0.20577,0.578779033216014
0.23133,0.581329754447216
0.25683,0.582710914457687
0.28221,0.582884673697513
0.3074,0.581807081411211
0.33236,0.579452984155019
0.35701,0.575783851394846
0.38128,0.570759168511829
0.40512,0.564353059883076
0.42845,0.556530335719832
0.45122,0.547271806500284
0.47334,0.536542495169027
0.49477,0.524332987403074
0.51543,0.510625531201346
0.53527,0.49541870188799
0.55422,0.478709866064058
0.57221,0.460495857291692
0.5892,0.440795702300565
0.60513,0.419631373345861
0.61993,0.397019573604752
0.63357,0.373002198093429
0.64598,0.347611037116155
0.65712,0.320891328261709
0.66695,0.292898162325437
0.67542,0.263685902321944
0.6825,0.233321818185213
0.68814,0.201867111102966
0.69232,0.169398709645067
0.695,0.135989401925324
0.69615,0.101714069538766
0.69576,0.0666620024963571
0.6938,0.0309168253849273
0.69026,-0.00542999929736704
0.68513,-0.0422833333554038
0.67839,-0.0795552559579857
0.67006,-0.117136725042146
0.66012,-0.154934494398269
0.64859,-0.192841336413781
0.63548,-0.230749431570811
0.6208,-0.26855381784234
0.60459,-0.306132952965228
0.58686,-0.343377891767419
0.56766,-0.380163745653173
0.54701,-0.416378909115091
0.52496,-0.451903936756356
0.50157,-0.486609553058227
0.47688,-0.520377520323205
0.45096,-0.553080232032583
0.42386,-0.5846015281462
0.39565,-0.614823627074033
0.36642,-0.643616666182014
0.33623,-0.670867585404814
0.30517,-0.696458626785041
0.27331,-0.720287140171506
0.24076,-0.742236798380676
0.20758,-0.76222133360335
0.17388,-0.780145067406271
0.13976,-0.795915728586929
0.1053,-0.809462087499932
0.070602,-0.820716570526625
0.035767,-0.829618161504129
0.00088776,-0.836119908893353
-0.033936,-0.840183355256356
-0.068609,-0.841782237936032
-0.10304,-0.840904831736253
-0.13712,-0.837539301602889
-0.17077,-0.831697178476914
-0.20389,-0.823393909894228
-0.2364,-0.81266335784591
-0.26822,-0.799554157546809
-0.29925,-0.784111545239892
-0.32942,-0.766399702069304
-0.35865,-0.74648961296524
-0.38688,-0.724471223399705
-0.41402,-0.700425685369412
-0.44003,-0.674462297978932
-0.46484,-0.646688300649295
-0.48839,-0.617214079924186
-0.51063,-0.586157186147678
-0.53153,-0.553652697298389
-0.55104,-0.519831453852921
-0.56911,-0.484817325018284
-0.58574,-0.448762072417174
-0.60088,-0.411798691145009
-0.61451,-0.374063373272764
-0.62663,-0.335705643878292
-0.63721,-0.296859138258968
-0.64625,-0.257662761112889
-0.65375,-0.218255344783527
-0.6597,-0.17876389127803
-0.66412,-0.139323926000751
-0.667,-0.10005125362034
-0.66836,-0.0610640324971025
-0.66823,-0.0224856741789441
-0.66661,0.0155825649059883
-0.66353,0.0530387590345569
-0.65902,0.089784148052379
-0.6531,0.125733552020866
-0.64582,0.160793839396777
-0.63721,0.194883758792659
-0.62729,0.227942221285816
-0.61613,0.259890080991844
-0.60376,0.290666344254069
-0.59023,0.32021248905176
-0.57559,0.348474545514442
-0.55989,0.375404632506202
-0.54318,0.400962016961602
-0.52553,0.425098963726569
-0.50698,0.447786461325492
-0.4876,0.468990068764717
-0.46744,0.488687542080201
-0.44658,0.506845707491844
-0.42506,0.523453842908074
-0.40295,0.538498199409698
-0.38032,0.55196370076994
-0.35722,0.563850096333033
-0.33374,0.574140182922018
-0.30991,0.582848553969866
-0.28581,0.589978679197212
-0.26151,0.595532940151627
-0.23706,0.599528092187881
-0.21253,0.601977736977818
-0.18797,0.602907826241252
-0.16344,0.602346610806936
-0.13902,0.600309041270421
-0.11474,0.596836263334866
-0.09067,0.591960173646589
-0.066862,0.585717953110677
-0.043365,0.578152502174822
-0.020233,0.569306689621626
0.0024884,0.5592285881049
0.024754,0.547969602349364
0.046517,0.535581356283129
0.067738,0.52211979395964
0.088379,0.507643896628177
0.1084,0.492212017779722
0.12777,0.475887041969252
0.14646,0.458735211944018
0.16443,0.440815445037855
0.18166,0.422193799920857
0.19813,0.402940126991382
0.21382,0.383125244155204
0.2287,0.362811204764006
0.24277,0.342073229796258
0.256,0.320972639336785
0.2684,0.299587142373886
0.27995,0.277983027636401
0.29065,0.256230002500671
0.30049,0.234390845938131
0.30949,0.212542814204634
0.31763,0.19074272903476
0.32492,0.169051117424687
0.33139,0.147544158439327
0.33702,0.126271131379578
0.34184,0.105294757325634
0.34585,0.0846641810306425
0.34908,0.0644379215709752
0.35154,0.0446651424911669
0.35325,0.0253929849006934
0.35423,0.00666512835117144
0.35449,-0.0114866761206618
0.35408,-0.0290121367421932
0.35299,-0.0458922931315216
0.35127,-0.0620901433816667
0.34893,-0.0775852709061805
0.34601,-0.0923495308262669
0.34252,-0.106372019784026
0.3385,-0.119634362358391
0.33397,-0.132127948702974
0.32895,-0.143852761485193
0.32348,-0.15480139782757
0.31759,-0.164968539141585
0.3113,-0.174358500444038
0.30464,-0.182976254760077
0.29763,-0.190834952125109
0.2903,-0.197946949417115
0.28268,-0.204323967108408
0.2748,-0.209977197317355
0.26669,-0.214917373081021
0.25836,-0.21916960362346
0.24984,-0.222755356384213
0.24116,-0.225692794589305
0.23234,-0.228004496057822
0.22342,-0.229701342740835
0.21439,-0.230821588316594
0.20531,-0.231372866326405
0.19617,-0.231389763104247
0.18701,-0.230890744997503
0.17785,-0.229895615762112
0.1687,-0.228432129304025
0.15959,-0.226518913555284
0.15053,-0.224181510434255
0.14155,-0.221435521965496
0.13266,-0.218302853323599
0.12387,-0.214809838318494
0.11521,-0.210970814954954
0.10668,-0.206812163826757
0.098315,-0.202343284809215
0.090111,-0.197588366791195
0.082085,-0.192567228897037
0.074254,-0.187295522648919
0.066624,-0.181793127052623
0.059208,-0.176077488639302
0.052018,-0.170164229857666
0.045058,-0.164072858730563
0.038338,-0.15782091464315
0.031868,-0.151423735826234
0.025648,-0.14490172090593
0.019687,-0.138271997862553
0.013989,-0.131552146542571
0.0085507,-0.124764885507468
0.0033777,-0.117929735584857
-0.0015316,-0.111068288282462
-0.0061822,-0.104205584094872
-0.010574,-0.0973648461046357
-0.014715,-0.0905730407553458
-0.01861,-0.0838569003123473
-0.022269,-0.0772459313873696
-0.025697,-0.0707672170101734
-0.028908,-0.0644516369441976
-0.031913,-0.0583299007622268
-0.034725,-0.0524330467263105
-0.03736,-0.0467935664928887
-0.039827,-0.0414388690925136
-0.042148,-0.0364009270996948
-0.044337,-0.0317083945542685
-0.046411,-0.0273884697846815
-0.048387,-0.0234662070281508
-0.050282,-0.0199640113241778
-0.052117,-0.0169042546115783
-0.053909,-0.0143054669537639
-0.055676,-0.0121830632225159
-0.057439,-0.0105514885920814
-0.059213,-0.0094193194331394
-0.061019,-0.00879434583935543
-0.062873,-0.00867955883342217
-0.064791,-0.00907374682052285
-0.066791,-0.00997357351314078
-0.068885,-0.0113694033676271
-0.07109,-0.0132502496876071
-0.073419,-0.0156011579301216
-0.075882,-0.0184019579424868
-0.078491,-0.0216301098950509
-0.081255,-0.0252593830434939
-0.084182,-0.0292603894095793
-0.087278,-0.0336003802384221
-0.090552,-0.0382468932981653
-0.094005,-0.043162577133943
-0.097641,-0.0483093083662553
-0.10146,-0.0536463790427784
-0.10547,-0.0591380072254835
-0.10966,-0.064739321863829
-0.11404,-0.0704149119262691
-0.11859,-0.0761158355551688
-0.12332,-0.0818058402841951
-0.12823,-0.0874526097383543
-0.13329,-0.0930058400829708
-0.13851,-0.0984318175775396
-0.14388,-0.10369650198562
-0.14937,-0.108751921867281
-0.155,-0.113577351294493
-0.16073,-0.118130454277739
-0.16655,-0.122375041307611
-0.17245,-0.126281094031207
-0.17841,-0.12981724669343
-0.18441,-0.132952164321143
-0.19044,-0.135663053133295
-0.19646,-0.137912718355736
-0.20247,-0.139683218145976
-0.20843,-0.140943323850581
-0.21433,-0.14167441352459
-0.22014,-0.141854032008699
-0.22584,-0.141464930015845
-0.23139,-0.140480018592328
-0.23679,-0.138894869957509
-0.24199,-0.136686760936094
-0.24698,-0.133848695025274
-0.25173,-0.130372029769239
-0.25621,-0.126247306246218
-0.2604,-0.121472321006485
-0.26427,-0.116043642970508
-0.26779,-0.109957191888197
-0.27094,-0.103216102399483
-0.27369,-0.0958220727852757
-0.27603,-0.0877906076681802
-0.27792,-0.0791259523449055
-0.27934,-0.0698381414969748
-0.28027,-0.0599417764683019
-0.28069,-0.0494549103202563
-0.28057,-0.0383906456733542
-0.27991,-0.026780055892823
-0.27866,-0.0146310067011661
-0.27683,-0.00197690131464841
-0.2744,0.0111512743963501
-0.27134,0.0247326415583024
-0.26765,0.0387328124356908
-0.26331,0.053122205909192
-0.25832,0.0678611162119628
-0.25266,0.0829175471245643
-0.24633,0.0982518244919454
-0.23933,0.113819206389408
-0.23164,0.12958692920851
-0.22328,0.145503285607543
-0.21423,0.161532380634852
-0.20452,0.177615187787548
-0.19413,0.193712741974865
-0.18309,0.209766492452761
-0.17139,0.225733445155816
-0.15906,0.24155493342913
-0.14611,0.257176250844315
-0.13257,0.272532801333865
-0.11844,0.287576197565746
-0.10376,0.302243129760536
-0.088551,0.316474317720541
-0.072843,0.330208986337535
-0.056667,0.343386391394862
-0.040057,0.355945587871444
-0.023045,0.36782896573225
-0.0056742,0.378975268612015
0.012019,0.389327389360286
0.029994,0.398830425038377
0.048204,0.407428588234143
0.066607,0.415070886599662
0.085154,0.421706858871162
0.1038,0.427291269016192
0.12249,0.431777405005982
0.14118,0.435127251051687
0.15982,0.437306891147297
0.17836,0.4382871381169
0.19674,0.438036515380286
0.21492,0.436537838675881
0.23284,0.433771619001062
0.25046,0.429732319998661
0.26772,0.424411499436513
0.28458,0.417813863011549
0.30098,0.409940254881704
0.3169,0.400818403948033
0.33227,0.390460420155053
0.34707,0.378902870270186
0.36124,0.366171841333646
0.37476,0.352314188247195
0.38759,0.337377764928701
0.39971,0.321425014383955
0.41107,0.304506514718686
0.42167,0.286699082211259
0.43147,0.268069189973116
0.44045,0.248688077617329
0.44861,0.228643748415269
0.45593,0.208020577767299
0.4624,0.186905106649656
0.46802,0.165390595585961
0.47278,0.143565676727308
0.47669,0.121527462528323
0.47973,0.0993548565087058
0.48194,0.0771540284233102
0.4833,0.0550055660458683
0.48383,0.0329964589516433
0.48354,0.0112086809767624
0.48244,-0.0102825174678824
0.48055,-0.0314024496500067
0.47787,-0.0520942300834195
0.47442,-0.0723026491908613
0.47022,-0.0919759412319379
0.46529,-0.111067121091011
0.45963,-0.129549734840877
0.45327,-0.147393046807334
0.44622,-0.164579122709709
0.4385,-0.181094060158935
0.43012,-0.196935592226736
0.42111,-0.21209670068594
0.41148,-0.226582083911284
0.40124,-0.240406303741388
0.39042,-0.253577215080771
0.37903,-0.266112326256593
0.36708,-0.278036904544506
0.35461,-0.289360022927461
0.34161,-0.300114796343699
0.32812,-0.310316190945751
0.31414,-0.319994017869407
0.2997,-0.329167326938755
0.28482,-0.337853595989479
0.26951,-0.346076139544596
0.25381,-0.35384031608046
0.23771,-0.36117395691239
0.22126,-0.36807799136082
0.20447,-0.374561285541392
0.18736,-0.380631512316044
0.16996,-0.386287817512972
0.15229,-0.391529907638655
0.13439,-0.396343160413826
0.11626,-0.40073136845718
0.097952,-0.404674613527497
0.079478,-0.408163972842444
0.060867,-0.41118705049708
0.042146,-0.413730472269594
0.02334,-0.415781926974493
0.0044777,-0.417327576778662
-0.014414,-0.418354084919769
-0.033315,-0.418853943794559
-0.052191,-0.41881409611721
-0.071025,-0.418230210822844
-0.089784,-0.417093339303679
-0.10845,-0.415402213076402
-0.12699,-0.413150769445871
-0.14539,-0.410343370131715
-0.16362,-0.406980911378685
-0.18166,-0.403068947255837
-0.19949,-0.398616714618589
-0.21708,-0.393628850959537
-0.23441,-0.388113619350654
-0.25147,-0.382089436844085
-0.26823,-0.375567682051985
-0.28468,-0.368568593464128
-0.30079,-0.361104254798331
-0.31655,-0.353194663906716
-0.33194,-0.344858277913957
-0.34695,-0.336119216404297
-0.36157,-0.327005513586382
-0.37577,-0.317532802147617
-0.38954,-0.307721045367966
-0.40287,-0.297593103242321
-0.41574,-0.287166099040424
-0.42814,-0.276459388834483
-0.44006,-0.265493520833891
-0.45149,-0.254289360559062
-0.4624,-0.242852573963098
-0.4728,-0.231205879006796
-0.48267,-0.219362825807581
-0.492,-0.207336485999989
-0.50078,-0.195139063025684
-0.50899,-0.182774201121159
-0.51663,-0.170253193443242
-0.52369,-0.157585664089719
-0.53015,-0.144772105718588
-0.536,-0.131812889164376
-0.54124,-0.118715532467012
-0.54586,-0.105485596008171
-0.54983,-0.0921120023926543
-0.55315,-0.0785926110440333
-0.55581,-0.0649250245883804
-0.5578,-0.0511065995219772
-0.5591,-0.0371270719976066
-0.5597,-0.0229776084441845
-0.55959,-0.00865067665230217
-0.55875,0.00586747459140346
-0.55718,0.0205805164287648
-0.55485,0.0355061324323881
-0.55176,0.0506506880093953
-0.5479,0.0660186796285927
-0.54325,0.0816203831479022
-0.53781,0.0974556753140263
-0.53155,0.113538237889821
-0.52449,0.129855532409882
-0.5166,0.146411170513833
-0.50788,0.163199473403606
-0.49834,0.180200003072224
-0.48795,0.19741051150093
-0.47674,0.214799074173444
-0.46468,0.23235503861299
-0.45181,0.250033393009203
-0.4381,0.267814376665875
-0.42359,0.285647339443137
-0.40827,0.303495067479897
-0.39217,0.321302611215176
-0.37529,0.339024422551485
-0.35767,0.35659423407685
-0.33932,0.373953117846033
-0.32027,0.391034958380871
-0.30054,0.407777157188292
-0.28018,0.424099615016561
-0.2592,0.439940048696718
-0.23765,0.455222863700621
-0.21557,0.469871426433565
-0.193,0.483810611370657
-0.16997,0.496976249674496
-0.14654,0.509292913006478
-0.12275,0.520693304501783
-0.098652,0.531110032167921
-0.07429,0.540483801240374
-0.049719,0.548755776927469
-0.024988,0.555874008399165
-0.00015091,0.561790371909042
0.02474,0.566462862973795
0.049632,0.569855737768625
0.07447,0.571938061578521
0.099202,0.57268644185803
0.12377,0.572080304816326
0.14814,0.570120194730985
0.17224,0.566796108141231
0.19602,0.562106594744841
0.21944,0.556065025611802
0.24246,0.548696849984198
0.26501,0.540014854030038
0.28706,0.530051274878238
0.30856,0.518838764979066
0.32947,0.506417193275217
0.34975,0.492831499351574
0.36937,0.478137187585796
0.38829,0.462389645968632
0.40647,0.445642885278948
0.42389,0.427963297305247
0.44051,0.409410792503503
0.45631,0.390053300824567
0.47127,0.369963411194789
0.48537,0.34921550084671
0.49858,0.327875929719896
0.5109,0.306024879485359
0.5223,0.283729178777267
0.53278,0.261065081190139
0.54232,0.238099356850018
0.55093,0.214911245401209
0.55859,0.191565417047889
0.5653,0.168127503027613
0.57107,0.144669159583627
0.5759,0.121257183846507
0.57979,0.0979522397432878
0.58275,0.0748153597711921
0.58479,0.0519057625681163
0.58592,0.0292791284829546
0.58615,0.00698628805603478
0.58549,-0.0149277214250394
0.58396,-0.0364168772475245
0.58157,-0.0574435265391123
0.57834,-0.0779709171684363
0.5743,-0.0979571491822369
0.56946,-0.117372610407389
0.56384,-0.136191519897622
0.55746,-0.154392406256312
0.55035,-0.171950970996806
0.54253,-0.18884918357132
0.53402,-0.205075038023571
0.52486,-0.220607392853283
0.51506,-0.235440947069186
0.50465,-0.24956896415597
0.49366,-0.262984161021849
0.48212,-0.275679410743325
0.47006,-0.287648280841631
0.4575,-0.298892825810826
0.44446,-0.309422238135318
0.43099,-0.319229367791984
0.4171,-0.328323962399341
0.40282,-0.336714623946491
0.38819,-0.344401675163943
0.37322,-0.351401180813608
0.35794,-0.357726904746397
0.34238,-0.363390601842855
0.32657,-0.368402275809392
0.31052,-0.372785203199535
0.29427,-0.376550702531595
0.27784,-0.379715065470986
0.26125,-0.382298258569894
0.24453,-0.384315371143571
0.22769,-0.385792018446673
0.21077,-0.386739485417003
0.19378,-0.387179420243129
0.17675,-0.387126469904574
0.15969,-0.386604039910132
0.14263,-0.385627171259842
0.12559,-0.38421112984278
0.10859,-0.382370911111863
0.091638,-0.380129717177929
0.074763,-0.377501164148848
0.057983,-0.374498844652246
0.041311,-0.37113958555363
0.024767,-0.367437111440228
0.0083639,-0.363407441217293
-0.0078804,-0.359064223366534
-0.02395,-0.354420210004215
-0.039832,-0.34948920259187
-0.055509,-0.344282043183314
-0.07097,-0.338811519001745
-0.0862,-0.333088571449442
-0.10119,-0.327126684460229
-0.11591,-0.32092538255146
-0.13037,-0.314502405234567
-0.14455,-0.307867401553174
-0.15843,-0.301023129583024
-0.17201,-0.293981386183588
-0.18527,-0.286746032230183
-0.19821,-0.279329105696016
-0.2108,-0.271726615713655
-0.22305,-0.26395122147316
-0.23494,-0.256006372852539
-0.24645,-0.247887899539903
-0.25759,-0.239607674421711
-0.26834,-0.231167905963974
-0.27868,-0.222562860188536
-0.28861,-0.213795240857439
-0.29811,-0.204859596926378
-0.30719,-0.195766151983305
-0.31582,-0.186507840088526
-0.32399,-0.177078561798407
-0.3317,-0.167480476242099
-0.33893,-0.157707490235796
-0.34568,-0.147761755803351
-0.35194,-0.137644571659799
-0.35769,-0.127349078064785
-0.36294,-0.116884165161919
-0.36766,-0.106241568636657
-0.37186,-0.0954289649893697
-0.37553,-0.0844518598078943
-0.37867,-0.0733212441110817
-0.38126,-0.0620374303783458
-0.38332,-0.0506216743928851
-0.38483,-0.0390819524688931
-0.3858,-0.0274374924720317
-0.38622,-0.0157012628935082
-0.38609,-0.00388820325711703
-0.38543,0.0079708043713648
-0.38423,0.01985506765155
-0.3825,0.0317379140035857
-0.38025,0.0435886210397481
-0.37748,0.0553814830077557
-0.3742,0.0670882133375394
-0.37043,0.0786719014893911
-0.36618,0.0900971649284142
-0.36145,0.101338308658571
-0.35628,0.112348689998391
-0.35067,0.123095746566675
-0.34464,0.13354450228161
-0.33821,0.143659151205743
-0.3314,0.153404366140404
-0.32424,0.162738955727067
-0.31673,0.171640502031641
-0.30892,0.180065579269328
-0.30082,0.187984805799013
-0.29245,0.19537375883233
-0.28384,0.202205541460298
-0.27502,0.208452252817833
-0.26601,0.214093594763664
-0.25684,0.219108824443434
-0.24753,0.223485074898478
-0.23811,0.227209064276343
-0.22862,0.230260417395481
-0.21906,0.232643438542183
-0.20947,0.234352913995579
-0.19988,0.235383767312391
-0.1903,0.235746213907895
-0.18077,0.235440590943299
-0.17131,0.234474289398155
-0.16193,0.232867804437219
-0.15266,0.230637075380048
-0.14353,0.227794137978821
-0.13454,0.224369912232933
-0.12572,0.220387688470116
-0.11709,0.215871516065287
-0.10865,0.210860311728847
-0.10042,0.205389244058908
-0.092422,0.199488112274678
-0.084648,0.193203812725768
-0.077115,0.186577304719375
-0.069824,0.179655498649751
-0.062783,0.172483640142705
-0.055986,0.165114719963306
-0.049441,0.157596120764044
-0.043139,0.149981898879184
-0.037082,0.14232177224952
-0.03126,0.134669341879571
-0.025671,0.12707379787386
-0.020304,0.119585897124514
-0.015153,0.11225236145534
-0.010206,0.105119581388278
-0.0054549,0.0982292674563636
-0.000886,0.0916220756648149
0.0035075,0.085331296505646
0.0077434,0.0793911864011339
0.011827,0.0738262687128188
0.015776,0.0686613738464345
0.0196,0.0639145597378004
0.023309,0.0595978705788172
0.026917,0.0557207699314082
0.030434,0.0522870675044152
0.033868,0.0492940798260065
0.03723,0.0467358333930908
0.040528,0.0446013123602568
0.043772,0.0428768969350268
0.046965,0.0415417629436335
0.050117,0.0405747399158225
0.05323,0.0399487810248247
0.056312,0.039637042675345
0.059364,0.0396081946442378
0.062388,0.0398287040618303
0.065385,0.0402632838311181
0.068361,0.0408797700218924
0.071312,0.0416419112523013
0.074236,0.042512567215829
0.077138,0.0434600353890783
0.080011,0.0444489873531556
0.082854,0.0454465959192657
0.085665,0.0464222538624391
0.08844,0.0473465736664666
0.091176,0.0481927881339115
0.093867,0.0489348695905517
0.09651,0.0495504466394222
0.099098,0.050017894951714
0.10163,0.0503213793857748
0.10409,0.0504392423780358
0.10648,0.0503592055396842
0.1088,0.0500755923654592
0.11103,0.049573610459346
0.11317,0.0488464953798051
0.11521,0.0478869264227285
0.11715,0.0466949142591227
0.11899,0.0452765696563668
0.1207,0.0436207561579169
0.1223,0.0417398707443696
0.12376,0.0396281335597743
0.1251,0.0373023954508365
0.1263,0.0347678659929676
0.12737,0.0320425568661986
0.12829,0.0291322554370297
0.12908,0.0260624291714947
0.12971,0.0228368493637533
0.13021,0.0194861457375405
0.13056,0.0160248736080487
0.13077,0.012476482765496
0.13085,0.00887100219600439
0.13079,0.00522819998616702
0.1306,0.00157383684956332
0.13029,-0.00206219990543265
0.12986,-0.00565491522675168
0.12932,-0.00917657585179911
0.12867,-0.0126054428001632
0.12793,-0.0159104809850796
0.12711,-0.0190614742940675
0.12621,-0.0220371689024779
0.12524,-0.0248168340580897
0.12421,-0.0273808576151147
0.12314,-0.0297038055993927
0.12203,-0.0317711715907974
0.1209,-0.0335630175129679
0.11975,-0.035070521231707
0.11859,-0.0362868427377333
0.11744,-0.037199713566594
0.1163,-0.0378077856502213
0.11518,-0.0381113359242818
0.1141,-0.0381047286440479
0.11305,-0.0378000667890841
0.11206,-0.0371940163613593
0.11111,-0.0363080226511804
0.11023,-0.0351461098088538
0.10942,-0.0337204729051248
0.10867,-0.0320570821165941
0.108,-0.0301702528391731
0.10742,-0.0280720113270356
0.10691,-0.0257944714407487
0.10649,-0.0233555696684213
0.10616,-0.0207761716616058
0.10591,-0.0180863634620488
0.10574,-0.0153154818848906
0.10565,-0.012491477769088
0.10563,-0.00964781265938551
0.10569,-0.00680666617641114
0.1058,-0.00401005102847586
0.10597,-0.00128519541337878
0.10618,0.00133121903856226
0.10643,0.00381077001258946
0.10671,0.00612518520958021
0.107,0.00823981973357824
0.1073,0.0101307618781359
0.10759,0.0117687722934891
0.10787,0.0131360757304358
0.10811,0.0142026250692461
0.10831,0.0149516694141581
0.10846,0.015370439700909
0.10855,0.015449946142003
0.10856,0.0151773185100652
0.10848,0.014544517374757
0.1083,0.0135478284986082
0.108,0.0121799431929855
0.10759,0.0104532464836529
0.10704,0.0083662998123419
0.10634,0.00592154542037213
0.10548,0.0031246616090841
0.10446,-8.65113803333361e-06
0.10326,-0.00346965815420047
0.10186,-0.00725533129433739
0.10027,-0.0113450194029145
0.098468,-0.0157279647805782
0.096444,-0.0203926971132437
0.094189,-0.0253266622920423
0.091696,-0.0305152240413422
0.088957,-0.035943143786271
0.085959,-0.0415987612205174
0.082699,-0.0474661919264386
0.079167,-0.0535317330746287
0.075359,-0.0597793650176833
0.071269,-0.0661931135199533
0.066889,-0.0727589626765731
0.062218,-0.0794597006787363
0.057252,-0.0862782526339371
0.051987,-0.0931981523163076
0.046427,-0.100197998625022
0.040568,-0.107258955927327
0.034416,-0.114357427938361
0.027972,-0.121470379276302
0.021244,-0.12857074250959
0.014238,-0.135630486576816
0.0069618,-0.142620314120538
-0.00057468,-0.149509225842058
-0.008359,-0.156263929244345
-0.016378,-0.162849764453886
-0.024618,-0.169231646744978
-0.03306,-0.175371300844163
-0.04169,-0.18123276093677
-0.05049,-0.186780102947318
-0.059435,-0.191973411765791
-0.06851,-0.196778219538201
-0.077689,-0.201157454299212
-0.08695,-0.205076125653873
-0.096272,-0.208502839504129
-0.10563,-0.211407240341039
-0.11499,-0.213754231813934
-0.12434,-0.215522374173829
-0.13364,-0.216681386711308
-0.14288,-0.217217147058977
-0.15201,-0.217099648830632
-0.16103,-0.216324151875697
-0.16989,-0.214869732420051
-0.17857,-0.212725458681002
-0.18705,-0.209889030128821
-0.19529,-0.206350664110528
-0.20328,-0.202117270710244
-0.21097,-0.197179719107709
-0.21836,-0.191553421018387
-0.22541,-0.185243827176448
-0.2321,-0.178263239239378
-0.23841,-0.170629366335045
-0.24431,-0.162356608896626
-0.24978,-0.153463887251572
-0.25479,-0.143966017322276
-0.25934,-0.13389643120416
-0.2634,-0.123280615826277
-0.26696,-0.112151869671041
-0.26998,-0.100526786435526
-0.27247,-0.088445068814856
-0.27441,-0.0759418340286312
-0.27577,-0.0630401846518624
-0.27656,-0.0497824789959661
-0.27675,-0.0361958491377312
-0.27634,-0.0223165561109086
-0.27533,-0.00818717355798001
-0.2737,0.00616065078320762
-0.27145,0.0206902473463611
-0.26858,0.0353620138983221
-0.26509,0.0501351865479138
-0.26097,0.0649767113572797
-0.25623,0.079846027208755
-0.25088,0.0946977994461711
-0.24491,0.109499049249064
-0.23834,0.124205678970879
-0.23118,0.138773435968995
-0.22345,0.153151965948288
-0.21514,0.167309779544918
-0.20629,0.181194737881189
-0.1969,0.194769314502942
-0.18701,0.207979474288112
-0.17663,0.220781802396529
-0.16578,0.233135522421917
-0.15451,0.244981217821674
-0.14282,0.256283336902337
-0.13077,0.266982489318952
-0.11837,0.277038984288432
-0.10566,0.286408252283116
-0.092678,0.295044845394531
-0.079461,0.302904945815768
-0.066045,0.309948352636903
-0.052471,0.316135559772665
-0.038778,0.321430565195688
-0.025004,0.325802308542939
-0.011193,0.329220527369804
0.0026191,0.331662824412174
0.016386,0.333106474399044
0.03007,0.333535875642743
0.043625,0.332935788548668
0.057017,0.331301028875217
0.070201,0.328626923202861
0.083137,0.324913421282712
0.095787,0.320166051847076
0.10811,0.314392831314907
0.12007,0.307607602300001
0.13162,0.299820713849019
0.14273,0.291052281441818
0.15337,0.281330024456942
0.1635,0.270679907902113
0.17308,0.259126006963624
0.18208,0.246697806329989
0.19048,0.233435916739347
0.19824,0.219374181941903
0.20534,0.204554983675304
0.21175,0.189019133856706
0.21744,0.172805132936844
0.22239,0.155955992777607
0.22659,0.138524593016886
0.23002,0.120562928960514
0.23266,0.102120834339378
0.23449,0.0832449703344121
0.23551,0.0639928541419459
0.23571,0.0444216748431893
0.23509,0.0245940578959527
0.23363,0.00456035123002651
0.23135,-0.0156109880443405
0.22823,-0.0358685648730307
0.2243,-0.056139409510965
0.21955,-0.0763649838790862
0.214,-0.0964780774434725
0.20766,-0.11641402286976
0.20055,-0.136104896308832
0.1927,-0.15547494736179
0.18412,-0.174459325271799
0.17484,-0.192989332328764
0.1649,-0.210988056197692
0.15433,-0.228381866056588
0.14316,-0.245102218237802
0.13143,-0.261079609814215
0.11918,-0.276246144877981
0.10647,-0.290522780140938
0.093332,-0.303844845292254
0.079818,-0.316146757507451
0.065979,-0.327365276391286
0.051869,-0.337439115825375
0.037539,-0.346313026885448
0.023047,-0.353933543660792
0.008449,-0.360252168592668
-0.006203,-0.365229291819608
-0.020845,-0.368825286219551
-0.035423,-0.371009595248588
-0.049881,-0.371758938541814
-0.064157,-0.371052708688744
-0.078201,-0.368882487852266
-0.091953,-0.365243112430797
-0.10536,-0.36013793752595
-0.11837,-0.353578393352384
-0.13092,-0.345574511731186
-0.14298,-0.336159834442226
-0.15449,-0.325364252921882
-0.1654,-0.313221754808105
-0.17567,-0.299776508987586
-0.18527,-0.285087465970139
-0.19416,-0.269216849910055
-0.20228,-0.252213345121476
-0.20963,-0.234158000605936
-0.21617,-0.215126384640667
-0.22186,-0.195187756785985
-0.2267,-0.174434079979287
-0.23065,-0.152943595942467
-0.23372,-0.130818334742412
-0.23587,-0.108139711542714
-0.23711,-0.0850071753013788
-0.23743,-0.0615170622135954
-0.23684,-0.0377751729634836
-0.23532,-0.0138696282418271
-0.23289,0.0100988358355246
-0.22957,0.0340224061188997
-0.22535,0.0578130644241786
-0.22027,0.0813646149635669
-0.21434,0.104581757062082
-0.20758,0.127373684630219
-0.20002,0.149648853151177
-0.1917,0.171310806719319
-0.18263,0.192284550742005
-0.17286,0.212485510177978
-0.16243,0.231831757066656
-0.15138,0.250246407167586
-0.13974,0.267666834968506
-0.12757,0.284022161253718
-0.11491,0.299252303522875
-0.1018,0.313308258398991
-0.088306,0.326132814865384
-0.074468,0.337683669720974
-0.060343,0.347919858417363
-0.045981,0.356808525966612
-0.031436,0.364322021216135
-0.016761,0.370439099956477
-0.0020151,0.375140453414215
0.012754,0.378417970672907
0.02749,0.380267095309983
0.042135,0.380685719497396
0.056646,0.379685397311942
0.070959,0.37727344283998
0.085031,0.373469635724749
0.098806,0.368294174697662
0.11224,0.361776408620323
0.12528,0.353946060878129
0.13789,0.344845333804905
0.15001,0.334507971791853
0.16161,0.322982495879067
0.17265,0.310320918403241
0.18309,0.29657691169222
0.19289,0.281804236915308
0.20201,0.266055422896657
0.21044,0.249402876201772
0.21813,0.231903569283663
0.22507,0.213630101092567
0.23124,0.194658300468585
0.2366,0.175049714121572
0.24116,0.15488958334148
0.24489,0.134250236236317
0.24779,0.11321365155101
0.24984,0.0918523668530951
0.25105,0.0702512775426095
0.25142,0.0484952678334295
0.25094,0.0266592084787247
0.24963,0.00482969714204418
0.24749,-0.0169147345918768
0.24454,-0.0384898089147132
0.24078,-0.0598241355910735
0.23624,-0.0808369451091019
0.23093,-0.101457389246406
0.22488,-0.121610274307601
0.2181,-0.141234281215464
0.21063,-0.160259327459182
0.20249,-0.178625539753497
0.19371,-0.196276100685762
0.18431,-0.213166209398448
0.17434,-0.229240411088538
0.16381,-0.244466369500938
0.15277,-0.258802316790272
0.14124,-0.27222283033418
0.12927,-0.284694792722082
0.11687,-0.296209976130882
0.1041,-0.306744078955471
0.090979,-0.316291407689538
0.077545,-0.324847944638384
0.063833,-0.332413908860422
0.049877,-0.338994198704269
0.035714,-0.344595636931027
0.021378,-0.349229104038796
0.0069039,-0.352908233541043
-0.0076725,-0.355648254461338
-0.022313,-0.357463870958311
-0.036986,-0.358374187146577
-0.051652,-0.358395804257579
-0.066276,-0.357546459070691
-0.080826,-0.355846784932141
-0.095261,-0.35331275170843
-0.10955,-0.349963715657903
-0.12365,-0.345812519923213
-0.13753,-0.340875409400101
-0.15116,-0.335171777200996
-0.16449,-0.328708328842364
-0.1775,-0.321503605313576
-0.19014,-0.313563049171649
-0.20238,-0.304896213926595
-0.21418,-0.295508324295131
-0.22551,-0.285408372267781
-0.23633,-0.274600746112521
-0.2466,-0.263085991733964
-0.25629,-0.250868914585008
-0.26536,-0.237950206792265
-0.27379,-0.224341995788456
-0.28152,-0.210035702559443
-0.28854,-0.195043231721666
-0.29481,-0.179370473077585
-0.3003,-0.163025691313468
-0.30499,-0.146026221961347
-0.30884,-0.128381445586898
-0.31183,-0.110108848540245
-0.31395,-0.0912393581303513
-0.31516,-0.0717917104463514
-0.31546,-0.0518038664287182
-0.31483,-0.0313134478033937
-0.31326,-0.0103641572570592
-0.31074,0.0109966217071133
-0.30726,0.0327198756010157
-0.30282,0.0547492842425638
-0.29742,0.0770242536511496
-0.29105,0.0994898941178834
-0.28374,0.122067963311509
-0.27549,0.144685845434498
-0.26629,0.167285003551489
-0.25619,0.18977569892751
-0.24517,0.212097478433004
-0.23327,0.234171052801146
-0.22051,0.255919203798217
-0.20691,0.277268809952005
-0.1925,0.29814501209131
-0.1773,0.318481378140669
-0.16136,0.338198317824953
-0.14469,0.357237819688085
-0.12735,0.375524347086894
-0.10937,0.392992960256572
-0.090804,0.409571777454455
-0.071683,0.425202798688607
-0.052062,0.43982358349451
-0.031992,0.453373318868227
-0.011526,0.465793232324723
0.0092802,0.477026286360224
0.030371,0.487019110759936
0.051685,0.495719030411702
0.073163,0.503077569284218
0.094742,0.509048727326823
0.11636,0.513591076010208
0.13795,0.51666488672389
0.15945,0.518237161890098
0.18079,0.518275892379596
0.2019,0.516751308331773
0.22273,0.513651609636971
0.2432,0.508958189735602
0.26325,0.502662803413821
0.2828,0.494751523213727
0.30181,0.485236311518682
0.3202,0.474120609431749
0.3379,0.461408773681228
0.35486,0.447121014971049
0.37102,0.431282815604006
0.38631,0.413916233041923
0.40068,0.395055124771794
0.41407,0.374734887451378
0.42643,0.352998902916215
0.4377,0.329888692231167
0.44784,0.305458174151331
0.45681,0.279770005465446
0.46455,0.252877572284236
0.47104,0.224855041306633
0.47624,0.195776623722825
0.48011,0.165714609913147
0.48263,0.134752571796539
0.48378,0.10298087450139
0.48353,0.0704854416375056
0.48187,0.0373609491235494
0.47879,0.00370639065887621
0.4743,-0.0303638576534331
0.46837,-0.0647559431250621
0.46102,-0.0993584393730802
0.45225,-0.134063920579355
0.44208,-0.168756701819289
0.43053,-0.203318010084938
0.41762,-0.237630275207116
0.40337,-0.271580607603333
0.38781,-0.30505613431762
0.37099,-0.337932883446975
0.35295,-0.370089330909302
0.33371,-0.401424692080895
0.31335,-0.43181400478511
0.2919,-0.461153936745568
0.26943,-0.489332606216938
0.24599,-0.5162498883615
0.22165,-0.541803912950122
0.19648,-0.565895038311258
0.17054,-0.588436405580834
0.14391,-0.609339942135355
0.11666,-0.628527308455077
0.088873,-0.645921458994483
0.060626,-0.66145385863318
0.032005,-0.675058978363903
0.0030899,-0.686680941217997
-0.026036,-0.696271591538758
-0.055284,-0.703787245304135
-0.08457,-0.709193329301891
-0.11381,-0.7124645321745
-0.14291,-0.71357718875103
-0.17179,-0.712520815576154
-0.20037,-0.709296679377065
-0.22856,-0.703908908134214
-0.25628,-0.696371998537783
-0.28344,-0.686701755452221
-0.30998,-0.67493749126687
-0.33581,-0.661114885253084
-0.36086,-0.645281126630727
-0.38506,-0.62749196507973
-0.40834,-0.607809053321275
-0.43063,-0.586297586502479
-0.45188,-0.563039033887567
-0.47202,-0.538111330748555
-0.49099,-0.511595121378182
-0.50875,-0.483586043302194
-0.52524,-0.45417459252346
-0.54042,-0.423459544158787
-0.55425,-0.391543693021151
-0.56669,-0.358530253149985
-0.57771,-0.324527274523951
-0.58727,-0.289636219878204
-0.59535,-0.253965052369001
-0.60193,-0.21762376617749
-0.60698,-0.180713282642824
-0.61051,-0.14335366251954
-0.61249,-0.105647135463002
-0.61292,-0.0677004875954195
-0.61181,-0.0296281469573672
-0.60915,0.00846774877659764
-0.60495,0.0464835571607512
-0.59924,0.0843030863588193
-0.59202,0.12182602174108
-0.58331,0.158953480915286
-0.57315,0.195576366478763
-0.56155,0.231603240399447
-0.54857,0.266923185072597
-0.53422,0.301450353665095
-0.51856,0.33508528438151
-0.50162,0.367743260006178
-0.48347,0.399325014957992
-0.46414,0.429752679296414
-0.44371,0.458931635879046
-0.42222,0.486786781813258
-0.39973,0.513246876430172
-0.37632,0.538231831729035
-0.35205,0.561672268587508
-0.32698,0.583510204974975
-0.3012,0.603677125798701
-0.27476,0.622128339021287
-0.24776,0.638803471363307
-0.22027,0.653654184890818
-0.19236,0.666643994785159
-0.16411,0.677740411280352
-0.1356,0.68691587703475
-0.10692,0.694140967404331
-0.078139,0.699401854506338
-0.049342,0.7026865867008
-0.020611,0.703988003972953
0.0079757,0.70330644269192
0.036339,0.700648357294487
0.064397,0.69602353307573
0.092074,0.689449367478798
0.11929,0.680946314617968
0.14597,0.670540968463709
0.17204,0.658265384578137
0.19744,0.644165964099203
0.22207,0.628270255410404
0.24589,0.610634589958472
0.26882,0.59130772363953
0.2908,0.570346061930186
0.31177,0.547810884361596
0.33168,0.523773331505036
0.35047,0.498303328057298
0.36809,0.471475424623017
0.3845,0.443373332455475
0.39965,0.414078499962148
0.41351,0.383683100052106
0.42605,0.352285377938661
0.43723,0.319978298500669
0.44703,0.286862662973804
0.45544,0.253050031033525
0.46244,0.218649961313188
0.46803,0.183781916206982
0.47219,0.148554960948268
0.47493,0.113088595466405
0.47626,0.077507036583166
0.47618,0.0419270480819113
0.47471,0.00647046046844263
0.47186,-0.0287481067970189
0.46768,-0.0635940127009519
0.46217,-0.0979577654004476
0.45537,-0.131724258737588
0.44732,-0.16477775049477
0.43806,-0.197005913841134
0.42763,-0.228303043298489
0.41607,-0.258572497415556
0.40343,-0.287721062026596
0.38977,-0.315654331946379
0.37512,-0.342302613090191
0.35956,-0.367582001200409
0.34312,-0.39143734093984
0.32589,-0.413794740242613
0.3079,-0.434612526560781
0.28923,-0.453840111001697
0.26993,-0.471444219428844
0.25008,-0.487385178221223
0.22972,-0.501649713373769
0.20894,-0.514210107226696
0.1878,-0.525050783229661
0.16635,-0.534174584665761
0.14468,-0.541570347124549
0.12283,-0.547253643483074
0.10089,-0.551224924235478
0.078899,-0.55351082763205
0.056936,-0.554129443887024
0.03506,-0.553106869204862
0.013327,-0.550477710834492
-0.0082013,-0.546278792980581
-0.029467,-0.540551000203293
-0.050418,-0.533342083234377
-0.070998,-0.524701294994852
-0.091158,-0.514683480854595
-0.11085,-0.503347518021045
-0.13002,-0.490749723215516
-0.14863,-0.476954822488857
-0.16664,-0.462031213172045
-0.18399,-0.446033686842109
-0.20067,-0.429041575582319
-0.21662,-0.41111485850819
-0.23182,-0.392325805826926
-0.24623,-0.372739739451859
-0.25983,-0.352429254398346
-0.27258,-0.331455867500934
-0.28446,-0.309885059243425
-0.29546,-0.287790866350932
-0.30554,-0.265229752970475
-0.3147,-0.242271745927223
-0.32291,-0.218973378167342
-0.33017,-0.195400587818033
-0.33646,-0.171609928689021
-0.34177,-0.147655839917607
-0.34611,-0.123603939235358
-0.34945,-0.099497062307691
-0.35181,-0.0753950301511798
-0.35319,-0.0513544820642413
-0.35358,-0.0274200994466075
-0.35298,-0.00363261608916716
-0.35142,0.0199498352493297
-0.34889,0.0432867312720243
-0.34541,0.0663311471714234
-0.34099,0.0890401596092063
-0.33564,0.111375727744077
-0.32938,0.133297881529333
-0.32223,0.154766671533234
-0.31422,0.175736333523906
-0.30535,0.196180315478134
-0.29566,0.216059180622382
-0.28517,0.235339441236147
-0.27391,0.253986382236175
-0.2619,0.271973097622385
-0.24917,0.289272774348208
-0.23576,0.305852461303791
-0.2217,0.321682981759829
-0.207,0.336754215361095
-0.19172,0.351035147691568
-0.17588,0.364508758424632
-0.15952,0.377155384043767
-0.14266,0.388968957738721
-0.12536,0.399925355772924
-0.10764,0.410016501397264
-0.089538,0.419234524441053
-0.0711,0.42756637640336
-0.052361,0.435003654766462
-0.033362,0.441537811210884
-0.014142,0.447162197289069
0.0052571,0.451870024699007
0.024793,0.455654558860841
0.044426,0.458511477516692
0.064113,0.460436258669821
0.083812,0.461425395545583
0.10348,0.461475782648193
0.12308,0.460589376195259
0.14257,0.458768673558396
0.1619,0.456010823204833
0.18104,0.452323708741736
0.19994,0.447709039434909
0.21857,0.442178455050998
0.23689,0.435744048524667
0.25486,0.428418100404224
0.27244,0.42021284077082
0.2896,0.411147638375081
0.3063,0.40123980444103
0.32251,0.390512010460152
0.3382,0.378990715240682
0.35332,0.366689988104279
0.36787,0.353650543071589
0.3818,0.339896537500105
0.39509,0.325460331776469
0.40771,0.310372620373811
0.41963,0.294661899260934
0.43084,0.278368865912708
0.44132,0.261535509923132
0.45103,0.244188871625841
0.45997,0.226372686196293
0.46811,0.208120666304584
0.47543,0.189464796116093
0.48193,0.17044943610598
0.48759,0.151112779101219
0.49238,0.131479441979595
0.4963,0.111584405098846
0.49935,0.0914698450403054
0.50149,0.0711528075483333
0.50274,0.0506737458623875
0.50307,0.030053672203008
0.50248,0.00931929215714041
0.50097,-0.0114990817555721
0.49853,-0.0323766960909087
0.49515,-0.0532942095348379
0.49085,-0.0742152482793977
0.4856,-0.0951279210352508
0.47943,-0.115996290618089
0.47233,-0.136795842339438
0.4643,-0.15750478985184
0.45536,-0.178089608450128
0.44552,-0.198515858802104
0.43478,-0.218756932459005
0.42316,-0.238778718875069
0.41067,-0.2585496330578
0.39733,-0.278033840313802
0.38316,-0.297193304815787
0.36817,-0.315996898092891
0.35241,-0.334390585960402
0.33587,-0.352347956159893
0.31861,-0.36981408902509
0.30063,-0.386757216300593
0.28197,-0.403135804286333
0.26266,-0.418909271988926
0.24273,-0.43403920976022
0.22222,-0.448482917243938
0.20114,-0.462217900006672
0.17955,-0.475201932192667
0.15746,-0.487415341366316
0.13492,-0.498827940713991
0.11196,-0.509417028659015
0.088609,-0.519167643746082
0.064903,-0.528066654978229
0.040877,-0.536103860931888
0.016565,-0.543272787380088
-0.0080015,-0.549572331073666
-0.032785,-0.55500164500686
-0.05776,-0.559569305973075
-0.082883,-0.563278252869341
-0.10813,-0.566141506951706
-0.13346,-0.568167562509184
-0.15884,-0.569367196611422
-0.18424,-0.569755175091873
-0.20962,-0.569341888524263
-0.23496,-0.568148890611846
-0.26021,-0.566184131124184
-0.28533,-0.563451902990212
-0.31031,-0.559975722727784
-0.33509,-0.55575709738349
-0.35966,-0.550816805234201
-0.38396,-0.545153688071357
-0.40798,-0.538785955417152
-0.43166,-0.531709997858854
-0.45499,-0.52394170940759
-0.47792,-0.515482713878688
-0.50041,-0.506330487493456
-0.52244,-0.496494008135172
-0.54398,-0.485983889111012
-0.56497,-0.474789590878002
-0.5854,-0.462920756619128
-0.60523,-0.450380839243911
-0.62442,-0.437168199477375
-0.64294,-0.42328450958494
-0.66076,-0.408734046135565
-0.67784,-0.393515659596712
-0.69416,-0.377638630380939
-0.70968,-0.361105596269992
-0.72437,-0.343921151602955
-0.73821,-0.326098724442238
-0.75115,-0.307636306944969
-0.76318,-0.28854906022976
-0.77427,-0.268850772580326
-0.78439,-0.248553745848181
-0.79351,-0.227668730414134
-0.80161,-0.206212300992757
-0.80867,-0.184205252258239
-0.81466,-0.161663796543878
-0.81956,-0.138607368632015
-0.82336,-0.115064824714815
-0.82602,-0.0910496038833807
-0.82753,-0.0665844678595332
-0.82789,-0.0417063993396367
-0.82706,-0.0164332014850121
-0.82504,0.00920377540225294
-0.82182,0.0351706012860052
-0.81738,0.0614396771307853
-0.81172,0.0879745813925481
-0.80482,0.114747683030854
-0.79669,0.141717140514169
-0.78731,0.168853119513161
-0.77669,0.196114248527364
-0.76482,0.223465936311665
-0.75171,0.25086538525304
-0.73736,0.27827192613241
-0.72178,0.305640510811986
-0.70498,0.332923990302591
-0.68696,0.360082415607691
-0.66774,0.387068177804769
-0.64733,0.413836430907473
-0.62575,0.440338638981846
-0.60302,0.466524879706729
-0.57917,0.492338350098955
-0.5542,0.517740715976175
-0.52816,0.542672915930588
-0.50106,0.567090682426867
-0.47293,0.590948422081974
-0.44381,0.614193670719455
-0.41372,0.636784994853031
-0.38271,0.658669163461565
-0.3508,0.679807439408001
-0.31803,0.700159423600336
-0.28446,0.719670082950712
-0.25011,0.738304045404548
-0.21503,0.756020969386522
-0.17926,0.772785415450742
-0.14286,0.788552482190425
-0.10588,0.803278656151275
-0.068352,0.816936437792097
-0.030345,0.829485045809223
0.0080925,0.840889672359145
0.046903,0.851115020831493
0.086032,0.860128986214476
0.12541,0.867892220869052
0.16499,0.874377642562397
0.20471,0.8795581053884
0.24449,0.883394242233788
0.28428,0.885860469842545
0.32401,0.886928609003053
0.36362,0.886576939865365
0.40304,0.884782534001031
0.4422,0.88152249334526
0.48104,0.876782333897964
0.51948,0.870540329131328
0.55746,0.862784651462126
0.59492,0.853512131337743
0.63178,0.842712234701053
0.66798,0.830383905413719
0.70344,0.816519290850783
0.73812,0.801135164991905
0.77193,0.784231040019722
0.80482,0.7658223958986
0.83673,0.745930044962796
0.86758,0.724564008242124
0.89733,0.701755145192081
0.9259,0.67752091461655
0.95325,0.651897270319937
0.97932,0.624919486480425
1,0.59362526376532
1,0.544438841832918
1,0.482178912952755
1,0.411076682912189
1,0.334797870620921
1,0.256469387557022
1,0.178710014636678
1,0.103664341784452
1,0.0330392138113435
1,-0.0318580697772535
1,-0.0900805283450903
1,-0.141001932492449
1,-0.184277525896551
1,-0.219805603154534
1,-0.247690439775638
1,-0.268206996594717
1,-0.281767745890794
1,-0.288891892409583
1,-0.290177190981326
1,-0.286274494845578
1,-0.277865106193634
1,-0.265640943592835
1,-0.250287490392893
1,-0.232469444239019
1,-0.212818950542754
1,-0.191926272134987
1,-0.170332723152022
1,-0.148525677174863
1,-0.126935447352391
0.97558,-0.123999957224701
0.9471,-0.139082375424665
0.91697,-0.169460719912905
0.88526,-0.212513167198941
0.85202,-0.26576290112485
0.8173,-0.326899395653533
0.78118,-0.393772420017808
0.7437,-0.464437822811089
0.70496,-0.537117793459327
0.665,-0.610255606051504
0.62392,-0.682467272247442
0.58178,-0.75257377132795
0.53866,-0.819578759674084
0.49465,-0.882654428403288
0.44984,-0.941134032608233
0.40429,-0.994524568515332
0.35811,-1.04245381121139
0.31137,-1.08469136143246
0.26418,-1.1211028996758
0.21661,-1.15166999988148
0.16876,-1.17645121302088
0.12071,-1.19558548480746
0.072574,-1.20925259689773
0.024425,-1.21769534503547
-0.023634,-1.22118288124692
-0.071518,-1.22001557350659
-0.11913,-1.21450548767877
-0.16638,-1.2049739661341
-0.21318,-1.19174530089665
-0.25944,-1.17513817868998
-0.30508,-1.15546740367873
-0.34999,-1.13301541955318
-0.39411,-1.1080690061704
-0.43735,-1.08088926009238
-0.47963,-1.05171736777399
-0.52087,-1.02077211556702
-0.56101,-0.98826303473386
-0.59995,-0.954356669813507
-0.63765,-0.91922430118177
-0.67403,-0.883006197881132
-0.70903,-0.845827887370182
-0.74259,-0.807798771206936
-0.77466,-0.769018769090885
-0.80519,-0.729576488714625
-0.83413,-0.689548023479728
-0.86142,-0.64898889746561
-0.88704,-0.607965085957987
-0.91095,-0.56653339316753
-0.93312,-0.524748091925645
-0.95351,-0.482651567733693
-0.97211,-0.440296696111293
-0.98889,-0.397727660244648
-1,-0.352153468853936
-1,-0.297390060013782
-1,-0.236915727885011
-1,-0.173693843113752
-1,-0.110205188102013
-1,-0.0484825968336468
-1,0.00985271006065578
-1,0.063553708378582
-1,0.111709669033746
-1,0.153708337966693
-1,0.189198718728307
-1,0.218054926005548
-1,0.240341519080418
-1,0.256280661388705
-1,0.266221388178656
-1,0.270611200626932
-0.99682,0.272322734803574
-0.98214,0.279918178689386
-0.96602,0.292737527013604
-0.94851,0.310108060527861
-0.92967,0.331349158655529
-0.90955,0.355792267598869
-0.88822,0.382775527325889
-0.86573,0.411669821414287
-0.84216,0.44186284447592
-0.81756,0.472791031068215
-0.792,0.503927804744948
-0.76555,0.534788625589728
-0.73827,0.564941966353073
-0.71025,0.593987729536071
-0.68153,0.621598660510502
-0.6522,0.64747826902935
-0.62231,0.671393004440357
-0.59194,0.693145035305264
-0.56116,0.71257916280205
-0.53002,0.729594819267813
-0.4986,0.744117439146637
-0.46695,0.756119130493953
-0.43513,0.765604545771716
-0.40322,0.772591223837658
-0.37125,0.777145115195376
-0.3393,0.779333917286681
-0.30741,0.779255876973426
-0.27564,0.777017709039883
-0.24403,0.772746034747785
-0.21263,0.766573755116899
-0.1815,0.758628755917998
-0.15067,0.749054361738581
-0.12018,0.737995695395273
-0.090084,0.725585540064128
-0.060407,0.711964922393623
-0.031185,0.697269776900407
-0.0024569,0.681626203838727
0.025754,0.665160469081411
0.053414,0.647987729595179
0.080501,0.630219416188543
0.10699,0.611958475853503
0.13285,0.593293394571082
0.15807,0.574312922838767
0.18264,0.555103842873694
0.20652,0.535726257596509
0.22971,0.516246099021639
0.25219,0.496716781517006
0.27395,0.477186922118197
0.29498,0.457699285377295
0.31527,0.438290088811972
0.33481,0.418988619974114
0.35359,0.399817118501532
0.37161,0.380798277299739
0.38885,0.361939110496374
0.40533,0.343262759232502
0.42103,0.324774572771408
0.43595,0.306479636197366
0.4501,0.288389532460617
0.46347,0.270505473130406
0.47607,0.252834584200235
0.48789,0.235373321079221
0.49895,0.218131388173729
0.50925,0.20111372604541
0.51879,0.184320937424819
0.52759,0.167764554379381
0.53564,0.151442104174222
0.54296,0.135361770244503
0.54955,0.11952502931837
0.55543,0.103942437400425
0.56061,0.0886239476747518
0.56509,0.0735711374203267
0.56888,0.058785955830584
0.57199,0.0442703776653434
0.57444,0.030033536545422
0.57623,0.0160751158989243
0.57738,0.00240180029542272
0.57789,-0.0109892235344014
0.57777,-0.0241011228423048
0.57704,-0.0369300317961242
0.57569,-0.0494888504736443
0.57374,-0.0617816099423298
0.5712,-0.0738126133221494
0.56807,-0.0855937782842613
0.56436,-0.0971355584971926
0.56006,-0.108461844689781
0.5552,-0.119577236382644
0.54977,-0.13050031002255
0.54376,-0.141260473033619
0.5372,-0.151865557595512
0.53007,-0.162342799948607
0.52239,-0.172704783601756
0.51415,-0.182974130761578
0.50535,-0.193173543300554
0.496,-0.203317764194591
0.48609,-0.213429474840088
0.47563,-0.223522305902718
0.46463,-0.233602156840181
0.45308,-0.243683236715729
0.441,-0.253763793726534
0.42837,-0.263858737459652
0.41522,-0.273958934585455
0.40154,-0.284065587389378
0.38734,-0.294173297250384
0.37264,-0.304263989431466
0.35743,-0.314331930860074
0.34174,-0.324351814937953
0.32556,-0.334312727447934
0.30893,-0.344178595876841
0.29184,-0.353930939708106
0.27432,-0.363536323691599
0.25639,-0.372957515376491
0.23806,-0.382162590082955
0.21935,-0.391117368625361
0.2003,-0.399772006613065
0.18092,-0.408087586677111
0.16124,-0.416020314795597
0.1413,-0.423516332970182
0.12111,-0.430537403331535
0.10071,-0.437036859365563
0.080139,-0.44296339394695
0.059428,-0.448269423693555
0.038608,-0.452911842256039
0.017726,-0.456840702534481
-0.0031861,-0.460013290655191
-0.024084,-0.462384960403255
-0.044928,-0.463914387678412
-0.065675,-0.464561816056187
-0.086281,-0.464289464488899
-0.10671,-0.463068398957812
-0.1269,-0.460858703483949
-0.14683,-0.457643340122557
-0.16644,-0.453395685411136
-0.18569,-0.448097252520189
-0.20455,-0.44174436269258
-0.22295,-0.434316157213203
-0.24088,-0.425823207797048
-0.25827,-0.416257118517765
-0.27511,-0.405639139318098
-0.29134,-0.393977203127323
-0.30693,-0.381290791922368
-0.32184,-0.367601062707851
-0.33606,-0.352952412074169
-0.34953,-0.337370061329871
-0.36224,-0.320900289942471
-0.37415,-0.303583109674947
-0.38525,-0.285474749671742
-0.39552,-0.266635739439673
-0.40492,-0.247113757997127
-0.41344,-0.226967070442544
-0.42106,-0.20625351642274
-0.42778,-0.185043803269215
-0.43358,-0.163402267472158
-0.43844,-0.141386282624372
-0.44237,-0.119068104962784
-0.44534,-0.0965002889657103
-0.44737,-0.0737548531216101
-0.44843,-0.0508803481943968
-0.44855,-0.0279491929041104
-0.4477,-0.00500642682765087
-0.44591,0.0178821543776063
-0.44318,0.0406583261622042
-0.43951,0.0632718944698061
-0.43491,0.0856734898960068
-0.42939,0.107816150513465
-0.42296,0.129656544446363
-0.41565,0.15114107396953
-0.40746,0.17223192323037
-0.39842,0.192883274011031
-0.38853,0.213066728206849
-0.37784,0.232732176854487
-0.36635,0.251850778765264
-0.35409,0.270389879305946
-0.3411,0.28830768749544
-0.32739,0.305578793257671
-0.313,0.322169932342667
-0.29796,0.338050236900669
-0.2823,0.35319202739442
-0.26606,0.367563966777735
-0.24926,0.381147819307944
-0.23196,0.393907234797367
-0.21417,0.405829612556243
-0.19595,0.416885259583348
-0.17733,0.427054076153693
-0.15835,0.436317216652236
-0.13904,0.444665126737077
-0.11946,0.452074185395201
-0.099642,0.458531122233898
-0.079624,0.464027270449716
-0.059453,0.468551592564153
-0.039168,0.472097679168378
-0.018817,0.474656681105229
0.0015597,0.476224012986712
0.021916,0.476794646177914
0.042205,0.476363010222586
0.062383,0.474925869642879
0.082404,0.47248050084187
0.10222,0.469023418011984
0.12178,0.464548610792684
0.14105,0.459060969057679
0.15996,0.452547610981535
0.17848,0.445011429041628
0.19656,0.436453333611674
0.21415,0.426872782143766
0.2312,0.416268227450868
0.24767,0.404644890420094
0.26351,0.392006050864643
0.27868,0.378360862634143
0.29314,0.363723095447703
0.30685,0.348109993981241
0.31976,0.331533857678624
0.33184,0.314017552373535
0.34306,0.295591935230137
0.35337,0.276278768156309
0.36277,0.256128934657256
0.3712,0.235171114512089
0.37865,0.213452322233746
0.3851,0.191025700155573
0.39052,0.167940504075014
0.3949,0.144256287313214
0.39821,0.120024448981604
0.40046,0.0953179201055088
0.40162,0.0701953353330255
0.40169,0.0447242648997491
0.40068,0.0189848802341617
0.39857,-0.00695702758570671
0.39538,-0.0330196880903607
0.3911,-0.059133104738766
0.38577,-0.0852019774703048
0.37937,-0.111157862442607
0.37194,-0.136911799922419
0.36349,-0.16238326512238
0.35405,-0.187486326389944
0.34365,-0.212133453172532
0.3323,-0.236253448159252
0.32006,-0.259753737145932
0.30694,-0.282564511078303
0.293,-0.304599774392131
0.27826,-0.325792959420277
0.26278,-0.346065975206172
0.24659,-0.365356350557711
0.22975,-0.38359433982295
0.2123,-0.400721650339039
0.19429,-0.416684057433669
0.17577,-0.431432751024373
0.15679,-0.444925279665427
0.13742,-0.457111347100798
0.1177,-0.4679585352017
0.097679,-0.47744372397395
0.077422,-0.485540752958224
0.056979,-0.492233459517726
0.036408,-0.497508893646976
0.015759,-0.501363578223639
-0.004909,-0.503795709316507
-0.025544,-0.504810629883221
-0.046091,-0.504417626660643
-0.066497,-0.502630910451323
-0.08671,-0.499469502234765
-0.10668,-0.494957719164664
-0.12634,-0.489111334587216
-0.14566,-0.481966540065204
-0.16458,-0.473553170947793
-0.18305,-0.463902837559257
-0.20103,-0.453055386531246
-0.21846,-0.441041668802555
-0.2353,-0.427899425572046
-0.25152,-0.413678481619822
-0.26706,-0.398415004589179
-0.28188,-0.382148049039967
-0.29596,-0.364932778263916
-0.30925,-0.34681370088739
-0.32171,-0.32783292387688
-0.33331,-0.308036825323672
-0.34403,-0.287481298239247
-0.35384,-0.266220918853846
-0.3627,-0.244300220314382
-0.3706,-0.221776468537651
-0.37752,-0.198708083642991
-0.38344,-0.175152655755497
-0.38834,-0.151165337888872
-0.39221,-0.126804982263955
-0.39505,-0.102138970334826
-0.39684,-0.0772246782328047
-0.39759,-0.0521317528125595
-0.3973,-0.0269301430172086
-0.39597,-0.00168782373754974
-0.3936,0.0235310165057638
-0.39022,0.0486451725603402
-0.38583,0.0735844874331102
-0.38045,0.098275227916152
-0.37411,0.122635812099916
-0.36682,0.14659577421974
-0.35861,0.170081203660756
-0.34953,0.193003117493943
-0.33959,0.215292866519865
-0.32883,0.236878399961444
-0.3173,0.257680038975965
-0.30504,0.277622064751048
-0.29208,0.296641972334538
-0.27849,0.314660626010632
-0.2643,0.331617811344017
-0.24958,0.347441238341619
-0.23436,0.362081052534689
-0.21872,0.375470509753485
-0.20271,0.387553886663673
-0.18638,0.398286499417376
-0.16981,0.407612250510489
-0.15304,0.415497592345671
-0.13615,0.421899143265015
-0.1192,0.426782209024748
-0.10225,0.430120676973895
-0.085358,0.431898181328663
-0.068595,0.432097680726146
-0.052016,0.430714500398218
-0.035684,0.427748748631462
-0.019653,0.423211629631503
-0.00398,0.417121338664424
0.011285,0.409506935570735
0.026093,0.400406709816168
0.040396,0.389866581671143
0.054154,0.377943745400475
0.067328,0.36470408601332
0.079879,0.35021907742426
0.091782,0.334573432078176
0.10301,0.317859029914253
0.11353,0.30016681556797
0.12333,0.281600188241892
0.1324,0.262271351829888
0.14073,0.242296601910149
0.1483,0.221784949566036
0.15512,0.200858646695456
0.16118,0.179632335754079
0.1665,0.158233357118994
0.17107,0.136773343658438
0.17491,0.115370042981311
0.17804,0.0941424976589519
0.18046,0.073192283513795
0.18219,0.05261836459588
0.18327,0.0325290883203149
0.1837,0.0130072043644562
0.18352,-0.00585853517918804
0.18276,-0.0239850702480806
0.18143,-0.0413117222083329
0.17957,-0.0577761082240856
0.17722,-0.0733169647408812
0.17441,-0.0878837788257715
0.17116,-0.101444271201556
0.16751,-0.113967765378759
0.1635,-0.125426514570846
0.15915,-0.135811458911933
0.15452,-0.145100038168162
0.14962,-0.153297128744407
0.1445,-0.16040072940341
0.1392,-0.16641142657737
0.13373,-0.171354702597768
0.12815,-0.175239068016282
0.12249,-0.178081873934118
0.11676,-0.179922440917983
0.11102,-0.180780263976158
0.10529,-0.180688349263572
0.099598,-0.179684178491866
0.093978,-0.177803750757784
0.088457,-0.175086383917766
0.083061,-0.171574013526885
0.077814,-0.167311256782723
0.072747,-0.162338693940037
0.067876,-0.156703784981977
0.063229,-0.150449480754159
0.058821,-0.14362361312108
0.054674,-0.136271507446751
0.050802,-0.128441153887838
0.047221,-0.120179877134943
0.043944,-0.111535337355006
0.040983,-0.102554819139466
0.038348,-0.0932853802291478
0.036046,-0.0837746913752972
0.034088,-0.0740664960769379
0.032473,-0.0642088640701297
0.031208,-0.0542459204158001
0.030296,-0.0442201384111527
0.029734,-0.0341756910594149
0.029524,-0.024152959204767
0.029661,-0.0141930656790669
0.030143,-0.00433410248402622
0.030963,0.00538592398034856
0.032114,0.0149304229093891
0.033588,0.0242645204695718
0.035376,0.0333552637417157
0.037465,0.0421695200494977
0.039844,0.0506767275228627
0.042501,0.0588488278630197
0.045419,0.0666571894458478
0.048585,0.0740767964323289
0.051981,0.0810828723405995
0.055591,0.0876533265653292
0.059398,0.0937684331999363
0.063381,0.0994082868321095
0.067524,0.104557405712802
0.071801,0.109197225036201
0.076201,0.113318608388488
0.080695,0.116907272507982
0.085269,0.119956570539852
0.089898,0.122458355505703
0.094561,0.124406738465811
0.099241,0.125801045413967
0.10391,0.12663695942993
0.10855,0.126914991759525
0.11314,0.126637554514042
0.11766,0.125809498411558
0.12208,0.124430330296017
0.12638,0.12250285146973
0.13055,0.120040021238504
0.13456,0.117048029269604
0.13838,0.113527599822822
0.142,0.109489954367717
0.14539,0.104939810924582
0.14854,0.0998914244482599
0.15142,0.0943516702561129
0.15401,0.0883287744990461
0.15629,0.0818319030258012
0.15825,0.0748781943174987
0.15987,0.0674834229855087
0.16112,0.0596544960799344
0.16199,0.0514058032305635
0.16247,0.0427574003369113
0.16253,0.0337186014182107
0.16217,0.0243119980428181
0.16137,0.0145554852096537
0.16012,0.00447007698087475
0.15841,-0.00592128512940505
0.15622,-0.0166021504183093
0.15356,-0.0275396039713326
0.1504,-0.038717972982099
0.14675,-0.050106391662865
0.1426,-0.0616774417577511
0.13795,-0.073399904603391
0.13279,-0.0852478264465098
0.12714,-0.0971781157976887
0.12098,-0.109164713582311
0.11432,-0.121173937904848
0.10717,-0.133167015770854
0.099533,-0.145107437816819
0.091419,-0.156956487201003
0.082841,-0.168672666361277
0.073812,-0.180213537664722
0.064343,-0.191538725158043
0.054455,-0.20260342120936
0.044164,-0.213364375266969
0.033492,-0.223776557860288
0.022463,-0.233793490488684
0.011098,-0.243371260063256
-0.00057468,-0.252464069999436
-0.012528,-0.261027076956856
-0.024732,-0.269015557495292
-0.037158,-0.276387351978937
-0.049771,-0.283099157983635
-0.06254,-0.289111214512989
-0.075427,-0.294382858012059
-0.088397,-0.298876366972776
-0.10141,-0.302554072458946
-0.11444,-0.305390087307463
-0.12743,-0.307346176587252
-0.14035,-0.308395523088092
-0.15317,-0.308521616923542
-0.16583,-0.307694909577491
-0.1783,-0.305898699128562
-0.19054,-0.30312006848814
-0.2025,-0.299342480768502
-0.21416,-0.294569477725039
-0.22547,-0.288798876974413
-0.23639,-0.282031692440371
-0.24689,-0.274279216820797
-0.25692,-0.265546257566626
-0.26646,-0.2558547511127
-0.27547,-0.245225350780215
-0.28392,-0.233684786353165
-0.29177,-0.221256813098376
-0.29901,-0.207984549420122
-0.30559,-0.193896178805961
-0.31151,-0.179044225264533
-0.31673,-0.163469980380064
-0.32123,-0.147219465431821
-0.32499,-0.130341338134033
-0.32801,-0.112899900849094
-0.33026,-0.0949481696007041
-0.33174,-0.0765507976902756
-0.33244,-0.0577726265327513
-0.33235,-0.0386768151536645
-0.33147,-0.0193307313750172
-0.32981,0.000189442304534217
-0.32737,0.0198100464402107
-0.32415,0.0394616591403192
-0.32017,0.0590656161792965
-0.31545,0.078538206215176
-0.30999,0.0978090045995138
-0.30381,0.116805763842625
-0.29694,0.135449712451562
-0.2894,0.153666746882391
-0.28122,0.171381563883079
-0.27242,0.188527782531714
-0.26303,0.205041105408481
-0.25308,0.220861170836256
-0.24261,0.235925560198534
-0.23165,0.250179822409862
-0.22024,0.26357056407216
-0.20841,0.27605465390842
-0.19621,0.287584190330299
-0.18365,0.298138887582116
-0.1708,0.307677501696353
-0.15769,0.31617316910296
-0.14435,0.323611914600468
-0.13083,0.329976319767649
-0.11716,0.335262013509891
-0.10339,0.339461016712523
-0.089553,0.34257575206261
-0.075692,0.344610068295898
-0.061844,0.345573775509786
-0.048044,0.345483156591948
-0.034333,0.34435526387618
-0.020737,0.342218800107381
-0.0073002,0.339097996722594
0.005952,0.33502706302584
0.018987,0.330042304706576
0.031774,0.324182337041884
0.044288,0.317491113910845
0.0565,0.310012943086462
0.068392,0.301799514031886
0.079933,0.292897580101471
0.09111,0.2833620450504
0.1019,0.273245550761342
0.11229,0.262604899125652
0.12227,0.251500905694227
0.13182,0.23998852766435
0.14093,0.228123810994342
0.14959,0.215962028217242
0.15781,0.203570962819585
0.16556,0.190996888612726
0.17286,0.178304237752219
0.1797,0.165547907124939
0.18608,0.152780749003646
0.192,0.140052234911476
0.19747,0.127414843200248
0.20249,0.114914322354755
0.20708,0.102604193133552
0.21123,0.0905202424855955
0.21496,0.0787047871676504
0.21827,0.0671890691465087
0.22118,0.056008936451655
0.2237,0.0451951737366298
0.22584,0.034773239461677
0.2276,0.0247557927032919
0.22901,0.015166588752382
0.23007,0.00601508907040302
0.2308,-0.00268663807977858
0.2312,-0.0109399391337276
0.2313,-0.018735143117635
0.2311,-0.0260765103508338
0.23061,-0.0329723763120677
0.22985,-0.039427086278912
0.22883,-0.0454493611810591
0.22757,-0.0510441070485906
0.22607,-0.0562280777349164
0.22435,-0.0610125873124488
0.22243,-0.0654044843588791
0.22031,-0.0694218160973048
0.21801,-0.073076561494706
0.21554,-0.0763830396936012
0.21292,-0.0793498086751469
0.21016,-0.0819880559995121
0.20726,-0.0843182785768891
0.20425,-0.0863458296458666
0.20113,-0.0880859583600107
0.19792,-0.089546737565016
0.19462,-0.0907450656829801
0.19124,-0.0916971377029732
0.1878,-0.0924107731093784
0.18431,-0.0928942222394139
0.18077,-0.0931632426067843
0.17719,-0.0932318151072327
0.17358,-0.093112097313742
0.16994,-0.0928218188566294
0.16629,-0.0923679013619448
0.16261,-0.0917779057518823
0.15893,-0.0910582748998472
0.15523,-0.0902351778555222
0.15153,-0.0893203436162862
0.14781,-0.0883430636762135
0.14408,-0.0873237503342274
0.14034,-0.0862824316347503
0.13658,-0.0852455924692483
0.1328,-0.084236723658451
0.129,-0.0832761682034965
0.12517,-0.0823884618624521
0.12129,-0.081608137220498
0.11737,-0.0809545545584363
0.1134,-0.0804489719771583
0.10936,-0.0801208451411318
0.10526,-0.0799831060017232
0.10107,-0.0800644289406442
0.096801,-0.0803749144902502
0.092431,-0.0809336387441535
0.087958,-0.0817514197637389
0.083368,-0.0828408116706798
0.07866,-0.0842056222607114
0.073823,-0.0858497029321907
0.068852,-0.0877722014855452
0.063739,-0.0899705225501516
0.058484,-0.0924346307855298
0.053079,-0.0951544954127383
0.047521,-0.0981164889727885
0.041812,-0.101300593977227
0.035947,-0.104687207164421
0.02993,-0.108250798110959
0.023757,-0.111967546304436
0.017438,-0.115805201809058
0.010973,-0.119732903152858
0.0043644,-0.123719906604063
-0.00238,-0.127732367360353
-0.0092552,-0.131736913438787
-0.016254,-0.135699838998042
-0.023373,-0.139590925109368
-0.030598,-0.143375653275715
-0.037928,-0.14702681146205
-0.045353,-0.150517260124113
-0.052863,-0.153820775012455
-0.060453,-0.156916413554011
-0.068109,-0.159781555343042
-0.075825,-0.162398918481475
-0.083593,-0.164754687592301
-0.091397,-0.166832483280832
-0.099235,-0.168624839729003
-0.10709,-0.170120776754401
-0.11496,-0.171318061499237
-0.12282,-0.172204753335031
-0.13067,-0.172780074159283
-0.13849,-0.173037650967726
-0.14628,-0.172981735375355
-0.15401,-0.17260301092722
-0.16168,-0.171903810476574
-0.16927,-0.170881149066015
-0.17678,-0.169542767890517
-0.18419,-0.167890195600259
-0.19148,-0.165920037008757
-0.19865,-0.163639915942946
-0.20568,-0.161051450944303
-0.21255,-0.158151472445713
-0.21927,-0.154955304863632
-0.22582,-0.151470677675217
-0.23218,-0.14769907408681
-0.23834,-0.143644354518074
-0.2443,-0.139319638894192
-0.25004,-0.134730424587706
-0.25555,-0.129883355032237
-0.26082,-0.124785848631868
-0.26585,-0.119453172178447
-0.27061,-0.113884347877953
-0.27511,-0.108094916130941
-0.27933,-0.102091135701585
-0.28326,-0.0958790103659037
-0.28689,-0.0894641621051903
-0.29022,-0.0828591329595526
-0.29323,-0.0760669011118363
-0.29591,-0.0690900227055315
-0.29826,-0.0619380043617146
-0.30025,-0.0546034810379723
-0.3019,-0.047102618667349
-0.30317,-0.0394257135155298
-0.30407,-0.0315794017080653
-0.30458,-0.0235610837167095
-0.30469,-0.0153681407393228
-0.30439,-0.00699796440825975
-0.30366,0.00155941244838538
-0.30251,0.0102974754221036
-0.30092,0.0192188051709748
-0.29888,0.0283258669473427
-0.29638,0.0376209905140658
-0.2934,0.047113751777321
-0.28995,0.0567971467258033
-0.28602,0.0666657855104058
-0.28158,0.0767305113674671
-0.27665,0.0869779992227011
-0.2712,0.0974127742195603
-0.26524,0.108024047407806
-0.25876,0.118803762000778
-0.25175,0.129746273130164
-0.24421,0.140840639975214
-0.23614,0.1520719482058
-0.22754,0.163422479073725
-0.21839,0.174887526105491
-0.20871,0.186443442704479
-0.1985,0.198066757051804
-0.18777,0.209727384284689
-0.1765,0.221412928648268
-0.16472,0.233088663405319
-0.15244,0.244717632050814
-0.13965,0.25627691314259
-0.12639,0.267718617080025
-0.11266,0.279005672115702
-0.09847,0.290103422758749
-0.083853,0.300963207914605
-0.068825,0.31153908284621
-0.05341,0.321782752157778
-0.037632,0.331645487907236
-0.02152,0.341076009417455
-0.0050992,0.350025370307839
0.011595,0.35844050350716
0.028532,0.366270239073128
0.04568,0.373465687393566
0.062999,0.379975332515873
0.080452,0.38574944506637
0.098001,0.390740649859582
0.11561,0.394906559054079
0.13322,0.398193287285406
0.1508,0.40056018920461
0.16831,0.401972103019233
0.18569,0.402384835893583
0.20291,0.401770680409098
0.21991,0.400094181371826
0.23664,0.397322389918195
0.25307,0.393440455938124
0.26913,0.388419354363327
0.28478,0.382242002983279
0.29997,0.374894407549425
0.31467,0.366380633574655
0.32881,0.356690019642853
0.34236,0.345830280463059
0.35528,0.333816712138762
0.36752,0.320663282386383
0.37904,0.306390245178722
0.3898,0.291022688267161
0.39977,0.274596606977426
0.40892,0.257156094280101
0.41721,0.238743437434014
0.42461,0.219405931474039
0.43111,0.199208597398025
0.43667,0.17820695855579
0.44129,0.156477073388651
0.44494,0.134087391057358
0.44761,0.111113198457012
0.44929,0.0876332417812629
0.44997,0.0637268686107045
0.44966,0.0394864549801132
0.44836,0.0150048541823626
0.44606,-0.00963478042667373
0.44278,-0.0343374191726026
0.43853,-0.0590087015687775
0.43333,-0.0835502762999217
0.42719,-0.10787098647193
0.42014,-0.131873554864177
0.41221,-0.155458841409152
0.40341,-0.178544151650115
0.39379,-0.20103323265063
0.38337,-0.222844244629066
0.3722,-0.2438875805699
0.36031,-0.264085197740083
0.34775,-0.283356334899379
0.33456,-0.301628279387038
0.32078,-0.318837456146431
0.30647,-0.334915290494348
0.29167,-0.349806530350638
0.27644,-0.363454085812859
0.26082,-0.375816443873144
0.24489,-0.386836916920588
0.22868,-0.3964858033819
0.21225,-0.404734494391619
0.19567,-0.411549358866574
0.17898,-0.416916500852288
0.16224,-0.420824204625845
0.1455,-0.423270898134778
0.12883,-0.424249086172335
0.11227,-0.423769498250078
0.095868,-0.421851943774895
0.079681,-0.41851693652354
0.063757,-0.413792192368752
0.048142,-0.407712455659452
0.032877,-0.400321352731847
0.018011,-0.391662993695782
0.0035757,-0.381793851979504
-0.010386,-0.370770888963186
-0.023841,-0.358657449000682
-0.036759,-0.345522612077178
-0.049109,-0.331437881500737
-0.060866,-0.316479350751324
-0.072007,-0.300726316753085
-0.08251,-0.284259284598027
-0.092361,-0.267163450307355
-0.10155,-0.249528376265822
-0.11005,-0.231432031513281
-0.11787,-0.212967372340078
-0.125,-0.19422265411896
-0.13143,-0.175279693684271
-0.13718,-0.156234775023046
-0.14223,-0.137163313206259
-0.1466,-0.118151040825615
-0.1503,-0.0992818590694429
-0.15333,-0.0806280672764355
-0.15571,-0.0622649418336471
-0.15746,-0.0442675938163966
-0.15859,-0.0267010282180869
-0.15912,-0.00962716399941869
-0.15908,0.00688944263112992
-0.15848,0.0227992483370417
-0.15736,0.038044586755386
-0.15574,0.0525782131649216
-0.15364,0.0663631880564509
-0.1511,0.0793577264991702
-0.14815,0.0915252879488084
-0.14481,0.102842560047661
-0.14113,0.11327595767817
-0.13712,0.122814702893818
-0.13284,0.131430312585582
-0.1283,0.139118344772825
-0.12355,0.145864834630948
-0.11862,0.151663844573701
-0.11354,0.156516579172295
-0.10834,0.160430466639831
-0.10306,0.163410833202288
-0.097735,0.165465305672451
-0.092395,0.166607265389751
-0.08707,0.166854756323335
-0.081795,0.166225756029635
-0.076598,0.164743206948742
-0.071514,0.162428554055892
-0.066567,0.159309854736315
-0.061789,0.155414059026621
-0.05721,0.150768179594642
-0.052855,0.145402417390167
-0.048753,0.139345911494152
-0.044927,0.132630707633196
-0.041405,0.125286716666825
-0.038209,0.117345814316404
-0.035362,0.108839890863431
-0.032886,0.0998007342418058
-0.030802,0.0902599145862932
-0.029131,0.0802479347621568
-0.027888,0.0697979907668093
-0.027089,0.0589437385993737
-0.026755,0.0477145067257855
-0.026894,0.0361448437831863
-0.027522,0.0242665326388758
-0.028647,0.012114046574981
-0.030279,-0.000278532715991967
-0.032424,-0.0128755630629047
-0.035087,-0.0256405398709608
-0.03827,-0.0385352129026968
-0.041972,-0.0515189304451177
-0.046193,-0.0645511423136864
-0.050928,-0.0775889893624324
-0.05617,-0.0905876514887359
-0.06191,-0.103500690322863
-0.068134,-0.116278160679353
-0.074832,-0.128871848867922
-0.081986,-0.141230589859862
-0.089573,-0.153298802306252
-0.097579,-0.165025789718112
-0.10598,-0.176359076224677
-0.11474,-0.187237617195199
-0.12384,-0.197608007627115
-0.13326,-0.20742405508317
-0.14295,-0.216624820097733
-0.15289,-0.225161681963874
-0.16305,-0.232990263255791
-0.17339,-0.240063830062997
-0.18387,-0.246335433512467
-0.19446,-0.251767040927364
-0.20512,-0.256321880984698
-0.21582,-0.25997303986835
-0.22652,-0.262695343474765
-0.23717,-0.264458763436791
-0.24775,-0.265252801145055
-0.25822,-0.26506865231
-0.26853,-0.263892174260395
-0.27866,-0.26172791681852
-0.28857,-0.25858101244783
-0.29821,-0.254449940692226
-0.30757,-0.249357818474081
-0.31661,-0.243325191225967
-0.32529,-0.236370331877841
-0.33358,-0.228516893793937
-0.34146,-0.219799908073399
-0.34889,-0.210248106190154
-0.35585,-0.199899383117859
-0.3623,-0.188783399314731
-0.36823,-0.176944716918616
-0.37361,-0.164424049087772
-0.37841,-0.151258006040751
-0.38261,-0.137486350944378
-0.38618,-0.123142940535324
-0.38912,-0.108278133725847
-0.39139,-0.0929246289311687
-0.39297,-0.0771147312597912
-0.39386,-0.0608942492833516
-0.39404,-0.0443037516910558
-0.39348,-0.0273709706648255
-0.39219,-0.0101419640459671
-0.39013,0.00736082234519048
-0.38731,0.0250977994266418
-0.38372,0.0430316154832638
-0.37934,0.0611353268490695
-0.37417,0.0793765448708187
-0.36821,0.0977195992838227
-0.36144,0.116142162615592
-0.35387,0.134611334628781
-0.34551,0.153086829240745
-0.33634,0.171545919829719
-0.32637,0.189958727947611
-0.31561,0.208290686143718
-0.30406,0.226512035002104
-0.29173,0.244590565506765
-0.27863,0.26249323356531
-0.26477,0.28018748423413
-0.25017,0.297634912632002
-0.23484,0.314801100166181
-0.2188,0.331648651969454
-0.20207,0.348139064467983
-0.18466,0.364241661083933
-0.16661,0.379911014269391
-0.14793,0.395113507936079
-0.12866,0.409804067615188
-0.10882,0.423944690013033
-0.088444,0.437494052438544
-0.06756,0.450414026279283
-0.046209,0.462660796062375
-0.024421,0.474195604216063
-0.0022394,0.484975239093791
0.020302,0.494961501690087
0.043156,0.50411169983929
0.066286,0.512388859339912
0.089642,0.519752059601445
0.11318,0.526163099019202
0.13685,0.531582923218244
0.16061,0.535979127895051
0.1844,0.53931260715164
0.20817,0.541547673539104
0.23188,0.542660127202226
0.25545,0.542606484987779
0.27886,0.541373635477777
0.30202,0.538921924336792
0.32491,0.535243513744672
0.34744,0.530305041769338
0.36958,0.524098212422122
0.39126,0.516605949359342
0.41243,0.507819717146439
0.43304,0.497738454070895
0.45303,0.486360113899288
0.47235,0.473689648576946
0.49095,0.459737846446824
0.50877,0.444512829751719
0.52577,0.428035434861694
0.5419,0.410329069975137
0.55712,0.391426245192126
0.57138,0.371358778874843
0.58465,0.350172079689645
0.59687,0.327899290765431
0.60803,0.304599900636597
0.61808,0.280323583992312
0.627,0.255133051012209
0.63477,0.229099896251936
0.64135,0.20228619371002
0.64673,0.174766839676017
0.6509,0.146624998218587
0.65385,0.117948182027408
0.65556,0.088817537399638
0.65605,0.0593363037104349
0.65529,0.0295855695044682
0.65331,-0.000329506149266363
0.65011,-0.03030967396035
0.64571,-0.0602486616576018
0.64012,-0.0900451711678767
0.63335,-0.119605072658695
0.62546,-0.148806050631117
0.61644,-0.177558624032084
0.60634,-0.205758374071665
0.5952,-0.233299643162674
0.58304,-0.260094028707433
0.56991,-0.286047902007888
0.55585,-0.311074037512945
0.54091,-0.335086045188836
0.52513,-0.358008673926215
0.50855,-0.379778451140189
0.49123,-0.400329115643543
0.47322,-0.419602135823454
0.45456,-0.437554984021965
0.43532,-0.454137805460025
0.41553,-0.469326563921228
0.39526,-0.483089905059792
0.37456,-0.495406993822894
0.35348,-0.50626679527476
0.33207,-0.515667218245259
0.31039,-0.523606764862528
0.28849,-0.53009253599246
0.26642,-0.535139023586164
0.24424,-0.538759508529623
0.22199,-0.540981300693935
0.19974,-0.541820631479747
0.17752,-0.541314428698494
0.15538,-0.539500970701011
0.13339,-0.536404213178277
0.11157,-0.532073241493722
0.089992,-0.526537933244112
0.068683,-0.51984541765841
0.047691,-0.512040153101183
0.027057,-0.503168610703502
0.0068181,-0.49328065808353
-0.012986,-0.482425738444146
-0.032324,-0.470657897390262
-0.051159,-0.458029321777109
-0.069468,-0.444599565664774
-0.087219,-0.430425823118194
-0.10439,-0.415569166893901
-0.12096,-0.400092784213599
-0.1369,-0.384053809523109
-0.15221,-0.36752423001957
-0.16687,-0.350571083301121
-0.18087,-0.333262784555592
-0.1942,-0.315666757907881
-0.20687,-0.297862317668496
-0.21886,-0.27991373584573
-0.23018,-0.261893268114491
-0.24083,-0.243869890748086
-0.25082,-0.225915079542478
-0.26016,-0.208099983633944
-0.26887,-0.19050053337727
-0.27695,-0.173179223705346
-0.28442,-0.156200337842108
-0.2913,-0.139627358346845
-0.29761,-0.12352089158904
-0.30338,-0.107944455324744
-0.30863,-0.0929542676939974
-0.3134,-0.0786133873290685
-0.31769,-0.0649585463834
-0.32156,-0.0520480513294736
-0.32503,-0.0399258737430603
-0.32813,-0.0286300666472792
-0.33089,-0.0181922974320627
-0.33336,-0.0086524374362363
-0.33556,-3.31426076158698e-05
-0.33752,0.00765059732198486
-0.33929,0.0143761595257918
-0.3409,0.0201307126053068
-0.34237,0.0249175916031496
-0.34374,0.0287388175135252
-0.34504,0.0316032037148529
-0.34629,0.0335326815509384
-0.34754,0.0345374432926503
-0.34879,0.0346553418925242
-0.35009,0.0339089340350697
-0.35143,0.0323525759444443
-0.35286,0.030020763303634
-0.35437,0.0269757186893784
-0.356,0.0232636204899734
-0.35774,0.0189536557528917
-0.35962,0.0141022835532852
-0.36163,0.00878388344495288
-0.36378,0.00307056652314693
-0.36607,-0.00296189522967
-0.36849,-0.00922943774084161
-0.37105,-0.0156584244164893
-0.37374,-0.0221709351521385
-0.37654,-0.028680465700603
-0.37945,-0.0351109110097697
-0.38244,-0.0413746607229633
-0.38551,-0.0473996625690032
-0.38862,-0.0530990986492265
-0.39175,-0.0583917379352683
-0.39488,-0.0632034334625206
-0.39799,-0.0674681877047529
-0.40104,-0.0711140394479892
-0.404,-0.0740740494306479
-0.40685,-0.0762950428874063
-0.40954,-0.0777147365201741
-0.41204,-0.078280526988033
-0.41433,-0.0779569954798974
-0.41636,-0.0767019407061942
-0.41809,-0.0744768155223054
-0.41949,-0.0712550317212628
-0.42052,-0.0670135489636631
-0.42115,-0.0617407878398998
-0.42133,-0.0554205055114555
-0.42104,-0.0480558793558858
-0.42023,-0.0396440161896272
-0.41886,-0.0301851198913595
-0.41692,-0.0197045602852174
-0.41435,-0.00821081746846206
-0.41114,0.00426405286484733
-0.40725,0.0176916235048379
-0.40265,0.032039378687261
-0.39733,0.0472572487395093
-0.39126,0.0632968313431328
-0.38441,0.0801120953146098
-0.37678,0.0976377514941981
-0.36836,0.115801941581228
-0.35911,0.134551474681277
-0.34905,0.153805181936331
-0.33817,0.173483654789124
-0.32646,0.193511022034452
-0.31392,0.213808957082909
-0.30057,0.234284565282824
-0.28642,0.254843226080721
-0.27146,0.275406434782206
-0.25573,0.29587405242523
-0.23924,0.316153651393605
-0.22201,0.336154424321073
-0.20408,0.355774886428534
-0.18547,0.374922862209071
-0.16622,0.393501810250413
-0.14636,0.411422145225182
-0.12595,0.428580631384413
-0.10501,0.444895931629045
-0.083593,0.460282738030012
-0.061757,0.474651764730207
-0.039548,0.487922432240162
-0.017022,0.500016615753721
0.0057652,0.510861107758665
0.028758,0.520389489584216
0.051895,0.528539037834608
0.075115,0.535252578342625
0.098359,0.54048131715881
0.12156,0.54417935970878
0.14466,0.546311784666287
0.1676,0.54685346221795
0.19031,0.545780438686845
0.21273,0.543078469883921
0.2348,0.538742225586416
0.25646,0.532774392374357
0.27765,0.525184710921127
0.29832,0.515996377706023
0.3184,0.505228627438232
0.33785,0.492919730516837
0.3566,0.479100610368793
0.37462,0.463825493726616
0.39186,0.447151585621362
0.40827,0.429137352315163
0.42381,0.409848434785413
0.43844,0.389354772119732
0.45214,0.367742908278744
0.46486,0.345088443200529
0.47658,0.321478421970582
0.48729,0.297014229256108
0.49694,0.271776514763114
0.50555,0.245878750255142
0.51308,0.219413338631697
0.51954,0.192490024666916
0.52491,0.165207169590409
0.52919,0.137665818103554
0.53241,0.109988309048234
0.53454,0.0822661162631284
0.53563,0.0546220980036157
0.53567,0.0271562627148009
0.53469,-2.34316557592915e-05
0.5327,-0.0268208892689026
0.52975,-0.0531231939504202
0.52585,-0.0788371267678603
0.52104,-0.103866349506916
0.51536,-0.128115317658171
0.50884,-0.151499829235009
0.50152,-0.173940466397327
0.49345,-0.195357203535926
0.48467,-0.21567987610563
0.47522,-0.234848975525715
0.46516,-0.252801227290686
0.45452,-0.269495040508718
0.44335,-0.284893475058207
0.43171,-0.29895777862162
0.41964,-0.31166438555329
0.40719,-0.322996014660233
0.39441,-0.332941704451503
0.38134,-0.341504041897924
0.36803,-0.348689812677874
0.35452,-0.354517109784272
0.34087,-0.358998533998474
0.32711,-0.362164725182353
0.31327,-0.364060628504932
0.29941,-0.364719881717187
0.28556,-0.364188775924729
0.27175,-0.362522992113181
0.258,-0.359792078049811
0.24437,-0.356045657864574
0.23086,-0.351360604435103
0.2175,-0.345811732128391
0.20431,-0.33947776261535
0.19132,-0.332431170377578
0.17854,-0.324752283598662
0.16598,-0.316525597525747
0.15365,-0.307836645736841
0.14156,-0.298769396591138
0.12973,-0.289396740659828
0.11816,-0.279795241855437
0.10685,-0.270042095350072
0.095794,-0.260217064584796
0.085006,-0.250384709327958
0.074478,-0.240611478419665
0.064209,-0.230957956332922
0.054194,-0.221480880548905
0.04443,-0.212230408594733
0.034906,-0.203255467057854
0.025622,-0.194594032035449
0.016564,-0.186284062440835
0.0077257,-0.178356262003442
-0.00090366,-0.170837432045162
-0.0093332,-0.163748769058353
-0.017573,-0.157106571316414
-0.025635,-0.150923614596338
-0.033527,-0.145205931793612
-0.041263,-0.139958058993279
-0.048853,-0.135179781518629
-0.056305,-0.130865138369171
-0.063632,-0.127006970589318
-0.070841,-0.123592510759873
-0.077945,-0.120608878612867
-0.084946,-0.11803496956516
-0.091859,-0.115852911008725
-0.098687,-0.114038754293924
-0.10544,-0.112569215863942
-0.11212,-0.111416029550215
-0.11873,-0.110548210734039
-0.12528,-0.109938419942949
-0.13177,-0.109555458436905
-0.13821,-0.109373144111469
-0.14459,-0.109355175005526
-0.15091,-0.109465402845033
-0.15718,-0.109676134377432
-0.16338,-0.109945049411036
-0.16954,-0.110256170375603
-0.17562,-0.11056347337968
-0.18164,-0.110842384060184
-0.18758,-0.111056780302506
-0.19344,-0.111177097352692
-0.19921,-0.111172575160658
-0.20489,-0.111019852840217
-0.21046,-0.110687529547589
-0.2159,-0.110138726663818
-0.22123,-0.109362887616312
-0.22641,-0.108326785986348
-0.23144,-0.107009591550404
-0.23631,-0.105393831119956
-0.241,-0.103458028330248
-0.2455,-0.10118566606929
-0.2498,-0.0985648867003946
-0.25388,-0.0955807361412464
-0.25774,-0.0922311790555827
-0.26135,-0.0885026888431081
-0.26471,-0.0843952401365886
-0.2678,-0.0799051141729121
-0.27061,-0.0750333189192619
-0.27313,-0.0697848454354545
-0.27535,-0.0641679573127314
-0.27725,-0.0581861232061791
-0.27884,-0.0518612083367578
-0.2801,-0.0452073037545964
-0.28103,-0.0382467993185975
-0.28162,-0.0310009117070294
-0.28187,-0.0234968542683976
-0.28177,-0.0157586459493857
-0.28132,-0.00781455532181707
-0.28053,0.000297030226752439
-0.27939,0.00854534168099555
-0.27791,0.0168917684350735
-0.27608,0.0253072134871944
-0.27392,0.033748878170319
-0.27142,0.0421863043387931
-0.2686,0.0505776887837913
-0.26546,0.0588880895643209
-0.262,0.06708915068427
-0.25825,0.0751365441386691
-0.25419,0.0830113840058447
-0.24985,0.0906790054697427
-0.24523,0.0981153339713593
-0.24035,0.105290886934945
-0.2352,0.112195013820324
-0.22981,0.118803182315604
-0.22418,0.125102745041632
-0.21832,0.131083812641527
-0.21225,0.136731828936461
-0.20597,0.142043888160949
-0.1995,0.147011996069479
-0.19285,0.151631891534939
-0.18603,0.155902652249695
-0.17904,0.159833681961198
-0.17191,0.163420480688775
-0.16465,0.166662435282734
-0.15726,0.169569645136311
-0.14977,0.172138556172066
-0.14217,0.174384434405278
-0.13448,0.176315268912419
-0.12672,0.177933102411915
-0.11889,0.179250027132901
-0.11102,0.180263824496775
-0.1031,0.180990462753953
-0.095159,0.181431380318738
-0.087201,0.18159481846458
-0.07924,0.181486938192108
-0.07129,0.1811121045554
-0.063362,0.180475370560461
-0.055467,0.179582235810051
-0.047621,0.178434736522543
-0.039833,0.177037252369563
-0.032118,0.17539150642694
-0.024489,0.173498517131974
-0.016957,0.171360185785441
-0.0095365,0.168976484076685
-0.0022391,0.166347969192174
0.004921,0.163473726627251
0.011931,0.160352708248426
0.018776,0.156982225020482
0.025445,0.153361213020509
0.031921,0.149485502967901
0.038193,0.145352964560826
0.044245,0.140959465915251
0.050065,0.136302328053236
0.055636,0.131376416855132
0.06095,0.126181414383583
0.065989,0.120713505777566
0.070742,0.114971345189315
0.075201,0.108957843765099
0.07935,0.102673368898273
0.083182,0.0961229018803376
0.086683,0.0893098522656032
0.089848,0.0822429460381965
0.092667,0.0749312832747658
0.095132,0.0673855194421204
0.097236,0.0596180312240024
0.098976,0.0516452189750734
0.10034,0.0434796363062257
0.10134,0.0351481457027284
0.10196,0.0266677151585847
0.10221,0.0180660948368046
0.10209,0.00937156389974775
0.10159,0.000604641299422168
0.10072,-0.00820622669029809
0.099497,-0.0170218525647285
0.097919,-0.0258095526560439
0.095995,-0.0345347087810457
0.09374,-0.0431577364616104
0.091163,-0.0516406592810291
0.088283,-0.059940548933621
0.085109,-0.0680191767821123
0.081663,-0.0758336788752678
0.077965,-0.0833402634408855
0.07403,-0.0904994572650913
0.069883,-0.0972691476525141
0.065546,-0.103608673531427
0.061041,-0.109479880090583
0.056393,-0.114845700334632
0.051628,-0.119670475141801
0.046769,-0.123923143524519
0.041847,-0.12757156825227
0.036886,-0.130589090181439
0.031914,-0.132951537912604
0.026961,-0.134636235712444
0.022052,-0.135626341505489
0.017217,-0.13590679466253
0.012484,-0.135466176853306
0.0078815,-0.134296260669815
0.0034366,-0.132392959797859
-0.00082033,-0.12975352245737
-0.0048647,-0.126380914857587
-0.0086663,-0.122278759951873
-0.012202,-0.117456618114342
-0.015444,-0.111925381313534
-0.018367,-0.105698810239417
-0.020949,-0.0987952692209936
-0.023167,-0.0912358047075383
-0.024998,-0.0830432442441479
-0.026423,-0.0742443579773216
-0.027423,-0.0648685161911233
-0.02798,-0.0549472549953787
-0.028078,-0.0445145835816549
-0.027704,-0.0336078814323403
-0.02684,-0.0222625905755458
-0.025484,-0.0105234926880564
-0.023618,0.00157013619238034
-0.02124,0.0139727076347316
-0.018345,0.0266370390708388
-0.014927,0.0395167425700471
-0.010989,0.0525607609015313
-0.0065279,0.06572027808035
-0.0015511,0.0789419785977494
0.0039378,0.0921733320102463
0.0099338,0.105363009938158
0.01642,0.118453449508976
0.023391,0.131392348502609
0.030828,0.144123399977835
0.038719,0.156593890955011
0.047038,0.168745368255201
0.055768,0.180523292545346
0.064888,0.19187512134574
0.074364,0.202742074411033
0.084177,0.213073380244511
0.09429,0.222813159097966
0.10467,0.231906267843442
0.11529,0.240304481426689
0.12612,0.247964656695489
0.1371,0.25482716022667
0.14821,0.26085068001349
0.1594,0.265988044379927
0.17064,0.270203877412737
0.18188,0.273458941522542
0.19307,0.275712408895613
0.20418,0.276938520220006
0.21516,0.277110040598051
0.22596,0.276199751665525
0.23654,0.274189036447311
0.24686,0.271067173583455
0.25687,0.266823159926124
0.26652,0.261446503937728
0.27578,0.254942624230174
0.2846,0.247315250569395
0.29294,0.238574450587436
0.30076,0.228735510578083
0.30802,0.217817872741334
0.31468,0.205844141223068
0.32072,0.192853962571915
0.3261,0.178885160724213
0.33078,0.163973333257482
0.33475,0.148173727488347
0.33798,0.131541351076744
0.34045,0.114137098851645
0.34213,0.0960176960821933
0.34303,0.0772646369992284
0.34312,0.0579476599280597
0.34241,0.0381547368217958
0.34089,0.0179713445811845
0.33855,-0.00252143461693705
0.33541,-0.0232261994584249
0.33146,-0.0440573796972521
0.32672,-0.064919291169129
0.3212,-0.0857183449942839
0.31492,-0.10635808360019
0.30788,-0.126757492044582
0.30011,-0.146828425362749
0.29163,-0.166487222513621
0.28246,-0.185656584192285
0.27262,-0.204266956592476
0.26214,-0.222250078042677
0.25104,-0.239548555991024
0.23936,-0.256101129554589
0.2271,-0.271875279790717
0.21432,-0.286818815858536
0.20103,-0.30090271502089
0.18727,-0.314095870698302
0.17306,-0.326381770554868
0.15843,-0.33774935688549
0.14341,-0.348192897422471
0.12804,-0.35770431648199
0.11234,-0.366289229741657
0.096338,-0.373958776448144
0.080071,-0.380722123404452
0.063566,-0.386594485101459
0.046849,-0.391596735855353
0.029952,-0.395749737527857
0.012903,-0.399077123366801
-0.0042721,-0.401606023926407
-0.021545,-0.403364195330481
-0.038888,-0.404379868106636
-0.056277,-0.404683793036423
-0.073685,-0.404305981178147
-0.091084,-0.403274464660942
-0.10845,-0.401618011502582
-0.12577,-0.399373442983549
-0.143,-0.396560231671017
-0.16013,-0.393208518119697
-0.17713,-0.389341450109478
-0.19399,-0.384990697940782
-0.21068,-0.380179135016107
-0.22717,-0.37492187681582
-0.24345,-0.369242088351876
-0.2595,-0.363161320754539
-0.27529,-0.356691756855276
-0.29081,-0.349852377762683
-0.30604,-0.342659623426063
-0.32094,-0.335112528829325
-0.33551,-0.327225559589996
-0.34973,-0.319010306237276
-0.36356,-0.310460810145793
-0.377,-0.301586559397344
-0.39001,-0.292379519388099
-0.40258,-0.282839793958029
-0.41468,-0.27295912067985
-0.42629,-0.262729984820577
-0.43739,-0.252145558478504
-0.44796,-0.241199649105339
-0.45798,-0.229886655153602
-0.46741,-0.218186730854434
-0.47625,-0.206098581482455
-0.48447,-0.193613660777829
-0.49204,-0.180717765077039
-0.49895,-0.167407259488856
-0.50518,-0.153679709630737
-0.51071,-0.139533710083051
-0.51552,-0.124968723451971
-0.51959,-0.109984930743935
-0.5229,-0.0945830935772413
-0.52545,-0.0787792247468789
-0.52722,-0.0625864406771888
-0.52819,-0.0460151982453207
-0.52836,-0.0290883342975279
-0.52772,-0.0118306755173109
-0.52625,0.00573939576985274
-0.52395,0.0235944034247781
-0.52083,0.0416928946122172
-0.51686,0.0600128552156673
-0.51206,0.0785115983337046
-0.50643,0.0971457596479888
-0.49995,0.1158874452141
-0.49265,0.134685103140565
-0.48452,0.153499179405256
-0.47558,0.172278787540081
-0.46583,0.190980204246001
-0.45529,0.20955202679706
-0.44397,0.227945619772231
-0.43189,0.246108690066207
-0.41907,0.263987620267622
-0.40552,0.281536800581098
-0.39127,0.298703778608559
-0.37634,0.315439673400057
-0.36076,0.331692698071072
-0.34456,0.347410425909475
-0.32777,0.362541646382681
-0.31041,0.37704524365918
-0.29253,0.390867523320797
-0.27415,0.403968648530664
-0.25532,0.416299219809952
-0.23606,0.42782603453187
-0.21643,0.438500662188838
-0.19646,0.448286285893397
-0.17619,0.457149452731838
-0.15567,0.465053345823842
-0.13493,0.471974635466873
-0.11403,0.477879730401358
-0.093007,0.482745095637044
-0.0719,0.486554871650223
-0.050757,0.489293579715161
-0.029623,0.490949096351071
-0.0085337,0.491519609695752
0.012463,0.491003046141157
0.033328,0.489404069415183
0.054024,0.486734349229516
0.07451,0.483008508873467
0.094751,0.478247931682962
0.11471,0.472477709438445
0.13435,0.465725536039654
0.15365,0.458032551057344
0.17256,0.449428416779654
0.19106,0.439955124879214
0.20912,0.429656242966682
0.22672,0.418582969505326
0.24383,0.406783987435051
0.26043,0.394312104275626
0.27649,0.381214663215165
0.29199,0.367540708075195
0.30692,0.353346678935099
0.32126,0.338685991754401
0.33499,0.323608081194029
0.3481,0.308165092589545
0.36059,0.292417180114335
0.37243,0.276406961662393
0.38363,0.260191125930054
0.39416,0.243806347893486
0.40404,0.227308881731701
0.41326,0.21074678259479
0.42181,0.194159906852174
0.42969,0.177587494960251
0.43691,0.161074288083373
0.44347,0.144660521135788
0.44938,0.12838876072057
0.45464,0.112294555452591
0.45925,0.0964064686439751
0.46323,0.0807610707154441
0.46659,0.0653926326704331
0.46933,0.0503248816828777
0.47148,0.0355942107047672
0.47304,0.0212236862679687
0.47404,0.00724682648048768
0.47448,-0.00631788019182554
0.47439,-0.0194427424176995
0.47378,-0.0321085496018857
0.47269,-0.0442816118903687
0.47112,-0.0559473941263497
0.46911,-0.0670779555039671
0.46667,-0.077657823065278
0.46383,-0.0876675332774322
0.46061,-0.0970926548399646
0.45704,-0.105916127660236
0.45314,-0.114126939817399
0.44894,-0.121712162924619
0.44445,-0.128672763989073
0.43972,-0.13499160261325
0.43475,-0.140674655286732
0.42957,-0.145724464638255
0.42421,-0.15014100905329
0.41869,-0.153929841380239
0.41302,-0.157108490814561
0.40724,-0.159681715394261
0.40135,-0.161673636891196
0.39537,-0.163108745761107
0.38932,-0.164011358227696
0.38322,-0.164405151551091
0.37708,-0.164320174036285
0.37091,-0.163790911728106
0.36471,-0.16286199200853
0.35852,-0.161555508968861
0.35231,-0.159926594161104
0.3461,-0.158018576858414
0.3399,-0.155871503310966
0.3337,-0.153536443349657
0.3275,-0.15106452524732
0.32131,-0.148498070101502
0.31511,-0.145893225613076
0.3089,-0.143300847407758
0.30267,-0.140773392483885
0.29642,-0.138355610297428
0.29014,-0.136092003696803
0.28381,-0.134032827150173
0.27743,-0.13221656949102
0.27098,-0.130685705028098
0.26445,-0.129477080780915
0.25783,-0.12862169969933
0.25111,-0.128144683413707
0.24427,-0.128072784298816
0.23729,-0.128433004799027
0.23017,-0.129236688760289
0.22289,-0.130496685389864
0.21543,-0.13222635765259
0.20778,-0.134431389560339
0.19993,-0.137110786725731
0.19185,-0.140272660155869
0.18354,-0.143909752017754
0.17498,-0.148017103377671
0.16616,-0.15258406038269
0.15707,-0.157595396688034
0.14768,-0.163047151600566
0.13799,-0.168922152017554
0.128,-0.175192831051019
0.11767,-0.18185336935038
0.10702,-0.188871108387746
0.096021,-0.196228724306403
0.084672,-0.203900891716336
0.072968,-0.211859378626749
0.060898,-0.220078725254883
0.04846,-0.22852968007158
0.03565,-0.237182165816287
0.022466,-0.246004753033785
0.0089057,-0.254965993681113
-0.0050289,-0.264032115318897
-0.019337,-0.273169310598508
-0.034015,-0.28234264445605
-0.049057,-0.29151559155279
-0.064459,-0.300652829266905
-0.08021,-0.309715893473396
-0.096304,-0.318668651100908
-0.11273,-0.327474271794142
-0.12947,-0.336091341932715
-0.14652,-0.344486396890577
-0.16385,-0.352614247083115
-0.18146,-0.360443856520414
-0.19932,-0.367934472011704
-0.2174,-0.375038834209801
-0.2357,-0.381728128401914
-0.25419,-0.387967262206655
-0.27284,-0.393717303096771
-0.29161,-0.398930141907812
-0.3105,-0.403581416529425
-0.32945,-0.407622488031513
-0.34845,-0.41102372630632
-0.36746,-0.413749740671629
-0.38644,-0.415761764613892
-0.40536,-0.417027059073893
-0.42418,-0.417511549410608
-0.44286,-0.417181326575823
-0.46137,-0.416011251482062
-0.47966,-0.413969479222728
-0.4977,-0.411034743712347
-0.51544,-0.407180428726883
-0.53284,-0.402384053723504
-0.54987,-0.396634808315364
-0.56647,-0.389909737676934
-0.58262,-0.382206626341758
-0.59826,-0.3735107881211
-0.61335,-0.363812987377525
-0.62787,-0.353123727951254
-0.64175,-0.341432481368183
-0.65498,-0.328756707635075
-0.66749,-0.315091867611514
-0.67927,-0.300460440547499
-0.69026,-0.284869353132847
-0.70043,-0.268335220528567
-0.70975,-0.250882224401513
-0.71817,-0.232525397737516
-0.72566,-0.213286944757121
-0.73219,-0.193194392039486
-0.73772,-0.172271546234771
-0.74223,-0.150553466548858
-0.74568,-0.12806863366656
-0.74804,-0.104846910657228
-0.74929,-0.0809258959002337
-0.74941,-0.0563484302586564
-0.74836,-0.031145637493538
-0.74613,-0.00536050791684783
-0.74271,0.0209556096491457
-0.73806,0.0477682574309154
-0.73219,0.0750206438645711
-0.72507,0.102669194315035
-0.7167,0.130660109713454
-0.70707,0.158940349562519
-0.69618,0.187451690761739
-0.68401,0.216148288687044
-0.67058,0.244966160641493
-0.65589,0.273843452940724
-0.63994,0.302721945266576
-0.62275,0.331533405195398
-0.60432,0.360218455249026
-0.58468,0.388704591460076
-0.56384,0.416925808235407
-0.54183,0.444808682601094
-0.51867,0.472283562937274
-0.4944,0.49927132076719
-0.46905,0.525695126619795
-0.44266,0.551475110052394
-0.41526,0.576538953557146
-0.3869,0.600808072730979
-0.35764,0.62419405337697
-0.3275,0.646633031286884
-0.29656,0.668038833379809
-0.26486,0.688339766144326
-0.23246,0.707463527244195
-0.19942,0.72533987510453
-0.16582,0.741887941793059
-0.1317,0.757050667664238
-0.097146,0.770758348835846
-0.062222,0.782949887177501
-0.027002,0.793566025824679
0.0084382,0.80254992028394
0.044025,0.809850494300593
0.079675,0.815416118436895
0.11531,0.819200618169227
0.15085,0.821162791334209
0.1862,0.82125611925604
0.2213,0.819457581609038
0.25605,0.815734795756773
0.29037,0.810064135863782
0.32418,0.802430294352147
0.3574,0.79282569939277
0.38994,0.781242426713869
0.42174,0.767695248061206
0.45271,0.752195219598698
0.48277,0.734758040541358
0.51187,0.715425421189197
0.53991,0.694222429829698
0.56685,0.671204856552968
0.59262,0.64642998203874
0.61714,0.619947724814859
0.64039,0.591845406893679
0.66229,0.562194065481413
0.68281,0.531086902162642
0.70189,0.498610458971667
0.71951,0.46487327159176
0.73562,0.429976555482603
0.7502,0.394035079177472
0.76323,0.357171379049407
0.77467,0.319496036756986
0.78453,0.281143790444113
0.79277,0.242227986181446
0.79941,0.202885711260729
0.80444,0.163246927183813
0.80786,0.123439302822734
0.80967,0.0835847012961577
0.80988,0.0438038333944109
0.80852,0.004227384603226
0.8056,-0.0350248992613566
0.80114,-0.0738386438082768
0.79517,-0.112100266742077
0.78772,-0.149700695917111
0.77883,-0.186530880533546
0.76853,-0.222492990090447
0.75687,-0.257486984402368
0.74389,-0.291422051225322
0.72964,-0.324210804588838
0.71417,-0.355771925759804
0.69754,-0.38602473995985
0.67981,-0.414892220836925
0.66103,-0.442310709333151
0.64127,-0.468215210033458
0.6206,-0.492542354163535
0.59908,-0.515240122679289
0.57678,-0.536260584332457
0.55377,-0.555561316439219
0.53013,-0.573098985612428
0.50592,-0.588846359489629
0.48122,-0.602775993339466
0.4561,-0.614869248025835
0.43065,-0.625101104158031
0.40493,-0.633465031218589
0.37901,-0.639962938728227
0.35298,-0.644589430730735
0.32691,-0.64734883903527
0.30087,-0.648253863978972
0.27494,-0.647316829119292
0.24919,-0.644557389180852
0.22368,-0.64000850969245
0.19849,-0.633698713122675
0.17369,-0.625660021203081
0.14933,-0.615941610793809
0.1255,-0.604575955287847
0.10224,-0.591618479554042
0.079626,-0.577115271201125
0.057704,-0.56112606872149
0.036537,-0.543707623340228
0.016172,-0.524924727542946
-0.0033345,-0.504839985228674
-0.021944,-0.483525915828164
-0.039605,-0.461051478775982
-0.056284,-0.437494186772613
-0.071941,-0.412931480908712
-0.08654,-0.387441502638359
-0.10006,-0.361111788010094
-0.11246,-0.334020103441359
-0.12374,-0.306264326157119
-0.13386,-0.277926058440445
-0.14282,-0.249100850045031
-0.15059,-0.219870377573083
-0.15719,-0.190339514963174
-0.1626,-0.160599013945967
-0.16683,-0.130747529863276
-0.16989,-0.100886941647851
-0.17177,-0.0711036720463528
-0.17249,-0.0414909711028243
-0.17208,-0.0121518795266509
-0.17056,0.0168134424768612
-0.16794,0.045317882018422
-0.16426,0.0732656809069493
-0.15955,0.100564781103461
-0.15386,0.127114503037107
-0.14721,0.152832836998612
-0.13966,0.17762620561216
-0.13126,0.201402386857377
-0.12206,0.224073503726402
-0.11211,0.245558338416099
-0.10148,0.265769245652827
-0.090227,0.284626182881633
-0.078419,0.302050075560221
-0.066123,0.317966327048875
-0.053411,0.332303095711676
-0.040357,0.344992053979737
-0.027037,0.355968906234401
-0.013525,0.365176656540184
9.8459e-05,0.372561731030377
0.013758,0.378079412195859
0.027369,0.381687318893577
0.04086,0.383356650154416
0.054151,0.383064825766214
0.067157,0.380791990165852
0.079813,0.376536584310306
0.092035,0.370298549670654
0.10375,0.362087904934952
0.11489,0.351926917467458
0.12539,0.339850018018205
0.13518,0.325897454113083
0.14418,0.310106267278578
0.15235,0.29254002221516
0.15962,0.273260256128186
0.16594,0.252340442166849
0.17126,0.229862073193237
0.17552,0.205903834368209
0.17868,0.180555062352939
0.1807,0.153911455610814
0.18154,0.12607138701995
0.18117,0.0971401883970825
0.17956,0.0672259583969702
0.17668,0.0364360426269938
0.17251,0.00488154114126012
0.16704,-0.027319220490532
0.16025,-0.0600529331995551
0.15213,-0.0932063140673027
0.14269,-0.126654747868795
0.13192,-0.160283060668787
0.11982,-0.193979887551746
0.10642,-0.227618296883071
0.091721,-0.26108425253103
0.075745,-0.294262284808858
0.058518,-0.327036599425973
0.040066,-0.359294972769686
0.020425,-0.39092443739386
-0.0003724,-0.421817766190611
-0.022284,-0.451868963843946
-0.045265,-0.48097480374171
-0.069267,-0.509035275107535
-0.094241,-0.53595609722685
-0.12013,-0.561645139671363
-0.14687,-0.586010229916599
-0.17441,-0.608972185265801
-0.20268,-0.630451320148041
-0.2316,-0.650363239153536
-0.26112,-0.668645144605343
-0.29115,-0.685224708384194
-0.32162,-0.700039598187761
-0.35245,-0.713030751686045
-0.38356,-0.724144256683088
-0.41487,-0.733332716669764
-0.44629,-0.740548767872437
-0.47773,-0.74574722452503
-0.50911,-0.74889412278016
-0.54034,-0.749958907573603
-0.57133,-0.748915419205213
-0.60199,-0.745742543801215
-0.63222,-0.740417177970288
-0.66194,-0.732930764458434
-0.69106,-0.723280026447064
-0.71949,-0.711466729433867
-0.74712,-0.697482522825848
-0.77389,-0.681348713867858
-0.79969,-0.663073563508116
-0.82445,-0.642684733167699
-0.84807,-0.62020311355463
-0.87047,-0.595658843185351
-0.89158,-0.569096537171704
-0.9113,-0.540549501756241
-0.92957,-0.510070965168347
-0.94629,-0.477699513053522
-0.96141,-0.443498126451567
-0.97485,-0.4075257994843
-0.98653,-0.369836909000395
-0.9964,-0.330502956018776
-1,-0.286344861828016
-1,-0.236917311151536
-1,-0.184678046877669
-1,-0.131703033393437
-1,-0.0797112353648813
-1,-0.0300911975220964
-1,0.0160710862823735
-1,0.0579635179465952
-0.99436,0.0991914559158766
-0.98327,0.142522667836853
-0.96993,0.187758251635361
-0.95429,0.234718208461567
-0.93638,0.283181925467511
-0.91619,0.332930246332743
-0.89371,0.383749984421312
-0.86897,0.435408062353856
-0.84197,0.487683172001645
-0.81275,0.540339420170373
-0.78134,0.593142642238614
-0.74777,0.645866292857717
-0.71209,0.698281387311125
-0.67433,0.750178210274849
-0.63457,0.801331694285904
-0.59285,0.851540612351981
-0.54925,0.900599504211663
-0.50384,0.948313255310013
-0.4567,0.994493881930425
-0.40792,1.0389578447025
-0.35758,1.0815386364647
-0.30579,1.12206696930496
-0.25265,1.16038451269702
-0.19827,1.19633992982732
-0.14277,1.22978553805959
-0.086255,1.26059303969193
-0.028865,1.28862874006697
0.029277,1.3137721812411
0.088035,1.33590862925287
0.14727,1.35493026772422
0.20684,1.37073697144396
0.2666,1.38323671807033
0.32641,1.39235161160771
0.38611,1.39800386057197
0.44555,1.40012663124825
0.50458,1.39866508148452
0.56303,1.3935620569355
0.62076,1.38478356045157
0.6776,1.37229426294458
0.7334,1.35607473551612
0.78801,1.33612008285494
0.84126,1.31242362212742
0.89301,1.28500069143718
0.94311,1.25387762427058
0.99143,1.21910471018841
1,1.15275680372408
1,1.05621297308571
1,0.937716937700921
1,0.804524967736778
1,0.66293726418382
1,0.518338448234448
1,0.375245879772193
1,0.237364439820659
1,0.107646379574113
1,-0.0116451493022265
1,-0.118870219973222
1,-0.212945170729209
1,-0.293275719875602
1,-0.359691198790873
1,-0.412380819901233
1,-0.45183276347718
1,-0.478776732439992
1,-0.494130491298782
1,-0.49895077685183
1,-0.4943888467511
1,-0.481650819296823
1,-0.461962855272073
1,-0.436541141183966
1,-0.406566553499941
1,-0.373163815565923
1,-0.33738490278578
1,-0.300196406998202
1,-0.262470537273361
1,-0.224979410869928
1,-0.1883922740212
1,-0.153275286646312
1,-0.120093507040712
1,-0.089214721093155
1,-0.0609147746047895
0.9819,-0.048774623005468
0.93481,-0.0714232177112364
0.88611,-0.122775553511793
0.83595,-0.197103472212545
0.78444,-0.289108814293942
0.73174,-0.393912583655275
0.67798,-0.507101577940267
0.6233,-0.624730540370376
0.56785,-0.74331720053516
0.51176,-0.85985312772436
0.45519,-0.971767157458274
0.39827,-1.07693221568651
0.34114,-1.17363235626142
0.28395,-1.26052759467582
0.22684,-1.3366321311247
0.16995,-1.40128127428973
0.1134,-1.45411189631696
0.057335,-1.49500586365012
0.0018852,-1.52406748973875
-0.052832,-1.54159781329593
-0.10668,-1.54804459013949
-0.15956,-1.54399965634347
-0.21134,-1.53013974157384
-0.26193,-1.50723127417827
-0.3112,-1.47607030562252
-0.35907,-1.43749888167695
-0.40543,-1.39235686604819
-0.45021,-1.34149395341035
-0.49331,-1.28572636597983
-0.53467,-1.22585368323813
-0.57421,-1.16262761110364
-0.61185,-1.09674206088258
-0.64755,-1.02885552180263
-0.68124,-0.959557620059683
-0.71288,-0.889387785944511
-0.74243,-0.818828947151186
-0.76985,-0.748303530694046
-0.79511,-0.678178892135558
-0.81818,-0.608765481331598
-0.83906,-0.540338857345615
-0.85771,-0.473106455509966
-0.87414,-0.407249069664023
-0.88835,-0.342910591538693
-0.90033,-0.280190737894214
-0.9101,-0.219169978846419
-0.91767,-0.15990064323093
-0.92306,-0.102415396600571
-0.92628,-0.0467199264965953
-0.92738,0.00717512141895129
-0.92637,0.0592875331526933
-0.92328,0.109645162034079
-0.91818,0.158255909529914
-0.91107,0.20516522460281
-0.90204,0.250382976734735
-0.89111,0.293943617368132
-0.87833,0.335879920488076
-0.86378,0.37620173123368
-0.84751,0.414923660845344
-0.82958,0.45205757930893
-0.81005,0.487613934843503
-0.78901,0.521580567101736
-0.76651,0.553957896419829
-0.74263,0.58473511650705
-0.71745,0.613893425821536
-0.69104,0.641416173600514
-0.6635,0.66726734983781
-0.63489,0.691426481834617
-0.60531,0.713857161338073
-0.57485,0.734519046702107
-0.54358,0.753385009710275
-0.5116,0.770417627577699
-0.479,0.785580074496446
-0.44589,0.798822676078563
-0.41233,0.810124170890346
-0.37845,0.819435479947205
-0.34432,0.82673124965146
-0.31006,0.83196941256838
-0.27574,0.835132989639984
-0.24148,0.836189166398218
-0.20736,0.835123279074723
-0.17348,0.831921349441459
-0.13994,0.826570776532326
-0.10682,0.819075634124113
-0.07422,0.809438972681534
-0.042219,0.797678888131019
-0.01091,0.783815172828481
0.019633,0.767882894277996
0.04932,0.749917025261354
0.078086,0.729970347318459
0.10585,0.708097056337289
0.13255,0.684365356676029
0.15812,0.658850189669755
0.1825,0.631634545089356
0.20564,0.602813212459744
0.22748,0.572480648769467
0.24797,0.540735934694159
0.26709,0.50770137828821
0.28479,0.473492476074808
0.30103,0.438223392239417
0.3158,0.402026124268724
0.32907,0.365028447707306
0.34082,0.327358371632708
0.35105,0.289155048811242
0.35973,0.250540236828791
0.36688,0.211654849714201
0.3725,0.172636093946478
0.37659,0.133613878314079
0.37917,0.094722839383298
0.38024,0.0560822741573223
0.37985,0.0178320909983819
0.37801,-0.0199053481012169
0.37475,-0.0570111888018449
0.37012,-0.0933587203917428
0.36413,-0.128848823174375
0.35685,-0.163363893381639
0.34831,-0.196805165250014
0.33856,-0.229077938743312
0.32766,-0.260086980904642
0.31567,-0.289740227170003
0.30263,-0.31796647622802
0.28861,-0.344692137486662
0.27368,-0.369844731142051
0.2579,-0.393363055176867
0.24134,-0.41519028216258
0.22407,-0.435275661623617
0.20615,-0.453583109382048
0.18766,-0.470075539966729
0.16868,-0.484717022730639
0.14927,-0.497489243422649
0.12952,-0.508367303927512
0.10949,-0.517344727142931
0.089276,-0.524404276730041
0.068936,-0.529549405869602
0.048552,-0.532783170947667
0.028199,-0.53411413455791
0.0079519,-0.533555826056716
-0.012114,-0.531125760815816
-0.031928,-0.526848196181897
-0.051417,-0.520750952760985
-0.07051,-0.5128660389311
-0.089137,-0.503229180975436
-0.10723,-0.491880037166196
-0.12473,-0.478867397024034
-0.14157,-0.464240514650053
-0.15768,-0.448045756548144
-0.17302,-0.43034832863261
-0.18752,-0.411204879441675
-0.20113,-0.390678570878022
-0.21381,-0.368843607769789
-0.2255,-0.345766371004869
-0.23616,-0.32151994536238
-0.24577,-0.296195608296077
-0.25427,-0.269867202959253
-0.26164,-0.242621989312702
-0.26785,-0.214548130293522
-0.27288,-0.1857393361778
-0.27671,-0.156291022788281
-0.27932,-0.126297125183027
-0.2807,-0.0958549163076086
-0.28084,-0.0650613644366147
-0.27975,-0.0340249592175598
-0.27743,-0.00285272201648134
-0.27387,0.0283602675007351
-0.2691,0.0595020704609209
-0.26312,0.0904729185868369
-0.25596,0.12116395206521
-0.24764,0.151469937637164
-0.23819,0.181284661370836
-0.22764,0.210504669177286
-0.21602,0.239032240073885
-0.20339,0.266755470984749
-0.18977,0.293584384224326
-0.17522,0.319420318588443
-0.1598,0.344161087987476
-0.14354,0.367727428162772
-0.12653,0.390017173478009
-0.1088,0.410957678947831
-0.090431,0.430465218588764
-0.071486,0.448463590034855
-0.052034,0.464881157096564
-0.032147,0.479650568131201
-0.011898,0.492709892569993
0.0086408,0.504004720995662
0.029389,0.513482996623034
0.050271,0.52110038841113
0.071206,0.526817007555474
0.092119,0.530602762818183
0.11293,0.532433413610996
0.13355,0.532284251312798
0.15391,0.530146434212151
0.17393,0.526016785859906
0.19353,0.519897530088057
0.21264,0.511803292815189
0.23119,0.501758989309561
0.24909,0.489783016867212
0.26628,0.475910801192386
0.2827,0.460191096986601
0.29827,0.442667823472199
0.31294,0.423402468781473
0.32665,0.402462050328935
0.33934,0.379916607290045
0.35095,0.355837031931126
0.36145,0.330315423141411
0.37078,0.303436507366084
0.3789,0.275291708731322
0.38579,0.245990246854392
0.3914,0.215630581805233
0.39571,0.184321983892559
0.3987,0.152179380960672
0.40035,0.119318999948812
0.40065,0.085862151284116
0.3996,0.051938085219147
0.39719,0.0176712359628988
0.39342,-0.0168142087423843
0.38831,-0.0513832848633227
0.38188,-0.0858964882227566
0.37414,-0.120222366351243
0.36513,-0.1542179339263
0.35486,-0.187757618493614
0.34339,-0.220697022228829
0.33075,-0.252903415566169
0.31699,-0.284243072799538
0.30215,-0.314593328917957
0.2863,-0.343822464687028
0.26949,-0.371810739612817
0.25178,-0.398444875183938
0.23323,-0.423620870237107
0.21392,-0.447231256611765
0.19391,-0.469184511559009
0.17327,-0.489398113675955
0.15208,-0.507792721149533
0.13041,-0.524302182883865
0.10833,-0.538873862216338
0.085923,-0.551458921518322
0.063259,-0.562023599127295
0.040412,-0.570545306684203
0.017465,-0.577005463515667
-0.0055193,-0.58140524521912
-0.028458,-0.583747766651364
-0.051285,-0.584050986105299
-0.073929,-0.582341392187203
-0.096317,-0.578651224051026
-0.11839,-0.573027627498848
-0.14007,-0.565515173760493
-0.16131,-0.556178745593982
-0.18203,-0.545074048933921
-0.20219,-0.532278000498393
-0.22173,-0.517868220013178
-0.24059,-0.501921202679737
-0.25873,-0.484525584635382
-0.27609,-0.465762861260733
-0.29264,-0.445728938271181
-0.30833,-0.42451407666007
-0.32312,-0.402208993312865
-0.33698,-0.378909693938198
-0.34988,-0.354713775057894
-0.36178,-0.32970994514373
-0.37266,-0.303991933655734
-0.38251,-0.277662124047696
-0.39129,-0.250804628595205
-0.39899,-0.223508381335402
-0.40561,-0.195870788826188
-0.41112,-0.167970838132833
-0.41554,-0.139907029818386
-0.41884,-0.111753452673263
-0.42103,-0.0835915462403813
-0.42211,-0.0554984992696746
-0.42209,-0.0275527884158162
-0.42098,0.000168802993239152
-0.41878,0.0276009554997543
-0.41552,0.0546678226758923
-0.4112,0.0813099634294076
-0.40585,0.107461254276237
-0.39948,0.133067441457738
-0.39213,0.158063803125516
-0.38382,0.182394392408279
-0.37457,0.206012524521193
-0.36442,0.228866140164395
-0.3534,0.250908325654611
-0.34155,0.272090853316172
-0.32891,0.292366394508675
-0.31551,0.311697665486645
-0.3014,0.330042343195213
-0.28661,0.347370611117809
-0.2712,0.363641981602834
-0.25521,0.378823853779738
-0.23868,0.392891457823995
-0.22166,0.405820203040937
-0.20421,0.417579485712667
-0.18637,0.428150017846031
-0.16819,0.437515297621804
-0.14972,0.445662045417159
-0.13102,0.45257305222464
-0.11214,0.45823628367192
-0.093126,0.462647625396949
-0.074032,0.465803999605678
-0.05491,0.467705164028091
-0.035809,0.468355802244338
-0.016783,0.467761139440982
0.0021185,0.465930394339638
0.020854,0.462882021173984
0.039367,0.458630660247748
0.057617,0.453199616982376
0.075559,0.4466155037086
0.093151,0.438909355610254
0.11035,0.430114425115451
0.12713,0.420277629158368
0.14344,0.409437326923618
0.15925,0.397639613539521
0.17453,0.384935681186271
0.18926,0.371386927367215
0.2034,0.357046584483277
0.21694,0.341982064004434
0.22984,0.32624818053814
0.2421,0.309917631132888
0.25369,0.293053287883973
0.26461,0.275730463265224
0.27483,0.258010115978376
0.28435,0.239961964597195
0.29316,0.221653269134839
0.30125,0.203147220580594
0.30861,0.184501713093157
0.31525,0.165783256082046
0.32115,0.147040962530854
0.32633,0.128337785270656
0.33077,0.109716146966854
0.33448,0.0912225266370788
0.33747,0.072904969189422
0.33973,0.0547962445862115
0.34129,0.0369450405887436
0.34213,0.0193741266198436
0.34228,0.00212126617281786
0.34174,-0.0147873630817981
0.34053,-0.0313212985374264
0.33866,-0.0474552943391959
0.33615,-0.0631620404671095
0.333,-0.0784285290889245
0.32926,-0.0932170908379602
0.32492,-0.107515967961608
0.32001,-0.12130543460866
0.31456,-0.134560275180587
0.30859,-0.147259296249049
0.30212,-0.159385482996229
0.29517,-0.170926013010355
0.28778,-0.181857355611912
0.27997,-0.192163106011573
0.27176,-0.201833372677987
0.26319,-0.210849318405578
0.25427,-0.219207900326875
0.24505,-0.226889617049875
0.23553,-0.23389949388476
0.22576,-0.24022550978184
0.21576,-0.245864687686328
0.20556,-0.250814284375404
0.19518,-0.255079468908549
0.18465,-0.25866450247197
0.174,-0.261573033061486
0.16325,-0.263815725555142
0.15243,-0.265401422517296
0.14155,-0.266352241062811
0.13065,-0.266678399421836
0.11976,-0.266387793782259
0.10888,-0.265508545025235
0.098035,-0.264065963667548
0.087259,-0.26207587292926
0.076563,-0.259563107682538
0.065963,-0.256555463060712
0.055484,-0.253075767301907
0.045137,-0.249152609103745
0.034941,-0.244812543319583
0.02491,-0.240083458804074
0.015059,-0.234992800817104
0.0054002,-0.229568943027046
-0.0040541,-0.223840107769684
-0.01329,-0.217832374100507
-0.022298,-0.211572549229551
-0.03107,-0.205088231893327
-0.039592,-0.198402431931717
-0.047858,-0.191539619960494
-0.055859,-0.184522419429542
-0.063587,-0.177371939225878
-0.071038,-0.170110292373805
-0.078203,-0.162755938476126
-0.085076,-0.155325935679398
-0.091656,-0.147839267277227
-0.097939,-0.140313556685859
-0.10392,-0.132763933670632
-0.1096,-0.125207360667914
-0.11498,-0.117661636421289
-0.12006,-0.110143834523309
-0.12484,-0.102669803339875
-0.12932,-0.0952537935802316
-0.13351,-0.0879155968285771
-0.13741,-0.0806713673757238
-0.14103,-0.0735411128981795
-0.14437,-0.0665398387275921
-0.14745,-0.0596927290699612
-0.15027,-0.0530175366783893
-0.15284,-0.0465327679127747
-0.15517,-0.040256857982829
-0.15727,-0.0342075080268573
-0.15915,-0.0284011686098738
-0.16083,-0.0228600523956053
-0.16232,-0.0176028476023909
-0.16362,-0.012637320742458
-0.16476,-0.00798421519041929
-0.16574,-0.00365180446186682
-0.16658,0.000347311265225847
-0.16728,0.00401236710090959
-0.16787,0.00733016817338697
-0.16836,0.010292824648621
-0.16875,0.0129045050836105
-0.16907,0.0151569844436827
-0.16931,0.0170620211988736
-0.16951,0.0186103601119515
-0.16966,0.0198131825696677
-0.16978,0.0206758060459515
-0.16988,0.0212062177051268
-0.16998,0.0214070718580376
-0.17008,0.0212915532132053
-0.1702,0.020866295557333
-0.17034,0.0201473584453715
-0.17052,0.0191432621706265
-0.17074,0.0178710813963863
-0.17102,0.0163395957392152
-0.17135,0.0145728940290735
-0.17176,0.0125772176408799
-0.17224,0.0103738529389765
-0.17281,0.00797346523199156
-0.17346,0.00540005730569334
-0.1742,0.00267294389894143
-0.17504,-0.00019287326175602
-0.17599,-0.00318631228579517
-0.17703,-0.00627761356803053
-0.17818,-0.00945238333284147
-0.17943,-0.0126868717876766
-0.18079,-0.0159652862487898
-0.18227,-0.0192787582803644
-0.18385,-0.0226021555641941
-0.18554,-0.0259201879648066
-0.18734,-0.0292186138919924
-0.18924,-0.0324771369227333
-0.19125,-0.0356860279792615
-0.19336,-0.0388296710997627
-0.19557,-0.041895646572938
-0.19788,-0.0448745730384944
-0.20029,-0.0477599066566429
-0.20278,-0.0505329115522943
-0.20536,-0.0531878357853637
-0.20801,-0.0557074894964516
-0.21075,-0.0580956346386239
-0.21355,-0.060335984277536
-0.21641,-0.06241883874438
-0.21933,-0.064340186708594
-0.2223,-0.0660934441368398
-0.22531,-0.0676702549728327
-0.22835,-0.0690611745626244
-0.23141,-0.0702562441309169
-0.23449,-0.0712528629272393
-0.23758,-0.0720471533970218
-0.24065,-0.0726196331608904
-0.24371,-0.0729684364172098
-0.24675,-0.0730912624097979
-0.24974,-0.0729708416536687
-0.25267,-0.0725931789231646
-0.25554,-0.0719547746666096
-0.25832,-0.0710385988317018
-0.261,-0.0698320539479308
-0.26357,-0.0683265444474906
-0.266,-0.0665022395679064
-0.26828,-0.0643456651595525
-0.27039,-0.0618415315564571
-0.2723,-0.0589661990609081
-0.27399,-0.0556974175199313
-0.27545,-0.0520221474811176
-0.27663,-0.0479056551933333
-0.27754,-0.0433411298341833
-0.27812,-0.0382928109001153
-0.27837,-0.0327470562020245
-0.27825,-0.0266789718391996
-0.27774,-0.0200701981888955
-0.2768,-0.0128934915061542
-0.27543,-0.0051449127841385
-0.27358,0.0031973859630789
-0.27123,0.0121467458175595
-0.26836,0.0217091229014191
-0.26494,0.0318915711173326
-0.26095,0.0426942601789574
-0.25636,0.0541190181327046
-0.25115,0.0661613881464677
-0.24531,0.0788043949229019
-0.2388,0.0920434356638752
-0.23161,0.105861664148171
-0.22372,0.120240069111575
-0.21511,0.135158268175089
-0.20578,0.150580408239124
-0.19569,0.166488596819533
-0.18486,0.182835445894118
-0.17325,0.199595362055178
-0.16088,0.216716589955361
-0.14772,0.234164623804803
-0.13378,0.251890209703758
-0.11905,0.269848346484498
-0.10354,0.28798392744714
-0.087246,0.30624560434853
-0.07018,0.324574703311871
-0.052344,0.342915741075113
-0.033749,0.361210795106872
-0.014408,0.37940023688014
0.005662,0.397421913444
0.026446,0.415215017102651
0.04792,0.432715060474904
0.070064,0.449859562145009
0.092847,0.466581507083394
0.11624,0.482813830877015
0.14022,0.498496017280906
0.16474,0.5135570830517
0.18977,0.527932476966277
0.21526,0.54155018508476
0.24118,0.554349331073543
0.26747,0.566257918349827
0.2941,0.577219573810384
0.321,0.58716294082657
0.34811,0.596014388197964
0.3754,0.603723113444472
0.40279,0.610221641288497
0.43022,0.615446198745482
0.45763,0.619338249213158
0.48495,0.621838211006123
0.51213,0.622902620613352
0.53908,0.622473179460882
0.56574,0.620503960028217
0.59204,0.616953425991279
0.61791,0.611785288981455
0.64327,0.604961661009688
0.66806,0.596459756312783
0.6922,0.586255370224591
0.71562,0.57433177631884
0.73826,0.560686686769675
0.76004,0.545315285587477
0.7809,0.528226178366246
0.80076,0.509424284854156
0.81958,0.48894149484153
0.83728,0.466801480794152
0.85382,0.443050684093608
0.86912,0.417723484719457
0.88315,0.390880960207861
0.89585,0.362582218140383
0.90717,0.332890878782616
0.91708,0.301887519858938
0.92553,0.269649632312413
0.93249,0.236265070393614
0.93793,0.201827769433692
0.94181,0.166426680712833
0.94412,0.130166501139795
0.94483,0.0931469336836066
0.94392,0.055468228311745
0.94136,0.0172207719624365
0.93716,-0.0214861246408038
0.93131,-0.0605459357123482
0.92379,-0.0998649962663285
0.91461,-0.139340765942761
0.90376,-0.178881566545405
0.89126,-0.218385266100373
0.87711,-0.257759385250242
0.86132,-0.296914898109741
0.8439,-0.335768579971553
0.82488,-0.374229981648105
0.80428,-0.412213321760335
0.78212,-0.449639571504472
0.75843,-0.486430585559231
0.73324,-0.522511758393285
0.70659,-0.557806684390268
0.67851,-0.592247698250898
0.64904,-0.625769358428832
0.61823,-0.658303139945266
0.58611,-0.689795421741942
0.55275,-0.720177219333858
0.51819,-0.749391950626338
0.48248,-0.777387901525614
0.44567,-0.804119425726398
0.40783,-0.829532951167567
0.36902,-0.85357807521831
0.32928,-0.87622380846062
0.2887,-0.897419385859526
0.24733,-0.917129736917178
0.20524,-0.935319270990898
0.16248,-0.951968399995791
0.11914,-0.967042046649399
0.07528,-0.98051640919987
0.030963,-0.992375810038103
-0.013737,-1.00260401549571
-0.058751,-1.01118906265272
-0.10401,-1.01812331359999
-0.14944,-1.02339966337987
-0.19497,-1.02701435786797
-0.24054,-1.02897506850542
-0.28607,-1.02928415210139
-0.33148,-1.02794005348337
-0.37672,-1.02496069046102
-0.4217,-1.02035000171611
-0.46636,-1.01412308896126
-0.51063,-1.00629657461159
-0.55444,-0.996888162784039
-0.59772,-0.985916225229351
-0.64039,-0.973392020744517
-0.68239,-0.959335764325829
-0.72366,-0.943774532852254
-0.76411,-0.926718189747509
-0.8037,-0.908199564271936
-0.84235,-0.888239655475195
-0.87999,-0.86685685227947
-0.91658,-0.844089195830934
-0.95203,-0.819952630550345
-0.9863,-0.794481863851588
-1,-0.753410517111539
-1,-0.690727332503704
-1,-0.612279977622906
-1,-0.523207391833553
-1,-0.427964982461846
-1,-0.330355765511901
-1,-0.233566595568012
-1,-0.140208567170854
-1,-0.0523606448374449
-1,0.0283844149703703
-1,0.100872754848505
-1,0.164341573116548
-1,0.218371530903974
-1,0.262840115054602
-1,0.29787657528428
-1,0.323818962817094
-1,0.341173705172687
-1,0.350578060347071
-1,0.352765705368931
-1,0.348535630776369
-1,0.338724435233343
-1,0.324182044242893
-1,0.305750814364531
-1,0.284247929884368
-1,0.260450952659703
-1,0.235086347801797
-1,0.208820777735708
-1,0.182254934607301
-1,0.155919665504636
-1,0.130274135948372
-1,0.105705773946637
-1,0.082531738928666
-1,0.0610016663741422
-1,0.0413014492459944
-1,0.0235578307313568
-1,0.00784359864244141
-1,-0.0058168104936234
-1,-0.0174414706950554
-0.97903,-0.011571254460412
-0.94049,0.0213117501468862
-0.90023,0.0764839564850761
-0.85828,0.149546526836607
-0.81472,0.236412910728142
-0.76958,0.333370726805583
-0.72293,0.437060762850025
-0.67483,0.54449261250111
-0.62535,0.653037021637223
-0.57456,0.760421260414989
-0.52254,0.86471170011804
-0.46936,0.964308198035873
-0.41511,1.05791068632719
-0.35988,1.14450076214442
-0.30376,1.22332065568074
-0.24684,1.29385028671025
-0.18922,1.35577567205059
-0.13099,1.40897310024797
-0.07227,1.45346181827604
-0.013151,1.48940559375495
0.046253,1.51707138415103
0.10583,1.53681133799293
0.16548,1.5490528778006
0.22509,1.55426961292611
0.28453,1.55295303985869
0.34369,1.54561590684569
0.40247,1.53278626565514
0.46074,1.51497200769729
0.51838,1.49266170976262
0.57529,1.46633257267424
0.63135,1.43642695215317
0.68644,1.40334860278867
0.74045,1.36746755786559
0.79327,1.32911711682345
0.8448,1.28859940377729
0.89493,1.24617555615079
0.94356,1.20207341236401
0.9906,1.15649436232589
1,1.08300848193867
1,0.981938464049941
1,0.861227799555466
1,0.72783223235154
1,0.587756495977218
1,0.446099419134308
1,0.307106116952916
1,0.174225916687348
1,0.0501746483069198
1,-0.0630000461296123
1,-0.163851673115897
1,-0.251467323110594
1,-0.325400681215393
1,-0.385606595007744
1,-0.432378053679271
1,-0.46628630032125
1,-0.488124666243025
1,-0.49885658592016
1,-0.499568126275916
1,-0.491425246684635
1,-0.475635898024726
1,-0.453416971515039
1,-0.425966021737494
1,-0.394437613606663
1,-0.359924080196474
1,-0.323440427101496
1,-0.285913078989855
1,-0.248172134602573
1,-0.21094677692725
1,-0.174863474768979
1,-0.140446609527753
1,-0.108121165692912
1,-0.0782171343863581
1,-0.0509752952369319
1,-0.0265540619835466
1,-0.00503710056117674
1,0.0135585458461551
1,0.0292740629994417
1,0.0422004131146264
1,0.0524700054182947
1,0.0602486435148103
1,0.0657278762276197
0.96756,0.0451184591096652
0.92438,-0.00405076081775028
0.88007,-0.0759442609250981
0.83471,-0.165203637738357
0.78837,-0.26697382350792
0.74113,-0.376903570352807
0.69306,-0.491153859897713
0.64425,-0.606374636119617
0.59477,-0.719707567093523
0.54471,-0.828749786557641
0.49412,-0.931560390245409
0.4431,-1.02658963856343
0.39172,-1.11267283404744
0.34005,-1.18899459824916
0.28817,-1.25504455796319
0.23616,-1.31058163053571
0.18409,-1.35560581419704
0.13204,-1.39031428112671
0.080072,-1.4150812157982
0.028271,-1.43040608503727
-0.023296,-1.43689829804498
-0.074554,-1.43524192826523
-0.12543,-1.42617183624303
-0.17586,-1.41045733777436
-0.22577,-1.38887313664277
-0.27509,-1.36218515946427
-0.32375,-1.3311354829659
-0.37169,-1.29643732667926
-0.41884,-1.25875616159386
-0.46513,-1.21870237083613
-0.51051,-1.17684088234888
-0.55491,-1.13366994208303
-0.59827,-1.08962741372983
-0.64053,-1.04508959320535
-0.68164,-1.00037890004858
-0.72154,-0.955756412526608
-0.76017,-0.911424634484811
-0.79748,-0.867538499745156
-0.83342,-0.824208005907556
-0.86795,-0.781508883123491
-0.901,-0.73946252283393
-0.93255,-0.698080438141644
-0.96254,-0.657333891728537
-0.99093,-0.617174963716309
-1,-0.564459558240677
-1,-0.496505202045551
-1,-0.418256309735669
-1,-0.333982065560272
-1,-0.24731170665553
-1,-0.161273871033879
-1,-0.0783391991541794
-1,-0.000465352552904745
-1,0.0708563826222499
-1,0.134553710699978
-1,0.189925915813689
-1,0.236597118468458
-1,0.27447081909717
-1,0.303686268114139
-1,0.324577117913717
-1,0.337632727116317
-1,0.343462403444578
-1,0.342762790825152
-1,0.336288530186858
-1,0.324826253145411
-1,0.309171904192027
-1,0.290111330715196
-1,0.268404031505028
-1,0.24476991341936
-1,0.219878872541941
-1,0.194342990187975
-1,0.168711115133617
-1,0.14346559098385
-1,0.119020881090589
-0.99272,0.101109649481708
-0.96497,0.103978037210983
-0.93571,0.124591072903891
-0.90502,0.160017421071263
-0.87293,0.207500258905509
-0.83952,0.264440128751076
-0.80483,0.328447430228038
-0.76892,0.397338349673417
-0.73188,0.469121905364355
-0.69374,0.542053742596864
-0.6546,0.614579276521683
-0.61451,0.685373679164234
-0.57355,0.753310633498044
-0.5318,0.817455548638605
-0.48932,0.877070981354807
-0.4462,0.931579737477605
-0.40252,0.980561146494972
-0.35836,1.02373697969241
-0.31379,1.06096401065236
-0.26891,1.09219498448768
-0.2238,1.1174815588909
-0.17853,1.13696651678365
-0.13321,1.15083786936291
-0.087914,1.15934653985019
-0.042732,1.16278011867439
0.0022526,1.16145704403422
0.046944,1.1557065985055
0.091261,1.14587200615897
0.13511,1.13229213454067
0.17841,1.11530490112222
0.22106,1.0952255003389
0.263,1.07237415721154
0.30412,1.04703069296437
0.34434,1.01945777739316
0.3836,0.989912410770673
0.42179,0.958603296656148
0.45886,0.925738857420383
0.49472,0.891491784299375
0.5293,0.856015609697098
0.56254,0.819451028630998
0.59437,0.781916439176947
0.62473,0.743515612071658
0.65355,0.704329401048527
0.6808,0.664446603494398
0.7064,0.623922052313801
0.73034,0.582832470961063
0.75255,0.541224786812127
0.773,0.499149223149367
0.79167,0.456663715033177
0.80852,0.413815120219078
0.82353,0.37065397371806
0.83668,0.327231518414841
0.84796,0.283604722923427
0.85737,0.239840209539266
0.86488,0.195987610171352
0.87051,0.152117712749373
0.87425,0.108293507726862
0.87611,0.0645840525296851
0.87611,0.0210681006106127
0.87426,-0.0221780038356968
0.87057,-0.0650826246565817
0.86508,-0.107558381146729
0.85781,-0.149523047668328
0.84878,-0.190901477346963
0.83804,-0.231604794458886
0.82561,-0.271558359312725
0.81156,-0.310664773518589
0.7959,-0.348856016441325
0.7787,-0.386045964698116
0.76002,-0.422144372242331
0.73988,-0.457090431369274
0.71837,-0.49079772207482
0.69553,-0.523199259900698
0.67144,-0.55421672958559
0.64615,-0.583787759845803
0.61973,-0.611850513747098
0.59226,-0.638338651402785
0.56381,-0.663192165400725
0.53444,-0.686365945789326
0.50425,-0.707799314260191
0.47329,-0.727458422857803
0.44166,-0.745295758938796
0.40943,-0.761277015573983
0.37669,-0.775365401870039
0.34351,-0.787538630819836
0.30998,-0.797772631654331
0.27617,-0.806058032007963
0.24218,-0.812376052887149
0.20809,-0.816716270631528
0.17397,-0.819083288506694
0.13991,-0.819479514800423
0.10599,-0.817913492640796
0.072297,-0.814393839752081
0.038903,-0.808940596340349
0.0058863,-0.801578287166923
-0.026673,-0.792333505269498
-0.058704,-0.781241003387315
-0.09013,-0.768337256238847
-0.12088,-0.753663689501098
-0.15089,-0.737270071493799
-0.18009,-0.719207373852746
-0.20841,-0.699526376356632
-0.2358,-0.678291291334682
-0.26219,-0.65556076983951
-0.28753,-0.631402274930074
-0.31177,-0.605888598955418
-0.33484,-0.57908008105212
-0.35672,-0.551062320016278
-0.37734,-0.521901914753732
-0.39668,-0.491685202693105
-0.41469,-0.460489756758313
-0.43134,-0.428398581185355
-0.4466,-0.395496574855483
-0.46044,-0.361867594416595
-0.47285,-0.327606868806365
-0.4838,-0.292801091928683
-0.49328,-0.257542144280791
-0.50128,-0.221923187059346
-0.5078,-0.186042847313253
-0.51283,-0.149993624892841
-0.51638,-0.113874861111471
-0.51845,-0.0777807935508331
-0.51905,-0.0418058225913277
-0.5182,-0.00604872219932373
-0.51592,0.0293914973685554
-0.51223,0.0644189538103828
-0.50715,0.0989435515921594
-0.50072,0.132868207596443
-0.49297,0.166100940480465
-0.48394,0.198549705741741
-0.47365,0.230140445120692
-0.46217,0.260779412811955
-0.44954,0.290382491420722
-0.43579,0.318883784138661
-0.42099,0.346205106910933
-0.40518,0.372283489933022
-0.38842,0.397055964890176
-0.37076,0.420469492837071
-0.35227,0.442466510428676
-0.33299,0.463010367272492
-0.31299,0.48206090002859
-0.29233,0.499584404440053
-0.27106,0.515561480261555
-0.24925,0.529970775826493
-0.22696,0.54279809480812
-0.20424,0.554043517737342
-0.18116,0.563704554912577
-0.15777,0.571792180702252
-0.13414,0.578313781325885
-0.11033,0.583281647554862
-0.086386,0.586722605772021
-0.062374,0.5886602195865
-0.038346,0.58912562947989
-0.014361,0.588150510509231
0.0095289,0.585771615990097
0.03327,0.582027973361864
0.056812,0.576962217116592
0.080099,0.570614865483678
0.10309,0.563034877671814
0.12572,0.554259127873908
0.14796,0.544340506264838
0.16976,0.533327957712122
0.19107,0.521265991095323
0.21185,0.508201749025526
0.23206,0.494183206159308
0.25167,0.479265063138894
0.27062,0.463483706668944
0.28889,0.446889238266404
0.30645,0.429533929247137
0.32326,0.411462843895916
0.33929,0.392721231014157
0.35451,0.373353054883341
0.3689,0.353407223791628
0.38242,0.332920277116444
0.39507,0.3119471119104
0.40681,0.290526093139322
0.41762,0.268695722582974
0.4275,0.246508053356399
0.43643,0.224009567998918
0.44439,0.201240693155255
0.45138,0.178250340140599
0.45739,0.155085210770024
0.46241,0.131788624888009
0.46645,0.108414444862737
0.4695,0.0850084367206885
0.47157,0.0616230335493435
0.47265,0.0382994648598556
0.47277,0.0150980126381399
0.47192,-0.00793726897408071
0.47011,-0.0307622025338562
0.46735,-0.0533341209966431
0.46366,-0.0756057505578533
0.45905,-0.0975351921871439
0.45352,-0.119093834422813
0.4471,-0.140242811610835
0.43979,-0.16095866887658
0.43162,-0.181209266614796
0.4226,-0.200971559903675
0.41274,-0.220230892766084
0.40207,-0.238965415747001
0.3906,-0.257163281337431
0.37836,-0.27480664354451
0.36535,-0.291895885959913
0.35161,-0.308416890685928
0.33715,-0.324366786118345
0.322,-0.339737404190901
0.30617,-0.354531654359464
0.2897,-0.368739433701882
0.27261,-0.382355505259818
0.25492,-0.395378968781359
0.23666,-0.407805315411712
0.21786,-0.419627495383952
0.19853,-0.430851620818382
0.17872,-0.441464893760621
0.15845,-0.451461999552212
0.13774,-0.460843982891624
0.11663,-0.46960238316826
0.095145,-0.477732566392664
0.073315,-0.485229567452572
0.051164,-0.492092879455214
0.02873,-0.498315399278746
0.0060405,-0.50389279899781
-0.016876,-0.508822493639229
-0.03998,-0.51309536338362
-0.06325,-0.516710692159742
-0.086647,-0.519661730533532
-0.11014,-0.521943071765509
-0.1337,-0.523552117937485
-0.15729,-0.524482791237788
-0.18087,-0.524724246907174
-0.20441,-0.52426956714116
-0.22788,-0.523115271730501
-0.25125,-0.521260839633098
-0.27447,-0.518693451594201
-0.29752,-0.51541298385519
-0.32035,-0.511407445324802
-0.34292,-0.506663069080675
-0.36521,-0.501179884234911
-0.38718,-0.494954336226514
-0.40878,-0.487972768258653
-0.42998,-0.480228606366026
-0.45073,-0.471706441053654
-0.47101,-0.462406411164613
-0.49077,-0.452319083418854
-0.50997,-0.441435038933288
-0.52858,-0.429752594487192
-0.54656,-0.417269039124156
-0.56387,-0.40398099430131
-0.58047,-0.389884715656203
-0.59633,-0.374983739510642
-0.6114,-0.359272667699043
-0.62566,-0.342761306363123
-0.63907,-0.325456746789913
-0.6516,-0.307371180610502
-0.6632,-0.28850586489815
-0.67387,-0.268890245022305
-0.68355,-0.248531396801705
-0.69223,-0.227455202127131
-0.69986,-0.205672463689738
-0.70644,-0.183218540631966
-0.71193,-0.160118083150884
-0.71629,-0.136386454304377
-0.71952,-0.112060673255225
-0.72159,-0.087172016044469
-0.72248,-0.0617536546282944
-0.72215,-0.0358245480313095
-0.72061,-0.00942857904790917
-0.71783,0.0174011197259878
-0.71379,0.0446336724312685
-0.70849,0.0722261844144469
-0.70191,0.100142142045733
-0.69404,0.128343905107213
-0.68487,0.156794102220065
-0.67441,0.185441967680086
-0.66264,0.214249666771288
-0.64957,0.243168820408177
-0.63521,0.272144061445504
-0.61955,0.301130884189496
-0.60262,0.33006539361531
-0.58441,0.358899611379911
-0.56496,0.387562971282065
-0.54427,0.415998453932171
-0.52236,0.444147003939944
-0.49927,0.47193504934179
-0.47501,0.499301811294741
-0.44962,0.526176630422551
-0.42314,0.552483158095606
-0.3956,0.57815029222131
-0.36705,0.603098691549993
-0.33752,0.627259728805299
-0.30708,0.650546134139
-0.27576,0.672888005190236
-0.24363,0.69420223369129
-0.21074,0.714412605972939
-0.17715,0.733443653803622
-0.14293,0.751215701230869
-0.10814,0.767655788306683
-0.072851,0.782690787308833
-0.037137,0.796247791886544
-0.0010678,0.808259761138078
0.035279,0.818661053980101
0.071826,0.827389720159921
0.1085,0.834392216256347
0.14521,0.839610722132856
0.18189,0.843004683805987
0.21844,0.844524090630773
0.2548,0.844142908601227
0.29086,0.841818831318654
0.32656,0.837535209096085
0.36181,0.831274994924054
0.39652,0.823021929554066
0.43062,0.812776238162053
0.46403,0.800544645544617
0.49666,0.786332132646174
0.52845,0.770164883847753
0.55932,0.752071220311864
0.58919,0.732080930254549
0.618,0.710239432451643
0.6457,0.686611351514432
0.6722,0.661245877412514
0.69748,0.634230542558924
0.72145,0.605629970369039
0.74409,0.575540586211643
0.76534,0.544052466454835
0.78517,0.511270468419972
0.80352,0.477286425480082
0.82038,0.442216171593757
0.83572,0.406176925409555
0.84949,0.36926896163414
0.86169,0.331612968443411
0.87229,0.293320396733171
0.88128,0.254506724539634
0.88865,0.215287187450193
0.89437,0.175758492681535
0.89847,0.136043672562603
0.9009,0.0962239640676223
0.9017,0.0564106745530854
0.90085,0.0166913460551969
0.89837,-0.02283908161
0.89426,-0.0620977560771475
0.88853,-0.101007136816592
0.8812,-0.139489417174075
0.87228,-0.177476836153758
0.8618,-0.214897546838365
0.84978,-0.251686521020585
0.83625,-0.287779365903139
0.82123,-0.323122115646635
0.80475,-0.357664058683781
0.78685,-0.391351864239389
0.76756,-0.424139691287502
0.74694,-0.455967539384596
0.725,-0.486803318886176
0.70181,-0.516594669343831
0.67742,-0.545289800413962
0.65186,-0.572854249133636
0.6252,-0.59923955621943
0.59749,-0.624402741086119
0.5688,-0.648292248406357
0.53917,-0.670873812442971
0.50868,-0.692099074502773
0.47739,-0.711925017199909
0.44537,-0.730307283674498
0.41269,-0.747202215971846
0.37941,-0.762575867748728
0.34563,-0.776374027363669
0.31139,-0.788572529584381
0.27679,-0.799128270669895
0.24189,-0.808014173300846
0.20677,-0.81520256133736
0.17151,-0.820666561299307
0.13618,-0.824388590610855
0.10085,-0.826359552338751
0.065609,-0.826563899828637
0.030513,-0.825006203337926
-0.0043549,-0.821687572239598
-0.038928,-0.816618892801518
-0.073138,-0.809817901401232
-0.10691,-0.801302922205314
-0.14019,-0.791108110254597
-0.1729,-0.77926208519654
-0.20498,-0.7658018773185
-0.23638,-0.750777992066668
-0.26703,-0.734235919829623
-0.29689,-0.716238299320375
-0.32588,-0.696830515659446
-0.35398,-0.676087332559895
-0.38112,-0.6540683154218
-0.40726,-0.630841420166012
-0.43237,-0.606486943627649
-0.45639,-0.58107076354517
-0.47929,-0.554667466736563
-0.50104,-0.527356528267701
-0.5216,-0.49921167230869
-0.54095,-0.470314590170941
-0.55906,-0.4407435620574
-0.57591,-0.410579129577079
-0.59147,-0.379893776049739
-0.60574,-0.34877336668503
-0.61868,-0.317282278319572
-0.63031,-0.28550978163287
-0.6406,-0.253525398309108
-0.64956,-0.221409974045123
-0.65718,-0.189236024187633
-0.66347,-0.157081675183023
-0.66843,-0.12501954670088
-0.67206,-0.0931153104046054
-0.67439,-0.0614488786487187
-0.67541,-0.0300793319492242
-0.67515,0.00092365506542651
-0.67363,0.0314917502821063
-0.67086,0.0615675514574104
-0.66687,0.091089854368791
-0.66167,0.120011468576243
-0.65532,0.148261438257293
-0.64781,0.175803955649783
-0.6392,0.20258139077506
-0.62951,0.228550295373371
-0.61877,0.253673061314481
-0.60703,0.27790364890282
-0.59432,0.301205870200631
-0.58068,0.32354566987476
-0.56615,0.344892236869798
-0.55076,0.365226199922532
-0.53457,0.38451633775869
-0.51762,0.40273807030027
-0.49994,0.419880773956161
-0.4816,0.435916323329316
-0.46262,0.450840730058436
-0.44307,0.464633095904915
-0.42299,0.477282114982513
-0.40243,0.488777574003613
-0.38143,0.499118252012717
-0.36005,0.508295846091789
-0.33834,0.516304360964185
-0.31634,0.523147592285993
-0.29412,0.528815301382766
-0.27171,0.53331612410599
-0.24918,0.536644416622883
-0.22656,0.538813054629214
-0.20391,0.539827596581472
-0.18128,0.539695214650557
-0.15873,0.538417028636312
-0.13629,0.536011648259101
-0.11401,0.532496703477734
-0.091956,0.527876923404812
-0.070159,0.522172550469505
-0.048668,0.515402624205161
-0.027531,0.507585578408617
-0.0067878,0.498745039360119
0.013512,0.488901031591287
0.033339,0.478085152343321
0.052641,0.466320680574508
0.071388,0.45364002211723
0.089539,0.440073956876987
0.10706,0.425656309254035
0.12391,0.410417255463663
0.14007,0.394399452442251
0.1555,0.37763889432806
0.17017,0.36017256215319
0.18406,0.342044539324706
0.19714,0.323295948507526
0.20938,0.303964292074255
0.22078,0.284105181782886
0.2313,0.263757597819415
0.24094,0.242975466839545
0.24968,0.22180832818975
0.25751,0.200308038090097
0.26442,0.178526693640961
0.27041,0.156522331931307
0.27547,0.134348559851791
0.2796,0.112061082068051
0.28282,0.0897302870784215
0.28512,0.0674140188988758
0.28652,0.0451803105288381
0.28702,0.0230884372452088
0.28663,0.00119603921180121
0.28539,-0.0204203226638581
0.28329,-0.0417082675131114
0.28038,-0.0625923699740256
0.27667,-0.0830106728588909
0.27218,-0.102906800739098
0.26695,-0.122216087918583
0.26101,-0.140876807277338
0.25439,-0.158831756459597
0.24712,-0.176029435147036
0.23924,-0.192417461635681
0.23079,-0.207944689233859
0.22181,-0.222562880235271
0.21234,-0.236227982106118
0.20241,-0.248908448027611
0.19208,-0.260562035310421
0.18139,-0.271154351080464
0.17038,-0.280658793569854
0.15909,-0.289056302437181
0.14758,-0.296320158891158
0.13588,-0.3024408944915
0.12404,-0.30740892591689
0.1121,-0.311222736030344
0.10012,-0.313873043407039
0.088128,-0.315368676703293
0.076177,-0.315714779518065
0.064309,-0.314921940860267
0.052563,-0.313007463915968
0.040986,-0.309988051274351
0.029614,-0.305887945114375
0.018486,-0.300734906373376
0.0076458,-0.29455551917189
-0.0028766,-0.287385156968174
-0.01304,-0.279257263522306
-0.022812,-0.270209520974931
-0.032159,-0.26028127863839
-0.041049,-0.249513474588929
-0.049454,-0.237950271918933
-0.057344,-0.225635823167579
-0.064691,-0.212614587363717
-0.071475,-0.198935982587906
-0.077664,-0.184643184769866
-0.083245,-0.169787157945472
-0.088192,-0.154414064806694
-0.09249,-0.138572968554399
-0.096122,-0.122312322980862
-0.099078,-0.105683793484976
-0.10134,-0.0887341363744032
-0.1029,-0.0715120700320208
-0.10376,-0.054073742780214
-0.1039,-0.036463264363146
-0.10333,-0.0187357646920788
-0.10205,-0.000946093262366826
-0.10005,0.0168602948434585
-0.097345,0.0346285771685389
-0.093942,0.052304103751495
-0.089851,0.069831954161121
-0.08508,0.0871603017905821
-0.079653,0.104229746417148
-0.073581,0.120986371705626
-0.066889,0.137372169940546
-0.059597,0.153331496882669
-0.051735,0.168805129200349
-0.043329,0.183735933120497
-0.034409,0.198067473401692
-0.025014,0.211739187366962
-0.015172,0.224697403110373
-0.0049267,0.236884305032687
0.0056837,0.248244836530919
0.016617,0.258725172002175
0.027832,0.268275160692101
0.03928,0.276843921090585
0.050916,0.284384596425156
0.062694,0.290854610411158
0.074562,0.296212067523825
0.086476,0.300423187974403
0.098382,0.303454775328928
0.11023,0.305278479738436
0.12197,0.305871141020521
0.13356,0.305220840810223
0.14495,0.303319647074992
0.15609,0.300163563698715
0.16693,0.295752363357943
0.17742,0.290089329056232
0.18754,0.283203121466052
0.19722,0.275105556374457
0.20644,0.265831934824638
0.21516,0.255421130665495
0.22334,0.243914209763883
0.23094,0.231353210242666
0.23795,0.217802278032883
0.24432,0.203312316853277
0.25005,0.187959356680798
0.2551,0.171808212282871
0.25946,0.154935205594816
0.2631,0.13740914137551
0.26603,0.119320496176894
0.26823,0.100752564655264
0.2697,0.0817953217655559
0.27043,0.0625341756227858
0.27041,0.0430483617497316
0.26966,0.0234319446990874
0.26817,0.00376594477918545
0.26597,-0.0158520566204677
0.26304,-0.0353510931165397
0.25942,-0.0546396084125752
0.2551,-0.0736493377656923
0.25012,-0.0922961388752333
0.24448,-0.110515427947083
0.23822,-0.128231085362678
0.23135,-0.145382486999552
0.22389,-0.161916322213508
0.21588,-0.177772431150211
0.20734,-0.192902151170485
0.1983,-0.20726061983991
0.18878,-0.220815270963673
0.17882,-0.233530172311148
0.16845,-0.245375664954709
0.15771,-0.256321159368932
0.14662,-0.266351527729883
0.13523,-0.275442920133999
0.12355,-0.283595253240208
0.11164,-0.290791193470141
0.099526,-0.297025643458055
0.08724,-0.30229957502948
0.074819,-0.30661562238945
0.0623,-0.30997815511585
0.049718,-0.312394738619061
0.03711,-0.313874238814466
0.02451,-0.314428928013264
0.011954,-0.314072365388173
-0.00052419,-0.312820724063055
-0.012889,-0.310690840972661
-0.02511,-0.307703701602432
-0.037151,-0.30387905047898
-0.048985,-0.299242107913163
-0.060579,-0.293817579368104
-0.071905,-0.28763294898599
-0.082936,-0.280718075734149
-0.093647,-0.273105520477338
-0.10401,-0.264827014883027
-0.11401,-0.255922444271625
-0.12363,-0.24643575990375
-0.13283,-0.236396019935756
-0.14161,-0.225849054758571
-0.14996,-0.21484555326191
-0.15786,-0.203431319198818
-0.1653,-0.191654304162912
-0.17227,-0.179562793607349
-0.17877,-0.167211308523166
-0.18478,-0.154642987344257
-0.19032,-0.141920031746371
-0.19537,-0.129088562408208
-0.19994,-0.11620245901417
-0.20404,-0.103320160572349
-0.20766,-0.0904871603933616
-0.21081,-0.077751789478233
-0.2135,-0.0651630510306312
-0.21574,-0.0527688476516623
-0.21754,-0.0406145678277279
-0.21891,-0.0287419977972792
-0.21986,-0.0171885248208425
-0.22041,-0.00599399634373661
-0.22056,0.00481600916209441
-0.22034,0.0152063206086018
-0.21977,0.0251427707832373
-0.21885,0.0346081012010758
-0.2176,0.043584766710949
-0.21605,0.0520484747910293
-0.21421,0.0599853229551874
-0.2121,0.0673831448165185
-0.20973,0.0742392770620361
-0.20712,0.0805517698315889
-0.20429,0.086319663179902
-0.20127,0.091535762679788
-0.19805,0.0962179384605245
-0.19466,0.100374523719044
-0.19112,0.104013632505732
-0.18744,0.107150641363966
-0.18362,0.109814014027221
-0.1797,0.112012655842859
-0.17567,0.113776639619783
-0.17154,0.115137685296429
-0.16733,0.116120761730491
-0.16304,0.116759644881519
-0.15868,0.117087012666731
-0.15425,0.117141257838058
-0.14976,0.116957010289055
-0.14522,0.116564960642583
-0.14062,0.116006582264838
-0.13596,0.115323510724819
-0.13126,0.114541559265493
-0.1265,0.113702589074828
-0.12169,0.112837988889307
-0.11683,0.111977138329357
-0.11192,0.111146859982188
-0.10696,0.110371029093677
-0.10195,0.109670322784163
-0.096903,0.10905247347911
-0.091809,0.108531364673626
-0.086676,0.108111939073289
-0.081512,0.107791582369304
-0.076318,0.107566611282538
-0.071105,0.107424966191211
-0.065876,0.107353863823063
-0.060646,0.107331206130748
-0.055417,0.107337405872173
-0.050203,0.107346384601444
-0.045016,0.107328863741925
-0.039859,0.107260301142757
-0.034755,0.107105744730879
-0.029706,0.106838243286347
-0.02473,0.106426138799499
-0.019836,0.10584146464752
-0.015036,0.105057767085565
-0.010343,0.104049814110523
-0.0057687,0.102795050270581
-0.0013231,0.101275014312035
0.0029831,0.0994746176399004
0.0071378,0.0973809705582744
0.011131,0.0949849762204399
0.014958,0.0922848906849746
0.018605,0.0892783561046435
0.022071,0.0859721921494853
0.025347,0.0823746629906261
0.028428,0.0784980765036771
0.031313,0.0743607632263275
0.034003,0.0699870258923977
0.036493,0.0654010128206333
0.038788,0.0606335976346335
0.040888,0.055716634799571
0.0428,0.0506871581136351
0.044525,0.0455809907887324
0.046076,0.040440914348137
0.047456,0.0353067754192086
0.048675,0.0302201342059682
0.049744,0.0252235004415913
0.050674,0.0203589285994841
0.051473,0.0156646524692733
0.052158,0.0111813215077095
0.052735,0.0069421502587614
0.053223,0.00298290159737768
0.053629,-0.000668641368682586
0.05397,-0.00398469735683802
0.054258,-0.00694216344206045
0.054506,-0.00952183288063497
0.054725,-0.0117098896375774
0.054932,-0.0134930587598096
0.055136,-0.0148650360040436
0.055352,-0.0158211308219534
0.055589,-0.0163627761987449
0.055863,-0.0164913796253818
0.056181,-0.0162151888899922
0.056555,-0.0155442800170186
0.056995,-0.0144916320547827
0.057511,-0.0130724192797765
0.058106,-0.0113085422777571
0.058792,-0.00922025260177971
0.059573,-0.00683199541089979
0.060449,-0.00417402830773337
0.061431,-0.001272459818824
0.062513,0.00183798886579524
0.0637,0.00512465458940543
0.06499,0.00855219020046033
0.06638,0.0120832765716046
0.067871,0.0156829702097682
0.069453,0.0193110773005275
0.071128,0.0229331781705996
0.072886,0.026511636793118
0.074721,0.0300102945620154
0.07663,0.033397495363404
0.078601,0.0366395530914074
0.080634,0.039711088426269
0.082712,0.0425817112656293
0.084834,0.0452298354712228
0.086988,0.0476336252635804
0.089168,0.0497762872974612
0.091363,0.0516420729340435
0.093568,0.053221167115887
0.095772,0.054504599238631
0.097964,0.0554845530873043
0.10014,0.0561597568257398
0.10229,0.0565300373062933
0.1044,0.0565933717833237
0.10647,0.056356858952169
0.10848,0.0558201670880898
0.11043,0.054991956130164
0.1123,0.0538732805889768
0.1141,0.0524813784466883
0.11581,0.0508240377477095
0.11742,0.0489087493500777
0.11892,0.046742671743839
0.12031,0.0443399953925085
0.12158,0.0417128951116585
0.12272,0.0388716730630634
0.12373,0.0358323025130289
0.12459,0.0326001597473867
0.12531,0.0291941535271719
0.12586,0.0256140377890772
0.12626,0.0218811166723688
0.12648,0.0179965244181649
0.12652,0.0139672817645668
0.12639,0.00981234214690903
0.12606,0.00553017829835841
0.12555,0.00113974245764573
0.12483,-0.00336101872869748
0.12392,-0.00795409781663283
0.1228,-0.012635416836735
0.12148,-0.0173900890197193
0.11994,-0.0222171455930325
0.1182,-0.0270973343261873
0.11625,-0.032019411328623
0.11408,-0.0369789385827498
0.11171,-0.0419549614593075
0.10912,-0.0469434103012694
0.10633,-0.0519244192486334
0.10333,-0.056888172934443
0.10013,-0.0618184989350431
0.096721,-0.0667086622887103
0.093119,-0.0715413123683474
0.089321,-0.0763051399755812
0.085333,-0.0809874384522708
0.081157,-0.0855777661691228
0.076801,-0.0900634459564492
0.072267,-0.0944348730324729
0.067561,-0.0986823197224988
0.062693,-0.102793364823016
0.057664,-0.106760505667776
0.052484,-0.110573854945627
0.047162,-0.114222712639417
0.041701,-0.117700550378692
0.036115,-0.120996348464216
0.030409,-0.124102520947013
0.024593,-0.127010858488691
0.018675,-0.129714452746146
0.012666,-0.132205514167933
0.0065724,-0.134479255961292
0.00040637,-0.136529275966511
-0.0058254,-0.138352195346975
-0.012113,-0.139944882331171
-0.018445,-0.14130346317814
-0.024817,-0.142428864049523
-0.031215,-0.143318851053553
-0.037634,-0.143975448827853
-0.044061,-0.144398230529682
-0.050492,-0.1445915420782
-0.056912,-0.144555403048346
-0.063319,-0.144296029726423
-0.069696,-0.143813440302096
-0.076038,-0.143111587818764
-0.082339,-0.142196804006073
-0.088584,-0.141070563256758
-0.094771,-0.139740039855086
-0.10089,-0.138210932459961
-0.10693,-0.13648689144009
-0.11288,-0.134569840333598
-0.11874,-0.132468410064829
-0.1245,-0.130189030756545
-0.13015,-0.127736200921065
-0.13568,-0.125112745109082
-0.14109,-0.12232745636596
-0.14637,-0.119386308699201
-0.1515,-0.116285441517754
-0.15649,-0.113035335788223
-0.16131,-0.109628155516386
-0.16596,-0.106063668716625
-0.17043,-0.102340354712712
-0.1747,-0.0984482757635686
-0.17877,-0.0943857368040951
-0.18261,-0.0901355223300038
-0.18622,-0.0856905253641469
-0.18959,-0.0810445660771433
-0.19269,-0.0761775834326543
-0.19551,-0.0710736419784236
-0.19804,-0.0657205537498253
-0.20026,-0.060102097279256
-0.20216,-0.054206652805542
-0.20372,-0.0480192596601665
-0.20492,-0.0415227046494516
-0.20574,-0.0346984612895547
-0.20618,-0.0275422839477495
-0.20622,-0.0200468390264743
-0.20584,-0.0122025851541934
-0.20501,-0.00399113660963525
-0.20375,0.00457547751069552
-0.20201,0.0135126997981866
-0.1998,0.0228132409454574
-0.1971,0.0324737753512697
-0.1939,0.042486764782109
-0.19019,0.0528413833067224
-0.18597,0.0635169560788209
-0.18122,0.0745001224830991
-0.17595,0.0857615133997556
-0.17016,0.097266962950738
-0.16384,0.108986681286656
-0.15699,0.120887770377742
-0.14964,0.132913500471664
-0.14178,0.145019009097111
-0.13342,0.157155420061651
-0.12459,0.169257183283016
-0.11529,0.181269305642945
-0.10554,0.193132080641956
-0.095379,0.204769678073343
-0.084818,0.216116150607515
-0.073889,0.227099934938057
-0.062622,0.237648556846962
-0.051048,0.247690260260583
-0.039202,0.257153118062185
-0.027123,0.265964352611915
-0.014844,0.274057237413756
-0.0024104,0.281362925234066
0.010139,0.287817996019767
0.022763,0.293363767356614
0.035411,0.297940461056039
0.048049,0.301501776386658
0.060624,0.303999972888317
0.073093,0.30539534334026
0.085412,0.305655508348224
0.097532,0.30475170277595
0.10941,0.302663820310055
0.12101,0.299384988724958
0.13227,0.294900496523409
0.14317,0.289221283757027
0.15365,0.282349602878395
0.16368,0.274303314685669
0.17323,0.265112846499026
0.18225,0.254803595232796
0.19072,0.243418812417786
0.1986,0.231000564336102
0.20587,0.217603959752198
0.21249,0.203278644949074
0.21845,0.188090960826834
0.22372,0.172104338643152
0.22829,0.155393110195939
0.23215,0.138038511770322
0.23527,0.12011043949034
0.23766,0.101697353638329
0.23929,0.0828706770901077
0.24019,0.0637304539546649
0.24033,0.0443526065646941
0.23974,0.0248357545242561
0.23841,0.005264349097239
0.23635,-0.0142763415437307
0.23357,-0.0337030213256705
0.23009,-0.0529292047992951
0.22593,-0.0718685693599422
0.22111,-0.090437684951391
0.21564,-0.108565572049202
0.20956,-0.126171532261241
0.20289,-0.143184533551219
0.19566,-0.159536414342267
0.1879,-0.175163750191782
0.17964,-0.190009249678884
0.17093,-0.204007936365828
0.16179,-0.217113193384819
0.15226,-0.229280306839233
0.14238,-0.240467950013434
0.1322,-0.250631884111803
0.12175,-0.25974213334648
0.11108,-0.267766866406924
0.10023,-0.274681630296109
0.089232,-0.280475106838816
0.07814,-0.285131210089597
0.066991,-0.288643599924317
0.055829,-0.2910093488168
0.044694,-0.292231860254169
0.033626,-0.29232006927297
0.022664,-0.291288364195886
0.011848,-0.289154869384881
0.0012093,-0.285947103368964
-0.0092134,-0.281694352410887
-0.019391,-0.276434012438291
-0.02929,-0.27020609437977
-0.038885,-0.263057931171527
-0.048148,-0.255039824231682
-0.057057,-0.246207773891471
-0.065589,-0.236620308691723
-0.073727,-0.226340994976433
-0.081453,-0.2154351044677
-0.088757,-0.203973493870811
-0.095626,-0.192027404743831
-0.10205,-0.179668652378086
-0.10803,-0.166975632917563
-0.11355,-0.154017240823001
-0.11863,-0.140879307730206
-0.12326,-0.127636620320079
-0.12745,-0.114367593784962
-0.1312,-0.101143770283853
-0.13452,-0.0880362874952454
-0.13743,-0.0751210697427813
-0.13994,-0.0624680714088283
-0.14206,-0.050140129112108
-0.14381,-0.0381995869648307
-0.1452,-0.026698835384607
-0.14626,-0.0156951158672495
-0.147,-0.00523273297192381
-0.14745,0.00464137064859477
-0.14762,0.0138947205862127
-0.14754,0.0224931402571225
-0.14723,0.0304099468689986
-0.14671,0.0376257630953887
-0.146,0.044128168439489
-0.14513,0.0499038264811341
-0.14412,0.054946932683958
-0.14299,0.0592584098385582
-0.14176,0.0628450652037417
-0.14047,0.0657039370334564
-0.13913,0.0678468758441742
-0.13776,0.0692903620987825
-0.13638,0.0700545536730139
-0.13501,0.07016238929728
-0.13368,0.0696313601427644
-0.1324,0.0684891684889087
-0.13118,0.066771262037702
-0.13005,0.0645038253441965
-0.12901,0.0617272527789591
-0.12807,0.0584850832641672
-0.12725,0.0548149704139445
-0.12655,0.0507637040846656
-0.12598,0.0463768577659524
-0.12554,0.0417052368238064
-0.12523,0.0368025103934801
-0.12505,0.0317231966123126
-0.125,0.0265209811360157
-0.12508,0.0212473466278575
-0.12527,0.0159652853567161
-0.12556,0.0107378411197184
-0.12595,0.00561884372033254
-0.12642,0.000667829556530546
-0.12695,-0.00405290045138266
-0.12753,-0.00848814194885227
-0.12813,-0.0125753903269249
-0.12875,-0.0162704328610723
-0.12935,-0.0195157541070811
-0.12991,-0.0222598084219346
-0.13042,-0.0244650152417588
-0.13084,-0.026084278964786
-0.13115,-0.0270792977306648
-0.13132,-0.027412906686066
-0.13133,-0.0270576782195924
-0.13115,-0.025987812888156
-0.13076,-0.0241873537883461
-0.13012,-0.0216343566246478
-0.12922,-0.018325255724988
-0.12803,-0.0142570374693341
-0.12653,-0.00943503545678346
-0.12469,-0.00386418153355495
-0.1225,0.00243587006102312
-0.11993,0.00944854262897745
-0.11696,0.0171524454958676
-0.11359,0.0255077742243966
-0.10979,0.0344828325391906
-0.10556,0.0440308590532628
-0.10088,0.0541087620108945
-0.095748,0.0646640576242175
-0.090162,0.0756379405258078
-0.084117,0.086970179369119
-0.077613,0.0985972283772731
-0.070652,0.11045305673961
-0.063238,0.122469926608032
-0.055379,0.134577629986581
-0.047085,0.146704460284833
-0.038368,0.158778076601985
-0.029242,0.170726258843503
-0.019724,0.182476814296631
-0.0098295,0.193960868972536
0.00041629,0.205107180020681
0.010996,0.215850626025379
0.021881,0.226124795693038
0.033049,0.23586909317435
0.044469,0.245023206778424
0.056114,0.253532065204385
0.067953,0.261343796827134
0.079951,0.268408016317686
0.092082,0.274684030184498
0.10431,0.280133156305478
0.11659,0.284713223014773
0.1289,0.288397888775147
0.1412,0.291161481108342
0.15345,0.292980068866692
0.16562,0.293839663324189
0.17766,0.293720369457005
0.18955,0.292620729510722
0.20123,0.290525075716048
0.21268,0.287436732503951
0.22386,0.283359887608504
0.23472,0.278292334837062
0.24524,0.272249342726334
0.25536,0.265230641880715
0.26506,0.257253360184677
0.2743,0.248333714162033
0.28304,0.238487046426122
0.29125,0.227735241444578
0.29889,0.216097712999639
0.30594,0.203606366216918
0.31236,0.190287723048365
0.31813,0.176178211522398
0.32321,0.161306615426046
0.32758,0.145709680048505
0.33123,0.129437060835207
0.33413,0.1125327691101
0.33626,0.0950425178758551
0.33761,0.0770195613878837
0.33816,0.0585143856691747
0.33791,0.0395886290775035
0.33685,0.0203037958660887
0.33497,0.000719527649244872
0.33228,-0.0190929854240313
0.32878,-0.0390627112828499
0.32446,-0.0591282410862012
0.31936,-0.0792008292763272
0.31345,-0.0992240938850858
0.30678,-0.119110390354941
0.29936,-0.138779122421137
0.29119,-0.15816527337206
0.28232,-0.1771815464072
0.27276,-0.195755014927614
0.26255,-0.213804540151691
0.25171,-0.231259795535362
0.24027,-0.248054158791121
0.22827,-0.264118913631672
0.21575,-0.279386039617133
0.20274,-0.293797851720738
0.18928,-0.307299727492777
0.17541,-0.319841574296651
0.16117,-0.331378898407961
0.1466,-0.341873523683727
0.13175,-0.351286607877385
0.11666,-0.359587814098275
0.10136,-0.366762476091326
0.085899,-0.372795513765486
0.070321,-0.377676210992199
0.054666,-0.381401185828521
0.038977,-0.383971392868981
0.023292,-0.38539548483405
0.0076489,-0.385688669210301
-0.0079077,-0.384866554757241
-0.023347,-0.382955305750692
-0.038627,-0.379981025272913
-0.053714,-0.375975582999045
-0.068575,-0.37097549972806
-0.083175,-0.365018890626282
-0.097481,-0.358145874855138
-0.11147,-0.350404728083098
-0.1251,-0.341835139845114
-0.13835,-0.332484480341993
-0.15119,-0.322398481721529
-0.16361,-0.311635185000544
-0.17556,-0.300231447532479
-0.18704,-0.288243019056406
-0.19802,-0.275717149959695
-0.20848,-0.262700291008016
-0.21841,-0.249244284283716
-0.22777,-0.235381600258348
-0.23657,-0.221165019676706
-0.24479,-0.206639905057175
-0.2524,-0.191836819420216
-0.25941,-0.176802911535045
-0.2658,-0.161575000007966
-0.27155,-0.146180323546632
-0.27667,-0.130659563180381
-0.28115,-0.115048069009961
-0.28497,-0.099368258593935
-0.28814,-0.0836533950767002
-0.29066,-0.0679368888879055
-0.29251,-0.0522362779052986
-0.29371,-0.036585095501686
-0.29426,-0.0210137709295124
-0.29415,-0.00554171799734055
-0.2934,0.00979917821693047
-0.29201,0.0249829295141276
-0.28999,0.0399819021566739
-0.28734,0.0547755758784548
-0.28409,0.0693278320256199
-0.28025,0.0836060230163923
-0.27582,0.0975888540645895
-0.27084,0.111235469338461
-0.26531,0.124520206913662
-0.25925,0.137415842632476
-0.25269,0.149887528897369
-0.24565,0.161902891938411
-0.23816,0.173425312501609
-0.23023,0.184430814318698
-0.2219,0.194884375068873
-0.21319,0.204758101166252
-0.20412,0.214030900326393
-0.19473,0.222673255511324
-0.18505,0.230657352881108
-0.1751,0.237965196715279
-0.16491,0.244580109703584
-0.1545,0.250494642117581
-0.14392,0.255687114908054
-0.13318,0.260154841381718
-0.12231,0.263896029056681
-0.11135,0.266902560434526
-0.10031,0.269183903529433
-0.089222,0.270747458734142
-0.078114,0.271601988469703
-0.067004,0.271764760072949
-0.05592,0.271252272055605
-0.044883,0.27008535084949
-0.033913,0.268288684199972
-0.023034,0.265886623524529
-0.012261,0.262909398119704
-0.001618,0.259384632407888
0.0088815,0.255344972074919
0.019218,0.250821870043502
0.029376,0.245847979370071
0.039341,0.240456805182244
0.049095,0.234679048878605
0.058627,0.228547475093234
0.067922,0.222092622995338
0.076967,0.215343824482541
0.085753,0.208331515712076
0.094262,0.201079439614524
0.10249,0.193615529104893
0.11042,0.185960587825375
0.11805,0.17814005087097
0.12536,0.170168926755724
0.13234,0.162060630301875
0.139,0.153841535067685
0.14532,0.14552539325333
0.15129,0.137122625179638
0.15691,0.128647884508574
0.16216,0.120103860985198
0.16706,0.111512916824436
0.17158,0.102875519013939
0.17573,0.0942038708584989
0.17951,0.0855117362941487
0.1829,0.0767988128567781
0.18591,0.0680754786691848
0.18853,0.0593454869781985
0.19077,0.0506217859347569
0.19261,0.0419020549726665
0.19407,0.033201159745397
0.19514,0.024525100502695
0.19582,0.01587983663881
0.19611,0.00727100150616125
0.19601,-0.00129631406634237
0.19553,-0.00981031969976292
0.19466,-0.0182690441185071
0.19342,-0.0266564112744736
0.1918,-0.0349676957738748
0.18981,-0.0431927631634119
0.18745,-0.0513248931903733
0.18474,-0.0593456085765553
0.18167,-0.0672497290294304
0.17825,-0.0750282437313285
0.17449,-0.0826694026584694
0.17039,-0.0901670586900498
0.16597,-0.0975050576487539
0.16122,-0.104681896155007
0.15617,-0.111678444032895
0.15081,-0.118491553623451
0.14515,-0.12511635952774
0.13921,-0.131539457790366
0.13298,-0.137763207008074
0.12649,-0.143773134373948
0.11972,-0.149578665990143
0.11271,-0.155163975918119
0.10544,-0.160537774706298
0.097933,-0.165696618276712
0.090191,-0.170642986219746
0.082223,-0.175378978800703
0.074034,-0.179909379512497
0.065632,-0.184238870067004
0.057023,-0.188373479413397
0.048214,-0.192319489711576
0.03921,-0.196084759079819
0.030019,-0.199676040599188
0.020646,-0.203101278950139
0.011096,-0.206369203508437
0.0013775,-0.209486383724248
-0.0085061,-0.212461263557173
-0.018546,-0.215299590988226
-0.028738,-0.218008193198583
-0.039078,-0.220594657108995
-0.049557,-0.223063349696577
-0.060171,-0.225419609632181
-0.070915,-0.227668658444123
-0.081781,-0.229813244160258
-0.092762,-0.231854760255824
-0.10385,-0.233792699846245
-0.11504,-0.235627222574369
-0.12631,-0.237346412434581
-0.13767,-0.238952560904299
-0.14909,-0.240429736557556
-0.16056,-0.241762496753898
-0.17207,-0.242936164035272
-0.1836,-0.243929646727563
-0.19514,-0.244724621238314
-0.20666,-0.245290683209612
-0.21813,-0.245588491666448
-0.22955,-0.245594735112544
-0.24087,-0.245262695697378
-0.25207,-0.244550255368961
-0.26312,-0.243412779929911
-0.274,-0.241812273340134
-0.28467,-0.239702423156025
-0.29509,-0.237031574551962
-0.30523,-0.233752678390055
-0.31507,-0.229831220349153
-0.32455,-0.225214336037024
-0.33365,-0.219865576820609
-0.34232,-0.213740749295196
-0.35054,-0.206813043292049
-0.35826,-0.199048474284338
-0.36544,-0.19041587091922
-0.37204,-0.180887456534484
-0.37803,-0.170446635357061
-0.38337,-0.159079195052242
-0.38802,-0.146773550930627
-0.39195,-0.133528263964009
-0.39512,-0.119343039108645
-0.39749,-0.104218823655223
-0.39904,-0.0881726299858068
-0.39972,-0.0712120718440609
-0.39952,-0.0533668366552935
-0.3984,-0.0346616861686369
-0.39635,-0.0151391786245215
-0.39332,0.00517428491192291
-0.38931,0.0262288796530543
-0.38431,0.0479644677845978
-0.37827,0.0703436498072152
-0.37121,0.0932965090198557
-0.36311,0.116758309873263
-0.35396,0.140662799525142
-0.34375,0.164944298490475
-0.33249,0.189524622040684
-0.32018,0.214325088065208
-0.30682,0.239268853034999
-0.29242,0.264275399664889
-0.277,0.289256230278553
-0.26057,0.314126431442596
-0.24314,0.338806550414108
-0.22475,0.363201821551713
-0.20541,0.387230228955072
-0.18516,0.410800453771793
-0.16403,0.433823962307503
-0.14205,0.456217311503138
-0.11927,0.477889117666706
-0.095731,0.49875123281265
-0.071472,0.518722517828218
-0.046548,0.537718419866646
-0.021009,0.555658213801857
0.0050886,0.572462325699631
0.03169,0.588056081476147
0.05873,0.602363740958907
0.086151,0.615317041757379
0.11388,0.626844889869326
0.14186,0.636888354973519
0.17002,0.645390259764904
0.19829,0.652297841412867
0.22658,0.657549241486375
0.25484,0.661107220377976
0.28299,0.662933921672188
0.31095,0.662992732175372
0.33864,0.661249724976666
0.36599,0.657682130643736
0.39293,0.652277466713166
0.41938,0.645025156838215
0.44525,0.635909695094879
0.47049,0.624942211121047
0.49501,0.612126029480232
0.51875,0.597480855496751
0.54163,0.581024822552322
0.56358,0.562782211698475
0.58454,0.542789469691153
0.60446,0.521099709463103
0.62325,0.497748881903084
0.64086,0.472788062341606
0.65725,0.446286841242154
0.67235,0.418305955227511
0.68611,0.38891237811085
0.69849,0.358183865154425
0.70945,0.326204893082255
0.71895,0.293063161652344
0.72694,0.258839232329997
0.73342,0.223642678962608
0.73833,0.187559065479972
0.74168,0.150703924519281
0.74342,0.113169277363244
0.74357,0.0750772356412903
0.7421,0.0365336158819463
0.73901,-0.00234990752014742
0.7343,-0.0414603496487057
0.72798,-0.080679763343463
0.72006,-0.119889866586164
0.71054,-0.158983226232075
0.69945,-0.197842457741837
0.68681,-0.236353341716208
0.67263,-0.274415350989005
0.65696,-0.311912842106108
0.63983,-0.348736629242336
0.62126,-0.384793835716138
0.60131,-0.419978467224651
0.58001,-0.454199825041601
0.55741,-0.487368045812237
0.53357,-0.519389837939635
0.50853,-0.550187327124162
0.48234,-0.579690671100574
0.45508,-0.607817112666925
0.42681,-0.634491396920048
0.39758,-0.659654630460298
0.36746,-0.683248816418692
0.33653,-0.705211752563657
0.30486,-0.725487796732588
0.27251,-0.744036359668412
0.23957,-0.760808765683395
0.20611,-0.775766769181727
0.1722,-0.788882392620326
0.13793,-0.800122718954612
0.10338,-0.809459918365056
0.068618,-0.816880646666391
0.033736,-0.82236659587313
-0.0011942,-0.825911605062782
-0.036086,-0.827509214858021
-0.070862,-0.827160361119849
-0.10544,-0.824868991680088
-0.13975,-0.820650993767959
-0.17371,-0.814523145353026
-0.20723,-0.806497101498548
-0.24026,-0.796610135098069
-0.27269,-0.78487525033365
-0.30449,-0.771345105369212
-0.33555,-0.756044125860049
-0.36582,-0.739018021098419
-0.39523,-0.720313921202461
-0.42371,-0.699979087789743
-0.45121,-0.678074615374076
-0.47765,-0.654649091073674
-0.503,-0.62977681083262
-0.52718,-0.603513910131223
-0.55016,-0.57593739206242
-0.57188,-0.54711682549979
-0.59229,-0.517121267219199
-0.61137,-0.486039597241591
-0.62905,-0.453937188009246
-0.64533,-0.420910296234685
-0.66014,-0.387025512638088
-0.67348,-0.35237523183919
-0.68532,-0.317047690696283
-0.69563,-0.281125086099149
-0.70439,-0.244689561321383
-0.71159,-0.207827994962789
-0.71723,-0.17063571255881
-0.72129,-0.13319704460935
-0.72376,-0.0955920915617862
-0.72466,-0.0579170445411045
-0.72398,-0.0202557530817112
-0.72173,0.0173059156919342
-0.71792,0.054683377844195
-0.71257,0.0917885812197528
-0.70568,0.128548474122091
-0.69729,0.16487514629832
-0.68741,0.200693932682478
-0.67608,0.235921353881261
-0.66332,0.270484558697471
-0.64916,0.304314541639387
-0.63365,0.337333190949792
-0.61681,0.369480065832436
-0.59869,0.400689150549612
-0.57934,0.430892452527062
-0.55881,0.460022942378309
-0.53714,0.488024293373738
-0.5144,0.514828870252722
-0.49062,0.540392050111606
-0.46588,0.564652720514485
-0.44024,0.587553630595112
-0.41376,0.609042883952143
-0.38649,0.629082400468884
-0.35853,0.647609994948381
-0.32991,0.664598172830076
-0.30073,0.679997065887386
-0.27105,0.693770364670019
-0.24094,0.705886926472018
-0.21048,0.716313870611347
-0.17974,0.725025830942226
-0.1488,0.731997407359394
-0.11773,0.737211856802093
-0.086607,0.740655281016007
-0.055501,0.742322203168021
-0.024492,0.742207246692123
0.0063466,0.740310675306106
0.036945,0.736640463879856
0.067229,0.731207823910547
0.09713,0.724030878146037
0.12658,0.715133711800532
0.1555,0.704536837370489
0.18383,0.692271748819063
0.21151,0.67837827950786
0.23848,0.662902225120487
0.26466,0.645878436850786
0.29002,0.627369203024926
0.31448,0.607420474106563
0.33799,0.586086127532103
0.3605,0.56342507918619
0.38196,0.539498788469735
0.40233,0.514376537324894
0.42155,0.48811725091258
0.43959,0.460792047184449
0.45641,0.432472471240884
0.47196,0.403220963870931
0.48623,0.373120352632168
0.49916,0.342230493965195
0.51074,0.310627844440803
0.52094,0.278385116062771
0.52974,0.245577140325319
0.53711,0.212270711980058
0.54305,0.178546165831106
0.54755,0.144484812011718
0.55058,0.110151364019404
0.55215,0.0756245465302522
0.55226,0.04098440181052
0.5509,0.00630201086563213
0.54808,-0.0283463980086204
0.5438,-0.0628904207058091
0.53808,-0.0972519957845667
0.53093,-0.131356938433024
0.52236,-0.165136754633279
0.51238,-0.198529977548883
0.50103,-0.231460886388062
0.48832,-0.26386710099586
0.47428,-0.295684503773645
0.45894,-0.326849935090154
0.44232,-0.357310739884229
0.42447,-0.387002609648402
0.4054,-0.415883797019914
0.38517,-0.443895542858123
0.36381,-0.470989784665898
0.34137,-0.497114219058017
0.31789,-0.522222557504255
0.29341,-0.546275234773007
0.268,-0.569217610729856
0.24169,-0.591014549368272
0.21455,-0.611618607131051
0.18664,-0.63098168263569
0.158,-0.649071804612547
0.12873,-0.665827070863033
0.09885,-0.681222830743804
0.06846,-0.695206526470987
0.037615,-0.707738344696413
0.0063897,-0.718775780610561
-0.025147,-0.728280127037913
-0.056914,-0.736208284357516
-0.088842,-0.742524016125662
-0.12085,-0.747189456338349
-0.15286,-0.750169173297536
-0.1848,-0.751435593623657
-0.21658,-0.750955414252958
-0.24812,-0.748699495748419
-0.27934,-0.74464331986331
-0.31016,-0.738767232611073
-0.34049,-0.731049107331994
-0.37025,-0.721473271707185
-0.39937,-0.71003752406408
-0.42775,-0.696728844554077
-0.45532,-0.681548452758994
-0.482,-0.664502030082105
-0.5077,-0.64559170639159
-0.53236,-0.624839251215883
-0.55589,-0.602259858731988
-0.57823,-0.577885540075691
-0.59931,-0.551753927585795
-0.61905,-0.523899075211073
-0.6374,-0.494373678940846
-0.6543,-0.463236885344048
-0.66968,-0.430544261033446
-0.6835,-0.396369334768171
-0.6957,-0.360783469516541
-0.70623,-0.323861835699211
-0.71506,-0.285695469648994
-0.72212,-0.246356155477549
-0.72739,-0.205935124471897
-0.73083,-0.164521918198174
-0.7324,-0.122202144419417
-0.73209,-0.0790779052073769
-0.72986,-0.0352394144896424
-0.72569,0.00922063892748808
-0.71958,0.054195627812585
-0.7115,0.0995931240580594
-0.70145,0.145312878363493
-0.68944,0.191244107642848
-0.67545,0.237293196961011
-0.65951,0.28334645524548
-0.64163,0.329292421480262
-0.62182,0.375025021594734
-0.60011,0.420431223318201
-0.57652,0.465403487956232
-0.5511,0.509820107869178
-0.52389,0.55355933432352
-0.49492,0.596510794134375
-0.46426,0.638547454346007
-0.43196,0.679547859106445
-0.39808,0.719391744418569
-0.36269,0.757956506781795
-0.32586,0.795121839526476
-0.28766,0.830773436810648
-0.24819,0.864783659151118
-0.20753,0.897033290498604
-0.16576,0.927414085412984
-0.12299,0.955808377537823
-0.079312,0.98210840158578
-0.034834,1.0062064738146
0.010339,1.02800114194669
0.056095,1.04739459183315
0.10232,1.06429416700297
0.1489,1.07861494097632
0.19572,1.09028085149199
0.24265,1.09921502533167
0.28958,1.10535787555529
0.33638,1.10865164355412
0.38294,1.10905746280992
0.42912,1.10653161819328
0.47481,1.1010508828623
0.51987,1.09258799626558
0.5642,1.08114374241904
0.60768,1.06672766621679
0.65017,1.04934226012382
0.69158,1.0290221107544
0.73178,1.00579800182126
0.77066,0.979712397890198
0.80812,0.950824153967888
0.84405,0.919197031970086
0.87835,0.884905037384795
0.91091,0.848021582023384
0.94166,0.808647667383399
0.97049,0.766874642853078
0.99731,0.722798730553197
1,0.660219733251305
1,0.582431085058135
1,0.494488270847454
1,0.40076455974632
1,0.304983689507668
1,0.210257360875703
1,0.119126638805184
1,0.0336063353150078
1,-0.0447685428019689
1,-0.114895164790105
1,-0.176054895412667
1,-0.227865724880745
1,-0.270235791707489
1,-0.303318594494508
1,-0.327470398304409
1,-0.343210249877751
1,-0.351182925917558
1,-0.352125051978377
1,-0.346834547759083
1,-0.336143479047159
1,-0.32089432810495
0.98107,-0.315924211877931
0.95209,-0.326408843631866
0.92095,-0.350338386699505
0.88773,-0.385726159531126
0.85251,-0.430638314741057
0.8154,-0.483197138654305
0.77647,-0.541636750237381
0.73585,-0.604273641669112
0.69362,-0.669564435464478
0.6499,-0.736084290273378
0.60479,-0.802552631709653
0.55843,-0.867807367745827
0.51093,-0.930834181979769
0.4624,-0.99076529870538
0.41297,-1.04686088509183
0.36277,-1.0985063216802
0.31193,-1.1452073616264
0.26056,-1.18659835758456
0.2088,-1.22240889656176
0.15677,-1.2524715991608
0.10461,-1.27669620914222
0.052432,-1.29508217706287
0.00036425,-1.30769363373879
-0.051471,-1.31465381276737
-0.10295,-1.31613322319095
-0.15397,-1.31235523978176
-0.2044,-1.3035624873494
-0.25413,-1.29002531550075
-0.30306,-1.2720394030938
-0.35108,-1.2499080127076
-0.39809,-1.22394191066154
-0.44399,-1.19445134271633
-0.4887,-1.16175402098799
-0.53211,-1.12614405182591
-0.57414,-1.08791155619214
-0.61473,-1.04735089692189
-0.65377,-1.00471516781219
-0.69123,-0.960276482297075
-0.727,-0.914255517045005
-0.76106,-0.866891601053524
-0.79332,-0.818380216879576
-0.82376,-0.76892717335729
-0.85232,-0.71871052291829
-0.87895,-0.667887471771746
-0.90364,-0.616622591132259
-0.92634,-0.565051145403177
-0.94705,-0.513316818699668
-0.96572,-0.461527908841586
-0.98235,-0.40979687576757
-0.99694,-0.35823512205324
-1,-0.299928049071808
-1,-0.235755296042384
-1,-0.168854410799451
-1,-0.101845440350906
-1,-0.0368690291115321
-1,0.0243738343765599
-1,0.0805810696419734
-1,0.130808384387688
-1,0.174428376325487
-1,0.211090402554967
-1,0.24068170493504
-1,0.26329021627245
-1,0.279169404977767
-0.99206,0.294579528375164
-0.97795,0.313288284328217
-0.96225,0.334885041451429
-0.94501,0.358950891862889
-0.9263,0.385051516569591
-0.90617,0.412762093738756
-0.8847,0.441650790853603
-0.86196,0.471295829750443
-0.83801,0.501299546148981
-0.81292,0.531284843200106
-0.78676,0.560899687273975
-0.75962,0.58980572512616
-0.73156,0.61770612301462
-0.70266,0.644330299877094
-0.673,0.669436041719131
-0.64265,0.692818121058888
-0.61168,0.71430710916601
-0.58019,0.733745476712657
-0.54823,0.751027318808416
-0.51589,0.76606257302836
-0.48324,0.778792215190371
-0.45035,0.78918493999569
-0.4173,0.797226381649031
-0.38414,0.802939554444078
-0.35097,0.806341152608116
-0.31783,0.80748778721901
-0.2848,0.806438185742788
-0.25193,0.80327436656213
-0.21928,0.798088421889939
-0.18692,0.790971503515489
-0.15489,0.782034440406183
-0.12325,0.77138675879437
-0.092045,0.759145584662245
-0.061324,0.745428455992829
-0.031123,0.73035998581839
-0.0014873,0.714060451846584
0.027548,0.696651032435915
0.055952,0.678253467923524
0.083692,0.658985247025592
0.11074,0.63896055934614
0.13708,0.618296470098723
0.16269,0.597104442422405
0.18754,0.575482103873615
0.21163,0.553535010344408
0.23495,0.531364352933514
0.25748,0.509057123459239
0.27922,0.486700698454637
0.30016,0.46437236224703
0.32032,0.442160689295318
0.33968,0.420130697984247
0.35825,0.398348128500165
0.37603,0.376869390720298
0.39304,0.355755894790977
0.40927,0.335048494466688
0.42475,0.314799197975711
0.43947,0.295037277548874
0.45346,0.275801726125816
0.46671,0.257108009895822
0.47925,0.238981070472369
0.49108,0.221429929394093
0.50222,0.204464643831232
0.51267,0.1880803876269
0.52246,0.172282021689755
0.53158,0.157051910835681
0.54006,0.142383773104786
0.54789,0.128250535946451
0.55508,0.114623383428699
0.56164,0.101472398764795
0.56758,0.0887671639704503
0.57289,0.0764625113265388
0.57758,0.0645170468173263
0.58165,0.0528858409043049
0.5851,0.0415220775851757
0.58792,0.030371080969014
0.59011,0.0193805400364302
0.59167,0.0085013403021647
0.5926,-0.00231179666435825
0.59288,-0.0131146464764811
0.59251,-0.0239551446422122
0.5915,-0.0348661658442155
0.58982,-0.0458970321106286
0.58748,-0.0570792896445017
0.58448,-0.0684365399868563
0.5808,-0.0799999365039516
0.57645,-0.0917834888334721
0.57141,-0.103808969331156
0.5657,-0.116074003700571
0.55929,-0.128593540402092
0.55221,-0.141351470905617
0.54443,-0.154351201575455
0.53597,-0.167574561966132
0.52682,-0.181008432581841
0.51697,-0.194643903671917
0.50646,-0.208438530856124
0.49525,-0.222382943824254
0.48338,-0.236435366939999
0.47083,-0.250573259749669
0.45762,-0.264760501119146
0.44376,-0.278958304138879
0.42925,-0.293134103846236
0.41411,-0.307246403832203
0.39836,-0.321247610751301
0.382,-0.335101292259249
0.36505,-0.348766248319682
0.34754,-0.362191219666916
0.32948,-0.37533308884315
0.31089,-0.388149179271848
0.2918,-0.400591066021391
0.27223,-0.412614547328159
0.25221,-0.424172801005046
0.23177,-0.43521835359279
0.21093,-0.445712099810357
0.18974,-0.455600790576247
0.16822,-0.464843644176271
0.14641,-0.473396506863629
0.12435,-0.481213984299204
0.10207,-0.488258597540799
0.079629,-0.494479124545676
0.057051,-0.499840841943601
0.034385,-0.504305107765979
0.011673,-0.507836687802743
-0.011037,-0.51039995890131
-0.033701,-0.511963258856559
-0.056277,-0.512500814309246
-0.078712,-0.511984530118656
-0.10097,-0.51039813936962
-0.12299,-0.507717234761363
-0.14474,-0.503933317712849
-0.16618,-0.499045400077646
-0.18725,-0.493044160103971
-0.20791,-0.485928949370723
-0.22813,-0.477713863026441
-0.24786,-0.468410053445174
-0.26705,-0.458026318295337
-0.28568,-0.446591793963027
-0.3037,-0.434129324147773
-0.32107,-0.420663714433643
-0.33776,-0.406228297437902
-0.35373,-0.390855183622917
-0.36895,-0.374582196550112
-0.38338,-0.357443488140043
-0.39701,-0.339491623949635
-0.40979,-0.320763105051307
-0.4217,-0.301302730677927
-0.43271,-0.281153395908435
-0.4428,-0.260362683850812
-0.45195,-0.238980633069247
-0.46013,-0.217050450261649
-0.46732,-0.194615960269282
-0.47351,-0.171727567158929
-0.47868,-0.148432077426271
-0.48281,-0.124771962934313
-0.4859,-0.100799646683675
-0.48793,-0.0765591586035783
-0.4889,-0.0521011341788625
-0.4888,-0.0274725245402556
-0.48762,-0.00271577766623978
-0.48537,0.0221169307924797
-0.48204,0.046982074106839
-0.47763,0.0718371876272791
-0.47216,0.0966273439127822
-0.46563,0.121304161230334
-0.45804,0.145826174585678
-0.44941,0.170144181964779
-0.43976,0.194204430056845
-0.4291,0.217958697830776
-0.41745,0.241357500786379
-0.40484,0.264344656559322
-0.39128,0.286875272806754
-0.37682,0.308885585490922
-0.36148,0.33032091449073
-0.34528,0.35113578211738
-0.32828,0.371264204050644
-0.3105,0.390655445207497
-0.292,0.409243280337885
-0.27279,0.426988200691637
-0.25295,0.443821998785976
-0.23251,0.45969260491104
-0.21152,0.474548036453391
-0.19003,0.488338269471334
-0.1681,0.501009302997906
-0.14579,0.512505873668855
-0.12315,0.52278107448559
-0.10023,0.531796505969992
-0.077114,0.539497035973685
-0.053848,0.545844133289337
-0.030496,0.550800886311331
-0.0071245,0.554331356422505
0.016201,0.556402611983582
0.039418,0.556987762071349
0.062462,0.556064541436012
0.085269,0.553615890947349
0.10777,0.549626209462082
0.12992,0.544099730450389
0.15164,0.53703190891994
0.17287,0.528425760723303
0.19356,0.518298149975938
0.21365,0.506669687356112
0.23308,0.493563858083808
0.2518,0.479013603182831
0.26976,0.463058948363747
0.28691,0.445744873411858
0.30321,0.427126821759095
0.3186,0.407252636498988
0.33305,0.386185127739029
0.34652,0.363990243788473
0.35897,0.34073480911678
0.37038,0.316499420257855
0.38071,0.291358851816536
0.38993,0.265388549396058
0.39803,0.238677187044235
0.40498,0.211306818166215
0.41077,0.183366584924715
0.41538,0.154941344731476
0.41882,0.126132155853212
0.42106,0.0970205530684429
0.42212,0.0677067778690111
0.42199,0.0382808952852829
0.42067,0.00882932442976487
0.41818,-0.0205524517480399
0.41453,-0.0497720937192014
0.40974,-0.0787353992167113
0.40381,-0.107364541128059
0.39678,-0.135568000097092
0.38867,-0.163261082799164
0.37951,-0.190360109984721
0.36933,-0.21678512572641
0.35816,-0.242462003055337
0.34603,-0.267324008217281
0.33299,-0.291298088902071
0.31907,-0.314323573176414
0.30433,-0.336329940395966
0.2888,-0.357263537105874
0.27252,-0.377079091853017
0.25556,-0.395717868305654
0.23796,-0.413134763536262
0.21976,-0.429297598536317
0.20102,-0.444171418680909
0.1818,-0.457720683483789
0.16215,-0.469918416178248
0.14212,-0.480745943425106
0.12176,-0.49019245548496
0.10115,-0.498232232550246
0.080319,-0.504866549524914
0.05934,-0.510086464618261
0.038265,-0.513891140824275
0.017148,-0.516285354728057
-0.00395,-0.517273616816237
-0.024979,-0.516868718144061
-0.045883,-0.515085798025272
-0.066601,-0.511938206795778
-0.087092,-0.507452670293158
-0.10729,-0.501647849898208
-0.12716,-0.494558653903634
-0.14664,-0.486212477774517
-0.16568,-0.476639055808048
-0.18424,-0.4658768201511
-0.20227,-0.453962977878351
-0.21973,-0.440940302896896
-0.23657,-0.426847636042929
-0.25276,-0.411734482959966
-0.26825,-0.39564288532008
-0.28302,-0.378629950611386
-0.29702,-0.36074121098578
-0.31023,-0.342033793743638
-0.32261,-0.322557780191989
-0.33414,-0.302370918261717
-0.3448,-0.281535460157456
-0.35456,-0.260108074957898
-0.3634,-0.238146620512886
-0.37132,-0.215722938174125
-0.37829,-0.192895801292082
-0.38431,-0.169733796821305
-0.38937,-0.146303899170534
-0.39347,-0.122677073383937
-0.3966,-0.0989178679147728
-0.39877,-0.0750983542890998
-0.39998,-0.0512869561007997
-0.40024,-0.0275543112879482
-0.39955,-0.00396312251218933
-0.39793,0.0194176517643996
-0.3954,0.0425163289458975
-0.39196,0.0652762255013357
-0.38765,0.0876251973037627
-0.38247,0.10951067196605
-0.37645,0.130875618310477
-0.36961,0.151668892796472
-0.36199,0.17183123712944
-0.3536,0.191321185105212
-0.34449,0.210083713331196
-0.33467,0.228084495397241
-0.32419,0.245277802989149
-0.31307,0.261632700477906
-0.30136,0.277109386996828
-0.28909,0.291677329633668
-0.2763,0.305307437742829
-0.26302,0.317980504376412
-0.2493,0.329671553160933
-0.23519,0.34035214245834
-0.22071,0.350014479980888
-0.20591,0.358645940944315
-0.19084,0.366230826421165
-0.17553,0.372766624077758
-0.16003,0.378247171292387
-0.14438,0.382671347402095
-0.12862,0.386042527715735
-0.11279,0.388368006582498
-0.096941,0.389650269445479
-0.0811,0.389905941404655
-0.065313,0.389148867735392
-0.049616,0.387397973620815
-0.034046,0.384675301406937
-0.018636,0.381008019843576
-0.0034243,0.376423003701333
0.011561,0.370953906199948
0.026286,0.364634819994361
0.040723,0.357504001886256
0.054841,0.34959970823744
0.06862,0.340967383888991
0.082033,0.331651927239449
0.095055,0.321698094645142
0.10767,0.311155973186401
0.11986,0.30007708897359
0.1316,0.288507504541783
0.14289,0.276506032281286
0.15371,0.264125276189031
0.16404,0.251411274927935
0.17388,0.238418141230558
0.18322,0.225197442101752
0.19205,0.211797080715089
0.20038,0.198275259162724
0.20819,0.184674467025871
0.21548,0.171037879526928
0.22226,0.157415139671178
0.22852,0.143844655810857
0.23426,0.13036179772303
0.2395,0.117012965874942
0.24422,0.103822267205422
0.24845,0.0908317908026059
0.25217,0.0780596383410776
0.25541,0.0655406806725875
0.25816,0.0532924080721336
0.26043,0.041332238157732
0.26224,0.0296840737462939
0.26358,0.018353850280225
0.26447,0.00735467481463846
0.26492,-0.00330267103703273
0.26494,-0.0136099088081632
0.26453,-0.0235687270614914
0.2637,-0.0331817372238137
0.26247,-0.0424451421647019
0.26085,-0.0513577581119431
0.25883,-0.0599355976629306
0.25644,-0.0681787913779952
0.25368,-0.0760970870114438
0.25056,-0.0837005432880805
0.24709,-0.0909994026424627
0.24327,-0.0980113601033018
0.23913,-0.104737623786181
0.23465,-0.111203193058257
0.22987,-0.117407331848605
0.22477,-0.123373053171422
0.21938,-0.129105011858882
0.2137,-0.134615197860211
0.20774,-0.139913850170432
0.20152,-0.145002168827782
0.19503,-0.149896245671049
0.1883,-0.154594187870323
0.18133,-0.159101848306355
0.17413,-0.163423769116169
0.16672,-0.167555915491776
0.15911,-0.171494824206401
0.1513,-0.17524496197848
0.14332,-0.178794871464535
0.13517,-0.182142731212774
0.12686,-0.185287125339623
0.11841,-0.188219602451632
0.10983,-0.190933650613418
0.10114,-0.193417089456443
0.092337,-0.195670499478733
0.083446,-0.197684034924539
0.07448,-0.199448593100692
0.065444,-0.200961839142768
0.05636,-0.202214405388546
0.047236,-0.203201881208974
0.038085,-0.203920298303006
0.028919,-0.20436692426712
0.019752,-0.20453865289939
0.010595,-0.20443441531222
0.0014602,-0.204053964909435
-0.0076428,-0.203399688202384
-0.016701,-0.20247355784544
-0.025705,-0.201279862558342
-0.034646,-0.199825125865074
-0.043514,-0.198116648913888
-0.052299,-0.196162198233349
-0.060996,-0.193973434129306
-0.069594,-0.191560431832803
-0.078085,-0.188933955098792
-0.086465,-0.186108001657253
-0.094726,-0.183095847871701
-0.10286,-0.179909829170813
-0.11086,-0.176561916178673
-0.11873,-0.17307157756451
-0.12644,-0.169438632479091
-0.13401,-0.165683993603398
-0.14142,-0.16181539085094
-0.14866,-0.157837063477016
-0.15572,-0.153750250124295
-0.1626,-0.149561056327865
-0.16929,-0.145271881499689
-0.17579,-0.140889400946196
-0.18206,-0.136393903601027
-0.18812,-0.131789217118337
-0.19394,-0.127060988789726
-0.19952,-0.122202713606052
-0.20485,-0.117206929754747
-0.2099,-0.112050762210062
-0.21468,-0.106729050624133
-0.21917,-0.101228835300451
-0.22335,-0.0955311981691594
-0.22721,-0.0896202986014945
-0.23075,-0.0834905917435061
-0.23395,-0.077130210775175
-0.2368,-0.0705299333672244
-0.23928,-0.0636755496267479
-0.2414,-0.0565714332331421
-0.24314,-0.0492146946607738
-0.24449,-0.0416041255443883
-0.24544,-0.0337399609160356
-0.24599,-0.0256310477236538
-0.24614,-0.0172930072322372
-0.24588,-0.00873918155074834
-0.24519,2.66195889955926e-05
-0.24409,0.00897875348425192
-0.24257,0.0180968041740219
-0.24063,0.0273576790363853
-0.23827,0.0367367247241262
-0.23549,0.0462086824008365
-0.23228,0.0557558886913006
-0.22866,0.0653451223384531
-0.22463,0.0749463348284632
-0.22018,0.0845402827888986
-0.21532,0.0941022381793903
-0.21006,0.103603806346561
-0.2044,0.113021888635927
-0.19835,0.122330990432603
-0.1919,0.131519287594344
-0.18507,0.140564254331183
-0.17787,0.149442883969228
-0.1703,0.158139938018745
-0.16236,0.16664701030833
-0.15407,0.174946811376588
-0.14544,0.183022914299568
-0.13648,0.190860185486105
-0.12719,0.198452499119643
-0.11758,0.205793935322777
-0.10768,0.212864280134713
-0.097478,0.219663553391546
-0.087,0.226180145937413
-0.076263,0.232400198832973
-0.065272,0.238317427972941
-0.054048,0.243920138527564
-0.042603,0.24919938684265
-0.030951,0.254147347506083
-0.019114,0.258751528783156
-0.0071041,0.263003465045465
0.0050579,0.266891859202127
0.017356,0.270407112551094
0.02977,0.273538272625128
0.042283,0.276276154341038
0.054874,0.278610335366156
0.067524,0.280531276825488
0.080213,0.28202978925401
0.092921,0.283097332096619
0.10563,0.283727716834604
0.11831,0.28390806193135
0.13094,0.283627201993816
0.14351,0.282883899820514
0.15599,0.28167028613081
0.16836,0.279980869182452
0.18058,0.277797536291577
0.19265,0.275122164691726
0.20453,0.271943223363584
0.21621,0.268260976881844
0.22764,0.264055712392288
0.23882,0.259329209025506
0.24971,0.254071041291002
0.26029,0.248276116171909
0.27052,0.241929075937445
0.2804,0.235036370650853
0.28989,0.227592380983005
0.29898,0.219604200794114
0.30763,0.211066896580213
0.31582,0.201980851037861
0.32354,0.192358201462242
0.33077,0.182212938135399
0.33748,0.171552868947427
0.34367,0.160402872586353
0.34931,0.148778812966011
0.3544,0.136711113296787
0.35891,0.124218984592086
0.36285,0.11134170156572
0.3662,0.0981115023952483
0.36897,0.0845762906288356
0.37113,0.0707657279157717
0.3727,0.0567309150366083
0.37366,0.0425092289821932
0.37403,0.0281554866932111
0.37379,0.0137074145582126
0.37296,-0.000782596696025495
0.37154,-0.0152666795634417
0.36952,-0.0297094632382202
0.36693,-0.0440572255056917
0.36376,-0.0582726883917287
0.36001,-0.0723256772897193
0.35571,-0.0861706401198587
0.35085,-0.0997807030149388
0.34545,-0.113122873179302
0.3395,-0.126182603478878
0.33303,-0.138931345192967
0.32604,-0.151352528819855
0.31854,-0.163432604222436
0.31053,-0.175168537234915
0.30204,-0.18654398693936
0.29306,-0.197562206963069
0.2836,-0.208227670669361
0.27367,-0.218546014966389
0.26329,-0.228516543584607
0.25245,-0.238155910709404
0.24117,-0.247472368974012
0.22944,-0.256489591231875
0.21729,-0.265213673428101
0.2047,-0.273673534977678
0.19169,-0.281886303389932
0.17827,-0.289866678311374
0.16443,-0.297641906721405
0.15019,-0.305226530739144
0.13554,-0.312646718897399
0.12051,-0.319907777832059
0.10507,-0.32704244978971
0.089259,-0.334053705228977
0.073067,-0.340956661918324
0.056508,-0.347758043800933
0.039594,-0.354459067045562
0.022325,-0.361065293588999
0.0047225,-0.367569681323157
-0.013208,-0.373966981093893
-0.031451,-0.380246063321534
-0.049991,-0.386391287532241
-0.068817,-0.392387056853071
-0.087908,-0.398210774279209
-0.10725,-0.403839931766884
-0.12682,-0.409246000911122
-0.14661,-0.414407433333276
-0.16658,-0.419285213886063
-0.18673,-0.423856877183387
-0.20702,-0.428084347098503
-0.22744,-0.43194021470109
-0.24795,-0.43538428006572
-0.26855,-0.438396771730342
-0.28919,-0.440938047580938
-0.30985,-0.442975811444745
-0.33051,-0.444484681433368
-0.35113,-0.445430893640163
-0.3717,-0.445797183768984
-0.39216,-0.445543255163272
-0.4125,-0.444648478698829
-0.43268,-0.443086638345204
-0.45268,-0.440842719037054
-0.47244,-0.437881771651142
-0.49195,-0.434190898279844
-0.51116,-0.429745960411967
-0.53003,-0.424522022781543
-0.54853,-0.418501785434043
-0.56662,-0.411667396683627
-0.58427,-0.404008665514021
-0.60143,-0.395507292370615
-0.61805,-0.386139152003711
-0.63411,-0.375898464642142
-0.64956,-0.364772433044759
-0.66435,-0.352743167950491
-0.67844,-0.339796753298258
-0.69179,-0.325923051303515
-0.70436,-0.311115449660423
-0.7161,-0.295363166944943
-0.72698,-0.278667340549246
-0.73694,-0.261016698045686
-0.74595,-0.242412637081126
-0.75396,-0.222852121770812
-0.76093,-0.202336195308134
-0.76682,-0.180869328353533
-0.77159,-0.158458798379024
-0.77521,-0.135121504749946
-0.77763,-0.110867013373957
-0.77883,-0.0857210454866724
-0.77875,-0.0596922002180254
-0.77739,-0.0328195208413141
-0.7747,-0.00512867361610622
-0.77066,0.0233438725950515
-0.76524,0.0525612520390855
-0.75841,0.0824872255440669
-0.75016,0.113072223882546
-0.74046,0.144272050399976
-0.7293,0.176033258050129
-0.71666,0.208303821591494
-0.70252,0.241034336101125
-0.68689,0.274156757410282
-0.66974,0.307619546453911
-0.65108,0.341356430777965
-0.63091,0.375298619444646
-0.60923,0.409377338880861
-0.58604,0.443525910961694
-0.56137,0.477659215389957
-0.53522,0.511702013972524
-0.50762,0.545567177143325
-0.47858,0.579175459536595
-0.44813,0.612441683092899
-0.41631,0.645271182244152
-0.38315,0.677572000149727
-0.34868,0.709257286856477
-0.31296,0.740224947750829
-0.27603,0.770378640521732
-0.23794,0.799622390265641
-0.19875,0.827856275694394
-0.15852,0.854980477409854
-0.11732,0.880891167739528
-0.075224,0.905481764537815
-0.032304,0.928648475944456
0.011362,0.950288809874487
0.055685,0.97029666871168
0.10057,0.98856220750153
0.14594,1.00498958963859
0.19169,1.01947694180263
0.23771,1.03191738410552
0.28392,1.04222588941266
0.33019,1.0503012198933
0.37644,1.05606964458042
0.42254,1.05944551242613
0.4684,1.06036635892076
0.5139,1.05876882889073
0.55892,1.05459147990442
0.60338,1.04780656508838
0.64714,1.03837081215934
0.69011,1.02626748904026
0.73218,1.01148781855348
0.77325,0.994037958911977
0.8132,0.973922011472657
0.85195,0.95117270676011
0.88938,0.925816178194352
0.92541,0.897902854898207
0.95994,0.867487292623031
0.99288,0.834633937398087
1,0.78155506194197
1,0.708276409617906
1,0.620617936160236
1,0.523673425308423
1,0.421838100509761
1,0.318842266926623
1,0.217790051341019
1,0.121202257624291
1,0.0310623420694748
1,-0.0511354700335222
1,-0.124336863350462
1,-0.187877782378269
1,-0.241435251510993
1,-0.284979377978625
1,-0.318727157111167
1,-0.343098602840298
1,-0.358675629368687
1,-0.36616401493121
1,-0.366358687534385
1,-0.36011248708148
1,-0.348308479591225
1,-0.331835828179905
1,-0.311569162676794
1,-0.288351335488222
1,-0.262979405686997
1,-0.236193656150338
1,-0.208669419601384
1,-0.181011468189057
1,-0.153750707223526
0.9958,-0.130450102706464
0.96202,-0.132694327138887
0.92647,-0.156703115241968
0.88922,-0.198857767018513
0.85036,-0.25572159294107
0.80997,-0.324079082720505
0.76816,-0.400936891463825
0.72502,-0.483560110258115
0.68065,-0.569476401445313
0.63515,-0.656483260874687
0.58862,-0.742649768979218
0.54119,-0.826291237803835
0.49296,-0.905988826377152
0.44404,-0.980570567244214
0.39454,-1.0490984264858
0.34457,-1.11085283921955
0.29427,-1.1652931275787
0.24373,-1.21208060161248
0.19308,-1.25102563688577
0.14242,-1.28209299369003
0.09188,-1.30535761213272
0.041568,-1.32100433398392
-0.0084104,-1.32930996677141
-0.057938,-1.33061564180879
-0.10691,-1.32532009486056
-0.15522,-1.31386183279583
-0.20277,-1.29671053123447
-0.24946,-1.2743509934776
-0.29518,-1.24726330123499
-0.33986,-1.21594331961258
-0.38339,-1.1808590780491
-0.42569,-1.14246756363897
-0.46669,-1.10121324087907
-0.5063,-1.0575045386523
-0.54446,-1.01173238973393
-0.58108,-0.964240870080631
-0.61612,-0.915363586712094
-0.64951,-0.865393828986584
-0.68119,-0.8145909038987
-0.71113,-0.763200712575009
-0.73927,-0.711428155986251
-0.76558,-0.659460212331526
-0.79002,-0.607455325916449
-0.81256,-0.555550331272408
-0.83319,-0.503873960833477
-0.85187,-0.452520959182091
-0.86861,-0.401591279530304
-0.88338,-0.351155005642715
-0.89619,-0.30128406604164
-0.90703,-0.25203342021979
-0.91592,-0.20346338095439
-0.92287,-0.155627951953983
-0.92789,-0.108573059033971
-0.931,-0.0623427916738915
-0.93224,-0.0169919468398152
-0.93163,0.0274336489566219
-0.9292,0.0708905190227106
-0.925,0.113324689724744
-0.91907,0.154683734472109
-0.91145,0.194918992891942
-0.90221,0.233965030338343
-0.89139,0.271767847429922
-0.87906,0.308262908219892
-0.86528,0.343387260323009
-0.85011,0.377081838049132
-0.83363,0.409278406475229
-0.8159,0.439918838557655
-0.797,0.46894078986408
-0.77701,0.496281039558421
-0.756,0.521885584468073
-0.73406,0.545695337342862
-0.71127,0.56765690558448
-0.68771,0.587723720693099
-0.66346,0.60585676392182
-0.63861,0.622017546166072
-0.61325,0.636169810574149
-0.58747,0.648280821882848
-0.56134,0.65833708795586
-0.53495,0.666326934177882
-0.5084,0.672233780052075
-0.48176,0.676060392134867
-0.45512,0.677810921437347
-0.42857,0.677491149949347
-0.40218,0.675123397103326
-0.37605,0.670721087368004
-0.35024,0.664320212311175
-0.32484,0.655952288978
-0.29992,0.645659618102975
-0.27555,0.63349245966083
-0.25181,0.619499106952847
-0.22876,0.603740070862993
-0.20647,0.586276955340868
-0.18499,0.56718560191009
-0.16438,0.546544075592416
-0.1447,0.524430264451893
-0.12598,0.500942077921283
-0.10829,0.476161380341612
-0.091642,0.450197759380912
-0.076086,0.42315202561523
-0.061646,0.395134301312488
-0.048349,0.366256844074599
-0.036208,0.336640725226307
-0.025245,0.306403914622619
-0.015459,0.275675365841343
-0.0068612,0.244579991889797
0.00055445,0.213248384861591
0.0067927,0.181810724716107
0.011867,0.150399223265196
0.015793,0.119145180267353
0.018594,0.0881806145525964
0.020295,0.0576351108182953
0.020932,0.0276401746542261
0.020535,-0.00167992270071871
0.019152,-0.0301976250464809
0.016822,-0.0577937028576423
0.013601,-0.0843471975101616
0.0095367,-0.109746102009587
0.0046899,-0.133879933839704
-0.00087764,-0.156642708433302
-0.0071016,-0.17793404918709
-0.013912,-0.197657655588917
-0.021239,-0.215724259661341
-0.029005,-0.232047986402563
-0.037135,-0.246550993165103
-0.045549,-0.259161374709831
-0.054166,-0.269814271093784
-0.062903,-0.27845182492558
-0.071675,-0.285022948097721
-0.080398,-0.289485155755883
-0.088989,-0.291805797444644
-0.097362,-0.291959808578604
-0.10543,-0.289929146841372
-0.11311,-0.285705814937874
-0.12033,-0.279299175326979
-0.12699,-0.270712508151398
-0.13302,-0.259967116530242
-0.13835,-0.247099047060761
-0.1429,-0.232148620793171
-0.14659,-0.215159214968647
-0.14936,-0.19619092371641
-0.15114,-0.17530888346746
-0.15188,-0.152595856545593
-0.15151,-0.128132260832042
-0.14999,-0.102017038751046
-0.14726,-0.0743469381890812
-0.14329,-0.0452367731074898
-0.13805,-0.014813019971121
-0.13149,0.0168065158411661
-0.1236,0.0494845795959464
-0.11436,0.0830793694709408
-0.10375,0.117449347950822
-0.091778,0.152436491627864
-0.078435,0.187886580777987
-0.063734,0.223636691841258
-0.047689,0.259520958629502
-0.03032,0.295371672745982
-0.011651,0.331021779137212
0.0082793,0.366299034835678
0.029435,0.401034451262482
0.051775,0.435063169427586
0.075241,0.468216252702883
0.099788,0.500336796940969
0.12535,0.531267294257375
0.15186,0.560854309042918
0.17926,0.58895958183754
0.20747,0.61544570273166
0.23643,0.640195641238027
0.26604,0.663083606492879
0.29623,0.684003572831113
0.32693,0.702869581728189
0.35804,0.719593289826841
0.38947,0.734095504385511
0.42115,0.746322620278576
0.45298,0.756222212581637
0.48487,0.763752888241779
0.51674,0.768891898940838
0.54849,0.771618566760147
0.58004,0.771930405809049
0.6113,0.769833401118089
0.64218,0.765341291842362
0.67259,0.758474722716021
0.70246,0.749275104927165
0.73167,0.737763404733075
0.76017,0.723996128215174
0.78786,0.708020697696974
0.81467,0.689898820594809
0.84051,0.669687888119286
0.8653,0.647448202521112
0.88897,0.623248645670894
0.91144,0.5971561627241
0.93264,0.569242056112393
0.9525,0.539579478116278
0.97095,0.508241295627149
0.9879,0.475283513446796
1,0.438335289392558
1,0.390243255482219
1,0.334492718213145
1,0.274108941249562
1,0.211678453966642
1,0.149373611323859
1,0.0889798238086612
1,0.0319248548565778
1,-0.0206904168781411
1,-0.0680603555284115
1,-0.109642599881993
1,-0.145126280300784
1,-0.174400881514675
1,-0.197526156346165
1,-0.214703436518156
1,-0.226248626616416
0.99727,-0.234586785388357
0.97944,-0.25091886207135
0.9595,-0.274482659611481
0.93746,-0.304494375422185
0.91335,-0.340149267817051
0.8872,-0.380638788760772
0.85903,-0.425173090316379
0.8289,-0.472962841412487
0.79685,-0.523249995337403
0.76292,-0.575317973275271
0.72718,-0.628477528899844
0.68968,-0.682092453539544
0.6505,-0.735562682159516
0.6097,-0.788347384397269
0.56737,-0.839945640708167
0.52359,-0.889909919481466
0.47843,-0.93785598329148
0.43201,-0.983425217016156
0.3844,-1.02632784167782
0.33571,-1.0663096198969
0.28605,-1.10315385354931
0.23551,-1.13669691836474
0.18421,-1.16680250029948
0.13225,-1.19337712809568
0.079741,-1.21635863972283
0.026807,-1.23570455091068
-0.026444,-1.25140353808223
-0.0799,-1.26346899819585
-0.13344,-1.27192940889524
-0.18696,-1.27683926700498
-0.24033,-1.2782552858801
-0.29345,-1.27625841986351
-0.3462,-1.2709338525974
-0.39848,-1.26238418989321
-0.45017,-1.2507098979067
-0.50115,-1.23600822138732
-0.55134,-1.2184018207482
-0.60061,-1.19799448988061
-0.64887,-1.17490237440233
-0.696,-1.14922689569201
-0.74194,-1.1210997523725
-0.78656,-1.09062214415843
-0.82979,-1.05791261127514
-0.87154,-1.02308586386029
-0.91171,-0.986243122964278
-0.95024,-0.947501567990119
-0.98703,-0.90695840939771
-1,-0.848430955696832
-1,-0.767378446068405
-1,-0.670327780033968
-1,-0.56298351266033
-1,-0.450260798175126
-1,-0.336324846030127
-1,-0.224635857139031
-1,-0.117998353052767
-1,-0.0186137966935879
-1,0.0718645769212399
-1,0.152275754166946
-1,0.22189472566545
-1,0.280376938289516
-1,0.327704199207146
-1,0.364132710702716
-1,0.390143806816888
-1,0.40639785480622
-1,0.413691678723984
-1,0.412919761274887
-1,0.405039385257944
-1,0.391039788728511
-1,0.371915329449025
-1,0.348642584884536
-1,0.322161254258856
-1,0.293358679082814
-1,0.263057757936435
-1,0.232007999783498
-1,0.200879437219612
-1,0.170259106184526
-1,0.140649791098526
-1,0.11247073334363
-1,0.086060005699769
-1,0.061678264947856
-0.97414,0.0586450610617881
-0.93869,0.0799895310855072
-0.90184,0.121505296051962
-0.86367,0.179237699358083
-0.82426,0.24951283594704
-0.78371,0.328944339915081
-0.74209,0.414473257095442
-0.6995,0.503351631570037
-0.65602,0.593161958808779
-0.61177,0.681783148791978
-0.56682,0.767424702846772
-0.52127,0.848588793944509
-0.47523,0.924048748980717
-0.42878,0.992855686109488
-0.38201,1.05430815856702
-0.33504,1.10790723280356
-0.28795,1.15336725033877
-0.24083,1.19058220113451
-0.19378,1.21959396476664
-0.14689,1.24057747467895
-0.10026,1.25381017269505
-0.05397,1.25966645850507
-0.0081121,1.25858641184503
0.037233,1.25106564659378
0.081979,1.23763245827934
0.12605,1.21883970801952
0.16937,1.19524918922907
0.21185,1.1674085732227
0.25345,1.13587838982369
0.29408,1.10117960164297
0.33369,1.06381835459353
0.3722,1.02425398904564
0.40959,0.982940550848736
0.44578,0.940271205085749
0.48074,0.89661598810366
0.51442,0.852300728055349
0.54679,0.807620517269388
0.57781,0.762828953815143
0.60745,0.718145160649711
0.6357,0.673767600579765
0.66253,0.629856077284322
0.68792,0.586540359675878
0.71186,0.543927880070123
0.73436,0.502117924982717
0.7554,0.461176340386373
0.77497,0.421145635555565
0.7931,0.382075976812255
0.80978,0.343990891346943
0.82502,0.306904779511168
0.83884,0.270829956079391
0.85125,0.235767691466192
0.86227,0.201716170354478
0.87191,0.168662291524766
0.88021,0.136605036373828
0.88718,0.105529717139463
0.89284,0.0754172523513406
0.89723,0.0462592371656068
0.90036,0.0180329251259831
0.90227,-0.00927410690114796
0.90299,-0.0356738530580249
0.90254,-0.0611857875294392
0.90095,-0.0858281932992661
0.89825,-0.10961854023532
0.89447,-0.132573749141039
0.88963,-0.154717760839692
0.88377,-0.176065217406764
0.87692,-0.196630686330105
0.86909,-0.216443447768182
0.86032,-0.235522019398252
0.85064,-0.253883445116608
0.84006,-0.271558173657599
0.82862,-0.288564695099242
0.81634,-0.304926353709378
0.80324,-0.320669946544902
0.78935,-0.335817083806855
0.77469,-0.350392122023796
0.75928,-0.364421064451999
0.74316,-0.377915815150481
0.72633,-0.390906203511901
0.70883,-0.403406146509398
0.69068,-0.4154311468474
0.67189,-0.427004938889752
0.65249,-0.438142438129364
0.63251,-0.448851003158768
0.61196,-0.459146423368799
0.59087,-0.469035998327237
0.56926,-0.478527303649025
0.54716,-0.487620448261567
0.52459,-0.496316816440178
0.50157,-0.504618686468681
0.47814,-0.512514111781351
0.45431,-0.520002084388186
0.43011,-0.527075561831298
0.40557,-0.533722747048737
0.38072,-0.539928245102262
0.35558,-0.545681494558788
0.33018,-0.550968661599955
0.30454,-0.555780999120301
0.27871,-0.560091876780535
0.2527,-0.563890509792783
0.22654,-0.567164373351405
0.20026,-0.569899886992286
0.17389,-0.572082999759139
0.14745,-0.573707079823727
0.12099,-0.574749505233903
0.094512,-0.575210904932617
0.068063,-0.575077411644222
0.041665,-0.574342394313836
0.015346,-0.573000857329652
-0.010864,-0.57104784997142
-0.036934,-0.568477922637704
-0.062839,-0.565289878073958
-0.088545,-0.561479396716431
-0.11403,-0.557048704428919
-0.13926,-0.551996442778833
-0.1642,-0.546317728496377
-0.18883,-0.540016119611186
-0.21311,-0.533087154424422
-0.23702,-0.525534873553857
-0.26053,-0.517362725462253
-0.2836,-0.508566249218297
-0.30621,-0.499149560368633
-0.32833,-0.489116226617566
-0.34992,-0.478461926404666
-0.37096,-0.467190915630193
-0.39142,-0.455306888627872
-0.41127,-0.442813023997801
-0.43047,-0.429704630532665
-0.44902,-0.416000400977109
-0.46687,-0.401700436327687
-0.48399,-0.386804659879883
-0.50037,-0.371327649874407
-0.51597,-0.355273239980253
-0.53076,-0.338643903465102
-0.54472,-0.321448340296004
-0.55783,-0.303700037419445
-0.57005,-0.285401190810635
-0.58137,-0.266567010185603
-0.59176,-0.247207987179722
-0.60121,-0.227345310698002
-0.60968,-0.206986025591602
-0.61716,-0.186147742182553
-0.62365,-0.164863481671452
-0.62911,-0.143148204398398
-0.63354,-0.121031451151525
-0.63693,-0.0985462800917524
-0.63928,-0.0757350497112192
-0.64056,-0.05262423763525
-0.6408,-0.0292711001229799
-0.63997,-0.00571171483834239
-0.63808,0.0180064070053776
-0.63515,0.0418205456815928
-0.63116,0.0656871167505787
-0.62613,0.0895497197376151
-0.62007,0.11335072592086
-0.61299,0.137033269913467
-0.60491,0.16053546462604
-0.59584,0.183800684974189
-0.58581,0.206763555764719
-0.57482,0.2293758904421
-0.56293,0.251560609103212
-0.55014,0.273264113173688
-0.53647,0.294438746297999
-0.52199,0.315006344003806
-0.50669,0.334925796981236
-0.49063,0.35413562617585
-0.47384,0.372582207881192
-0.45636,0.390212736269782
-0.43822,0.40698433951481
-0.41947,0.422848992426585
-0.40014,0.437771079402595
-0.38028,0.451711646720884
-0.35993,0.464637985267504
-0.33914,0.476516393633524
-0.31794,0.487328556379171
-0.29638,0.497054759168005
-0.2745,0.50568257619287
-0.25236,0.513191474871818
-0.22998,0.519584976124495
-0.20741,0.524864168662514
-0.1847,0.529028595384434
-0.16189,0.532084369484833
-0.13903,0.534035726291161
-0.11615,0.53490042645376
-0.093298,0.534693691712185
-0.070517,0.533432305916145
-0.047842,0.531140064877357
-0.025324,0.527834207123574
-0.0029928,0.523542128484881
0.01911,0.518290154684736
0.040942,0.512102627822084
0.062471,0.50500932409815
0.083658,0.497038691140496
0.10446,0.488214474464667
0.12486,0.478575280856776
0.14481,0.468147783464836
0.16427,0.45695425121121
0.18322,0.445027576053425
0.20162,0.432393511085772
0.21945,0.419086108508798
0.23667,0.405130344018455
0.25326,0.390557914296939
0.26919,0.375397590476445
0.28443,0.359674901661967
0.29897,0.343426741472845
0.31279,0.326690652932718
0.32586,0.309496165117117
0.33817,0.29188018610374
0.3497,0.273877016923527
0.36044,0.255525153441389
0.37038,0.236865252436257
0.3795,0.217931028401657
0.3878,0.198764268654615
0.39528,0.179411925412553
0.40192,0.159908838001829
0.40772,0.140293684957079
0.41268,0.120606934843903
0.4168,0.10088914348325
0.42009,0.0811869683038333
0.42253,0.0615282622766249
0.42413,0.0419468450262923
0.42491,0.0224875143519922
0.42485,0.00317282467843346
0.42398,-0.0159565582191155
0.4223,-0.0348689723570219
0.41982,-0.0535337932674935
0.41655,-0.0719223909605513
0.41251,-0.0900014524273493
0.40771,-0.107742509905108
0.40216,-0.125122099826794
0.3959,-0.14209957221689
0.38892,-0.158658812361309
0.38127,-0.174759876187188
0.37295,-0.190381982113626
0.364,-0.205491094884618
0.35444,-0.22005851964778
0.3443,-0.234053555335664
0.33359,-0.247459819062634
0.32236,-0.260243657711937
0.31064,-0.272373502053626
0.29844,-0.283835405580747
0.28581,-0.294600745321156
0.27278,-0.304644939336715
0.25937,-0.313955023616914
0.24563,-0.32250587682614
0.23157,-0.330293139779111
0.21725,-0.33729263888188
0.20268,-0.343502148017085
0.18791,-0.348907904848607
0.17296,-0.353509690128373
0.15787,-0.357303696902682
0.14267,-0.360290994762742
0.12739,-0.362476813640031
0.11207,-0.363862448674914
0.096734,-0.364458048958652
0.081413,-0.364275669782464
0.066135,-0.363331005733746
0.050932,-0.361639495712069
0.035826,-0.359223524068691
0.020847,-0.356104711732213
0.0060204,-0.352307019947082
-0.0086331,-0.347859241493358
-0.023086,-0.342788356446699
-0.037317,-0.337123814318109
-0.051306,-0.33089719890705
-0.065033,-0.324141067781157
-0.078471,-0.316882716093969
-0.091611,-0.309157752342714
-0.10443,-0.300997138374428
-0.11691,-0.292430897112937
-0.12903,-0.283485184313201
-0.14078,-0.274190365151166
-0.15214,-0.264571869413016
-0.16309,-0.254650330209699
-0.17363,-0.244456598947071
-0.18374,-0.234013994187107
-0.19341,-0.223346370177546
-0.20261,-0.212462402258947
-0.21135,-0.201387681983848
-0.2196,-0.190130979465558
-0.22736,-0.178709260636384
-0.23462,-0.167138052400305
-0.24137,-0.155431117660802
-0.24759,-0.143592840351818
-0.25328,-0.131634517549177
-0.25842,-0.119557732312835
-0.26301,-0.107370795780124
-0.26704,-0.0950796447142145
-0.2705,-0.0826879731954791
-0.27339,-0.0702047989721539
-0.27569,-0.0576282434032823
-0.27741,-0.0449697270267197
-0.27853,-0.0322287582323679
-0.27905,-0.0194099092947382
-0.27897,-0.00652158000191018
-0.27829,0.00642508439026863
-0.27699,0.0194319250218996
-0.27508,0.0324891350367827
-0.27255,0.0455926820338717
-0.26942,0.0587212085955426
-0.26567,0.0718696302502607
-0.26132,0.0850166254471745
-0.25635,0.0981580277458319
-0.25079,0.111266730174862
-0.24463,0.124327527372362
-0.23788,0.137320513636695
-0.23055,0.150222626994586
-0.22266,0.163001578520901
-0.2142,0.175640788948932
-0.20521,0.188099924047901
-0.19568,0.20035767064673
-0.18565,0.212371767741158
-0.17512,0.224113913147358
-0.16413,0.235538375579945
-0.15269,0.246608934796742
-0.14083,0.257283380829112
-0.12857,0.267523384344369
-0.11595,0.277280175803337
-0.103,0.286505472967402
-0.089742,0.295158811671419
-0.076219,0.303191826415905
-0.062468,0.310555768840176
-0.048527,0.317202410875801
-0.03443,0.323088475667459
-0.020227,0.328164305470855
-0.0059524,0.332388277674024
0.0083468,0.335717372173719
0.022622,0.338107753368694
0.036839,0.339527102578033
0.050941,0.339936905676363
0.06489,0.339308963270136
0.078637,0.337616392980517
0.092142,0.334841140455019
0.10535,0.330962051049784
0.11823,0.325974175479283
0.13074,0.319878019998382
0.14283,0.312672951273188
0.15448,0.304379996165265
0.16562,0.295000468350005
0.17625,0.28457185912326
0.18632,0.273123172295528
0.19581,0.260698290523892
0.20468,0.247337399098567
0.21292,0.233099052488852
0.22049,0.218033065740499
0.22739,0.202210621458131
0.2336,0.185703562437669
0.2391,0.168582432262607
0.24388,0.15092226653042
0.24794,0.132807093315851
0.25127,0.114318489226565
0.25388,0.0955485578610684
0.25575,0.0765730839414296
0.25689,0.0574746383576462
0.25732,0.0383461851312188
0.25702,0.0192567021649682
0.25602,0.000290608511396054
0.25433,-0.0184726679970267
0.25195,-0.0369676620131898
0.2489,-0.0551275926021708
0.2452,-0.0728869015134812
0.24087,-0.0901832814343902
0.23591,-0.106974038621927
0.23036,-0.123204415342149
0.22423,-0.138834146955986
0.21754,-0.153828906640004
0.21031,-0.168160658004392
0.20258,-0.181792973653714
0.19435,-0.194713781410276
0.18566,-0.206901949275811
0.17654,-0.218337551455439
0.16699,-0.229024878939208
0.15707,-0.238943779463112
0.14677,-0.248107193444498
0.13614,-0.256510495115668
0.12519,-0.264165055049048
0.11395,-0.271080465280871
0.10244,-0.277272422096486
0.090694,-0.282751135191766
0.078731,-0.28753354152932
0.066572,-0.291640370755354
0.054242,-0.295092175769954
0.041765,-0.297909803393301
0.029162,-0.300116212573922
0.016457,-0.301733417564663
0.0036683,-0.30278645456654
-0.0091777,-0.303296265971584
-0.022064,-0.303286987054806
-0.034965,-0.302778397580399
-0.047863,-0.301792131187571
-0.060733,-0.300345367728064
-0.073556,-0.298455682193875
-0.086311,-0.296139008442077
-0.098973,-0.293406546965087
-0.11152,-0.290267557656233
-0.12394,-0.286736829435003
-0.13619,-0.282810227187612
-0.14827,-0.27850019499908
-0.16014,-0.273802552745364
-0.17177,-0.268707143927482
-0.18316,-0.263221360887661
-0.19426,-0.257329496307071
-0.20507,-0.251034545614136
-0.21554,-0.24431745699821
-0.22565,-0.237164033407712
-0.23539,-0.229571704053568
-0.24472,-0.221525119573159
-0.25362,-0.213013801104752
-0.26206,-0.204024055786479
-0.27002,-0.194547349360257
-0.27747,-0.184572139343837
-0.28439,-0.174092173037624
-0.29076,-0.163105652261244
-0.29656,-0.151614455922771
-0.30176,-0.139616025453087
-0.30633,-0.127104330422272
-0.31027,-0.114092923654377
-0.31355,-0.100588648826969
-0.31615,-0.0866002061518808
-0.31806,-0.0721449970068703
-0.31924,-0.0572248240165178
-0.31971,-0.041873264996421
-0.31942,-0.0260968793844
-0.31839,-0.00993205722871004
-0.31658,0.00660609953764556
-0.314,0.0234830803840729
-0.31063,0.0406718556455908
-0.30647,0.0581373854610883
-0.30152,0.0758391519469527
-0.29576,0.0937481502782653
-0.28922,0.111808533924627
-0.28187,0.1299887691671
-0.27373,0.148240901668065
-0.26481,0.166512552156838
-0.25512,0.18474931226551
-0.24466,0.202904150330306
-0.23345,0.220922642648892
-0.2215,0.238753473257783
-0.20883,0.256342043645959
-0.19547,0.273625426806551
-0.18143,0.29055072142531
-0.16674,0.307060026468753
-0.15142,0.323100673483346
-0.1355,0.338618564557874
-0.11901,0.353560254202864
-0.10198,0.367874624526101
-0.084434,0.381518629666923
-0.066415,0.39444324133902
-0.047953,0.406605950633243
-0.029087,0.417964409256737
-0.0098537,0.428479665165203
0.0097073,0.438114839287588
0.029556,0.446835856313263
0.04965,0.45461048108427
0.069949,0.461410820251308
0.090405,0.467207973605787
0.11098,0.471980834022512
0.13161,0.475696342754463
0.15227,0.478341948772514
0.17289,0.479889104752768
0.19344,0.480327117721786
0.21385,0.479630786440003
0.23408,0.477786454404993
0.25408,0.474783111512684
0.27379,0.470605146846446
0.29315,0.465234002837362
0.31212,0.458664361395516
0.33064,0.450887257025696
0.34865,0.44189134112549
0.3661,0.431671339448049
0.38294,0.4202273052683
0.39911,0.407556473765046
0.41457,0.39366894347191
0.42924,0.378555588255291
0.4431,0.362236634254775
0.45608,0.344718682929187
0.46814,0.326019581173783
0.47924,0.30616596365053
0.48932,0.285176236848265
0.49835,0.263084030657097
0.50629,0.239927099277837
0.51309,0.215738246810459
0.51873,0.190567693395746
0.52317,0.164463644820961
0.52639,0.137486241693459
0.52836,0.109696270511878
0.52906,0.0811608054987759
0.52846,0.0519427588636249
0.52657,0.0221295089696581
0.52337,-0.00819646322159185
0.51884,-0.0389589679689876
0.513,-0.0700595363825812
0.50585,-0.101399381036973
0.49739,-0.132882351498093
0.48763,-0.164409908163248
0.4766,-0.195869783348496
0.46432,-0.227149423435758
0.4508,-0.258146877535817
0.43609,-0.288742372835019
0.42021,-0.318827680735883
0.40321,-0.348285150968693
0.38513,-0.377000686328506
0.36601,-0.404866751673413
0.3459,-0.431777278528664
0.32485,-0.457630953567384
0.30293,-0.482318981362046
0.28018,-0.505752420112118
0.25669,-0.527824555651452
0.23249,-0.548462414101732
0.20766,-0.567586071681042
0.18228,-0.585113033357828
0.15639,-0.600991408244953
0.13008,-0.615159301647314
0.10342,-0.627564111444719
0.076466,-0.638173384844988
0.049295,-0.646957155150428
0.021981,-0.653891369847977
-0.0054124,-0.658965940424202
-0.032817,-0.66217974558703
-0.060159,-0.663535596388749
-0.08738,-0.663051563526911
-0.11441,-0.66074969730139
-0.14119,-0.65666349895581
-0.16766,-0.650834715768052
-0.19376,-0.643311227780775
-0.21943,-0.634145122392987
-0.24462,-0.623398364539334
-0.26928,-0.611139652053415
-0.29336,-0.597441642745541
-0.31681,-0.582378547101853
-0.33959,-0.566031473611899
-0.36166,-0.548485096133887
-0.38297,-0.529817412301658
-0.40351,-0.510128575947993
-0.42323,-0.489504335773861
-0.4421,-0.46803125267947
-0.4601,-0.445801478769699
-0.4772,-0.422901620629562
-0.49338,-0.399418645727563
-0.50863,-0.375444583877791
-0.52293,-0.351065351808175
-0.53626,-0.326359254672975
-0.54861,-0.301403325372511
-0.55998,-0.276278434216847
-0.57035,-0.251051093918073
-0.57973,-0.225796119557615
-0.5881,-0.200570277854801
-0.59546,-0.175428476732152
-0.60182,-0.150429450753292
-0.60718,-0.125625454168516
-0.61154,-0.101061514723494
-0.6149,-0.0767750126072217
-0.61727,-0.0528029358584886
-0.61867,-0.029187750643324
-0.61909,-0.00595242117495715
-0.61855,0.016874836367943
-0.61705,0.0392777088145135
-0.61462,0.0612283015911828
-0.61126,0.0827128641858937
-0.60699,0.103715156827102
-0.60183,0.1242178824309
-0.59577,0.1442260341966
-0.58886,0.163718553914404
-0.58109,0.182698767221459
-0.57249,0.201160414677332
-0.56307,0.219104880962593
-0.55286,0.23652526796859
-0.54186,0.253430729602612
-0.53011,0.269813874322583
-0.51761,0.285684065432117
-0.50439,0.301042030748562
-0.49046,0.315896584933934
-0.47585,0.33024828836768
-0.46057,0.344106053497673
-0.44465,0.35747070741714
-0.4281,0.370351519589934
-0.41094,0.382757099637756
-0.39319,0.39469546088634
-0.37487,0.406174067418937
-0.35601,0.417192470537107
-0.33661,0.427766147444148
-0.31671,0.437893520846293
-0.29632,0.447581577744903
-0.27546,0.456836697445328
-0.25416,0.465657269090032
-0.23244,0.474042725934608
-0.21031,0.482000793762122
-0.1878,0.489530931163192
-0.16494,0.496625979968691
-0.14174,0.503288448624119
-0.11823,0.50951380410406
-0.094435,0.515295677725375
-0.07038,0.520626404867939
-0.046088,0.525498974376307
-0.021586,0.529904148578452
0.0030992,0.53383130886878
0.027943,0.53727065524139
0.052917,0.540210525476742
0.077991,0.54263676618703
0.10314,0.544537471762029
0.12834,0.545903647634294
0.15355,0.546716363385721
0.17874,0.54695736440064
0.20389,0.546616872869194
0.22896,0.545677481267725
0.25392,0.544123562011353
0.27874,0.541941412439698
0.30339,0.539119331441022
0.32782,0.535632840735632
0.35201,0.531470084456803
0.37591,0.526607603587429
0.3995,0.521035496952068
0.42272,0.514725580843207
0.44556,0.507672770622058
0.46796,0.499853881728514
0.48989,0.491254066971977
0.51131,0.481858322590391
0.53217,0.471644653604633
0.55244,0.460600934564846
0.57208,0.448716062840062
0.59104,0.435972808062855
0.60928,0.42235699532264
0.62675,0.40785003363028
0.64342,0.392445200255796
0.65924,0.376130879818647
0.67417,0.358899372248579
0.68816,0.340739093011205
0.70116,0.321635778376898
0.71315,0.301595713415391
0.72406,0.280604757687202
0.73387,0.258669804898746
0.74252,0.235785081519827
0.74999,0.211964480413704
0.75623,0.187215332890207
0.76121,0.161554414011047
0.7649,0.135005792522037
0.76725,0.107584104716116
0.76826,0.0793330716200845
0.76788,0.0502818166095392
0.76609,0.0204691827888282
0.7629,-0.0100369453501274
0.75826,-0.0411913994048057
0.75217,-0.0729315374637601
0.74463,-0.105182324858394
0.73563,-0.137868169312909
0.72517,-0.170907723695477
0.71325,-0.204217289095976
0.69989,-0.237698868859067
0.68508,-0.271267935509538
0.66885,-0.304823740361669
0.65121,-0.338270228283568
0.63219,-0.371503230312854
0.61182,-0.404415189540619
0.59011,-0.436913896314066
0.56712,-0.46888546946168
0.54286,-0.500239082466943
0.5174,-0.530861096204859
0.49077,-0.560652679724728
0.46303,-0.589508006671735
0.43422,-0.61733388437653
0.4044,-0.644035695995226
0.37363,-0.669520928699116
0.34198,-0.693694584182045
0.30951,-0.716470353851736
0.27628,-0.737772026363733
0.24237,-0.757519588074147
0.20785,-0.775640312825439
0.17279,-0.792070119028344
0.13727,-0.806747049562638
0.10136,-0.819620752256965
0.065145,-0.830641324206047
0.0287,-0.839768787984298
-0.0078962,-0.846970250480631
-0.044562,-0.85221815289783
-0.081216,-0.855490916892844
-0.11778,-0.856775502262933
-0.15417,-0.856062561688725
-0.19031,-0.85335261352632
-0.22612,-0.848651851082792
-0.26152,-0.841971538490998
-0.29644,-0.833334746676742
-0.3308,-0.822766642501456
-0.36453,-0.810301353119723
-0.39755,-0.795972422564038
-0.4298,-0.779827272049139
-0.46122,-0.7619236558054
-0.49173,-0.742311694971648
-0.52129,-0.721063911116836
-0.54983,-0.698247025519954
-0.5773,-0.673936304313199
-0.60365,-0.64821204321243
-0.62883,-0.621156547309697
-0.6528,-0.592858980733001
-0.67552,-0.563411643633618
-0.69694,-0.532899433886592
-0.71703,-0.501413669094848
-0.73577,-0.469055611283962
-0.75311,-0.435909417912549
-0.76905,-0.402079896855158
-0.78355,-0.367655788785868
-0.7966,-0.33273231708726
-0.80818,-0.297399560884883
-0.81827,-0.261740573721383
-0.82688,-0.225852199555022
-0.83399,-0.18981709042944
-0.83961,-0.153725868799761
-0.84372,-0.11765037446264
-0.84634,-0.0816743354223168
-0.84745,-0.045858589264515
-0.84709,-0.0102875933048357
-0.84525,0.0249750643416845
-0.84195,0.0598628190018442
-0.8372,0.0943165867173607
-0.83101,0.128285605434705
-0.82342,0.161705709155338
-0.81443,0.194533927143257
-0.80407,0.226724046276368
-0.79236,0.25823658099809
-0.77934,0.289024428474355
-0.76503,0.319051071160517
-0.74946,0.348282772110095
-0.73266,0.376689598839269
-0.71466,0.404246132867906
-0.69551,0.430917110968031
-0.67523,0.45668306285577
-0.65386,0.481523569024817
-0.63144,0.50541856783801
-0.60801,0.528349372684332
-0.58361,0.550299432735004
-0.55828,0.571254869415756
-0.53207,0.59119742102902
-0.50501,0.610121035689994
-0.47716,0.628007928714666
-0.44855,0.644853944135277
-0.41923,0.660651642153026
-0.38925,0.675391527201386
-0.35865,0.689070461689828
-0.32749,0.701676074482763
-0.29581,0.71320399664876
-0.26366,0.723649340299763
-0.23109,0.733007227315287
-0.19815,0.741273196858349
-0.16491,0.748428710584966
-0.13139,0.75448159065655
-0.097672,0.759415087568636
-0.063794,0.763225851917993
-0.029818,0.765903880835698
0.0042036,0.767441373689439
0.038213,0.767828706717668
0.072156,0.767057885728984
0.10597,0.76511640374753
0.13961,0.762001631770624
0.173,0.757696212226323
0.20609,0.752190757055318
0.23882,0.745475304052116
0.27113,0.737539844462106
0.30296,0.728374745516002
0.33425,0.717971078460447
0.36493,0.706313464362627
0.39495,0.693396659166205
0.42425,0.679216473140929
0.45276,0.66376242597766
0.48041,0.647019374391262
0.50717,0.628998526552321
0.53295,0.609687804087292
0.55771,0.589093788766412
0.58139,0.567223266317913
0.60394,0.544090537535319
0.62529,0.519700915314375
0.6454,0.494074621594795
0.66423,0.467243466229035
0.68172,0.439233072696196
0.69784,0.410085671313736
0.71254,0.379841038064216
0.72579,0.348550757834459
0.73757,0.316281993698792
0.74784,0.283097909879428
0.75658,0.249071541789736
0.76378,0.214289282940715
0.76942,0.1788385223963
0.77349,0.142812400861552
0.77599,0.106313444636753
0.77692,0.0694488089537298
0.77628,0.0323262728250483
0.77409,-0.00493426786705921
0.77035,-0.0422214886837987
0.76508,-0.0794195632170815
0.7583,-0.116412593129946
0.75004,-0.15308083258893
0.74032,-0.18931258641261
0.72918,-0.224991452440566
0.71666,-0.260000996166289
0.70278,-0.294243352055418
0.68759,-0.327616801447314
0.67113,-0.360027418749141
0.65346,-0.391376086922982
0.6346,-0.421592565695102
0.61462,-0.450595661198975
0.59357,-0.478313188792503
0.5715,-0.5046830329551
0.54846,-0.529653747346435
0.52452,-0.553169965228588
0.49972,-0.575197707979215
0.47414,-0.595692440777464
0.44783,-0.614625349217871
0.42086,-0.631967101913802
0.39329,-0.647696941143951
0.36518,-0.66180236141984
0.3366,-0.674271211101157
0.30763,-0.685085276441113
0.27832,-0.694244809649512
0.24874,-0.701750809869056
0.21897,-0.707598084673135
0.18907,-0.711791959416274
0.15911,-0.714339247285314
0.12915,-0.715255693183876
0.099272,-0.714548035881026
0.069541,-0.712228584711912
0.040019,-0.708316430006415
0.010775,-0.702830817367292
-0.018125,-0.695793164151257
-0.046619,-0.687229331353804
-0.07464,-0.67716464909769
-0.10213,-0.665630241005338
-0.12903,-0.652660542746314
-0.15529,-0.638298582698068
-0.18084,-0.622578533088863
-0.20564,-0.605548818212783
-0.22964,-0.58726075369486
-0.25278,-0.5677592840898
-0.27503,-0.547105226553759
-0.29636,-0.525370571596574
-0.31671,-0.502612188230578
-0.33606,-0.478902746833275
-0.35438,-0.45431821328644
-0.37164,-0.428935048863262
-0.38782,-0.40283529392636
-0.40291,-0.376110482563751
-0.41689,-0.348849723192889
-0.42974,-0.32113750466455
-0.44147,-0.293074189300601
-0.45207,-0.264755103819476
-0.46154,-0.236275967038634
-0.46987,-0.207722413071125
-0.47709,-0.179198749025246
-0.48319,-0.150791450821527
-0.48819,-0.12259194141403
-0.49211,-0.0946925973402962
-0.49496,-0.0671760861169468
-0.49676,-0.0401217855986249
-0.49752,-0.0135962227872957
-0.49728,0.01232473287312
-0.49607,0.0375678123415287
-0.49389,0.0620867036467987
-0.49079,0.0858218337531788
-0.48679,0.108727463850862
-0.48193,0.130756176022916
-0.47622,0.151883390831918
-0.46971,0.172074755509041
-0.46243,0.191304468800818
-0.45441,0.209555009197223
-0.44569,0.226809286181503
-0.43631,0.24305167000006
-0.42629,0.258283546698472
-0.41568,0.272498409346293
-0.40452,0.285691534834221
-0.39284,0.297867696789763
-0.38067,0.309039713833902
-0.36807,0.319204850255559
-0.35506,0.328377927446225
-0.34168,0.336573147340686
-0.32798,0.343796825415149
-0.31398,0.350071282234366
-0.29972,0.355416677389878
-0.28525,0.359843789189132
-0.27059,0.363377982284009
-0.25577,0.366048538836313
-0.24084,0.367872537450986
-0.22583,0.36887171995691
-0.21075,0.369085937574737
-0.19566,0.368531728863683
-0.18057,0.367243465200665
-0.16551,0.365254250945537
-0.15051,0.36259533734268
-0.1356,0.359295666665217
-0.12079,0.355396332240238
-0.10613,0.350917520331872
-0.091623,0.345896726209729
-0.077294,0.34036805554898
-0.06317,0.334360409798001
-0.049263,0.327908707747673
-0.035595,0.321044268486642
-0.022185,0.313796753513158
-0.0090492,0.306195609553002
0.0037978,0.298270337202571
0.01634,0.290048476873577
0.028561,0.281554765009893
0.040447,0.272812735174665
0.051985,0.263844701338434
0.063163,0.254671919784476
0.073968,0.245313264658369
0.084386,0.235784219204447
0.094409,0.22610132643181
0.10402,0.216274655974502
0.11322,0.206321872954593
0.12199,0.196251281271688
0.13032,0.186069851069234
0.13821,0.175790465771658
0.14565,0.165422830294871
0.15262,0.154966231095682
0.15913,0.144433557132745
0.16516,0.133825943420148
0.17071,0.123149628697703
0.17578,0.112414624782938
0.18036,0.101626163648264
0.18444,0.0907853269709535
0.18803,0.0799044572641538
0.19111,0.0689823172032941
0.1937,0.0580361999758142
0.19578,0.0470681678708943
0.19736,0.0360900132251514
0.19843,0.0251061427393264
0.19901,0.0141369623652648
0.19909,0.0031929403126183
0.19867,-0.00771645667639459
0.19776,-0.0185755422557978
0.19636,-0.0293715401343414
0.19449,-0.0400796758954196
0.19215,-0.0506810548807232
0.18935,-0.0611547352478537
0.18609,-0.0714861961783942
0.1824,-0.0816444174154808
0.17827,-0.0916156075228643
0.17373,-0.10137078056698
0.16878,-0.110891798482886
0.16346,-0.120140307471202
0.15775,-0.129107193905211
0.1517,-0.137755550565624
0.14532,-0.146056790052604
0.13862,-0.153989951803739
0.13162,-0.161533571465485
0.12435,-0.168659147279286
0.11682,-0.175348244762884
0.10906,-0.181576443997459
0.10109,-0.187322749777787
0.092924,-0.192574131693634
0.08459,-0.197314192445449
0.076112,-0.201527433556087
0.067504,-0.205207104392759
0.0588,-0.208339113659998
0.05001,-0.210921790564433
0.041161,-0.212951162229121
0.032279,-0.21442245459769
0.023377,-0.215340186009337
0.014482,-0.215706085844819
0.0056146,-0.215524506610012
-0.003205,-0.214802265568982
-0.011952,-0.21354474282788
-0.02061,-0.211762374357781
-0.029151,-0.209460948099381
-0.037557,-0.206649863492395
-0.045803,-0.203336106381757
-0.053868,-0.199527578333768
-0.061727,-0.195229825533781
-0.06936,-0.190450108154909
-0.076743,-0.185193969178312
-0.083852,-0.179465462483894
-0.090664,-0.173268105055589
-0.097159,-0.166607131060307
-0.10331,-0.159483863100121
-0.1091,-0.151903844932237
-0.11451,-0.143874409437229
-0.11951,-0.135396013262724
-0.12408,-0.126470953946594
-0.1282,-0.11710294735856
-0.13186,-0.107304149763953
-0.13504,-0.0970858099872839
-0.13771,-0.0864507532119994
-0.13986,-0.0754097169832302
-0.14148,-0.0639795188866951
-0.14255,-0.0521740285296851
-0.14306,-0.0400117519079354
-0.143,-0.0275144198478994
-0.14235,-0.0146983625830704
-0.1411,-0.00158247542715194
-0.13926,0.0117980391933948
-0.1368,0.0254253980566803
-0.13374,0.039259418283626
-0.13006,0.0532725821226286
-0.12576,0.0674336072359599
-0.12085,0.0817017186214275
-0.11533,0.0960370771842216
-0.10921,0.110394382712886
-0.1025,0.124725273527809
-0.095193,0.138992934257527
-0.087323,0.153140697542518
-0.078894,0.167119778124328
-0.069925,0.180878155781327
-0.060443,0.194356900839109
-0.050462,0.207502940508183
-0.040015,0.220255551645891
-0.029122,0.23255936208063
-0.017821,0.244351782839458
-0.0061367,0.255576236504153
0.0058906,0.266171308427259
0.01823,0.27608063914061
0.030839,0.285245252668648
0.043683,0.293611881963914
0.056716,0.301125272498649
0.0699,0.307736393597931
0.083191,0.313398553449427
0.096547,0.318070136133382
0.10992,0.321710765805174
0.12327,0.324288541393024
0.13655,0.32577455626603
0.14971,0.32614135972001
0.16271,0.325371286214955
0.17551,0.323455514022732
0.18806,0.320385673041437
0.20032,0.316161842696478
0.21225,0.3107913629365
0.22381,0.304287668054695
0.23496,0.29666916265762
0.24567,0.287965553825038
0.2559,0.278207838866575
0.26562,0.267434957667751
0.2748,0.25569151237225
0.28341,0.243025742891236
0.29142,0.229487755719483
0.29882,0.215142796104873
0.30558,0.200051927676476
0.31168,0.184278708189157
0.31711,0.167894452476362
0.32185,0.150967436060845
0.32588,0.133561617703444
0.32921,0.115757861207092
0.33181,0.097618790073847
0.33369,0.079220057171023
0.33483,0.060623392328265
0.33523,0.0418921823257663
0.33489,0.0230891549998021
0.33381,0.00427450454480236
0.332,-0.0144881820882585
0.32944,-0.0331568460803713
0.32615,-0.0516787398946149
0.32212,-0.0700165273393018
0.31737,-0.0881245503135947
0.31191,-0.105959504127858
0.30573,-0.123496377774747
0.29886,-0.140696460373498
0.2913,-0.157533677342146
0.28307,-0.173978499982991
0.27417,-0.190014649151617
0.26463,-0.205615225864043
0.25446,-0.220760714325857
0.24368,-0.235431096505174
0.23231,-0.249606895688277
0.22037,-0.263269988789309
0.20788,-0.276404213428784
0.19488,-0.288980998702755
0.18137,-0.300992466443528
0.1674,-0.312411002338792
0.15298,-0.323223736472495
0.13816,-0.333400767643796
0.12295,-0.342929155216448
0.10739,-0.351788097921678
0.091527,-0.359946136726984
0.075378,-0.367386526482154
0.058983,-0.374088106823504
0.042381,-0.380027750184622
0.025602,-0.38518829426475
0.008687,-0.389549987185108
-0.0083311,-0.39309778325836
-0.025415,-0.395817851972647
-0.042531,-0.397700646846912
-0.05964,-0.398736605547476
-0.076714,-0.398924881646953
-0.093714,-0.398263804166785
-0.11061,-0.396757991688045
-0.12737,-0.394415774514689
-0.14395,-0.391239609449693
-0.16034,-0.38725251031494
-0.1765,-0.382471471809473
-0.1924,-0.376915771376516
-0.20802,-0.370613573149041
-0.22334,-0.36359960694705
-0.23831,-0.355890913611822
-0.25293,-0.347526887998182
-0.26716,-0.338534385257873
-0.281,-0.328959071748091
-0.29441,-0.318831010085842
-0.30738,-0.308189069916018
-0.31989,-0.297070759394673
-0.33193,-0.285518837805882
-0.34348,-0.273571693111288
-0.35451,-0.261255670928565
-0.36503,-0.248616156600316
-0.37502,-0.235690350260429
-0.38446,-0.22250770893595
-0.39336,-0.209112667270387
-0.40169,-0.195530778178642
-0.40945,-0.181793667376563
-0.41663,-0.167929387790327
-0.42324,-0.153976924965833
-0.42925,-0.139953221947658
-0.43468,-0.125893725954261
-0.43951,-0.111818018529733
-0.44375,-0.0977542976115449
-0.44739,-0.0837218997602749
-0.45044,-0.0697470289468223
-0.4529,-0.0558530683406008
-0.45476,-0.0420528454489348
-0.45604,-0.0283722519562522
-0.45674,-0.0148319700054068
-0.45686,-0.00144767684901802
-0.45641,0.0117622682435896
-0.4554,0.0247780889470508
-0.45383,0.0375870381617658
-0.45171,0.0501752308914986
-0.44905,0.0625284836090957
-0.44586,0.074632989779154
-0.44214,0.086483246064723
-0.43791,0.0980660339184069
-0.43317,0.109377284833351
-0.42793,0.120413240884676
-0.4222,0.131170713228073
-0.416,0.141639865310051
-0.40933,0.1518207432727
-0.40219,0.161721547397217
-0.3946,0.171342232803477
-0.38658,0.180676277510198
-0.37811,0.189741843096743
-0.36923,0.19853228653438
-0.35992,0.207065656239045
-0.35021,0.215342573229373
-0.3401,0.223371893502932
-0.3296,0.231161575271265
-0.31871,0.23872612802491
-0.30744,0.246077644428978
-0.2958,0.253226017196749
-0.2838,0.260179152682817
-0.27144,0.266950577864828
-0.25873,0.273550625945798
-0.24568,0.279986800411295
-0.23229,0.28627152547813
-0.21858,0.292406068629974
-0.20454,0.298404843415133
-0.19019,0.304270275542797
-0.17553,0.310009831532826
-0.16058,0.315620018457765
-0.14534,0.321103352110235
-0.12982,0.326459688551896
-0.11404,0.331679308287937
-0.098004,0.336756816140862
-0.08172,0.341687445794209
-0.065206,0.346459636734611
-0.04847,0.351064022465943
-0.031528,0.355487310758518
-0.014392,0.359716336756444
0.0029251,0.363737710569579
0.020407,0.367535700251892
0.038041,0.371095772451381
0.055808,0.374400028343955
0.073697,0.377434346452659
0.091689,0.380182144752014
0.10976,0.382621643964664
0.1279,0.384737855010513
0.14609,0.386515066515959
0.16431,0.387936737364486
0.18254,0.38898617652764
0.20075,0.389639702881489
0.21893,0.389883506331515
0.23705,0.389697407793119
0.2551,0.389071529823736
0.27305,0.387989888434903
0.29089,0.386446917506074
0.30858,0.384423537574822
0.32611,0.381912592819276
0.34346,0.378909461803056
0.3606,0.375404430537667
0.37751,0.37139146286732
0.39417,0.366867774702009
0.41056,0.361833407794183
0.42665,0.356283412648864
0.44242,0.350216460484907
0.45784,0.343626890443738
0.47289,0.336513198676992
0.48755,0.32887737327565
0.50178,0.320709471798331
0.51556,0.312005072780289
0.52886,0.302757004211353
0.54165,0.292956144317583
0.5539,0.282592113464772
0.56559,0.271661261607615
0.57668,0.26015074667859
0.58714,0.24804812562946
0.59694,0.235341675442274
0.60607,0.222035434928063
0.61447,0.208109154175447
0.62213,0.193560597973517
0.62902,0.178387402738821
0.6351,0.162579861735613
0.64036,0.14614487950328
0.64476,0.129080474666626
0.64827,0.111385040650797
0.65089,0.0930795859682457
0.65257,0.0741659091887204
0.6533,0.0546599390844845
0.65307,0.0345886441235805
0.65185,0.0139724629555941
0.64962,-0.00716651944828465
0.64638,-0.0287906485161463
0.64212,-0.0508580771670894
0.63682,-0.0733320612322936
0.63049,-0.0961587634891426
0.62311,-0.119294207433499
0.61468,-0.14268879516238
0.60522,-0.166275004220041
0.59471,-0.190002332950105
0.58318,-0.213798494183733
0.57063,-0.237597902600385
0.55708,-0.261327508363129
0.54253,-0.284925197532426
0.52701,-0.30831739550879
0.51054,-0.33143092743988
0.49313,-0.354202595352194
0.47482,-0.376557090197661
0.45562,-0.398433906671552
0.43558,-0.419756904298436
0.41471,-0.440469372267645
0.39306,-0.460502641314477
0.37066,-0.479795492587738
0.34754,-0.498294829971878
0.32375,-0.515941239664608
0.29931,-0.532694506402279
0.27429,-0.548494520992781
0.24871,-0.563304249937249
0.22263,-0.577077207081155
0.19609,-0.589775862096767
0.16913,-0.601371448404121
0.14181,-0.611828788936506
0.11416,-0.621131202442478
0.086255,-0.629244616257148
0.058128,-0.636153421635634
0.029834,-0.641841544124575
0.0014243,-0.646296197656226
-0.027052,-0.649509694393673
-0.055541,-0.651475574975576
-0.08399,-0.652189873048643
-0.11235,-0.651653895421464
-0.14057,-0.64987208887681
-0.1686,-0.64685243525445
-0.19638,-0.642598514943514
-0.22386,-0.637117985646916
-0.251,-0.630429285795165
-0.27774,-0.622544550378298
-0.30403,-0.613478163749034
-0.32983,-0.603253565293501
-0.35508,-0.591886289599909
-0.37974,-0.579400058060129
-0.40376,-0.565817321178366
-0.42709,-0.55115904115972
-0.4497,-0.53545932223147
-0.47154,-0.518747259378035
-0.49256,-0.501047204550593
-0.51272,-0.482386466772858
-0.53199,-0.462801421152665
-0.55034,-0.442334789847195
-0.56772,-0.421018474565722
-0.58409,-0.398882154785228
-0.59945,-0.375982439654602
-0.61374,-0.352351696425439
-0.62695,-0.328038766374698
-0.63906,-0.303096951751549
-0.65004,-0.277574205113337
-0.65987,-0.251520123021083
-0.66855,-0.224998912423778
-0.67605,-0.198062465565292
-0.68237,-0.170773327686127
-0.6875,-0.143193321540964
-0.69144,-0.115389170590582
-0.69418,-0.087422085730501
-0.69573,-0.0593616772336659
-0.69609,-0.0312747384652238
-0.69527,-0.00323104914072034
-0.69327,0.0247068435490707
-0.69011,0.0524695101864591
-0.6858,0.079991649454749
-0.68037,0.107198682285881
-0.67383,0.134025788750757
-0.6662,0.160410832052194
-0.65752,0.186281210332782
-0.6478,0.211580520973308
-0.63709,0.236237873852365
-0.6254,0.260202716099845
-0.61278,0.28341321578345
-0.59926,0.30581545775404
-0.58487,0.327363920604824
-0.56968,0.347992064126165
-0.5537,0.367663122454094
-0.53698,0.386336318440551
-0.51957,0.403969328053745
-0.50151,0.420527687548873
-0.48285,0.435977372665899
-0.46363,0.450293591368389
-0.44391,0.46344543127043
-0.42371,0.475428009040253
-0.40311,0.486213734595637
-0.38213,0.495802350585844
-0.36083,0.504186572595957
-0.33925,0.511368938158556
-0.31744,0.517352913389068
-0.29545,0.522143069712635
-0.27332,0.525752562141102
-0.2511,0.528194114200129
-0.22882,0.529494923452756
-0.20654,0.529671288760747
-0.1843,0.528745384368937
-0.16213,0.526751194418868
-0.14008,0.523716776142475
-0.11819,0.519672269060302
-0.096491,0.514655518457479
-0.075024,0.508702326130762
-0.053826,0.501848966048027
-0.032929,0.494134903331268
-0.01237,0.485597475603588
0.0078227,0.476277763001157
0.027614,0.466213728607783
0.046978,0.455446576113395
0.065883,0.444014668736193
0.084303,0.431957181946085
0.10221,0.419311306776999
0.11958,0.40611446325883
0.13639,0.392403840125066
0.15262,0.378217492655267
0.16825,0.363592971156262
0.18325,0.34855881564662
0.19762,0.333157503048856
0.21134,0.317426595454541
0.22439,0.301398457206398
0.23676,0.285107539652653
0.24845,0.26859619182362
0.25944,0.251896948028667
0.26973,0.235048079833437
0.27933,0.218098579729407
0.28822,0.201082314723551
0.29641,0.184041948123392
0.3039,0.167018396133424
0.3107,0.150057165160297
0.31681,0.133198539980388
0.32223,0.116477194615183
0.32699,0.0999442024594143
0.33109,0.0836399759661784
0.33454,0.0676023092865622
0.33737,0.0518803114686607
0.33958,0.0365083613097145
0.3412,0.0215298653152973
0.34225,0.00698658174546115
0.34275,-0.00708254491266332
0.34273,-0.0206348607916654
0.3422,-0.0336410347326497
0.3412,-0.0460614666913119
0.33975,-0.0578645199290288
0.33789,-0.0690114206196754
0.33564,-0.0794738567950811
0.33304,-0.089218307207036
0.33011,-0.09822313132135
0.3269,-0.106455051578807
0.32343,-0.113894870496121
0.31973,-0.12052824617591
0.31585,-0.126330733796265
0.3118,-0.131300353660703
0.30763,-0.135424083267162
0.30336,-0.13870289893984
0.29902,-0.141141995527187
0.29465,-0.142742781019928
0.29027,-0.143518685948691
0.28591,-0.143485386105305
0.2816,-0.142660239533844
0.27734,-0.141083953681321
0.27318,-0.138778253162324
0.26913,-0.135778779380186
0.2652,-0.132131625550542
0.26141,-0.127882855047373
0.25778,-0.123077411616194
0.25431,-0.117773020576408
0.25101,-0.112028840424529
0.2479,-0.105896240436717
0.24497,-0.0994411074001052
0.24222,-0.0927318299601828
0.23965,-0.0858369131933301
0.23726,-0.0788230087691548
0.23504,-0.0717607286478738
0.23298,-0.0647217951261068
0.23107,-0.0577766801198483
0.2293,-0.0509926971764343
0.22765,-0.044439906065055
0.2261,-0.0381883754352011
0.22464,-0.0322985517994972
0.22325,-0.0268285058737416
0.2219,-0.0218398098608717
0.22058,-0.0173799795499405
0.21925,-0.0135056504416647
0.2179,-0.0102566322841701
0.21651,-0.0076650052934158
0.21505,-0.00576263935850069
0.2135,-0.00457247241034174
0.21183,-0.00411651229428566
0.21002,-0.00440752773046977
0.20805,-0.00544999850419617
0.2059,-0.00724110810962241
0.20355,-0.0097717524066932
0.20099,-0.013020143172856
0.19818,-0.0169765963888233
0.19512,-0.0216114648612506
0.19179,-0.0268942199549312
0.18818,-0.0327866957083255
0.18427,-0.0392526769777439
0.18006,-0.0462434309899645
0.17553,-0.0537159966898619
0.17068,-0.0616182356995072
0.1655,-0.069899254960691
0.15999,-0.0785030241028607
0.15414,-0.0873782013530416
0.14796,-0.096463785847177
0.14144,-0.105707428368663
0.1346,-0.115043022895161
0.12743,-0.124417415969466
0.11994,-0.133774656719418
0.11215,-0.143050808336101
0.10406,-0.152192186348591
0.095691,-0.161139500910528
0.087048,-0.169842617781672
0.078148,-0.178251535826547
0.06901,-0.186316532053513
0.059649,-0.193992725077649
0.050085,-0.201236988095586
0.040338,-0.208009127369728
0.030421,-0.214277944616258
0.020367,-0.22000592938376
0.010183,-0.225171109343114
-9.8867e-05,-0.229746442455551
-0.010463,-0.233714153850613
-0.020884,-0.237057569592952
-0.03134,-0.239764358920024
-0.041813,-0.241829271640534
-0.052273,-0.243244413700089
-0.062706,-0.244012170065777
-0.073082,-0.244131669007744
-0.083388,-0.243612345780879
-0.093595,-0.242460179421018
-0.10369,-0.240690335413859
-0.11364,-0.238310465992757
-0.12342,-0.235328125550321
-0.13303,-0.231769298088858
-0.14244,-0.227652161509143
-0.15162,-0.222988306016331
-0.16056,-0.21779864332933
-0.16923,-0.212096381891302
-0.17762,-0.205903069078169
-0.1857,-0.199231698996428
-0.19346,-0.192102884541049
-0.20088,-0.184535488402147
-0.20794,-0.176546498636873
-0.21461,-0.16814355864173
-0.22089,-0.159348755526304
-0.22676,-0.150180433310902
-0.23219,-0.140646018422136
-0.23719,-0.130773483407692
-0.24172,-0.12056960405413
-0.24578,-0.11005341822805
-0.24936,-0.0992458840752807
-0.25244,-0.0881614948289332
-0.25502,-0.0768238647953232
-0.25709,-0.0652558612114712
-0.25863,-0.0534716625503954
-0.25965,-0.041500153773795
-0.26015,-0.0293738164315958
-0.26011,-0.0171122811384698
-0.25954,-0.00474636492363624
-0.25844,0.0076924391031734
-0.25682,0.0201656606809397
-0.25467,0.0326451554398669
-0.25201,0.0450898191781609
-0.24885,0.0574567502667829
-0.24518,0.0697177003788722
-0.24104,0.0818202023903183
-0.23643,0.0937234399258448
-0.23137,0.105382490459809
-0.22589,0.116743148496531
-0.22,0.127760192532885
-0.21373,0.138382310923347
-0.2071,0.148562318879061
-0.20015,0.158243111524379
-0.1929,0.167376197924739
-0.18538,0.17591424641928
-0.17763,0.183805066182199
-0.16968,0.191001684723279
-0.16155,0.197470351595097
-0.1533,0.203159682622412
-0.14494,0.208042816027857
-0.13652,0.212084197782644
-0.12806,0.215264819234005
-0.11961,0.21755775013994
-0.11118,0.218960395701254
-0.10283,0.219453293370442
-0.094561,0.219047947493547
-0.086417,0.217749128702108
-0.07843,0.215565324957666
-0.070617,0.212519255289045
-0.063009,0.20863450531445
-0.055626,0.20394319529451
-0.048493,0.198480070500355
-0.041632,0.192283550767712
-0.035057,0.185400140336939
-0.028795,0.177872202128083
-0.022854,0.169751836320132
-0.017255,0.161088105137159
-0.01201,0.151933045734211
-0.0071304,0.14234018390198
-0.00263,0.132361039944379
0.001485,0.122049721170595
0.0052032,0.111457052752482
0.0085209,0.10063543888388
0.011433,0.0896359774138765
0.013933,0.0785061389117933
0.01602,0.0672931382545308
0.017693,0.0560424186433984
0.018954,0.0447987483744721
0.019803,0.0336034057148727
0.020245,0.0224971610052912
0.020284,0.0115182419733805
0.019926,0.000702967668897857
0.019176,-0.00991591976450015
0.018047,-0.0203038570667304
0.016548,-0.0304290341619572
0.014687,-0.0402637932155528
0.01248,-0.0497789954421303
0.0099412,-0.0589467655031435
0.0070857,-0.0677406701528619
0.0039273,-0.0761374505498795
0.00048908,-0.0841105081155024
-0.0032146,-0.091638048001996
-0.0071583,-0.0986948685076962
-0.011322,-0.105258029856
-0.015684,-0.111306107304816
-0.020217,-0.116815646672286
-0.024897,-0.121764935936505
-0.029698,-0.126133074483921
-0.034592,-0.129899197814987
-0.039552,-0.133044065259165
-0.044548,-0.135548334047029
-0.049553,-0.137395603619635
-0.054537,-0.13857035077659
-0.05947,-0.139058456331132
-0.064323,-0.138848326149561
-0.06907,-0.137933202935998
-0.073678,-0.136305501753237
-0.078125,-0.133965570015991
-0.082381,-0.130914480820104
-0.086419,-0.127156330289598
-0.090217,-0.122701475364553
-0.09375,-0.117563051242048
-0.096997,-0.11175925381957
-0.099932,-0.105308371768986
-0.10254,-0.0982365922273072
-0.1048,-0.0905714927958916
-0.10669,-0.0823404343379447
-0.1082,-0.073578858563193
-0.10932,-0.0643278687823205
-0.11002,-0.0546173150032002
-0.1103,-0.044489397848139
-0.11014,-0.0339803643468569
-0.10954,-0.0231354704948487
-0.10849,-0.0119985932844692
-0.10699,-0.000618662928849489
-0.10502,0.0109675019469315
-0.10259,0.0227117651686226
-0.099689,0.0345738267090952
-0.096328,0.0465046726966808
-0.0925,0.0584630680782425
-0.088207,0.070408699670037
-0.08346,0.0822966474276823
-0.078259,0.0940878528913706
-0.072611,0.105744107883909
-0.066527,0.11722622785218
-0.060014,0.128498531330772
-0.05309,0.139521274224734
-0.045761,0.150261675695988
-0.038048,0.16068266250005
-0.029965,0.170750185493118
-0.021531,0.180430165860863
-0.012766,0.189688997779935
-0.0036935,0.198492094011765
0.0056636,0.206805772765942
0.01528,0.214596537890012
0.025128,0.221830495753804
0.035177,0.228472526127671
0.0454,0.234490453939753
0.055763,0.239850497831345
0.066234,0.244520301235089
0.076778,0.248467640617302
0.087361,0.251662340676383
0.097946,0.254074807279265
0.1085,0.255680008148753
0.11898,0.256450208130161
0.12936,0.256369152110967
0.13958,0.255405475078385
0.14963,0.253553783836318
0.15945,0.250793132598891
0.16902,0.247120518611752
0.17829,0.24252562867234
0.18723,0.237007646207051
0.1958,0.230566347253055
0.20397,0.223209689256544
0.21169,0.214937508784517
0.21895,0.205772950242526
0.22571,0.195735407648032
0.23193,0.184840981196955
0.2376,0.173125086273993
0.24267,0.160608380472854
0.24715,0.147343619146263
0.25099,0.133363809666284
0.25418,0.118714864097861
0.2567,0.10344456012958
0.25855,0.0876157591656431
0.25971,0.0712870539829743
0.26017,0.0545194303818204
0.25993,0.0373815301649769
0.25899,0.019946263674674
0.25734,0.00228053397041323
0.255,-0.0155333482725451
0.25198,-0.0334104222381569
0.24828,-0.051273464284778
0.24391,-0.0690464186615292
0.2389,-0.0866417191707621
0.23327,-0.103972585701612
0.22704,-0.120955551808674
0.22023,-0.13751245881139
0.21287,-0.153564568162289
0.20501,-0.169020461497589
0.19667,-0.183803617189353
0.18789,-0.197837301520184
0.1787,-0.211054618929425
0.16916,-0.223376792167764
0.15929,-0.234747751183688
0.14916,-0.245094873078762
0.1388,-0.254364343255215
0.12825,-0.262512197080717
0.11757,-0.269489462042561
0.1068,-0.275259889405628
0.095987,-0.279793940470807
0.085176,-0.28307041819469
0.074416,-0.285073114275393
0.063746,-0.285798313481659
0.053215,-0.285245704242038
0.042859,-0.283427948522959
0.032722,-0.280362495201239
0.022841,-0.276075916148594
0.013253,-0.270601945571265
0.003992,-0.263981889450034
-0.0049047,-0.25626005100558
-0.013414,-0.247492857813673
-0.021503,-0.237738102126691
-0.029145,-0.227058011824061
-0.036321,-0.215522661290119
-0.04301,-0.203205288440318
-0.049194,-0.190182079427596
-0.054857,-0.176531119337602
-0.059989,-0.162334397607639
-0.064584,-0.147677788932392
-0.068631,-0.132644226397931
-0.072129,-0.117319313269709
-0.07508,-0.101790547242318
-0.077482,-0.0861414209181964
-0.079344,-0.0704578162517449
-0.080673,-0.0548234374570077
-0.081479,-0.0393198443257733
-0.081774,-0.0240257555073866
-0.081576,-0.00901948436008355
-0.0809,0.00562577396292523
-0.079771,0.0198360204080484
-0.078207,0.0335442963596851
-0.076236,0.0466842705639966
-0.073883,0.0591946860084761
-0.071181,0.0710146881728295
-0.068158,0.0820896730383378
-0.064848,0.0923677093981542
-0.061293,0.101795109444919
-0.05752,0.110329913372328
-0.053574,0.117928047259089
-0.049491,0.12455218709627
-0.045314,0.130166885059579
-0.041075,0.134747898663781
-0.036823,0.138268700435363
-0.032591,0.140714056117168
-0.028422,0.142071428424763
-0.024356,0.142333575183598
-0.020425,0.141504180718575
-0.016672,0.139588035954929
-0.013129,0.136599337268694
-0.0098295,0.132558854434657
-0.0068073,0.127492332909829
-0.0040906,0.121433402959416
-0.0017125,0.114417913911768
0.00030756,0.106492995041123
0.0019382,0.0977050887931346
0.0031674,0.0881134279106677
0.0039709,0.0777771478285438
0.0043343,0.066761198676467
0.0042466,0.0551361292679291
0.003698,0.0429760918473222
0.0026829,0.030359308218617
0.0011951,0.0173647371894882
-0.00075993,0.00407839241122986
-0.0031814,-0.00941389071334226
-0.0060642,-0.0230256743856982
-0.0093936,-0.0366654362457025
-0.01316,-0.0502440444543234
-0.017347,-0.063671944410348
-0.021935,-0.0768596116076247
-0.026905,-0.0897207688101741
-0.032229,-0.102167835128202
-0.037887,-0.114120902427288
-0.04385,-0.125502233771951
-0.050085,-0.136235502058688
-0.056567,-0.146254039195182
-0.063264,-0.155496164744155
-0.070142,-0.163905008569633
-0.077166,-0.171428992359203
-0.084309,-0.178028744017801
-0.091533,-0.183668306175407
-0.098804,-0.188319051841512
-0.10609,-0.191961159863232
-0.11336,-0.194583824221209
-0.12058,-0.196182212907752
-0.1277,-0.196745218343418
-0.13472,-0.196294530076999
-0.14159,-0.194841294265432
-0.14829,-0.192410590299368
-0.15478,-0.189023767895928
-0.16103,-0.184706451262534
-0.16703,-0.179502230770596
-0.17274,-0.17344621535524
-0.17814,-0.166580867274777
-0.18321,-0.158953729878436
-0.18792,-0.150608023836429
-0.19226,-0.14159731884204
-0.19621,-0.131974858310965
-0.19974,-0.121784918129185
-0.20284,-0.111078210270651
-0.20551,-0.0999166972204502
-0.20771,-0.0883401672413227
-0.20945,-0.0764063884251001
-0.21072,-0.0641712003454052
-0.21149,-0.0516724904211966
-0.21177,-0.0389620783015425
-0.21156,-0.0260940506957512
-0.21084,-0.0131078883916106
-0.20962,-5.21949530295244e-05
-0.2079,0.0130260184979456
-0.20568,0.0260825442908784
-0.20296,0.0390769016716668
-0.19976,0.0519582064656346
-0.19606,0.0646984394560452
-0.1919,0.0772447211320829
-0.18726,0.0895702505840793
-0.18218,0.101625937312624
-0.17666,0.113375962144354
-0.17072,0.124781718689411
-0.16438,0.135803745370572
-0.15764,0.146418100884181
-0.15055,0.156577393384491
-0.14311,0.166253933340581
-0.13535,0.17541483505936
-0.12729,0.184031676277649
-0.11896,0.192073370546107
-0.11038,0.199515281515848
-0.10158,0.206331607223574
-0.092588,0.212498143864654
-0.08343,0.217994465343946
-0.074137,0.222800400163427
-0.064734,0.226901314699603
-0.055252,0.230283345610302
-0.045716,0.232938404503267
-0.036158,0.234858436430892
-0.026601,0.236042613345608
-0.017077,0.236489618131898
-0.007609,0.236204736170889
0.0017765,0.235196138006255
0.011056,0.233476599217864
0.020206,0.231062528263818
0.029204,0.227973806792037
0.038032,0.224236136296673
0.04667,0.219877947327474
0.055097,0.214928549992731
0.063301,0.209423986909342
0.07127,0.203404892893763
0.078984,0.196908705367634
0.086434,0.189977486657416
0.093613,0.182657420669513
0.10051,0.174993834714239
0.10711,0.16702717543764
0.11342,0.158809088618722
0.11942,0.150378821544784
0.12512,0.141786654373431
0.13051,0.133075492263081
0.13559,0.124288385142916
0.14035,0.115459763661024
0.1448,0.106630765302489
0.14893,0.0978318129001713
0.15275,0.0890984215542985
0.15626,0.0804616068732571
0.15946,0.0719476594233541
0.16235,0.0635780737731327
0.16493,0.0553696084207878
0.16721,0.04734185216434
0.1692,0.0395158605555566
0.17089,0.0318982327120607
0.1723,0.0245056324899395
0.17342,0.0173399213409387
0.17428,0.01042028410898
0.17486,0.00374211897889507
0.17519,-0.00268151016204071
0.17527,-0.00884607907123752
0.17511,-0.0147469009824338
0.17471,-0.0203869050479406
0.17409,-0.0257605093506001
0.17325,-0.0308704128461357
0.17221,-0.0357113157981055
0.17096,-0.0402939768849627
0.16954,-0.0446050057851056
0.16793,-0.0486564240870665
0.16616,-0.0524435854584592
0.16424,-0.0559634562109096
0.16217,-0.0592218943902579
0.15997,-0.062217096643122
0.15764,-0.0649560315565656
0.1552,-0.0674378633659334
0.15266,-0.0696629724020825
0.15002,-0.0716401844958912
0.14731,-0.073362790558524
0.14451,-0.0748487816520164
0.14165,-0.0760986747455664
0.13872,-0.0771285337663208
0.13575,-0.0779369976824067
0.13272,-0.0785457144199729
0.12965,-0.0789647635466261
0.12654,-0.0792094578743335
0.12338,-0.0793063399277026
0.12019,-0.0792681340705027
0.11697,-0.0791108768041222
0.1137,-0.0788676232092891
0.11039,-0.0785620725878515
0.10703,-0.0782245198655688
0.10363,-0.0778749341171778
0.10018,-0.0775391531152696
0.096668,-0.0772484570974286
0.093099,-0.0770250237897205
0.089459,-0.0768970502158128
0.085751,-0.0768841433690583
0.081963,-0.0770094234244585
0.078097,-0.0772877267119609
0.07414,-0.0777377528565008
0.070091,-0.0783717796183445
0.065945,-0.0791993696770853
0.0617,-0.0802252460364199
0.057349,-0.0814536222168427
0.052893,-0.0828820940179855
0.048328,-0.0845065075750496
0.043653,-0.0863190184729137
0.038869,-0.088307373394047
0.033976,-0.0904566755129778
0.028977,-0.0927479315675874
0.023875,-0.0951592219528049
0.018671,-0.0976682172931914
0.013372,-0.100248321491394
0.0079838,-0.102871019009368
0.0025091,-0.105509242954478
-0.0030402,-0.108130978563009
-0.008661,-0.110707570734011
-0.014343,-0.113208521502484
-0.020079,-0.115604985601915
-0.025859,-0.117868201413714
-0.031676,-0.119972534034809
-0.037518,-0.121891948238354
-0.043377,-0.123603848376095
-0.049241,-0.125086180820504
-0.0551,-0.126319534013812
-0.060947,-0.127289512212365
-0.066767,-0.127980391696776
-0.072547,-0.128377440996427
-0.078281,-0.128472464393791
-0.083953,-0.128255530600401
-0.089553,-0.127720183814379
-0.095064,-0.126857933830552
-0.10048,-0.125667176888473
-0.10578,-0.124140972963865
-0.11096,-0.122280994305941
-0.11601,-0.120091528975914
-0.1209,-0.117564218354138
-0.12562,-0.114695649320967
-0.13017,-0.111494001707687
-0.13452,-0.107954523015623
-0.13867,-0.104084462533535
-0.1426,-0.0998858669274263
-0.1463,-0.0953640312877968
-0.14975,-0.0905194215999545
-0.15295,-0.0853634699728918
-0.15587,-0.0798940336568526
-0.15852,-0.0741277313799823
-0.16087,-0.0680663442268142
-0.16293,-0.0617292825629726
-0.16467,-0.0551201172122922
-0.1661,-0.0482591745253337
-0.16721,-0.0411649880574188
-0.16798,-0.0338467841684538
-0.16841,-0.0263208335764521
-0.16851,-0.0186160447283273
-0.16826,-0.0107485584434706
-0.16766,-0.00273856468495648
-0.16671,0.00539105870233531
-0.16541,0.0136159197425568
-0.16376,0.0219111083577545
-0.16176,0.0302520256271041
-0.1594,0.0386224562440069
-0.15669,0.0469986853395986
-0.15363,0.0553590872523986
-0.15023,0.0636770113106634
-0.14648,0.0719373763719015
-0.14239,0.0801201746937333
-0.13797,0.0882021033362727
-0.13322,0.0961653604526571
-0.12814,0.103997205646452
-0.12275,0.111674689611348
-0.11705,0.11918219295074
-0.11105,0.126503185596454
-0.10476,0.133621010380674
-0.098193,0.140517298051414
-0.091358,0.147175911356979
-0.084273,0.153576451817594
-0.076947,0.159702450027476
-0.069402,0.165531594366784
-0.061652,0.171043539167091
-0.053718,0.176215053251113
-0.04562,0.181022104346714
-0.037376,0.185442302351369
-0.029013,0.189448695261933
-0.020554,0.193014504700774
-0.012019,0.196116203295986
-0.0034407,0.198724306609532
0.0051589,0.20081341694504
0.01375,0.202356535321225
0.022306,0.203328662017123
0.030796,0.203704104862712
0.039195,0.203461877771544
0.04747,0.202579654946258
0.055595,0.201040030844207
0.063536,0.198824345753444
0.071269,0.195921056215139
0.078762,0.192318984537905
0.085987,0.188010742400818
0.092914,0.182990948618443
0.09952,0.177261391972716
0.10577,0.17082094653733
0.11165,0.163681916064352
0.11713,0.155855484305962
0.12217,0.147344438237133
0.12677,0.138174478107155
0.1309,0.128367077790187
0.13455,0.117954688091999
0.13768,0.10695569676127
0.14029,0.0954063542846992
0.14236,0.0833416434950535
0.14388,0.0708020636994106
0.14485,0.0578389290806358
0.14525,0.0444961457045018
0.14508,0.0308252658648933
0.14434,0.0168825982891606
0.14302,0.00271933126166053
0.14114,-0.0115967438417543
0.13868,-0.0260159572971441
0.13568,-0.0404603504681646
0.13213,-0.0548683879412966
0.12805,-0.0691714313039298
0.12344,-0.0833119857060181
0.11835,-0.0972063724054938
0.11277,-0.110796701875186
0.10673,-0.124018168078895
0.10026,-0.136802487444086
0.093379,-0.149088912260681
0.086122,-0.160812966798465
0.078513,-0.17191745659367
0.070585,-0.182346379637516
0.062367,-0.192049621290666
0.053893,-0.200979942245171
0.045197,-0.209094184146438
0.036309,-0.216357099906821
0.02727,-0.222733145115071
0.01811,-0.228196138672273
0.0088654,-0.232723932772696
-0.00042847,-0.236299530860486
-0.0097363,-0.238911065464491
-0.019026,-0.240553999359217
-0.02826,-0.241226257275902
-0.037409,-0.240934386026998
-0.046439,-0.239688679336252
-0.055318,-0.23750408010273
-0.064019,-0.234402975323541
-0.072511,-0.230410568472914
-0.08077,-0.225559178443838
-0.088768,-0.219883347959647
-0.096483,-0.213423201561134
-0.10389,-0.206220310794835
-0.11098,-0.198328338121409
-0.11771,-0.189784280356874
-0.12409,-0.180650023304456
-0.1301,-0.170983766066248
-0.13572,-0.160839237779363
-0.14094,-0.150272525237921
-0.14575,-0.139340076171086
-0.15015,-0.128104441501922
-0.15413,-0.116623919368335
-0.15768,-0.104951676626226
-0.16081,-0.0931499285545726
-0.16352,-0.08127891928936
-0.16581,-0.0693954613855349
-0.16767,-0.0575444164205245
-0.16913,-0.0457890905008907
-0.17018,-0.0341760715493722
-0.17083,-0.022751678877966
-0.1711,-0.0115678092362926
-0.17099,-0.000664307729213101
-0.17051,0.00992275610812229
-0.16969,0.0201469349495138
-0.16853,0.0299772438891065
-0.16704,0.03938901041221
-0.16526,0.0483415493547297
-0.16319,0.0568123443911355
-0.16084,0.064787147367394
-0.15825,0.0722369950578368
-0.15542,0.0791518214087709
-0.15237,0.0855226742692186
-0.14913,0.0913347427189473
-0.1457,0.0965914531068676
-0.1421,0.101296427100864
-0.13835,0.10545371278641
-0.13447,0.109067931054317
-0.13047,0.112151750074658
-0.12635,0.11473168398724
-0.12214,0.116822804218936
-0.11785,0.118445599018785
-0.11349,0.119624594569388
-0.10906,0.120394513597558
-0.10458,0.120782761363035
-0.10005,0.120825050580589
-0.095478,0.120557038292671
-0.090871,0.120014214774056
-0.086233,0.119233264336216
-0.08157,0.118249402522165
-0.076878,0.117103115289145
-0.072164,0.115829896681627
-0.067426,0.114466872246533
-0.062664,0.113049933137877
-0.057877,0.111613655236904
-0.053057,0.110195685149174
-0.048209,0.108825385094748
-0.04332,0.10753780435635
-0.03839,0.106361849589049
-0.033411,0.105326428803694
-0.028374,0.104460213096401
-0.023277,0.103785525341657
-0.01811,0.103324663206716
-0.012865,0.103097593896507
-0.0075353,0.103120672291458
-0.0021161,0.103405254537279
0.0034031,0.103962330529527
0.0090274,0.104798061372548
0.014763,0.105915120709282
0.020615,0.107312244922
0.026588,0.108984425579221
0.032689,0.110925318532161
0.038916,0.113120802823617
0.045281,0.115561017301358
0.051775,0.118224083463161
0.05841,0.121094379882877
0.065177,0.124146065297778
0.072084,0.127358191315943
0.079122,0.130701630750286
0.086295,0.134150966005279
0.093594,0.137674767160978
0.10102,0.141244947294459
0.10856,0.144826487517998
0.11621,0.148386367917745
0.12396,0.151889641288447
0.13181,0.155308178158054
0.13973,0.158597975573687
0.14772,0.161725671152003
0.15576,0.164652676256627
0.16384,0.16734473611361
0.17195,0.169772146388458
0.18005,0.171887638622981
0.18814,0.173660791914998
0.19619,0.175053576349475
0.20419,0.176037840446701
0.21211,0.17657957715159
0.21992,0.176641195065498
0.22761,0.176198239341075
0.23515,0.175222959337225
0.24252,0.173693348506467
0.24969,0.171585491202849
0.25663,0.168874840265911
0.26331,0.165537259523238
0.26972,0.161564648713251
0.27583,0.156947545504136
0.28161,0.151675928148886
0.28703,0.145739861664606
0.29208,0.139144800111799
0.29671,0.13187913804383
0.30092,0.123955049752629
0.30468,0.115381610725084
0.30796,0.106165392980562
0.31074,0.0963183790578565
0.31301,0.0858641846289802
0.31475,0.0748279691415945
0.31594,0.063235639238181
0.31657,0.0511205556160614
0.31663,0.0385213258793663
0.31609,0.0254650694845677
0.31497,0.0120059678315031
0.31325,-0.00181095162177444
0.31093,-0.0159344173594504
0.30801,-0.0303094963322694
0.30449,-0.044879800632559
0.30037,-0.0595893388787059
0.29566,-0.0743766372333495
0.29037,-0.0891775702003147
0.2845,-0.103935139549499
0.27808,-0.118577621824315
0.27112,-0.133038344332895
0.26364,-0.147249333691459
0.25566,-0.161143662427354
0.24719,-0.174664742235144
0.23827,-0.187743993351543
0.22891,-0.200327555786391
0.21915,-0.212353081567934
0.209,-0.223775649504459
0.1985,-0.234543842250765
0.18768,-0.244610230512177
0.17655,-0.253947123524326
0.16514,-0.262529185732067
0.15349,-0.270326762673806
0.14162,-0.277322787001948
0.12955,-0.283511280143792
0.11731,-0.288888456636747
0.10492,-0.293460271736001
0.092408,-0.297234915913179
0.079785,-0.300235173430191
0.067079,-0.302482830886655
0.054307,-0.304006811559999
0.041487,-0.304840631547912
0.028633,-0.305023891635821
0.015763,-0.304597364725178
0.0028867,-0.303608060378513
-0.0099844,-0.302105632437041
-0.022838,-0.300140111603377
-0.035668,-0.297765199758307
-0.048467,-0.295035239569242
-0.061228,-0.29200397021118
-0.073948,-0.288726159835122
-0.086624,-0.285255896425525
-0.099251,-0.281643710509913
-0.11183,-0.277940228084586
-0.12436,-0.274193162965304
-0.13683,-0.270439020068262
-0.14925,-0.26671959689579
-0.16161,-0.263064802274054
-0.17392,-0.259508685832789
-0.18618,-0.256080050254797
-0.19837,-0.25278761445929
-0.2105,-0.249645540588545
-0.22256,-0.246656887260423
-0.23456,-0.243830157226618
-0.24649,-0.241162920881615
-0.25834,-0.238643703561657
-0.2701,-0.236253747766552
-0.28179,-0.23399083312908
-0.29338,-0.231828909958401
-0.30487,-0.229745369952071
-0.31626,-0.227720767941497
-0.32753,-0.225723757767709
-0.33869,-0.223736266121227
-0.3497,-0.221714295894504
-0.36058,-0.219638387524015
-0.37131,-0.217479725581402
-0.38187,-0.215202680903061
-0.39226,-0.212781843509257
-0.40246,-0.210185929740574
-0.41246,-0.207387176984655
-0.42224,-0.204354050143774
-0.43179,-0.201060272776374
-0.44109,-0.197477196206167
-0.45012,-0.193575123039554
-0.45888,-0.189339208906132
-0.46733,-0.184737535316432
-0.47546,-0.179747597331888
-0.48326,-0.174355227639183
-0.4907,-0.168538738292495
-0.49777,-0.162285921450064
-0.50443,-0.155570525094769
-0.51069,-0.148392828249162
-0.5165,-0.140730305132077
-0.52185,-0.132572410358451
-0.52671,-0.123903919093967
-0.53107,-0.114721210694325
-0.53491,-0.105022906396835
-0.53819,-0.094794866081413
-0.5409,-0.0840353917687041
-0.54301,-0.0727382327661669
-0.5445,-0.060901192389154
-0.54535,-0.0485255562452124
-0.54553,-0.0356081397794531
-0.54503,-0.022157173935682
-0.54381,-0.00816782430898144
-0.54186,0.00635283660527882
-0.53915,0.0214030014971781
-0.53567,0.0369702521019255
-0.53139,0.0530486316992715
-0.52629,0.0696300612834175
-0.52035,0.0867048872638964
-0.51355,0.104262372508416
-0.50587,0.122291130515024
-0.4973,0.140772105322662
-0.48781,0.159695310060974
-0.47739,0.179043513687106
-0.46603,0.198794083999833
-0.45371,0.218928015144806
-0.44041,0.239429730641523
-0.42613,0.260272060001444
-0.41087,0.281419226506262
-0.3946,0.302851675174641
-0.37733,0.324533914907801
-0.35906,0.346426006846226
-0.33978,0.368492946795216
-0.31949,0.390697331680019
-0.29821,0.412986133445297
-0.27594,0.435310038160388
-0.25269,0.457616769196565
-0.22846,0.479860605884027
-0.2033,0.50196553046762
-0.17721,0.523870283185897
-0.15021,0.545512548749106
-0.12234,0.566816277398858
-0.093622,0.587709947631755
-0.0641,0.608111610714316
-0.033808,0.627940805167381
-0.0027889,0.647114172797232
0.02891,0.665545362904451
0.061245,0.683150981446281
0.09416,0.699843509341427
0.1276,0.715535717113802
0.16151,0.730143431237326
0.19582,0.743576620438413
0.23048,0.755758276772014
0.2654,0.766594945609252
0.30054,0.776019987516715
0.3358,0.783946418563282
0.37112,0.790303406369213
0.40642,0.795020901524928
0.44161,0.798024644243507
0.47663,0.799261839729616
0.51138,0.798669535787505
0.54579,0.79620117526377
0.57978,0.791817986505672
0.61324,0.785467047360504
0.64611,0.7771231218412
0.6783,0.766762487938924
0.70972,0.75436398440806
0.74029,0.739917156147786
0.76994,0.723428521395634
0.79857,0.704896575311129
0.8261,0.684328790566771
0.85247,0.661755048169004
0.87759,0.637200873825728
0.9014,0.610710313691742
0.9238,0.582312065528759
0.94476,0.552073884073549
0.96419,0.520049224631181
0.98203,0.486301120549216
0.99822,0.450898921961929
1,0.404519878624484
1,0.349286633659427
1,0.288469178966352
1,0.22487179767805
1,0.160858680893149
1,0.0983823523219507
1,0.03901428748094
1,-0.0160228913279487
1,-0.0658222492494942
1,-0.109758978096148
1,-0.147456975068874
1,-0.178756045256785
1,-0.203680155751985
1,-0.222407108994061
1,-0.235239941068981
1,-0.242580288932954
0.98468,-0.256237779423251
0.96604,-0.276715866882163
0.94547,-0.303242946915026
0.92301,-0.335030432110192
0.89872,-0.371274003491989
0.87261,-0.41120798368367
0.84476,-0.454060539620986
0.81521,-0.499100143628448
0.78403,-0.545621168682856
0.75126,-0.592976885869241
0.71699,-0.640546179341463
0.68127,-0.68777334594098
0.64418,-0.734147348113816
0.6058,-0.779206688354515
0.5662,-0.822549926488392
0.52546,-0.863828218083072
0.48367,-0.902738271712556
0.44092,-0.939023144994501
0.39728,-0.972486676853253
0.35286,-1.0029593160643
0.30773,-1.03032914632333
0.26198,-1.05452106601551
0.21572,-1.07547905657499
0.16903,-1.09318832735282
0.12201,-1.10765504690573
0.074743,-1.11891674165283
0.027327,-1.12702608367779
-0.020142,-1.1320498730408
-0.06757,-1.13406770218592
-0.11487,-1.13317409513747
-0.16195,-1.12947081732538
-0.20871,-1.12305811258178
-0.25507,-1.11404822776406
-0.30094,-1.10255366378051
-0.34622,-1.0886775521609
-0.39084,-1.07253557897607
-0.43471,-1.05423622083181
-0.47775,-1.03388706933842
-0.51987,-1.01158503720426
-0.56101,-0.987438218356937
-0.60109,-0.961546145756262
-0.64003,-0.933998806380976
-0.67777,-0.904890799346384
-0.71424,-0.874310370897728
-0.74938,-0.842345473348323
-0.78312,-0.809073804914194
-0.81541,-0.774577184375097
-0.8462,-0.738938197831444
-0.87544,-0.702237445174566
-0.90307,-0.664543939656434
-0.92906,-0.625937220121925
-0.95336,-0.58648789748866
-0.97595,-0.546279170652683
-0.99679,-0.505386844423505
-1,-0.452159618403045
-1,-0.388199139763282
-1,-0.317457716422585
-1,-0.243318427974534
-1,-0.168628024422172
-1,-0.0957329138790367
-1,-0.026517524496988
-1,0.0375556811291812
-1,0.0954052448016018
-1,0.146289475963461
-1,0.189765561530749
-1,0.225649584823319
-1,0.253977949059278
-1,0.27497062937472
-1,0.28899660390723
-1,0.29654174129404
-1,0.298179350783871
-1,0.294543533508473
-1,0.286305410455869
-1,0.274152245195263
-1,0.258769428026547
-0.99225,0.246558760618849
-0.9721,0.246077717425837
-0.95046,0.255896000113817
-0.9274,0.27458098152219
-0.90295,0.30075122763667
-0.87717,0.333068730527099
-0.85013,0.37024835130595
-0.82187,0.411095507261602
-0.79245,0.454498932830613
-0.76193,0.499439022795105
-0.73039,0.544978750442323
-0.69787,0.590299783327107
-0.66444,0.634677796309868
-0.63017,0.677483222196354
-0.59512,0.718187532800803
-0.55937,0.75634409946353
-0.52296,0.791615500894836
-0.48599,0.823719106486313
-0.4485,0.852470801577712
-0.41056,0.877751271596906
-0.37226,0.899484623869615
-0.33364,0.917671792721495
-0.29479,0.932341454886974
-0.25575,0.943583602499235
-0.21661,0.951500896210762
-0.17742,0.956235504331361
-0.13825,0.957945117828914
-0.099158,0.956806660379393
-0.060212,0.953002266976119
-0.021472,0.946720916004037
0.017006,0.938156366206571
0.055157,0.927495521593053
0.092925,0.914922316049744
0.13026,0.900618489014272
0.16709,0.884743361388269
0.20338,0.867461567785074
0.23906,0.848911856560658
0.27409,0.8292305445429
0.30841,0.808533374182933
0.34198,0.786930903020366
0.37474,0.764511365875033
0.40666,0.741364349245121
0.43769,0.717562803778711
0.46778,0.69316372867949
0.4969,0.668223893407827
0.525,0.642782916510855
0.55205,0.616879650593436
0.57802,0.590550619939463
0.60286,0.563814042387618
0.62656,0.536701813426171
0.64909,0.509240580238669
0.67041,0.481444046649876
0.6905,0.453329307326224
0.70935,0.424922556180765
0.72694,0.396248696505763
0.74325,0.367330421771754
0.75828,0.33820234310328
0.77201,0.308892504907593
0.78444,0.279437256939407
0.79557,0.249878245989427
0.80539,0.220252470855031
0.81391,0.190606578385196
0.82113,0.160985951426115
0.82707,0.131448139737182
0.83173,0.102043784818999
0.83512,0.0728236040184096
0.83726,0.0438440045303519
0.83817,0.0151640610815768
0.83786,-0.0131643928921958
0.83635,-0.0410897878874049
0.83366,-0.0685625976446121
0.82982,-0.0955293302188739
0.82483,-0.121957380421438
0.81875,-0.14778796303465
0.81157,-0.172995004321513
0.80332,-0.197550410194942
0.79404,-0.221418320989318
0.78373,-0.24458764666468
0.77244,-0.267031078734144
0.76018,-0.288739027169693
0.74698,-0.309702120218091
0.73286,-0.32991927227937
0.71785,-0.349389158022433
0.70198,-0.368110718012407
0.68528,-0.386083529545748
0.66776,-0.403322858100518
0.64945,-0.419841780563096
0.6304,-0.435636802892272
0.61061,-0.45072843032592
0.59013,-0.465119261507759
0.56898,-0.478819821584099
0.54719,-0.491839563369412
0.52479,-0.504187020489242
0.50182,-0.51586253333412
0.4783,-0.526874764327805
0.45426,-0.537231592343193
0.42974,-0.54693278202707
0.40476,-0.555986455533223
0.37937,-0.564385158460146
0.3536,-0.572123938763303
0.32746,-0.579214846868084
0.301,-0.585653812987945
0.27426,-0.591431336959974
0.24725,-0.596556023583425
0.22002,-0.601021316666598
0.1926,-0.604823452523357
0.16501,-0.607968454826706
0.1373,-0.610447938837996
0.10949,-0.61226435391915
0.081622,-0.613412584298849
0.053718,-0.613896381426231
0.025811,-0.613718450511332
-0.0020628,-0.612878256608871
-0.029877,-0.611379948495053
-0.057599,-0.609226787979822
-0.085195,-0.606420378430812
-0.11264,-0.60296747693089
-0.1399,-0.59887218424197
-0.16694,-0.594135630674319
-0.19374,-0.588767627342765
-0.22026,-0.582769944660814
-0.24648,-0.57615262385943
-0.27236,-0.568917319319535
-0.29787,-0.561066272309568
-0.32297,-0.552594726748231
-0.34763,-0.543499785966592
-0.37182,-0.533780107754506
-0.39551,-0.523435624934917
-0.41865,-0.512452495337333
-0.44121,-0.500820907604177
-0.46316,-0.488534539901655
-0.48446,-0.47558265046101
-0.50507,-0.4619512177769
-0.52496,-0.447631344602719
-0.54408,-0.432603718673683
-0.56241,-0.416863346392489
-0.5799,-0.400394751191132
-0.59651,-0.383181846832585
-0.61223,-0.365230709176437
-0.62699,-0.346520806274436
-0.64078,-0.327055132375194
-0.65356,-0.306833443663854
-0.66529,-0.285852969037593
-0.67595,-0.264123834429434
-0.68549,-0.241644179652997
-0.69391,-0.218439580007378
-0.70116,-0.194520146814577
-0.70722,-0.16990551146071
-0.71207,-0.144622509445551
-0.71567,-0.118688326136043
-0.71803,-0.0921489191948747
-0.7191,-0.0650278724680243
-0.71889,-0.0373744861338092
-0.71736,-0.00922048744507938
-0.71451,0.0193878613246036
-0.71034,0.0483938695539886
-0.70483,0.077748804818766
-0.69799,0.107389555977203
-0.6898,0.137265410023796
-0.68028,0.167307569482362
-0.66943,0.197449455919049
-0.65725,0.227628251037334
-0.64377,0.257763888443381
-0.62899,0.287786970405555
-0.61293,0.317624044449979
-0.59563,0.347185875157711
-0.57709,0.376402801015724
-0.55736,0.405186196027318
-0.53646,0.433457100649354
-0.51443,0.461132093058252
-0.49131,0.488126842484961
-0.46715,0.514351623784858
-0.44198,0.539730057835448
-0.41587,0.564169523308747
-0.38885,0.587596922678336
-0.36099,0.609927858414973
-0.33235,0.631079084027499
-0.30298,0.650978522520386
-0.27295,0.669550887445341
-0.24232,0.686728380920919
-0.21116,0.702444339700874
-0.17954,0.716635489596093
-0.14753,0.729243678455976
-0.11519,0.740224542387049
-0.082613,0.749522331684739
-0.049865,0.757094281204236
-0.017019,0.762904760064378
0.015845,0.766920368330692
0.048648,0.769111827821386
0.081318,0.769459818598286
0.11377,0.767944614987969
0.14592,0.764548071901741
0.17771,0.75927364950164
0.20903,0.752104281195791
0.23983,0.743051750285254
0.27002,0.732121748779235
0.29953,0.719330224011475
0.32827,0.704686660497936
0.35619,0.688225113075533
0.3832,0.669969380834902
0.40923,0.649949539205827
0.43424,0.628222454368566
0.45814,0.6048284242177
0.48087,0.5798157771853
0.50239,0.55325304050357
0.52264,0.525208606561857
0.54157,0.495756488226952
0.55914,0.464980755044921
0.5753,0.432964003284913
0.59002,0.399800232572961
0.60327,0.365590081920002
0.61501,0.33042936696902
0.62524,0.294436886676093
0.63393,0.257724414528247
0.64106,0.220402217904455
0.64663,0.182590872327503
0.65064,0.144415671701668
0.65309,0.10600194909043
0.65398,0.0674712438768775
0.65333,0.0289530437702027
0.65116,-0.00942079884592299
0.64748,-0.0475280734816371
0.64233,-0.085236108437356
0.63572,-0.122430263391646
0.62772,-0.158969903250941
0.61835,-0.19473497771479
0.60767,-0.229596500675843
0.59572,-0.263437408319381
0.58256,-0.296139508526973
0.56825,-0.327587814097886
0.55285,-0.357673973744513
0.53643,-0.386291491289296
0.51906,-0.41333923629977
0.50081,-0.438724146596317
0.48175,-0.462363209389292
0.46196,-0.484177408083508
0.44152,-0.504094132566916
0.4205,-0.522056344298178
0.399,-0.537999964734207
0.37707,-0.551894984381961
0.35482,-0.563696338585987
0.33231,-0.57338603345235
0.30962,-0.580954590059178
0.28684,-0.586393232742681
0.26404,-0.58970971053441
0.2413,-0.590918383751504
0.21869,-0.590046805397392
0.19629,-0.587125833424993
0.17415,-0.58221110077142
0.15236,-0.575347842954876
0.13097,-0.566601914964397
0.11005,-0.556039804185693
0.08964,-0.543749418407797
0.069814,-0.529808875553848
0.050612,-0.514311814167899
0.032088,-0.497351806918425
0.014275,-0.479035612267137
-0.0027812,-0.459468437125575
-0.019046,-0.438759770859691
-0.034493,-0.417025677504579
-0.049088,-0.394378565069372
-0.062817,-0.370939668555767
-0.075658,-0.34682795480771
-0.087592,-0.322159305492591
-0.098616,-0.29705548378486
-0.10872,-0.271634138025316
-0.1179,-0.246010407958467
-0.12615,-0.220292307850854
-0.13349,-0.194597848943178
-0.13991,-0.169027121166469
-0.14543,-0.143684589113683
-0.15007,-0.118674723776846
-0.15383,-0.0940836631606793
-0.15675,-0.0700092512540514
-0.15884,-0.046533154162044
-0.16013,-0.0237357712902803
-0.16065,-0.00169347845367089
-0.16042,0.0195308910450258
-0.15949,0.0398657869424654
-0.15788,0.0592575976768709
-0.15563,0.0776546838431889
-0.15278,0.095009244461735
-0.14938,0.111271304322503
-0.14547,0.12639869412827
-0.14108,0.140364876333379
-0.13627,0.153135249323039
-0.13108,0.164685209722648
-0.12557,0.174984833671626
-0.11978,0.184016224143661
-0.11377,0.191757568073419
-0.10758,0.198199945796098
-0.10128,0.203323533435152
-0.09491,0.207123048634796
-0.088533,0.209588651963272
-0.082198,0.210718009693417
-0.075966,0.210506558450277
-0.069891,0.20895373791157
-0.064023,0.206065660941618
-0.058426,0.201843751953095
-0.053145,0.196300086370582
-0.04824,0.189444301851417
-0.043758,0.181293793002274
-0.039756,0.171864684720091
-0.03628,0.161180091479305
-0.033378,0.149266947865299
-0.031099,0.136154065499146
-0.029483,0.121877881926864
-0.028575,0.106476510677422
-0.02841,0.0899959641155214
-0.029027,0.0724845757352153
-0.030451,0.0540017237258325
-0.032718,0.0346060499477391
-0.035843,0.0143696131727734
-0.039853,-0.00663549793589482
-0.044762,-0.0283295067365395
-0.050576,-0.0506227182816262
-0.057308,-0.0734251151751962
-0.064955,-0.0966371378303807
-0.073519,-0.120158082802549
-0.082986,-0.143877418838744
-0.093351,-0.167686584217818
-0.10459,-0.19146778775639
-0.11669,-0.215107463986254
-0.12962,-0.238485613027806
-0.14335,-0.26148148048386
-0.15784,-0.28397006651933
-0.17306,-0.305834264867897
-0.18896,-0.326952305210271
-0.2055,-0.347209988165196
-0.22263,-0.366495601057012
-0.24028,-0.384688397441027
-0.25841,-0.401686555473485
-0.27696,-0.417392278869564
-0.29585,-0.431699715330047
-0.31502,-0.444515022901875
-0.3344,-0.455750060597269
-0.35392,-0.465324571316986
-0.3735,-0.473160349027344
-0.39306,-0.479183880693898
-0.41254,-0.48334314588623
-0.43183,-0.485568825543517
-0.45088,-0.485824826922701
-0.46959,-0.48406677482291
-0.48788,-0.480260526850592
-0.50568,-0.474389404481079
-0.52289,-0.46642996131929
-0.53945,-0.456384365202699
-0.55526,-0.444246628026824
-0.57025,-0.430027329730067
-0.58436,-0.413758279543747
-0.59749,-0.39545870268072
-0.60958,-0.375167419947686
-0.62057,-0.352938634302019
-0.63037,-0.328815896677363
-0.63893,-0.302863100106709
-0.64618,-0.275144490835837
-0.65208,-0.245745470978349
-0.65656,-0.214744374609698
-0.65956,-0.182219411343705
-0.66106,-0.148276377249982
-0.66098,-0.112996251373637
-0.65932,-0.0764970755411818
-0.65602,-0.0388792548414329
-0.65106,-0.000255822730157493
-0.64441,0.0392605517414101
-0.63604,0.0795606961767786
-0.62595,0.120519248945448
-0.61412,0.162016249547164
-0.60055,0.203924874889926
-0.58523,0.24612398567682
-0.56817,0.288485962540438
-0.54938,0.330881917402511
-0.52887,0.373185976974826
-0.50666,0.415271314720188
-0.48278,0.457007025112993
-0.45726,0.498263147180017
-0.43012,0.538922129896378
-0.40142,0.57885081577432
-0.37119,0.617930068935648
-0.33949,0.656033945910032
-0.30636,0.693050099720365
-0.27188,0.728851521786069
-0.2361,0.763325939299791
-0.1991,0.796354769827703
-0.16094,0.827833326380275
-0.1217,0.857657175587868
-0.081477,0.88571336642121
-0.04034,0.911906864352994
0.0016126,0.936138949511662
0.04429,0.95831727409197
0.087597,0.978354925154714
0.13144,0.996173967221948
0.1757,1.01168808885922
0.2203,1.02483867139892
0.26511,1.03555287174545
0.31004,1.04377897499219
0.35498,1.04946994328032
0.39981,1.0525774134013
0.44442,1.05306164999093
0.48871,1.05089931538493
0.53255,1.04605969606832
0.57584,1.03853007001982
0.61847,1.02830606423977
0.66031,1.01537623279212
0.70127,0.999754135803146
0.74122,0.981444333935548
0.78006,0.960466938264923
0.81767,0.936839957831973
0.85395,0.910594660711234
0.8888,0.881772767910589
0.92211,0.850416475333838
0.95378,0.816575130484019
0.98372,0.78031036850533
1,0.732933149015287
1,0.665805126226276
1,0.584527903229193
1,0.494006814461337
1,0.398477559488787
1,0.30153851479673
1,0.206187853389579
1,0.114864551021526
1,0.0294923421579861
1,-0.0484742975395817
1,-0.118003027759964
1,-0.178436208085175
1,-0.229443908549734
1,-0.270978043054258
1,-0.303228214714694
1,-0.32657977110077
1,-0.341574475576268
1,-0.348874110927909
1,-0.349227245079082
1,-0.343439307466299
1,-0.332346049792507
1,-0.316790397220468
1,-0.297602636197658
1,-0.275583833318596
1,-0.251492336012206
0.98929,-0.233956521257834
0.95984,-0.235750185188861
0.92865,-0.25415043976065
0.89582,-0.28650307921227
0.86144,-0.330264092708667
0.8256,-0.383026736936769
0.78839,-0.442543351777066
0.74992,-0.506727248456816
0.71028,-0.573682528391966
0.66959,-0.641688751646968
0.62793,-0.709238050310343
0.58542,-0.77500230407316
0.54215,-0.837855443024878
0.49823,-0.896850565516994
0.45376,-0.951220141893976
0.40886,-1.00035019176185
0.36361,-1.04380050100463
0.31812,-1.08126508268148
0.27248,-1.11257407373353
0.22681,-1.13765484756491
0.1812,-1.15654248360881
0.13573,-1.16937047329559
0.090516,-1.17632642297825
0.045638,-1.17766787312812
0.0011833,-1.1737008298252
-0.042749,-1.16475746160223
-0.086086,-1.15120509634792
-0.12874,-1.13342177526872
-0.17063,-1.11179170804192
-0.21168,-1.08669972699345
-0.25182,-1.05852709570407
-0.29098,-1.02764336305577
-0.32909,-0.994399702001921
-0.3661,-0.959138439882834
-0.40193,-0.92216365335878
-0.43655,-0.883777324451839
-0.46988,-0.844234309503335
-0.5019,-0.803788393872168
-0.53255,-0.762655283897705
-0.5618,-0.721035381711704
-0.58962,-0.679110216761356
-0.61597,-0.637032566350739
-0.64083,-0.594941347113666
-0.66417,-0.552951736178469
-0.68598,-0.511169985974409
-0.70625,-0.469690798525213
-0.72496,-0.428588123235201
-0.74212,-0.387937879742235
-0.75772,-0.347799274915032
-0.77177,-0.308229804110124
-0.78427,-0.269275241127546
-0.79524,-0.230984114134265
-0.80469,-0.19339716850355
-0.81263,-0.156546526269585
-0.8191,-0.120477473529766
-0.82412,-0.085228762885204
-0.82771,-0.0508317535895564
-0.82991,-0.0173247446748192
-0.83076,0.0152503922721459
-0.83029,0.0468583652127621
-0.82854,0.0774636448297048
-0.82557,0.107017542057122
-0.82142,0.135477674269289
-0.81613,0.162808670306719
-0.80977,0.1889603481291
-0.80237,0.213902254374511
-0.79401,0.237584404482293
-0.78474,0.259965290904959
-0.77461,0.281012026954256
-0.76369,0.300685439551975
-0.75204,0.318950385029501
-0.73971,0.335783941161362
-0.72677,0.351159494579535
-0.71328,0.365056179681357
-0.6993,0.377458918182029
-0.68489,0.388358283089605
-0.6701,0.397757619287472
-0.65499,0.405663638657238
-0.63963,0.412078721204513
-0.62405,0.417031766238728
-0.60832,0.420543174930802
-0.59248,0.42264858415621
-0.57658,0.423387972260847
-0.56066,0.422811520003743
-0.54476,0.420976628564043
-0.52893,0.417937883071206
-0.51318,0.413775963788657
-0.49757,0.408553657684367
-0.48211,0.402354770088235
-0.46683,0.395263110301144
-0.45176,0.387360294076326
-0.43691,0.378738757159124
-0.4223,0.369489720442477
-0.40795,0.359700861030582
-0.39386,0.349469259432694
-0.38004,0.338889353138164
-0.36651,0.32804324316413
-0.35325,0.317030126320847
-0.34028,0.305930364602542
-0.32759,0.294828743859524
-0.31517,0.283810875571577
-0.30302,0.272952852104276
-0.29112,0.262335312422652
-0.27948,0.252017651959614
-0.26807,0.242069533622834
-0.25688,0.232551628247645
-0.24589,0.223522508254601
-0.23509,0.21502945424141
-0.22445,0.207123521141777
-0.21395,0.199849398501615
-0.20358,0.193237407367516
-0.19332,0.187312212361214
-0.18313,0.182107398342143
-0.17299,0.17764743095462
-0.16289,0.173940767199006
-0.15279,0.171004312533473
-0.14267,0.168845960941685
-0.13252,0.16745817902023
-0.12229,0.166850237105496
-0.11199,0.166999825054698
-0.10156,0.167911054281226
-0.091004,0.169561449197689
-0.080288,0.171935389012091
-0.069394,0.175010972264457
-0.058299,0.17876516615119
-0.046983,0.183172104542009
-0.035429,0.188201826267328
-0.023614,0.193826056370657
-0.011524,0.20001176493473
0.00086112,0.206727317295109
0.013556,0.213938849566914
0.026575,0.221611284939653
0.039932,0.22970906719733
0.053639,0.23819575972791
0.067708,0.247035165260402
0.082147,0.256189291717577
0.096961,0.265617524077817
0.11216,0.275281965781964
0.12775,0.285145043254852
0.14373,0.29516537218948
0.1601,0.305300459746819
0.17686,0.315508190181458
0.19401,0.325748034135552
0.21153,0.335967208094284
0.22944,0.346134230183909
0.24771,0.356198872631976
0.26634,0.366119554656615
0.28531,0.375848224939751
0.3046,0.385333152901826
0.3242,0.394528681281124
0.34408,0.403380759003508
0.36423,0.41184509889812
0.38462,0.419871991690457
0.40521,0.4274016151797
0.42598,0.43438270874364
0.44689,0.440757834795123
0.4679,0.446466467848078
0.48896,0.4514401758946
0.51005,0.455628542203062
0.53109,0.458953047240624
0.55204,0.461344595944667
0.57286,0.462743950188889
0.59347,0.463072267910381
0.61382,0.462259648709671
0.63384,0.460230942784497
0.65347,0.456916661539378
0.67263,0.452239453958569
0.69125,0.446125614531938
0.70928,0.438521681098495
0.72662,0.429355541413671
0.7432,0.418564743253919
0.75895,0.40609687801384
0.77379,0.391902252519795
0.78766,0.375950110183842
0.80046,0.358196839727085
0.81215,0.338634639722295
0.82264,0.317248452558882
0.83188,0.294047997651504
0.83979,0.269041148351526
0.84633,0.242264268926766
0.85143,0.213754120930591
0.85505,0.183569546381364
0.85714,0.151778736101794
0.85766,0.118463464383697
0.85658,0.0837220852587401
0.85386,0.0476566565795252
0.84948,0.0103845748305834
0.84343,-0.0279599212052303
0.83568,-0.0672472449297781
0.82624,-0.107325383141899
0.81509,-0.148050518029904
0.80226,-0.189252418048886
0.78773,-0.23078128406294
0.77154,-0.272463717324613
0.75369,-0.31414189966878
0.73421,-0.355653085773035
0.71314,-0.396828085300142
0.6905,-0.437512470593229
0.66635,-0.477538990529336
0.64071,-0.516764910737592
0.61364,-0.555042375014011
0.58518,-0.592239090362735
0.5554,-0.62821766047984
0.52435,-0.662856081464887
0.4921,-0.696034310363668
0.45871,-0.727645607058504
0.42424,-0.757597956994759
0.38878,-0.78579266260169
0.35239,-0.81215163495474
0.31514,-0.836609271023288
0.27713,-0.859090785979685
0.23843,-0.879539335927339
0.19912,-0.897907806755691
0.15929,-0.914151924946222
0.11903,-0.928231991167076
0.078422,-0.940120037035002
0.037558,-0.949791940508427
-0.0034745,-0.957231655290005
-0.044578,-0.962423639356413
-0.085664,-0.965360743203414
-0.12664,-0.96604068710721
-0.16741,-0.964463417894783
-0.20788,-0.9606329365061
-0.24796,-0.954560094595715
-0.28757,-0.94626906358916
-0.3266,-0.935772571508313
-0.36498,-0.923103957324189
-0.4026,-0.908283250273467
-0.43939,-0.891349293011404
-0.47525,-0.87233331957929
-0.51012,-0.851289584778386
-0.5439,-0.828260237378865
-0.57653,-0.803306440288896
-0.60791,-0.776473734288387
-0.63799,-0.747831038618839
-0.6667,-0.71744965905818
-0.69396,-0.685393657929994
-0.71973,-0.651749200930236
-0.74393,-0.616588419449934
-0.76651,-0.579992365801156
-0.78744,-0.542061834444497
-0.80665,-0.502881155762959
-0.82412,-0.462555949950573
-0.83979,-0.42117638359752
-0.85366,-0.378861868882149
-0.86567,-0.335707529786735
-0.87582,-0.291830384917728
-0.88409,-0.247346782052736
-0.89045,-0.202361580861861
-0.89492,-0.15700405263782
-0.89747,-0.111382179542436
-0.89812,-0.0656202870141837
-0.89687,-0.0198371316335191
-0.89373,0.0258494642153685
-0.88873,0.0713114993032135
-0.88187,0.11643911647393
-0.8732,0.16110383099154
-0.86274,0.205188575959329
-0.85053,0.248574669967896
-0.83661,0.291146182585812
-0.82102,0.332793408169403
-0.80383,0.373393339156454
-0.78507,0.412846062172774
-0.76482,0.451036951663734
-0.74312,0.487873164017862
-0.72006,0.523245932048733
-0.6957,0.5570597636736
-0.67011,0.589226051109814
-0.64336,0.619665152101753
-0.61554,0.64829304288449
-0.58673,0.675032851890103
-0.557,0.699823962317902
-0.52644,0.722606737291453
-0.49514,0.743324959440107
-0.46318,0.76193508005032
-0.43064,0.778405931545738
-0.39763,0.792695961476569
-0.36422,0.804786886588325
-0.3305,0.814665807140801
-0.29655,0.82233281244699
-0.26248,0.827777142892508
-0.22836,0.831009977175993
-0.19427,0.832053265512446
-0.1603,0.830930410440673
-0.12654,0.827666053174378
-0.09306,0.822300599608297
-0.059939,0.814880018590055
-0.027254,0.805455555832715
0.0049226,0.794085225419526
0.036521,0.780833294130833
0.067473,0.765768900715746
0.097718,0.748969190115308
0.12719,0.730511952415185
0.15583,0.710478776816917
0.18359,0.688960387622512
0.21041,0.666043635418584
0.23625,0.64182471542308
0.26106,0.616397327961225
0.2848,0.589857932349591
0.30742,0.562295053980678
0.32891,0.533817796233567
0.34921,0.50451167387769
0.36831,0.474477533346713
0.38617,0.443803303358227
0.40278,0.412585898226679
0.41812,0.380919014443786
0.43217,0.348890740603329
0.44492,0.316589133322641
0.45636,0.284099284973867
0.4665,0.251515806813214
0.47533,0.218923040595858
0.48284,0.186394140985085
0.48906,0.15402018411169
0.49398,0.121873987816599
0.49762,0.0900331841552297
0.49999,0.0585690895124634
0.50111,0.0275526848438628
0.501,-0.00294795784839483
0.49969,-0.0328622786853452
0.4972,-0.0621277365259195
0.49357,-0.0906758809757466
0.48882,-0.118450862898183
0.48298,-0.145401839949109
0.47611,-0.171461929957109
0.46822,-0.196590816541251
0.45937,-0.220734435421363
0.4496,-0.243844602767091
0.43895,-0.265879872122672
0.42747,-0.286798647798086
0.4152,-0.306568417808853
0.4022,-0.325150756050523
0.38852,-0.342511555198235
0.37419,-0.358636541830743
0.35929,-0.373491483529523
0.34384,-0.3870719661644
0.32792,-0.39935396483152
0.31156,-0.410335847763225
0.29481,-0.42001985198969
0.27773,-0.428404429061685
0.26037,-0.435492926394673
0.24278,-0.44129302628601
0.225,-0.445823549988277
0.20708,-0.449104832969459
0.18907,-0.451158289248002
0.17101,-0.45201338799733
0.15296,-0.451690840672362
0.13496,-0.450218818736125
0.11705,-0.447631002095755
0.099269,-0.443965574807581
0.081671,-0.43925242880425
0.064293,-0.433526690167285
0.047178,-0.426822437516745
0.030356,-0.419181690466868
0.013876,-0.410637751166832
-0.0022314,-0.401229632365702
-0.017934,-0.390998716542241
-0.033192,-0.379981540498752
-0.047979,-0.3682196086873
-0.062265,-0.355754576609604
-0.07602,-0.342627006277731
-0.089221,-0.328880545279833
-0.10184,-0.314556318933322
-0.11387,-0.299707687903212
-0.12527,-0.284371129156118
-0.13604,-0.268598651466009
-0.14617,-0.252445783397859
-0.15563,-0.235954392863793
-0.16441,-0.219168748078154
-0.17252,-0.202148382005768
-0.17995,-0.184948478558381
-0.18668,-0.167611554961372
-0.19273,-0.150198039714753
-0.19809,-0.132758670944342
-0.20276,-0.115342072464266
-0.20675,-0.0980008933863211
-0.21005,-0.0807744514686712
-0.21269,-0.0637194538546095
-0.21467,-0.0468825306555115
-0.21599,-0.0303005387494971
-0.21667,-0.0140158335493681
-0.21673,0.00192635710939907
-0.21616,0.0175023121139628
-0.215,0.032669748976715
-0.21324,0.0474099695230644
-0.21092,0.0616872507553528
-0.20803,0.0754905141807412
-0.20461,0.088792302713145
-0.20066,0.101582697541376
-0.19621,0.113844412209669
-0.19127,0.125569880015236
-0.18587,0.136745171435854
-0.18002,0.147366765202575
-0.17374,0.1574325922162
-0.16706,0.166934763651904
-0.15999,0.175876025459036
-0.15257,0.18424574478715
-0.14481,0.192045257882453
-0.13673,0.199278389781242
-0.12836,0.205943738221748
-0.11973,0.212035961751865
-0.11085,0.217561692292721
-0.10175,0.222522456895275
-0.092462,0.226914343186012
-0.083004,0.230739682987287
-0.073401,0.234000765328594
-0.063679,0.236699199399553
-0.053864,0.238836144687214
-0.043981,0.240413235479411
-0.03405,0.241436262907535
-0.024105,0.24190397344284
-0.014162,0.241822879298669
-0.0042514,0.24119502225323
0.0056028,0.240023603565968
0.015382,0.238316742539704
0.025055,0.236077060131905
0.034606,0.233314126238952
0.044007,0.230033890985961
0.053236,0.22624371383597
0.062277,0.22195637172543
0.071101,0.217179091198051
0.079695,0.211926291639192
0.088034,0.206208952182857
0.096104,0.200043134664233
0.10388,0.193440439705473
0.11136,0.186425569346321
0.11851,0.179009456454035
0.12533,0.171216766391953
0.13179,0.163060359260919
0.13789,0.154565380477857
0.14362,0.145758766325136
0.14896,0.136660733276748
0.1539,0.127292865856868
0.15844,0.117684587198859
0.16258,0.107870772424095
0.16629,0.0978674842923816
0.16959,0.08771205164389
0.17246,0.0774282464984292
0.1749,0.0670429362294371
0.17692,0.0565920134813754
0.17851,0.0461027500246129
0.17969,0.0356167679407329
0.18044,0.025156397198944
0.18077,0.0147498154459397
0.1807,0.00443635421920982
0.18022,-0.00575909603050435
0.17934,-0.0158093747016154
0.17808,-0.0256790484144016
0.17643,-0.035349372905752
0.17441,-0.0447936143923761
0.17202,-0.0539943543068626
0.16928,-0.0629276099866502
0.1662,-0.0715723937118431
0.16277,-0.0799257365499295
0.15902,-0.087969960970555
0.15495,-0.0956984483745012
0.15057,-0.103106525960023
0.14589,-0.110191465113137
0.14092,-0.116952418281567
0.13566,-0.123397705184456
0.13014,-0.129520850440027
0.12435,-0.135333407023279
0.1183,-0.140846556760728
0.11201,-0.146063676203661
0.10547,-0.15100410845812
0.098711,-0.155669381184395
0.091728,-0.160073370390581
0.084531,-0.164228553928867
0.077126,-0.168149012221269
0.069527,-0.171843911467031
0.061735,-0.175327893228289
0.053766,-0.17860858294751
0.045621,-0.181698878771304
0.037312,-0.18460747739861
0.02885,-0.187340211580487
0.020239,-0.189905627741009
0.011491,-0.192308310755296
0.0026141,-0.194552401424437
-0.006378,-0.196637409338619
-0.015475,-0.198561609435366
-0.024669,-0.200324069986416
-0.033942,-0.201917022724515
-0.043285,-0.203334016711956
-0.052681,-0.20456388493203
-0.062117,-0.205594884281121
-0.071578,-0.206413615463536
-0.081045,-0.207002724279943
-0.090505,-0.20734655553423
-0.099935,-0.20742384245807
-0.10932,-0.207215283333738
-0.11864,-0.206699994017819
-0.12787,-0.205852702531858
-0.137,-0.20465640561345
-0.14599,-0.203079086663115
-0.15484,-0.201107123800439
-0.1635,-0.198705187416627
-0.17197,-0.195858453584523
-0.18022,-0.192546940914096
-0.18821,-0.188739766924919
-0.19593,-0.184420384671172
-0.20335,-0.179569585227949
-0.21045,-0.174174070027566
-0.21719,-0.168211021116073
-0.22356,-0.161672894150379
-0.22953,-0.154550031975418
-0.23508,-0.14683890127702
-0.24017,-0.138526378275518
-0.24479,-0.129614305655364
-0.24892,-0.120109313606275
-0.25252,-0.110007094602587
-0.25559,-0.0993243744847801
-0.25809,-0.0880649594144261
-0.26002,-0.076251864769835
-0.26136,-0.0639083241146725
-0.26209,-0.0510572580393528
-0.2622,-0.0377282250061909
-0.26167,-0.0239480376048508
-0.26051,-0.00976283539412155
-0.25869,0.00479641770336612
-0.25622,0.0196822076755869
-0.25311,0.0348349376197944
-0.24933,0.0502164464091124
-0.2449,0.0657699466875107
-0.23983,0.0814326242330002
-0.23411,0.0971533658809853
-0.22776,0.112869803979401
-0.22079,0.128519721904192
-0.21322,0.144035474717536
-0.20506,0.15935445646552
-0.19633,0.174412647298285
-0.18704,0.18915427580742
-0.17724,0.20350243814232
-0.16693,0.217402548739336
-0.15615,0.230790245505022
-0.14493,0.243602783652113
-0.1333,0.255780794893058
-0.12129,0.26726964063455
-0.10894,0.27801300300796
-0.096289,0.287955910370484
-0.083371,0.297050109523169
-0.070224,0.305251578634989
-0.056892,0.312516943071968
-0.043416,0.318807228133053
-0.029836,0.324089291270451
-0.016196,0.328333127824866
-0.0025414,0.331511536433494
0.011089,0.333605685659235
0.02465,0.334599760909901
0.038099,0.334483216213587
0.051389,0.33324725760898
0.064482,0.33089185513005
0.077334,0.327420053858513
0.089903,0.322839203770105
0.10215,0.317162552351676
0.11403,0.31040369125548
0.1255,0.302577956226328
0.13654,0.293719012564247
0.14709,0.28384512607426
0.15714,0.272998906601741
0.16664,0.261212111165051
0.17556,0.248521899032049
0.18387,0.23496895711009
0.19155,0.220603263053231
0.19857,0.205473665188651
0.20491,0.189634268453197
0.21053,0.173127213810319
0.21544,0.156020842294006
0.2196,0.138365785338707
0.223,0.120219165330045
0.22564,0.101649099597684
0.2275,0.0827158326093611
0.22858,0.0634862814124333
0.22887,0.0440233610716657
0.22837,0.0243922450321504
0.22708,0.0046579239421688
0.225,-0.0151167856480599
0.22215,-0.0348580237403357
0.21853,-0.0545001253383233
0.21415,-0.0739787529330771
0.20902,-0.093232754382106
0.20317,-0.112190805227596
0.1966,-0.130797902728098
0.18935,-0.148984543869015
0.18143,-0.166694047775636
0.17287,-0.183867277542056
0.1637,-0.200445198437263
0.15394,-0.216378341447804
0.14363,-0.231612006202522
0.13279,-0.24610406142589
0.12147,-0.259801988348408
0.1097,-0.272661626036913
0.097518,-0.284641351518642
0.084958,-0.295706202869887
0.072066,-0.305819193161957
0.05888,-0.314949146522779
0.045443,-0.323067239318921
0.031799,-0.330147101368027
0.01799,-0.336167040677544
0.0040636,-0.341106081504378
-0.0099382,-0.344949021326447
-0.023968,-0.347682205668752
-0.037982,-0.349296722378637
-0.051932,-0.349784917130753
-0.065771,-0.349141673413528
-0.079456,-0.347367427670564
-0.092938,-0.344463038932125
-0.10617,-0.340431536078363
-0.11911,-0.335281664086861
-0.13172,-0.32902983416607
-0.14393,-0.321674844881634
-0.15573,-0.313245976814015
-0.16705,-0.303752192781662
-0.17787,-0.293223054641304
-0.18813,-0.281674570967055
-0.1978,-0.269133768734953
-0.20685,-0.255635996178307
-0.21523,-0.241207721179488
-0.22292,-0.225889845720792
-0.22988,-0.209719114840537
-0.23609,-0.192742799689479
-0.24152,-0.175008041400759
-0.24615,-0.156568029803698
-0.24995,-0.137472000476084
-0.25291,-0.117779429788305
-0.25501,-0.0975489916864079
-0.25624,-0.0768444402713672
-0.25658,-0.0557243917822828
-0.25604,-0.034263774034577
-0.2546,-0.0125262862715547
-0.25227,0.0094131628624563
-0.24904,0.03148767754604
-0.24492,0.0536241068829197
-0.2399,0.0757613266890539
-0.23401,0.0978203147440903
-0.22725,0.119732289795259
-0.21963,0.141431565724105
-0.21117,0.162849744215081
-0.20188,0.183925917089322
-0.1918,0.20458512751123
-0.18093,0.224773160946912
-0.16932,0.244417500986197
-0.15697,0.263470311770384
-0.14393,0.281868493084878
-0.13022,0.299561060535692
-0.11588,0.316493920291796
-0.10095,0.332612476462476
-0.085448,0.34788001860082
-0.069427,0.362249928573946
-0.052923,0.375681991995946
-0.035974,0.388141316711914
-0.018625,0.399593622924084
-0.00091605,0.410010260710428
0.017107,0.419364146668125
0.0354,0.42763198327241
0.05392,0.434795565499084
0.072618,0.440837325061453
0.091449,0.445744137296389
0.11036,0.449501378368707
0.12932,0.452110344143659
0.14827,0.453564880076586
0.16716,0.453860078474361
0.18594,0.45299256754467
0.20457,0.450968079622074
0.223,0.447792504731212
0.24118,0.443472048625649
0.25906,0.438013322755704
0.2766,0.431430777206153
0.29374,0.423730276744428
0.31044,0.414925642819342
0.32666,0.405036965110031
0.34233,0.394066869190567
0.35743,0.382040980349056
0.37189,0.368965960096712
0.38569,0.354870119135261
0.39876,0.339761606087964
0.41107,0.323661774706782
0.42257,0.306587335716319
0.43323,0.288565665853711
0.443,0.26961726967796
0.45184,0.24976399111696
0.45971,0.229028178595052
0.46658,0.207439381565411
0.47241,0.185024756873965
0.47718,0.161823573310111
0.48085,0.137868989221928
0.4834,0.113203090084528
0.4848,0.0878665680033727
0.48503,0.0619052134175144
0.48406,0.035360199648531
0.48189,0.00828993604096597
0.47849,-0.0192571591696917
0.47386,-0.0472199900616919
0.46799,-0.0755364498910293
0.46086,-0.104152874132365
0.45248,-0.133001888847297
0.44284,-0.162021915420138
0.43196,-0.191135780144831
0.41983,-0.220278278963732
0.40647,-0.249373735501932
0.3919,-0.27834039994001
0.37611,-0.307116364222283
0.35914,-0.335620803076672
0.34101,-0.363775019447441
0.32175,-0.391497177304557
0.30138,-0.4187129586855
0.27994,-0.445341797639687
0.25748,-0.471293362148885
0.23401,-0.49650197027412
0.20961,-0.520872361694146
0.18431,-0.544325524530525
0.15816,-0.566783452745339
0.13122,-0.588164260376826
0.10355,-0.608385751772012
0.075203,-0.627373498395795
0.046246,-0.645051634329256
0.01675,-0.661342883253004
-0.013225,-0.676179718633813
-0.043605,-0.689494628434347
-0.074315,-0.701221890987233
-0.10529,-0.711307098221484
-0.13644,-0.719688655138142
-0.1677,-0.726320032034466
-0.19899,-0.731157722163017
-0.23023,-0.734162548970305
-0.26134,-0.735300593398666
-0.29224,-0.734543790320262
-0.32286,-0.731877639001935
-0.35311,-0.727284860426578
-0.38291,-0.72075445739879
-0.4122,-0.71229622181601
-0.44088,-0.701907488471429
-0.46889,-0.689605792598661
-0.49614,-0.675402854859309
-0.52257,-0.659328105216809
-0.54811,-0.641417560558734
-0.57267,-0.621697251736732
-0.5962,-0.600214445977694
-0.61863,-0.577017841431896
-0.63989,-0.552156316071668
-0.65993,-0.525692651536906
-0.67869,-0.497691998697238
-0.69611,-0.468219864920785
-0.71214,-0.437347820079107
-0.72673,-0.405150488690352
-0.73984,-0.371710392282512
-0.75142,-0.337106803788318
-0.76145,-0.301436381430412
-0.76987,-0.264777524735146
-0.77667,-0.227228628108119
-0.78182,-0.18888657227129
-0.78529,-0.149844176641461
-0.78707,-0.110202987835617
-0.78714,-0.0700611268265905
-0.7855,-0.0295257282566719
-0.78213,0.011306896463082
-0.77705,0.0523226331963774
-0.77025,0.0934187649865584
-0.76175,0.134482872432033
-0.75154,0.175420500646225
-0.73965,0.216125260831125
-0.72611,0.256484655996238
-0.71093,0.296399747478013
-0.69416,0.335756311407222
-0.67581,0.374461184850671
-0.65593,0.412411874470475
-0.63456,0.449509309060994
-0.61175,0.485653248683895
-0.58755,0.520746027971335
-0.56199,0.554710318617271
-0.53515,0.587451166454185
-0.50707,0.618892419440289
-0.47782,0.648953830078768
-0.44746,0.677562297328264
-0.41605,0.704653343284622
-0.38367,0.730157286110072
-0.35038,0.754017804068431
-0.31626,0.776176957159415
-0.28138,0.79658533412653
-0.24582,0.815195200478252
-0.20965,0.831969708774612
-0.17296,0.846867831324765
-0.13581,0.859869282624075
-0.098307,0.870937094222778
-0.06052,0.880050716964578
-0.022534,0.887192304467056
0.015566,0.892347398521158
0.0537,0.895509058067262
0.09178,0.896671344793962
0.12973,0.895838804599152
0.16746,0.893014572549785
0.20488,0.888201136360847
0.24193,0.881423116948569
0.27852,0.872700650304385
0.31458,0.862064992946463
0.35002,0.849541178326066
0.38477,0.835163736365584
0.41876,0.818974280248031
0.45192,0.801019340146846
0.48418,0.781348445227771
0.51547,0.760012451246987
0.54573,0.737069505597229
0.57489,0.712574827172569
0.6029,0.686594686568597
0.6297,0.659195155238675
0.65523,0.630440393518231
0.67945,0.6004060636866
0.7023,0.569160216262741
0.72374,0.536777621501276
0.74373,0.503336310322209
0.76222,0.468907267129403
0.77919,0.433575847318334
0.79459,0.397414254300267
0.80841,0.360511433971489
0.82061,0.322944927496217
0.83116,0.284788028833922
0.84007,0.246137815579875
0.84729,0.207063143381835
0.85283,0.167652180688974
0.85669,0.127998420514578
0.85884,0.0881744598274648
0.85929,0.0482631411785394
0.85805,0.0083527787796873
0.85511,-0.0314816348676713
0.8505,-0.071148877412489
0.84422,-0.110569887729063
0.8363,-0.149655971398356
0.82674,-0.188335882406629
0.81559,-0.226518045464304
0.80286,-0.26412720950444
0.78859,-0.301081804327231
0.77282,-0.337298057027188
0.75558,-0.372700767689441
0.73691,-0.407216994780019
0.71685,-0.440778315822298
0.69547,-0.47330034441366
0.6728,-0.504718403068015
0.64889,-0.534971396705864
0.6238,-0.563996129562457
0.59758,-0.591737564425034
0.5703,-0.618134684730448
0.542,-0.643146228891009
0.51275,-0.666726539806636
0.48261,-0.688835788778894
0.45164,-0.709440649397876
0.4199,-0.7285146588366
0.38746,-0.7460309162996
0.35439,-0.761963578735188
0.32074,-0.776303805637626
0.28658,-0.789042567403675
0.25199,-0.80016416095841
0.21703,-0.809663303666706
0.18176,-0.81754382065733
0.14626,-0.823802533803087
0.1106,-0.828438607267243
0.074837,-0.831463202166507
0.039053,-0.832878815346152
0.0033037,-0.832700759995249
-0.032331,-0.83093676268534
-0.067791,-0.827603226848045
-0.103,-0.822711456029955
-0.13791,-0.816289567466157
-0.17243,-0.80834695526431
-0.20651,-0.798908225998048
-0.24009,-0.788002406805038
-0.2731,-0.775654113296577
-0.30547,-0.761883905245704
-0.33716,-0.746730835409386
-0.36809,-0.730218351101051
-0.39822,-0.712386357248664
-0.42749,-0.693272228681884
-0.45585,-0.672917739306044
-0.48324,-0.651359708989893
-0.50962,-0.628644752867767
-0.53495,-0.604826100567805
-0.55917,-0.579946046125503
-0.58224,-0.554051634727418
-0.60413,-0.527199758440379
-0.6248,-0.499446199449852
-0.64423,-0.470858994030655
-0.66236,-0.441484479805961
-0.67919,-0.411394419094598
-0.69468,-0.380649335767795
-0.70881,-0.349313611822378
-0.72156,-0.31745272947866
-0.73292,-0.285138394475882
-0.74287,-0.252437689029895
-0.7514,-0.219419214340158
-0.7585,-0.186150578530511
-0.76417,-0.152703772332664
-0.7684,-0.119144575293161
-0.77119,-0.0855389474333604
-0.77254,-0.0519507580193481
-0.77246,-0.018447390241333
-0.77096,0.0149032401462757
-0.76804,0.0480425108534447
-0.76372,0.0809066009924617
-0.758,0.113444542681791
-0.75092,0.145588067593956
-0.74248,0.177286922984854
-0.73271,0.208485102139813
-0.72162,0.239138827102034
-0.70926,0.269186346640531
-0.69563,0.298590620484952
-0.68077,0.327306519671773
-0.66472,0.355284184047127
-0.64749,0.382494026150591
-0.62914,0.408887189306125
-0.60967,0.434445527174856
-0.58915,0.459124932882908
-0.56759,0.482906473615215
-0.54505,0.505755577594979
-0.52156,0.527648702536979
-0.49716,0.548564941798071
-0.47189,0.568486578958881
-0.4458,0.587392037866265
-0.41893,0.605265071824033
-0.39133,0.622087221082133
-0.36304,0.637846567233239
-0.33411,0.652529811249179
-0.30458,0.666130701013439
-0.2745,0.678641832035538
-0.24393,0.690048047738616
-0.21291,0.700343484237568
-0.18149,0.709522864661033
-0.14972,0.717581851766319
-0.11765,0.724517289388579
-0.085345,0.730316251980158
-0.052849,0.734974076276054
-0.020217,0.738485000193517
0.012493,0.74084055394988
0.04523,0.742035714488957
0.077929,0.742058232504182
0.11054,0.740901654121179
0.143,0.738554947828657
0.17525,0.735006828652603
0.20723,0.730245542616473
0.23888,0.724259440100335
0.27014,0.717037431588734
0.30095,0.708569337866301
0.33126,0.698853544566385
0.36099,0.687873363056766
0.39009,0.675622734648372
0.41851,0.662104482057354
0.44617,0.647306485701073
0.47303,0.631234631157419
0.49903,0.61389451835561
0.5241,0.595284120615081
0.5482,0.575417634244744
0.57127,0.554307295336601
0.59325,0.531963558981659
0.6141,0.508410064475218
0.63376,0.483665760795044
0.65218,0.457752793514532
0.66931,0.430695360583987
0.68512,0.402533515861703
0.69955,0.373296889774379
0.71257,0.343028131775736
0.72414,0.31177185866294
0.73422,0.279573071987417
0.74278,0.246483239520046
0.7498,0.212565005649788
0.75525,0.177880884048658
0.75911,0.142498908779382
0.76137,0.106497012412335
0.762,0.0699440768293219
0.761,0.0329218346511893
0.75838,-0.00447263618015818
0.75412,-0.0421549115647196
0.74822,-0.0800385291728866
0.74071,-0.118015848803201
0.73158,-0.15599497664292
0.72086,-0.193869991479641
0.70856,-0.231541732986637
0.69471,-0.268904834625335
0.67932,-0.305867061721964
0.66245,-0.342312821763753
0.64411,-0.378148350246458
0.62435,-0.413271034382214
0.60321,-0.447581936059507
0.58073,-0.480988418325503
0.55697,-0.513391335428373
0.53198,-0.544697084100328
0.5058,-0.574827195045908
0.47851,-0.60368871505066
0.45017,-0.631195092900582
0.42083,-0.657275458175111
0.39058,-0.681844729922495
0.35946,-0.704846461722653
0.32757,-0.726205278477032
0.29498,-0.745855591340737
0.26175,-0.763749685580511
0.22797,-0.779834197611525
0.19372,-0.794060872836226
0.15907,-0.806395084583629
0.12411,-0.816800147033471
0.088916,-0.825249850732926
0.053567,-0.831725697009267
0.018144,-0.836215186395714
-0.017271,-0.838710992682527
-0.0526,-0.839213826792388
-0.087765,-0.837731543065522
-0.12269,-0.834279675916862
-0.15729,-0.828873494891722
-0.1915,-0.821543010420204
-0.22524,-0.812318755925859
-0.25845,-0.801246156378262
-0.29104,-0.7883596906107
-0.32296,-0.773714067101825
-0.35414,-0.757364399503663
-0.38452,-0.739372358664823
-0.41403,-0.719796108736238
-0.44263,-0.69871181474722
-0.47024,-0.676178684222233
-0.49684,-0.652285136090025
-0.52235,-0.627096448944893
-0.54675,-0.600701865937468
-0.56997,-0.573170524608425
-0.59199,-0.544590369230466
-0.61278,-0.515054602663496
-0.63228,-0.484635797410327
-0.65047,-0.453417275427764
-0.66732,-0.421481094671027
-0.68282,-0.388920558789621
-0.69693,-0.355812992473717
-0.70964,-0.322242547461472
-0.72093,-0.28828878437226
-0.73079,-0.254032354022055
-0.7392,-0.219544725745514
-0.74617,-0.184909706188965
-0.75169,-0.150203466693776
-0.75576,-0.115500814439615
-0.75837,-0.0808654643258099
-0.75954,-0.0463720525705693
-0.75927,-0.0120866086944565
-0.75758,0.0219193813512994
-0.75447,0.0555873768730979
-0.74997,0.0888493055667859
-0.74409,0.12164667845106
-0.73686,0.153916163205381
-0.72829,0.185607670614265
-0.71842,0.216661608934701
-0.70728,0.247020376175757
-0.69489,0.276637563707452
-0.68129,0.305462898871735
-0.66652,0.333444994250645
-0.6506,0.36054837464806
-0.63359,0.386722407894119
-0.61552,0.411928415172372
-0.59644,0.436124216884586
-0.57638,0.459281347123601
-0.55539,0.4813689800451
-0.53353,0.502348416312496
-0.51083,0.522198404671868
-0.48735,0.540890711535779
-0.46313,0.558407579169153
-0.43824,0.574718522392029
-0.41271,0.589813709821997
-0.38662,0.603663750661401
-0.35999,0.616269130906095
-0.3329,0.627610514353669
-0.30539,0.637683141799457
-0.27752,0.646479774872267
-0.24935,0.653991787665044
-0.22092,0.660224850554156
-0.19229,0.665181601004836
-0.16351,0.668869922542152
-0.13464,0.671294660580867
-0.10572,0.672473187740695
-0.076801,0.672424675921073
-0.047936,0.671168036280304
-0.019173,0.668725410321236
0.0094502,0.665128718082696
0.03788,0.660405427450634
0.066079,0.654590836124486
0.094008,0.647724424000456
0.12162,0.639842338518658
0.14889,0.630993431237232
0.17577,0.621218541082398
0.20223,0.610564294736437
0.22823,0.599073333829005
0.25375,0.586798700681732
0.27875,0.573785551035637
0.3032,0.560078776003176
0.32709,0.545736518175813
0.35037,0.530796323618951
0.37303,0.515307531688126
0.39503,0.499305273920052
0.41637,0.48284164230161
0.43701,0.465951186596083
0.45692,0.44866052042153
0.4761,0.431011039362777
0.49451,0.413025074855527
0.51213,0.394723475704251
0.52895,0.376132411167163
0.54494,0.357266534925975
0.56008,0.338137902086428
0.57435,0.318755827707466
0.58774,0.299134251785663
0.60021,0.279267982404205
0.61175,0.259158425626112
0.62235,0.238811979675825
0.63198,0.218223844822676
0.64062,0.197387463760795
0.64825,0.176294791121497
0.65487,0.154951365595917
0.66046,0.133358549847853
0.66499,0.111506735832551
0.66846,0.0893997418492586
0.67086,0.0670445637903748
0.67218,0.0444504503852049
0.6724,0.0216207095180654
0.67153,-0.00142415321401925
0.66956,-0.0246652002755562
0.66648,-0.0480853499346139
0.6623,-0.0716547748680583
0.65701,-0.0953490493436138
0.65063,-0.119126659111384
0.64314,-0.142963100251425
0.63457,-0.16681137112455
0.62492,-0.190629892997722
0.6142,-0.214375299461776
0.60243,-0.237996694526868
0.58962,-0.261446028234647
0.57578,-0.284679012278357
0.56095,-0.307633594765546
0.54514,-0.330257460767539
0.52838,-0.352492985296272
0.51069,-0.374287459785925
0.4921,-0.395586437088801
0.47265,-0.416328432478705
0.45236,-0.436463039035602
0.43127,-0.455935679733852
0.40943,-0.474682838928736
0.38686,-0.492658045071466
0.36362,-0.509800618241114
0.33973,-0.526070035065931
0.31526,-0.541406550418497
0.29025,-0.555759132546162
0.26474,-0.569085569653138
0.23879,-0.581337552915667
0.21244,-0.592478401018379
0.18576,-0.602460065736227
0.15879,-0.611249269948927
0.1316,-0.618803814576156
0.10423,-0.625098092119787
0.076745,-0.630102540882806
0.04921,-0.633785673484443
0.021678,-0.636124622501097
-0.0057882,-0.637097287492691
-0.033129,-0.636685593397835
-0.060284,-0.634875041831111
-0.087193,-0.631654984406147
-0.11379,-0.627014290254597
-0.14003,-0.620957672746187
-0.16583,-0.613474785269522
-0.19115,-0.604575588381863
-0.21593,-0.594271714828448
-0.2401,-0.582568785590255
-0.26362,-0.569489925237566
-0.28643,-0.555057259461333
-0.30847,-0.539291794995081
-0.32971,-0.522235507398704
-0.35009,-0.503924200420566
-0.36956,-0.484395341124944
-0.38809,-0.46370168646745
-0.40563,-0.441892255819315
-0.42215,-0.41902664014011
-0.4376,-0.395156633771994
-0.45197,-0.37035596910491
-0.46521,-0.34468450788334
-0.47731,-0.318218867401232
-0.48825,-0.291039648514129
-0.498,-0.263221001738339
-0.50654,-0.234837124192449
-0.51388,-0.205982243751488
-0.51999,-0.176734402312342
-0.52488,-0.147185810818345
-0.52854,-0.117422526836783
-0.53097,-0.0875303850622937
-0.53219,-0.0576071387202944
-0.5322,-0.0277423220754839
-0.53101,0.00197661678240356
-0.52864,0.0314593595653055
-0.52511,0.0606162220901284
-0.52044,0.0893609897925588
-0.51465,0.117613143562003
-0.50778,0.145284739569589
-0.49986,0.172292231374393
-0.49091,0.198565903989249
-0.48098,0.224027559345817
-0.47011,0.248602344292692
-0.45833,0.272228203098082
-0.44569,0.294840990938179
-0.43224,0.316377324920952
-0.41803,0.336776856356704
-0.4031,0.355991419898591
-0.38751,0.373969904952672
-0.37131,0.390668319398041
-0.35456,0.406042911064568
-0.33731,0.42005939866115
-0.31962,0.432685361513494
-0.30156,0.443884039717837
-0.28317,0.453639012199795
-0.26451,0.461936567930682
-0.24566,0.468751406454138
-0.22666,0.474079753197652
-0.20759,0.477906298393965
-0.18849,0.480236994100032
-0.16942,0.481080534835584
-0.15045,0.480440729728948
-0.13163,0.47833262640864
-0.11301,0.47478039015883
-0.094663,0.469798314903711
-0.076625,0.463420107633224
-0.058955,0.455677575839122
-0.0417,0.446609350785439
-0.024907,0.43625882222858
-0.0086201,0.424674455381796
0.0071189,0.41190942849678
0.022268,0.398019325440239
0.036796,0.383068304481661
0.050665,0.367120861025498
0.063852,0.350251110396026
0.076324,0.332531557840778
0.088066,0.314044751588548
0.099054,0.29487239821912
0.10928,0.275105055880876
0.11872,0.254826000429786
0.12738,0.234132383382968
0.13524,0.2131104602243
0.14232,0.191864677129875
0.1486,0.170481429217028
0.15411,0.149066838899498
0.15884,0.127710085069547
0.16281,0.106506017991344
0.16604,0.0855510088569693
0.16854,0.0649321389799046
0.17032,0.0447260835784448
0.17143,0.0250280347202383
0.17187,0.00590795258369341
0.17167,-0.0125648979459505
0.17087,-0.0303169690896274
0.16949,-0.0472887194359783
0.16757,-0.0634194161168399
0.16513,-0.0786645084049025
0.16222,-0.0929722302380232
0.15885,-0.106316697511886
0.15508,-0.118657339907064
0.15093,-0.12997313244793
0.14644,-0.14024528104088
0.14164,-0.149465382704905
0.13657,-0.157626913363438
0.13127,-0.164725682208622
0.12577,-0.170767497127975
0.1201,-0.175766656827947
0.11429,-0.179744483979759
0.10839,-0.182713126129329
0.10242,-0.184699667699728
0.0964,-0.185742949882211
0.090377,-0.185870697959835
0.08437,-0.185121999624344
0.078406,-0.183538453453696
0.072509,-0.181165065331228
0.066704,-0.178047877435051
0.061009,-0.174237901497538
0.055443,-0.169788199669605
0.050028,-0.164749955419711
0.044775,-0.159179664538748
0.039703,-0.153130698995926
0.034821,-0.146659861134177
0.030141,-0.139822923244884
0.025673,-0.132674721025161
0.021427,-0.125267737050544
0.017405,-0.117656903968406
0.01362,-0.109889330082287
0.010072,-0.102013942568106
0.0067673,-0.0940749129090939
0.0037114,-0.0861117116492452
0.00090325,-0.0781635073395546
-0.0016511,-0.0702626106756375
-0.00395,-0.0624378621170214
-0.0059939,-0.0547157425999508
-0.00778,-0.047117370705061
-0.009306,-0.0396589939186866
-0.010578,-0.0323583565880717
-0.011588,-0.0252231602530314
-0.012343,-0.0182635534392618
-0.012845,-0.0114873545163292
-0.013092,-0.00489701730284754
-0.013095,0.00150008879547949
-0.012854,0.00770125315091297
-0.012377,0.0137019501004892
-0.011668,0.0194995288495019
-0.010742,0.0250850271942439
-0.0095981,0.0304566164497718
-0.0082568,0.0356026525351032
-0.0067218,0.0405165099452963
-0.0050131,0.0451839138849967
-0.0031387,0.049593851243852
-0.001118,0.0537299656158803
0.001033,0.0575747018401157
0.0033015,0.0611125256659476
0.0056623,0.0643209289377659
0.0081015,0.0671808881461273
0.010601,0.0696737420822035
0.013135,0.0717760823458267
0.01569,0.0734705518723432
0.018239,0.0747353143726398
0.020766,0.0755538081708189
0.023248,0.0759091616254799
0.025664,0.075786361114568
0.027995,0.0751739517546322
0.03022,0.0740623598481887
0.032317,0.0724432312003211
0.034268,0.0703125613074746
0.036053,0.0676686649820915
0.037653,0.0645126939899071
0.039048,0.0608474936294486
0.040219,0.0566781067442422
0.041153,0.0520158110747853
0.041829,0.0468708471604609
0.042231,0.0412561845401053
0.042347,0.0351897311356686
0.04216,0.0286893159239921
0.041661,0.0217782456840905
0.040837,0.0144807492513954
0.039679,0.00682418083772327
0.038181,-0.00116004424277195
0.036335,-0.00943951765728791
0.034137,-0.0179789204242098
0.031586,-0.0267393143068155
0.028679,-0.0356813840063199
0.025418,-0.0447629063917297
0.021807,-0.0539390283420768
0.017853,-0.0631618411846517
0.013557,-0.0723867975453908
0.0089335,-0.0815633997452867
0.003992,-0.0906415545539354
-0.001258,-0.0995730088135745
-0.006799,-0.108306567367213
-0.012617,-0.116792842117684
-0.018691,-0.124980287157785
-0.025005,-0.132820954774056
-0.031536,-0.140266185823454
-0.038261,-0.147268349991054
-0.045156,-0.153781497019664
-0.052194,-0.159760373423892
-0.059347,-0.165161103434724
-0.066586,-0.169941712687635
-0.07388,-0.174061770911654
-0.081198,-0.177483550943371
-0.088504,-0.180169200412268
-0.095766,-0.182085125342749
-0.10295,-0.183200978598541
-0.11002,-0.183488762973976
-0.11694,-0.182923525108029
-0.12367,-0.181480873147388
-0.13018,-0.17914531084643
-0.13643,-0.175901927605053
-0.14239,-0.171744470632552
-0.14801,-0.166659424880929
-0.15328,-0.160657732539159
-0.15814,-0.153733147678896
-0.16258,-0.145903058276068
-0.16655,-0.137174187843266
-0.17004,-0.127574378288076
-0.173,-0.117118463315295
-0.17541,-0.105832843059069
-0.17725,-0.0937527712991783
-0.17849,-0.0809125215455392
-0.17911,-0.0673522445819415
-0.1791,-0.053123309754224
-0.17842,-0.0382627013690429
-0.17708,-0.0228318831032507
-0.17505,-0.00688088913947951
-0.17233,0.00952858297278327
-0.16892,0.0263270900025412
-0.16479,0.0434630254100539
-0.15997,0.0608562574653707
-0.15444,0.0784428920137648
-0.14821,0.0961517970344926
-0.14129,0.113908102476114
-0.13368,0.13164354634828
-0.12541,0.149275094536704
-0.11647,0.166739897756311
-0.1069,0.183956414470911
-0.09671,0.200852760166914
-0.085919,0.217360487486238
-0.074551,0.233412478629954
-0.062634,0.248941975676135
-0.050194,0.263886246983472
-0.037261,0.278185019190678
-0.023865,0.291782125061135
-0.010039,0.304624519482314
0.0041813,0.316661636798984
0.018759,0.327845923133218
0.033664,0.338139108485843
0.048848,0.347498533297767
0.064279,0.355891753439254
0.079915,0.363288589598974
0.095714,0.369662050996297
0.11163,0.374986024933328
0.12764,0.379253350086452
0.14367,0.382435148296519
0.1597,0.384526243585591
0.17568,0.385519008792498
0.19157,0.385411922359839
0.20733,0.384208884399839
0.2229,0.3819037062023
0.23825,0.378504818348719
0.25334,0.374025199198784
0.26813,0.368481517455278
0.28257,0.361885917470139
0.29662,0.354254271600024
0.31025,0.34561270487557
0.32341,0.335980375466553
0.33607,0.325385329202376
0.34819,0.313854828244663
0.35973,0.30141494384007
0.37065,0.288090224362018
0.38093,0.273918231672217
0.39053,0.258931314959951
0.39942,0.243164217592749
0.40756,0.2266453203283
0.41494,0.209419306847795
0.42153,0.19152801147821
0.42729,0.173002428682562
0.43221,0.153886103134932
0.43626,0.134216655137365
0.43944,0.114048009329887
0.44171,0.0934160951490806
0.44308,0.0723782093114574
0.44351,0.050970202841973
0.44301,0.029246469547998
0.44156,0.00725250502817809
0.43916,-0.0149600133253813
0.4358,-0.0373434432003049
0.43149,-0.0598401348327917
0.42622,-0.0824009729142074
0.42,-0.104970534237077
0.41283,-0.127497496581033
0.40472,-0.149928145192985
0.39569,-0.172201215668282
0.38573,-0.194273530989713
0.37487,-0.216088444933362
0.36312,-0.237595146550727
0.35049,-0.258749284029817
0.33702,-0.279491125691444
0.32271,-0.299780133177267
0.30759,-0.319570569160204
0.29169,-0.338814171518575
0.27503,-0.357469767989194
0.25762,-0.375510851996015
0.23952,-0.392886938370349
0.22073,-0.409574385225861
0.2013,-0.425535300715828
0.18126,-0.440736563673147
0.16063,-0.455157623849943
0.13947,-0.468759481823887
0.11779,-0.481526718080497
0.095647,-0.493429007561601
0.073076,-0.504441512150494
0.050114,-0.514543407781781
0.026803,-0.52371437066383
0.0031922,-0.531930093705197
-0.020684,-0.539175034108607
-0.044772,-0.545427304771008
-0.06903,-0.550669578175296
-0.09341,-0.554884431079756
-0.11786,-0.558052212557208
-0.14234,-0.560161205875887
-0.1668,-0.561199335420753
-0.19119,-0.561154879383006
-0.21546,-0.56001702082262
-0.23955,-0.557768857906114
-0.26343,-0.554411500891711
-0.28704,-0.54993864707799
-0.31033,-0.544345854541038
-0.33325,-0.537630552576681
-0.35576,-0.529799387832282
-0.3778,-0.520851707485541
-0.39933,-0.510796003685512
-0.42029,-0.499633328138993
-0.44065,-0.48738108385614
-0.46035,-0.474047387438179
-0.47935,-0.459647609988079
-0.4976,-0.444195310602358
-0.51507,-0.42771715044442
-0.5317,-0.410227576734219
-0.54747,-0.391760487229225
-0.56232,-0.372335058350142
-0.57622,-0.351980335345556
-0.58914,-0.330732584464672
-0.60104,-0.308625562986351
-0.61189,-0.285697510234909
-0.62166,-0.261989245305985
-0.63032,-0.237542544861145
-0.63786,-0.212413581398343
-0.64423,-0.18663898167526
-0.64943,-0.160275509792715
-0.65343,-0.133372334998558
-0.65623,-0.105993236020867
-0.65781,-0.0781971133021718
-0.65816,-0.0500445704545323
-0.65727,-0.0215957449045168
-0.65514,0.007084059201945
-0.65177,0.0359273845820463
-0.64716,0.0648671293320662
-0.64132,0.0938311899597979
-0.63426,0.122745693427417
-0.62597,0.15155246857318
-0.6165,0.180163581293162
-0.60584,0.208514230232467
-0.59403,0.236523445024056
-0.58107,0.264129425153163
-0.567,0.291258379403421
-0.55186,0.317829323406831
-0.53566,0.343780330305011
-0.51844,0.369044846360586
-0.50025,0.393547531308188
-0.48111,0.417230722093326
-0.46106,0.440038343315352
-0.44016,0.461902911174839
-0.41844,0.482772331146484
-0.39594,0.502601522298916
-0.37272,0.521338098504872
-0.34882,0.538940593599047
-0.32429,0.555370674984439
-0.29918,0.570594180984312
-0.27354,0.584581838809782
-0.24742,0.597309705317981
-0.22089,0.608744574560605
-0.19398,0.618876812810133
-0.16676,0.627687031135435
-0.13929,0.635156436907049
-0.11161,0.641282528781397
-0.083784,0.646058767567082
-0.055869,0.649481200140076
-0.027922,0.651548522047615
1.5e-06,0.652263143077348
0.027848,0.651632294726669
0.055558,0.649662855087544
0.083082,0.646368992580924
0.11036,0.641762947849703
0.13735,0.635868705636247
0.16399,0.628704576800529
0.19023,0.620292942435723
0.21603,0.610666490749827
0.24134,0.59985816112297
0.2661,0.587892999447065
0.29029,0.57481874226519
0.31385,0.560670685577457
0.33675,0.54549543406109
0.35894,0.529332730576192
0.38039,0.512230541471568
0.40107,0.494242179010474
0.42093,0.475409022610997
0.43996,0.455791242321085
0.45812,0.435440275153286
0.47539,0.414413821441909
0.49173,0.392758148274243
0.50713,0.370531071981198
0.52157,0.347790574520255
0.53503,0.324593001225547
0.54749,0.300991621623778
0.55893,0.277035520876936
0.56936,0.252790983105939
0.57876,0.228313893598978
0.58711,0.203649931018979
0.59443,0.17886454366962
0.6007,0.154007420807371
0.60593,0.129136024543061
0.61012,0.10430475190909
0.61328,0.0795710628731596
0.6154,0.0549781363404937
0.6165,0.0305782256745412
0.6166,0.00642905485647285
0.61569,-0.0174314168758026
0.6138,-0.0409530647107651
0.61094,-0.0640925596911445
0.60712,-0.0868136820478252
0.60236,-0.109080001436242
0.59669,-0.130848978591887
0.59012,-0.152089549050549
0.58267,-0.17277381006157
0.57438,-0.192862839425519
0.56525,-0.212339915589565
0.55532,-0.231177545698228
0.54462,-0.249348140556043
0.53316,-0.266839999509838
0.52098,-0.283632798064293
0.5081,-0.299715022027888
0.49457,-0.315060788773072
0.48039,-0.329670690956354
0.46562,-0.343522662254497
0.45027,-0.356614304692736
0.43438,-0.368937306833032
0.41798,-0.380486552470377
0.4011,-0.391259962131865
0.38379,-0.401243475966149
0.36606,-0.410443616922099
0.34796,-0.418854023311046
0.32952,-0.426473170239465
0.31078,-0.433296316148945
0.29176,-0.439331272605432
0.27251,-0.444573797540198
0.25306,-0.449025037761671
0.23345,-0.45268324039068
0.21371,-0.455551929690324
0.19388,-0.457631557309653
0.17398,-0.458935031731729
0.15407,-0.459455523682983
0.13417,-0.459200179431633
0.11432,-0.458172541891513
0.09455,-0.456380661076717
0.074898,-0.453830189638531
0.055393,-0.450531443604679
0.036074,-0.446490908805916
0.016967,-0.441721495011988
-0.0018968,-0.436237164328994
-0.020487,-0.430053004140944
-0.03877,-0.423182284684637
-0.056726,-0.415646695407904
-0.074323,-0.407465137970753
-0.091536,-0.398658954058707
-0.10835,-0.389258280791037
-0.12472,-0.379277347849592
-0.14065,-0.368753390171886
-0.1561,-0.357708619660185
-0.17105,-0.346167284231785
-0.1855,-0.33416934438456
-0.19941,-0.32173670635102
-0.21277,-0.308898226033454
-0.22558,-0.295694872694811
-0.23781,-0.282153988970244
-0.24945,-0.268305858205335
-0.2605,-0.254189567331923
-0.27094,-0.239835309952721
-0.28077,-0.225279923361213
-0.28997,-0.210549638351941
-0.29856,-0.195690817652863
-0.30652,-0.180735034814187
-0.31385,-0.165715675925738
-0.32055,-0.150666461901071
-0.32663,-0.135627640468053
-0.33208,-0.120628612948913
-0.33691,-0.105703784666706
-0.34113,-0.0908904098781854
-0.34474,-0.076219382803439
-0.34776,-0.0617301606398474
-0.35018,-0.0474455814516354
-0.35202,-0.0333963648679054
-0.35329,-0.0196110656877099
-0.354,-0.00611543237970041
-0.35416,0.00706804130072062
-0.35379,0.0199129976767347
-0.3529,0.0323983661327043
-0.3515,0.0445082047034088
-0.34961,0.0562240439895968
-0.34724,0.0675335680024423
-0.3444,0.0784300502796162
-0.34111,0.0889043538070026
-0.33739,0.0989459276213821
-0.33325,0.108551027743476
-0.3287,0.117721763531603
-0.32376,0.12645777338627
-0.31844,0.13476435587051
-0.31277,0.142636669302892
-0.30673,0.150099017819228
-0.30036,0.157154395115262
-0.29367,0.163810913007126
-0.28666,0.170088149892675
-0.27935,0.17599977408905
-0.27174,0.181569258215825
-0.26385,0.186812684846304
-0.25569,0.191747245129323
-0.24726,0.196398037093312
-0.23858,0.200781136758104
-0.22964,0.204927149278395
-0.22047,0.208848022831882
-0.21105,0.212577330614288
-0.20141,0.216128199151948
-0.19155,0.219519079722132
-0.18146,0.222779570977665
-0.17117,0.225917837895148
-0.16067,0.228954056538472
-0.14996,0.231910067621387
-0.13907,0.234786198408472
-0.12798,0.237602290797987
-0.11671,0.240363696966119
-0.10528,0.24306382939465
-0.093671,0.245715360329637
-0.081914,0.248309054597583
-0.070012,0.250838849059664
-0.057976,0.253295356656663
-0.045825,0.255660728982476
-0.033569,0.257917315693771
-0.021228,0.260040599000605
-0.0088221,0.262001014318629
0.0036336,0.263769336706381
0.016111,0.265307722092661
0.028591,0.266579002702393
0.041047,0.267541981508398
0.053454,0.268154501629783
0.065778,0.268368130102361
0.077999,0.268141073358398
0.090079,0.267424776980349
0.10198,0.266166639015255
0.11369,0.26433155677369
0.12517,0.261879676774922
0.13637,0.25876044092051
0.14726,0.254931000049319
0.15782,0.250363482532549
0.16801,0.24502830747561
0.17779,0.238895584966359
0.18712,0.231936253078187
0.19598,0.224137771775159
0.20434,0.215494169180032
0.21215,0.205990455048109
0.21939,0.195627257734564
0.22604,0.184418083106934
0.23205,0.172364578634397
0.23742,0.159496050888086
0.2421,0.145826619620279
0.24609,0.131395017247391
0.24935,0.116229434642785
0.25187,0.1003712046803
0.25364,0.08387132777954
0.25463,0.0667725997916757
0.25484,0.0491323577461599
0.25426,0.0310108141644006
0.25287,0.0124615435547639
0.25068,-0.00644647515179679
0.24766,-0.0256633057705027
0.24384,-0.0451114049799644
0.23919,-0.0647375284726445
0.23373,-0.0844726177303332
0.22746,-0.104251692149455
0.22039,-0.124007614382795
0.21253,-0.143673552385349
0.20389,-0.163184986899737
0.19448,-0.182481301819649
0.18432,-0.201499597864785
0.17344,-0.220169785683889
0.16184,-0.238440420696438
0.14956,-0.256247296615477
0.13662,-0.273532857188829
0.12304,-0.290246889303199
0.10887,-0.306324719989777
0.094125,-0.321718098001763
0.078849,-0.336372334191327
0.063076,-0.350236900425066
0.046845,-0.363262772681337
0.030197,-0.375402475853345
0.013173,-0.386611561790903
-0.0041805,-0.396845655840537
-0.021817,-0.406062141224342
-0.03969,-0.414221468844518
-0.057751,-0.421286652885732
-0.075948,-0.427221685073987
-0.09423,-0.431993553440598
-0.11254,-0.435568607013675
-0.13084,-0.43792812690536
-0.14906,-0.439042764258042
-0.16715,-0.438890658293334
-0.18507,-0.437464435514251
-0.20274,-0.434739487759057
-0.22013,-0.430715395207914
-0.23718,-0.425389503058747
-0.25384,-0.418765255658194
-0.27006,-0.410851333176597
-0.28578,-0.401653399004766
-0.30097,-0.391197083752002
-0.31556,-0.379494195375343
-0.32953,-0.366582378549232
-0.34281,-0.352482417087919
-0.35538,-0.337238185837319
-0.36719,-0.320889048675027
-0.37821,-0.303484678511817
-0.38839,-0.285067106556423
-0.39772,-0.265700789462152
-0.40615,-0.245437056504848
-0.41365,-0.224330127159621
-0.42022,-0.202457296925333
-0.42581,-0.1798754102332
-0.43042,-0.156660223698417
-0.43402,-0.132878427554582
-0.43661,-0.108609671210963
-0.43816,-0.083919559910103
-0.43868,-0.0588899867167509
-0.43816,-0.0335987452435073
-0.43658,-0.00811056467863838
-0.43396,0.0174928412889287
-0.43028,0.0431481935706711
-0.42556,0.0687795772181735
-0.41981,0.0943107330426666
-0.41301,0.119689787664597
-0.4052,0.144842022679237
-0.39638,0.169706373601629
-0.38655,0.194234922264029
-0.37575,0.218362586381962
-0.36398,0.242042304935284
-0.35127,0.265221162265065
-0.33764,0.287850888567422
-0.32312,0.309881407098188
-0.30772,0.331277871021965
-0.29149,0.351989624203864
-0.27444,0.371984755322895
-0.25661,0.391225684035027
-0.23804,0.409671813791245
-0.21875,0.427296525452064
-0.19878,0.444070924403051
-0.17818,0.459958184960131
-0.15698,0.474931364818259
-0.13521,0.48897270787953
-0.11293,0.502050650094557
-0.09016,0.514153398249745
-0.066962,0.52525481945745
-0.043374,0.53533611862707
-0.01944,0.544380911684776
0.0047909,0.552371847861918
0.029276,0.559296401929939
0.053959,0.565136609370239
0.078802,0.569884585507836
0.10375,0.57352850299211
0.12875,0.576055503369223
0.15376,0.577460708318883
0.17872,0.57773281485683
0.20359,0.576870742363455
0.22831,0.574867185849823
0.25285,0.571732490449536
0.27713,0.567454252068823
0.30113,0.56204668246578
0.32478,0.555508334408862
0.34805,0.547854988243633
0.37088,0.539093918537837
0.39323,0.529240338046241
0.41505,0.518308234892988
0.43629,0.506310396483509
0.45691,0.493265833709621
0.47687,0.47919819190282
0.49612,0.464126937506675
0.51462,0.448075131469662
0.53234,0.431075581717064
0.54923,0.413153345749855
0.56525,0.394333991649244
0.58038,0.374657615781089
0.59457,0.354152770539185
0.60781,0.332867502325491
0.62005,0.310834672241708
0.63127,0.288096147041001
0.64145,0.264699849433728
0.65056,0.2406898128226
0.65859,0.216120431138411
0.66551,0.191038067893472
0.67131,0.165496000693198
0.67599,0.139558868972639
0.67952,0.113276362422681
0.6819,0.0867067465453302
0.68312,0.0599059891965214
0.68318,0.0329338304880071
0.68208,0.00585116014576308
0.67981,-0.0212895437566301
0.67638,-0.0484295399296149
0.6718,-0.0755069670612979
0.66605,-0.102481662699745
0.65916,-0.129295460963535
0.65114,-0.15589244004494
0.64199,-0.18222778991524
0.63172,-0.208259900861572
0.62036,-0.233936517770097
0.60792,-0.259213437125858
0.59441,-0.284054580556974
0.57985,-0.308424459476968
0.56426,-0.332289482817969
0.54767,-0.355611558235677
0.5301,-0.378357834852199
0.51157,-0.400501020026649
0.4921,-0.422019491417098
0.47173,-0.442882440749913
0.45047,-0.463075104634183
0.42836,-0.482574298886099
0.40543,-0.501358489940689
0.38169,-0.519423250570186
0.35719,-0.536748891350384
0.33196,-0.553319123148454
0.30603,-0.569121195309387
0.27943,-0.584145907126315
0.25219,-0.598387514723427
0.22436,-0.611828757675917
0.19596,-0.624466048857194
0.16704,-0.636285032529462
0.13763,-0.647278131424139
0.10778,-0.657428912180255
0.077508,-0.666738164183504
0.046876,-0.675188254030993
0.015912,-0.6827725493836
-0.015334,-0.68947741644226
-0.046824,-0.695293032885858
-0.078507,-0.700203503201609
-0.11034,-0.704194573119688
-0.14229,-0.7072612800563
-0.17428,-0.709373936748468
-0.20629,-0.710526044030572
-0.23826,-0.710700565446244
-0.27014,-0.709880003195604
-0.30187,-0.708039727353581
-0.33341,-0.705164971077214
-0.3647,-0.701234693545268
-0.39569,-0.696230928303035
-0.42632,-0.690131444575945
-0.45653,-0.682911339024241
-0.48628,-0.674559182653486
-0.5155,-0.665052714693863
-0.54414,-0.654376514641843
-0.57215,-0.642521276130229
-0.59946,-0.629468275914698
-0.62602,-0.615206678476772
-0.65177,-0.59972508780233
-0.67666,-0.583019547694329
-0.70063,-0.565085003364921
-0.72364,-0.545930634567357
-0.74562,-0.525554859251326
-0.76653,-0.503969830112104
-0.78632,-0.481191226619485
-0.80494,-0.457237324812972
-0.82235,-0.432135559101553
-0.8385,-0.405912763999781
-0.85334,-0.378594696587277
-0.86685,-0.350227843140681
-0.87898,-0.320852064977169
-0.8897,-0.290515677471815
-0.89898,-0.259272558629041
-0.90679,-0.227179646903073
-0.9131,-0.194294810508625
-0.91789,-0.160682465564516
-0.92115,-0.126417902750385
-0.92285,-0.0915682720415428
-0.92298,-0.0562070089731908
-0.92154,-0.0204178634794359
-0.9185,0.0157317386555028
-0.91389,0.0521452189718865
-0.90768,0.0887497346519985
-0.8999,0.125449473392357
-0.89053,0.162170004265464
-0.8796,0.198819543740576
-0.86711,0.235317391690363
-0.85308,0.271579611339946
-0.83754,0.307514999405066
-0.82049,0.343051635373359
-0.80197,0.378106040903553
-0.782,0.412603023121871
-0.76063,0.446454484953536
-0.73787,0.479594471393131
-0.71376,0.511955093901881
-0.68836,0.543454588242147
-0.66169,0.574032423457753
-0.6338,0.603625290828918
-0.60473,0.632177421882727
-0.57455,0.659619120289258
-0.54329,0.685901587081067
-0.51102,0.710965279989408
-0.47779,0.734759065835208
-0.44364,0.757248038078984
-0.40866,0.778375020033169
-0.3729,0.798096657843923
-0.33642,0.816375157910889
-0.29929,0.833171482735229
-0.26157,0.848454677520719
-0.22334,0.862186973738234
-0.18465,0.874348924173792
-0.1456,0.884900001102927
-0.10623,0.893828722482976
-0.066638,0.901105009586968
-0.026886,0.906711775947836
0.012955,0.910636744232668
0.052802,0.912863493853795
0.092585,0.91338281722061
0.13223,0.912189090232527
0.17166,0.909277974124754
0.21081,0.904655600928604
0.2496,0.89832571385323
0.28796,0.890297827815589
0.32581,0.880578833714886
0.36308,0.869181062103543
0.39972,0.856136013649086
0.43564,0.841460532135459
0.47078,0.82518165607861
0.50507,0.807326761788598
0.53845,0.787930375373228
0.57086,0.767032051777059
0.60223,0.744667107366737
0.6325,0.720874013679878
0.66162,0.695700240541758
0.68952,0.669184514826593
0.71617,0.641387092164205
0.74149,0.612347002036602
0.76545,0.58212206319332
0.788,0.550768842826649
0.80909,0.518341304122493
0.82869,0.484904539936369
0.84676,0.450523338320221
0.86326,0.415260340698186
0.87816,0.379181972404335
0.89145,0.342370493713738
0.90309,0.304896299049652
0.91306,0.266832841584563
0.92135,0.228261149045368
0.92794,0.189258449858114
0.93284,0.149918661791795
0.93603,0.110324069839252
0.93751,0.0705597465860169
0.93729,0.0307176698973479
0.93537,-0.00911495384482233
0.93176,-0.0488502156842135
0.92648,-0.0883951400945643
0.91955,-0.12765571694757
0.911,-0.166532803995525
0.90084,-0.204941172925564
0.88912,-0.242780152957165
0.87585,-0.279969563137448
0.86109,-0.316411599280022
0.84488,-0.352012361301918
0.82724,-0.386699117790237
0.80825,-0.420374531240324
0.78794,-0.452961765883924
0.76637,-0.484381152803505
0.74359,-0.514561058842938
0.71965,-0.543439049186018
0.69463,-0.570940401703669
0.66856,-0.597020272259955
0.64153,-0.621615548419065
0.61358,-0.644687868633737
0.58479,-0.666191074779012
0.5552,-0.686104342628194
0.5249,-0.704391644322643
0.49394,-0.721036008981784
0.46239,-0.736022236387474
0.43031,-0.749345084924616
0.39777,-0.7610007869377
0.36482,-0.771002326835809
0.33154,-0.779354303672126
0.29799,-0.786069822906369
0.26423,-0.791169051393391
0.23033,-0.794670434472245
0.19633,-0.796613203413902
0.16232,-0.797015765817264
0.12834,-0.795916617326388
0.094462,-0.793346098075243
0.060733,-0.789345958685289
0.027212,-0.783957423981384
-0.0060416,-0.777220123756002
-0.038979,-0.769179360726056
-0.071546,-0.75987994702884
-0.10369,-0.749366386711935
-0.13537,-0.737690387268314
-0.16652,-0.72488962006364
-0.19712,-0.711023439929097
-0.22711,-0.696137477263825
-0.25646,-0.680287198551003
-0.28511,-0.663512225466019
-0.31304,-0.645867788407388
-0.34021,-0.627405272647299
-0.36657,-0.608164012400406
-0.39211,-0.588201938823415
-0.41679,-0.567568012955479
-0.44057,-0.546302408642678
-0.46344,-0.524459048061349
-0.48535,-0.502071622316941
-0.5063,-0.479193278643181
-0.52626,-0.455868925322749
-0.54521,-0.432142702015118
-0.56312,-0.4080492084076
-0.57998,-0.383628857243548
-0.59578,-0.358925302906754
-0.6105,-0.333975890369947
-0.62412,-0.308811507449843
-0.63664,-0.283471417427477
-0.64805,-0.257992812839086
-0.65834,-0.232409848838902
-0.6675,-0.206752937638009
-0.67553,-0.181055671176012
-0.68242,-0.155345528704239
-0.68818,-0.129658737911717
-0.6928,-0.104022446811913
-0.6963,-0.0784775757746947
-0.69865,-0.0530377105610223
-0.69988,-0.0277380324188176
-0.69999,-0.00260763700977123
-0.69898,0.0223304169466677
-0.69688,0.0470367241995924
-0.69367,0.0714970773649637
-0.68939,0.0956739412066728
-0.68404,0.11954190176231
-0.67765,0.143064139156651
-0.67022,0.166218138977419
-0.66178,0.188971668260612
-0.65235,0.21129324728699
-0.64195,0.233153166851892
-0.6306,0.254524264771256
-0.61834,0.275367691931648
-0.60519,0.295651320397932
-0.59118,0.315342218024979
-0.57634,0.334408006413187
-0.5607,0.352817942309727
-0.5443,0.370536351518417
-0.52716,0.387539653627928
-0.50934,0.40378539510866
-0.49086,0.419246944450683
-0.47176,0.433896671602684
-0.45209,0.44769981968143
-0.43188,0.460631932303406
-0.41117,0.47267044776454
-0.39001,0.483787877475806
-0.36843,0.4939686177338
-0.34648,0.503192605926268
-0.32421,0.511437049131882
-0.30164,0.51870006763243
-0.27884,0.524960039845974
-0.25584,0.530209898043109
-0.23269,0.534440001992922
-0.20943,0.537646586095284
-0.18611,0.539823609793474
-0.16276,0.540978425548693
-0.13944,0.541107067381668
-0.11619,0.540211588278235
-0.093054,0.538296107111469
-0.070071,0.535370215192896
-0.047283,0.531445649860726
-0.024736,0.526532801325091
-0.0024646,0.520649302036496
0.01949,0.513813431978347
0.04109,0.506046164963195
0.062296,0.497369028113177
0.083081,0.487812697037916
0.1034,0.477401182680235
0.12324,0.466176217915277
0.14255,0.454164659269758
0.16131,0.441403604755582
0.17949,0.4279300210284
0.19708,0.413794559182314
0.21404,0.399035333344581
0.23035,0.383694060716641
0.246,0.367821550993764
0.26096,0.351459688715948
0.27522,0.334656700428472
0.28876,0.317457081129885
0.30156,0.299900945298651
0.31363,0.282045784508586
0.32494,0.263931768350629
0.33548,0.245598578958877
0.34524,0.227084172060055
0.35422,0.208431209231772
0.36241,0.189677320511931
0.36981,0.170862169324741
0.37641,0.152018290719983
0.3822,0.133171276409012
0.3872,0.114362285520456
0.3914,0.0956214144241334
0.39479,0.0769687045573055
0.39739,0.0584373932783701
0.39919,0.0400479420845694
0.40021,0.0218318172601846
0.40045,0.0038133945479963
0.39993,-0.013974849790454
0.39865,-0.0315098875708905
0.39662,-0.048769849914548
0.39387,-0.0657199193121923
0.3904,-0.0823382639703655
0.38624,-0.0985922254376542
0.38141,-0.114448989033534
0.37592,-0.12988418350267
0.3698,-0.144866411281046
0.36307,-0.159367149777281
0.35577,-0.173346462975162
0.34792,-0.186771362083034
0.33954,-0.199615637072616
0.33067,-0.211844763918204
0.32135,-0.223418743537163
0.3116,-0.234309320366392
0.30146,-0.244483981447276
0.29096,-0.253915365506113
0.28015,-0.262566522849666
0.26906,-0.270408865707837
0.25773,-0.277414233088061
0.24619,-0.283563284178391
0.23449,-0.28882984763694
0.22267,-0.293190666685458
0.21077,-0.296625774662429
0.19882,-0.299126110109589
0.18688,-0.300669784895117
0.17497,-0.301255051195405
0.16313,-0.300881969772062
0.15142,-0.299537580698203
0.13985,-0.297236038951594
0.12847,-0.293983688292359
0.11731,-0.289795478662694
0.1064,-0.284693158527115
0.095786,-0.278691787490657
0.085481,-0.271825252311803
0.075521,-0.26412490484589
0.065931,-0.255627532436906
0.056728,-0.246379389348581
0.047945,-0.236421420532295
0.039588,-0.225809257601731
0.031687,-0.214591199962768
0.024249,-0.202825383625568
0.017285,-0.190573357359029
0.010812,-0.177893303851958
0.0048306,-0.164851189892079
-0.00064655,-0.151508472490861
-0.005624,-0.137933904992566
-0.010093,-0.124190269304229
-0.014062,-0.110346360768976
-0.017528,-0.096465268099346
-0.020504,-0.0826153468301602
-0.022991,-0.0688581880981435
-0.025001,-0.0552560797123096
-0.02655,-0.0418727981834154
-0.027642,-0.0287623537813345
-0.028301,-0.015983816830979
-0.02854,-0.00359019165673533
-0.028377,0.00836857300813293
-0.027835,0.0198430927067704
-0.026928,0.0307928880381762
-0.025685,0.041175133564363
-0.024122,0.0509563627429016
-0.022271,0.0601002100248082
-0.020151,0.0685790522779012
-0.017793,0.0763646689040587
-0.01522,0.0834355152698426
-0.012461,0.0897720472451884
-0.0095448,0.0953574752507079
-0.0065019,0.100176879476849
-0.003358,0.104221239994566
-0.0001475,0.107480531099743
0.0031005,0.109948516670974
0.0063562,0.111622059032442
0.0095868,0.112498761701184
0.01276,0.112577617079785
0.015846,0.111860949797056
0.018811,0.110351068619068
0.021624,0.108052576127787
0.024255,0.104972818263487
0.02667,0.101118457256745
0.028837,0.0964971425501725
0.03073,0.0911217695398114
0.032314,0.0850026638144578
0.033566,0.0781568603740097
0.034452,0.0705983778556353
0.034951,0.0623481892954756
0.035035,0.0534272666545522
0.03468,0.0438590918593297
0.033871,0.0336752934821662
0.032582,0.022905168608808
0.030801,0.0115857661111358
0.028513,-0.000242783235232654
0.025708,-0.0125352145471641
0.022382,-0.0252388922498991
0.018523,-0.0383025785966592
0.014137,-0.0516642648751282
0.0092253,-0.0652584603521742
0.00379,-0.0790181192568627
-0.0021598,-0.0928716857073961
-0.0086077,-0.106740641746431
-0.015548,-0.120551059432804
-0.022955,-0.134220126179492
-0.030814,-0.147668480219439
-0.039102,-0.160815826024815
-0.047792,-0.173580644267766
-0.056858,-0.185883722068222
-0.066272,-0.197648754573814
-0.075997,-0.208797609759107
-0.086006,-0.219260640035806
-0.096259,-0.22896778994107
-0.10672,-0.237854036451485
-0.11736,-0.245865881813424
-0.12813,-0.252946337292303
-0.13899,-0.259044366266557
-0.14991,-0.264123084979342
-0.16084,-0.268143825320514
-0.17175,-0.271082918022428
-0.18259,-0.272915238328693
-0.19332,-0.273623156789628
-0.20391,-0.273203541504435
-0.21432,-0.271658220886581
-0.2245,-0.268986142383512
-0.23442,-0.265199278733474
-0.24404,-0.260312891189856
-0.25332,-0.254344960685029
-0.26224,-0.247330413888079
-0.27074,-0.239287736196416
-0.27882,-0.230266405228952
-0.28641,-0.220288126686425
-0.29351,-0.209403691269945
-0.30007,-0.197649247654092
-0.30608,-0.1850779672417
-0.3115,-0.17173330506995
-0.31631,-0.157664638448453
-0.32049,-0.142924880654749
-0.32403,-0.127575828752984
-0.3269,-0.111670018011981
-0.32909,-0.0952658768047625
-0.33059,-0.0784249557943979
-0.33139,-0.0612095820517093
-0.33148,-0.0436809118969236
-0.33085,-0.0258973539476991
-0.32952,-0.00793552640905503
-0.32746,0.0101525188478132
-0.32468,0.0283066107616869
-0.3212,0.0464545453961784
-0.317,0.0645462386107432
-0.31211,0.0825141451539922
-0.30654,0.100293602775129
-0.30028,0.11783917096186
-0.29337,0.135085558837227
-0.28581,0.151983224334151
-0.27762,0.168482292966428
-0.26883,0.184527017769511
-0.25945,0.200073657715048
-0.24952,0.215067603736976
-0.23905,0.229469606591947
-0.22807,0.243239544094075
-0.21662,0.256330760866964
-0.20472,0.268707856037941
-0.1924,0.280338541977866
-0.1797,0.291187003061025
-0.16665,0.301223416587205
-0.15329,0.310416670917675
-0.13965,0.318743315669161
-0.12577,0.32617977713547
-0.11169,0.332703473222433
-0.097437,0.338303288891041
-0.083059,0.342962565912044
-0.068586,0.346674365776681
-0.054061,0.349430573726065
-0.039515,0.35123162194624
-0.024993,0.35207485513456
-0.01052,0.35197036008621
0.0038591,0.35092386276334
0.018113,0.348947809891253
0.032213,0.346061964749456
0.04612,0.342284060691653
0.059805,0.337637452933528
0.073241,0.332151120145665
0.086396,0.325854316317237
0.099245,0.318781097272326
0.11176,0.310966416542283
0.12393,0.302457718734585
0.13572,0.293293606551787
0.14712,0.283523081225182
0.15812,0.273202257391066
0.16869,0.262376709534518
0.17883,0.251104456628687
0.18852,0.239437149580841
0.19776,0.227434627490702
0.20655,0.215161614343223
0.21486,0.202662709971643
0.22272,0.1900092803789
0.2301,0.177247777726045
0.23702,0.16444006262123
0.24347,0.151636303870402
0.24946,0.13889039979074
0.25498,0.126242699443664
0.26005,0.113743388409092
0.26466,0.10142669169166
0.26884,0.0893422592038554
0.27258,0.0775208865638145
0.2759,0.0659991410680384
0.2788,0.0548020701358177
0.2813,0.0439591484366141
0.28342,0.0335022288936351
0.28515,0.0234416480805886
0.28652,0.0137992944248247
0.28753,0.00458319623749175
0.2882,-0.0041956056115728
0.28855,-0.0125243155766028
0.28858,-0.0204042157056159
0.2883,-0.0278408649937534
0.28774,-0.0348286776617631
0.28689,-0.0413831316308653
0.28577,-0.0475143930671088
0.28439,-0.0532357612869608
0.28276,-0.0585629672266196
0.28088,-0.0635209186979171
0.27876,-0.0681340852368234
0.27641,-0.0724261280218115
0.27383,-0.0764269866192238
0.27103,-0.0801636084715318
0.26801,-0.0836673185062677
0.26477,-0.0869722218775051
0.26131,-0.090113820438282
0.25764,-0.0931204362149611
0.25376,-0.0960212446175367
0.24966,-0.0988527020511481
0.24535,-0.101641331944644
0.24082,-0.104419669251524
0.23608,-0.107209348592219
0.23112,-0.110037321960032
0.22595,-0.112919190625097
0.22055,-0.115883035237636
0.21492,-0.118951314003781
0.20908,-0.12212640940331
0.203,-0.125431254480683
0.19671,-0.128860187110571
0.19018,-0.13242883412689
0.18342,-0.136139808071275
0.17644,-0.139984988906871
0.16922,-0.143969826018017
0.16178,-0.14808081473862
0.1541,-0.152318954232617
0.1462,-0.156667179523264
0.13807,-0.161116365964282
0.12972,-0.165649112811529
0.12113,-0.170263890021363
0.11233,-0.17493493766021
0.1033,-0.179654544753539
0.094049,-0.184408243153907
0.084581,-0.189180157124315
0.074893,-0.193958839456874
0.064992,-0.198729302467063
0.054882,-0.203476313286001
0.044563,-0.208187805475604
0.034045,-0.212847204208002
0.023329,-0.217441418801527
0.012427,-0.221952410152316
0.0013397,-0.226367024615864
-0.0099172,-0.230665349637023
-0.021335,-0.234827781660434
-0.032906,-0.23883628339793
-0.04461,-0.242665381841131
-0.05644,-0.246294120140445
-0.068376,-0.249696205133974
-0.080401,-0.25284404858601
-0.092499,-0.255710587003768
-0.10465,-0.258267049458551
-0.11683,-0.26048121379709
-0.12902,-0.262322757182428
-0.1412,-0.26376309560567
-0.15334,-0.264768567007553
-0.16542,-0.265309870516314
-0.17741,-0.26535478035322
-0.18928,-0.264869756096509
-0.20101,-0.26382868024553
-0.21258,-0.262212328696414
-0.22394,-0.259985587412864
-0.23507,-0.25712387429866
-0.24595,-0.253611979902618
-0.25655,-0.249435510937561
-0.26682,-0.244566574544671
-0.27676,-0.239004354629905
-0.28632,-0.232733158451471
-0.29548,-0.225748155626773
-0.30422,-0.218053643971557
-0.3125,-0.209646621836609
-0.32031,-0.20054070353374
-0.32762,-0.190747972834799
-0.3344,-0.180279174685626
-0.34064,-0.169158673199196
-0.34632,-0.157413952377478
-0.35141,-0.145067052988051
-0.3559,-0.132149968932588
-0.35978,-0.118701983361592
-0.36304,-0.104767314224891
-0.36565,-0.0903782652321542
-0.36761,-0.0755788958689552
-0.36892,-0.0604215788875636
-0.36956,-0.044949196601865
-0.36954,-0.0292179832970582
-0.36884,-0.0132711808899581
-0.36746,0.00284491041498064
-0.36542,0.0190681043029151
-0.36269,0.0353621930632116
-0.3593,0.0516686925621503
-0.35525,0.0679351144422528
-0.35053,0.0841228232026417
-0.34516,0.100183459765385
-0.33914,0.116077189198183
-0.33249,0.131757614062157
-0.32522,0.147181985633649
-0.31733,0.162319351972201
-0.30885,0.177127251243084
-0.29978,0.19157760664253
-0.29014,0.205640249672385
-0.27996,0.219277094337503
-0.26925,0.232459827453166
-0.25803,0.245161728356934
-0.24632,0.257358435789222
-0.23415,0.269021103969006
-0.22154,0.280125787484293
-0.20851,0.29065347903766
-0.19508,0.300590012946658
-0.18128,0.309918460710212
-0.16715,0.318613058465599
-0.1527,0.326664110633989
-0.13797,0.334053265495778
-0.12298,0.340770786872966
-0.10775,0.346814450511317
-0.092332,0.352164784628189
-0.076738,0.356818792462394
-0.060998,0.360773798205358
-0.045144,0.364026248696039
-0.029205,0.366574450790969
-0.013206,0.368421454902289
0.0028204,0.369568664482938
0.018848,0.370021067330905
0.034847,0.36978394706209
0.050792,0.368866127481823
0.066651,0.367274344218113
0.082396,0.365016584949059
0.098004,0.362105472504529
0.11344,0.358548284327295
0.12869,0.35436343853908
0.14371,0.349555757776657
0.15848,0.344136804814979
0.17297,0.338115934195808
0.18716,0.331507921877503
0.20102,0.324324171486607
0.21454,0.316587893437061
0.22767,0.308301644171393
0.2404,0.299480848077146
0.25271,0.290143490934927
0.26457,0.280301746215612
0.27596,0.269970154560445
0.28687,0.259172146145067
0.29727,0.247922875282824
0.30714,0.236237774736438
0.31647,0.22413942992832
0.32524,0.211648138468056
0.33343,0.198781747651315
0.34102,0.185555572295022
0.34801,0.171997178483368
0.35438,0.158128396234399
0.36011,0.143965753604494
0.3652,0.129535741259672
0.36963,0.114857268551062
0.37339,0.099949900362613
0.37648,0.0848404697380949
0.3789,0.0695608246381421
0.38063,0.0541310849951984
0.38167,0.0385760201019857
0.38202,0.0229233255938166
0.38168,0.00720215813980591
0.38065,-0.00855808920656775
0.37893,-0.0243287889956906
0.37653,-0.0400754792880093
0.37344,-0.055774891928143
0.36968,-0.0713914176089087
0.36526,-0.086888045352245
0.36017,-0.102242616816062
0.35444,-0.117416182104649
0.34806,-0.132387105663984
0.34106,-0.14711894300077
0.33345,-0.161579315336136
0.32524,-0.175740225900347
0.31644,-0.189578215461902
0.30707,-0.203066981963664
0.29715,-0.21617890149508
0.28669,-0.228893683482331
0.27571,-0.241190369044995
0.26423,-0.253048296255191
0.25228,-0.264440467821436
0.23987,-0.275350553005491
0.22703,-0.285756731157129
0.21378,-0.295640999734292
0.20015,-0.304981779104479
0.18616,-0.313762833948574
0.17183,-0.321972928373487
0.15721,-0.329583226348315
0.14231,-0.336581292846448
0.12717,-0.342946298163299
0.11182,-0.34865883568993
0.096289,-0.353702134291616
0.080614,-0.358056310424335
0.064831,-0.361700468224733
0.048972,-0.364616633153867
0.033075,-0.366785450793771
0.017174,-0.368190151517642
0.0013122,-0.368809913800802
-0.01448,-0.36863088954555
-0.030157,-0.367634199909089
-0.045689,-0.365809317715915
-0.061028,-0.363139487914521
-0.076143,-0.359616169600825
-0.090989,-0.355227531240029
-0.10554,-0.349973669248361
-0.11974,-0.343842318678085
-0.13358,-0.336846540165441
-0.147,-0.328981952149457
-0.15998,-0.320260006744289
-0.17249,-0.310697404540429
-0.1845,-0.300314818679842
-0.19597,-0.289128346889
-0.20689,-0.277172302365287
-0.21723,-0.264480114911846
-0.22698,-0.251098527185442
-0.2361,-0.237061681096032
-0.2446,-0.222429694883022
-0.25246,-0.207259888123662
-0.25966,-0.191605820413764
-0.26621,-0.175538757398438
-0.2721,-0.159127501285084
-0.27732,-0.142436952505087
-0.28189,-0.125549194082684
-0.28581,-0.108543026686242
-0.28909,-0.0914997100049851
-0.29173,-0.0744926854774883
-0.29376,-0.0576090369982105
-0.29519,-0.0409294195747792
-0.29604,-0.0245342016689407
-0.29632,-0.00849358750468677
-0.29608,0.00710313349933995
-0.29532,0.0221910960638239
-0.29408,0.0366977606824156
-0.29238,0.0505616500468524
-0.29026,0.0637175951888691
-0.28775,0.0761071434981896
-0.28488,0.0876793886807567
-0.28168,0.0983914588167738
-0.2782,0.10819391392884
-0.27445,0.117063521347835
-0.27047,0.124977224640464
-0.26631,0.131905943530518
-0.26198,0.137846689176308
-0.25753,0.14278859172605
-0.25298,0.146737476689971
-0.24836,0.149705628122959
-0.24371,0.151703343477266
-0.23904,0.15276172463827
-0.23438,0.152913495569666
-0.22976,0.152192252672239
-0.2252,0.150639181458238
-0.22071,0.148308228876034
-0.21633,0.145240311629239
-0.21205,0.141501981281486
-0.2079,0.137149311691478
-0.20389,0.132243391495242
-0.20003,0.126847829419022
-0.19631,0.121041426605558
-0.19276,0.114883573771423
-0.18936,0.108453374369238
-0.18612,0.101821449226636
-0.18304,0.0950569726739112
-0.1801,0.0882407278905753
-0.17731,0.0814383104428451
-0.17466,0.0747158593140047
-0.17212,0.0681526821925067
-0.16969,0.0618140863603449
-0.16735,0.0557667900063334
-0.16509,0.0500690821031076
-0.16288,0.0447852740454637
-0.1607,0.0399749852711477
-0.15853,0.0356920093027416
-0.15634,0.031990927728883
-0.15412,0.028910217830605
-0.15183,0.0264960229155106
-0.14945,0.0247841286565732
-0.14695,0.0238078951990046
-0.1443,0.0235973167741356
-0.14149,0.0241635625046435
-0.13847,0.0255313853976317
-0.13524,0.0276983419434193
-0.13175,0.0306766062624827
-0.12798,0.0344671458684345
-0.12392,0.0390540168166588
-0.11953,0.0444298031536686
-0.1148,0.0505715550547368
-0.10969,0.0574662107366127
-0.1042,0.06507909018823
-0.098291,0.0733875247109705
-0.09196,0.0823522148732156
-0.085185,0.0919352935045979
-0.077953,0.102094172292683
-0.070249,0.112784883408228
-0.062066,0.123957451825022
-0.053393,0.135561235487425
-0.044225,0.147541890171247
-0.034556,0.159844237086191
-0.024385,0.17241019741921
-0.013714,0.185178720257146
-0.0025421,0.198090202416538
0.0091213,0.211080288307795
0.021268,0.224083536264816
0.033894,0.237038655090851
0.046979,0.249877491429622
0.060508,0.262532337077789
0.074469,0.274940135488422
0.088835,0.287032471839998
0.10359,0.298746901329005
0.11869,0.310007103041215
0.13413,0.320756820593524
0.14987,0.330931995801654
0.16587,0.340464420753426
0.18209,0.34928479614473
0.19851,0.357340036510059
0.21507,0.364562445538038
0.23174,0.370897035535421
0.24847,0.376286246528898
0.2652,0.380665104234015
0.28191,0.383994495587403
0.29852,0.386213372000389
0.31499,0.387274756526545
0.33127,0.387137418135769
0.3473,0.385759023087999
0.36303,0.383105432202055
0.3784,0.379143185221645
0.39336,0.373848212705644
0.40786,0.367205211671831
0.42183,0.359192112218581
0.43523,0.349804693039664
0.44801,0.33904635985172
0.4601,0.326912295866942
0.47146,0.313413846596483
0.48204,0.298568144121455
0.4918,0.282404365281343
0.50068,0.264946241100403
0.50865,0.246235040506823
0.51566,0.226310620785645
0.52168,0.205225736765451
0.52667,0.183035006269422
0.53061,0.159808113206981
0.53345,0.135603028153825
0.53519,0.110503843127746
0.53579,0.084583974480979
0.53525,0.0579359007749054
0.53354,0.0306428064508022
0.53066,0.00280028896838735
0.52661,-0.0254887115705805
0.52138,-0.0541256351836687
0.51497,-0.0830109068910806
0.5074,-0.112032276195978
0.49867,-0.141085379678207
0.4888,-0.170060579328254
0.47781,-0.198847337534268
0.46572,-0.227337813528476
0.45256,-0.255422345105125
0.43835,-0.283000692896563
0.42313,-0.309968714789746
0.40694,-0.336222554816656
0.38982,-0.361662040378401
0.37181,-0.386193357466031
0.35295,-0.409731074391012
0.3333,-0.432184788244992
0.31291,-0.453470691992223
0.29183,-0.4735133424292
0.27012,-0.492239487488017
0.24783,-0.509587834172959
0.22503,-0.525494425340256
0.20178,-0.539903105344432
0.17813,-0.552773746226285
0.15415,-0.564066271422988
0.1299,-0.573749950085815
0.10545,-0.581795829012934
0.080847,-0.588194971583105
0.056162,-0.592937854861197
0.031451,-0.596026592662145
0.0067763,-0.597468691710595
-0.017808,-0.597282565159512
-0.042249,-0.595496474151883
-0.066485,-0.592139977117064
-0.090473,-0.587257290156297
-0.11416,-0.580896396086819
-0.1375,-0.573112687278106
-0.16045,-0.563968690159344
-0.18297,-0.553533598481674
-0.20502,-0.541880443022572
-0.22656,-0.529083644830668
-0.24756,-0.515224336320311
-0.268,-0.500394415220924
-0.28784,-0.48467728478995
-0.30705,-0.468154668178867
-0.32563,-0.450926870765285
-0.34354,-0.433076806295365
-0.36077,-0.414693164945459
-0.37732,-0.395874086793494
-0.39315,-0.376692851858647
-0.40828,-0.357244776713309
-0.42268,-0.337603041153044
-0.43635,-0.317842788830631
-0.44929,-0.298038271264227
-0.46151,-0.278267945240061
-0.47299,-0.25858886397096
-0.48375,-0.239068335464422
-0.4938,-0.21977217787775
-0.50312,-0.20074049134421
-0.51175,-0.182035342726674
-0.51967,-0.163689874812266
-0.52692,-0.145756794693202
-0.53349,-0.128265591851563
-0.5394,-0.111247833971332
-0.54467,-0.0947353167281771
-0.54931,-0.0787511905447528
-0.55333,-0.0633104404049505
-0.55674,-0.0484204945958177
-0.55957,-0.0340967245750506
-0.56182,-0.020337780604098
-0.56351,-0.00714314980025071
-0.56465,0.00549487946003455
-0.56526,0.0175826825615991
-0.56534,0.0291406119500481
-0.56491,0.0401853630793259
-0.56397,0.0507454081786594
-0.56253,0.06085090671166
-0.5606,0.0705328900456282
-0.55819,0.0798225379464835
-0.55529,0.0887653451805904
-0.55191,0.0974025515227324
-0.54805,0.105778433799593
-0.54371,0.11393866353193
-0.5389,0.121921509805192
-0.5336,0.129780485049286
-0.52781,0.137565191940965
-0.52153,0.145320747187301
-0.51476,0.153087389445924
-0.50748,0.16091504802181
-0.4997,0.168837827793322
-0.49139,0.176905600695324
-0.48255,0.185157265589186
-0.47318,0.193621647045104
-0.46327,0.202325845596196
-0.4528,0.211301999486042
-0.44177,0.220570411740798
-0.43016,0.230155833851271
-0.41798,0.240063485750961
-0.40521,0.250304605243363
-0.39185,0.260879905421531
-0.37789,0.27178871305398
-0.36332,0.283028983539683
-0.34814,0.294589968381827
-0.33235,0.306453938767171
-0.31594,0.31860516695581
-0.29892,0.331014947783783
-0.28128,0.343659469570473
-0.26302,0.356511930395706
-0.24416,0.369528893743925
-0.2247,0.382669325467379
-0.20464,0.395895113896951
-0.184,0.409156660675173
-0.16279,0.422403781863799
-0.14104,0.435572347738961
-0.11875,0.44861089000164
-0.095945,0.461461082317779
-0.072655,0.474057017098418
-0.048901,0.486335201086359
-0.024718,0.498225572856847
-0.00013139,0.509661931513203
0.024821,0.520573969029699
0.050106,0.530893637566875
0.075683,0.540551305809581
0.10151,0.549477208192056
0.12754,0.557599974128541
0.15374,0.564859566351516
0.18005,0.571187121415935
0.20643,0.57652371412182
0.23282,0.580805657723761
0.25917,0.583974986439569
0.28542,0.585972977090893
0.31153,0.586757152807945
0.33742,0.586270203455193
0.36305,0.584474492791059
0.38836,0.581334990011362
0.41329,0.576820246026124
0.43778,0.570903079510058
0.46176,0.563553612237892
0.4852,0.554770697178523
0.50801,0.544532537838769
0.53016,0.532846157397613
0.55158,0.519712540492775
0.57222,0.505143052605197
0.59203,0.489157580309304
0.61095,0.47177538749202
0.62893,0.453022515864252
0.64593,0.432937537573593
0.6619,0.41156104262762
0.6768,0.388941865907213
0.69058,0.365127053760186
0.70321,0.3401759650318
0.71464,0.314141686060632
0.72485,0.287093147608417
0.7338,0.259095513923155
0.74146,0.230216615710496
0.74781,0.200532014177095
0.75283,0.170121443724103
0.75651,0.139073190483495
0.75881,0.107457765393103
0.75974,0.0753662589485758
0.75929,0.042888907051187
0.75744,0.0101051952980133
0.75422,-0.0228795111213913
0.74961,-0.0559791108809257
0.74363,-0.0890961292770199
0.73629,-0.122134346462933
0.7276,-0.15500158142253
0.71758,-0.187604477066242
0.70625,-0.219851759366388
0.69364,-0.251649444417203
0.67978,-0.282904468924574
0.66469,-0.313535016917365
0.64841,-0.343456394432251
0.63098,-0.37258453237094
0.61244,-0.400838806103014
0.59283,-0.42814423522684
0.57219,-0.454433126978032
0.55057,-0.47963882798504
0.52804,-0.503683264780892
0.50462,-0.526518967204577
0.48039,-0.548080797415927
0.45539,-0.568321461976688
0.42969,-0.587187886760224
0.40335,-0.604631902469597
0.37643,-0.620611318548459
0.34898,-0.635098023773293
0.32109,-0.64804715702742
0.2928,-0.659439234129718
0.26418,-0.669254259026246
0.23531,-0.677465646173211
0.20624,-0.684065042569446
0.17705,-0.689037461647452
0.14781,-0.692370969930136
0.11857,-0.694071779624223
0.08941,-0.694138941331003
0.060391,-0.692580340558794
0.031581,-0.689406093940392
0.0030457,-0.684630014889848
-0.025152,-0.678271032770086
-0.052955,-0.67035638948525
-0.08029,-0.660907693333813
-0.10711,-0.649961217705281
-0.13336,-0.637558478233402
-0.15898,-0.623740687128965
-0.18391,-0.608547941917654
-0.20812,-0.592040745556781
-0.23155,-0.574272412088913
-0.25417,-0.555311348221219
-0.27593,-0.535221593507534
-0.29679,-0.514069390573904
-0.31673,-0.49193577051221
-0.33572,-0.468904087778741
-0.35372,-0.445049867119751
-0.37072,-0.420462351774701
-0.3867,-0.395231886996454
-0.40164,-0.36944707671384
-0.41554,-0.343207279981522
-0.42837,-0.316595377572658
-0.44015,-0.289715370419773
-0.45086,-0.262655530576489
-0.46051,-0.235510842227317
-0.4691,-0.20837128589791
-0.47665,-0.18133468225071
-0.48314,-0.154472427929858
-0.48861,-0.12787648719212
-0.49307,-0.101630147087175
-0.49653,-0.0758068448126991
-0.49901,-0.0504768431925951
-0.50054,-0.0257126773549408
-0.50114,-0.00157868767862414
-0.50082,0.0218772155281894
-0.49962,0.044600191140813
-0.49757,0.0665393957258955
-0.4947,0.0876492783953973
-0.49103,0.107897879862251
-0.48659,0.127258373400716
-0.48142,0.14570209966977
-0.47555,0.163207766070171
-0.46902,0.179753852837107
-0.46185,0.195334664640178
-0.45408,0.209943252161006
-0.44575,0.223572442661851
-0.4369,0.236215636635218
-0.42755,0.247882196065676
-0.41776,0.25856502911162
-0.40754,0.268281420385404
-0.39696,0.277023916391378
-0.38604,0.284802702207807
-0.37481,0.291634891059025
-0.36333,0.297520899668261
-0.35163,0.302470174898626
-0.33975,0.306492079026628
-0.32773,0.309595921412343
-0.31561,0.311790958891839
-0.30343,0.313086372948556
-0.29122,0.313498628654056
-0.27903,0.31303500981904
-0.26689,0.311710147870539
-0.25485,0.309529546952384
-0.24292,0.306520904354615
-0.23117,0.302684804624332
-0.2196,0.298051812525549
-0.20827,0.292631546834834
-0.1972,0.286446125295661
-0.18643,0.279512397605811
-0.17599,0.271849938844812
-0.1659,0.263487406589669
-0.15619,0.254452629255664
-0.1469,0.244764621446978
-0.13804,0.234456938542813
-0.12964,0.223559131648431
-0.12172,0.212104080882486
-0.11431,0.200119006086531
-0.10742,0.18764053881132
-0.10106,0.174711823054898
-0.095253,0.161370384852566
-0.090007,0.14765918846188
-0.085333,0.133622073436413
-0.081231,0.119310394155209
-0.07771,0.10477336757679
-0.074766,0.0900666009107936
-0.072397,0.0752476845131771
-0.070599,0.0603755270383237
-0.06936,0.0455141999433376
-0.068669,0.0307292241391582
-0.06851,0.0160889542580628
-0.068867,0.00166189741489519
-0.069715,-0.0124788204662643
-0.071032,-0.0262608742948807
-0.072792,-0.0396119356581664
-0.074964,-0.0524583121144404
-0.07752,-0.0647298274778119
-0.080421,-0.0763533337894371
-0.083634,-0.0872601541593916
-0.087121,-0.0973838510376382
-0.090841,-0.106659869413755
-0.094752,-0.115026695286629
-0.098812,-0.122427463977076
-0.10298,-0.12881188837461
-0.10721,-0.134133214871722
-0.11146,-0.138352339542961
-0.11568,-0.141432052115774
-0.11983,-0.143345656621978
-0.12386,-0.144068847894837
-0.12772,-0.143580485866998
-0.13139,-0.141885312117901
-0.13479,-0.138965009785061
-0.1379,-0.134828078044392
-0.14067,-0.129482741999986
-0.14306,-0.122944689795103
-0.14503,-0.115235681943255
-0.14653,-0.106374839930352
-0.14754,-0.0964012379219201
-0.148,-0.0853397842673699
-0.14788,-0.0732258162365251
-0.14716,-0.0601098167416348
-0.14579,-0.0460312069274981
-0.14375,-0.0310418386412084
-0.14101,-0.0151949762035322
-0.13753,0.00146366286553551
-0.1333,0.0188733980740233
-0.12829,0.0369778499461934
-0.12248,0.0557182052848115
-0.11586,0.0750278952167635
-0.1084,0.0948507327602676
-0.1001,0.115118323794509
-0.090949,0.135762536211627
-0.080933,0.156719658301192
-0.070057,0.177917403674726
-0.058313,0.199288359083966
-0.045715,0.220754840263037
-0.032257,0.242248046573724
-0.017959,0.263689277915234
-0.0028267,0.285004888728143
0.01312,0.30611715752424
0.029863,0.326948896235472
0.047376,0.347419779607637
0.065638,0.36745347839485
0.084613,0.386968316050383
0.10427,0.405884691216624
0.12457,0.42412141207213
0.14548,0.441603161142051
0.16695,0.458249370180682
0.18894,0.473985376767593
0.21139,0.488729089560826
0.23426,0.502410032657701
0.25749,0.514954826189514
0.28103,0.52629776345449
0.30481,0.536366956431883
0.32877,0.545095522056114
0.35286,0.552430474988149
0.377,0.558309961471615
0.40112,0.56267471980818
0.42517,0.565484641326161
0.44906,0.566687250312478
0.47273,0.566244383306297
0.49609,0.564108929646499
0.5191,0.560265479040372
0.54165,0.554673499769663
0.56369,0.547318321061974
0.58514,0.538184966621177
0.60591,0.527251848828277
0.62595,0.514522805806257
0.64516,0.499985677795606
0.6635,0.483660666331161
0.68087,0.465549689464265
0.69722,0.445677360788334
0.71247,0.424064220296046
0.72656,0.400742211346154
0.73944,0.375759423481349
0.75103,0.349153875301346
0.76128,0.320976968152324
0.77013,0.291282406233876
0.77755,0.260146750718072
0.78347,0.227633575466883
0.78785,0.193816627067629
0.79067,0.158790774061583
0.79188,0.122643261180813
0.79146,0.0854750552805451
0.78937,0.0473806479939324
0.78561,0.00847626256485825
0.78015,-0.0311298046548977
0.77298,-0.0713239637586401
0.7641,-0.111984275651017
0.75351,-0.152985655905093
0.7412,-0.19421160736309
0.7272,-0.23552653659024
0.71151,-0.276805761386848
0.69416,-0.317915090668809
0.67516,-0.358731652477051
0.65456,-0.399116061924459
0.63237,-0.438949634099477
0.60864,-0.478104721538254
0.58341,-0.516458065626976
0.55674,-0.553879285555635
0.52865,-0.590266199696709
0.49922,-0.625498643044685
0.46851,-0.659460901959804
0.43656,-0.692059695506826
0.40345,-0.723193742371011
0.36924,-0.752773829645332
0.334,-0.780716490693292
0.29782,-0.80693136814047
0.26075,-0.83135557840851
0.22289,-0.853914132704061
0.1843,-0.874554907930129
0.14508,-0.893217053604333
0.1053,-0.909857509540796
0.065044,-0.924439351955417
0.024406,-0.936925178045998
-0.016532,-0.947288021425007
-0.057682,-0.955506532796793
-0.098954,-0.961563875010257
-0.14026,-0.965449634094768
-0.18151,-0.967158193808676
-0.22262,-0.966693176878227
-0.26349,-0.964054469534216
-0.30403,-0.95924703981754
-0.34416,-0.952287865922178
-0.38379,-0.943196378149175
-0.42282,-0.931986643958973
-0.46117,-0.918683341516445
-0.49875,-0.903312124898093
-0.53548,-0.885906583834457
-0.57127,-0.866498809469399
-0.60604,-0.845126574626866
-0.63971,-0.821831531316825
-0.6722,-0.796657614455204
-0.70342,-0.769642252164197
-0.73332,-0.740846385534678
-0.76181,-0.710318851164027
-0.78883,-0.678119718840006
-0.81432,-0.64431657634248
-0.83821,-0.608973907525748
-0.86045,-0.572166753824593
-0.88096,-0.53395442326079
-0.89973,-0.494433625669589
-0.91667,-0.453669352769095
-0.93177,-0.411758284415216
-0.94497,-0.368782875897048
-0.95624,-0.324833853087785
-0.96556,-0.280013289198541
-0.97289,-0.234414567296527
-0.97821,-0.188135992236308
-0.98151,-0.141284193056606
-0.98277,-0.0939618221237954
-0.982,-0.0462872894451987
-0.97918,0.00163415548140595
-0.97432,0.0496890577053688
-0.96743,0.0977609801437839
-0.95853,0.145727425373742
-0.94763,0.193472340656645
-0.93476,0.240873882343297
-0.91995,0.287809533531089
-0.90323,0.334160279191363
-0.88465,0.379799123265363
-0.86424,0.424611656347812
-0.84206,0.468475359362928
-0.81816,0.511272745917036
-0.79259,0.552894452838672
-0.76542,0.593226756862256
-0.7367,0.632171230614635
-0.70653,0.669608429824778
-0.67496,0.705443138205005
-0.64207,0.739581051698071
-0.60795,0.771924771524906
-0.57266,0.802400238611502
-0.53632,0.830910872258866
-0.49899,0.857389935100056
-0.46078,0.881760601204676
-0.42177,0.903963198560816
-0.38206,0.923939724924977
-0.34176,0.941628704068989
-0.30095,0.956990688109966
-0.25974,0.969983847916428
-0.21824,0.980566523387862
-0.17653,0.988721427959417
-0.13473,0.994422728674156
-0.092932,0.99765999275758
-0.051244,0.99842450347902
-0.0097623,0.996718636002477
0.031412,0.9925508796935
0.07218,0.985936800892675
0.11245,0.97690328521499
0.15212,0.965478670564194
0.19111,0.95170859276513
0.22932,0.935637190659024
0.26667,0.917321522212166
0.30308,0.896827995483463
0.33847,0.874229191794907
0.37277,0.849608476324389
0.40589,0.823041176230639
0.43779,0.794631319805558
0.46838,0.764466477626439
0.49762,0.732655682414342
0.52544,0.699300192246739
0.5518,0.664514437479531
0.57666,0.628420304959002
0.59996,0.591127480159295
0.62167,0.552754821711664
0.64176,0.513425095399624
0.66019,0.473253174273593
0.67695,0.432366253513724
0.69199,0.390867991646292
0.70533,0.348891519855575
0.71692,0.306537810405236
0.72678,0.263930335345403
0.73488,0.221169736978543
0.74123,0.178364414021719
0.74584,0.135625352744032
0.7487,0.0930470803471541
0.74983,0.0507296884616198
0.74925,0.008774230884145
0.74697,-0.032728417240501
0.74302,-0.073684104383522
0.73742,-0.114006843674498
0.73021,-0.153605640564312
0.72142,-0.192396198082743
0.71109,-0.230295387549682
0.69926,-0.267224161851038
0.68599,-0.303095001987278
0.67131,-0.337838994585114
0.65529,-0.371375401635609
0.63797,-0.403639210305958
0.61942,-0.434558545465838
0.59969,-0.464073617185928
0.57886,-0.492114685343282
0.55699,-0.518621523536734
0.53414,-0.543544056285474
0.5104,-0.56682041385898
0.48583,-0.588403906104773
0.4605,-0.608254771149767
0.4345,-0.62632593814054
0.4079,-0.642581299047049
0.38078,-0.656987941095544
0.35322,-0.66951718134243
0.32529,-0.680152663762611
0.29708,-0.688874354299127
0.26867,-0.695667892589304
0.24014,-0.7005245515117
0.21156,-0.703448427866866
0.18302,-0.704439687856681
0.15459,-0.703510711803143
0.12636,-0.700669165107957
0.098392,-0.695939938867279
0.070769,-0.689346108802164
0.043556,-0.680922442014338
0.016835,-0.670700047933305
-0.0093363,-0.658724602695644
-0.03488,-0.645037701888518
-0.05974,-0.629692954641404
-0.083852,-0.612746407910219
-0.10715,-0.594253525939518
-0.12959,-0.574284248107936
-0.15112,-0.552912518629591
-0.17167,-0.530200297994624
-0.19121,-0.506227824207046
-0.2097,-0.481080504336659
-0.2271,-0.4548455723085
-0.24336,-0.427601895210628
-0.25846,-0.399441501295234
-0.27237,-0.370456960761835
-0.28507,-0.34074595241708
-0.29653,-0.31039997071186
-0.30675,-0.279524921257338
-0.31569,-0.248205529227352
-0.32336,-0.216543719094919
-0.32976,-0.184644688439878
-0.33487,-0.152598173256124
-0.33871,-0.120508079773906
-0.34126,-0.0884567943727615
-0.34256,-0.0565509062939514
-0.34261,-0.024883448435723
-0.34142,0.00645922753502971
-0.33902,0.0373843758455815
-0.33543,0.0678046884266476
-0.33067,0.0976403112138507
-0.32478,0.126805503087651
-0.31778,0.155227630422938
-0.30971,0.182832563147998
-0.30062,0.209540344458804
-0.29054,0.235284036066908
-0.27951,0.26000238868518
-0.26758,0.283633793152332
-0.25479,0.306126200285276
-0.24121,0.32741527352367
-0.22688,0.347451460012105
-0.21186,0.366184435653578
-0.1962,0.383572770948014
-0.17997,0.399569287143307
-0.16322,0.414138969221774
-0.14602,0.427243486636716
-0.12844,0.438843575858428
-0.11054,0.448908356297495
-0.092389,0.457408552892828
-0.074062,0.464313192013322
-0.055631,0.469593613389451
-0.037167,0.473225142340682
-0.018743,0.475186097242598
-0.00043497,0.475456174852229
0.017679,0.474015719101666
0.035532,0.470854930232912
0.053044,0.465963040972472
0.070143,0.459335238561861
0.08676,0.450974345216235
0.10282,0.440885296576891
0.11825,0.429076525689899
0.13299,0.415569094624907
0.14697,0.400386690667649
0.16012,0.383554859034171
0.17239,0.365115091075222
0.18372,0.345113546522218
0.19405,0.323599201704188
0.20332,0.300622234568831
0.2115,0.27625483505265
0.21854,0.250570390181601
0.2244,0.22364881917691
0.22904,0.19557324943836
0.23244,0.16644199255095
0.23456,0.136348165427649
0.2354,0.105407719715723
0.23493,0.0737296122624
0.23315,0.0414362609700294
0.23005,0.00865003248081059
0.22564,-0.0244955190838595
0.21992,-0.0578691359753516
0.2129,-0.0913379389066774
0.2046,-0.124764378894187
0.19504,-0.158011357703229
0.18426,-0.190931608193266
0.17228,-0.223389039126639
0.15913,-0.255253523963763
0.14486,-0.286389211363961
0.12951,-0.316667484055159
0.11314,-0.345955067825293
0.09579,-0.374134193034545
0.077525,-0.401085199204305
0.0584,-0.426698483101598
0.038479,-0.450869839116589
0.017834,-0.473497323639844
-0.0034708,-0.494490365922924
-0.025361,-0.513763513197121
-0.047761,-0.53123791719165
-0.070596,-0.546843836141832
-0.093782,-0.560515011397307
-0.11724,-0.57219453279603
-0.1409,-0.581842266880527
-0.16466,-0.58941006634525
-0.18845,-0.594869299232297
-0.21217,-0.598186641138828
-0.23576,-0.599356427897921
-0.25912,-0.59836681166648
-0.28216,-0.59520957922021
-0.30481,-0.589895312044457
-0.32698,-0.582435492590008
-0.3486,-0.572857595807501
-0.36958,-0.561187198485249
-0.38984,-0.547455736704848
-0.40932,-0.531713941171779
-0.42792,-0.513997733542129
-0.44559,-0.494367621586824
-0.46225,-0.472880583399526
-0.47785,-0.449611819406512
-0.4923,-0.424619971165216
-0.50556,-0.397986011773464
-0.51756,-0.369784778374752
-0.52826,-0.340106506291055
-0.5376,-0.309036741409302
-0.54553,-0.276662395175917
-0.55202,-0.243083919413372
-0.55702,-0.208395128682104
-0.5605,-0.172696633254366
-0.56242,-0.136084238733426
-0.56277,-0.0986692512690573
-0.56151,-0.0605500139294718
-0.55862,-0.0218262254893211
-0.5541,0.0173896080844497
-0.54793,0.0569928976529935
-0.5401,0.0968813273805702
-0.53062,0.136942898981746
-0.51947,0.177083564654969
-0.50668,0.217189904569539
-0.49224,0.257166145011242
-0.47619,0.296896999361107
-0.45852,0.336292216435838
-0.43928,0.375240508322349
-0.41848,0.413646948559665
-0.39617,0.45140353840029
-0.37238,0.488410220511693
-0.34715,0.524569438586318
-0.32054,0.559774312262355
-0.2926,0.593921544839822
-0.26338,0.626914351995694
-0.23295,0.658649881113309
-0.20137,0.68903142803717
-0.16873,0.71794854651394
-0.13508,0.745313154455174
-0.10052,0.771021505273942
-0.065124,0.794980163311244
-0.028979,0.817097830771932
0.0078239,0.837285299130606
0.045191,0.855456467569703
0.083029,0.871531303982951
0.12123,0.885426979632801
0.15971,0.897079268707532
0.19836,0.906423147463152
0.23707,0.913394920873015
0.27574,0.91794201869003
0.31427,0.920023195578891
0.35255,0.919600990166189
0.39047,0.916642920083744
0.42795,0.911144478578748
0.46486,0.903087751919581
0.50111,0.892474936223034
0.53661,0.879325202801984
0.57125,0.863656905205045
0.60493,0.845495390603629
0.63758,0.824893849481366
0.66909,0.801897577380821
0.69939,0.776574480034122
0.72839,0.748994627773071
0.75601,0.719235840797421
0.78219,0.68739531034729
0.80685,0.653568808765477
0.82992,0.617856076031508
0.85136,0.580379766282349
0.87109,0.541248276966727
0.88907,0.500585240903968
0.90525,0.45851583490003
0.9196,0.415177820369169
0.93207,0.370700452346116
0.94263,0.325217201570108
0.95125,0.278861024740036
0.9579,0.231760493092094
0.96257,0.184051507709527
0.96525,0.13587170066855
0.96591,0.087341026014058
0.96457,0.0385982836857288
0.96121,-0.0102365445483302
0.95584,-0.059040438013761
0.94846,-0.107699433608903
0.9391,-0.156088588377086
0.92775,-0.204107916825441
0.91445,-0.251644175857757
0.89922,-0.298592202056112
0.88207,-0.344864517876071
0.86306,-0.390354260018755
0.8422,-0.434979765735722
0.81954,-0.478653296104025
0.79511,-0.521300369890657
0.76898,-0.562830616372253
0.74117,-0.603181250023607
0.71174,-0.642284828011597
0.68076,-0.680065563474083
0.64827,-0.716466127734824
0.61434,-0.751424386595189
0.57903,-0.784884345331152
0.54242,-0.816782597257255
0.50457,-0.84706715527549
0.46556,-0.875682730666024
0.42546,-0.902581124899673
0.38436,-0.927707210315404
0.34233,-0.951017372829869
0.29947,-0.972457076415337
0.25585,-0.991987419988845
0.21157,-1.00956174143487
0.16671,-1.02514392551106
0.12137,-1.03869327998871
0.075652,-1.05016575522606
0.02963,-1.05953717943511
-0.016587,-1.06677486469551
-0.062909,-1.07185486225784
-0.10924,-1.07475712762303
-0.15549,-1.07547037994422
-0.20155,-1.07397727647657
-0.24734,-1.07027809297854
-0.29276,-1.06437308785651
-0.33772,-1.0562704511608
-0.38212,-1.04597767754597
-0.42589,-1.03352418307211
-0.46893,-1.01893455943941
-0.51116,-1.00224408422399
-0.55249,-0.983488708926636
-0.59286,-0.96272651629957
-0.63217,-0.940002626066125
-0.67037,-0.915387759968091
-0.70738,-0.888949442505582
-0.74313,-0.860758406240263
-0.77757,-0.830901006133193
-0.81063,-0.799459184567051
-0.84226,-0.766523963582344
-0.87241,-0.732191231310295
-0.90103,-0.696558164212926
-0.92808,-0.65972764607497
-0.95352,-0.621804227501616
-0.97731,-0.582890767986263
-0.99942,-0.543093109848364
-1,-0.487853309093027
-1,-0.421339728327584
-1,-0.347643212462802
-1,-0.270272564965566
-1,-0.192186959776733
-1,-0.115831736073072
-1,-0.0431768299429967
-1,0.0242429116081337
-1,0.0852862735561307
-1,0.139163777172597
-1,0.185396000425699
-1,0.223772708012449
-1,0.254313315598295
-1,0.27722913905548
-1,0.292887803525671
-1,0.301780111233203
-1,0.304489593023984
-1,0.30166489813611
-1,0.293995110933152
-1,0.282188023164703
-1,0.26695133640648
-1,0.248976722078632
-1,0.22892662603806
-1,0.20742367119692
-0.98336,0.197352901249634
-0.96146,0.200432295993992
-0.93819,0.214873522107074
-0.91358,0.23894944117928
-0.8877,0.27098292670413
-0.86057,0.309405684536253
-0.83224,0.352746033305308
-0.80277,0.39963348888443
-0.77218,0.448838730738285
-0.74055,0.499229904021239
-0.7079,0.549825118385365
-0.6743,0.599750805755959
-0.63978,0.648273015135947
-0.60441,0.694760755179014
-0.56823,0.738706290144809
-0.53128,0.779716694600469
-0.49363,0.817482323750856
-0.45532,0.851793912913871
-0.4164,0.882524357378008
-0.37691,0.909626782189016
-0.33692,0.933101316038211
-0.29646,0.953018778965657
-0.2556,0.969478629879211
-0.21437,0.982633309786428
-0.17284,0.992647089454292
-0.13104,0.999721508688183
-0.089038,1.00405694926215
-0.046877,1.00586800525789
-0.0046024,1.00537495034423
0.03773,1.00279052286009
0.080071,0.998321770180022
0.12237,0.992165507265058
0.16458,0.984508383195641
0.20664,0.975513962968475
0.24851,0.965338602447633
0.29013,0.954113935651673
0.33145,0.941955441439143
0.37243,0.928969642531531
0.413,0.915230458833021
0.45312,0.900805286072489
0.49273,0.885739143659282
0.53179,0.870072029336177
0.57023,0.853816034992641
0.60802,0.836989392130083
0.64508,0.819577196013754
0.68139,0.801581986396292
0.71687,0.782975340454841
0.75149,0.763741056081702
0.78518,0.743843113670635
0.8179,0.723252189720171
0.84961,0.701944715528356
0.88024,0.679879838779277
0.90974,0.657018322072925
0.93809,0.633345177169775
0.9652,0.608813376829313
0.99106,0.583410295795516
1,0.545565848403304
1,0.492178541786236
1,0.427762337202334
1,0.356253909691219
1,0.281037833896468
1,0.204975924018116
1,0.130440040596266
1,0.059347638918526
1,-0.00680067601028403
1,-0.0668823095737238
1,-0.120113242091053
1,-0.166008640120934
1,-0.204344098693386
1,-0.235118032714581
1,-0.25851566500102
1,-0.274874985297895
1,-0.284654981402021
1,-0.288406371973475
1,-0.286745002281059
1,-0.280328000174876
1,-0.269832730918917
1,-0.255938536792725
1,-0.239311200996111
1,-0.220590035571252
1,-0.20037745982043
1,-0.179230908921359
1,-0.157656891875034
1,-0.136107003210594
1,-0.114975683585664
0.98427,-0.106236710629657
0.95494,-0.117684076922394
0.92387,-0.146345918434679
0.89111,-0.189369787404921
0.85671,-0.244052565274606
0.82075,-0.307842574747529
0.78327,-0.378392815165871
0.74435,-0.453542720237022
0.70405,-0.531345957621609
0.66245,-0.610060288731064
0.61964,-0.688143747211467
0.57568,-0.764277864058126
0.53066,-0.837337831004886
0.48467,-0.906386936563414
0.4378,-0.970668237800934
0.39013,-1.02960137812583
0.34176,-1.08275383085794
0.29278,-1.12983644588969
0.2433,-1.17067414171118
0.1934,-1.20521634467942
0.14318,-1.2335051105487
0.092732,-1.25566754690197
0.042168,-1.27188649937227
-0.0084222,-1.28240632859109
-0.058941,-1.28751337503211
-0.10929,-1.28752386415779
-0.15937,-1.28277291547506
-0.2091,-1.27361877273316
-0.25836,-1.26040283609732
-0.30708,-1.24348324162618
-0.35515,-1.22319448216379
-0.4025,-1.199874228508
-0.44901,-1.17381790368436
-0.49461,-1.14531676154477
-0.53921,-1.11463658807925
-0.58274,-1.08203050433117
-0.62509,-1.04770498322245
-0.6662,-1.01186000893835
-0.70599,-0.974669660646886
-0.74437,-0.936274389562379
-0.7813,-0.89681992158077
-0.81668,-0.856407037731969
-0.85046,-0.815133553932306
-0.88257,-0.773076413881934
-0.91296,-0.73030736988677
-0.94158,-0.686890963727458
-0.96836,-0.642868305925476
-0.99327,-0.598288999569732
-1,-0.541163017196773
-1,-0.470630288516571
-1,-0.391332522727846
-1,-0.307261254193424
-1,-0.221793289688103
-1,-0.137729961547675
-1,-0.0573393767134982
-1,0.0175991638451072
-1,0.0857493888663536
-1,0.146171702949273
-1,0.19827698258406
-1,0.241781184517904
-1,0.276661354587936
-1,0.303113544925356
-1,0.321513064290335
-1,0.332377402791746
-1,0.336332090525566
-1,0.334079671490008
-1,0.326371900902275
-1,0.313985206816309
-1,0.29769939648571
-1,0.278279534722307
-1,0.256460875820073
-0.97994,0.247777254642895
-0.95484,0.253351317212606
-0.92806,0.27128432350026
-0.89966,0.299716296837365
-0.86972,0.336836104317856
-0.83828,0.380935439606584
-0.80543,0.430385646038138
-0.77121,0.483693254537954
-0.73572,0.53946197801907
-0.699,0.596450183576681
-0.66115,0.653526098979112
-0.62222,0.709711653531672
-0.58231,0.764141087271504
-0.54149,0.816084872137575
-0.49983,0.86494410925869
-0.45741,0.910235909789027
-0.41432,0.951579110844211
-0.37063,0.988702670279872
-0.32644,1.02141283003638
-0.28181,1.04961653885965
-0.23683,1.07328597278761
-0.19158,1.09245777240027
-0.14615,1.10721582078053
-0.10062,1.11769073319037
-0.055066,1.12405355904615
-0.009578,1.12649607695643
0.035764,1.12523182775497
0.080879,1.12048793558988
0.12568,1.11249415196351
0.17009,1.10148547606525
0.21402,1.08768755353346
0.25739,1.07132038871779
0.30013,1.05260194874092
0.34216,1.03173608185643
0.38338,1.00889551321412
0.42374,0.984260500669526
0.46314,0.957975655353638
0.50152,0.930182470976008
0.5388,0.901001107536277
0.57491,0.870538343015246
0.60978,0.838886839873614
0.64335,0.806132248473203
0.67555,0.772344272272776
0.70632,0.737584634315229
0.73559,0.701898885818129
0.76333,0.665347195093755
0.78947,0.627969623403065
0.81396,0.589803040322107
0.83677,0.550894845286326
0.85784,0.511276797037315
0.87714,0.470988717489531
0.89464,0.430075217538061
0.91031,0.388582961740095
0.92411,0.346551029122309
0.93604,0.304040332785242
0.94607,0.261105012421558
0.95419,0.217806544464016
0.9604,0.174217529768609
0.96468,0.130402274362492
0.96705,0.0864457234769999
0.96749,0.0424170711983372
0.96603,-0.00159260763302601
0.96267,-0.0454997756043538
0.95743,-0.0892149799152331
0.95033,-0.132646978359426
0.94139,-0.175706129503914
0.93064,-0.218299710354137
0.91811,-0.260335639253108
0.90384,-0.301718082705793
0.88786,-0.342358824509927
0.87021,-0.38217146335124
0.85093,-0.421074107989165
0.83007,-0.458984051494628
0.80768,-0.495820906029852
0.78381,-0.531509077358697
0.7585,-0.565987043416714
0.73182,-0.599184892998229
0.70381,-0.631050814635544
0.67455,-0.661520198777155
0.64407,-0.690557625886419
0.61246,-0.718108586936447
0.57976,-0.744142409193872
0.54604,-0.768627048949465
0.51137,-0.791530983904938
0.47581,-0.812832090455364
0.43943,-0.832509739176905
0.40229,-0.85055315271968
0.36446,-0.866953066777078
0.32601,-0.88170233416525
0.287,-0.894803717698092
0.24751,-0.906253692660406
0.2076,-0.916059101290576
0.16734,-0.924228083152857
0.1268,-0.930770094523204
0.08605,-0.935695850400608
0.045157,-0.939019426852537
0.0041866,-0.940758650928855
-0.036789,-0.940929367043901
-0.077704,-0.939550445819264
-0.11849,-0.936641051706159
-0.15908,-0.932221359880989
-0.1994,-0.926306862119995
-0.2394,-0.918926797288031
-0.279,-0.910098687152754
-0.31814,-0.899845068069725
-0.35676,-0.888192025459548
-0.39479,-0.875160504785875
-0.43216,-0.860766809915224
-0.46883,-0.845045290811403
-0.50473,-0.828021775487913
-0.5398,-0.809721943269093
-0.57397,-0.790163255230012
-0.6072,-0.769378228365115
-0.63942,-0.747388416864421
-0.67058,-0.724220692064616
-0.70063,-0.699905417218553
-0.72951,-0.674467480437809
-0.75717,-0.647933984886548
-0.78356,-0.620332979308745
-0.80864,-0.591699799019734
-0.83235,-0.562059790101108
-0.85466,-0.531451611013472
-0.87552,-0.499908678005024
-0.89489,-0.467466524960161
-0.91274,-0.434168666119456
-0.92902,-0.400048916434435
-0.9437,-0.365146960426748
-0.95675,-0.329505941842588
-0.96815,-0.293177822637668
-0.97786,-0.256205274623025
-0.98587,-0.218644287883693
-0.99215,-0.180545051711646
-0.99669,-0.141966265780348
-0.99945,-0.102949451215334
-1,-0.0632323227985027
-0.99967,-0.0236158856237305
-0.99709,0.0162595912988757
-0.99272,0.0563269394463138
-0.98655,0.0965250552932366
-0.97858,0.136792329437294
-0.96883,0.177053987722434
-0.95729,0.217249222895202
-0.94398,0.257308346288185
-0.92892,0.297156810484152
-0.91212,0.336725984771808
-0.89359,0.375954315377543
-0.87338,0.414758513202825
-0.85149,0.453077467756679
-0.82796,0.490840520716219
-0.80282,0.527979143605579
-0.77611,0.564421508140483
-0.74785,0.600110398787959
-0.7181,0.634972909668285
-0.68689,0.668948205923469
-0.65427,0.701972611212744
-0.6203,0.733975066796449
-0.58501,0.764903249054742
-0.54847,0.794692373182423
-0.51074,0.823277354588206
-0.47187,0.850602613805222
-0.43193,0.87660755290501
-0.39098,0.90123717035974
-0.3491,0.92442827983403
-0.30636,0.946120799071526
-0.26283,0.966259370565544
-0.21858,0.984794552464784
-0.17371,1.00166143598198
-0.12828,1.01681457637556
-0.082377,1.03020609077793
-0.036087,1.04178878102325
0.010506,1.05151936168246
0.057316,1.05935799597926
0.10426,1.06527152504225
0.15124,1.06922257551458
0.19817,1.07118084432122
0.24497,1.07112756173833
0.29154,1.06903955167867
0.3378,1.06490606464469
0.38365,1.05871241733381
0.429,1.05044907369388
0.47376,1.04011140815115
0.51785,1.02770676442415
0.56117,1.01323762425695
0.60365,0.996725119876385
0.64518,0.978175697691255
0.68569,0.95761376340536
0.7251,0.935070515223548
0.76332,0.910574741505325
0.80028,0.884167613622947
0.83591,0.855899460173962
0.87012,0.82581210049929
0.90284,0.793954359343615
0.93402,0.760394347063725
0.96358,0.72519184513824
0.99146,0.688413197789356
1,0.637107666596026
1,0.569209354032297
1,0.489807570308818
1,0.403325864153745
1,0.313552251437693
1,0.223674203856709
1,0.136317565465655
1,0.0535885307529708
1,-0.0228821848994052
1,-0.0918938285950641
1,-0.152629549721161
1,-0.20461053902859
1,-0.247651038264683
1,-0.281814811909866
1,-0.307373588028645
1,-0.324767888748588
1,-0.334570584871801
1,-0.337453425640437
1,-0.334156715378188
1,-0.325462234915669
1,-0.312169438354933
1,-0.295074895517099
1,-0.274954897762843
1,-0.252551099961596
1,-0.22855903419363
1,-0.203619301111816
0.9967,-0.180752591087005
0.96931,-0.177760532102441
0.94027,-0.191931350053056
0.90964,-0.220635461308633
0.8775,-0.261341080786848
0.84391,-0.311657735997071
0.80895,-0.369341655824016
0.7727,-0.432314339131353
0.73524,-0.498676137919019
0.69666,-0.566707753739043
0.65704,-0.634883825328613
0.61648,-0.701858624015704
0.57505,-0.766488517053915
0.53287,-0.827787056865359
0.49002,-0.884952399163661
0.4466,-0.937341127739116
0.4027,-0.984465919679393
0.35843,-1.02596790074002
0.31389,-1.06161351385895
0.26917,-1.09128888574953
0.22437,-1.11497740726314
0.17959,-1.13274643350422
0.13492,-1.14474157915995
0.090468,-1.15115910295134
0.046319,-1.15225231787898
0.0025711,-1.14830819400149
-0.040687,-1.13964385630829
-0.083364,-1.12659366930105
-0.12537,-1.10950089724593
-0.16663,-1.088720297554
-0.20705,-1.06459441436153
-0.24655,-1.03745877976414
-0.28506,-1.00764293728292
-0.3225,-0.975456273375882
-0.3588,-0.941191579880857
-0.3939,-0.905128054282886
-0.42773,-0.867519013917486
-0.46023,-0.828597219205046
-0.49134,-0.788572093567041
-0.52103,-0.747650108647063
-0.54923,-0.705999383021239
-0.57591,-0.663781192789999
-0.60103,-0.621138472257451
-0.62456,-0.578201753635895
-0.64646,-0.535079434446354
-0.66671,-0.491872662598833
-0.6853,-0.448680115313557
-0.7022,-0.405579733958287
-0.71741,-0.362651528111137
-0.73091,-0.319958938646312
-0.74272,-0.277578653003351
-0.75282,-0.235565158454387
-0.76123,-0.19398194988177
-0.76795,-0.152882105425894
-0.77301,-0.112329924565441
-0.77642,-0.0723811369920847
-0.77821,-0.0330967958219861
-0.7784,0.00546781993958794
-0.77702,0.0432571770083504
-0.77411,0.0802106066238156
-0.76972,0.116258467566307
-0.76387,0.151348842005479
-0.75663,0.185409407794921
-0.74804,0.218376383281204
-0.73814,0.250195428198383
-0.727,0.280799932150171
-0.71468,0.310123396446101
-0.70122,0.338116790807517
-0.6867,0.364717711447009
-0.67118,0.389870231189741
-0.65472,0.413525921611028
-0.63739,0.435637081474614
-0.61926,0.456158642717386
-0.6004,0.475049621105382
-0.58088,0.492274164258153
-0.56077,0.50780224790015
-0.54015,0.521602670875828
-0.51908,0.533659606368833
-0.49764,0.543955939842471
-0.47589,0.552489435245621
-0.45392,0.559248368430885
-0.4318,0.56422907772368
-0.4096,0.567435071803989
-0.38738,0.56888349679813
-0.36522,0.56858777737064
-0.34319,0.56656586892877
-0.32136,0.562839349857991
-0.29978,0.557447352662296
-0.27854,0.550412923760911
-0.25768,0.541782844910623
-0.23728,0.531592504911328
-0.21739,0.519889613403733
-0.19807,0.506723362961753
-0.17938,0.492143010997223
-0.16136,0.476211482017857
-0.14408,0.458978954296349
-0.12757,0.440513627697513
-0.11188,0.420881636937
-0.097059,0.400146407828499
-0.083135,0.378382952191683
-0.070152,0.355661684633275
-0.058135,0.332061344787466
-0.047118,0.307658445834779
-0.037119,0.282537279793062
-0.028161,0.256782209666239
-0.020259,0.230481032727714
-0.013425,0.203723864720142
-0.0076676,0.176602438889043
-0.00299,0.149210940599664
0.00061083,0.121647194325447
0.0031383,0.0940091644499572
0.004602,0.0663963850316988
0.0050167,0.0389102963504975
0.0044009,0.0116533613097979
0.0027768,-0.0152717280408913
0.00017064,-0.0417624769383891
-0.0033859,-0.067715922050528
-0.0078596,-0.0930310206093781
-0.01321,-0.117606338198178
-0.019395,-0.141342362481934
-0.026369,-0.164141965985274
-0.03408,-0.185908594358353
-0.042477,-0.206550283170019
-0.051504,-0.225978356313648
-0.0611,-0.244106306594031
-0.071206,-0.260854025013652
-0.081755,-0.276143656112644
-0.092682,-0.289903599955185
-0.10392,-0.302068618752407
-0.11539,-0.312572359762261
-0.12703,-0.321362798967737
-0.13877,-0.328395822365605
-0.15053,-0.333628359965942
-0.16223,-0.337020197482049
-0.1738,-0.338542733645821
-0.18517,-0.338178322797049
-0.19626,-0.335912043219792
-0.207,-0.331739751576329
-0.21731,-0.325659466418337
-0.22712,-0.317679120441527
-0.23636,-0.307815114702811
-0.24496,-0.296090893243109
-0.25286,-0.282542962814741
-0.25998,-0.267203168225349
-0.26627,-0.250121451469513
-0.27166,-0.23134669117643
-0.2761,-0.210940817510524
-0.27954,-0.188975000412774
-0.28191,-0.1655114864768
-0.28318,-0.140633498643803
-0.28331,-0.11443175361545
-0.28224,-0.0869859469853876
-0.27995,-0.0583944180091984
-0.27641,-0.0287605339693015
-0.27158,0.00181847220401736
-0.26545,0.0332308262116679
-0.25799,0.0653709684228701
-0.24921,0.0981118032762668
-0.23907,0.131349516916645
-0.22759,0.164957805182399
-0.21476,0.198818190115136
-0.20059,0.2328073217943
-0.18509,0.266801722000346
-0.16827,0.300681663328379
-0.15016,0.334319458360686
-0.13076,0.367607256409688
-0.11012,0.400419813330038
-0.088269,0.432637483628725
-0.065237,0.464148365813743
-0.041068,0.494840258521224
-0.015804,0.524606050325922
0.010502,0.553338341521176
0.037802,0.580936972464503
0.066036,0.607302349140437
0.095148,0.632341898369626
0.12508,0.655970663499507
0.15575,0.678095323224
0.18709,0.698629628432192
0.21904,0.71750222379714
0.25152,0.73464186579629
0.28444,0.749972894407367
0.31773,0.763433868672714
0.3513,0.774962624938328
0.38506,0.784499032585847
0.41892,0.791987141083846
0.4528,0.797384182937181
0.48659,0.800637887674628
0.5202,0.801705396970349
0.55354,0.80055344889358
0.58652,0.797158263239045
0.61902,0.791482987939557
0.65096,0.783511594783252
0.68224,0.773231255187697
0.71275,0.760625422384132
0.74241,0.745697896801596
0.77112,0.728454685024531
0.79878,0.708904078812592
0.8253,0.687064008343369
0.85059,0.662960281400518
0.87457,0.636632316570451
0.89714,0.608115177294649
0.91824,0.577469529338879
0.93778,0.544753301193777
0.95569,0.510035840117912
0.97191,0.473401567345122
0.98636,0.434930287260298
0.99899,0.394718347686236
1,0.345659877400286
1,0.290119977792791
1,0.230937824870719
1,0.170522469833246
1,0.110879345368314
1,0.0536390230775728
1,8.76385719062144e-05
1,-0.0488015928987591
1,-0.0923363250736754
1,-0.130073013353565
1,-0.161785306688446
0.99465,-0.191391298819119
0.98081,-0.224422883419928
0.96494,-0.26047764625099
0.94705,-0.299152311450242
0.9272,-0.340012728683537
0.90542,-0.382630225800633
0.88175,-0.426581735956711
0.85626,-0.471435498842024
0.82899,-0.51678463074831
0.80002,-0.562222230027365
0.76942,-0.607358722998376
0.73725,-0.651835786960983
0.7036,-0.695307545067365
0.66854,-0.737462389001488
0.63217,-0.778002979197845
0.59458,-0.816659581604145
0.55585,-0.853200308000143
0.51608,-0.887416383404519
0.47537,-0.919124604279756
0.43382,-0.94816875685817
0.39152,-0.974427533861919
0.34859,-0.99779047544439
0.30512,-1.0181826892328
0.26122,-1.03554686800299
0.21699,-1.04985050810255
0.17253,-1.06108364367509
0.12796,-1.06924158273431
0.083361,-1.07435441304206
0.038848,-1.07645580744315
-0.0054827,-1.07559667024086
-0.049534,-1.0718411561837
-0.093209,-1.06526374977405
-0.13642,-1.05595318478207
-0.17906,-1.04399403498839
-0.22106,-1.02949424040527
-0.26233,-1.01256293469794
-0.30278,-0.993307958109517
-0.34235,-0.971855950046175
-0.38094,-0.948316169669594
-0.41851,-0.922825633237052
-0.45497,-0.895503311001298
-0.49028,-0.866487537961906
-0.52437,-0.835906392664803
-0.55719,-0.803890975110009
-0.58869,-0.770571140894287
-0.61882,-0.73607201048468
-0.64756,-0.700533388584275
-0.67486,-0.664080591363832
-0.70069,-0.626838217416038
-0.72503,-0.588933798859186
-0.74785,-0.550485821827472
-0.76913,-0.511609042417455
-0.78887,-0.472426216233038
-0.80705,-0.433047725610291
-0.82366,-0.393577628535062
-0.83871,-0.354126056698949
-0.85219,-0.314789444489269
-0.86412,-0.275671908147295
-0.8745,-0.236865280000597
-0.88334,-0.198455508112677
-0.89066,-0.160527951285989
-0.89648,-0.123164264233312
-0.90083,-0.0864473819891517
-0.90373,-0.0504507150488309
-0.9052,-0.0152370828650408
-0.90528,0.0191270782680611
-0.904,0.0525825315581352
-0.9014,0.0850709612991086
-0.89751,0.116544666825311
-0.89238,0.146951895265716
-0.88604,0.176254688931335
-0.87854,0.204413306881789
-0.86993,0.231388482637851
-0.86024,0.257157994849337
-0.84954,0.281685181298028
-0.83786,0.304953072927636
-0.82526,0.326939592270446
-0.81178,0.347634651155075
-0.79749,0.3670166036643
-0.78243,0.385077907130134
-0.76666,0.401808425379877
-0.75023,0.417204198652883
-0.7332,0.431259524740691
-0.71561,0.443982779307443
-0.69753,0.455371790986667
-0.679,0.465438609148349
-0.66009,0.474184685176699
-0.64084,0.481625487585764
-0.62131,0.487772965454474
-0.60155,0.49264366479394
-0.58159,0.496272517000351
-0.5615,0.498679073851747
-0.54133,0.499885025763425
-0.5211,0.499935622485112
-0.50087,0.498864535228337
-0.48068,0.496710176478903
-0.46056,0.493521291972879
-0.44056,0.489338980957535
-0.4207,0.484219346286647
-0.40102,0.478214346094632
-0.38155,0.471378621243501
-0.36231,0.463774888875403
-0.34334,0.45545585726675
-0.32465,0.446486850088892
-0.30626,0.436934097104096
-0.2882,0.426855242043594
-0.27047,0.416321459446939
-0.2531,0.405390521970764
-0.23609,0.394129785288815
-0.21945,0.382604850594361
-0.20318,0.370885242726745
-0.1873,0.359026667081074
-0.1718,0.347094016932078
-0.15668,0.335150073407298
-0.14194,0.323253833860382
-0.12758,0.311459239562246
-0.11359,0.299821658567263
-0.099956,0.288398625982853
-0.086675,0.27723928287187
-0.073734,0.266391600850344
-0.061122,0.255899349709459
-0.048821,0.245806415596478
-0.036818,0.236151402197705
-0.025098,0.226968593215586
-0.013639,0.218292539302243
-0.002424,0.210152879705203
0.0085637,0.202573778739626
0.019349,0.195579907173142
0.029948,0.189188688727294
0.040388,0.183419044299745
0.050685,0.178281774193908
0.060864,0.17378704661969
0.070949,0.16994307085449
0.08096,0.166752880982577
0.090922,0.164218553485172
0.10085,0.162333557068695
0.11078,0.161099760291512
0.12073,0.160512104817959
0.13071,0.16055385060763
0.14075,0.161213770625903
0.15086,0.162470308193959
0.16107,0.164308689136524
0.1714,0.166712379917388
0.18186,0.169656278473344
0.19245,0.173101464325742
0.20322,0.177035725633163
0.21415,0.181416816703758
0.22526,0.186208883103907
0.23657,0.191382089713826
0.24808,0.196897412921262
0.25979,0.20270943699672
0.2717,0.208768792030697
0.28383,0.21503904425748
0.29616,0.221465633501143
0.3087,0.228003104898267
0.32144,0.234599865185448
0.33437,0.241200877502064
0.34748,0.247749944394219
0.36076,0.254191605176852
0.3742,0.260472675801813
0.38778,0.266536062741001
0.40148,0.272323296618303
0.41528,0.27777663047171
0.42916,0.282840736278001
0.44308,0.28744923841041
0.45704,0.291558542326392
0.471,0.295115368803398
0.48492,0.298060439578011
0.49877,0.300339000625845
0.51253,0.301909204391559
0.52615,0.302718967782115
0.5396,0.302724572490911
0.55283,0.301875857727628
0.56582,0.300141442056038
0.57852,0.297484198428445
0.59089,0.293871223638683
0.60288,0.289266962655107
0.61447,0.283657318785717
0.62559,0.27700936052518
0.63621,0.269305885649341
0.64629,0.26053587876303
0.65579,0.250694055176562
0.66466,0.239772932346235
0.67287,0.227778663991744
0.68036,0.214706447230857
0.6871,0.200565335965208
0.69305,0.185368273445328
0.69816,0.169123938004957
0.70241,0.151859836811893
0.70575,0.133596031520425
0.70814,0.114353707984349
0.70955,0.0941620162881058
0.70994,0.0730485581100903
0.7093,0.0510613185375712
0.70757,0.0282266174630029
0.70475,0.00459710030338759
0.7008,-0.0197842581391039
0.69571,-0.0448611695937198
0.68945,-0.0705828715879629
0.68201,-0.096889618750447
0.67339,-0.123708651606388
0.66356,-0.150980899904849
0.65254,-0.178623023587196
0.64031,-0.206564049114398
0.62689,-0.234715444711279
0.61227,-0.262999272930285
0.59647,-0.291326270894954
0.5795,-0.319608104178028
0.56138,-0.347752463573797
0.54213,-0.375666653817864
0.52177,-0.403260536606946
0.50032,-0.430448879808769
0.47783,-0.457130972158339
0.45431,-0.483226395817414
0.42981,-0.50864419979662
0.40436,-0.533302737376252
0.37801,-0.557115851253325
0.35079,-0.580011466470031
0.32277,-0.601901854236027
0.29398,-0.622719253310866
0.26447,-0.642399704187431
0.23431,-0.660869938487909
0.20354,-0.678074031914304
0.17224,-0.693942666942707
0.14044,-0.70843527467002
0.10823,-0.721491899716714
0.075671,-0.733060723118799
0.042819,-0.743102268714013
0.0097476,-0.751575760220716
-0.023473,-0.758443678797611
-0.056773,-0.763673114645275
-0.090079,-0.76723376293175
-0.12332,-0.769100661181845
-0.15643,-0.769258162838661
-0.18932,-0.767682169111092
-0.22193,-0.764364459387905
-0.25418,-0.759295625583593
-0.286,-0.752473514593434
-0.31733,-0.743909817838168
-0.34808,-0.733605413027629
-0.37819,-0.721575108316652
-0.40761,-0.707852401201727
-0.43624,-0.692448425982713
-0.46405,-0.675408152011027
-0.49097,-0.656773409475393
-0.51693,-0.636582719397765
-0.54189,-0.614893374918596
-0.56579,-0.591761730828619
-0.58859,-0.567256883315436
-0.61024,-0.541449126980313
-0.6307,-0.514415361654885
-0.64993,-0.486235827466075
-0.66789,-0.456991331860561
-0.68456,-0.426775737349397
-0.69989,-0.395668654472111
-0.71388,-0.363772914756803
-0.72649,-0.33117755629332
-0.73771,-0.297980070232101
-0.74753,-0.264281869062342
-0.75593,-0.230177092018012
-0.76291,-0.195765907607456
-0.76846,-0.161142844364751
-0.77259,-0.126409679787226
-0.7753,-0.0916634145254583
-0.77658,-0.0569866634499936
-0.77647,-0.0224846207478285
-0.77497,0.0117523171347934
-0.77209,0.0456413397448591
-0.76785,0.079101252265839
-0.76229,0.112040242197274
-0.75543,0.144375885827422
-0.74728,0.176043652923718
-0.73791,0.206951545386657
-0.72732,0.237040397445228
-0.71557,0.266235484279498
-0.70269,0.294474496874339
-0.68872,0.3217001786607
-0.67371,0.347854263281947
-0.65771,0.37288000052509
-0.64075,0.396738937294365
-0.6229,0.419379587812013
-0.6042,0.440764275998648
-0.5847,0.460860810534043
-0.56446,0.479635621718593
-0.54352,0.497070432157539
-0.52195,0.513138295335698
-0.49979,0.527828858634995
-0.47711,0.541123890222241
-0.45396,0.553014710322807
-0.43038,0.563508568594491
-0.40645,0.572596367104455
-0.3822,0.580293595477012
-0.3577,0.586606088111768
-0.33299,0.591554416880877
-0.30814,0.59514875098934
-0.28319,0.597413201652753
-0.2582,0.59836806299217
-0.2332,0.598052546525602
-0.20825,0.59649820387475
-0.1834,0.593737246946476
-0.15868,0.589816586538899
-0.13416,0.58476435312148
-0.10985,0.57863731881543
-0.085816,0.571472546061379
-0.062082,0.563321372940678
-0.03869,0.55423201533097
-0.015674,0.544254823515918
0.0069321,0.533440581744476
0.0291,0.521843160613519
0.050794,0.509511926512092
0.07199,0.496499759270706
0.092664,0.482860887949251
0.11279,0.468647532546485
0.13234,0.453907219642206
0.15131,0.438699944500422
0.16966,0.423067283700817
0.18739,0.407064163337075
0.20448,0.390739721407718
0.22092,0.374144209448104
0.2367,0.357327111153214
0.2518,0.340328233600843
0.26622,0.323192948499873
0.27995,0.305962134708765
0.29299,0.288678976242463
0.30533,0.271379582064675
0.31697,0.254100394589761
0.32791,0.236876751771707
0.33814,0.219734359566111
0.34766,0.202697456169667
0.35648,0.185795433502107
0.36459,0.169045862850279
0.37199,0.15246331160322
0.3787,0.136073930769363
0.3847,0.119882552600493
0.39001,0.10390590038904
0.39463,0.0881546821423359
0.39855,0.0726267270535992
0.4018,0.057338777171451
0.40436,0.042285077868968
0.40625,0.0274711656935881
0.40747,0.0128964451419676
0.40802,-0.00144488146604874
0.40793,-0.0155407245136377
0.40718,-0.0294021056167237
0.40579,-0.0430290268372993
0.40377,-0.0564202151841848
0.40113,-0.0695735876869116
0.39787,-0.0824940311526493
0.394,-0.0951846919894485
0.38954,-0.107639987583094
0.3845,-0.119854971634845
0.37889,-0.13182545798576
0.37272,-0.143548097262606
0.36602,-0.155005617140421
0.35878,-0.166199655558271
0.35104,-0.177110169577083
0.34281,-0.187722445573878
0.3341,-0.19802653790821
0.32493,-0.208009308719717
0.31533,-0.21764809487265
0.30532,-0.22692063717182
0.29491,-0.235813078236225
0.28412,-0.244311414717678
0.273,-0.252379823210577
0.26154,-0.260010317700241
0.24979,-0.26717331128637
0.23776,-0.273852301073364
0.22548,-0.280027110196081
0.21298,-0.28567527956697
0.20028,-0.290780646882467
0.18742,-0.295317915818428
0.17441,-0.299277441192183
0.16128,-0.302647828907736
0.14807,-0.305409357978996
0.13481,-0.307543676256967
0.12151,-0.309048977152238
0.10822,-0.309907435741284
0.094943,-0.310123722167133
0.081728,-0.309686673384531
0.06859,-0.30859797621231
0.055561,-0.306857222491379
0.042665,-0.304468405728993
0.029929,-0.301436897295545
0.017378,-0.29777066258531
0.0050319,-0.293483456330012
-0.0070821,-0.288588066204101
-0.018946,-0.283103081751593
-0.030534,-0.277045610476903
-0.041832,-0.270439852098265
-0.052813,-0.263305613634961
-0.063466,-0.255670522856987
-0.073771,-0.247561161091643
-0.083707,-0.239001841849543
-0.093266,-0.2300240175685
-0.10243,-0.220656648802438
-0.11118,-0.210925143706874
-0.1195,-0.200853529605189
-0.12739,-0.190475837917638
-0.13483,-0.179818385475712
-0.14181,-0.168907865660204
-0.14832,-0.157770444865111
-0.15435,-0.146431036139677
-0.1599,-0.134920132452651
-0.16495,-0.12325697226938
-0.16951,-0.111473232242134
-0.17356,-0.0995874164791408
-0.17711,-0.0876289261408375
-0.18015,-0.0756201892268689
-0.18269,-0.0635920207607276
-0.18472,-0.0515661947194155
-0.18624,-0.0395638116573505
-0.18727,-0.0276194502629542
-0.18781,-0.015762645435128
-0.18785,-0.00401047975264699
-0.18742,0.00760109888522409
-0.18652,0.0190442946408419
-0.18516,0.0302914444017952
-0.18336,0.0413085612977219
-0.18114,0.0520576901612759
-0.1785,0.0625137059665432
-0.17547,0.072640554013608
-0.17207,0.0824019724336517
-0.16832,0.0917627437543603
-0.16425,0.100682288972533
-0.15988,0.10912444234644
-0.15524,0.117050432472347
-0.15036,0.124420698287058
-0.14525,0.131211175848063
-0.13997,0.137374262473907
-0.13453,0.142881924758341
-0.12898,0.147693374201427
-0.12332,0.151795924540278
-0.11762,0.155148447426715
-0.11188,0.157740079978925
-0.10615,0.15954800364672
-0.10045,0.160562898498391
-0.094816,0.160775077741561
-0.089274,0.160182547383169
-0.083851,0.158789156088146
-0.078572,0.156605160846888
-0.073457,0.153649720583479
-0.068531,0.149945260552486
-0.06381,0.145523175715062
-0.059311,0.140420771778127
-0.055049,0.134680835716034
-0.051034,0.128353331711084
-0.047272,0.121495806664303
-0.043771,0.114169044429713
-0.040531,0.106440832299518
-0.037554,0.0983813739713726
-0.034833,0.0900676195472225
-0.032364,0.0815776579679575
-0.030138,0.0729920360003266
-0.028142,0.0643939679790809
-0.026363,0.0558664293929405
-0.024785,0.0474919911480255
-0.023388,0.0393533891318947
-0.022152,0.0315309768919464
-0.021056,0.0241014318186213
-0.020074,0.0171397265351083
-0.019183,0.0107148104048208
-0.018355,0.00489217074952136
-0.017566,-0.000270696904037238
-0.016785,-0.00471961880161652
-0.015985,-0.00840804456006125
-0.01514,-0.0112981088753072
-0.014221,-0.0133583115504993
-0.013199,-0.0145637012561065
-0.012047,-0.0148973262887375
-0.010737,-0.0143489667978193
-0.0092471,-0.0129191747007184
-0.0075471,-0.0106115802383801
-0.0056209,-0.00744315281088111
-0.0034401,-0.00343256992261046
-0.00098978,0.00139016865175735
0.0017533,0.00699244832100686
0.0048005,0.0133312261982431
0.0081672,0.0203588076528839
0.011868,0.0280241190769173
0.015907,0.0362666832729106
0.020296,0.0450255180289373
0.025032,0.0542297316700675
0.030125,0.0638118146936722
0.035567,0.0736953916542339
0.041354,0.0838019039227742
0.047487,0.0940568441006308
0.053951,0.104379200816449
0.060733,0.114686482347079
0.067827,0.124902549287519
0.075211,0.134946803225202
0.082866,0.144739684975325
0.090777,0.154207858599557
0.098919,0.163277916168231
0.10727,0.171880956638737
0.1158,0.179948053503337
0.12449,0.187420682757572
0.13331,0.194242612864456
0.14223,0.200361464620272
0.15121,0.205722481634456
0.16024,0.210293164899527
0.16926,0.214023392314935
0.17826,0.216887692160525
0.18719,0.218852107732928
0.19602,0.219892084373115
0.2047,0.219977041009387
0.21322,0.219102458671091
0.22151,0.217241097068064
0.22956,0.214392998102014
0.23731,0.210543702125274
0.24473,0.205690096909465
0.25178,0.199831345557564
0.25843,0.192976291519968
0.26462,0.185119565210888
0.27033,0.176274435235485
0.27553,0.166461801334379
0.28016,0.15568631302519
0.28421,0.143976673447834
0.28763,0.131350908667868
0.29039,0.117833001559646
0.29248,0.103466111961092
0.29385,0.0882783370063475
0.29448,0.0723072387633083
0.29436,0.0556045392160947
0.29346,0.0382173264996094
0.29176,0.0201951776079903
0.28925,0.00159579294217745
0.28592,-0.0175181008937149
0.28175,-0.0370888097428775
0.27675,-0.0570421047579004
0.2709,-0.0773146807509449
0.26421,-0.0978316669613855
0.25668,-0.118518425519705
0.24832,-0.139295296061889
0.23913,-0.160088322838857
0.22912,-0.180823002707479
0.21832,-0.201411900580293
0.20673,-0.22178201175391
0.19438,-0.241852102203929
0.18129,-0.261544278066226
0.16749,-0.28077845736242
0.153,-0.299482793517323
0.13785,-0.317587100825109
0.12208,-0.335017536860173
0.10571,-0.351714616853109
0.0888,-0.367603001817244
0.071369,-0.382627478321672
0.053465,-0.396729676616347
0.035131,-0.409854548273415
0.01641,-0.421951802967544
-0.0026548,-0.432976799275476
-0.022014,-0.442886679209483
-0.041617,-0.451640899040049
-0.061422,-0.459208985829334
-0.08137,-0.465557291215936
-0.10141,-0.470657021503615
-0.1215,-0.474491308660575
-0.14158,-0.477040620501877
-0.1616,-0.478291759706296
-0.1815,-0.478230135274084
-0.20124,-0.476855736489196
-0.22075,-0.47415862744697
-0.24,-0.470151200864888
-0.25891,-0.464827003544305
-0.27746,-0.458209367587745
-0.29558,-0.450308450143267
-0.31323,-0.441146090358119
-0.33035,-0.430738519370416
-0.34693,-0.419134315954497
-0.36289,-0.406355379363897
-0.37821,-0.392446152364271
-0.39284,-0.377446100043778
-0.40676,-0.361412004586852
-0.41993,-0.34439846741254
-0.43231,-0.326457000472792
-0.44388,-0.307650115106674
-0.45461,-0.288040164321486
-0.46448,-0.267695107006995
-0.47347,-0.246685569555726
-0.48157,-0.225089764683903
-0.48875,-0.202975027522084
-0.49501,-0.180420148597468
-0.50034,-0.157503452072529
-0.50472,-0.134293161283389
-0.50817,-0.110876832832229
-0.51067,-0.0873253790262216
-0.51224,-0.0637236370299459
-0.51286,-0.0401354387281249
-0.51256,-0.0166425344122218
-0.51134,0.00668369468515086
-0.5092,0.0297826019253095
-0.50617,0.0525821350362305
-0.50225,0.0750256779724291
-0.49746,0.0970563206683019
-0.49183,0.118611598615105
-0.48535,0.139656383000313
-0.47808,0.160127334869861
-0.47,0.179999807838501
-0.46117,0.199222429172772
-0.45158,0.217776007045293
-0.44127,0.235631412699333
-0.43027,0.252760260763958
-0.4186,0.269143472266631
-0.40628,0.284770528673963
-0.39335,0.299623842161249
-0.37982,0.313703297875322
-0.36574,0.326993785718864
-0.35112,0.339498562720601
-0.33599,0.351221266153941
-0.32039,0.362158781024722
-0.30433,0.372325217054257
-0.28786,0.381718988923255
-0.27099,0.390355829990741
-0.25375,0.398250548825129
-0.23617,0.405417119585375
-0.21828,0.411868741498937
-0.2001,0.417625273329809
-0.18165,0.422711634162823
-0.16297,0.42714156578033
-0.14407,0.430941782953568
-0.12497,0.434141494821461
-0.1057,0.436763874823622
-0.086288,0.43882818324667
-0.066742,0.440364863727053
-0.047089,0.441398559491176
-0.027349,0.441953784178235
-0.00754,0.442055772503795
0.012318,0.441728170213092
0.032204,0.440991934225339
0.052106,0.439871894924161
0.071997,0.438384180412231
0.091864,0.436547739762406
0.11169,0.434380232877802
0.13145,0.431891785297952
0.15113,0.429094191708554
0.17071,0.425995712289112
0.19017,0.422601406701667
0.2095,0.418920881907169
0.22866,0.41494483556517
0.24765,0.410678411315467
0.26643,0.406108545088954
0.28499,0.401229899904225
0.3033,0.396028594800478
0.32134,0.390491514718316
0.33909,0.384606410362649
0.35651,0.378347178793786
0.37359,0.371699350034289
0.3903,0.364643366879953
0.4066,0.357148655462824
0.42248,0.349198726455114
0.43789,0.340759289079888
0.45282,0.331812199916112
0.46724,0.322338050686395
0.48111,0.312309585591021
0.49441,0.301708794880661
0.5071,0.290510881972999
0.51917,0.278708514158352
0.53059,0.266293952722457
0.54131,0.253244668428625
0.55134,0.239571296123213
0.56062,0.225259287076489
0.56916,0.21032608244192
0.57692,0.19477760904002
0.58387,0.178617886308034
0.59002,0.161878989286003
0.59533,0.144577906721344
0.59979,0.126741312103798
0.60338,0.108395665735833
0.6061,0.0895814163332054
0.60793,0.0703344824236039
0.60887,0.0507010050156625
0.6089,0.0307193592209005
0.60803,0.0104428095109709
0.60626,-0.0100722249325463
0.60357,-0.0307831330009514
0.59999,-0.0516226907112723
0.59549,-0.072550117600275
0.59011,-0.0934954228987662
0.58383,-0.114411485061475
0.57667,-0.135241500484051
0.56864,-0.155930012811617
0.55976,-0.176416991871555
0.55004,-0.196647994858308
0.53949,-0.216574841441622
0.52814,-0.236141228451826
0.516,-0.255300945093992
0.50309,-0.274010121437416
0.48945,-0.292213538837401
0.47509,-0.309870874647476
0.46004,-0.326940501463131
0.44433,-0.34338126830959
0.42799,-0.359153924427886
0.41103,-0.374237016558944
0.39351,-0.388587473289414
0.37544,-0.402183348863949
0.35686,-0.414998553119231
0.3378,-0.427012177851582
0.3183,-0.438201074551795
0.29838,-0.448556110282965
0.27808,-0.458065315501869
0.25743,-0.466722551565434
0.23648,-0.474512135531877
0.21525,-0.481433655498743
0.19379,-0.487477183604752
0.17212,-0.492647906987617
0.15029,-0.496941193589776
0.12833,-0.500359711656122
0.10628,-0.502904827807027
0.084186,-0.5045726476258
0.062078,-0.505367209764261
0.039989,-0.505296849349679
0.017963,-0.504365227161717
-0.0039683,-0.502581433157082
-0.025767,-0.499954288459966
-0.0474,-0.496495880651494
-0.068834,-0.49222061396934
-0.090034,-0.487143258309645
-0.11097,-0.481282304812025
-0.13161,-0.474657379593886
-0.15193,-0.467294509745488
-0.1719,-0.459219830672977
-0.19149,-0.450458929049194
-0.21068,-0.441043700885529
-0.22945,-0.431010302016516
-0.24777,-0.420389970604956
-0.26562,-0.409216523230383
-0.28299,-0.397532307526546
-0.29986,-0.38537797126923
-0.31621,-0.372791633910674
-0.33203,-0.359815653403779
-0.34731,-0.346494554128453
-0.36205,-0.33288068074502
-0.37622,-0.319008946406068
-0.38983,-0.304928675877361
-0.40288,-0.29069189921526
-0.41535,-0.276336437998683
-0.42726,-0.261916991981373
-0.43858,-0.247463173295702
-0.44935,-0.233035070162387
-0.45954,-0.218663683626075
-0.46917,-0.204392413531765
-0.47824,-0.190258382165346
-0.48676,-0.176299730096116
-0.49473,-0.162546667085861
-0.50217,-0.149036646934035
-0.50908,-0.135796823863126
-0.51548,-0.122859762303315
-0.52137,-0.110246371170453
-0.52677,-0.0979820355865539
-0.53169,-0.0860873168924708
-0.53614,-0.0745779846900476
-0.54014,-0.0634725670500028
-0.5437,-0.0527835822379302
-0.54683,-0.0425180316676918
-0.54955,-0.0326853436974638
-0.55187,-0.0232889355546288
-0.5538,-0.0143269774030634
-0.55537,-0.00580795084184601
-0.55658,0.00227403749667301
-0.55745,0.00992178569674276
-0.55799,0.017143172021394
-0.55822,0.0239427993991603
-0.55814,0.030337516591118
-0.55776,0.036346408560301
-0.55711,0.0419752549563024
-0.55617,0.0472560935665003
-0.55498,0.0521970531674847
-0.55352,0.0568312709152966
-0.55182,0.0611742894959535
-0.54986,0.0652641200291965
-0.54767,0.0691189647871118
-0.54524,0.0727701967883954
-0.54259,0.0762367983753828
-0.5397,0.0795568365482352
-0.53658,0.0827605497623473
-0.53324,0.0858710288226558
-0.52968,0.0889123156586127
-0.52589,0.091915890256695
-0.52187,0.0949109068975835
-0.51763,0.0979163696691863
-0.51315,0.100964654271743
-0.50844,0.104075734565774
-0.50348,0.107281099260313
-0.49828,0.110598341812203
-0.49283,0.114048009922586
-0.48712,0.117652306761271
-0.48114,0.121434002479203
-0.47488,0.12541553996451
-0.46834,0.129610920269576
-0.4615,0.13404156240157
-0.45435,0.138726706202534
-0.44688,0.143683131894597
-0.43908,0.148924993075394
-0.43093,0.154471145535
-0.42242,0.16033614355341
-0.41355,0.166523092637885
-0.40428,0.173055164171683
-0.39461,0.179941318720258
-0.38453,0.187186031162198
-0.37401,0.194804636386221
-0.36304,0.202805844064002
-0.35162,0.211185216605364
-0.33971,0.219957231433987
-0.32732,0.229114079501804
-0.31442,0.238659606500131
-0.30101,0.248584597639722
-0.28706,0.258891586594046
-0.27258,0.269562783233691
-0.25754,0.280593928721875
-0.24195,0.291962072923425
-0.22579,0.303651874944308
-0.20906,0.315639636302712
-0.19175,0.327902857788232
-0.17387,0.340405737412506
-0.1554,0.353124825829552
-0.13636,0.366017634587189
-0.11673,0.379057020127657
-0.096535,0.392195654132711
-0.075767,0.405395622854571
-0.054437,0.418613601825045
-0.032554,0.431804608558642
-0.010126,0.444924352685975
0.012831,0.457924480969536
0.036304,0.470757008954399
0.060277,0.483373468762699
0.084731,0.495724259014022
0.10964,0.507755212627843
0.13499,0.519419022023836
0.16075,0.530662844849673
0.1869,0.54143918822247
0.21339,0.551684233244413
0.24021,0.561352575014775
0.26732,0.570392995789704
0.29468,0.578751299340401
0.32226,0.58638007737559
0.35001,0.593224232003612
0.37789,0.599231705319992
0.40587,0.604362061266134
0.4339,0.608570932705842
0.46192,0.611804989134487
0.48991,0.614035093952911
0.51781,0.615223248102035
0.54557,0.615333162343664
0.57315,0.614338726521691
0.60049,0.612208385325172
0.62755,0.608922266392694
0.65428,0.604463489470673
0.68063,0.598818475714244
0.70655,0.591977097580021
0.73199,0.583932695059763
0.75691,0.574689380283279
0.78124,0.564238043039011
0.80495,0.552589101324011
0.82799,0.539753997022084
0.85031,0.525745031196374
0.87186,0.510575177300632
0.8926,0.494265280835346
0.91249,0.476842238966177
0.93146,0.458315159040534
0.9495,0.438723133122088
0.96655,0.418091588561412
0.98257,0.396449208619554
0.99752,0.373826654071249
1,0.341851228993598
1,0.301409689285144
1,0.2552757325753
1,0.205847368866438
1,0.155165585837468
1,0.10493549625368
1,0.0565494914335259
1,0.0111119113898678
1,-0.0305352543433386
1,-0.0677861041166579
1,-0.100244440781485
1,-0.127697672248163
1,-0.150091358466945
1,-0.167504721108821
1,-0.180127383860304
1,-0.188237562272105
1,-0.192181873825391
1,-0.192356892384021
1,-0.189192527357002
1,-0.183137267376271
1,-0.174645291594401
0.98996,-0.171593098320111
0.97229,-0.178434088093508
0.95305,-0.194050441050697
0.93226,-0.217322765776727
0.90992,-0.247163438262141
0.88606,-0.282507383423306
0.86068,-0.32235003407354
0.83382,-0.365726056538922
0.80549,-0.411744304022574
0.77574,-0.459563504771537
0.74459,-0.50842423374573
0.71207,-0.557643940557327
0.67825,-0.60658960660735
0.64313,-0.654736496383521
0.60679,-0.70160238160077
0.56927,-0.74678268353663
0.53061,-0.789947599377709
0.49088,-0.830815988199339
0.45013,-0.869170272007507
0.40842,-0.90484476717522
0.36581,-0.937722429744235
0.32236,-0.967731008270962
0.27814,-0.994831372490787
0.23322,-1.01901458393977
0.18766,-1.04030605534318
0.14152,-1.05876050461186
0.094884,-1.07443924039956
0.047806,-1.08743145898515
0.00036548,-1.09782948307593
-0.047377,-1.10574138843409
-0.09535,-1.11127855179797
-0.14349,-1.11455925790915
-0.19172,-1.11569542236302
-0.23998,-1.11480442647718
-0.28821,-1.11200578155529
-0.33633,-1.10740344398833
-0.38429,-1.10110879759316
-0.43201,-1.09321447597903
-0.47944,-1.08381800759059
-0.52652,-1.07301105662966
-0.57319,-1.06087821098887
-0.61938,-1.04748870317095
-0.66504,-1.03291224455057
-0.71011,-1.01720952611945
-0.75453,-1.00043214299324
-0.79825,-0.982630121016434
-0.84121,-0.963843200066919
-0.88337,-0.944116240592071
-0.92465,-0.923467112461284
-0.96502,-0.901928060447347
-1,-0.876249545147389
-1,-0.822040647161445
-1,-0.746246304774837
-1,-0.655024880443192
-1,-0.553769723645689
-1,-0.447137970873983
-1,-0.339085709486879
-1,-0.232908531780351
-1,-0.131286450836084
-1,-0.0363321336907046
-1,0.0503585763237295
-1,0.127654833580223
-1,0.194838582577724
-1,0.251552811676051
-1,0.29775102063967
-1,0.333648556905776
-1,0.359676374261981
-1,0.376437665776481
-1,0.384667722933631
-1,0.385197277105477
-1,0.378919489427316
-1,0.366760672144181
-1,0.349654749499154
-1,0.328521399865418
-1,0.304247763417768
-1,0.277673551282344
-1,0.249579352668011
-1,0.220677905662406
-1,0.191608074717487
-1,0.162931262785642
-1,0.135129977944335
-1,0.108608272451317
-1,0.0836937757541807
-1,0.0606410512731855
-1,0.0396360190237122
-1,0.0208012016025866
-1,0.00420156902063605
-1,-0.0101492223453666
-1,-0.0222823804019525
-1,-0.0322674796489819
-1,-0.0402060553947179
-1,-0.0462254085885627
-1,-0.0504727191110281
-1,-0.0531095454588898
-1,-0.0543067700858793
-1,-0.0542400324010911
-1,-0.0530856757303824
-0.97546,-0.0328623154561413
-0.92696,0.0200150124459975
-0.87675,0.0992140259651388
-0.82489,0.198903668561244
-0.77144,0.313776305420421
-0.71647,0.439052570577875
-0.66007,0.570471123812402
-0.60231,0.704302559498985
-0.54326,0.837337184459938
-0.48301,0.966851241371383
-0.42165,1.09058544588272
-0.35926,1.20672590871556
-0.29593,1.31386466126725
-0.23177,1.41095158419084
-0.16685,1.49729191198542
-0.10128,1.57247655639224
-0.035158,1.63635732567529
0.03142,1.68901277736242
0.09835,1.73070714365293
0.16553,1.76185930432915
0.23285,1.78300569223577
0.30021,1.79477984872716
0.36749,1.79787033597599
0.43459,1.79301401072858
0.50139,1.78095878005462
0.56778,1.76245449954446
0.63365,1.73823722665741
0.69887,1.70900117406857
0.76334,1.67541330023368
0.82693,1.63808060330146
0.88952,1.5975541764431
0.95099,1.55432588159515
1,1.50052599599309
1,1.40308895134913
1,1.27276107461461
1,1.11908863813265
1,0.950444869693365
1,0.774069315586744
1,0.596118083213256
1,0.421723339920126
1,0.255060365701352
1,0.0994204386809265
1,-0.0427121360832401
1,-0.169580471308097
1,-0.280074527519593
1,-0.373650910684704
1,-0.450254272754779
1,-0.51024139237353
1,-0.554308849380777
1,-0.583425042333419
1,-0.598767137104419
1,-0.601663380041301
1,-0.593541063838252
1,-0.575880300256566
1,-0.550173632610667
1,-0.517891413507313
1,-0.480452780218753
1,-0.439201981426573
1,-0.395389744693367
1,-0.350159323421321
1,-0.304536824525485
1,-0.259425392686752
1,-0.215602812819832
1,-0.173722088163275
1,-0.13431455598223
1,-0.0977951150555564
1,-0.06446915768688
1,-0.0345408227528645
1,-0.00812221414989126
1,0.0147567401426399
1,0.0341380802836888
1,0.0501255159706658
1,0.0628742605795797
1,0.0725811876509805
1,0.0794754663515819
1,0.0838098010493446
1,0.085852370539849
1,0.0858795350713153
1,0.0841693543667579
1,0.0809959374880949
0.95318,0.0419867832377308
0.89173,-0.0358485314800342
0.82923,-0.143891843749248
0.76586,-0.274264878073455
0.70172,-0.419911644906588
0.63698,-0.574543044550242
0.57176,-0.732670159284634
0.50621,-0.889558922584762
0.44047,-1.04121013079279
0.37467,-1.18432966887248
0.30895,-1.316275792215
0.24345,-1.43501051251705
0.17829,-1.53906208792187
0.11362,-1.62744490389531
0.049556,-1.69963072736083
-0.01377,-1.75547721842014
-0.076239,-1.79518178565897
-0.13773,-1.81922410217731
-0.19813,-1.82831912869169
-0.25733,-1.82336920185424
-0.3152,-1.80540087444866
-0.37168,-1.77557675630917
-0.42663,-1.73508917409863
-0.47998,-1.68518316111418
-0.53164,-1.62710557634047
-0.58151,-1.56207000826279
-0.62954,-1.49127233312707
-0.67563,-1.41582845073073
-0.71973,-1.33679892245067
-0.76177,-1.2551573857141
-0.8017,-1.17179595689405
-0.83947,-1.08751604512895
-0.87503,-1.00302256386384
-0.90835,-0.918935941809948
-0.93939,-0.835781310788827
-0.96813,-0.754004067268725
-0.99454,-0.673962014036141
-1,-0.582175464446248
-1,-0.479576556712
-1,-0.371268022314898
-1,-0.261554982348306
-1,-0.153997496859968
-1,-0.0514667350847439
-1,0.0437962932448755
-1,0.13012048651436
-1,0.206343873734508
-1,0.271753235787325
-1,0.326024964621288
-1,0.369167902427285
-1,0.401468798489613
-1,0.423440913723372
-1,0.435776195135501
-1,0.439301337305689
-1,0.434937947699101
-1,0.423666938952931
-1,0.406497185552337
-1,0.384438405469128
-1,0.35847815997148
-1,0.329562807211921
-0.9912,0.305092513783607
-0.96877,0.294547634238167
-0.94504,0.296151606497186
-0.92008,0.308159317988071
-0.89397,0.328872061497003
-0.8668,0.356651092342124
-0.83866,0.389936894435024
-0.80962,0.427279745552339
-0.77978,0.467326625069652
-0.74922,0.508847017683197
-0.71803,0.550730017913845
-0.68629,0.5919951612977
-0.6541,0.631776853909621
-0.62152,0.66935430058206
-0.58867,0.704098810949065
-0.5556,0.735525813294565
-0.52241,0.763244857803802
-0.48918,0.786969080218311
-0.45599,0.806505632994885
-0.42291,0.821753110138084
-0.39002,0.83268238344458
-0.35739,0.8393340555494
-0.32509,0.841807105673123
-0.29318,0.840255463937627
-0.26173,0.834868823831477
-0.23081,0.82586338998764
-0.20045,0.813503035115667
-0.17073,0.798048259526543
-0.14169,0.779781388986135
-0.11338,0.75898901435732
-0.085834,0.735966651993571
-0.059101,0.710999036655486
-0.033218,0.684364190461603
-0.0082184,0.656330382552233
0.015873,0.627157376191172
0.039019,0.59708188993741
0.061206,0.566332890088338
0.082407,0.535116566067934
0.10261,0.503625656569288
0.12179,0.472026465881425
0.13995,0.440479294829974
0.15706,0.409109857320101
0.17313,0.378041060052615
0.18816,0.347381663883818
0.20213,0.317210091940755
0.21506,0.287606520388932
0.22695,0.258634326749445
0.2378,0.230340384812521
0.24762,0.202763144517959
0.25642,0.17593200192242
0.26421,0.149867072194129
0.27102,0.12459409279057
0.27685,0.100119368391049
0.28173,0.0764545113522529
0.28566,0.0535919214431512
0.28869,0.0315447514003054
0.29082,0.0103046852335955
0.29209,-0.0101249099253466
0.29253,-0.0297394918488546
0.29215,-0.0485491796972489
0.29099,-0.0665541156775722
0.28909,-0.0837470019542206
0.28647,-0.100130075499134
0.28317,-0.115698921624204
0.27922,-0.130451754013593
0.27466,-0.14438199725092
0.26953,-0.157479796193603
0.26386,-0.169740684308776
0.25769,-0.181157618429134
0.25106,-0.191722001625174
0.24402,-0.201417127281952
0.2366,-0.210235273495961
0.22885,-0.218161652343968
0.22081,-0.225183834018477
0.21251,-0.231299271471247
0.20401,-0.236491519872083
0.19534,-0.240755792653578
0.18654,-0.244089664197332
0.17766,-0.246485511783223
0.16874,-0.247939335478088
0.15982,-0.248450365787517
0.15093,-0.248028055797805
0.14212,-0.24667525669681
0.13341,-0.244411796312265
0.12486,-0.241241255318937
0.11648,-0.23719115780994
0.10831,-0.232285561238918
0.10038,-0.226552625726887
0.092722,-0.220021704600638
0.085355,-0.212732039826364
0.078303,-0.204726180215533
0.071589,-0.196049004221424
0.065229,-0.186751279106497
0.059242,-0.176884950826639
0.053635,-0.166510380791625
0.048426,-0.155684917608881
0.043618,-0.14447295943974
0.039217,-0.132940533878902
0.035229,-0.121153072906392
0.031651,-0.10918025472641
0.028485,-0.0970894074153263
0.025725,-0.0849498342242427
0.023365,-0.0728302984376546
0.021397,-0.0607984590187599
0.019814,-0.0489181945711794
0.018604,-0.0372519527867827
0.017752,-0.0258611770830694
0.017249,-0.014799998705747
0.017079,-0.00411993584365057
0.017226,0.0061314451064579
0.017674,0.0159115164930214
0.018408,0.025184005055786
0.019412,0.0339184945545597
0.020667,0.0420883942410097
0.022158,0.0496743744343908
0.023871,0.0566647211592564
0.025784,0.0630487568056915
0.027886,0.0688255449030461
0.030165,0.0740017598890506
0.032597,0.0785816157178222
0.035175,0.082580230321497
0.037885,0.0860163353462441
0.040709,0.0889084960186547
0.04364,0.0912831262071788
0.046661,0.0931651786455312
0.049766,0.094586175859679
0.052942,0.095577163446269
0.056181,0.0961718825662893
0.059472,0.0964033025733099
0.062808,0.0963059877676519
0.066184,0.0959164503953007
0.06959,0.0952681754924797
0.073024,0.0943972719208837
0.076478,0.0933365745418154
0.079949,0.0921190834107871
0.083433,0.0907762673000792
0.086926,0.089337452694971
0.090427,0.087831584275192
0.093932,0.0862841977211412
0.097442,0.0847209689316228
0.10095,0.0831609416834381
0.10447,0.0816326794769702
0.10798,0.0801448714032576
0.1115,0.0787208353405424
0.11502,0.0773726920684937
0.11854,0.0761104249068809
0.12206,0.0749418338837126
0.12558,0.073872558275024
0.1291,0.0729061552148815
0.13262,0.0720442229819619
0.13614,0.0712865585321729
0.13966,0.0706313398450321
0.14318,0.0700753246658845
0.14669,0.0696066601521997
0.15019,0.0692141103278949
0.15369,0.0688944927397324
0.15717,0.0686288991440106
0.16063,0.0684009261833651
0.16407,0.0681965234469476
0.16749,0.0680038341234227
0.17087,0.0677982337073246
0.1742,0.0675527971695737
0.17749,0.067254205487538
0.18072,0.0668782604907519
0.18388,0.0664000320864169
0.18697,0.0658020665714411
0.18996,0.0650512424625205
0.19286,0.0641323077900358
0.19564,0.0630152953333345
0.19831,0.0616888281222567
0.20083,0.0601199274024902
0.2032,0.0582887509586095
0.20541,0.0561792802580804
0.20744,0.053771735366766
0.20927,0.0510439582256854
0.21088,0.0479725898526795
0.21228,0.0445562492558162
0.21343,0.040774492247112
0.21431,0.0366069953796871
0.21493,0.0320564054343221
0.21526,0.0271144041637737
0.21528,0.0217716192791761
0.21498,0.0160256258836469
0.21436,0.00988721849049689
0.21338,0.0033481423672938
0.21205,-0.00357787105878813
0.21036,-0.0108743785047546
0.20828,-0.0185378341687971
0.20583,-0.0265380854118632
0.20297,-0.0348685913867969
0.19972,-0.0434975503839727
0.19606,-0.0524031433822093
0.192,-0.0615499199141722
0.18753,-0.0709071220700472
0.18265,-0.0804411649273726
0.17736,-0.0901170727058662
0.17166,-0.0998996948639551
0.16556,-0.109747316964431
0.15906,-0.119621493921307
0.15216,-0.129487519723203
0.14488,-0.139299942352938
0.13722,-0.1490207687191
0.12918,-0.158619175225751
0.12078,-0.16805632323892
0.11204,-0.177288130513105
0.10296,-0.186282442144258
0.093558,-0.195004477697894
0.083847,-0.203422198556417
0.073846,-0.211502435539028
0.063572,-0.219213722485811
0.053041,-0.226527803984931
0.042274,-0.233416337897827
0.031291,-0.239852682257567
0.020113,-0.245811814911564
0.0087644,-0.251268453822923
-0.0027375,-0.256203315788419
-0.014363,-0.260593583972748
-0.026094,-0.264423065266439
-0.037901,-0.267673191213959
-0.049762,-0.270329801774033
-0.061648,-0.2723777682926
-0.073538,-0.27380777404565
-0.085404,-0.274610528807165
-0.097217,-0.274776535009138
-0.10895,-0.274298111638965
-0.12059,-0.273179846781149
-0.13209,-0.271411195970886
-0.14344,-0.26899728505197
-0.15461,-0.265941161112689
-0.16558,-0.262251722911321
-0.17632,-0.257935152191131
-0.18681,-0.253002853466152
-0.19702,-0.247462907972318
-0.20694,-0.241335444916788
-0.21654,-0.234635120041472
-0.22581,-0.227386703705013
-0.23473,-0.219615175773335
-0.24328,-0.211345114618971
-0.25145,-0.202607587042914
-0.25923,-0.193438118391282
-0.2666,-0.183867524335594
-0.27355,-0.173929407612772
-0.28009,-0.163673502376853
-0.28619,-0.15313161803863
-0.29187,-0.142357192046091
-0.29712,-0.131397416270042
-0.30193,-0.120293098758152
-0.30631,-0.109093474047969
-0.31026,-0.0978457115643186
-0.3138,-0.0866086841310314
-0.31691,-0.0754193615884089
-0.31963,-0.0643402252729955
-0.32195,-0.0534154460832736
-0.32389,-0.0426951893828592
-0.32545,-0.0322180391111307
-0.32665,-0.0220266983000202
-0.32752,-0.0121731293355545
-0.32806,-0.00269286851586657
-0.32829,0.00637828824058481
-0.32823,0.0150056515715038
-0.32789,0.0231641108329742
-0.32729,0.0308299288134733
-0.32645,0.0379814897066643
-0.3254,0.0445924421420047
-0.32413,0.0506632708098446
-0.32267,0.0561868822625045
-0.32104,0.0611580343519426
-0.31926,0.0655734654009634
-0.31733,0.0694467250249952
-0.31526,0.0727974953509244
-0.31308,0.0756354095017043
-0.3108,0.0779768165658924
-0.30842,0.0798506950763143
-0.30594,0.0812956809809302
-0.3034,0.0823278081613781
-0.30077,0.0829964079052929
-0.29809,0.0833247247798069
-0.29534,0.0833588484264394
-0.29252,0.0831473578544517
-0.28966,0.0827174279116646
-0.28673,0.0821226450011024
-0.28374,0.0814068746950915
-0.28069,0.0806123473215187
-0.27757,0.0797861781214182
-0.27438,0.0789706770685191
