-0.37953,0
-0.41443,-0.325955688765357
-0.44868,-0.480450949522398
-0.48219,-0.565262721361381
-0.51493,-0.620802332854192
-0.54682,-0.658330285638137
-0.57781,-0.678501696644267
-0.60784,-0.681283273411761
-0.63688,-0.66988249355508
-0.66485,-0.649041811853506
-0.69173,-0.623006150294872
-0.71747,-0.594494774929435
-0.74202,-0.564957879196971
-0.76534,-0.535084012950054
-0.78741,-0.505191047050274
-0.80819,-0.475360996101412
-0.82764,-0.445567102118585
-0.84574,-0.415771011132884
-0.86246,-0.385915782153414
-0.87778,-0.355953196706868
-0.89168,-0.325841114703169
-0.90413,-0.295529454494795
-0.91513,-0.264999629417554
-0.92464,-0.23420673117426
-0.93267,-0.203142750943933
-0.93919,-0.171782003985722
-0.9442,-0.140116327010551
-0.94768,-0.108131034073431
-0.94965,-0.0758421485365277
-0.95008,-0.0432453083867882
-0.94897,-0.0103479485728727
-0.94634,0.0228171931849835
-0.94218,0.0562213519013511
-0.9365,0.0898221719810346
-0.92931,0.123566457444224
-0.9206,0.1574076553751
-0.91041,0.191267236964462
-0.89873,0.225080369501815
-0.88559,0.258764889477458
-0.87099,0.292249666151608
-0.85497,0.32544522625147
-0.83754,0.358272940929964
-0.81872,0.390658557615958
-0.79853,0.422534366310982
-0.77701,0.453825826699094
-0.75418,0.484470651547604
-0.73007,0.514411407267514
-0.70472,0.543589323964157
-0.67815,0.57196157886029
-0.6504,0.599484959063346
-0.62151,0.6261175696098
-0.59152,0.651820146111099
-0.56047,0.676557036490699
-0.52841,0.70028948851852
-0.49537,0.722992592308456
-0.46141,0.744631508649852
-0.42657,0.765179668090249
-0.39091,0.784603577844685
-0.35447,0.802880392200481
-0.31731,0.819982174483516
-0.2795,0.835870751119216
-0.24107,0.850530801287393
-0.20209,0.863936733126815
-0.16263,0.876055839483806
-0.12274,0.886865785773134
-0.082484,0.896343269779661
-0.041927,0.904464511550357
-0.0011362,0.911204752231872
0.039822,0.916540077552371
0.080879,0.92044663282913
0.12197,0.922904417298196
0.16301,0.92388247788017
0.20394,0.923361424609235
0.24468,0.921316504949951
0.28516,0.917727031935331
0.32531,0.912576474693675
0.36505,0.905845025041591
0.4043,0.897511079667234
0.443,0.887567267443034
0.48107,0.876003412490643
0.51843,0.862807662711081
0.55501,0.847974823002651
0.59074,0.831505494616407
0.62555,0.813405224865977
0.65937,0.793683681268525
0.69213,0.772353862020931
0.72377,0.749438750721997
0.75421,0.724954211415193
0.7834,0.698932340982512
0.81127,0.671402865427495
0.83777,0.642407768612072
0.86284,0.61199054770964
0.88644,0.580209675148609
0.9085,0.547112045578293
0.92899,0.512763606789711
0.94786,0.477229139818196
0.96507,0.440578145829765
0.98059,0.402889424849834
0.99439,0.3642470915569
1,0.319972799578715
1,0.268360884332708
1,0.212386334654628
1,0.154576595866847
1,0.0970398977834207
1,0.0414956508585781
1,-0.0106936476062552
1,-0.0584895537021299
1,-0.101144401652037
1,-0.138168119281271
1,-0.169295598425474
1,-0.194455035090716
1,-0.213737599926027
1,-0.227368742641554
0.98786,-0.244662654794838
0.97367,-0.265586043381034
0.95794,-0.289661603802878
0.94072,-0.316401848724365
0.92206,-0.345319168892989
0.90201,-0.375934664477871
0.88063,-0.407778322233104
0.85798,-0.440396958169843
0.83413,-0.473353372487207
0.80913,-0.506247983751707
0.78305,-0.53870620462114
0.75597,-0.570375456482227
0.72794,-0.60095216078474
0.69903,-0.630165590941598
0.66931,-0.657779094033917
0.63884,-0.683597825465659
0.6077,-0.707451904645577
0.57595,-0.729211921986069
0.54365,-0.748785705724402
0.51087,-0.766107431958771
0.47768,-0.781135592043164
0.44412,-0.793872914974878
0.41027,-0.804329488855039
0.37618,-0.81254456810844
0.34191,-0.818573734762531
0.30752,-0.822485440421155
0.27306,-0.824365179434311
0.23857,-0.824318305928205
0.20412,-0.822442092106732
0.16974,-0.81885506175861
0.13549,-0.813668183714365
0.10141,-0.806998707810503
0.067546,-0.798961797993283
0.033935,-0.78967482295086
0.00061655,-0.779252104810836
-0.032367,-0.767800476295772
-0.064983,-0.755425039020305
-0.097197,-0.742225255989084
-0.12897,-0.728289835380395
-0.16028,-0.713708752256268
-0.1911,-0.698566576905918
-0.22139,-0.682931270265833
-0.25112,-0.666862541757756
-0.28028,-0.650426159382234
-0.30885,-0.633683124454587
-0.33679,-0.616673657629802
-0.36409,-0.599441786922102
-0.39073,-0.582025475769272
-0.4167,-0.564463623438339
-0.44197,-0.546779498194163
-0.46653,-0.528997376760041
-0.49037,-0.511141148030337
-0.51347,-0.49322582197608
-0.53582,-0.475265723128963
-0.5574,-0.457266336605496
-0.57822,-0.439247573733039
-0.59824,-0.421203007253794
-0.61746,-0.403134279213328
-0.63587,-0.385041664025683
-0.65345,-0.36691653179345
-0.67019,-0.348750318995722
-0.68609,-0.330541785872214
-0.70111,-0.312265725959973
-0.71526,-0.293914952750507
-0.72852,-0.275474535245331
-0.74086,-0.256916057274607
-0.75229,-0.238230339846966
-0.76277,-0.219386784800255
-0.7723,-0.200367753577275
-0.78086,-0.181151588236691
-0.78844,-0.161721252608846
-0.79501,-0.142049009943392
-0.80057,-0.122121351453053
-0.80508,-0.101906968274223
-0.80855,-0.0813979842181914
-0.81095,-0.060576039398925
-0.81227,-0.0394296233604872
-0.81249,-0.0179456869767131
-0.8116,0.0038822730295828
-0.80958,0.0260626508957264
-0.80644,0.0485828874999791
-0.80215,0.0714433643560009
-0.79672,0.0946252185822156
-0.79013,0.118116680157199
-0.78239,0.141889743175006
-0.77348,0.165926173702419
-0.76343,0.190179060932528
-0.75221,0.21462394274886
-0.73985,0.239210699939789
-0.72635,0.263892037710179
-0.71171,0.288624199932715
-0.69595,0.3133526981858
-0.67908,0.338023302347495
-0.66112,0.362576126127606
-0.64209,0.386948433279006
-0.62201,0.411077003398968
-0.60091,0.434892687866291
-0.57881,0.458331000001575
-0.55574,0.48132577242032
-0.53174,0.503804120793246
-0.50685,0.5256899785571
-0.4811,0.5469144524628
-0.45453,0.567409227181746
-0.4272,0.587093867604708
-0.39914,0.605902899556994
-0.3704,0.623770298714117
-0.34105,0.640617029433975
-0.31112,0.656385728127345
-0.28069,0.671001554131146
-0.2498,0.684407672584239
-0.21851,0.696549025631732
-0.18689,0.707366621021427
-0.15499,0.716815222297915
-0.12289,0.724840275993836
-0.09065,0.731396537543754
-0.05833,0.736448049762644
-0.026,0.739960494771732
0.0062745,0.741905706161507
0.038423,0.742258108952262
0.07038,0.740999166800418
0.10208,0.73811707198773
0.13345,0.733600757502676
0.16443,0.727450191612516
0.19496,0.719674754043442
0.22497,0.710284264957026
0.2544,0.69929650203327
0.28319,0.686735622285412
0.31128,0.672630691356958
0.33863,0.657029128391068
0.36517,0.63997005004813
0.39087,0.621514728682535
0.41566,0.601711349636653
0.43952,0.58063346162991
0.4624,0.558351092778547
0.48425,0.534929699333364
0.50506,0.510458959469575
0.52478,0.485016137777171
0.54338,0.458681199144981
0.56085,0.431548859146243
0.57716,0.403708285864711
0.59229,0.375249018507167
0.60624,0.346273068757825
0.61898,0.31686732406261
0.63052,0.287133417696445
0.64084,0.25715960023573
0.64995,0.227042748791162
0.65786,0.196883653641816
0.66457,0.166775690014892
0.67008,0.136803231806044
0.67441,0.107055356594914
0.67758,0.0776219521296271
0.6796,0.0485831401547536
0.68048,0.0200083711097627
0.68026,-0.00802186460583325
0.67894,-0.0354506065500445
0.67656,-0.0622125212007578
0.67313,-0.0882601877319359
0.66868,-0.113547839560389
0.66323,-0.138040406265288
0.6568,-0.161713118778615
0.64944,-0.184528720131105
0.64115,-0.206478563611559
0.63197,-0.227548413470762
0.62192,-0.247735381263031
0.61104,-0.267031659872427
0.59934,-0.285448487762336
0.58686,-0.302990560656724
0.57363,-0.319665122687153
0.55966,-0.335496580645072
0.545,-0.350493427433528
0.52967,-0.364673721242287
0.5137,-0.378055743764343
0.49711,-0.390665225391694
0.47994,-0.402518749624552
0.46221,-0.413640158015488
0.44396,-0.424043961078448
0.4252,-0.43375915833198
0.40598,-0.442796258686764
0.38632,-0.451172918375558
0.36625,-0.458904804942905
0.34581,-0.465998265778834
0.32501,-0.472474222554606
0.30389,-0.478342664002108
0.28248,-0.483611939778158
0.26082,-0.488281478043726
0.23893,-0.492358322899001
0.21684,-0.495848074881844
0.19458,-0.498755022454633
0.17219,-0.50107487725654
0.14969,-0.50281132248191
0.12712,-0.503959559861269
0.1045,-0.504522855050254
0.081865,-0.504499779257663
0.05925,-0.503885143406965
0.03668,-0.502678241604255
0.014188,-0.500876070463199
-0.0081973,-0.498477024963297
-0.030446,-0.495479775159548
-0.05253,-0.491884576058109
-0.074418,-0.487690586419692
-0.096081,-0.482897804733119
-0.11749,-0.477506907137544
-0.13862,-0.47152205968864
-0.15943,-0.464938301914351
-0.1799,-0.457758976213227
-0.2,-0.44998663390783
-0.21971,-0.441630524083155
-0.23899,-0.432690266068687
-0.25781,-0.423165119425216
-0.27615,-0.41306145882144
-0.29398,-0.4023838270669
-0.31128,-0.391142565387674
-0.32801,-0.379337620595758
-0.34415,-0.366975340075472
-0.35969,-0.354074445915185
-0.37458,-0.34063355258002
-0.38881,-0.32666466389866
-0.40236,-0.312182838553393
-0.41521,-0.297205183909489
-0.42732,-0.281735189528347
-0.4387,-0.26580221464796
-0.44931,-0.249418683485961
-0.45913,-0.23259778812041
-0.46816,-0.215367720723837
-0.47638,-0.197753174865831
-0.48377,-0.179775310408083
-0.49032,-0.16145919419637
-0.49602,-0.142832289531339
-0.50087,-0.123930567082087
-0.50485,-0.104781012102467
-0.50797,-0.0854247238668287
-0.51021,-0.0658907769053961
-0.51158,-0.0462198269746032
-0.51207,-0.0264458399751861
-0.51169,-0.00661111163827399
-0.51044,0.0132440456002104
-0.50833,0.0330747833434698
-0.50535,0.0528487876167689
-0.50153,0.0725153539217997
-0.49686,0.0920401187737404
-0.49137,0.111373472517774
-0.48506,0.130477283395997
-0.47796,0.149301772450212
-0.47007,0.167811568646946
-0.46141,0.185969370619916
-0.452,0.203737635828397
-0.44187,0.221072553389371
-0.43103,0.237941540746277
-0.41951,0.254307480394731
-0.40734,0.270130930599562
-0.39452,0.2853941592871
-0.38109,0.300068192899611
-0.36708,0.31412352764331
-0.3525,0.327546162091362
-0.33739,0.340313140398556
-0.32176,0.352417444925417
-0.30565,0.363843260991622
-0.28908,0.37458323865151
-0.27207,0.384637380612745
-0.25464,0.394011950007583
-0.23684,0.40269622074798
-0.21867,0.410703320798064
-0.20016,0.418043351413047
-0.18134,0.424723975482249
-0.16223,0.430758321029057
-0.14285,0.436163792870042
-0.12323,0.440953588010723
-0.10339,0.445144732389061
-0.083364,0.448746682469984
-0.063166,0.451777458065088
-0.042827,0.454249038724076
-0.02237,0.456174222274762
-0.0018236,0.457562051614555
0.018787,0.458420866094833
0.039432,0.458754847071588
0.060084,0.458566506318931
0.080711,0.45785354729443
0.10129,0.456616512639323
0.12178,0.454844901556495
0.14215,0.452526971005939
0.16238,0.449658408096639
0.18242,0.446218812711887
0.20225,0.442197538720086
0.22184,0.437584693227859
0.24114,0.43235647929113
0.26013,0.426500724464895
0.27877,0.420000186022897
0.29702,0.412834031722021
0.31485,0.404986527460199
0.33223,0.396446525317917
0.34911,0.387192151853081
0.36546,0.377208331564099
0.38124,0.366478552336058
0.39641,0.354985672208461
0.41095,0.342727386533108
0.4248,0.329683943118085
0.43793,0.315844343324018
0.4503,0.301197646579589
0.46188,0.285740762836638
0.47262,0.269462343933228
0.4825,0.252366993875381
0.49148,0.234457390431969
0.49952,0.215734716481571
0.50659,0.19620643018484
0.51267,0.175892361635945
0.51772,0.154807115277102
0.52172,0.132975592441611
0.52464,0.110423030469546
0.52647,0.087189141041058
0.52718,0.0633095290173288
0.52675,0.0388229860812334
0.52517,0.0137772571307109
0.52242,-0.0117813592834493
0.5185,-0.0377941934393414
0.51339,-0.0642090013207388
0.5071,-0.0909579981160275
0.49962,-0.117977567534804
0.49095,-0.145201883769821
0.4811,-0.17255786676259
0.47007,-0.199976128338003
0.45788,-0.22737754501317
0.44455,-0.254677511362139
0.43009,-0.281796937057427
0.41452,-0.308656216983446
0.39787,-0.335170423200889
0.38018,-0.361245594756041
0.36147,-0.386798197914773
0.34179,-0.411733596725044
0.32117,-0.435966002907344
0.29967,-0.459397374329205
0.27732,-0.481945132660631
0.25419,-0.503512359851547
0.23032,-0.524015949129972
0.20578,-0.543364583380497
0.18063,-0.56147080750357
0.15492,-0.578260678929734
0.12873,-0.593651637444729
0.10211,-0.607579283559898
0.07514,-0.619974126696814
0.047885,-0.6307762681458
0.020415,-0.639932195605131
-0.0071997,-0.647395514271013
-0.03489,-0.653128457705562
-0.062581,-0.657097696291565
-0.090204,-0.659279704603494
-0.11769,-0.659660008292604
-0.14495,-0.658217747951528
-0.17194,-0.654961447473181
-0.19857,-0.649889752332083
-0.22478,-0.643016217856764
-0.2505,-0.634359273361873
-0.27566,-0.623941364978737
-0.30019,-0.611788112011793
-0.32403,-0.597934892979132
-0.34711,-0.582417062580829
-0.36937,-0.565276810219924
-0.39075,-0.546561064305823
-0.41119,-0.526319632207585
-0.43064,-0.504610972726549
-0.44903,-0.481484384813498
-0.46632,-0.457002815214288
-0.48246,-0.431231255685394
-0.4974,-0.404234691226758
-0.51109,-0.376076393216546
-0.5235,-0.346831331649301
-0.53458,-0.31656705567645
-0.5443,-0.285358015355414
-0.55263,-0.253282089710765
-0.55954,-0.220417662444907
-0.56501,-0.186848607416716
-0.56902,-0.152660730088989
-0.57155,-0.117938810547131
-0.5726,-0.0827789999215438
-0.57214,-0.0472614990194802
-0.57019,-0.0114880795223667
-0.56674,0.0244474346726995
-0.56181,0.0604384047048328
-0.55539,0.0963933905118777
-0.54752,0.132199203636836
-0.5382,0.167758289619801
-0.52747,0.202959315494529
-0.51535,0.237698233514438
-0.50189,0.27185811609354
-0.48711,0.30533764583621
-0.47107,0.338021933971066
-0.45381,0.369803758690341
-0.43539,0.400570923491155
-0.41585,0.430225812741688
-0.39526,0.45866382339257
-0.37369,0.485778369949296
-0.35119,0.511479775299157
-0.32783,0.535680499893451
-0.30369,0.558290593576131
-0.27884,0.579228885323051
-0.25336,0.59841698649075
-0.22732,0.615789182893038
-0.2008,0.631285288778799
-0.17388,0.644852135871434
-0.14665,0.656437180300304
-0.11919,0.665998105956114
-0.091567,0.673512502564029
-0.063881,0.678951112232174
-0.036209,0.682297828305444
-0.0086337,0.683544208794769
0.018764,0.682690371032791
0.045905,0.679745451360725
0.072709,0.674725479949741
0.099099,0.667654769711439
0.125,0.65856580872454
0.15034,0.647499648655779
0.17505,0.634505940667156
0.19906,0.619639724438248
0.2223,0.602959376320349
0.24473,0.584546995355083
0.26626,0.564464989611031
0.28686,0.54280288008431
0.30647,0.51964768905699
0.32503,0.49508226333001
0.34252,0.4692135399912
0.35888,0.442135474829281
0.37408,0.413951203940524
0.38809,0.384768407474021
0.40088,0.354695395974096
0.41242,0.323837873924485
0.4227,0.292311127382923
0.43169,0.260219956952588
0.43939,0.227679698901695
0.44578,0.194795860114447
0.45087,0.161684891448473
0.45465,0.128453620169417
0.45712,0.0952050650565488
0.4583,0.0620505730572796
0.45819,0.0290897695094933
0.4568,-0.00358314600432817
0.45417,-0.0358594245845038
0.45031,-0.0676444372873639
0.44525,-0.0988434585918604
0.43901,-0.129372427203586
0.43164,-0.159136773547575
0.42316,-0.188059012846943
0.41363,-0.216048777078027
0.40307,-0.243038171644872
0.39155,-0.268943128746989
0.3791,-0.293699243810625
0.36579,-0.317230975815869
0.35166,-0.339478882783509
0.33677,-0.360384169378315
0.32119,-0.379883605465821
0.30497,-0.397927715849239
0.28818,-0.414465489931933
0.27088,-0.429454274175279
0.25315,-0.442845319884278
0.23505,-0.454601855816419
0.21665,-0.464691137544325
0.19802,-0.473085315275836
0.17924,-0.479754584343434
0.16038,-0.484676478355887
0.14151,-0.487835747579232
0.12269,-0.489231450204533
0.10401,-0.488852686242309
0.085542,-0.486694758008668
0.067343,-0.482769778150527
0.049487,-0.477091092838955
0.032044,-0.469676191650488
0.015075,-0.460552599945435
-0.0013542,-0.449752122176907
-0.017185,-0.437314924638253
-0.03236,-0.423288126717868
-0.046825,-0.407725918653194
-0.060528,-0.39068868410384
-0.073423,-0.372244891452385
-0.085466,-0.352469397420191
-0.096619,-0.331444818153239
-0.10684,-0.309254979039613
-0.11612,-0.28600691248579
-0.1244,-0.261786541064735
-0.13169,-0.236711452543014
-0.13796,-0.21089193730181
-0.14319,-0.184436695461348
-0.14739,-0.157472196616007
-0.15056,-0.130128184770948
-0.1527,-0.102533248838228
-0.15381,-0.0748112099850596
-0.15392,-0.0471004546527795
-0.15304,-0.0195321034865234
-0.1512,0.00775786830507896
-0.14843,0.0346338394138043
-0.14477,0.0609573860334771
-0.14025,0.0865996554054111
-0.13491,0.111436353296457
-0.12881,0.135336237186085
-0.122,0.158174242673234
-0.11453,0.17983454174969
-0.10646,0.200205411264683
-0.097852,0.219180936051477
-0.088765,0.23666595032877
-0.079268,0.252570144784593
-0.069424,0.266815035195675
-0.059304,0.27932892164431
-0.04898,0.290047824023507
-0.038516,0.298922682279857
-0.027986,0.305911447551771
-0.017458,0.310984338784758
-0.0070023,0.314121593567558
0.0033143,0.315315652109214
0.013424,0.314569232946302
0.023262,0.311896428027159
0.032764,0.307321389270369
0.041868,0.300878282983186
0.050515,0.29261144873488
0.058648,0.28257445785102
0.066213,0.270829784720847
0.07316,0.257448977246736
0.079441,0.242511003904335
0.085011,0.226101389942537
0.089832,0.208314229186111
0.093868,0.189249805364082
0.097086,0.16901317286051
0.099459,0.147715024994302
0.10097,0.12547512557965
0.10159,0.102408488159989
0.10131,0.0786379434337602
0.10012,0.0542884546193106
0.09803,0.0294979424461964
0.095024,0.00439158062645088
0.091116,-0.0208972509781266
0.086314,-0.0462369905028778
0.080634,-0.0714956342182973
0.074096,-0.0965419489338689
0.066723,-0.121247227735006
0.058544,-0.145484476687894
0.049589,-0.169131464589664
0.039898,-0.192066447610814
0.029505,-0.214176586013378
0.018457,-0.235350482197198
0.0067981,-0.255483920676725
-0.0054205,-0.274476936901543
-0.018149,-0.292237652500852
-0.031332,-0.30867999511383
-0.044914,-0.323725788255198
-0.058837,-0.337304460125645
-0.073041,-0.349352980652668
-0.087467,-0.359817827308559
-0.10205,-0.368651133592989
-0.11674,-0.375822953509838
-0.13146,-0.381299597207971
-0.14616,-0.385066174577512
-0.16077,-0.387109481233642
-0.17523,-0.387426312717323
-0.18949,-0.386029863305651
-0.20348,-0.382932228388071
-0.21715,-0.378159861325707
-0.23044,-0.37174341460497
-0.2433,-0.363724180001021
-0.25568,-0.354151547403446
-0.26753,-0.343080685853967
-0.27879,-0.330563059423868
-0.28944,-0.316675790833742
-0.29941,-0.301478035929912
-0.30869,-0.285057576764603
-0.31722,-0.267486207164359
-0.32498,-0.248850686773349
-0.33194,-0.229240250206969
-0.33807,-0.208743811565769
-0.34335,-0.187455047043874
-0.34775,-0.165461510279183
-0.35127,-0.142865541113124
-0.35388,-0.119756302177528
-0.35559,-0.0962392996860142
-0.35638,-0.072407926770141
-0.35626,-0.0483651686235363
-0.35522,-0.0242038150561862
-0.35328,-2.77124138748502e-05
-0.35044,0.0240684167197511
-0.34672,0.0479854563666463
-0.34213,0.0716313450385014
-0.33668,0.0949227606490694
-0.33041,0.117764097536579
-0.32333,0.140075237236083
-0.31548,0.161769175220098
-0.30687,0.182778568091598
-0.29755,0.20302486558119
-0.28754,0.222445505660625
-0.27689,0.240971046293637
-0.26562,0.258551295483953
-0.25379,0.275124100215872
-0.24142,0.290649666167936
-0.22856,0.305085861380331
-0.21525,0.318397949833898
-0.20154,0.330551431596635
-0.18746,0.341528436981313
-0.17306,0.351310907994081
-0.15838,0.359889212996031
-0.14346,0.367261445157185
-0.12834,0.373432628584738
-0.11305,0.378421263197186
-0.097646,0.382237587134209
-0.082152,0.384909121335728
-0.066605,0.386467484934436
-0.051036,0.386951675864077
-0.035478,0.386404557089625
-0.019957,0.384876530371026
-0.0045013,0.382421371740491
0.010864,0.379096801973682
0.026118,0.374965528617257
0.041237,0.370090724961718
0.056201,0.364537125478857
0.07099,0.358369075650472
0.085588,0.351651875528926
0.099977,0.34444834952288
0.11414,0.336818315771549
0.12807,0.328824847945674
0.14175,0.320524407187576
0.15516,0.311964197482494
0.16829,0.303189849431168
0.18113,0.294244230980868
0.19367,0.285166542353374
0.2059,0.275991665286294
0.2178,0.266742338885939
0.22938,0.257452742612914
0.2406,0.248128036288422
0.25147,0.238786457873504
0.26197,0.229433749459456
0.27209,0.22007246844358
0.28182,0.210702186843901
0.29114,0.201312349556719
0.30005,0.191898986732108
0.30853,0.182448453250564
0.31656,0.172939388070816
0.32414,0.163359305732085
0.33125,0.153688186962764
0.33788,0.143907665872713
0.34402,0.134001020776198
0.34965,0.123945755802938
0.35477,0.11372998385636
0.35937,0.103343196243474
0.36343,0.0927688114403332
0.36695,0.0820005282061458
0.36992,0.0710330695601384
0.37235,0.0598769051536438
0.37421,0.0485253435315839
0.37551,0.0369876208603341
0.37625,0.0252781786602054
0.37642,0.0134078951082468
0.37603,0.00139929108465556
0.37507,-0.0107311066014323
0.37354,-0.0229646478137729
0.37146,-0.0352666873873714
0.36881,-0.0476202020202968
0.3656,-0.0600006766246851
0.36185,-0.0723708663353945
0.35755,-0.0847064929465472
0.35271,-0.0969796603093265
0.34734,-0.109160394346811
0.34145,-0.121217947664927
0.33504,-0.133129282112082
0.32812,-0.144870932288035
0.32071,-0.156412470228448
0.31281,-0.16773361134938
0.30445,-0.178800766873483
0.29562,-0.189600271655096
0.28635,-0.20010549090269
0.27665,-0.210295027989963
0.26653,-0.220152471513377
0.25602,-0.229651276932209
0.24512,-0.238779823949938
0.23386,-0.24751685282435
0.22225,-0.255848898935658
0.21032,-0.263754553896305
0.19809,-0.271214171634615
0.18558,-0.278210246144613
0.17281,-0.28472766447011
0.15982,-0.290739054899698
0.14662,-0.29623027062313
0.13324,-0.301183609729821
0.11972,-0.305571781506851
0.10609,-0.309368073881178
0.092366,-0.312557494160557
0.078592,-0.315114392440928
0.064797,-0.317016506311264
0.051015,-0.318241398444124
0.037279,-0.318768032920145
0.023622,-0.31857727299755
0.010081,-0.317649277444656
-0.0033105,-0.315966968144032
-0.016521,-0.313517645582137
-0.029516,-0.310290482004185
-0.04226,-0.306275930193615
-0.054724,-0.301470756829026
-0.066874,-0.295873426790926
-0.078682,-0.289488469057461
-0.090118,-0.282323913025701
-0.10116,-0.274396518373815
-0.11177,-0.265717999348585
-0.12194,-0.256318056573211
-0.13163,-0.246216600945033
-0.14084,-0.235454852120571
-0.14953,-0.224060658127777
-0.1577,-0.212080032494146
-0.16534,-0.199565094650497
-0.17241,-0.186549372916413
-0.17893,-0.173094903001609
-0.18488,-0.159255462708525
-0.19025,-0.145084106147268
-0.19503,-0.130631812494783
-0.19924,-0.115968607860128
-0.20287,-0.10115569634794
-0.20591,-0.0862453792963252
-0.20838,-0.0713033653326671
-0.21028,-0.0563893991657345
-0.21162,-0.0415639664642228
-0.21241,-0.0268862512494721
-0.21266,-0.0124124976812217
-0.21238,0.00180525995256416
-0.2116,0.0157053395771761
-0.21034,0.0292276912271932
-0.2086,0.0423303595537524
-0.20642,0.0549579329632681
-0.20381,0.0670682466704734
-0.2008,0.0786165878456109
-0.19742,0.0895578324514317
-0.19369,0.0998555749716234
-0.18964,0.109474475152643
-0.1853,0.118381460377376
-0.1807,0.126546631714953
-0.17587,0.133943907903574
-0.17085,0.140544042353709
-0.16565,0.146338654460018
-0.16032,0.151307281349533
-0.15488,0.155442894450437
-0.14936,0.158742515464114
-0.1438,0.161199534866203
-0.13823,0.162812381096962
-0.13267,0.163591356809271
-0.12715,0.163549034942633
-0.1217,0.162699832607967
-0.11635,0.161059588338842
-0.11112,0.158652551171667
-0.10603,0.155509374688623
-0.10111,0.151657910456413
-0.096372,0.147136534627063
-0.091842,0.141980915665831
-0.087534,0.136232615669634
-0.083465,0.129934739861133
-0.079648,0.123133534210333
-0.076095,0.115877337833053
-0.072818,0.108214910030317
-0.069827,0.10019551441301
-0.067128,0.0918704183327265
-0.064728,0.0832903193290347
-0.062632,0.0745054728205021
-0.060844,0.0655650356851376
-0.059365,0.0565180162886063
-0.058198,0.0474103196082748
-0.057341,0.0382875987383733
-0.056792,0.0291938402120523
-0.05655,0.020169508767295
-0.056609,0.0112545635280931
-0.056966,0.00248497124809285
-0.057613,-0.0061040949079279
-0.058542,-0.0144793631974028
-0.059747,-0.0226117919824002
-0.061216,-0.030472425273936
-0.062941,-0.0380364481067695
-0.064908,-0.045278951206911
-0.067105,-0.0521774343970424
-0.06952,-0.0587122786632956
-0.072136,-0.0648633497957189
-0.07494,-0.0706139240044974
-0.077915,-0.0759478395327159
-0.081043,-0.0808493973639073
-0.084309,-0.085306218229914
-0.087696,-0.0893077534337736
-0.091182,-0.0928418089905229
-0.094753,-0.0959013899698627
-0.098386,-0.098477498647644
-0.10206,-0.100561505887883
-0.10577,-0.102157396865525
-0.10948,-0.103256545164594
-0.11317,-0.103852451396721
-0.11684,-0.103955510570634
-0.12045,-0.103560097238951
-0.124,-0.102677605383412
-0.12746,-0.101310848774056
-0.13082,-0.0994706194488024
-0.13406,-0.0971666208886299
-0.13717,-0.0944149683938877
-0.14013,-0.0912292599184979
-0.14293,-0.0876282196164011
-0.14557,-0.0836417105021257
-0.14802,-0.0792856929375212
-0.15029,-0.0745941501258552
-0.15236,-0.069592559823873
-0.15423,-0.0643136957278621
-0.15589,-0.0587879604456644
-0.15734,-0.0530504276429338
-0.15858,-0.0471389797487581
-0.1596,-0.0410853172760193
-0.16041,-0.0349300362642898
-0.161,-0.028704944610446
-0.16138,-0.0224486008692044
-0.16155,-0.0161964550197103
-0.16151,-0.00998036169987341
-0.16128,-0.00384305514070486
-0.16084,0.00219485693598569
-0.16021,0.00810177475730903
-0.1594,0.0138456909729743
-0.1584,0.0194101310091592
-0.15722,0.0247770310996524
-0.15587,0.0299277783029451
-0.15434,0.0348588528774878
-0.15266,0.0395496683864381
-0.1508,0.0440110490165327
-0.14879,0.0482347321946177
-0.14662,0.0522271156733074
-0.1443,0.0559916814720309
-0.14182,0.0595444821937703
-0.13919,0.0628966978672488
-0.1364,0.0660702704324524
-0.13346,0.0690806197515407
-0.13036,0.0719524442553886
-0.12709,0.0747174025918933
-0.12367,0.0773898551701902
-0.12007,0.0800068976346992
-0.1163,0.0825934526641342
-0.11235,0.0851788060408173
-0.10822,0.0877876020093148
-0.10388,0.0904622725359482
-0.099348,0.0932229471701799
-0.094598,0.0961037366288089
-0.089625,0.0991335165729564
-0.084419,0.102339792317763
-0.078968,0.105749608991548
-0.073262,0.109387323115216
-0.067291,0.11327434076164
-0.061045,0.117428969450057
-0.054512,0.121867848205783
-0.047682,0.126604178407005
-0.040547,0.131646381985384
-0.033098,0.136999358799551
-0.025327,0.142664111946876
-0.017226,0.148638290040753
-0.0087916,0.154913314805153
-1.6934e-05,0.161478200807874
0.0091013,0.168317508657202
0.018564,0.175410683210382
0.028373,0.182734138516859
0.03853,0.190262244880698
0.049029,0.197962603115395
0.059869,0.205801825285481
0.071046,0.213744326953805
0.082552,0.221750698146416
0.094381,0.229780952878847
0.10652,0.237790533144339
0.11897,0.245742767124466
0.1317,0.253584712004542
0.1447,0.261267325319889
0.15796,0.268746114309923
0.17146,0.275974180552176
0.18517,0.282896700138676
0.19908,0.28946888787418
0.21315,0.295633260271819
0.22737,0.301346038653405
0.24171,0.306561118415842
0.25612,0.311217229450637
0.27059,0.315272365838088
0.28508,0.318679287876063
0.29955,0.321388122659918
0.31396,0.323348533923455
0.32828,0.324518892336684
0.34247,0.324858667049932
0.35649,0.32432967434321
0.3703,0.322897029187731
0.38385,0.320522434123724
0.39711,0.317181048684473
0.41003,0.312845157548964
0.42258,0.307500668439827
0.4347,0.301123069906283
0.44637,0.2937100879153
0.45754,0.285255651013794
0.46818,0.275765977462722
0.47824,0.265242617153069
0.4877,0.253705865009741
0.49652,0.241176145811866
0.50466,0.227673774339715
0.51211,0.213240919654926
0.51882,0.197906942099819
0.52478,0.181719919259383
0.52996,0.164727154705365
0.53433,0.146974243792769
0.53788,0.128519110223464
0.54059,0.109420774314283
0.54244,0.089737628145114
0.54342,0.0695334107737392
0.54351,0.0488670499025119
0.54271,0.0278067453057162
0.54101,0.0064188532629642
0.53839,-0.0152410646824314
0.53486,-0.0371056367753372
0.53041,-0.0591147796892525
0.52505,-0.0812013457972847
0.51878,-0.103301956178092
0.51159,-0.125365664271489
0.50349,-0.147338463507781
0.4945,-0.169158295200958
0.48463,-0.190766032648327
0.47387,-0.212121674004611
0.46225,-0.233172548146573
0.44979,-0.253865004500968
0.43648,-0.274168655451844
0.42237,-0.29402876348795
0.40746,-0.313409852743193
0.39177,-0.332278587742979
0.37534,-0.350589926091342
0.35816,-0.368328026898435
0.34028,-0.385457112027877
0.32172,-0.401948933918656
0.30249,-0.417789912045777
0.28264,-0.432949523790177
0.26218,-0.44741441911759
0.24115,-0.461163684622628
0.21957,-0.474186074572862
0.19748,-0.486464047358231
0.17491,-0.497983234693664
0.15189,-0.508732577997962
0.12846,-0.518696944012934
0.10464,-0.52787345269843
0.080482,-0.536245847038635
0.056012,-0.543807061633012
0.031271,-0.550546833501501
0.0062957,-0.556456063517831
-0.018876,-0.561526218563817
-0.044207,-0.565750302920886
-0.069657,-0.569120631475046
-0.095187,-0.571630369071156
-0.12076,-0.573275255870634
-0.14633,-0.574046785153571
-0.17186,-0.573940115425584
-0.19731,-0.572951467551808
-0.22265,-0.571085609568227
-0.24782,-0.568332074255835
-0.2728,-0.56469814339383
-0.29755,-0.560190589777061
-0.32202,-0.554808365553067
-0.34618,-0.548559079878354
-0.37,-0.541457254248919
-0.39344,-0.533515336449211
-0.41647,-0.524751288927828
-0.43905,-0.515179752311018
-0.46115,-0.504819783990951
-0.48275,-0.493700966119881
-0.50381,-0.481845855995442
-0.5243,-0.469278188978667
-0.54421,-0.45603683399572
-0.56351,-0.442157054675302
-0.58218,-0.427677668310364
-0.60018,-0.412624504309506
-0.6175,-0.397034359501063
-0.63413,-0.380951816298246
-0.65004,-0.36441167342849
-0.66521,-0.34744719945224
-0.67962,-0.330089400647346
-0.69326,-0.312373869482438
-0.70612,-0.294338779369495
-0.71816,-0.276000998429941
-0.72939,-0.257396536874855
-0.73978,-0.238546078777235
-0.74932,-0.219471970406416
-0.758,-0.200197066288071
-0.76579,-0.180728991791457
-0.77269,-0.161084827752589
-0.77868,-0.141273784023099
-0.78375,-0.121305635174694
-0.78789,-0.101190113156626
-0.79107,-0.0809216329830521
-0.79329,-0.0605043618574025
-0.79455,-0.039950000216957
-0.79481,-0.0192462328544248
-0.79409,0.0015941123074347
-0.79235,0.0225828349259064
-0.78961,0.0437070694893448
-0.78584,0.0649715409952305
-0.78103,0.0863803825613468
-0.7752,0.107915094101547
-0.76831,0.129583907841355
-0.76038,0.151372127709496
-0.75139,0.173276655361359
-0.74134,0.1952891303897
-0.73024,0.2173898726757
-0.71808,0.23956547118326
-0.70487,0.261793214442818
-0.6906,0.284058373030146
-0.67529,0.306330945807502
-0.65894,0.328584296694712
-0.64156,0.35078790476384
-0.62316,0.372909031127941
-0.60376,0.394906732632464
-0.58336,0.416749450279792
-0.562,0.438384581240481
-0.53969,0.459766282972803
-0.51644,0.480855537603038
-0.49229,0.501597867839474
-0.46726,0.521942770380831
-0.44139,0.541829705353659
-0.41469,0.561214069011514
-0.38721,0.580035968235442
-0.35899,0.598232447729863
-0.33005,0.615754834840788
-0.30045,0.632538001337655
-0.27023,0.648520408150833
-0.23942,0.663652788939342
-0.20809,0.677867877563722
-0.17627,0.691115657445046
-0.14403,0.703332170818473
-0.11142,0.714459132883762
-0.078495,0.724441113754979
-0.045312,0.73322543211945
-0.011934,0.740759052898663
0.021579,0.746992761430027
0.055163,0.751879259555748
0.088755,0.755375286794586
0.12229,0.757441011271731
0.1557,0.758038712587785
0.18893,0.7571435001092
0.22191,0.754730911487302
0.25457,0.750777992853693
0.28685,0.745271511486648
0.31868,0.738199519664573
0.35001,0.729566697794858
0.38077,0.719376690458544
0.4109,0.707640061585922
0.44034,0.694373099785785
0.46902,0.679589280426464
0.4969,0.663322008298774
0.52392,0.645605424118755
0.55001,0.62646627623941
0.57514,0.605954494554885
0.59925,0.584115426334972
0.62229,0.560997123481758
0.64421,0.536648698253253
0.66497,0.511126323501385
0.68454,0.484497848546916
0.70287,0.456823991327312
0.71993,0.428172900888902
0.73568,0.398609465192233
0.7501,0.368208924666475
0.76316,0.337045348366603
0.77483,0.305189731260805
0.78511,0.272730685989043
0.79396,0.239738855520329
0.80139,0.206305219654462
0.80738,0.172512235713975
0.81192,0.13844034849647
0.81502,0.104180642573937
0.81667,0.0698151497663379
0.81689,0.0354381602411625
0.81567,0.00112867127537146
0.81303,-0.033027079500646
0.80898,-0.0669472562502421
0.80355,-0.100541525620609
0.79674,-0.133737884583098
0.78859,-0.166452061945424
0.77911,-0.198614967929803
0.76833,-0.230157460349306
0.75629,-0.261005479180773
0.74301,-0.291098444014395
0.72852,-0.32038155665756
0.71288,-0.348784660721329
0.6961,-0.376264761767946
0.67824,-0.402765635800822
0.65933,-0.428244784964878
0.63942,-0.45265781511082
0.61856,-0.475960677252533
0.5968,-0.498111447447902
0.57418,-0.51907909102575
0.55075,-0.5388354446127
0.52658,-0.557341266327647
0.5017,-0.574579631553211
0.47619,-0.590515690434014
0.45008,-0.605138640631119
0.42345,-0.618420951263467
0.39635,-0.630345078775973
0.36883,-0.640902527518622
0.34096,-0.650078052761406
0.3128,-0.657859264188986
0.28441,-0.66423686855427
0.25585,-0.669204765530526
0.22718,-0.672760021938951
0.19847,-0.674895349463805
0.16977,-0.675615318416292
0.14116,-0.674912115906582
0.11268,-0.672798078337766
0.08442,-0.669264802729117
0.056424,-0.664321706756161
0.028761,-0.657974110882633
0.001487,-0.650233771039256
-0.025336,-0.64111312581114
-0.05165,-0.630628018129483
-0.0774,-0.618799039100438
-0.10253,-0.605649509117185
-0.12699,-0.591208935180673
-0.15072,-0.575503778692242
-0.17369,-0.55857965304863
-0.19584,-0.540474319908696
-0.21713,-0.52123307919401
-0.23752,-0.500906150590648
-0.25698,-0.479553805988671
-0.27546,-0.457228025594534
-0.29295,-0.43400226789235
-0.3094,-0.409935704425137
-0.32481,-0.385111293230821
-0.33914,-0.359599246174912
-0.35238,-0.333479648589201
-0.36451,-0.306830804384341
-0.37553,-0.279742041994156
-0.38542,-0.252294127574324
-0.39418,-0.224573242875598
-0.40181,-0.196667277862766
-0.40832,-0.168670163053087
-0.4137,-0.140662980450957
-0.41797,-0.112736012278934
-0.42114,-0.0849766563703867
-0.42322,-0.0574671299104486
-0.42423,-0.0302901160168452
-0.42419,-0.00352588098121581
-0.42311,0.0227574063825699
-0.42104,0.048474203818202
-0.41798,0.0735648684951112
-0.41397,0.0979633154396819
-0.40903,0.121615511070251
-0.40321,0.14445708458109
-0.39654,0.166432527474453
-0.38904,0.187503041961856
-0.38076,0.207622856634561
-0.37173,0.226757288645532
-0.36201,0.244860015156527
-0.35162,0.261906812982101
-0.34062,0.277862998337804
-0.32904,0.292709213650948
-0.31694,0.3064174149548
-0.30437,0.318961304104942
-0.29136,0.330332063309911
-0.27797,0.340513591342474
-0.26425,0.349492292749711
-0.25025,0.357257474822908
-0.23602,0.363801569351268
-0.22162,0.369112809150241
-0.20709,0.373191596766869
-0.19248,0.3760411746545
-0.17786,0.377652612391268
-0.16327,0.378029968014731
-0.14877,0.377173226680558
-0.1344,0.375094221899276
-0.12023,0.371792156091939
-0.1063,0.367278547509891
-0.092658,0.361568890366889
-0.079364,0.354672854344711
-0.066461,0.346607956445715
-0.053997,0.337394082276877
-0.042016,0.327055646351354
-0.030563,0.315619494381241
-0.019677,0.303118302865222
-0.009395,0.289590185611508
0.00024686,0.275077367929652
0.0092147,0.259626018541496
0.017482,0.24328975396635
0.025021,0.226125879426485
0.031812,0.208199109748717
0.037834,0.189577418840794
0.043072,0.170333972039812
0.047514,0.150546290615194
0.051152,0.130296165323227
0.053982,0.109669434874048
0.056001,0.0887534410956191
0.057216,0.0676415520942385
0.05763,0.0464262546042054
0.057255,0.0252031806303926
0.056104,0.00406831056655926
0.054197,-0.0168798933916675
0.051555,-0.037543309804258
0.048203,-0.0578242443862713
0.044171,-0.0776247872472057
0.03949,-0.0968492943452933
0.034199,-0.115401184718305
0.028333,-0.133189289477991
0.021935,-0.150123982904709
0.01505,-0.166118488147879
0.0077241,-0.181090542523323
5.6209e-06,-0.194962813230602
-0.0080538,-0.207662310393036
-0.016404,-0.219123356518408
-0.024991,-0.229285885218216
-0.033759,-0.238095403599675
-0.042655,-0.245506232933828
-0.051623,-0.251479597319691
-0.060609,-0.255985592588734
-0.069557,-0.259001569408612
-0.078415,-0.260515059708323
-0.087128,-0.260520669396481
-0.095648,-0.259024757303473
-0.10392,-0.256038512647512
-0.1119,-0.251585523543904
-0.11954,-0.245696418185452
-0.1268,-0.238413192574606
-0.13363,-0.229779038081275
-0.14,-0.219852242743956
-0.14587,-0.208694758916392
-0.1512,-0.196370229221105
-0.15597,-0.182957077018051
-0.16014,-0.168529027571676
-0.1637,-0.153176445898794
-0.16661,-0.136978659940946
-0.16886,-0.120026247483762
-0.17043,-0.10240905550982
-0.17132,-0.0842286943521802
-0.1715,-0.0655712605607923
-0.17099,-0.0465448596439169
-0.16976,-0.0272352596737689
-0.16782,-0.00773723397783997
-0.16518,0.011850050694604
-0.16185,0.0314269012448343
-0.15782,0.0509110691027473
-0.15313,0.0702000592403778
-0.14778,0.089207874919734
-0.14179,0.107849863351405
-0.1352,0.126030503626201
-0.12802,0.143670846077672
-0.12028,0.160693247920199
-0.11202,0.177016459531084
-0.10328,0.192559162364772
-0.094092,0.207248750495612
-0.084497,0.221015626816225
-0.074541,0.233791499054915
-0.064269,0.245512414487211
-0.053731,0.256116658508386
-0.042974,0.265548921246984
-0.032054,0.273754613311543
-0.021021,0.280686355332765
-0.0099317,0.286299621799699
0.0011585,0.290555064354418
0.012193,0.293418388537023
0.023114,0.294860109447711
0.033865,0.294857062264494
0.044391,0.293393585302906
0.05463,0.290455970669223
0.06453,0.286040487792056
0.074036,0.280149949961171
0.083094,0.272793707657968
0.091654,0.263989658768188
0.099669,0.25376487244189
0.10709,0.242152117807848
0.11388,0.229197230350349
0.11999,0.21494691406299
0.12539,0.199461764757509
0.13004,0.182804904807296
0.13392,0.165054892753388
0.137,0.146293483819392
0.13925,0.126603016539185
0.14067,0.106086413028438
0.14124,0.08484572727782
0.14095,0.0629870010855731
0.1398,0.0406240005762517
0.13778,0.0178661668755386
0.13491,-0.00516146772330891
0.13118,-0.0283470741034672
0.12662,-0.0515631860980232
0.12125,-0.074680903133443
0.11507,-0.0975888297595709
0.10812,-0.120163582386676
0.10043,-0.142283363364915
0.092034,-0.16382854905799
0.082964,-0.184686597194123
0.073257,-0.204750691029729
0.062959,-0.223915582326651
0.052114,-0.242082368293879
0.040771,-0.259157027802283
0.028979,-0.275052837583496
0.016792,-0.289688450935794
0.0042612,-0.302991991996855
-0.0085533,-0.314895464081563
-0.021596,-0.325340127653005
-0.034809,-0.334275413391113
-0.048131,-0.34165708673593
-0.061501,-0.347448325069178
-0.074859,-0.351620891153996
-0.088142,-0.354152874128293
-0.10129,-0.355031113690654
-0.11424,-0.354248456564895
-0.12693,-0.351804310903569
-0.1393,-0.347705621705395
-0.15129,-0.341965939980215
-0.16284,-0.334604455850899
-0.1739,-0.325652422055966
-0.1844,-0.315135780541795
-0.1943,-0.303098222864382
-0.20354,-0.289582283799483
-0.21207,-0.274636268346722
-0.21984,-0.258312228582028
-0.22681,-0.240671577374534
-0.23294,-0.221781921508164
-0.23817,-0.201699498137772
-0.24249,-0.180507023570008
-0.24584,-0.158269499489147
-0.24821,-0.13507295897669
-0.24957,-0.111003321992146
-0.24989,-0.0861440991879638
-0.24915,-0.0605819362814204
-0.24735,-0.0344183453424369
-0.24447,-0.00774914593985907
-0.2405,0.0193298236345404
-0.23545,0.0467107642752563
-0.22932,0.0742868328857382
-0.22212,0.101947783030773
-0.21385,0.129591385814317
-0.20453,0.157110291586555
-0.19419,0.184389012630799
-0.18285,0.21131652877052
-0.17053,0.237788979911459
-0.15727,0.263696905087812
-0.1431,0.288937325818933
-0.12805,0.313415955264946
-0.11217,0.337033995991223
-0.095505,0.35969612721492
-0.078092,0.381319090176073
-0.059979,0.401824267664853
-0.041217,0.421137515939963
-0.021853,0.439194096668221
-0.001939,0.455935755925663
0.018474,0.471312638699484
0.039333,0.485282387907718
0.060586,0.497811430377352
0.082181,0.508875028605189
0.10406,0.518452632429698
0.12618,0.526539527278163
0.14849,0.533138772338625
0.17092,0.538246327181203
0.19344,0.541882835419304
0.21599,0.544066789152219
0.23851,0.544815097205081
0.26097,0.544165714355549
0.28331,0.542150912990822
0.30549,0.53881281619196
0.32745,0.534186016035615
0.34915,0.528313285494019
0.37056,0.521250582240852
0.39161,0.513033712569765
0.41226,0.503703694107386
0.43247,0.49330481836366
0.4522,0.481882968153906
0.4714,0.469476782867259
0.49002,0.456118075248969
0.50803,0.441847096112206
0.52537,0.426687609614412
0.54201,0.410671578872792
0.5579,0.3938218448541
0.573,0.376160573854063
0.58726,0.357701271572731
0.60064,0.338457349988383
0.6131,0.318441631579232
0.6246,0.297665965613716
0.6351,0.276140944403348
0.64457,0.253883105771187
0.65296,0.230898398889357
0.66023,0.207191317090361
0.66636,0.182779693362061
0.6713,0.157669311186903
0.67503,0.131878133860711
0.67752,0.105425936763724
0.67873,0.0783259098628457
0.67865,0.050607640411609
0.67725,0.0222982348349827
0.6745,-0.00657804239994763
0.67039,-0.0359852064193743
0.66492,-0.0658715140878546
0.65805,-0.0962036015165122
0.64979,-0.126926980007256
0.64013,-0.157986532856458
0.62906,-0.189328271264835
0.6166,-0.220878556436512
0.60274,-0.252572256532982
0.58749,-0.284338268100191
0.57087,-0.316095430695279
0.55289,-0.347764310893025
0.53357,-0.379261895804474
0.51293,-0.410504841578121
0.491,-0.441404737146879
0.46782,-0.47186444791765
0.4434,-0.501805011852346
0.41781,-0.531120320160542
0.39106,-0.559730077444415
0.36321,-0.58754049434708
0.33431,-0.614457367254618
0.3044,-0.640396651421803
0.27354,-0.665270564416207
0.24178,-0.688998696810014
0.20918,-0.711502004478498
0.1758,-0.732705346690437
0.1417,-0.752539444556861
0.10696,-0.770927524976169
0.071624,-0.787816173995043
0.035771,-0.80314709814758
-0.00053013,-0.816867873130488
-0.037213,-0.828934787550576
-0.074205,-0.839308470858952
-0.11144,-0.847959640880484
-0.14883,-0.85485249020278
-0.18632,-0.859972025662012
-0.22384,-0.8633100471352
-0.26129,-0.864842553596924
-0.29862,-0.864571069363928
-0.33575,-0.862496095637591
-0.37261,-0.858625299509982
-0.40912,-0.852965094795591
-0.44521,-0.845528640636656
-0.4808,-0.83632728036105
-0.51583,-0.825385838930138
-0.55023,-0.812732380721354
-0.58391,-0.798382434387031
-0.61681,-0.7823635319793
-0.64887,-0.764712451030188
-0.68001,-0.745457930775814
-0.71017,-0.72463649103838
-0.73927,-0.702275352784511
-0.76726,-0.678415856655913
-0.79407,-0.65309495964298
-0.81964,-0.626352593043266
-0.84391,-0.598230083278476
-0.86681,-0.568761413641621
-0.8883,-0.537995923486132
-0.90831,-0.505971804161654
-0.92679,-0.472731978338218
-0.94369,-0.438321953247735
-0.95896,-0.402788003142068
-0.97256,-0.366183058305376
-0.98444,-0.328556464899075
-0.99456,-0.289960591353545
-1,-0.248318003847059
-1,-0.201483942325527
-1,-0.151899618530464
-1,-0.101619297818911
-1,-0.0523370540288062
-1,-0.00541500537574265
-1,0.0380874541154144
-1,0.0773839044740631
-1,0.111931085709061
-0.99226,0.147125561251967
-0.98129,0.183959199429779
-0.96835,0.222256820845105
-0.95345,0.261831055276928
-0.9366,0.302488123130655
-0.91784,0.344010708674672
-0.89718,0.386189369004372
-0.87465,0.428810895339449
-0.8503,0.471649254601552
-0.82416,0.514488406992563
-0.79627,0.557118452224522
-0.7667,0.599317764419332
-0.73549,0.640883440608136
-0.70271,0.681611142594612
-0.66841,0.721316022184005
-0.63268,0.759804837827395
-0.59558,0.796905587169361
-0.55719,0.83245396477604
-0.51759,0.866297138291813
-0.47688,0.898281774913246
-0.43512,0.928288843494795
-0.39243,0.956186872349601
-0.34889,0.981868595375119
-0.30459,1.00524290491317
-0.25965,1.02621317847505
-0.21415,1.04471172365767
-0.16821,1.06066761830574
-0.12191,1.07404003445213
-0.075372,1.08478364803001
-0.028693,1.09287039898501
0.01802,1.09828065238427
0.064667,1.10100838966189
0.11114,1.10105389571631
0.15734,1.09843021914077
0.20317,1.09316281199702
0.24852,1.08527776099044
0.29329,1.07480922257598
0.33739,1.06180513344101
0.38072,1.04631659665101
0.42319,1.02840396374007
0.46471,1.00813402434268
0.50519,0.98557749846209
0.54454,0.96080683342182
0.58269,0.933909098290758
0.61955,0.9049663410266
0.65505,0.874069394834202
0.68912,0.841313910093716
0.72169,0.806796962248376
0.7527,0.770621604782147
0.78209,0.732892918631241
0.8098,0.69371470708761
0.83579,0.653201589981112
0.86001,0.611466222759618
0.88241,0.568616379446827
0.90296,0.524767454226565
0.92163,0.48003749456529
0.93838,0.434535682053511
0.9532,0.388382806881629
0.96606,0.341690441755338
0.97695,0.294573934816683
0.98585,0.247140548614983
0.99276,0.199502258661026
0.99768,0.151771121082113
1,0.103604225850938
1,0.054957917934081
1,0.00753911647729466
0.99751,-0.0391358031655395
0.99257,-0.0854332248836238
0.9857,-0.131262705232078
0.97694,-0.176524293723062
0.9663,-0.221136072697535
0.95384,-0.264996729655193
0.93957,-0.308029863110248
0.92354,-0.350152492624707
0.9058,-0.391279442385274
0.8864,-0.431326921766937
0.86537,-0.470230171267189
0.84278,-0.507912823267958
0.81867,-0.544314276329509
0.79312,-0.579359565233595
0.76617,-0.61299460796958
0.73789,-0.6451622927754
0.70835,-0.675805463531623
0.67761,-0.704876702350509
0.64574,-0.732331157069444
0.61281,-0.758128074711216
0.5789,-0.782224512063306
0.54407,-0.80459248888646
0.50841,-0.825195424629541
0.47199,-0.844006324131814
0.43488,-0.861007368355363
0.39717,-0.876174533763449
0.35894,-0.88948751092458
0.32026,-0.900937571224298
0.28121,-0.910518794022627
0.24188,-0.918220893625983
0.20235,-0.924038304131093
0.16269,-0.927977348083393
0.123,-0.930032094760983
0.083345,-0.930213258646054
0.043812,-0.928528870899175
0.004477,-0.924993150230963
-0.034578,-0.919620883352359
-0.073276,-0.91243098370223
-0.11154,-0.903445520853318
-0.1493,-0.892694002549698
-0.18647,-0.88019958888227
-0.22299,-0.865999172821062
-0.25879,-0.850132552185284
-0.29379,-0.832633595523126
-0.32793,-0.813545421568315
-0.36115,-0.792917568446167
-0.39338,-0.77079611985333
-0.42456,-0.747230589105078
-0.45464,-0.722279342164969
-0.48355,-0.695991518581773
-0.51125,-0.668429642039691
-0.53769,-0.639657880981199
-0.56281,-0.609732513274646
-0.58659,-0.578731387785238
-0.60896,-0.546710515697236
-0.6299,-0.513743573830701
-0.64938,-0.479908876851263
-0.66735,-0.445271337179565
-0.68379,-0.40990521087597
-0.69868,-0.373889969705034
-0.71199,-0.337299421076779
-0.7237,-0.300207844844506
-0.7338,-0.262694897037187
-0.74228,-0.224842005733781
-0.74913,-0.186729397567077
-0.75434,-0.148433704213633
-0.75791,-0.110033494942807
-0.75984,-0.0716062673900696
-0.76014,-0.0332334282026386
-0.75882,0.00500320610673831
-0.75589,0.0430242567886114
-0.75136,0.0807550360546487
-0.74526,0.118112467387981
-0.7376,0.155024357172299
-0.72841,0.191415075688377
-0.71771,0.227216308887361
-0.70555,0.262345955968417
-0.69195,0.296735857956088
-0.67695,0.330316813816142
-0.66059,0.363021335125766
-0.64291,0.394785823618428
-0.62397,0.425537433618445
-0.6038,0.455220701532959
-0.58247,0.483766788436039
-0.56002,0.511120808799587
-0.53651,0.537226511872571
-0.512,0.562028763021883
-0.48655,0.585475505140547
-0.46022,0.607519253710974
-0.43308,0.628110780023748
-0.40518,0.647216245035256
-0.3766,0.664793622248384
-0.3474,0.680810873077225
-0.31765,0.695238131046964
-0.28741,0.708056126688831
-0.25677,0.719233098732008
-0.22578,0.728758255859353
-0.19452,0.736616411095378
-0.16306,0.742797216364617
-0.13147,0.747295053491943
-0.099824,0.750105840192931
-0.06819,0.751231784111361
-0.03664,0.750677627490235
-0.0052473,0.748449522159826
0.025922,0.744560341040525
0.056794,0.739022660555916
0.087303,0.731854914346291
0.11738,0.723077663498116
0.14696,0.712715903331621
0.17598,0.700799296277526
0.20438,0.687362947102117
0.23209,0.672438237350751
0.25906,0.65606768547729
0.28522,0.638287015875676
0.31054,0.619155227600605
0.33494,0.598711629102842
0.35839,0.577015641129029
0.38084,0.554126545775175
0.40224,0.530101930186723
0.42256,0.505011225875883
0.44174,0.478909295799381
0.45977,0.451874652877067
0.47661,0.423980450583608
0.49222,0.395293395152678
0.50659,0.365895177471895
0.51969,0.335862346956872
0.5315,0.305272378197548
0.54201,0.274208497561101
0.5512,0.242748600375673
0.55906,0.210971213452564
0.56559,0.178960251586657
0.57078,0.146793893515579
0.57462,0.114543129250715
0.57712,0.0822855363678082
0.57828,0.0500940055193434
0.57811,0.0180425504300312
0.5766,-0.0138112490596151
0.57377,-0.045403012601552
0.56963,-0.0766726033887965
0.56419,-0.107565525590662
0.55748,-0.138019117458165
0.5495,-0.167988615119712
0.54028,-0.197423323686743
0.52985,-0.226269751478903
0.51822,-0.254488990006386
0.50544,-0.282025964926797
0.49153,-0.308836833317147
0.47653,-0.334873783416424
0.46048,-0.360087674333392
0.44342,-0.384430186642409
0.42539,-0.407855528990584
0.40644,-0.430314347530164
0.38663,-0.451748899527357
0.36599,-0.472118957691957
0.34459,-0.491370465535914
0.32248,-0.509455005916279
0.29972,-0.526323149800779
0.27638,-0.54191912063668
0.2525,-0.556206240468493
0.22815,-0.569142575320242
0.20341,-0.580676231169146
0.17832,-0.59077878791281
0.15296,-0.599412473281635
0.12739,-0.606548321950075
0.10168,-0.612158381395627
0.075886,-0.616227148347622
0.050084,-0.618735306775898
0.024336,-0.619671849818506
-0.0012931,-0.619031115623464
-0.026739,-0.616812832120499
-0.051941,-0.61302421090979
-0.076833,-0.607674760281649
-0.10136,-0.600784220845945
-0.12545,-0.592367882280381
-0.14907,-0.582466250904185
-0.17214,-0.571104670908918
-0.19462,-0.558325478873901
-0.21645,-0.544169058701338
-0.23758,-0.528680773922972
-0.25797,-0.511916382716801
-0.27757,-0.493931303032735
-0.29634,-0.474786717668222
-0.31424,-0.454546902971797
-0.33122,-0.433269552828917
-0.34726,-0.411027686682168
-0.36231,-0.387882492009474
-0.37635,-0.363906076215324
-0.38935,-0.339169894714152
-0.40129,-0.313750198963202
-0.41214,-0.287717470439364
-0.42188,-0.261142804609409
-0.4305,-0.234103002729907
-0.43799,-0.206677104074429
-0.44434,-0.178943504067481
-0.44954,-0.150977614247657
-0.45359,-0.12285741625005
-0.45649,-0.0946604476235114
-0.45824,-0.0664613582159467
-0.45886,-0.0383447835510625
-0.45834,-0.0103784599744699
-0.45672,0.0173488608189695
-0.45399,0.044771378042844
-0.45019,0.0718071414924345
-0.44534,0.0983787465537092
-0.43946,0.124415113862006
-0.43258,0.1498453862123
-0.42473,0.174601414079601
-0.41595,0.198612300476747
-0.40628,0.221807476114214
-0.39575,0.244126571954861
-0.3844,0.26551233236843
-0.37229,0.285897430334106
-0.35946,0.305223678053584
-0.34595,0.323442482902294
-0.33181,0.340507578934983
-0.3171,0.356369102941071
-0.30187,0.370983691225808
-0.28617,0.384315044218078
-0.27005,0.396334194191388
-0.25357,0.407012123934019
-0.23678,0.416328592862071
-0.21975,0.424256813308906
-0.20252,0.430788227460049
-0.18515,0.435915006314542
-0.16771,0.439623298390613
-0.15023,0.441924892353743
-0.13279,0.442815484766776
-0.11542,0.4423153929367
-0.098198,0.440429213497874
-0.08116,0.437180246162293
-0.064361,0.432592601262191
-0.047849,0.426695958048225
-0.031673,0.419523297682159
-0.01588,0.411111169608824
-0.00051019,0.401503331024157
0.014393,0.390746021373095
0.028794,0.378892258358553
0.042656,0.36599835237
0.055947,0.352125443992317
0.068639,0.337339975022967
0.080704,0.32171092852178
0.092121,0.305312670339899
0.10287,0.288222616839337
0.11294,0.27052514856683
0.12232,0.252307883503504
0.13099,0.233651884811465
0.13896,0.214652732190305
0.14622,0.195400105792848
0.15278,0.175991026069182
0.15864,0.156518099497551
0.16382,0.13708230554834
0.16833,0.117780856844537
0.17218,0.0987048666229992
0.17539,0.0799449769572353
0.17799,0.0615958722905148
0.17999,0.0437375948129927
0.18143,0.0264578125463951
0.18233,0.00983256356772625
0.18273,-0.00605939690821934
0.18265,-0.021154708242587
0.18212,-0.0353974329307856
0.18118,-0.0487324523805481
0.17986,-0.0611149126606012
0.17821,-0.0724953767707679
0.17624,-0.0828523461387655
0.17401,-0.0921511774806964
0.17153,-0.100385257080883
0.16886,-0.107534475439943
0.16602,-0.113598646626867
0.16305,-0.118579517758431
0.15998,-0.122488379704758
0.15685,-0.125337121686943
0.15369,-0.127145756271676
0.15052,-0.127948233234489
0.14739,-0.127767138875489
0.14431,-0.126645319654614
0.14131,-0.12462642298276
0.13842,-0.121753940680678
0.13567,-0.118070383037201
0.13306,-0.113638776707496
0.13062,-0.108515043012811
0.12837,-0.10275545290796
0.12632,-0.0964225677297219
0.12449,-0.0895750246908078
0.12287,-0.0822889456240838
0.12148,-0.0746303214243997
0.12032,-0.0666699503338527
0.11939,-0.0584805107229963
0.1187,-0.05012671459179
0.11823,-0.0416871186967816
0.11799,-0.0332269325241557
0.11796,-0.0248207875695191
0.11815,-0.0165264287995606
0.11853,-0.00841568783864288
0.11909,-0.000554679965496812
0.11982,0.0069972374549152
0.12071,0.0141881619133898
0.12173,0.0209592442936308
0.12287,0.0272628569844706
0.12411,0.0330547707904392
0.12542,0.0382877732850686
0.1268,0.0429361910491138
0.12821,0.0469633305995608
0.12964,0.0503472914476302
0.13106,0.0530643970433791
0.13246,0.055105465531458
0.13381,0.0564589517348326
0.13509,0.0571195922895767
0.13628,0.0570877914851726
0.13736,0.0563689597045656
0.13832,0.0549802246284949
0.13912,0.0529259249555235
0.13976,0.0502299271351598
0.14022,0.0469167609067141
0.14048,0.0430111632620882
0.14052,0.0385376638369281
0.14035,0.0335424108252365
0.13993,0.0280510042593885
0.13926,0.0221015645140248
0.13834,0.0157414364774153
0.13715,0.00900947644160083
0.13569,0.00195153921889583
0.13395,-0.00538944820758208
0.13194,-0.0129592540079973
0.12964,-0.0207181765672493
0.12707,-0.0286097531103082
0.12423,-0.0365803790022255
0.12111,-0.0445876783572398
0.11774,-0.052570016491354
0.11411,-0.0604816184348247
0.11023,-0.0682761147646347
0.10612,-0.0759007230216427
0.10179,-0.0833065313816943
0.097253,-0.0904470920253355
0.092517,-0.0972831651473223
0.087601,-0.103774542476975
0.082519,-0.109885329545093
0.077285,-0.115584403027977
0.071916,-0.120843446716677
0.066425,-0.125640478433786
0.060828,-0.129957353824329
0.055142,-0.133779132758586
0.049379,-0.137097917341659
0.043553,-0.139910578667225
0.037677,-0.142219009742176
0.031764,-0.144029444392292
0.025826,-0.145352517093382
0.019872,-0.146204655698581
0.013915,-0.14660385361646
0.0079628,-0.146572999597989
0.0020238,-0.146138117064078
-0.0038943,-0.145327797128753
-0.0097846,-0.14417271842151
-0.015642,-0.142705914410585
-0.021461,-0.140961269463101
-0.027239,-0.138974694106736
-0.032971,-0.136781068806118
-0.038656,-0.134416510198672
-0.044294,-0.131917917843371
-0.049882,-0.129319603100939
-0.05542,-0.126655049045023
-0.06091,-0.123957585545207
-0.066352,-0.121257957452005
-0.071748,-0.118585369599028
-0.0771,-0.115966871314553
-0.082409,-0.113426160939907
-0.08768,-0.110986393889496
-0.092915,-0.108667273040357
-0.098117,-0.106485743791559
-0.10329,-0.104456619451813
-0.10844,-0.102593877893279
-0.11356,-0.100900632409849
-0.11866,-0.0993835160244842
-0.12375,-0.0980516172888545
-0.12883,-0.0969081757147491
-0.1339,-0.0959514402069402
-0.13896,-0.095175492479424
-0.14401,-0.0945710262362643
-0.14907,-0.0941408708816216
-0.15412,-0.0938678313046199
-0.15917,-0.093741066960336
-0.16423,-0.0937550124119543
-0.16929,-0.0938936023605105
-0.17435,-0.0941400274686619
-0.17942,-0.094484628996699
-0.18448,-0.0949015110380965
-0.18955,-0.0953818967539385
-0.19461,-0.0959014177104587
-0.19966,-0.0964385453406525
-0.2047,-0.0969745907897593
-0.20971,-0.0974788578777907
-0.21471,-0.0979413791165289
-0.21966,-0.0983248204467849
-0.22457,-0.0986077931854088
-0.22943,-0.098767589282587
-0.23422,-0.0987737195942196
-0.23894,-0.0986051040977407
-0.24355,-0.098219317457121
-0.24806,-0.097594928889254
-0.25244,-0.0966985357474164
-0.25669,-0.0955102975327314
-0.26077,-0.0939924006625514
-0.26467,-0.092115886658358
-0.26837,-0.0898524696581295
-0.27186,-0.0871827367537178
-0.27511,-0.0840803514703771
-0.2781,-0.0805216937748337
-0.28082,-0.0764935633107268
-0.28323,-0.0719695418044699
-0.28532,-0.0669356585178205
-0.28708,-0.0613885693612938
-0.28847,-0.0553116336310169
-0.28948,-0.0487003426144098
-0.29009,-0.0415529095089431
-0.29028,-0.0338700106875911
-0.29004,-0.0256619010252326
-0.28934,-0.0169317021672199
-0.28816,-0.00768428726695439
-0.28651,0.00205182595634524
-0.28435,0.0122666164205395
-0.28168,0.0229355031820604
-0.27848,0.0340374825329667
-0.27475,0.045540084232124
-0.27047,0.0574171500043673
-0.26563,0.0696408366152674
-0.26024,0.0821678433004672
-0.25428,0.0949657087855505
-0.24774,0.108004171014224
-0.24064,0.121233384329137
-0.23295,0.134626055819069
-0.22469,0.148136889181444
-0.21586,0.161722160077862
-0.20646,0.175340675014777
-0.19648,0.188961906257977
-0.18595,0.202535316414003
-0.17486,0.216025333494886
-0.16322,0.229394793992142
-0.15105,0.242599058264495
-0.13834,0.255611056995126
-0.12511,0.268396666751967
-0.11138,0.280917245622176
-0.09715,0.293146587613245
-0.082438,0.305056173936861
-0.067258,0.316619626297146
-0.051628,0.327810323739069
-0.035562,0.338605406617721
-0.019077,0.348983730571378
-0.0021933,0.358923951173984
0.015072,0.368407789442914
0.032697,0.377416663974198
0.050662,0.385934157236802
0.068943,0.393943133913565
0.087518,0.401428090181805
0.10636,0.408371820506252
0.12545,0.414762384013866
0.14475,0.420578606671432
0.16424,0.425805991810094
0.18388,0.43042125777622
0.20365,0.434409683579175
0.22351,0.437749279730041
0.24342,0.440413006353084
0.26335,0.442378080100598
0.28326,0.443618575411919
0.3031,0.444099543334062
0.32283,0.443787293348064
0.34241,0.442650256789937
0.36178,0.440644844833377
0.38089,0.437726551812285
0.39969,0.433851538618014
0.41813,0.428977909316397
0.43616,0.423066708007302
0.45371,0.41606786720473
0.47073,0.407938761838264
0.48716,0.398636795411759
0.50296,0.388135633815466
0.51805,0.376393506867615
0.53239,0.363387233002841
0.54592,0.349094790302395
0.55858,0.33349604005201
0.57033,0.316588050308613
0.58111,0.298367417272187
0.59088,0.278845606525509
0.59959,0.258038730117839
0.6072,0.235973962216021
0.61365,0.212672206505882
0.61893,0.188186031038791
0.62299,0.162562833389725
0.62579,0.135852230146458
0.62731,0.10811929820654
0.62753,0.0794400165267722
0.62642,0.0498898716004334
0.62395,0.0195420232584503
0.62012,-0.0115119849101393
0.61492,-0.0431756399265668
0.60833,-0.0753584509589943
0.60034,-0.10796992803659
0.59097,-0.140899995271916
0.58022,-0.174040734999318
0.56808,-0.207296516168807
0.55458,-0.240554925073114
0.53972,-0.273715593369598
0.52353,-0.306668791401838
0.50603,-0.339308050349593
0.48725,-0.371525499752156
0.46722,-0.403215586256747
0.44596,-0.434285450166536
0.42353,-0.464626019425226
0.39995,-0.494148328249511
0.37528,-0.522753127944931
0.34956,-0.550351064326693
0.32285,-0.576849116450864
0.29519,-0.602169367301237
0.26665,-0.626226777759224
0.23728,-0.64894844872274
0.20714,-0.670266650190815
0.17631,-0.690105678023161
0.14484,-0.708408441533741
0.1128,-0.725120431477873
0.080265,-0.740187824438924
0.047303,-0.753564796335102
0.013986,-0.765211060690152
-0.019612,-0.775091205978119
-0.053417,-0.783175494433749
-0.087357,-0.789441816059478
-0.12136,-0.793875563516638
-0.15534,-0.796458953452038
-0.18923,-0.797186873752606
-0.22296,-0.796063025941612
-0.25645,-0.793091380696813
-0.28962,-0.788276637158622
-0.32241,-0.781639323327257
-0.35475,-0.77320533469245
-0.38655,-0.76298992550504
-0.41776,-0.751029404836198
-0.44831,-0.737361720762068
-0.47812,-0.722018123648804
-0.50713,-0.705038751379183
-0.53528,-0.686470122440349
-0.56252,-0.66637030959062
-0.58878,-0.644790579151483
-0.614,-0.621782903144621
-0.63813,-0.597405941634214
-0.66113,-0.571729651805101
-0.68294,-0.544816482865757
-0.70352,-0.51673594934462
-0.72282,-0.48755395631084
-0.74081,-0.45734643559926
-0.75745,-0.426187848632598
-0.77271,-0.394156711299562
-0.78655,-0.361325105612867
-0.79894,-0.3277651410086
-0.80986,-0.293554122040157
-0.81928,-0.258763756015275
-0.82719,-0.223473756624111
-0.83357,-0.18776038422411
-0.83841,-0.151702064499041
-0.84169,-0.115369037697858
-0.84341,-0.078837388124191
-0.84357,-0.0421853872796039
-0.84215,-0.00547567855675871
-0.83918,0.0312069274438468
-0.83463,0.0678069366609661
-0.82853,0.104250172184365
-0.82089,0.140464753496224
-0.8117,0.176397949730479
-0.801,0.21197751391358
-0.78879,0.247147592343578
-0.77509,0.281852869001676
-0.75993,0.316033177615239
-0.74333,0.34963407104455
-0.72532,0.382600398342873
-0.70592,0.414885940190027
-0.68517,0.446438753958916
-0.6631,0.477211692278375
-0.63973,0.507170751544694
-0.61512,0.536264477021033
-0.58931,0.56444411312513
-0.56232,0.591679761081844
-0.53421,0.617928540769889
-0.50503,0.643146232376849
-0.47482,0.667296674047728
-0.44363,0.690344331514261
-0.41152,0.712248284890261
-0.37853,0.732979696497524
-0.34473,0.75249858742961
-0.31018,0.770764978599769
-0.27492,0.787755253581932
-0.23903,0.803430545560866
-0.20256,0.817763413234423
-0.16558,0.830722050850855
-0.12816,0.842272458584528
-0.090347,0.852397248320545
-0.052226,0.861065250763578
-0.013859,0.86825247876526
0.024683,0.87393515338352
0.063331,0.878092206506422
0.10201,0.880701298862914
0.14066,0.88175116506648
0.1792,0.881224641829847
0.21756,0.879108794931172
0.25567,0.875394819306459
0.29346,0.870077841077257
0.33086,0.863156642814538
0.3678,0.854633331417573
0.40422,0.844520364102904
0.44003,0.832816338441459
0.47518,0.819538583952629
0.50961,0.804711946926408
0.54325,0.788359543295327
0.57603,0.770502712987724
0.60791,0.751183185792423
0.63882,0.730436020306464
0.6687,0.70829751828332
0.69751,0.684818928467721
0.72518,0.660040095000613
0.75167,0.634012853331296
0.77693,0.606789955612922
0.80092,0.578430884569351
0.82357,0.548976740722065
0.84486,0.518489604549987
0.86474,0.487024520338232
0.88318,0.454644054678209
0.90012,0.421392816941647
0.91554,0.387329124951753
0.92941,0.352513166973872
0.94169,0.316997395457113
0.95235,0.280833746211609
0.96137,0.244079445718561
0.96873,0.20679414513346
0.9744,0.169030135255065
0.97836,0.130839419303649
0.9806,0.0922794025982333
0.9811,0.0534025362057861
0.97986,0.0142702751282474
0.97687,-0.0250581029886406
0.97211,-0.0645344671490643
0.9656,-0.104091810843216
0.95734,-0.143664922638907
0.94732,-0.183199610807236
0.93557,-0.222622892652653
0.92209,-0.261871234194283
0.9069,-0.30087609547019
0.89003,-0.339559821651378
0.87149,-0.377854764539956
0.85131,-0.415688870450734
0.82954,-0.452974193107651
0.8062,-0.489635032815872
0.78134,-0.525585941779387
0.755,-0.560743855529495
0.72723,-0.595023032206988
0.69808,-0.628338459744009
0.6676,-0.660608602851578
0.63586,-0.691742753706664
0.60291,-0.721660673397659
0.56883,-0.750271187379445
0.53367,-0.777499611400095
0.49751,-0.803265070390728
0.46043,-0.827484580258725
0.42249,-0.850091190347894
0.38378,-0.871011225699216
0.34438,-0.890175709300485
0.30437,-0.907522049522383
0.26382,-0.923002639297973
0.22283,-0.936561817555526
0.18148,-0.94815447867019
0.13985,-0.957745993850877
0.098023,-0.965309653128645
0.056087,-0.970822904067812
0.014124,-0.974272324570598
-0.027783,-0.975652191251083
-0.069551,-0.974963837601405
-0.1111,-0.972217139177693
-0.15235,-0.967429233760247
-0.19321,-0.960615122955533
-0.23362,-0.951811169876167
-0.27349,-0.941048326341632
-0.31275,-0.928367626679438
-0.35133,-0.913817567553277
-0.38914,-0.897436958926502
-0.42612,-0.879278273172732
-0.46219,-0.859389076168661
-0.4973,-0.837834122460394
-0.53137,-0.814668293359585
-0.56433,-0.789944571256612
-0.59613,-0.76372785516642
-0.6267,-0.736076161760404
-0.65598,-0.707047794821214
-0.68392,-0.676707069595356
-0.71047,-0.645121340039511
-0.73557,-0.612351091413267
-0.75917,-0.578456882055309
-0.78122,-0.543497501227789
-0.8017,-0.507550692525101
-0.82055,-0.47067757186543
-0.83775,-0.432953517781574
-0.85325,-0.39444089260118
-0.86703,-0.35521174282368
-0.87907,-0.315343631042279
-0.88935,-0.274916118454422
-0.89785,-0.234007853005698
-0.90455,-0.192694215885248
-0.90945,-0.151060273704869
-0.91253,-0.109181360095164
-0.91381,-0.0671520318534955
-0.91328,-0.0250571177071775
-0.91095,0.01701440570724
-0.90682,0.058980557741097
-0.90092,0.10074559232561
-0.89326,0.142220619111998
-0.88386,0.183317878577764
-0.87275,0.223946125035064
-0.85995,0.264021806826858
-0.8455,0.30345570946615
-0.82943,0.342164541690167
-0.81178,0.380065342069043
-0.79259,0.417078373860526
-0.77191,0.453121988295407
-0.74978,0.488123334785296
-0.72625,0.52201198305658
-0.70138,0.554714725967344
-0.67522,0.586166252606194
-0.64783,0.616302754513058
-0.61927,0.645064129537825
-0.58961,0.6723882591178
-0.55891,0.698221232018629
-0.52724,0.72251057324214
-0.49467,0.745207137980013
-0.46128,0.76625914136707
-0.42713,0.785629589857878
-0.3923,0.80328035413492
-0.35687,0.819174139119512
-0.32093,0.833268627464278
-0.28455,0.84553405517684
-0.24781,0.855944850537536
-0.2108,0.864472772171842
-0.1736,0.871096214186858
-0.13631,0.875785320049895
-0.099012,0.878518277481347
-0.061786,0.879282389863557
-0.024725,0.878063596313484
0.012081,0.87484986993183
0.048547,0.869635356197593
0.084581,0.862414650400983
0.1201,0.853189983241025
0.15501,0.841961996556301
0.18923,0.828740073700936
0.22268,0.81354153859098
0.25527,0.79638264411674
0.28692,0.777286095445384
0.31756,0.756286914908659
0.3471,0.733414632338408
0.37547,0.708708618504333
0.4026,0.682215358332012
0.42843,0.653993434383275
0.45289,0.624102401518451
0.47591,0.592601144455187
0.49745,0.559568710840038
0.51744,0.525076162594353
0.53585,0.489215822268474
0.55262,0.452072471860598
0.56773,0.41375205914848
0.58113,0.374352459973272
0.59279,0.33397704610909
0.60271,0.29275281679783
0.61085,0.250792582361294
0.61722,0.20823135811894
0.62179,0.165188493768833
0.62459,0.121811459882481
0.62561,0.0782363932923978
0.62487,0.0346083071584753
0.62239,-0.00892510434774308
0.6182,-0.052211187092871
0.61232,-0.0951054708578986
0.60481,-0.137445129213697
0.5957,-0.179079887751363
0.58504,-0.219859685057455
0.57289,-0.259632177280311
0.5593,-0.298255624135295
0.54436,-0.335572062671093
0.52812,-0.37144531083425
0.51065,-0.405746700061938
0.49205,-0.438336026181761
0.47239,-0.46909088744386
0.45176,-0.49789291095876
0.43025,-0.524631362908722
0.40794,-0.549213268383001
0.38495,-0.571534133509465
0.36135,-0.591521204949456
0.33725,-0.609100945564702
0.31276,-0.624202413800085
0.28797,-0.636774681604623
0.26298,-0.646778146884207
0.2379,-0.654177211502184
0.21282,-0.658956423071545
0.18785,-0.661103336191689
0.1631,-0.66060936094907
0.13864,-0.657499874452572
0.1146,-0.651783599142406
0.091053,-0.643498701287135
0.068098,-0.632687725001856
0.045822,-0.619405318298177
0.024314,-0.603713712329729
0.0036529,-0.585687752038542
-0.016079,-0.565408557878737
-0.034811,-0.542969265129412
-0.052469,-0.518468157888997
-0.068991,-0.492014378155877
-0.084316,-0.463723947523314
-0.098389,-0.433719991963727
-0.11116,-0.402131908178406
-0.12259,-0.369098877266098
-0.13264,-0.334764219275827
-0.14127,-0.29926990458755
-0.14846,-0.262767603416625
-0.1542,-0.225419860978129
-0.15847,-0.187385892113008
-0.16126,-0.148824921950338
-0.16257,-0.109898789440486
-0.16241,-0.0707739007723659
-0.1608,-0.0316226155263786
-0.15775,0.00739065228687556
-0.15328,0.0461057143773414
-0.14744,0.0843487770326627
-0.14025,0.121962852817593
-0.13176,0.158787519303323
-0.12203,0.194657540676047
-0.11111,0.229416712627673
-0.099056,0.262917000508064
-0.085941,0.295009542583113
-0.071839,0.325549284300498
-0.056826,0.354397899923264
-0.040983,0.38142377976832
-0.024396,0.406501866663331
-0.0071569,0.429512702154129
0.010645,0.450347807268606
0.028912,0.4689056033474
0.04755,0.485096819376255
0.066458,0.49884075735665
0.085537,0.510068628437067
0.10469,0.51872591262167
0.12381,0.524764989247408
0.14281,0.528161172568386
0.16158,0.528893199805381
0.18004,0.526966568727367
0.19807,0.522379823972807
0.2156,0.515164064275125
0.23254,0.505362103833659
0.24879,0.493018701199045
0.26428,0.478202127327051
0.27893,0.460991271483392
0.29266,0.441472282432523
0.30541,0.419750365921668
0.31712,0.395943912087436
0.32771,0.370164525834345
0.33714,0.342545368506513
0.34536,0.313226356725958
0.35233,0.282356750947091
0.358,0.250082095620319
0.36234,0.216555863740019
0.36534,0.181948532558247
0.36696,0.14641738185333
0.3672,0.110134160620021
0.36604,0.0732625323513466
0.36348,0.0359695965432521
0.35954,-0.00156500411923784
0.3542,-0.0391865258383731
0.3475,-0.0767207837881461
0.33944,-0.114012956373016
0.33006,-0.150899255859593
0.31939,-0.187221372690573
0.30745,-0.222838030372244
0.2943,-0.257596935157945
0.27996,-0.29137166500361
0.26449,-0.324031601780153
0.24795,-0.355447420204106
0.23038,-0.385510284604634
0.21185,-0.414109832495154
0.1924,-0.441160860201807
0.17212,-0.466565012399168
0.15105,-0.490254198464995
0.12927,-0.512158225253034
0.10685,-0.532215729813401
0.083851,-0.550381991839568
0.060349,-0.566617023854423
0.03641,-0.580894305024524
0.012108,-0.593194116055148
-0.012488,-0.603507560027535
-0.037308,-0.61183503341385
-0.062284,-0.618186917823452
-0.087347,-0.622581601061386
-0.11243,-0.625045830281177
-0.13747,-0.625616193083102
-0.16239,-0.624326673095194
-0.18715,-0.621236335494384
-0.21167,-0.616393973616792
-0.2359,-0.6098615785722
-0.25979,-0.601710647325907
-0.28327,-0.592004098669741
-0.3063,-0.580818819757533
-0.32883,-0.56823381933732
-0.3508,-0.55432055518814
-0.37219,-0.539172240158542
-0.39293,-0.522860269340323
-0.413,-0.505473558601518
-0.43235,-0.487090561628614
-0.45095,-0.467793912103692
-0.46878,-0.447674663930765
-0.48579,-0.426805858276309
-0.50196,-0.405266004627237
-0.51727,-0.383135628296619
-0.53169,-0.360487005782879
-0.54521,-0.337398255309179
-0.55779,-0.313927525871478
-0.56943,-0.290144450651604
-0.58012,-0.266118199279291
-0.58983,-0.241900450509263
-0.59856,-0.21754907558943
-0.6063,-0.19311746861815
-0.61304,-0.168653455134569
-0.61877,-0.144198546716815
-0.6235,-0.119802293663182
-0.62721,-0.0954966685610427
-0.62991,-0.0713202522649791
-0.6316,-0.0473079767186645
-0.63227,-0.023482963692793
-0.63194,0.000120156768093531
-0.63061,0.0234737131945384
-0.62828,0.0465568887476744
-0.62495,0.0693554555282345
-0.62065,0.0918391855603623
-0.61537,0.113995806538945
-0.60913,0.135806116411777
-0.60193,0.157261075646877
-0.5938,0.17833831840478
-0.58475,0.199020523880028
-0.57479,0.219295281312829
-0.56394,0.23914744964635
-0.55222,0.258560450279145
-0.53964,0.277524726189885
-0.52623,0.296022177974642
-0.512,0.314043411001481
-0.49699,0.331564415119786
-0.4812,0.348579908376121
-0.46467,0.365070550220363
-0.44741,0.381028646009924
-0.42947,0.396426774552838
-0.41085,0.411259568415474
-0.39159,0.42551024867323
-0.37173,0.439153527426336
-0.35128,0.452180340331984
-0.33028,0.464572987205019
-0.30877,0.476307504285396
-0.28676,0.487377917337235
-0.2643,0.49776355498234
-0.24142,0.507447456214074
-0.21814,0.516423707095031
-0.19452,0.524666089421391
-0.17058,0.532162496052862
-0.14635,0.538905321324802
-0.12187,0.544883607581476
-0.097184,0.550081230458707
-0.072319,0.554491091857012
-0.047311,0.558107095450818
-0.022199,0.560922090006003
0.0029831,0.562932221420202
0.028199,0.564134801255443
0.053414,0.564529510944208
0.078593,0.564117823910173
0.1037,0.562902114830825
0.1287,0.560886313204836
0.15357,0.558084517112177
0.17826,0.55449881837963
0.20275,0.550143882397451
0.227,0.545029438821501
0.25098,0.539168474765414
0.27466,0.532576341778199
0.29801,0.525269963483426
0.32099,0.517259744271018
0.34358,0.508565387643567
0.36573,0.499191409571254
0.38742,0.48915215680233
0.40862,0.478462121602476
0.42928,0.467120729295067
0.44938,0.45513743112105
0.46889,0.44252208089255
0.48777,0.429277170201341
0.50598,0.415399145745566
0.5235,0.400894413925473
0.54029,0.385762403679102
0.55631,0.369996889265927
0.57154,0.35360199224437
0.58594,0.336575234707957
0.59949,0.318923642753045
0.61216,0.300654295777483
0.62392,0.28177410859466
0.63474,0.26228965597726
0.6446,0.242214434133082
0.65349,0.221574538282102
0.66138,0.200390727222547
0.66825,0.178686282913996
0.6741,0.156500662963628
0.6789,0.13386309874577
0.68266,0.110823338519649
0.68536,0.0874241050419065
0.68701,0.0637234387057777
0.6876,0.0397753036486714
0.68714,0.0156436221139847
0.68563,-0.00860889064415289
0.68308,-0.0329149312565807
0.6795,-0.0572054855157758
0.6749,-0.0814122235794037
0.66931,-0.105454651918357
0.66274,-0.129259685430641
0.65521,-0.15275507707561
0.64675,-0.175864138287153
0.63738,-0.198516419287036
0.62712,-0.220648791725105
0.616,-0.242198768292607
0.60405,-0.263106519761985
0.59131,-0.283309049426334
0.57779,-0.302765179640815
0.56354,-0.321423371234672
0.54858,-0.339247835720053
0.53295,-0.356202192918247
0.51667,-0.37226590302192
0.49979,-0.387410113613527
0.48232,-0.401630170212469
0.4643,-0.41491940896881
0.44577,-0.427270256748441
0.42675,-0.438689901376059
0.40728,-0.449182931647522
0.38738,-0.458766970668226
0.36708,-0.467462719766128
0.34642,-0.475285820659332
0.32542,-0.482262572909608
0.30411,-0.488420101899184
0.28253,-0.493778376543639
0.26069,-0.49837350399633
0.23862,-0.502239076073638
0.21636,-0.505398561377739
0.19392,-0.507888975785335
0.17134,-0.509735201198856
0.14863,-0.51097394826591
0.12583,-0.511628355354236
0.10296,-0.511724818340993
0.080036,-0.511294609761782
0.05709,-0.510360249091574
0.034142,-0.508945429947725
0.011217,-0.507070396190394
-0.011664,-0.504754946746914
-0.034478,-0.50201641826476
-0.057203,-0.49887033153352
-0.079817,-0.495330211042648
-0.1023,-0.491408964531278
-0.12463,-0.487117048719248
-0.14679,-0.482466229806247
-0.16875,-0.477459265693099
-0.19051,-0.472113627135147
-0.21203,-0.4664284674581
-0.23329,-0.460402849062728
-0.25429,-0.45405043530234
-0.275,-0.447373990276319
-0.29539,-0.440367298149683
-0.31546,-0.433039127018798
-0.33517,-0.425380393648151
-0.35452,-0.417397337358834
-0.37348,-0.409086094816159
-0.39204,-0.400449461009016
-0.41017,-0.391480644140004
-0.42787,-0.382187409082233
-0.4451,-0.372559394117469
-0.46185,-0.362594013469254
-0.4781,-0.352287551068438
-0.49384,-0.341642818530714
-0.50905,-0.33066037543084
-0.52371,-0.31933891206752
-0.5378,-0.307675605355722
-0.55131,-0.29567384414743
-0.56423,-0.28334190755931
-0.57653,-0.270676985524681
-0.58821,-0.257689563362512
-0.59924,-0.244378354200337
-0.60962,-0.230754777562015
-0.61933,-0.216825378532024
-0.62836,-0.202599973958376
-0.6367,-0.188090732402574
-0.64432,-0.173296574476512
-0.65123,-0.158235311274571
-0.6574,-0.142909889698996
-0.66284,-0.127340741062556
-0.66752,-0.111532226344829
-0.67144,-0.0954977751260067
-0.67458,-0.0792429219255365
-0.67695,-0.0627888196846254
-0.67853,-0.0461464103256569
-0.67931,-0.0293254497758176
-0.6793,-0.0123491991720558
-0.67849,0.00476366462195941
-0.67687,0.0219987237029933
-0.67444,0.0393380653323893
-0.67121,0.0567541266408543
-0.66716,0.0742345703954492
-0.66229,0.091764975015197
-0.65662,0.109314945874407
-0.65014,0.126864309160853
-0.64284,0.144401781554121
-0.63474,0.161901496482985
-0.62582,0.179356237151576
-0.61611,0.196737177047815
-0.6056,0.214028556981414
-0.59429,0.231218317921266
-0.58219,0.248290469082768
-0.5693,0.265233830174794
-0.55565,0.282019363888089
-0.54122,0.298641534099913
-0.52604,0.315077076306103
-0.51011,0.331311399059482
-0.49344,0.347330050610489
-0.47605,0.363111842786083
-0.45794,0.378645669515258
-0.43914,0.393906822098653
-0.41965,0.408882628569264
-0.3995,0.423548430202322
-0.37869,0.437892910266324
-0.35724,0.451901186570103
-0.33517,0.465556073460996
-0.31251,0.47883175431853
-0.28926,0.491718487727394
-0.26545,0.50419773551642
-0.24111,0.516244533646301
-0.21625,0.52784435467682
-0.1909,0.538976850529107
-0.16508,0.549625093090307
-0.13882,0.55976813997824
-0.11215,0.569382542578116
-0.085098,0.578445104045308
-0.057696,0.586930660963615
-0.029976,0.594813308616106
-0.001972,0.602065932396774
0.02628,0.608659866339211
0.054743,0.614565402705798
0.083379,0.619752235736645
0.11215,0.624190581856652
0.141,0.627838761159827
0.16991,0.63067418097716
0.19881,0.632652740702964
0.22767,0.633743981667123
0.25644,0.6339146940661
0.28506,0.633123185324104
0.31348,0.631329672491502
0.34165,0.628497221448747
0.36952,0.624592446211863
0.39702,0.619571198476349
0.42412,0.613411696140998
0.45074,0.606074092676608
0.47683,0.59752753171975
0.50234,0.587749531994798
0.52721,0.576717892278768
0.55139,0.564418954584615
0.57481,0.550831850768243
0.59744,0.535960364441395
0.61921,0.519798802415274
0.64007,0.502349099345876
0.65999,0.483634389287076
0.6789,0.463665010331803
0.69677,0.442470579874792
0.71356,0.420088341307647
0.72921,0.396546154376561
0.7437,0.371893365202329
0.75698,0.346173325158253
0.76903,0.319445741310169
0.7798,0.291759848390502
0.78928,0.263184788559933
0.79742,0.23377436904504
0.80422,0.203605577721681
0.80964,0.172742418223165
0.81367,0.141258829370893
0.81628,0.109219870390903
0.81748,0.0767111249909173
0.81724,0.0438026642641818
0.81555,0.0105647371629471
0.81242,-0.0229196325574894
0.80783,-0.0565818326038473
0.80179,-0.0903448598231851
0.7943,-0.124134777554681
0.78536,-0.157882500806324
0.775,-0.19150294824496
0.76321,-0.224930445577738
0.75001,-0.258095013252813
0.73543,-0.29091818376205
0.71948,-0.323332047889872
0.70219,-0.355264767464464
0.68358,-0.386651208864085
0.66369,-0.417419163588533
0.64255,-0.447500623275808
0.62019,-0.476833372355383
0.59666,-0.505347342316663
0.572,-0.532976008483024
0.54626,-0.559650694855272
0.51948,-0.585310840943989
0.49171,-0.609897284070664
0.46301,-0.633346814518972
0.43344,-0.655595283940418
0.40305,-0.676587530523067
0.3719,-0.696270360620235
0.34007,-0.714579444918593
0.30761,-0.731466017416333
0.27458,-0.746888410877437
0.24107,-0.760790261364285
0.20713,-0.773135080484342
0.17284,-0.78388182714814
0.13827,-0.792994917278432
0.10349,-0.800444739568905
0.068579,-0.806201249299053
0.033607,-0.810242113234085
-0.0013542,-0.812551071326981
-0.036229,-0.813114964361201
-0.070945,-0.811926413558521
-0.10543,-0.80898358818862
-0.13961,-0.804288370480286
-0.17342,-0.797852741045961
-0.20679,-0.789693282028349
-0.23964,-0.779822895877773
-0.27191,-0.768266373979951
-0.30354,-0.755057811816518
-0.33447,-0.740238255719999
-0.36463,-0.723846189530741
-0.39396,-0.7059246764714
-0.42241,-0.686526951082081
-0.44992,-0.66570583118912
-0.47644,-0.64351994234558
-0.50193,-0.620038539103948
-0.52633,-0.595322884031753
-0.54961,-0.569448376989174
-0.57172,-0.542484996786021
-0.59262,-0.514503819383507
-0.61228,-0.485582192730719
-0.63067,-0.455800309323057
-0.64777,-0.42524572779961
-0.66353,-0.393987197032457
-0.67795,-0.362113165241117
-0.691,-0.329703101490531
-0.70266,-0.296834164959761
-0.71293,-0.263593995640386
-0.72179,-0.230061140090983
-0.72925,-0.196326461693605
-0.73528,-0.16245827251788
-0.7399,-0.128541346296388
-0.74311,-0.0946561394557105
-0.74492,-0.0608843304922869
-0.74532,-0.0272910367749424
-0.74434,0.00604473768210021
-0.74198,0.0390577077680336
-0.73827,0.0716738336491408
-0.73322,0.103829426546017
-0.72685,0.135464100000426
-0.7192,0.166507615249042
-0.71028,0.19690651249957
-0.70013,0.226600769018417
-0.68877,0.255542140769306
-0.67625,0.283671654493608
-0.66258,0.310953513753306
-0.64782,0.337335257666513
-0.63199,0.362782637713734
-0.61513,0.387262868165522
-0.59729,0.410738476982536
-0.57851,0.433177239875829
-0.55883,0.454552637980332
-0.53829,0.474844067765929
-0.51693,0.494036842540891
-0.49482,0.512099828089281
-0.47198,0.529026982603286
-0.44847,0.544803605515519
-0.42434,0.559416320943182
-0.39963,0.572861059242374
-0.37441,0.585119642209632
-0.34872,0.596185624346288
-0.32261,0.606055210287376
-0.29614,0.614719850448157
-0.26936,0.622175162365983
-0.24233,0.628413197632656
-0.21509,0.633438471963913
-0.18771,0.637243564810659
-0.16024,0.639826720325196
-0.13274,0.641183675089519
-0.10526,0.6413159145613
-0.077844,0.640234208381983
-0.05056,0.637939019257576
-0.023457,0.634436760034273
0.0034097,0.62973400908314
0.029992,0.623842815634744
0.056235,0.616774464179039
0.082091,0.608544806492197
0.10751,0.599171397038144
0.13244,0.588671344203759
0.15685,0.577076583548955
0.18067,0.564401410111028
0.20388,0.550682568326097
0.22642,0.535944397101749
0.24827,0.520230211693619
0.26938,0.503575310426494
0.28971,0.486014986950868
0.30924,0.46759835436153
0.32793,0.448369527433811
0.34575,0.428374748435254
0.36268,0.407668045872804
0.37869,0.386300779198331
0.39376,0.364328046549269
0.40787,0.341806328033765
0.42099,0.318784126603345
0.43313,0.295331585239306
0.44425,0.271497212787553
0.45434,0.247332704517439
0.46341,0.222905439466111
0.47144,0.198271158386302
0.47842,0.173481804445188
0.48435,0.148591911415331
0.48923,0.123656274807834
0.49307,0.0987354541811777
0.49586,0.0738778574164513
0.49762,0.0491425794328856
0.49835,0.0245805404328961
0.49806,0.000241673707731382
0.49678,-0.0238118702170846
0.49451,-0.0475323803405422
0.49128,-0.070863330153735
0.48711,-0.0937504568902057
0.48202,-0.116143239940235
0.47604,-0.137988609435614
0.46919,-0.15924074002028
0.46152,-0.179839175094564
0.45304,-0.199743347843831
0.44379,-0.218908125266394
0.43382,-0.237279012537508
0.42315,-0.254818106204278
0.41183,-0.271480210768954
0.3999,-0.287223363959138
0.38738,-0.302024630004823
0.37434,-0.315840566543489
0.36081,-0.328642444060973
0.34683,-0.340407260005806
0.33244,-0.351117746898364
0.31769,-0.36075482251948
0.30263,-0.369298928254884
0.28729,-0.376745894131503
0.27172,-0.383089732538489
0.25595,-0.388338387016519
0.24004,-0.392489060352494
0.22401,-0.395560353940474
0.20791,-0.397565820362818
0.19178,-0.398522336060378
0.17564,-0.398464125596491
0.15954,-0.397416609650683
0.14351,-0.395412498089853
0.12757,-0.392497137270117
0.11175,-0.388717672824999
0.096084,-0.384118667106955
0.08059,-0.378753379527031
0.065292,-0.372676321782407
0.050207,-0.365946802024914
0.035354,-0.358624959228825
0.020746,-0.35077442132538
0.0063987,-0.342457881024185
-0.0076812,-0.333742167181914
-0.021484,-0.324693311028362
-0.035001,-0.315375510476906
-0.048232,-0.305855851551889
-0.061172,-0.296198168417989
-0.073822,-0.28646613416451
-0.086181,-0.276719807433079
-0.098254,-0.267018831602884
-0.11004,-0.257416123044635
-0.12155,-0.2479662488306
-0.13278,-0.238712147706951
-0.14374,-0.229696160240583
-0.15443,-0.220951170427016
-0.16487,-0.212515895400748
-0.17506,-0.204417474441596
-0.18499,-0.196665129099295
-0.19468,-0.18927509651375
-0.20414,-0.182260975939542
-0.21336,-0.17561864162664
-0.22235,-0.169344135482639
-0.23111,-0.163425914415456
-0.23964,-0.157846222551977
-0.24795,-0.152589783054498
-0.25604,-0.147635983291202
-0.26389,-0.14294534879473
-0.27151,-0.138486135316227
-0.27889,-0.134218619589773
-0.28603,-0.130104878259869
-0.29291,-0.126094471844556
-0.29953,-0.122142852412177
-0.30588,-0.118203900973798
-0.31193,-0.114216599066335
-0.31768,-0.110131685282208
-0.32311,-0.10589589794316
-0.3282,-0.101454214790847
-0.33294,-0.0967591343130617
-0.33729,-0.0917484121283263
-0.34123,-0.086364505108725
-0.34474,-0.0805553580768901
-0.34781,-0.0742823341193335
-0.35039,-0.0674893102273372
-0.35246,-0.060130008510867
-0.354,-0.0521675987851393
-0.35498,-0.0435667665358762
-0.35537,-0.0342946910637833
-0.35514,-0.0243217754058036
-0.35427,-0.0136295543255103
-0.35273,-0.00220199457981724
-0.35049,0.00997418474192698
-0.34752,0.0229093353202565
-0.34381,0.0365960278270716
-0.33933,0.0510271311856631
-0.33406,0.0661882031214952
-0.32798,0.0820589673552108
-0.32107,0.098614679001084
-0.31332,0.115819971825812
-0.3047,0.133646393519
-0.29522,0.152042017676966
-0.28487,0.170951964464233
-0.27362,0.190335052746561
-0.26149,0.210125147280575
-0.24848,0.230252458896563
-0.23457,0.250660843766111
-0.21979,0.271269675979459
-0.20414,0.292002960319173
-0.18764,0.312775734690451
-0.1703,0.333505582762047
-0.15214,0.354107103783722
-0.1332,0.37448018316026
-0.11349,0.394537941573244
-0.093048,0.414186072990819
-0.071913,0.433326402621615
-0.050124,0.451860631696043
-0.027724,0.469690443540288
-0.0047602,0.486717484892199
0.018718,0.502844871628907
0.042656,0.51797618379461
0.066998,0.532017637613368
0.091685,0.54487832174342
0.11665,0.556466792845648
0.14184,0.566704643820455
0.16718,0.575510502481162
0.1926,0.582807198762727
0.21804,0.588531142688089
0.24342,0.592617358462954
0.26866,0.59500225341081
0.2937,0.595640603564863
0.31847,0.594496586606864
0.34288,0.591528911501251
0.36686,0.586708536491254
0.39035,0.580025219358758
0.41326,0.571462712484009
0.43552,0.56101587426842
0.45706,0.548689344715672
0.47782,0.53450359369009
0.49772,0.518477162236324
0.5167,0.50064193673555
0.53469,0.481032875092581
0.55163,0.459694389640279
0.56747,0.43668519511153
0.58215,0.412067003208736
0.59561,0.38590266773962
0.60781,0.358269385722132
0.6187,0.32924671813318
0.62825,0.298929002577822
0.6364,0.267397927569472
0.64313,0.234752456067675
0.64841,0.201095450128853
0.65221,0.16653012758741
0.6545,0.131157125595909
0.65526,0.0950795268974488
0.65449,0.0584141845447953
0.65216,0.0212634590986094
0.64828,-0.0162554728323304
0.64283,-0.0540392107688794
0.63582,-0.0919764941268368
0.62725,-0.129960603632735
0.61714,-0.167877091021687
0.60548,-0.205631114152464
0.59231,-0.243109835309704
0.57764,-0.280211782221903
0.5615,-0.316833264565155
0.54391,-0.352879707145277
0.5249,-0.388259784443099
0.50452,-0.422873234718673
0.4828,-0.456630864771386
0.45978,-0.489448215589032
0.43551,-0.521240353059061
0.41005,-0.551917685483807
0.38345,-0.581397505420497
0.35576,-0.609605725542962
0.32705,-0.636463271102071
0.29737,-0.661904825485612
0.2668,-0.685856599374226
0.23541,-0.70824820894143
0.20326,-0.729022151605889
0.17044,-0.7481115235077
0.13701,-0.765466669807032
0.10306,-0.781031829945953
0.068661,-0.794762702100327
0.033905,-0.806610699935843
-0.0011303,-0.816536465390588
-0.036359,-0.824503859853848
-0.071696,-0.830481676884427
-0.10706,-0.834447091855586
-0.14235,-0.836370819709915
-0.1775,-0.836245748264103
-0.2124,-0.834050987068716
-0.24698,-0.82978534523955
-0.28115,-0.823449395288827
-0.31482,-0.815045735535489
-0.34792,-0.804593902952236
-0.38035,-0.79210493873754
-0.41205,-0.777612841076859
-0.44292,-0.761140109976861
-0.47289,-0.742722002104271
-0.50191,-0.722418309116771
-0.52988,-0.700270407717583
-0.55675,-0.676341022942138
-0.58245,-0.650693894665838
-0.60692,-0.623399504623546
-0.63012,-0.594546859139184
-0.65197,-0.564208075884227
-0.67244,-0.532476777836474
-0.69149,-0.499454046650806
-0.70907,-0.465236858084504
-0.72514,-0.429923589704474
-0.73968,-0.393625754902732
-0.75265,-0.356447480751973
-0.76404,-0.318506080744802
-0.77383,-0.279918653302587
-0.782,-0.24079862713403
-0.78855,-0.201267803047535
-0.79346,-0.161436203582545
-0.79675,-0.121430461979673
-0.7984,-0.0813570559610625
-0.79844,-0.041339715349863
-0.79686,-0.00148251517470289
-0.79369,0.0381002311710466
-0.78895,0.0772971606334515
-0.78265,0.116010441408934
-0.77482,0.154141799232072
-0.76549,0.191596083268141
-0.7547,0.228276675555907
-0.74248,0.264096633482862
-0.72886,0.298980039479987
-0.71389,0.332848024437266
-0.69761,0.365629766569465
-0.68007,0.397256350316575
-0.66131,0.427670556313398
-0.64139,0.456812252987159
-0.62035,0.484636269864098
-0.59825,0.511096816405533
-0.57515,0.536149712559591
-0.5511,0.559761513844954
-0.52617,0.581894376655264
-0.5004,0.602530929590873
-0.47387,0.621641990592163
-0.44662,0.63921999216742
-0.41873,0.655246158747224
-0.39026,0.669708683219331
-0.36126,0.68260976116519
-0.33181,0.693941284588086
-0.30195,0.703717252977829
-0.27176,0.711940117792553
-0.24129,0.718625690143242
-0.2106,0.723793243226294
-0.17976,0.727457408350927
-0.14882,0.729643905509383
-0.11784,0.730379707354877
-0.086877,0.729694656641804
-0.055988,0.727620433353414
-0.025229,0.724190372454535
0.0053474,0.719441008395881
0.035686,0.713408760161995
0.065738,0.70613388031798
0.095452,0.697656844986619
0.12478,0.68801984016116
0.15367,0.677262405412412
0.18209,0.66543570888234
0.20998,0.652578220164474
0.2373,0.638731897612949
0.26402,0.623947716470835
0.2901,0.608275080451526
0.31549,0.591753300092695
0.34017,0.574434537271819
0.36409,0.556357565926849
0.38722,0.537563927301779
0.40953,0.518096062891912
0.431,0.498003172094902
0.45158,0.477316158913576
0.47125,0.456072266777769
0.48998,0.434305169621063
0.50775,0.412051867331181
0.52452,0.389335960512627
0.54029,0.366198887434014
0.55501,0.342658072036762
0.56868,0.318747771082206
0.58126,0.294484991387888
0.59276,0.26990903866555
0.60314,0.245038859036274
0.6124,0.219905751676328
0.62052,0.19453503554603
0.6275,0.168961020706479
0.63332,0.143209258992785
0.63798,0.11731204962649
0.64149,0.0913133683976797
0.64383,0.0652429600653356
0.64501,0.0391401937159191
0.64504,0.0130508472423759
0.64393,-0.0129756450584523
0.64168,-0.0388959090324461
0.63831,-0.0646581309446442
0.63384,-0.0902053902807593
0.62829,-0.115478483380145
0.62168,-0.140418272503018
0.61403,-0.164967596734182
0.60539,-0.189050588093988
0.59578,-0.212600871084572
0.58523,-0.235554482232306
0.57379,-0.257836733167773
0.5615,-0.279374102059465
0.54839,-0.300103807514967
0.53451,-0.319959087964386
0.51991,-0.338872250989281
0.50463,-0.356784563682179
0.48873,-0.373631820808533
0.47224,-0.389369850248249
0.45523,-0.403942791504143
0.43773,-0.417317007670648
0.41981,-0.429448674822446
0.40151,-0.440309695459926
0.38287,-0.449885984030826
0.36396,-0.45815353144947
0.34481,-0.465111122345446
0.32548,-0.470754322821622
0.30601,-0.475091559402607
0.28645,-0.478134526624384
0.26685,-0.479897736327882
0.24725,-0.480405439700997
0.2277,-0.479682125824256
0.20824,-0.477759610399321
0.18891,-0.474675122379416
0.16976,-0.47046218410132
0.15081,-0.465172897236165
0.13212,-0.458843609818491
0.11372,-0.451519376580201
0.095636,-0.443254171632378
0.077907,-0.43409822286448
0.060562,-0.424104868560769
0.043632,-0.413327083298455
0.02714,-0.401822044544912
0.011112,-0.389646531559962
-0.0044285,-0.376857258507379
-0.019463,-0.363512956836373
-0.033972,-0.349671530457649
-0.047939,-0.335390710467129
-0.06135,-0.32072818627871
-0.074194,-0.305742054143393
-0.086461,-0.290489662992148
-0.098144,-0.275028158266308
-0.10924,-0.259415642655922
-0.11974,-0.243704669511314
-0.12966,-0.227960051623487
-0.13898,-0.212227765242386
-0.14772,-0.196566565558714
-0.15588,-0.181028745088652
-0.16347,-0.165666973190267
-0.1705,-0.150532388044937
-0.17699,-0.13568048690488
-0.18295,-0.121160961794032
-0.1884,-0.107024440753577
-0.19334,-0.0933056958727969
-0.19782,-0.0800622859014583
-0.20183,-0.0673237565123682
-0.20541,-0.0551327758215125
-0.20858,-0.0435261725973963
-0.21136,-0.0325346061165641
-0.21377,-0.0221824568134812
-0.21584,-0.0124953006906321
-0.2176,-0.00349851922120236
-0.21907,0.004791198043703
-0.22027,0.0123650739793059
-0.22124,0.019206607515296
-0.222,0.0253087332519673
-0.22258,0.0306651996571532
-0.223,0.0352783769271117
-0.2233,0.0391431176212162
-0.2235,0.0422635027852098
-0.22362,0.0446512868507889
-0.22369,0.0463170334451144
-0.22373,0.0472777683555669
-0.22378,0.047540761932054
-0.22385,0.0471276611245671
-0.22396,0.0460639608933517
-0.22414,0.044370398624201
-0.2244,0.0420782978814462
-0.22476,0.0392194464063136
-0.22524,0.0358252957481845
-0.22585,0.0319336889380028
-0.2266,0.0275866946456837
-0.2275,0.0228287261873423
-0.22857,0.0176975357951736
-0.22981,0.0122392815631972
-0.23121,0.0065130326364591
-0.23279,0.000564460350620996
-0.23454,-0.00555067864924238
-0.23646,-0.011777494569933
-0.23855,-0.0180633994910847
-0.24079,-0.0243444423840501
-0.24318,-0.0305641981895975
-0.2457,-0.0366592403066943
-0.24835,-0.0425772289266594
-0.25111,-0.0482616478267129
-0.25396,-0.0536544279865084
-0.25688,-0.0586981182494255
-0.25986,-0.0633450369076549
-0.26286,-0.0675348315767071
-0.26588,-0.0712285087647106
-0.26888,-0.07437615633107
-0.27184,-0.0769356006958028
-0.27474,-0.078872456356059
-0.27753,-0.080137783860545
-0.28021,-0.0807096270029037
-0.28274,-0.0805592351881611
-0.28508,-0.0796536005215103
-0.28722,-0.0779797868613745
-0.28913,-0.075527040611958
-0.29077,-0.0722797057453428
-0.29213,-0.068241204200941
-0.29317,-0.0634084795729951
-0.29387,-0.0577885288728918
-0.29421,-0.0513966501340948
-0.29416,-0.0442473990040475
-0.29372,-0.0363768773361407
-0.29284,-0.0278009415626604
-0.29153,-0.0185633628975217
-0.28976,-0.00869992503499918
-0.28752,0.00174596037362743
-0.28481,0.0127183039117907
-0.2816,0.0241744951557689
-0.27789,0.0360615491173681
-0.27367,0.0483268593482958
-0.26895,0.0609046994299167
-0.26372,0.0737353037304864
-0.25798,0.0867579458730483
-0.25174,0.0999054300069808
-0.24499,0.113122044800247
-0.23776,0.126333398700974
-0.23004,0.139481793250019
-0.22186,0.152495165439853
-0.21322,0.165314236288184
-0.20414,0.177877111268926
-0.19465,0.19011436293851
-0.18476,0.201967470301899
-0.1745,0.213373840768517
-0.1639,0.224269659313227
-0.15298,0.234599629333544
-0.14176,0.244317231824149
-0.13029,0.253362537354836
-0.11859,0.261689050971393
-0.1067,0.269248028235273
-0.09464,0.27600549126012
-0.082455,0.281922285265218
-0.070174,0.286968463151594
-0.057836,0.291115405269555
-0.045471,0.294343483143834
-0.033115,0.296636901870276
-0.020801,0.297986090253745
-0.0085621,0.298387157668446
0.0035712,0.297843288733891
0.015567,0.296362704844183
0.027396,0.29395982437167
0.039032,0.290656379272083
0.050448,0.28647921144223
0.061618,0.281459661560694
0.072521,0.275635881133166
0.083135,0.269050043834894
0.093442,0.261749651597469
0.10342,0.253782488978014
0.11307,0.24521247633343
0.12236,0.236090569274455
0.13128,0.226472267042668
0.13984,0.216430079130477
0.14801,0.206018721077633
0.1558,0.195306644241814
0.16321,0.1843640680034
0.17023,0.173253253187994
0.17686,0.162035612881164
0.18312,0.15078482314444
0.18899,0.139552665675241
0.19449,0.128401194523394
0.19963,0.117391384488788
0.20442,0.106581389057722
0.20887,0.0960251834887438
0.21299,0.0857715550551946
0.21679,0.0758634024363347
0.2203,0.0663521029310407
0.22352,0.0572718862641347
0.22647,0.0486565937653617
0.22917,0.0405383954118397
0.23164,0.0329468048076222
0.23388,0.0258931626787267
0.23594,0.0194103774618058
0.2378,0.013495657120095
0.2395,0.00816143342854724
0.24105,0.00340945807770858
0.24246,-0.00076758443919227
0.24375,-0.00437713180705379
0.24493,-0.00743429815976551
0.246,-0.00996773895159428
0.24699,-0.0119944167548862
0.2479,-0.0135439033616589
0.24873,-0.0146554178265942
0.24949,-0.0153677675523254
0.25019,-0.015718607276919
0.25084,-0.0157438253207116
0.25142,-0.0154992457365871
0.25195,-0.0150258011383531
0.25243,-0.0143661829191433
0.25285,-0.0135707746200487
0.25321,-0.0126874148356998
0.2535,-0.0117679729244868
0.25373,-0.010851319817473
0.2539,-0.00997208828683888
0.25398,-0.00918260621040624
0.25398,-0.00851833122361252
0.2539,-0.00800738361053271
0.25371,-0.00769318437216416
0.25343,-0.00759312731390282
0.25303,-0.0077398892387714
0.25252,-0.00814775235028535
0.25188,-0.00883770752652512
0.25111,-0.0098205277319645
0.25021,-0.0110981835583205
0.24915,-0.0126874025872254
0.24794,-0.0145865187627233
0.24657,-0.016793613987978
0.24503,-0.0193063588348221
0.24332,-0.0221145164959804
0.24143,-0.0252089126125263
0.23935,-0.0285812600776651
0.23709,-0.0322092228321851
0.23462,-0.0360891355102263
0.23196,-0.0401953503743777
0.22909,-0.0445146252497128
0.22602,-0.0490217611606053
0.22273,-0.0537046785037189
0.21924,-0.0585325348657916
0.21553,-0.0634897016233845
0.2116,-0.0685583989621092
0.20746,-0.0737121756614934
0.2031,-0.0789330764784872
0.19853,-0.0841956909496728
0.19375,-0.0894766943807093
0.18875,-0.0947624988442999
0.18355,-0.100025601976379
0.17813,-0.105257668107175
0.17252,-0.110429139977572
0.1667,-0.115531205860553
0.16069,-0.120542529693865
0.15449,-0.125447147588838
0.14811,-0.130226564969118
0.14155,-0.134868253379963
0.13481,-0.139364956470614
0.12791,-0.14369920742805
0.12085,-0.147860694637192
0.11363,-0.151845281818565
0.10626,-0.155646669549763
0.098743,-0.159262301433538
0.091092,-0.162685447810393
0.083309,-0.165914459130616
0.075399,-0.168949733681554
0.067367,-0.171793437357694
0.059219,-0.174448485813889
0.050958,-0.17692065528232
0.04259,-0.179215763899575
0.034117,-0.181342567022553
0.025546,-0.18330834798359
0.016877,-0.18512426708708
0.0081187,-0.186797949335245
-0.00073018,-0.188341406395631
-0.0096637,-0.18976457579503
-0.018679,-0.191077775162038
-0.027772,-0.192290478059833
-0.036942,-0.193413741888129
-0.046182,-0.194454955182991
-0.055492,-0.19542352653664
-0.064866,-0.196325794470518
-0.074301,-0.197167654232703
-0.083791,-0.197952241734167
-0.093334,-0.198683311142357
-0.10292,-0.199359062383107
-0.11255,-0.19998136054468
-0.12221,-0.20054384148351
-0.1319,-0.201043987574138
-0.14161,-0.20147501256733
-0.15133,-0.201826832173097
-0.16106,-0.202094331459839
-0.17077,-0.202254320829892
-0.18047,-0.202299207038365
-0.19014,-0.202211966678836
-0.19977,-0.201975818268692
-0.20935,-0.201574621072197
-0.21887,-0.200993193565891
-0.22831,-0.200210159889991
-0.23766,-0.199207144373741
-0.24692,-0.197976117944897
-0.25606,-0.196495482806736
-0.26506,-0.194740733879748
-0.27392,-0.192700525446576
-0.28262,-0.190359714201098
-0.29114,-0.187700593274491
-0.29947,-0.184711350698756
-0.30758,-0.181370551194144
-0.31546,-0.177664465007928
-0.32309,-0.173578652093065
-0.33045,-0.169098602078648
-0.33752,-0.164210253692914
-0.34428,-0.15890040447245
-0.35071,-0.153157021648947
-0.35679,-0.146969465026577
-0.36251,-0.140336030543711
-0.36783,-0.133240215316206
-0.37275,-0.12568373806805
-0.37724,-0.11766090824477
-0.38127,-0.109160346223569
-0.38484,-0.100188695198087
-0.38793,-0.0907522914148748
-0.3905,-0.0808423948170442
-0.39256,-0.0704754312350901
-0.39406,-0.0596434129987143
-0.39501,-0.0483633565855099
-0.39538,-0.036642494978462
-0.39516,-0.0244948663328398
-0.39433,-0.0119323027313227
-0.39288,0.00102799386772354
-0.39079,0.0143722901801666
-0.38805,0.0280825768644917
-0.38465,0.0421378461837811
-0.38059,0.0565078112798661
-0.37584,0.0711776824381004
-0.37041,0.0861159835959325
-0.3643,0.101286037459474
-0.35748,0.11667015973167
-0.34997,0.132229526264905
-0.34176,0.147931556799664
-0.33285,0.163742250039731
-0.32325,0.179620064227469
-0.31297,0.195518587981321
-0.302,0.211403629118618
-0.29036,0.22722971786801
-0.27807,0.242943665458887
-0.26513,0.258502435503741
-0.25156,0.273857727020458
-0.23738,0.288958499860449
-0.22261,0.303753095376916
-0.20728,0.318183582941095
-0.19141,0.332196175732862
-0.17502,0.345742145590323
-0.15816,0.358756262959094
-0.14084,0.371191633134954
-0.1231,0.382995548103211
-0.10498,0.394112383671645
-0.086519,0.404486756111118
-0.067753,0.414067553174455
-0.048725,0.422803692935383
-0.029475,0.430648114684626
-0.010048,0.437554985414878
0.0095122,0.443482011266007
0.029158,0.448388516834812
0.048844,0.452238297170932
0.068522,0.454998104976106
0.088145,0.456639313687337
0.10767,0.457141207841427
0.12703,0.456472714669578
0.1462,0.454626751120968
0.16513,0.45159772889232
0.18376,0.447374470853479
0.20204,0.441949408691276
0.21995,0.435340676948899
0.23742,0.427550076532241
0.25441,0.418588756391453
0.27089,0.408482845479926
0.2868,0.397248000228984
0.30212,0.384920901790417
0.3168,0.371532293785623
0.33081,0.35712235399846
0.34411,0.341730610382612
0.35668,0.325409984045283
0.36847,0.308200741691153
0.37946,0.290154161902322
0.38963,0.27132909686132
0.39894,0.251774180672889
0.40739,0.231558089242056
0.41494,0.210734204888377
0.42158,0.189364265987224
0.4273,0.167514982685098
0.43209,0.145255153214098
0.43592,0.122638454868391
0.4388,0.0997342999579042
0.44072,0.0766078930745421
0.44168,0.0533264319926648
0.44167,0.029949228002429
0.44071,0.00654950401210062
0.4388,-0.0168053970966931
0.43595,-0.0400476449519875
0.43217,-0.0631112269364658
0.42747,-0.0859337825039658
0.42187,-0.10845061262419
0.41539,-0.13059732394549
0.40806,-0.152304567545994
0.39988,-0.173523527613541
0.39091,-0.194179385985937
0.38114,-0.214230647251891
0.37063,-0.233612556188883
0.3594,-0.252273461602645
0.34748,-0.270166803963826
0.3349,-0.287251936498778
0.3217,-0.303487239061223
0.30793,-0.318824584695803
0.2936,-0.333242021203884
0.27877,-0.346702871578501
0.26347,-0.359182310955435
0.24775,-0.370651480513733
0.23164,-0.381094362523193
0.21519,-0.390491450824473
0.19844,-0.398828852080938
0.18144,-0.406090661168032
0.16423,-0.412267640211558
0.14686,-0.417349228644208
0.12937,-0.421331910532564
0.11181,-0.424210963041486
0.094229,-0.425981950315426
0.076668,-0.426647073071874
0.059176,-0.426208261168686
0.041798,-0.424670467345206
0.024579,-0.422041261659652
0.0075607,-0.418332856383328
-0.00921,-0.413557308989014
-0.025692,-0.407730771233959
-0.041847,-0.40087456534711
-0.057631,-0.393009608382489
-0.073007,-0.384161295727703
-0.087939,-0.374358857618999
-0.10239,-0.363633237564436
-0.11634,-0.352028626531534
-0.12974,-0.339577368570999
-0.14257,-0.326322905641131
-0.1548,-0.312309106578129
-0.16642,-0.297593821761342
-0.1774,-0.282229834834358
-0.18771,-0.266264397382443
-0.19736,-0.249768543501344
-0.20632,-0.232800909049687
-0.21457,-0.215415836677193
-0.22213,-0.197692166783768
-0.22897,-0.17968922124144
-0.23511,-0.161485761542468
-0.24053,-0.143144282825574
-0.24524,-0.124734396938127
-0.24924,-0.106321873975528
-0.25255,-0.0879820753812516
-0.25517,-0.0697809241077973
-0.25711,-0.0517819714813071
-0.25839,-0.0340521255606394
-0.25902,-0.01665137090285
-0.25902,0.000360564671320761
-0.25841,0.0169262435316398
-0.25721,0.032992109672462
-0.25544,0.0485096829785931
-0.25313,0.0634290026488153
-0.25029,0.0777155746313455
-0.24697,0.0913192562746194
-0.24318,0.104208746487577
-0.23895,0.116354517152776
-0.23432,0.127722406031172
-0.2293,0.138298143605809
-0.22394,0.148054825332504
-0.21826,0.156978779207264
-0.21229,0.165060468887312
-0.20607,0.172287041212615
-0.19963,0.17865117201244
-0.19299,0.184158032229283
-0.18619,0.188808374585041
-0.17926,0.192607177454248
-0.17223,0.195563075392282
-0.16514,0.197680382316122
-0.158,0.198982331489045
-0.15085,0.199484918650438
-0.14371,0.199212961077757
-0.13662,0.198183191936428
-0.1296,0.196420395482406
-0.12268,0.193947983886165
-0.11588,0.190795204684004
-0.10921,0.187002774205022
-0.10271,0.182597511896664
-0.0964,0.177609198133266
-0.090285,0.172080353609125
-0.084393,0.166045668060069
-0.078733,0.159546659182678
-0.073323,0.152622571441065
-0.068175,0.145314168205341
-0.063298,0.137664502965407
-0.058705,0.129714280516834
-0.054401,0.121507029590682
-0.050393,0.113085779966572
-0.046688,0.104491855153739
-0.043288,0.0957676194081561
-0.040195,0.0869549478641818
-0.037411,0.0780939888557611
-0.034933,0.0692258921745714
-0.032758,0.0603912698774233
-0.030883,0.0516289567898181
-0.0293,0.0429787427510855
-0.028003,0.0344783621078773
-0.026981,0.0261662884043989
-0.026222,0.0180810011630586
-0.025714,0.0102596486189555
-0.025441,0.00273995583181133
-0.025387,-0.00444121655708235
-0.025534,-0.0112475373125229
-0.025864,-0.017644405361794
-0.026355,-0.0235969186851148
-0.026987,-0.0290726859035989
-0.027736,-0.0340395922570945
-0.028578,-0.0384669519900198
-0.029491,-0.0423278801472416
-0.030447,-0.0455951897801437
-0.031422,-0.0482454874612775
-0.03239,-0.0502579356980103
-0.033321,-0.0516117066223057
-0.034191,-0.0522913191464139
-0.034971,-0.0522826604973859
-0.035633,-0.0515741744775731
-0.036149,-0.0501570027780266
-0.03649,-0.0480242784239916
-0.036631,-0.0451741909434654
-0.036543,-0.0416063967218381
-0.036201,-0.0373249904455517
-0.035578,-0.0323363311973798
-0.034654,-0.0266538720387819
-0.033403,-0.0202922366299285
-0.031807,-0.0132727495371607
-0.029846,-0.00562030212728611
-0.027504,0.00263485052256584
-0.024765,0.0114587643180896
-0.021617,0.0208123202004974
-0.018047,0.0306538879880095
-0.01405,0.0409349125572764
-0.0096163,0.0516059603999205
-0.0047423,0.0626136620263189
0.00057602,0.0739032079970165
0.0063382,0.0854168091363102
0.012543,0.0970953046820286
0.019186,0.108877753728297
0.026265,0.120705181469592
0.033769,0.132515432123782
0.041691,0.144248602176747
0.050017,0.155843255877703
0.058733,0.167238621249298
0.067823,0.178374890221435
0.077267,0.18919198219196
0.087047,0.199633015806328
0.097135,0.209638170497956
0.10751,0.219152407139349
0.11813,0.228110873066704
0.12899,0.236470306679156
0.14003,0.244165763899562
0.15123,0.251146574376735
0.16256,0.257367980483746
0.17396,0.262769469761349
0.18541,0.267309491563485
0.19686,0.270941182843039
0.20827,0.273622535638374
0.21959,0.275309671323664
0.23077,0.275958863059842
0.24178,0.275542954382749
0.25257,0.274034586097337
0.26308,0.27140007431818
0.27328,0.267624209128293
0.2831,0.262677982844105
0.29252,0.256559491990448
0.30147,0.249252228935357
0.30991,0.240750996313569
0.3178,0.231060288841524
0.32509,0.220185329688281
0.33174,0.208139595225415
0.3377,0.194935845553571
0.34294,0.180601074117135
0.34741,0.165158575095999
0.35108,0.148643137990333
0.35391,0.131090772504477
0.35588,0.112552551707274
0.35695,0.0930757588572008
0.3571,0.0727183332397096
0.35629,0.0515306054318305
0.35452,0.029585106463109
0.35176,0.00694820671177159
0.34801,-0.016298246801022
0.34324,-0.0400843192494391
0.33746,-0.0643220314613376
0.33066,-0.0889261065001727
0.32284,-0.113808476689396
0.314,-0.138881378433055
0.30416,-0.164045092453391
0.29333,-0.189200601472881
0.28153,-0.21424502534111
0.26877,-0.239082884976579
0.25508,-0.263612850667602
0.24049,-0.28773204794744
0.22503,-0.311339604751575
0.20873,-0.334339500362744
0.19164,-0.356627982329957
0.17381,-0.378098445052408
0.15526,-0.398667655430661
0.13607,-0.418229759286429
0.11627,-0.436701178090987
0.095928,-0.453991153006375
0.075098,-0.470016674989913
0.053839,-0.484700277687011
0.032218,-0.497965912012829
0.0103,-0.509742987430361
-0.011851,-0.519968753009837
-0.034163,-0.528583360634797
-0.056567,-0.535533943708096
-0.078993,-0.540774758591257
-0.10137,-0.544267105831826
-0.12362,-0.545974631938294
-0.14568,-0.545875734484395
-0.16747,-0.543949491247666
-0.18893,-0.540191643464633
-0.20998,-0.534597432607018
-0.23056,-0.527177331023688
-0.25059,-0.517939701424559
-0.27002,-0.506913815209646
-0.28878,-0.494130841015463
-0.30681,-0.479630615131152
-0.32405,-0.463459421057853
-0.34045,-0.445675375287356
-0.35596,-0.426345011057651
-0.37053,-0.405540248506657
-0.38411,-0.383335746712874
-0.39668,-0.359828822054653
-0.4082,-0.33511787658318
-0.41862,-0.30929230848693
-0.42794,-0.282468908289257
-0.43612,-0.254753854259428
-0.44316,-0.226271458183962
-0.44903,-0.197135015580349
-0.45374,-0.167475298683986
-0.45727,-0.137411223923458
-0.45962,-0.107063427064411
-0.46081,-0.0765650900744037
-0.46085,-0.0460481023856272
-0.45973,-0.0156244821406346
-0.45748,0.0145837785753989
-0.45412,0.0444579495248235
-0.44967,0.0738857890805131
-0.44415,0.102764024803805
-0.43759,0.130992766282063
-0.43003,0.158470943473372
-0.42148,0.185122268704826
-0.41199,0.210863773447819
-0.4016,0.235617613544429
-0.39033,0.259327847453033
-0.37823,0.281936421216891
-0.36534,0.30339344559759
-0.3517,0.323657853586464
-0.33735,0.34269768769069
-0.32233,0.360490076011059
-0.30669,0.377013554237063
-0.29047,0.392256597968094
-0.27371,0.40621681086701
-0.25647,0.418885203584451
-0.23878,0.430270627641647
-0.22068,0.440389383248023
-0.20223,0.449249213954135
-0.18346,0.456873553131891
-0.16442,0.463283631102319
-0.14516,0.468498855456412
-0.1257,0.472559301787638
-0.1061,0.475491491620212
-0.086398,0.477326965198098
-0.066627,0.478104493316397
-0.046831,0.477859799135964
-0.027048,0.476629880420757
-0.0073144,0.474453159612986
0.01233,0.47136582870415
0.031852,0.467406316939783
0.051213,0.462609921165968
0.07038,0.457012660011097
0.089318,0.450648707915708
0.10799,0.443548345089497
0.12638,0.435753391786984
0.14443,0.427282731857437
0.16213,0.418171657295231
0.17944,0.408445445830624
0.19633,0.398127897582541
0.21277,0.387240837994516
0.22875,0.375818554398966
0.24422,0.363874727684588
0.25916,0.351428070841584
0.27356,0.338508062118421
0.28737,0.325122311126134
0.30059,0.311297379242325
0.31319,0.297052020227966
0.32514,0.282398006210902
0.33643,0.267355757500455
0.34704,0.251944532640956
0.35695,0.236181952770684
0.36614,0.220083657336015
0.3746,0.203670473570258
0.38231,0.186959271215387
0.38926,0.169970487233861
0.39543,0.152719304523513
0.40082,0.135230867342284
0.40542,0.117530102462408
0.4092,0.0996261230132362
0.41218,0.0815518315398427
0.41433,0.0633212661596775
0.41566,0.0449622766367046
0.41615,0.0264907230512627
0.41581,0.00793436809510244
0.41463,-0.0106851569117996
0.41262,-0.0293371419418749
0.40976,-0.0480067608392502
0.40606,-0.0666704113143184
0.40153,-0.0852982569946777
0.39616,-0.103871223985888
0.38997,-0.122357446308847
0.38296,-0.140730594780636
0.37514,-0.158962319038542
0.36652,-0.177023612171321
0.3571,-0.194893329223045
0.34692,-0.21252787271952
0.33597,-0.229903903592283
0.32427,-0.246993081232719
0.31186,-0.26374923977864
0.29873,-0.280150281753041
0.28492,-0.296157372698798
0.27045,-0.311734267902949
0.25535,-0.326840631117922
0.23963,-0.341448955972011
0.22334,-0.355513506304993
0.2065,-0.368997529907487
0.18914,-0.381865380298815
0.1713,-0.394076152462629
0.15302,-0.40558608786339
0.13432,-0.416365385815985
0.11525,-0.42637442575575
0.095843,-0.435579625105424
0.076146,-0.443943136597466
0.056197,-0.451431671096645
0.036038,-0.458013879760762
0.015713,-0.463659678927264
-0.004737,-0.468343373318161
-0.025266,-0.472040144019897
-0.04583,-0.474728371194392
-0.066384,-0.476389200916526
-0.086885,-0.477008339571241
-0.10729,-0.476575897817025
-0.12755,-0.475081704983537
-0.14762,-0.47251892283864
-0.16746,-0.46888759877182
-0.18702,-0.464186245584932
-0.20626,-0.458419870679256
-0.22514,-0.451598866775308
-0.24362,-0.443737963838679
-0.26164,-0.434840456165801
-0.27919,-0.424937533171289
-0.2962,-0.4140378825035
-0.31265,-0.402168986186177
-0.3285,-0.389358117584356
-0.3437,-0.375624407504324
-0.35824,-0.361009610513502
-0.37207,-0.345543128279622
-0.38515,-0.329251090767497
-0.39747,-0.312178517589588
-0.40899,-0.294362298169607
-0.41969,-0.275846582001281
-0.42953,-0.256665377190303
-0.4385,-0.236865740302362
-0.44658,-0.216496523157297
-0.45374,-0.195599236415277
-0.45996,-0.174215634970636
-0.46525,-0.152408595187265
-0.46957,-0.130219212538995
-0.47293,-0.107706721141826
-0.47531,-0.0849210026325625
-0.47671,-0.0619176330967961
-0.47713,-0.0387550464352805
-0.47656,-0.0154847591018036
-0.47502,0.00782676734720128
-0.4725,0.0311252864523776
-0.46902,0.0543459845634782
-0.46457,0.0774397939735775
-0.45918,0.100342440385584
-0.45285,0.123001678929949
-0.44561,0.145354569687924
-0.43746,0.167353833479737
-0.42842,0.188951725553639
-0.41852,0.210094460868292
-0.40777,0.230740067318446
-0.39621,0.250835495060017
-0.38384,0.270350233253937
-0.37069,0.289251057474108
-0.3568,0.30749654121318
-0.34218,0.325062415239915
-0.32686,0.341924581987465
-0.31087,0.358060210894801
-0.29425,0.373441174479333
-0.27701,0.388058465433841
-0.25919,0.401896998363796
-0.24081,0.414952427047187
-0.22192,0.427207417089371
-0.20254,0.438657211661684
-0.18271,0.449292910492676
-0.16246,0.459110273582146
-0.14182,0.468109280450349
-0.12082,0.476293650786907
-0.099509,0.483656286905413
-0.077909,0.490201816418712
-0.056057,0.495933376016701
-0.033985,0.50085677638384
-0.011728,0.504977851853954
0.010683,0.508305481989834
0.033216,0.510850231644191
0.05584,0.512624672791498
0.078523,0.513642093679441
0.10124,0.513921338271929
0.12395,0.513473532412159
0.14664,0.512324107508063
0.16927,0.510489485238867
0.19182,0.507993262443174
0.21426,0.504856859457839
0.23656,0.501099416916097
0.25869,0.496737748277019
0.28063,0.491793740020523
0.30234,0.486277981742456
0.32382,0.480221228557312
0.34501,0.473625265201659
0.3659,0.466505392686344
0.38646,0.458872534982231
0.40667,0.450741122407024
0.42648,0.44210576030528
0.44588,0.432974699936081
0.46484,0.423352087381608
0.48333,0.413238563627658
0.50132,0.402631835716756
0.51878,0.391527213872461
0.53569,0.379925508636045
0.55202,0.367824471691958
0.56773,0.355211981524176
0.58282,0.342097791548282
0.59724,0.328472001379487
0.61098,0.314338665571148
0.624,0.299690747659713
0.63629,0.284534606139927
0.64781,0.268865010181237
0.65855,0.252689684525494
0.66848,0.236011779246897
0.67758,0.218838052207148
0.68583,0.201177972351009
0.6932,0.183035530038421
0.69967,0.164417564107203
0.70522,0.145332999961729
0.70983,0.125792182340674
0.71348,0.105806298710963
0.71615,0.0853868885893956
0.71782,0.0645454335468017
0.71846,0.0432856241238407
0.71808,0.0216343052203182
0.71663,-0.000408141718297487
0.71412,-0.0228183592721814
0.71052,-0.0455847302664769
0.70582,-0.0686906778848755
0.70001,-0.0921161368810929
0.69307,-0.115846228431835
0.68499,-0.139863335076922
0.67578,-0.164133391740024
0.66541,-0.188639638657034
0.65389,-0.213350221762125
0.64121,-0.238236858834883
0.62738,-0.263260210511998
0.61239,-0.288387972376282
0.59626,-0.313572306780228
0.579,-0.338761650797445
0.56061,-0.363910342861481
0.54111,-0.388964067761119
0.52053,-0.413855764471008
0.49888,-0.438524860933946
0.47619,-0.462903052774551
0.45249,-0.486917863272149
0.42782,-0.510488247188811
0.4022,-0.533543487490296
0.37567,-0.556008612256145
0.34829,-0.577792782457506
0.32008,-0.598824742717161
0.2911,-0.619021755066036
0.26139,-0.638309269116654
0.231,-0.656614401085818
0.19999,-0.673860663265884
0.1684,-0.68998601879202
0.13629,-0.704927499663969
0.10371,-0.718631041542878
0.070719,-0.7310451377165
0.03737,-0.742126760820909
0.0037163,-0.751841260584002
-0.030186,-0.760160216762059
-0.064284,-0.76706397870061
-0.098523,-0.772539775381027
-0.13285,-0.776582585987396
-0.16722,-0.779200279716139
-0.20157,-0.780398168971638
-0.23586,-0.780196915247555
-0.27004,-0.778622121366231
-0.30405,-0.775695776835533
-0.33786,-0.771458993553926
-0.37142,-0.765952815072838
-0.40467,-0.759210100395374
-0.43759,-0.751286118638426
-0.47012,-0.742223415354253
-0.50222,-0.73206815232235
-0.53386,-0.720875733614098
-0.565,-0.708700270292369
-0.5956,-0.695593473868589
-0.62561,-0.681596378080146
-0.65501,-0.666762481304434
-0.68376,-0.651139063271328
-0.71183,-0.634774446209079
-0.73918,-0.617708991498729
-0.76578,-0.59998280959249
-0.79161,-0.581641956121014
-0.81663,-0.562721066794918
-0.84081,-0.543251822094527
-0.86413,-0.523269825958087
-0.88656,-0.502805248592039
-0.90807,-0.481882811606409
-0.92864,-0.460529302446925
-0.94825,-0.438772179886559
-0.96686,-0.416623638784777
-0.98445,-0.394097737846216
-1,-0.370469556269048
-1,-0.335196046441575
-1,-0.291581419576518
-1,-0.242507313128147
-1,-0.190451950713773
-1,-0.137512131628865
-1,-0.0854275787895663
-1,-0.0356071435815889
-1,0.0108436437046638
-1,0.0530941818973849
-1,0.0905600483463124
-1,0.12287434061473
-1,0.149859521153241
-1,0.171500129630934
-1,0.187916677907882
-1,0.199340991118716
-1,0.206093206586938
-1,0.208560591636242
-1,0.207178292900752
-1,0.202412084329207
-1,0.19474313939046
-1,0.184654815493337
-1,0.172621405638586
-1,0.159098783981264
-1,0.144516848326136
-1,0.129273643524263
-1,0.113731035111711
-0.98476,0.109486476391094
-0.96506,0.117654094574529
-0.94392,0.13660777721725
-0.92134,0.164775795118515
-0.89733,0.200650756447844
-0.87189,0.242813070640627
-0.84503,0.289934911677213
-0.81676,0.340790349373456
-0.7871,0.394255192722182
-0.75605,0.449327936503797
-0.72363,0.50511521710458
-0.68987,0.560825831231851
-0.65477,0.615793818443214
-0.61837,0.669442860062634
-0.58069,0.721300292648195
-0.54176,0.770984036679601
-0.5016,0.818204898151929
-0.46024,0.862751500892222
-0.41773,0.904468897688527
-0.3741,0.943269523029039
-0.32939,0.979118089989511
-0.28364,1.01202540587514
-0.2369,1.04203468550699
-0.18921,1.06922431855196
-0.14063,1.09368681577891
-0.091201,1.11554011189334
-0.040991,1.1349017733727
0.0099505,1.15190164357618
0.061557,1.16666522999389
0.11377,1.17931869568863
0.16652,1.18997859704181
0.21973,1.19874624598311
0.27335,1.20572888956388
0.32728,1.21099951216539
0.38146,1.21463173466215
0.4358,1.21667601861551
0.49023,1.2171779622733
0.54465,1.21615609833392
0.59899,1.21362900306274
0.65317,1.20960750922053
0.70708,1.20407380356555
0.76065,1.19701705877464
0.81378,1.18841018635578
0.86639,1.17822850579979
0.91839,1.1664425476777
0.96969,1.15301978947852
1,1.12298201266917
1,1.05779275196388
1,0.965830201052108
1,0.854551200170815
1,0.730511187988277
1,0.599393522299907
1,0.466047104174293
1,0.334531112731972
1,0.208165585907287
1,0.0895865582094093
1,-0.0191955180309508
1,-0.116735293370807
1,-0.202091135357605
1,-0.274763893628771
1,-0.334636765463148
1,-0.381917093696315
1,-0.417080806298692
1,-0.440820082972304
1,-0.453994712023226
1,-0.457587483145322
1,-0.452663850730841
1,-0.440335999554608
1,-0.421731351375982
1,-0.397965467988101
1,-0.37011923398786
1,-0.339220141205825
1,-0.30622744622079
1,-0.27202093236378
1,-0.237392977582073
1,-0.203043608830686
1,-0.169578211521346
1,-0.137507558143439
1,-0.107249822584554
1,-0.0791342550033059
1,-0.0534062054267067
1,-0.0302332016595381
1,-0.00971180773993314
1,0.00812498776210793
1,0.0233000795857957
1,0.0358844500549893
1,0.0459894440478627
1,0.0537592630840217
1,0.0593638017837291
1,0.0629919258482841
1,0.0648452679899122
1,0.0651325971561036
1,0.0640647971341288
1,0.0618504733129997
1,0.0586921910941031
0.96392,0.0280910389680212
0.90107,-0.0437344523432275
0.83668,-0.148189190865403
0.77088,-0.277398968903552
0.70382,-0.424219704636118
0.63564,-0.582258722314146
0.56648,-0.745874259709363
0.4965,-0.910148774177394
0.42583,-1.07089239195239
0.35463,-1.22458809279757
0.28306,-1.36835687975052
0.21126,-1.49993160837457
0.13938,-1.61760065063805
0.067573,-1.72015530117695
-0.0040114,-1.80684042793392
-0.075228,-1.87730442954168
-0.14593,-1.93154424453405
-0.21597,-1.96985254023602
-0.28522,-1.99278172289165
-0.35352,-2.00106934392164
-0.42076,-1.99563276188607
-0.48678,-1.97748499149574
-0.55147,-1.94773702130923
-0.6147,-1.90754396578808
-0.67634,-1.85807389244313
-0.73629,-1.80050313008754
-0.79443,-1.73597392548011
-0.85064,-1.66557468076512
-0.90484,-1.59035377340073
-0.95691,-1.51127144392895
-1,-1.42421294864601
-1,-1.30090616471855
-1,-1.15142225001181
-1,-0.984615904823465
-1,-0.808164928197252
-1,-0.62862096188706
-1,-0.451469818009977
-1,-0.281199688577509
-1,-0.121375501421882
-1,0.0252822928440174
-1,0.156816154001363
-1,0.271948657440073
-1,0.369999897223827
-1,0.450806367335094
-1,0.514642443205767
-1,0.56214542051152
-1,0.594244901228368
-1,0.612097152405999
-1,0.617024904562364
-1,0.610462906918595
-1,0.593909418103627
-1,0.568883685108343
-1,0.536889351272866
-1,0.499383636587346
-1,0.457752050800657
-1,0.413288331629006
-1,0.367179246302417
-1,0.320493854097872
-1,0.274176799503384
-1,0.229045189207144
-1,0.185788600073884
-1,0.144971768453318
-1,0.10703952232773
-1,0.0723235357107517
-1,0.0410505081452976
-1,0.0133513999504529
-1,-0.0107286150655302
-1,-0.0312197843977877
-0.99589,-0.0451766558107393
-0.95566,-0.0266924315005123
-0.91466,0.0181644632421041
-0.87303,0.0837409031937471
-0.83089,0.164846558003185
-0.78838,0.25675835449082
-0.74563,0.355241021109025
-0.70275,0.456564412299282
-0.65989,0.557465201141329
-0.61716,0.655167480964109
-0.57468,0.747353437144881
-0.53257,0.832138243188984
-0.49094,0.908048375883313
-0.4499,0.973987888954253
-0.40956,1.02920273838385
-0.37001,1.07325879778277
-0.33135,1.1059941027332
-0.29367,1.12748819465647
-0.25704,1.13803835193729
-0.22154,1.138112169287
-0.18725,1.12831168362459
-0.15421,1.10936976927944
-0.1225,1.08208378045094
-0.092141,1.04733264534482
-0.06319,1.0060172507001
-0.035673,0.959060346947583
-0.0096183,0.907380245121245
0.014958,0.851879463379004
0.038043,0.7934283782024
0.059635,0.73285790679173
0.079731,0.670944564523
0.098342,0.608410401504982
0.11548,0.545914085332481
0.13117,0.484053656629857
0.14542,0.423347639864844
0.15828,0.364265107232994
0.16977,0.307197619157393
0.17994,0.252482751698859
0.18881,0.200379903840302
0.19645,0.151111888177526
0.2029,0.104840196079425
0.20821,0.061676254937011
0.21244,0.0216918551582284
0.21564,-0.0150861033987155
0.21788,-0.0486563516701942
0.21922,-0.0790490781538356
0.21972,-0.106322217839718
0.21944,-0.130557536572339
0.21846,-0.151841841739354
0.21685,-0.170273656227601
0.21467,-0.185968056980832
0.21199,-0.19904513011299
0.20888,-0.209627707962603
0.20542,-0.217831852190059
0.20167,-0.223781331602386
0.19771,-0.227589308655589
0.19359,-0.229380651318329
0.1894,-0.22925766796129
0.18519,-0.227332080909627
0.18104,-0.223698630958739
0.17699,-0.218465889152493
0.17313,-0.211714048969751
0.1695,-0.203535493879272
0.16616,-0.194015310563645
0.16317,-0.183230488519683
0.16058,-0.17125680136109
0.15844,-0.158166924377086
0.1568,-0.144028943489955
0.15569,-0.128920018098586
0.15516,-0.112907536345827
0.15524,-0.0960637261558731
0.15598,-0.0784476825348928
0.15739,-0.0601355679582875
0.1595,-0.0412001145412566
0.16234,-0.0217089644433245
0.16591,-0.00174562401308728
0.17025,0.0186258514010832
0.17535,0.0393222772046803
0.18123,0.0602699304285562
0.18788,0.0813829861603568
0.19531,0.10258345379685
0.20351,0.123787478487293
0.21248,0.144916664818893
0.22219,0.165877494704078
0.23265,0.186596920895904
0.24381,0.206976584356237
0.25568,0.226945342205341
0.26821,0.246412164942151
0.28138,0.265295271496643
0.29516,0.283515797421685
0.30951,0.300992637175925
0.32441,0.317660547001336
0.3398,0.333439961057839
0.35564,0.348257412928678
0.37189,0.362047045095962
0.38851,0.374751642396959
0.40543,0.386301055703866
0.42262,0.396646912159499
0.44002,0.405738254289675
0.45756,0.413516760449959
0.47521,0.419950047248413
0.49289,0.424991270044225
0.51054,0.428598693169281
0.52812,0.430751309720043
0.54555,0.431416511165324
0.56279,0.430583478897796
0.57976,0.428230338977225
0.59641,0.424349722794656
0.61269,0.418946776794672
0.62853,0.412022420620333
0.64388,0.403589509809341
0.65867,0.393655928806754
0.67286,0.382248036198436
0.68639,0.369392066574967
0.69922,0.355128692936026
0.71127,0.339479964612156
0.72252,0.322497051477519
0.73291,0.304223968161418
0.74241,0.284720256916997
0.75096,0.264034437711318
0.75852,0.242219820957666
0.76507,0.219347077065535
0.77057,0.195484297748572
0.77498,0.170695736001101
0.77828,0.145055624993064
0.78044,0.118636823502397
0.78143,0.0915090500699265
0.78125,0.0637596827336073
0.77987,0.0354656522193256
0.77727,0.00670059715808568
0.77345,-0.0224519379427515
0.76841,-0.0519029451930079
0.76213,-0.0815765008580625
0.75461,-0.111394837438684
0.74587,-0.141266395647441
0.7359,-0.17111355438525
0.72471,-0.20085767357916
0.71231,-0.230421893463224
0.69872,-0.259725970228475
0.68396,-0.28868961618386
0.66804,-0.317242609617595
0.65099,-0.345310518402307
0.63283,-0.372825507939028
0.61359,-0.399720101140316
0.5933,-0.425929547784072
0.572,-0.451386272790957
0.54971,-0.476037669249707
0.52647,-0.499830477149665
0.50233,-0.522705607253373
0.47732,-0.544616298669197
0.45148,-0.565520246105653
0.42485,-0.585380536370027
0.39749,-0.604151458781019
0.36943,-0.62180426002535
0.34071,-0.638317871105254
0.3114,-0.653656431835387
0.28153,-0.667803303449487
0.25116,-0.680736192305735
0.22034,-0.692436813788088
0.18911,-0.702898552904124
0.15753,-0.712110130619538
0.12564,-0.720072119788139
0.09351,-0.72677293992449
0.061179,-0.732214910022476
0.028704,-0.736398618742657
-0.003863,-0.739327360420304
-0.036471,-0.741007651989309
-0.069065,-0.741445841372536
-0.10159,-0.740648307760426
-0.134,-0.738628251059022
-0.16625,-0.735405049017948
-0.19827,-0.730984323799232
-0.23002,-0.72538287620161
-0.26146,-0.718626281052074
-0.29252,-0.710724516140689
-0.32317,-0.70170446474636
-0.35335,-0.691583877096326
-0.38302,-0.680387580581629
-0.41213,-0.668138147172995
-0.44065,-0.654870600336874
-0.46853,-0.640614343077169
-0.49572,-0.625393504299887
-0.5222,-0.609249514457965
-0.54791,-0.592207063190454
-0.57284,-0.57431363943201
-0.59694,-0.55560422456972
-0.62018,-0.536117515691712
-0.64254,-0.51590148126159
-0.66398,-0.494995394224534
-0.68448,-0.473445135923615
-0.70403,-0.451307942997362
-0.72259,-0.428626339350426
-0.74015,-0.405451854415567
-0.75669,-0.381834296424331
-0.77221,-0.357835326014536
-0.78668,-0.333502089600545
-0.8001,-0.308890695173975
-0.81246,-0.284055293781101
-0.82375,-0.259046710459244
-0.83398,-0.233926199715543
-0.84313,-0.208739266474936
-0.85121,-0.183539330368544
-0.85822,-0.158376992486816
-0.86416,-0.13329884491697
-0.86903,-0.10834659914518
-0.87284,-0.0835638948202078
-0.8756,-0.0589943378684098
-0.87732,-0.0346799194103659
-0.878,-0.010652381569904
-0.87765,0.0130586922105687
-0.87629,0.0364193006800002
-0.87393,0.0594006208512082
-0.87058,0.0819792066591861
-0.86626,0.104129610841655
-0.86097,0.12584067145644
-0.85475,0.147083882266072
-0.8476,0.16784750101472
-0.83954,0.188119217001827
-0.83059,0.207886982079272
-0.82077,0.227139654164106
-0.8101,0.245867475412551
-0.7986,0.264062406188694
-0.78629,0.281718334841834
-0.7732,0.298823784005929
-0.75934,0.315378342329783
-0.74475,0.331368627060677
-0.72943,0.346801005134175
-0.71343,0.361660875644043
-0.69676,0.37594694366815
-0.67945,0.389654106461191
-0.66153,0.402774543642471
-0.64301,0.41531344516848
-0.62394,0.427256966053975
-0.60433,0.43860604502558
-0.58421,0.449358892230252
-0.56362,0.459504336457875
-0.54258,0.46903887761371
-0.52111,0.477965436282442
-0.49926,0.486269989294815
-0.47705,0.493947538418485
-0.45451,0.500993215509302
-0.43166,0.507409907178404
-0.40856,0.513177212003915
-0.38522,0.518293574915939
-0.36168,0.522750588372992
-0.33797,0.526542047435008
-0.31413,0.529656391463179
-0.29018,0.532092938194141
-0.26618,0.533830308105433
-0.24214,0.534868071334882
-0.2181,0.53520060696265
-0.19409,0.534825761472287
-0.17015,0.533736938362425
-0.14631,0.531931625367313
-0.1226,0.529410763168638
-0.099051,0.526177408725278
-0.075694,0.522236339577448
-0.052558,0.517595163855105
-0.029669,0.51226587528377
-0.0070572,0.506260660688107
0.015254,0.499596641597724
0.037236,0.492290681253823
0.058867,0.484364068612959
0.08012,0.475837289242224
0.10097,0.466731140931421
0.12141,0.457079444155826
0.1414,0.446901216758565
0.16093,0.436225204491432
0.17998,0.425079796422634
0.19853,0.413492290926448
0.21657,0.401495710997631
0.23408,0.389119342527443
0.25105,0.376395981410044
0.26747,0.363360271781537
0.28332,0.350039908015525
0.2986,0.33647089418119
0.31329,0.322680029526038
0.3274,0.30870800000948
0.34092,0.294590640943381
0.35384,0.280358741830332
0.36617,0.266052793551753
0.37791,0.251712427812852
0.38905,0.237367917292661
0.39961,0.223063134667269
0.40959,0.208836717945757
0.41899,0.194721808789793
0.42783,0.18076075975202
0.43612,0.166994556353172
0.44387,0.153461716798708
0.45109,0.140197454552998
0.4578,0.12724047399275
0.46402,0.11463095636346
0.46976,0.102401497081359
0.47504,0.090584778947494
0.47989,0.079219748852288
0.48431,0.0683268479336481
0.48834,0.0579402918323062
0.492,0.0480893561053057
0.4953,0.0387908208764078
0.49826,0.0300579869689588
0.50092,0.0219154326370226
0.50328,0.0143662526668275
0.50538,0.00742538434867289
0.50723,0.00109439634092007
0.50885,-0.00462888689488798
0.51027,-0.0097425211242088
0.5115,-0.0142563782177152
0.51256,-0.0181824802563014
0.51347,-0.0215345329228634
0.51425,-0.0243274801690885
0.51491,-0.0265844853794043
0.51546,-0.02833492924551
0.51592,-0.0296052161755038
0.5163,-0.0304262022259558
0.51661,-0.0308316400044031
0.51685,-0.0308642215078506
0.51703,-0.0305653990627183
0.51716,-0.0299745769933388
0.51724,-0.0291358728882463
0.51726,-0.0281034177925432
0.51722,-0.0269305535961116
0.51713,-0.0256611129748869
0.51696,-0.0243595808555093
0.51673,-0.0230682770360184
0.51641,-0.021847349544688
0.516,-0.0207473472259393
0.51547,-0.0198317193038709
0.51483,-0.0191428136353007
0.51404,-0.0187415548721968
0.5131,-0.0186723548903142
0.51198,-0.0189870136038897
0.51067,-0.0197267873429937
0.50915,-0.0209303815237568
0.50738,-0.0226478416830206
0.50536,-0.0249070753404128
0.50305,-0.027746598884252
0.50042,-0.0312046706244829
0.49747,-0.0352957483319691
0.49415,-0.0400512886853965
0.49044,-0.0454930286269419
0.48632,-0.0516339018515419
0.48176,-0.0584863998841779
0.47674,-0.0660545394914698
0.47122,-0.0743498118047597
0.46518,-0.0833742785950867
0.45861,-0.0931146022104999
0.45148,-0.103559828031515
0.44377,-0.114693489478133
0.43545,-0.12650221147104
0.42653,-0.138945608421078
0.41697,-0.151999307533773
0.40678,-0.16561527998861
0.39593,-0.179757083691107
0.38442,-0.194376230855712
0.37226,-0.209408282785015
0.35943,-0.22479972944688
0.34595,-0.240477643475287
0.33181,-0.256377542402514
0.31702,-0.272428690534669
0.3016,-0.288549858726763
0.28555,-0.304668406620267
0.26889,-0.320705905228103
0.25164,-0.336581538419931
0.23382,-0.352214945416991
0.21546,-0.367521145376085
0.19657,-0.382428796955829
0.17718,-0.396865023259765
0.15733,-0.410750653222419
0.13703,-0.424026159734757
0.11633,-0.436620316479949
0.095248,-0.448478515728147
0.07382,-0.459548200314569
0.052075,-0.469785580633964
0.03005,-0.479149735506634
0.0077738,-0.487609769624583
-0.014721,-0.495141447779869
-0.037402,-0.501727264413611
-0.060238,-0.507357053560671
-0.083198,-0.512027535027362
-0.10625,-0.515740862087005
-0.12937,-0.518509942146405
-0.15252,-0.520346146706412
-0.17568,-0.521273078749199
-0.19882,-0.521316607801573
-0.2219,-0.520496740470614
-0.24491,-0.518850759075832
-0.26782,-0.51641440785327
-0.2906,-0.513221522918587
-0.31322,-0.509303732682605
-0.33566,-0.504697625584615
-0.3579,-0.49944296715991
-0.3799,-0.493566352305124
-0.40165,-0.487105309711227
-0.42312,-0.480090434402275
-0.44428,-0.472545930341988
-0.46511,-0.464497576006068
-0.48559,-0.455971686885513
-0.50569,-0.446986852716089
-0.52538,-0.437554852554694
-0.54464,-0.427688946903447
-0.56344,-0.417395723012938
-0.58177,-0.406690881704529
-0.59958,-0.395567346525803
-0.61687,-0.384036710879602
-0.63359,-0.372088200779084
-0.64973,-0.359722749553976
-0.66525,-0.346928388274368
-0.68014,-0.333705135354284
-0.69436,-0.320040380863282
-0.70789,-0.305926365448691
-0.7207,-0.291351962183196
-0.73278,-0.276318346030116
-0.74408,-0.260806940978584
-0.75459,-0.244813271327792
-0.76429,-0.22833691081681
-0.77315,-0.211373296466503
-0.78114,-0.193914635444856
-0.78824,-0.175958116283621
-0.79444,-0.157512408613584
-0.79971,-0.1385804283646
-0.80403,-0.119167783420495
-0.80738,-0.0992821091391066
-0.80974,-0.0789324794418277
-0.81109,-0.0581288914207439
-0.81141,-0.0368818207029697
-0.81069,-0.0152092422770695
-0.80891,0.00687270043879097
-0.80607,0.029334985196425
-0.80213,0.052168575475477
-0.7971,0.0753438432292904
-0.79097,0.0988301784146643
-0.78372,0.122604427085974
-0.77536,0.146627934871704
-0.76587,0.170872835234039
-0.75526,0.195298595919077
-0.74353,0.219863044052225
-0.73067,0.24453130872295
-0.7167,0.269253278193311
-0.70162,0.293982820604815
-0.68545,0.318663602621101
-0.66818,0.343254929148322
-0.64984,0.367700418630182
-0.63045,0.391940160858074
-0.61002,0.415920620309589
-0.58858,0.439580292090591
-0.56614,0.462867956522664
-0.54275,0.485712769415427
-0.51842,0.508059849821912
-0.49318,0.529854197057669
-0.46708,0.551027757507643
-0.44015,0.571518931287275
-0.41242,0.591273354118594
-0.38395,0.610222175644866
-0.35477,0.628309314875587
-0.32494,0.645468734198052
-0.29449,0.661650776082996
-0.26348,0.676798605225518
-0.23196,0.690859004199328
-0.19999,0.703776190995053
-0.16762,0.715501701993766
-0.13491,0.725987383465189
-0.10191,0.735194534857721
-0.068692,0.743077367972934
-0.035306,0.749602399038189
-0.0018138,0.754738759247835
0.031723,0.75845919222327
0.065246,0.76074297368785
0.098691,0.76157142867802
0.132,0.760933127024794
0.16511,0.758819583383089
0.19796,0.755226873915434
0.23049,0.750156059359763
0.26264,0.74361263452498
0.29436,0.735613342557498
0.32557,0.726161763349498
0.35623,0.715280716344886
0.38627,0.702986075343263
0.41564,0.689302796343138
0.44429,0.674262775096026
0.47215,0.65788811814047
0.49917,0.640207456161841
0.52531,0.621261494020014
0.55052,0.60109235744581
0.57474,0.579734935958435
0.59793,0.557232238304089
0.62005,0.533632733637581
0.64105,0.508980643146793
0.6609,0.483330379002233
0.67957,0.456743096751172
0.69702,0.429276318132631
0.71323,0.400997812959612
0.72817,0.371974299474627
0.74182,0.342277122665605
0.75416,0.311979277517368
0.76519,0.281167727146174
0.77489,0.249923353322873
0.78326,0.218334500224797
0.79029,0.18648546610811
0.796,0.154476881268927
0.80039,0.122404695996838
0.80347,0.0903655170514409
0.80525,0.0584534490257405
0.80576,0.0267723676898428
0.80501,-0.00458405900534881
0.80304,-0.0355112639291574
0.79986,-0.0659214636770263
0.79551,-0.0957211942053167
0.79003,-0.124815570232203
0.78344,-0.153126567902466
0.77578,-0.180577770185743
0.7671,-0.207089446444894
0.75744,-0.232589468873114
0.74683,-0.257021925403196
0.73531,-0.280338866107165
0.72294,-0.302486049478916
0.70974,-0.323435981226105
0.69578,-0.343147275935763
0.68108,-0.361606208207694
0.66569,-0.378800297170424
0.64965,-0.39472654898398
0.63301,-0.409383023665117
0.6158,-0.422784161651682
0.59808,-0.434935691871296
0.57987,-0.445866362208752
0.56122,-0.455601101702171
0.54217,-0.46416902723746
0.52275,-0.471609732682005
0.50301,-0.47795584916192
0.48298,-0.483248698688139
0.4627,-0.48752844402851
0.44219,-0.490848322713404
0.4215,-0.493248752570946
0.40066,-0.494773719686232
0.3797,-0.495469049920194
0.35864,-0.495388327383097
0.33752,-0.494575237136621
0.31637,-0.493071733118629
0.2952,-0.490932022016763
0.27405,-0.488196508760066
0.25294,-0.484908100041239
0.23189,-0.481110453727897
0.21092,-0.476846527397692
0.19006,-0.472150005704499
0.16931,-0.46706819278733
0.14871,-0.461628321745458
0.12826,-0.455870071130246
0.10799,-0.449819661240596
0.087898,-0.443515173980511
0.06801,-0.436982268065639
0.048334,-0.43024894308699
0.028882,-0.423341098080742
0.0096632,-0.416284035632065
-0.0093126,-0.409101173481504
-0.028037,-0.401814533903818
-0.046505,-0.394446654522002
-0.06471,-0.387018420069808
-0.082644,-0.379547507882731
-0.10031,-0.372056392067158
-0.11769,-0.36455500710455
-0.1348,-0.357067781784917
-0.15162,-0.349603286918918
-0.16816,-0.342179002738777
-0.18441,-0.334804072623701
-0.20037,-0.327487815439455
-0.21604,-0.320239190506858
-0.23141,-0.313058988737577
-0.2465,-0.305963344645758
-0.26128,-0.298943132980269
-0.27576,-0.291998465954569
-0.28995,-0.285136683588809
-0.30383,-0.278348381817731
-0.3174,-0.271625510038343
-0.33065,-0.264953740187006
-0.3436,-0.258336085011546
-0.35622,-0.251752338274546
-0.36852,-0.245193561693518
-0.3805,-0.238652621583794
-0.39215,-0.232116539396704
-0.40346,-0.225567882830306
-0.41443,-0.218993408182635
-0.42506,-0.212383540265569
-0.43535,-0.205731879265769
-0.44529,-0.199027338636934
-0.45487,-0.192255331085458
-0.4641,-0.185413614237349
-0.47296,-0.17848777508819
-0.48146,-0.171476170320772
-0.48959,-0.16437272316523
-0.49734,-0.157167971827564
-0.50472,-0.149864794506734
-0.51171,-0.14245379012941
-0.51831,-0.134930733497076
-0.52451,-0.127288318249476
-0.53032,-0.119531776779404
-0.53572,-0.111654169068248
-0.54071,-0.103653758776824
-0.54528,-0.0955256894823355
-0.54944,-0.0872775495541177
-0.55316,-0.0788972188033235
-0.55644,-0.0703792277253373
-0.55929,-0.0617310362635909
-0.56169,-0.052948187613789
-0.56363,-0.0440241696102598
-0.56511,-0.0349584070981876
-0.56612,-0.0257477620299645
-0.56666,-0.0163945442668516
-0.56672,-0.00689803507515144
-0.56629,0.00274487262530397
-0.56537,0.0125317047174384
-0.56395,0.0224629183837992
-0.56203,0.0325338948139273
-0.5596,0.0427434113066217
-0.55666,0.0530855917923878
-0.55321,0.06355093768989
-0.54924,0.0741346502821482
-0.54475,0.0848284326572283
-0.53974,0.0956213750137019
-0.53421,0.106500738123017
-0.52815,0.11746003586926
-0.52157,0.12848320926248
-0.51446,0.139561709210179
-0.50683,0.150678491904201
-0.49868,0.161817534393613
-0.49,0.172971484848323
-0.48081,0.184118031949654
-0.4711,0.195245626538535
-0.46088,0.206336960034604
-0.45015,0.217377997319989
-0.43892,0.228350384850483
-0.42718,0.239247641027824
-0.41495,0.250050926275441
-0.40223,0.260746817118111
-0.38903,0.271319303502489
-0.37536,0.281750808288925
-0.36122,0.292030449699882
-0.34663,0.302138345741583
-0.3316,0.312055386151004
-0.31613,0.321771091257732
-0.30025,0.331260146982945
-0.28396,0.340508253764003
-0.26727,0.349503096504316
-0.25021,0.358219628068032
-0.2328,0.366630719055607
-0.21504,0.374723193421629
-0.19695,0.382480825005814
-0.17856,0.389878115029884
-0.15989,0.396890302492387
-0.14095,0.403501417499252
-0.12177,0.409688368623472
-0.10237,0.415430494523557
-0.082774,0.420706846091858
-0.063008,0.425495488011443
-0.043097,0.429775183167845
-0.023067,0.433525256902897
-0.0029441,0.436726143283311
0.017244,0.439358691090373
0.037467,0.44140285645953
0.057697,0.442840371510533
0.077905,0.443654262778816
0.098061,0.443828505999755
0.11813,0.443344764605659
0.13809,0.442193133486663
0.15791,0.440364311672105
0.17756,0.437850674896428
0.19699,0.434631555115519
0.21619,0.430706080859836
0.23513,0.426074760867665
0.25377,0.420732003769606
0.27207,0.414667624618708
0.29003,0.407897753080333
0.30759,0.400415104147693
0.32475,0.392238246396943
0.34146,0.383369270270505
0.3577,0.373819253742534
0.37345,0.363606347975343
0.38868,0.35274664907367
0.40336,0.341254271709745
0.41748,0.329156232767473
0.43102,0.316481914952818
0.44394,0.303247099628608
0.45624,0.289485797976913
0.4679,0.275231042926883
0.47889,0.260506814071401
0.48922,0.245358717962238
0.49886,0.229818972357765
0.50781,0.213930283727769
0.51605,0.197727812273042
0.52359,0.181261793246571
0.53041,0.164570982357172
0.53651,0.14769850766383
0.5419,0.130697112666915
0.54657,0.113610930915343
0.55052,0.0964831826930721
0.55376,0.0793623764581281
0.5563,0.0622997606911899
0.55812,0.0453249914109291
0.55926,0.0284936202219335
0.55971,0.0118433323203058
0.55948,-0.00458910025871567
0.55859,-0.0207615478491309
0.55704,-0.0366438009601192
0.55486,-0.0521942144685743
0.55205,-0.0673855610169024
0.54863,-0.0821885198272212
0.54462,-0.0965732210334697
0.54003,-0.110517896832148
0.53488,-0.124000853414368
0.52919,-0.137001392027384
0.52297,-0.14950791505724
0.51624,-0.161509427999903
0.50902,-0.172996061950441
0.50133,-0.183959450170942
0.49318,-0.194400376338014
0.4846,-0.20431250146695
0.47561,-0.213691601273226
0.46622,-0.222542937909545
0.45645,-0.230872154493609
0.44632,-0.238685307135911
0.43585,-0.245988857777711
0.42506,-0.252789636933298
0.41397,-0.259094784298512
0.4026,-0.264911674118342
0.39097,-0.270247831203814
0.37909,-0.275118240642048
0.36699,-0.279528843895259
0.35468,-0.283493037244529
0.34219,-0.287015173685865
0.32952,-0.290114468065053
0.31671,-0.292792094116508
0.30376,-0.295064286885126
0.29069,-0.296944244573179
0.27753,-0.298435008935477
0.26427,-0.299560954687789
0.25095,-0.300326047475841
0.23757,-0.300747282865667
0.22415,-0.300836909785392
0.21071,-0.300603012578965
0.19725,-0.300064868283183
0.18378,-0.299242845631053
0.17033,-0.29814283265604
0.15689,-0.296788420602891
0.14348,-0.295194607998149
0.1301,-0.293383806896421
0.11677,-0.291368954479514
0.10348,-0.289177119038891
0.090256,-0.286819337771244
0.077085,-0.284322183865649
0.063979,-0.281705464155915
0.050939,-0.278991041183725
0.037965,-0.276202482496294
0.025059,-0.273362509021185
0.012221,-0.270493910337415
-0.00055072,-0.267620064801229
-0.013257,-0.264763413092146
-0.025898,-0.261944391984478
-0.038479,-0.259184908817645
-0.051,-0.256503406100346
-0.063464,-0.253917091421309
-0.075873,-0.251440802397861
-0.088231,-0.249088369190008
-0.10054,-0.246870778948683
-0.1128,-0.244794769235049
-0.12501,-0.242862543080831
-0.13718,-0.241080535648977
-0.14931,-0.239450848363225
-0.1614,-0.237971861345784
-0.17344,-0.236631429518272
-0.18544,-0.235423865658226
-0.19739,-0.234333891116822
-0.2093,-0.233353550454281
-0.22115,-0.232458688277
-0.23294,-0.231627402197614
-0.24468,-0.230847478741186
-0.25634,-0.230085181482905
-0.26792,-0.229312436141852
-0.27942,-0.228506424021864
-0.29083,-0.227641754727342
-0.30212,-0.226676845210894
-0.3133,-0.225587749625427
-0.32435,-0.224343222794487
-0.33525,-0.22290702383954
-0.346,-0.221254707913057
-0.35657,-0.219349896397203
-0.36695,-0.217162456562314
-0.37712,-0.214660817193565
-0.38707,-0.211820624882143
-0.39678,-0.208616758291096
-0.40623,-0.205024320079914
-0.41541,-0.20102683470363
-0.42429,-0.196600458146097
-0.43286,-0.191731029810231
-0.44109,-0.186397982537891
-0.44898,-0.180598525720185
-0.45649,-0.174314905379027
-0.46361,-0.167540171626623
-0.47032,-0.160269075457051
-0.4766,-0.15249808483041
-0.48243,-0.144225345022784
-0.4878,-0.135457992341773
-0.49269,-0.126203017937403
-0.49708,-0.116467292011278
-0.50096,-0.106264965736599
-0.50431,-0.0956084429208635
-0.50712,-0.0845159253024594
-0.50938,-0.0730099312505663
-0.51107,-0.0611085772401387
-0.5122,-0.0488482297815576
-0.51274,-0.0362494998746543
-0.5127,-0.0233493884094287
-0.51206,-0.010174972089899
-0.51082,0.00324058902323076
-0.50898,0.0168601243838716
-0.50654,0.0306442436570251
-0.50349,0.04456025703058
-0.49983,0.0585744275173274
-0.49558,0.0726383776149405
-0.49072,0.0867229027969721
-0.48527,0.100785584145589
-0.47922,0.114796823252065
-0.47259,0.128716131764845
-0.46539,0.142502901299405
-0.45761,0.156132495195055
-0.44928,0.169564449788302
-0.4404,0.182769036569485
-0.43098,0.195718816175879
-0.42104,0.208381785938675
-0.41059,0.220730769738321
-0.39964,0.232743470810214
-0.38821,0.244394999376551
-0.37631,0.255666710307495
-0.36396,0.26653837205125
-0.35118,0.27698928998463
-0.33799,0.286999217374985
-0.3244,0.296556472204238
-0.31044,0.305642068417944
-0.29612,0.314246693813973
-0.28146,0.322361950157229
-0.2665,0.329965865930119
-0.25124,0.337055933186291
-0.2357,0.343630854158654
-0.21993,0.349668397368518
-0.20392,0.355174636079262
-0.18772,0.360134142623147
-0.17134,0.364544357237233
-0.15481,0.368398564209564
-0.13815,0.371694464066497
-0.12139,0.374426165358208
-0.10456,0.376585208531099
-0.087667,0.378178460218324
-0.070752,0.379199979480789
-0.053839,0.379646382676002
-0.036952,0.379516572594324
-0.02012,0.378807758688571
-0.0033687,0.377518424468857
0.013273,0.375645870796192
0.029779,0.373188697438345
0.046121,0.370145065197599
0.062268,0.366510930493644
0.078194,0.362284367687352
0.09387,0.357463076945636
0.10927,0.352046820257928
0.12435,0.34602379310123
0.13911,0.339405791118944
0.15349,0.332179025014065
0.16749,0.324353889944316
0.18107,0.315930487550513
0.19422,0.306922881311953
0.20689,0.297326501010726
0.21908,0.287158909362487
0.23076,0.276432913409794
0.24191,0.265164599410627
0.25252,0.253379710585812
0.26256,0.241096340169193
0.27203,0.228348145981811
0.28091,0.215165664098214
0.28919,0.201583502551521
0.29686,0.187638614787198
0.30391,0.173368827428641
0.31035,0.158826404173871
0.31616,0.144051605169827
0.32135,0.129096036686544
0.32591,0.114004167522631
0.32986,0.0988355757326236
0.3332,0.0836454860381234
0.33593,0.0684839632055863
0.33808,0.0534175528902869
0.33964,0.0384945028831735
0.34065,0.0237837453895706
0.3411,0.00933179315626416
0.34103,-0.00479748329396508
0.34046,-0.0185430396101703
0.3394,-0.0318554709590999
0.33789,-0.0446742574062227
0.33594,-0.0569541056395586
0.33359,-0.0686414241830981
0.33087,-0.0796851749124513
0.3278,-0.0900455605234436
0.32441,-0.0996859603886206
0.32074,-0.108566356323152
0.31681,-0.116660308311828
0.31267,-0.12393130393014
0.30833,-0.130365727337568
0.30384,-0.135939666691437
0.29922,-0.140644193968905
0.29451,-0.144468356023526
0.28974,-0.147407693400768
0.28494,-0.149463522158854
0.28014,-0.150642188352266
0.27537,-0.15095431509738
0.27066,-0.150414059387484
0.26604,-0.149038393131619
0.26152,-0.146861216473977
0.25715,-0.143899890021625
0.25293,-0.140195216499724
0.2489,-0.135776458664972
0.24507,-0.130685184027555
0.24145,-0.124971939922595
0.23807,-0.118678518751355
0.23493,-0.111860828588469
0.23206,-0.104562543553838
0.22944,-0.0968533165841565
0.22711,-0.0887775123946389
0.22505,-0.0804022551189368
0.22327,-0.0717889607527119
0.22177,-0.0630000960564097
0.22054,-0.0541045579733874
0.21959,-0.0451596199147666
0.2189,-0.0362336247046854
0.21847,-0.027386975410276
0.21828,-0.018686577210763
0.21831,-0.0102024897127267
0.21855,-0.00199772822697793
0.21899,0.00587241058235717
0.2196,0.0133459301333546
0.22035,0.0203574928045709
0.22123,0.0268560190025081
0.22221,0.0327889422903609
0.22326,0.0381043669194323
0.22436,0.0427601927304197
0.22547,0.0467090371933692
0.22657,0.0499158082401583
0.22763,0.0523493648540638
0.22861,0.0539756949546111
0.22949,0.0547746711001498
0.23024,0.0547310038674485
0.23083,0.0538342154791648
0.23122,0.0520710788308767
0.23139,0.0494417611772798
0.2313,0.0459428852321204
0.23094,0.0415909301425859
0.23026,0.0363887815492269
0.22926,0.0303656606376619
0.22789,0.023534632843921
0.22614,0.0159253113591291
0.22398,0.00756537208575199
0.2214,-0.00150473879949981
0.21837,-0.0112499023238333
0.21488,-0.0216252291157335
0.21091,-0.0325863727111151
0.20645,-0.0440830726599765
0.20149,-0.0560615390155353
0.19602,-0.0684665033835825
0.19002,-0.0812503500371019
0.18351,-0.0943433376876004
0.17647,-0.107689371565248
0.1689,-0.121230143882972
0.1608,-0.134907247153453
0.15219,-0.148649116862588
0.14306,-0.162397856741178
0.13343,-0.176086164516598
0.12331,-0.189648596258791
0.1127,-0.203030625693298
0.10163,-0.216166112752413
0.090104,-0.229000885608981
0.078154,-0.241471518732372
0.065796,-0.253521031321069
0.053057,-0.265091419520609
0.03996,-0.276128777918931
0.026535,-0.286579200327231
0.012808,-0.296393625178372
-0.0011865,-0.305522380815535
-0.015418,-0.313920058010166
-0.029855,-0.321545634948772
-0.044459,-0.328358032073295
-0.059194,-0.334319556919997
-0.074024,-0.339396742225938
-0.088912,-0.34356017154146
-0.10382,-0.346784230101518
-0.11871,-0.349047538325837
-0.13354,-0.350330222973682
-0.14827,-0.350616102881214
-0.16288,-0.349907657275047
-0.17731,-0.34819321935588
-0.19153,-0.34547264855132
-0.20552,-0.34176290828677
-0.21922,-0.337065123968768
-0.23263,-0.331412374036809
-0.24569,-0.324818600862541
-0.25839,-0.317319256008533
-0.27069,-0.308944294947725
-0.28258,-0.299740901116251
-0.29401,-0.289739541428777
-0.30499,-0.279000961074958
-0.31547,-0.267564485001925
-0.32544,-0.255480823031914
-0.33488,-0.242801185805665
-0.34379,-0.229590657964681
-0.35213,-0.215894202521754
-0.3599,-0.201768903524041
-0.3671,-0.18728001676294
-0.3737,-0.172475359929411
-0.37971,-0.157416853837967
-0.38511,-0.142153771549402
-0.38991,-0.12674585506661
-0.39411,-0.11125206520489
-0.3977,-0.0957215120055856
-0.40068,-0.0802011589420138
-0.40307,-0.0647494619073795
-0.40486,-0.0494100728745059
-0.40606,-0.0342279898408115
-0.40667,-0.019240329051662
-0.40672,-0.00449866949731066
-0.40619,0.00997248631185207
-0.40512,0.0241271436066423
-0.4035,0.0379405878768876
-0.40136,0.0513767401129586
-0.3987,0.0644139165147478
-0.39554,0.0770282332033341
-0.3919,0.0891950768921578
-0.3878,0.100890295196842
-0.38325,0.112098532074235
-0.37828,0.122797523932395
-0.37291,0.132967797219668
-0.36715,0.142600400825778
-0.36104,0.151673275124292
-0.3546,0.160169508625129
-0.34786,0.168069714504194
-0.34084,0.175360736414473
-0.33357,0.18202770467519
-0.32608,0.188055065507282
-0.3184,0.193427415735488
-0.31056,0.19813016211532
-0.30259,0.202150024056834
-0.29452,0.205475397982503
-0.28637,0.208103998967836
-0.27819,0.210019186935838
-0.26999,0.211223017294899
-0.26182,0.211703216716879
-0.25368,0.211473497121049
-0.24562,0.210531406091611
-0.23766,0.208883929588327
-0.22982,0.206545674887496
-0.22213,0.203529804992213
-0.21461,0.199855543267789
-0.20728,0.19554664967649
-0.20015,0.190637455533872
-0.19325,0.185155244738586
-0.1866,0.179128393108027
-0.1802,0.17260026695673
-0.17406,0.165617832783288
-0.1682,0.158222359267763
-0.16261,0.150471620296961
-0.15732,0.142405558697281
-0.1523,0.134093002702808
-0.14757,0.125587185570331
-0.14312,0.116949437699904
-0.13894,0.108245844390272
-0.13502,0.0995444029528338
-0.13135,0.0909126487564169
-0.12792,0.0824157171853479
-0.12471,0.0741222046466287
-0.1217,0.0661013771686664
-0.11887,0.0584208757332827
-0.11619,0.0511522766769648
-0.11364,0.0443606528489591
-0.1112,0.0381036951814537
-0.10883,0.0324459604432481
-0.1065,0.0274479739382903
-0.10418,0.0231649330098692
-0.10184,0.0196457800628446
-0.099442,0.0169385198271459
-0.096953,0.0150849069941537
-0.094339,0.0141207593998084
-0.091565,0.0140763606998587
-0.088595,0.0149769304418887
-0.085395,0.0168409219426211
-0.08193,0.0196810544047733
-0.078168,0.0235023481829777
-0.074077,0.0283029763688265
-0.069623,0.0340766290892872
-0.06478,0.0408071651825883
-0.05952,0.048471979727593
-0.053816,0.0570426978864004
-0.047647,0.0664822220694984
-0.040991,0.0767477933480966
-0.033831,0.087789209171265
-0.026149,0.0995520625826376
-0.017935,0.111973852766656
-0.0091793,0.124986803314724
0.00012657,0.138519632862547
0.0099855,0.152495909662934
0.020399,0.16683601907666
0.031365,0.181457258606665
0.042876,0.196272680224524
0.054927,0.211196185701021
0.067507,0.226140379080343
0.080601,0.241016401387853
0.09419,0.255733883301231
0.10826,0.270207649924274
0.12278,0.284346764957727
0.13774,0.298073997757741
0.15309,0.311296081234277
0.16882,0.32393935740131
0.18488,0.335918862124332
0.20124,0.347158107730847
0.21787,0.35759003898909
0.23471,0.367135397360001
0.25174,0.375737385424557
0.2689,0.383329872051406
0.28614,0.389848999165675
0.30343,0.395249875705341
0.32071,0.399482574457604
0.33793,0.402502500312549
0.35504,0.404271202457343
0.372,0.404764263598877
0.38874,0.403947702696161
0.40522,0.401803560700054
0.42139,0.398320505447469
0.43719,0.393486072616729
0.45258,0.387302601856977
0.46751,0.379777484928958
0.48192,0.370915145914506
0.49577,0.360732802518827
0.50902,0.349258013268259
0.52162,0.336519005444845
0.53353,0.322551611004185
0.54471,0.307397218378744
0.55512,0.291100933712863
0.56472,0.273709953935234
0.57349,0.255286946481129
0.58138,0.235883406258149
0.58838,0.215570192357082
0.59446,0.194417213751648
0.5996,0.172499224020111
0.60376,0.149878118352279
0.60695,0.126640716014742
0.60913,0.102854561417535
0.61031,0.0786067150244627
0.61047,0.0539752954915683
0.6096,0.0290363159592034
0.6077,0.00386919715718344
0.60477,-0.0214463110270325
0.60081,-0.0468326546571273
0.59583,-0.072209093788714
0.58982,-0.0975096706399835
0.5828,-0.122660363660343
0.57478,-0.147590492619516
0.56577,-0.172234446182711
0.55578,-0.196532968040573
0.54484,-0.220419254329419
0.53297,-0.243830138969207
0.52019,-0.266707626339941
0.50651,-0.289007405824042
0.49197,-0.310675787473919
0.4766,-0.331660936056147
0.46042,-0.351921871129881
0.44346,-0.371420653219546
0.42577,-0.39010860675288
0.40736,-0.407959858052995
0.38829,-0.424931205894521
0.36858,-0.44099678181589
0.34828,-0.456123749570268
0.32743,-0.470282474079255
0.30606,-0.483454618491496
0.28421,-0.495624579308198
0.26193,-0.506772497406746
0.23927,-0.516876104140782
0.21626,-0.525927041631188
0.19294,-0.533921458401387
0.16937,-0.540844900711123
0.14558,-0.546697361248832
0.12163,-0.551468694629774
0.097541,-0.555170080555382
0.073373,-0.557801121798627
0.049162,-0.559370198440378
0.024951,-0.559887688806576
0.00078228,-0.559366142973759
-0.023303,-0.557820635807243
-0.047267,-0.555270587876917
-0.071068,-0.551735770112064
-0.094671,-0.547240887855378
-0.11804,-0.541813411852219
-0.14113,-0.535475813881167
-0.16392,-0.528263815821611
-0.18637,-0.520208928141041
-0.20845,-0.511345908326821
-0.23013,-0.50171126095633
-0.25138,-0.491341957168276
-0.27217,-0.480274362296053
-0.29247,-0.468543358749549
-0.31227,-0.45619644608848
-0.33154,-0.443275176465957
-0.35026,-0.429822510204617
-0.3684,-0.415873884387799
-0.38596,-0.401479770351531
-0.40291,-0.386679072256293
-0.41924,-0.371514946743718
-0.43494,-0.356032628070585
-0.45,-0.340277608389438
-0.46441,-0.324294147305737
-0.47816,-0.308124083688141
-0.49124,-0.291805921994622
-0.50365,-0.275381563178374
-0.51539,-0.258894237044457
-0.52646,-0.242386794670508
-0.53685,-0.225892933410203
-0.54656,-0.209445137781972
-0.55559,-0.193073704781858
-0.56395,-0.176813410527608
-0.57164,-0.160693977208838
-0.57866,-0.144739914615989
-0.58502,-0.128977919523854
-0.59072,-0.113427993139452
-0.59577,-0.0981112510703832
-0.60016,-0.0830340024843529
-0.60391,-0.0682122862913614
-0.60703,-0.0536618250059569
-0.60952,-0.0393899541203344
-0.61138,-0.0253967345704806
-0.61263,-0.0116908384705442
-0.61327,0.00172743483706776
-0.61331,0.0148574254573845
-0.61276,0.0276984662256042
-0.61162,0.0402575465802316
-0.60991,0.0525330876362683
-0.60762,0.0645390503353373
-0.60477,0.0762795721446292
-0.60137,0.0877583446139376
-0.59742,0.0989861596574847
-0.59292,0.1099794025766
-0.58789,0.120743887335011
-0.58233,0.131291662990602
-0.57625,0.141632190700609
-0.56965,0.151780080208785
-0.56254,0.161746386023732
-0.55491,0.171553861129889
-0.54679,0.181204557006887
-0.53817,0.190713393974435
-0.52906,0.200090494034534
-0.51946,0.209349250264151
-0.50937,0.218505339794967
-0.4988,0.227568465181988
-0.48775,0.236550632239297
-0.47623,0.245457958774923
-0.46423,0.254306407395821
-0.45176,0.263104623744864
-0.43883,0.271855078836184
-0.42543,0.280569931377789
-0.41156,0.289261376650275
-0.39724,0.29792646961687
-0.38244,0.306587049524925
-0.3672,0.315232524334454
-0.35149,0.323878136910302
-0.33533,0.332522501833528
-0.31872,0.341165589572394
-0.30167,0.349800989180269
-0.28417,0.358432031397466
-0.26624,0.367047557939476
-0.24787,0.375647148287428
-0.22909,0.384209403343799
-0.20989,0.392726099304233
-0.19029,0.401177609583531
-0.1703,0.409542988995678
-0.14994,0.417793348978936
-0.1292,0.425916325645733
-0.10812,0.433876224950355
-0.086712,0.441640203960941
-0.064994,0.449174160773155
-0.042985,0.456443178315226
-0.020712,0.46340674631718
0.0018012,0.470023357084546
0.024528,0.476249817815748
0.04744,0.482041502533488
0.070507,0.487352614520973
0.093698,0.492137190216343
0.11698,0.496349047698644
0.14032,0.499943252323578
0.16368,0.502873588648928
0.18703,0.505100191166938
0.21034,0.506589635507539
0.23356,0.507300071029192
0.25665,0.507191649854801
0.27959,0.506242286455033
0.30234,0.504430336420831
0.32485,0.501728026953504
0.3471,0.498125898470526
0.36903,0.493600256533448
0.39063,0.488153868769269
0.41185,0.481781511793572
0.43265,0.474479381291579
0.45299,0.466245218262326
0.47284,0.457085752370543
0.49216,0.447007663713462
0.51091,0.436017677587113
0.52905,0.424122615460181
0.54655,0.411336809267197
0.56336,0.397665675553667
0.57945,0.383122269028252
0.59477,0.367710819985078
0.6093,0.351450658489624
0.62299,0.334350714935283
0.6358,0.316418803564979
0.64769,0.297661713224732
0.65862,0.278085293326928
0.66856,0.257701933797133
0.67748,0.236529024216331
0.68532,0.214565384166904
0.69206,0.191824500097423
0.69767,0.168323947097541
0.70211,0.144076759068036
0.70535,0.119099369375293
0.70736,0.0934105149431708
0.70812,0.0670376835537867
0.7076,0.0400072844897726
0.70578,0.0123515342148079
0.70264,-0.0158935555000078
0.69817,-0.0446825138532624
0.69236,-0.0739635010196209
0.6852,-0.103680981805054
0.67669,-0.133770605096049
0.66683,-0.164162727400713
0.65562,-0.194785419836001
0.64307,-0.22555959042045
0.62921,-0.25638787361778
0.61403,-0.287190559053926
0.59758,-0.317860177456004
0.57987,-0.348299619380361
0.56094,-0.378400857243609
0.54081,-0.408065112531425
0.51954,-0.43717453918241
0.49716,-0.465621709570801
0.47371,-0.493303572214604
0.44926,-0.520101727296253
0.42385,-0.545911337538837
0.39755,-0.570619741371867
0.37041,-0.594126441117884
0.3425,-0.616329349665883
0.31388,-0.637135970142016
0.28463,-0.656449995227146
0.25483,-0.67417541554221
0.22453,-0.690242029429424
0.19382,-0.704573589170827
0.16278,-0.717099273893078
0.13148,-0.727762791904667
0.10001,-0.736507155501757
0.068431,-0.743298664642687
0.036837,-0.748099769657101
0.0053027,-0.750885961809485
-0.026093,-0.751641640208404
-0.057275,-0.750362442762468
-0.088165,-0.747051624002939
-0.11869,-0.741723186451377
-0.14877,-0.734394983872574
-0.17834,-0.725099285171262
-0.20733,-0.713876073291233
-0.23566,-0.700763690907353
-0.26328,-0.685820864706248
-0.29011,-0.669099492958126
-0.31609,-0.65065980508586
-0.34117,-0.630574900667542
-0.36529,-0.608919225566661
-0.38839,-0.585766578451491
-0.41042,-0.561195844556139
-0.43134,-0.535295421661766
-0.45109,-0.508144292130725
-0.46963,-0.479826527823602
-0.48693,-0.450435391562615
-0.50295,-0.420061563325518
-0.51766,-0.388798454477791
-0.53103,-0.356738967207261
-0.54303,-0.323972842749771
-0.55364,-0.290591950279682
-0.56285,-0.256694451184829
-0.57063,-0.222365764148964
-0.57698,-0.187700489523818
-0.58189,-0.152790220889826
-0.58535,-0.117721164319656
-0.58737,-0.0825871165859115
-0.58794,-0.0474701172729559
-0.58707,-0.0124547154287156
-0.58478,0.0223680161719982
-0.58108,0.0569122189539759
-0.57597,0.0911065968984359
-0.56949,0.124864618151428
-0.56166,0.158105275660569
-0.55251,0.190747492565196
-0.54206,0.222720423383283
-0.53036,0.253941918143762
-0.51743,0.284345839060401
-0.50331,0.313866689915614
-0.48806,0.342427215852975
-0.4717,0.369973082800506
-0.45429,0.396441070799123
-0.43588,0.42177064811259
-0.41651,0.445913218939375
-0.39624,0.468817078386258
-0.37511,0.490444944099653
-0.35319,0.510750719850444
-0.33052,0.529705356635745
-0.30717,0.547272860360632
-0.28319,0.56342809669065
-0.25865,0.578141250862556
-0.2336,0.59139498657569
-0.2081,0.603175742932994
-0.18223,0.613459201568757
-0.15604,0.622235797337835
-0.1296,0.629493891653699
-0.10298,0.635221032863194
-0.07624,0.639412357801844
-0.049458,0.64205643159455
-0.022699,0.64314690421315
0.0039651,0.642677027835439
0.030465,0.640642252026832
0.05673,0.63703927618187
0.08269,0.631866710555305
0.10827,0.625121468823185
0.1334,0.61680320343151
0.15802,0.606921488959657
0.18204,0.595471752681467
0.2054,0.582460591785937
0.22804,0.567903682536573
0.24989,0.551816455462028
0.27088,0.534213959558279
0.29095,0.515118131967811
0.31004,0.49455606198951
0.32809,0.472558438394095
0.34504,0.449158179197056
0.36085,0.424404036626395
0.37546,0.398341544929722
0.38882,0.371019903899707
0.40089,0.342497393952194
0.41164,0.312845477493598
0.42102,0.282129543575658
0.429,0.250423086012936
0.43556,0.217811481985559
0.44068,0.184387300637046
0.44433,0.150238896589471
0.4465,0.115463460900258
0.44719,0.0801698681785754
0.44638,0.0444584373323448
0.44408,0.00844176744552628
0.4403,-0.0277610241655491
0.43505,-0.0640291571786138
0.42835,-0.10023679998764
0.42021,-0.136265316298698
0.41067,-0.17198341875408
0.39975,-0.207268529390378
0.3875,-0.241986835363747
0.37396,-0.276007134585021
0.35917,-0.30920457461187
0.34319,-0.341448758360002
0.32607,-0.372616528949716
0.30787,-0.402587331913919
0.28866,-0.431239445827567
0.26851,-0.458454396794088
0.24748,-0.484127856087455
0.22566,-0.508148500454622
0.20311,-0.53042554968998
0.17991,-0.550873465974488
0.15616,-0.569399496027279
0.13192,-0.585938187425055
0.10728,-0.600426732172114
0.082334,-0.61280425100767
0.057158,-0.623027414564535
0.03184,-0.631060373824495
0.006464,-0.636878262320967
-0.018885,-0.640466003210499
-0.044122,-0.641817796360327
-0.069162,-0.640936420493242
-0.093927,-0.637837577642213
-0.11833,-0.632541174363969
-0.1423,-0.625082618773794
-0.16575,-0.615497795832535
-0.18862,-0.603842685270913
-0.21082,-0.590166427965215
-0.23228,-0.574526701450716
-0.25295,-0.557001817779482
-0.27275,-0.537662897285044
-0.29162,-0.51658853099241
-0.30951,-0.49386892958166
-0.32635,-0.469586708635102
-0.3421,-0.443838502867649
-0.3567,-0.416714970177556
-0.37011,-0.388314345235603
-0.38229,-0.35873830580735
-0.3932,-0.328088489714821
-0.40281,-0.296471019832733
-0.41107,-0.263977781361584
-0.41797,-0.230716013158853
-0.42349,-0.196794730510004
-0.42759,-0.162306293971609
-0.43026,-0.127348905134416
-0.4315,-0.0920297502398476
-0.43129,-0.0564450830131825
-0.42963,-0.0206939985783849
-0.42652,0.015125369298825
-0.42197,0.0509115195843647
-0.41598,0.0865710028886604
-0.40857,0.12200525678659
-0.39976,0.157114942892524
-0.38956,0.191810878447565
-0.37802,0.225985625170077
-0.36516,0.259542847627201
-0.35101,0.292391121339318
-0.33562,0.324431444254399
-0.31903,0.355569565683886
-0.30129,0.385711018829369
-0.28245,0.414764533407865
-0.26258,0.442629919511353
-0.24171,0.469232919827505
-0.21993,0.494478682238622
-0.1973,0.518281359955763
-0.17388,0.540565544623102
-0.14975,0.561252371530948
-0.12498,0.580270597523283
-0.099649,0.597551275024025
-0.073842,0.613025613960998
-0.047637,0.626632859322393
-0.021118,0.638316809914048
0.0056266,0.648024068745215
0.032514,0.655709941655379
0.059451,0.661331116608461
0.08635,0.664851541799947
0.11312,0.6662402963743
0.13967,0.66547223327991
0.16591,0.66252906108597
0.19175,0.657399270800977
0.2171,0.650077870588007
0.24188,0.640573367020058
0.26598,0.628883420190872
0.28934,0.615034627813892
0.31186,0.599047238151405
0.33346,0.580951208325578
0.35407,0.560791446866069
0.37362,0.538624215063385
0.39202,0.514499087879094
0.40922,0.48848890071758
0.42516,0.460676248622109
0.43977,0.431142297065969
0.45301,0.399987313346681
0.46482,0.367309671341282
0.47518,0.333233288926984
0.48403,0.297869840373909
0.49137,0.261362503569966
0.49715,0.22383896903435
0.50136,0.18544045108818
0.50399,0.146315049104716
0.50504,0.106619544507775
0.5045,0.0665057533175308
0.50239,0.0261391577239507
0.49871,-0.0143234897275403
0.49348,-0.0547224843924335
0.48673,-0.0948933035965419
0.47849,-0.134672687731538
0.46879,-0.173903575584306
0.45767,-0.212431593631025
0.44518,-0.250102216309828
0.43137,-0.286765926885958
0.41628,-0.32228969330874
0.39998,-0.356536254269899
0.38253,-0.389377149909117
0.36399,-0.420695624317536
0.34444,-0.450373894193664
0.32393,-0.478319909947023
0.30255,-0.504436497657359
0.28037,-0.52864099703761
0.25747,-0.55085851284502
0.23393,-0.571023660606942
0.20982,-0.58908910546423
0.18524,-0.605002368588405
0.16027,-0.618724208606999
0.13499,-0.630228261347106
0.10949,-0.639492985051371
0.083846,-0.646512749171207
0.058152,-0.651282642405569
0.032489,-0.653809081580734
0.0069403,-0.654106693053052
-0.01841,-0.652196638103505
-0.043482,-0.648108728643365
-0.068195,-0.641879145543064
-0.09247,-0.633550217003131
-0.11623,-0.623170233470816
-0.13941,-0.610800472680675
-0.16193,-0.596500488698356
-0.18372,-0.58033471602901
-0.20473,-0.562384989763928
-0.22489,-0.542730538417463
-0.24413,-0.521446643714108
-0.26242,-0.498633169869592
-0.27969,-0.474377690272076
-0.29591,-0.448785187806102
-0.31102,-0.421949695633285
-0.325,-0.393983429975
-0.3378,-0.364987960122821
-0.34941,-0.335082958651497
-0.35979,-0.304377068551821
-0.36893,-0.272989023797325
-0.37681,-0.241034763294223
-0.38343,-0.208639252273702
-0.38877,-0.175916135518618
-0.39284,-0.142988555533581
-0.39564,-0.109976049996553
-0.39718,-0.0769988325915843
-0.39748,-0.0441811799848255
-0.39654,-0.0116318255919013
-0.39439,0.020534505674526
-0.39107,0.0521947211628669
-0.38659,0.0832452695424968
-0.38099,0.113579789554387
-0.37431,0.1430933863623
-0.36659,0.171686054805779
-0.35787,0.199265330606177
-0.3482,0.225740852301592
-0.33762,0.251034726929814
-0.3262,0.275059981603285
-0.31398,0.297747804546422
-0.30102,0.319032048647762
-0.28737,0.338858861232919
-0.27311,0.357164527576754
-0.25827,0.373917019272965
-0.24294,0.389067288345409
-0.22717,0.402584388131612
-0.21101,0.414453697130705
-0.19454,0.424652856486317
-0.17782,0.433169513856908
-0.1609,0.440007927862274
-0.14385,0.445171640529885
-0.12673,0.448671672493881
-0.1096,0.450525486336725
-0.092516,0.450758895214631
-0.07553,0.449407336335048
-0.058701,0.446508461027833
-0.042082,0.442105662167287
-0.02572,0.436250709604611
-0.0096657,0.428998427039304
0.0060352,0.420408697968896
0.021339,0.410545671687692
0.036204,0.399476953325991
0.050593,0.387274651033784
0.064469,0.374012864345564
0.077801,0.359769839889645
0.090557,0.344624366896559
0.10271,0.328657239224615
0.11424,0.311953806791592
0.12512,0.294595508074987
0.13534,0.276670846043917
0.14487,0.258256636043426
0.15371,0.239440126903973
0.16185,0.220306934600681
0.16929,0.200946117922973
0.17601,0.181431950044847
0.18202,0.16184654784404
0.18732,0.14226829109748
0.19191,0.122769957051336
0.19581,0.103432127226941
0.19901,0.0843167894641363
0.20154,0.0654982937448689
0.20339,0.0470287947176534
0.2046,0.0289775275191241
0.20516,0.0113880506586797
0.20511,-0.0056815938287996
0.20445,-0.0221934564791615
0.2032,-0.0381126493274647
0.20139,-0.0534009353660372
0.19903,-0.0680338199295321
0.19615,-0.0819843734380237
0.19275,-0.0952472249825316
0.18888,-0.107798155009727
0.18453,-0.119643347338405
0.17974,-0.130776916603183
0.17452,-0.141206133180944
0.1689,-0.150934394685485
0.16289,-0.159977155370352
0.15652,-0.168344833667917
0.1498,-0.176058716344942
0.14275,-0.18314127188524
0.13539,-0.189615674724335
0.12774,-0.195505362358621
0.11981,-0.200841030156717
0.11162,-0.205651255268997
0.10319,-0.209962353788484
0.094531,-0.21380494193085
0.085658,-0.217209466527515
0.076586,-0.220205535599041
0.06733,-0.222821368581251
0.057901,-0.225086318450292
0.048313,-0.227027672177998
0.038579,-0.228671059461408
0.028711,-0.230040801705469
0.018722,-0.231158727881829
0.0086231,-0.232045411904357
-0.0015735,-0.232718968686404
-0.011855,-0.233194504630036
-0.022211,-0.233485960878926
-0.032628,-0.233603553850027
-0.043093,-0.233554465665371
-0.053597,-0.23334606464226
-0.064124,-0.232980360966648
-0.074663,-0.232458553089961
-0.085199,-0.231778059035808
-0.095719,-0.23093466482665
-0.10621,-0.229922826212181
-0.11665,-0.228729298012719
-0.12704,-0.227351876521188
-0.13734,-0.22576689739835
-0.14756,-0.223970910165825
-0.15766,-0.221939796278146
-0.16764,-0.219662935239128
-0.17747,-0.217118630636345
-0.18715,-0.214298987500735
-0.19664,-0.211177846102157
-0.20594,-0.207744590782434
-0.21503,-0.20398663443013
-0.22389,-0.199890163544402
-0.23249,-0.195433377344614
-0.24083,-0.190610836637604
-0.24889,-0.185415701391616
-0.25666,-0.179847653721154
-0.2641,-0.17388952846285
-0.27121,-0.16754068127249
-0.27797,-0.160799082355655
-0.28437,-0.153669118537286
-0.29039,-0.146152920806082
-0.296,-0.138243424962278
-0.3012,-0.129948590524458
-0.30597,-0.121273552793504
-0.3103,-0.112228500400497
-0.31416,-0.10281269403223
-0.31754,-0.0930314402122401
-0.32043,-0.0828948162693203
-0.32281,-0.0724091231961516
-0.32466,-0.0615774808632946
-0.32598,-0.0504151734734735
-0.32674,-0.0389247197166624
-0.32693,-0.0271130812155508
-0.32655,-0.0149980134174861
-0.32557,-0.0025833215589928
-0.32398,0.0101237534323963
-0.32178,0.0231060164304612
-0.31896,0.0363461094093472
-0.3155,0.0498344133313359
-0.3114,0.0635530428049696
-0.30665,0.0774853552472711
-0.30126,0.0916013958639281
-0.2952,0.105890896162684
-0.28849,0.120322810695131
-0.28112,0.134872420207139
-0.27308,0.149520831183297
-0.26439,0.164232251376784
-0.25504,0.178980493405419
-0.24503,0.19374051575216
-0.23438,0.208474196799134
-0.22309,0.223148796584355
-0.21117,0.237729520856125
-0.19862,0.25218839346551
-0.18546,0.2664890578922
-0.17171,0.280589544583228
-0.15737,0.294459446316462
-0.14246,0.308063897294178
-0.127,0.321365582735904
-0.111,0.334333825161104
-0.094488,0.346931038939136
-0.077483,0.359121969121053
-0.060004,0.370874428081317
-0.042076,0.38215538415555
-0.023722,0.392933755541246
-0.0049678,0.403179067293032
0.014162,0.412863317456643
0.03364,0.421959463172127
0.053436,0.430440178181488
0.073522,0.438280557031518
0.093868,0.44545712633395
0.11444,0.451945531391516
0.13522,0.457733486603314
0.15615,0.462789480693934
0.17722,0.467103128588367
0.19839,0.470659456146422
0.21963,0.473447880022843
0.24089,0.475447128967425
0.26215,0.476650336346903
0.28337,0.477047906459096
0.30452,0.476635961651912
0.32555,0.475400800522371
0.34644,0.473343593495652
0.36714,0.470455516382498
0.38762,0.466734938024436
0.40784,0.462178884670605
0.42776,0.456783582092297
0.44734,0.450544898991772
0.46655,0.443466099974781
0.48534,0.435541706485058
0.50366,0.426759491549996
0.52149,0.417124436649901
0.53877,0.40662582217288
0.55547,0.395262875547785
0.57155,0.383035592825241
0.58696,0.369937319594668
0.60167,0.355971121883259
0.61563,0.341133139983873
0.6288,0.325421533587196
0.64115,0.308843632329202
0.65264,0.291406670898376
0.66321,0.273102918546779
0.67285,0.253949839108791
0.68151,0.233955242619738
0.68915,0.213126424373881
0.69574,0.191477525889265
0.70125,0.16902788960483
0.70562,0.145778398812095
0.70885,0.121759433676411
0.71088,0.0969800001099111
0.7117,0.0714686308462541
0.71126,0.0452392623734983
0.70955,0.0183232693097183
0.70653,-0.00925695472221553
0.70218,-0.0374720889425587
0.69648,-0.0662880521884633
0.68941,-0.0956678820940451
0.68095,-0.12557334038599
0.67109,-0.155958861868883
0.65981,-0.18678167767038
0.64712,-0.217980335721319
0.633,-0.249502266589093
0.61746,-0.2812814182379
0.60049,-0.313257589653194
0.58212,-0.345347508902373
0.56234,-0.377481314661447
0.54118,-0.40957247568571
0.51866,-0.441530993853378
0.49479,-0.473274166807769
0.46962,-0.504698135119754
0.44317,-0.535707303288631
0.41548,-0.566200895695156
0.3866,-0.59606969540863
0.35657,-0.625208461614028
0.32544,-0.653511085501081
0.29327,-0.680866751559895
0.26012,-0.707164397021447
0.22605,-0.732296349516722
0.19112,-0.7561612124735
0.15541,-0.778651272993515
0.11898,-0.799672130107738
0.081914,-0.819125656148357
0.044288,-0.836920053038232
0.0061803,-0.852970193558119
-0.032328,-0.867197374090205
-0.071156,-0.879531181827036
-0.11022,-0.889908574645779
-0.14943,-0.898270361222583
-0.18871,-0.90457327392295
-0.22797,-0.908778571880276
-0.26712,-0.91085307776774
-0.30608,-0.910777241128385
-0.34476,-0.908536468605159
-0.38308,-0.9041287708509
-0.42094,-0.897548372853617
-0.45827,-0.888809539975722
-0.49498,-0.877928240920379
-0.53099,-0.864929469553193
-0.56622,-0.849845463419187
-0.60059,-0.832714028654651
-0.63402,-0.813576988988468
-0.66643,-0.792478771807085
-0.69776,-0.769479936074578
-0.72794,-0.744645418233898
-0.75689,-0.718034886415824
-0.78455,-0.689717220766565
-0.81086,-0.659767092557777
-0.83577,-0.628269400564707
-0.85921,-0.595300334827633
-0.88113,-0.560941857746102
-0.90148,-0.525278371029878
-0.92022,-0.488401310838268
-0.93731,-0.450405222381393
-0.95271,-0.411384463525765
-0.96638,-0.371430495942883
-0.97828,-0.330629719223584
-0.98841,-0.289091393524841
-0.99672,-0.246902951312117
-1,-0.201793674406886
-1,-0.15331740924224
-1,-0.103641440936127
-1,-0.054560533227036
-1,-0.00752578949581154
-1,0.0363254722452713
-1,0.0761393049701473
-0.99681,0.113674624170901
-0.98853,0.151802220378222
-0.97844,0.190389375822289
-0.96657,0.22929199808112
-0.95296,0.268352769205405
-0.93762,0.307429712507396
-0.92059,0.34637458574753
-0.90192,0.385030551359868
-0.88164,0.42325282133594
-0.8598,0.460895517782499
-0.83645,0.497816013201961
-0.81164,0.533878439765588
-0.78542,0.56895643491584
-0.75785,0.602927795282212
-0.72899,0.635677525624708
-0.6989,0.667100168460126
-0.66765,0.697094089849703
-0.63529,0.725579006133004
-0.60191,0.752465214966344
-0.56757,0.777680830749555
-0.53233,0.801171100736267
-0.49628,0.822875237459809
-0.45949,0.842744873754243
-0.42202,0.860751209287454
-0.38397,0.876853275412876
-0.34539,0.891039211927287
-0.30637,0.903292192019576
-0.26699,0.913600038086577
-0.22732,0.921962807129693
-0.18743,0.928391158974634
-0.14741,0.932889935301555
-0.10734,0.93546720992212
-0.067281,0.936148106105295
-0.027317,0.934954389778917
0.012477,0.931911728599318
0.052027,0.927049470023159
0.091258,0.920398839632605
0.1301,0.911995829788856
0.16848,0.901877440476233
0.20632,0.890077095658675
0.24357,0.876645402477348
0.28015,0.861623502055806
0.31599,0.845051374486073
0.35103,0.826974511942902
0.38522,0.807449120888933
0.41848,0.78651641956017
0.45077,0.764234040515891
0.48202,0.740649105447218
0.51219,0.715821141396472
0.54122,0.689803214450739
0.56906,0.662649047276726
0.59567,0.634418703916121
0.621,0.605168189135692
0.64502,0.574963332052595
0.66769,0.543868508132717
0.68897,0.511944956231982
0.70885,0.479271662971322
0.72728,0.445909940536043
0.74425,0.411934473040334
0.75974,0.377420984009664
0.77372,0.342436248644494
0.7862,0.307067227027186
0.79716,0.27139223129511
0.80659,0.235487471024955
0.81449,0.199432348539282
0.82087,0.163313623681492
0.82572,0.127206372087777
0.82906,0.0911958946761903
0.83089,0.0553581079240873
0.83124,0.0197809451138445
0.83011,-0.0154631018386868
0.82753,-0.0502943568097076
0.82352,-0.0846375129726566
0.81811,-0.118416048933609
0.81131,-0.151569964526255
0.80316,-0.184032683345261
0.7937,-0.215734798859085
0.78295,-0.246621955325292
0.77095,-0.276639293910253
0.75774,-0.305733723923613
0.74337,-0.333848300537959
0.72786,-0.360947371211733
0.71127,-0.386984518309635
0.69364,-0.411921365754937
0.67501,-0.435727719053046
0.65545,-0.458359265489068
0.635,-0.479784318645404
0.61371,-0.499975446412673
0.59164,-0.518902603732294
0.56884,-0.536542436603192
0.54538,-0.55286339785616
0.52131,-0.567843525595718
0.49669,-0.581462318239735
0.47158,-0.593701530622658
0.44605,-0.604538339042915
0.42016,-0.613954719941827
0.39397,-0.621937470595244
0.36755,-0.628470690303907
0.34096,-0.633544562856323
0.31425,-0.637162262296895
0.28751,-0.639308186107363
0.26078,-0.639989375354726
0.23413,-0.639209124144422
0.20761,-0.63698277413186
0.1813,-0.633313123906177
0.15524,-0.62822267816003
0.12948,-0.621742128199366
0.1041,-0.61388604181721
0.079125,-0.604696514811429
0.054618,-0.594208829914571
0.030625,-0.582464606182409
0.0071897,-0.569511319638346
-0.015643,-0.555399143373541
-0.037833,-0.540182731138302
-0.05934,-0.52391880169385
-0.080128,-0.506667427128779
-0.10016,-0.488489024093976
-0.11941,-0.469450756055006
-0.13784,-0.449614469180094
-0.15543,-0.429049255253774
-0.17215,-0.407820642477771
-0.18798,-0.385996732647112
-0.2029,-0.363645648873027
-0.21688,-0.34082604752631
-0.22992,-0.317609266766151
-0.242,-0.294059845409603
-0.2531,-0.27023476449666
-0.26323,-0.246205190891495
-0.27238,-0.222036640731115
-0.28053,-0.19778051400579
-0.28771,-0.173511987960128
-0.2939,-0.149285973280235
-0.29911,-0.125161294083851
-0.30335,-0.101197865747112
-0.30664,-0.0774617855715969
-0.30898,-0.0540070799233025
-0.3104,-0.030898273228021
-0.31091,-0.00819131694561072
-0.31053,0.0140593782358436
-0.30928,0.035802642941515
-0.3072,0.0569770450278845
-0.3043,0.0775372508410325
-0.30061,0.0974378821345759
-0.29617,0.116627907438929
-0.29101,0.135061050654105
-0.28516,0.152696658450825
-0.27865,0.169500257152594
-0.27152,0.185436443195597
-0.26381,0.200470562667313
-0.25556,0.214570031931549
-0.2468,0.227712735753575
-0.23758,0.239871328862252
-0.22793,0.25103028962929
-0.2179,0.261169758820918
-0.20754,0.270267399596103
-0.19688,0.278314730783145
-0.18598,0.285292938331731
-0.17487,0.291198006122508
-0.16361,0.296016191061919
-0.15223,0.299748867514501
-0.14078,0.302395160761204
-0.12932,0.303945383464062
-0.11788,0.304405528568212
-0.10651,0.303779607813012
-0.095264,0.302067284129702
-0.084174,0.299281279152661
-0.073289,0.295432203640886
-0.062651,0.290534117362982
-0.052304,0.284602238393619
-0.042288,0.2776554815816
-0.032645,0.26971394784224
-0.023412,0.260802024027775
-0.014629,0.250944829917425
-0.0063302,0.240171820262763
0.0014478,0.228513486459217
0.0086737,0.216004341993903
0.015314,0.202679652185087
0.02134,0.188577930777938
0.026725,0.173740771629218
0.031443,0.158211647228535
0.035473,0.142038046439471
0.038791,0.125267150491004
0.041383,0.107951944188111
0.04323,0.0901448709060409
0.044319,0.0719008416317614
0.04464,0.053277349584182
0.044185,0.0343337307060414
0.042948,0.0151304937377662
0.040926,-0.00427053724709658
0.038117,-0.023807647860469
0.034526,-0.0434159670452635
0.030153,-0.0630338160992972
0.025007,-0.082597413662718
0.019096,-0.102044082221537
0.012429,-0.121313346036454
0.0050189,-0.140345636115176
-0.0031174,-0.159081167411502
-0.011966,-0.177464232433932
-0.021504,-0.195437695809531
-0.031714,-0.212949330851628
-0.042572,-0.229947861193931
-0.054053,-0.246383896971177
-0.066131,-0.262210645795993
-0.078776,-0.277382203842171
-0.09196,-0.29185659526023
-0.10565,-0.305592943783795
-0.11981,-0.318550642124395
-0.13441,-0.33069532825512
-0.14941,-0.341991703967746
-0.16477,-0.352405160675741
-0.18044,-0.361895663855891
-0.1964,-0.370442541600374
-0.21259,-0.378012188412706
-0.22897,-0.384576736270585
-0.24549,-0.390106749091704
-0.26211,-0.39458016068192
-0.27878,-0.397974487662511
-0.29544,-0.400260551985706
-0.31206,-0.401427164514364
-0.32857,-0.401448773811799
-0.34493,-0.400311523403163
-0.36108,-0.397996953714387
-0.37697,-0.394491163709598
-0.39255,-0.389784667041138
-0.40776,-0.383864754850443
-0.42255,-0.376724199929743
-0.43686,-0.368353322359711
-0.45064,-0.358748436224399
-0.46384,-0.347911093329484
-0.4764,-0.335839929685918
-0.48827,-0.322538942677612
-0.49938,-0.308001813841116
-0.50969,-0.292236500958526
-0.51915,-0.275255093436933
-0.5277,-0.257065519444079
-0.5353,-0.237687136438737
-0.54188,-0.217125999474677
-0.54741,-0.19540702332493
-0.55183,-0.172547625496632
-0.5551,-0.148573641325525
-0.55718,-0.123517118667256
-0.55802,-0.0974069655993075
-0.55757,-0.0702688608582671
-0.55581,-0.0421474270039105
-0.5527,-0.0130866166296326
-0.54821,0.0168639098863284
-0.5423,0.0476586170672137
-0.53494,0.0792491542078089
-0.52612,0.111571467356033
-0.51582,0.144558025269459
-0.504,0.178155190458282
-0.49067,0.212285129722402
-0.47581,0.246874937515336
-0.4594,0.281857823527813
-0.44146,0.317144369257453
-0.42197,0.352659143609442
-0.40094,0.38831811502146
-0.37838,0.424032897260499
-0.3543,0.459714312759874
-0.32872,0.495267923550321
-0.30165,0.53060539373434
-0.27313,0.565623940265057
-0.24318,0.600227155781059
-0.21183,0.634319471682596
-0.17912,0.667801712953546
-0.1451,0.700567636137989
-0.10981,0.732516139889031
-0.073296,0.763549172924672
-0.035624,0.793559647026125
0.0031502,0.822444287518506
0.042959,0.85009764410299
0.083733,0.876414743079381
0.1254,0.901292496667334
0.16787,0.924619717858097
0.21107,0.946295039497394
0.2549,0.966208581025985
0.29927,0.984254777701675
0.34408,1.00032783266115
0.38922,1.01431807580371
0.43459,1.02612393602076
0.48007,1.03563920980826
0.52554,1.04275772529582
0.57088,1.04737710948605
0.61597,1.04940174151661
0.66067,1.04873017862742
0.70487,1.04528216145603
0.74842,1.03896806862749
0.7912,1.02971631682415
0.83306,1.01745059683774
0.87389,1.00212342133295
0.91354,0.983683244587266
0.95188,0.962092429678268
0.98879,0.937333948825842
1,0.891542458913914
1,0.821586751731815
1,0.733867395046265
1,0.634032365472747
1,0.526999245779666
1,0.416984549229104
1,0.307539212018443
1,0.201589222312791
1,0.101480323076002
1,0.00902572943499571
1,-0.0744441664416624
1,-0.148031074661019
1,-0.211217969651251
1,-0.263818947133241
1,-0.305930492943723
1,-0.337884780151157
1,-0.360205508447151
1,-0.373566698128319
1,-0.378754752415732
1,-0.376634008271604
1,-0.368115908744151
1,-0.354131850310444
1,-0.335609687466438
1,-0.313453814405126
1,-0.288528690234704
1,-0.261645629795775
1,-0.233552646522049
1,-0.204927106573381
1,-0.176370934144186
0.98621,-0.158610057524894
0.9435,-0.171252564964881
0.89835,-0.209789738282369
0.85082,-0.269916239565827
0.80103,-0.347526078640126
0.74907,-0.438776926917947
0.69505,-0.540103734626583
0.63909,-0.64823495749278
0.58131,-0.760209900598635
0.52182,-0.873395978769943
0.46076,-0.985467963156772
0.39828,-1.09440098878288
0.3345,-1.19848914907648
0.26957,-1.29630984633646
0.20364,-1.38671149735565
0.13686,-1.46879780586954
0.069379,-1.54191008320559
0.0013648,-1.60559276644921
-0.067031,-1.65958654635941
-0.13565,-1.70380080212695
-0.20432,-1.73828171058385
-0.2729,-1.76321598568384
-0.3412,-1.77887050924434
-0.40909,-1.78562168057944
-0.47638,-1.78388686946345
-0.54293,-1.77414879754531
-0.60857,-1.75691362188863
-0.67315,-1.73271281284939
-0.73652,-1.7020885025919
-0.79852,-1.66557330590324
-0.859,-1.62368841372403
-0.91784,-1.57695650607361
-0.97487,-1.52585236255872
-1,-1.44866563302805
-1,-1.33361342053116
-1,-1.19079433391701
-1,-1.02912222970778
-1,-0.85635975540731
-1,-0.679163459977683
-1,-0.503138917936048
-1,-0.332904201621596
-1,-0.172159989464618
-1,-0.0237646063197818
-1,0.110187654517927
-1,0.228286488056612
-1,0.329725255444811
-1,0.414221686417706
-1,0.481940757013821
-1,0.533420732235405
-1,0.569503199329933
-1,0.591267754744955
-1,0.59997185021225
-1,0.596996153827116
-1,0.583795642745746
-1,0.561856516982693
-1,0.532658909973476
-1,0.49764527181885
-1,0.458194215771033
-1,0.415599547517389
-1,0.3710541398135
-1,0.325638271408629
-1,0.280312018179905
-1,0.235911264975961
-1,0.193146897779839
-1,0.152606736272735
-1,0.114759775512085
-1,0.0799623210178488
-1,0.0484656228953024
-1,0.0204246405570544
-1,-0.00409240095437317
-1,-0.0250939701213176
-1,-0.0426549771960104
-0.96457,-0.0306951293951591
-0.90814,0.0204078941557979
-0.85003,0.103145006229482
-0.79038,0.210546970235593
-0.72931,0.336236575977581
-0.66698,0.474420398832373
-0.60353,0.619919712413578
-0.53909,0.768179321316192
-0.47383,0.915227780491711
-0.40787,1.05770203957405
-0.34138,1.19278195584901
-0.27449,1.31819355584903
-0.20736,1.43214851757771
-0.14014,1.53331448593715
-0.072966,1.62078375891915
-0.0059903,1.69401556760359
0.060644,1.75279935547285
0.1268,1.79721444335576
0.19233,1.82757713180617
0.2571,1.84440945501913
0.32097,1.84839327924099
0.38381,1.84034001260199
0.4455,1.82116172574389
0.50591,1.79182928691721
0.56491,1.75334325095464
0.62239,1.7067231644882
0.67824,1.65298243645355
0.73236,1.59311445952323
0.78463,1.52805862670485
0.83496,1.45871026133408
0.88326,1.38590660884922
0.92945,1.31042358707646
0.97345,1.23296659298744
1,1.14293395296412
1,1.02542823657342
1,0.888833133398248
1,0.74045623703046
1,0.586573199626641
1,0.432480527842795
1,0.282555591597747
1,0.140322360158708
1,0.0085213750048431
1,-0.110817493151627
1,-0.216300883242425
1,-0.307097659109539
1,-0.382865662023675
1,-0.443680527840667
1,-0.489967454350027
1,-0.522436658965207
1,-0.542023122017379
1,-0.54983106996903
1,-0.547083518657969
1,-0.53507707142658
1,-0.515142052354736
1,-0.488607951974707
1,-0.45677407253872
1,-0.420885182481047
1,-0.382111925175445
1,-0.341535675156891
1,-0.300137495136735
1,-0.258790818683309
1,-0.2182574655071
1,-0.179186587913534
1,-0.142116147126821
1,-0.107476525764863
1,-0.0755958966658347
1,-0.0467069874528707
1,-0.0209549036293947
0.98119,-0.0123215009317729
0.9464,-0.0295795248511669
0.91061,-0.0680890480106161
0.8739,-0.123519787400572
0.83634,-0.191884333591129
0.79803,-0.269532449901692
0.75905,-0.3531800258445
0.71947,-0.439920191044915
0.67938,-0.527204361109989
0.63885,-0.6128507124304
0.59797,-0.695014815714926
0.55681,-0.772189181338694
0.51545,-0.843173867249138
0.47395,-0.907068470727099
0.4324,-0.963221995183628
0.39087,-1.0112236648633
0.34942,-1.05088229745331
0.30812,-1.0821893393354
0.26704,-1.1052916435836
0.22625,-1.12046521344971
0.1858,-1.12810504984662
0.14576,-1.12868375250821
0.10618,-1.12274508638375
0.067118,-1.11087553977702
0.028634,-1.0936839931205
-0.0092237,-1.07179412702836
-0.046407,-1.04582866747549
-0.082871,-1.01639820769407
-0.11857,-0.984088861084291
-0.15347,-0.949461538470182
-0.18753,-0.913037589716551
-0.22072,-0.875301026058813
-0.25301,-0.836692659110775
-0.28437,-0.797606075086619
-0.31478,-0.758392648088156
-0.34422,-0.719358980187779
-0.37266,-0.680758360227374
-0.40011,-0.642822054460832
-0.42655,-0.605733198919178
-0.45196,-0.569629105206207
-0.47636,-0.534633836583956
-0.49973,-0.500825638566438
-0.52207,-0.468256276043644
-0.5434,-0.436967352480343
-0.56371,-0.406966831609652
-0.58301,-0.378248058717724
-0.60133,-0.350805579028572
-0.61866,-0.32460360958656
-0.63502,-0.299603307613201
-0.65043,-0.275762766033623
-0.66491,-0.253037232499392
-0.67848,-0.231379495127744
-0.69115,-0.210732987500808
-0.70295,-0.19104878192961
-0.7139,-0.172277020541324
-0.72402,-0.15436754443225
-0.73334,-0.137277907576235
-0.74187,-0.120957544670067
-0.74964,-0.10536489066113
-0.75668,-0.090466235772989
-0.76301,-0.0762272837454503
-0.76864,-0.062606423554289
-0.77361,-0.0495791321410699
-0.77794,-0.0371202778337047
-0.78165,-0.0252047155513956
-0.78475,-0.0138004014086663
-0.78728,-0.00289263750184013
-0.78925,0.00754117638586726
-0.79067,0.0175294737409707
-0.79158,0.0270824978456591
-0.79197,0.0362325535722236
-0.79188,0.0449919010157388
-0.79132,0.0533784890415699
-0.79029,0.061421738020611
-0.78882,0.0691373160160904
-0.78691,0.0765515255346409
-0.78458,0.0836836877955454
-0.78183,0.0905617015645582
-0.77868,0.097204764458973
-0.77512,0.103646643096115
-0.77117,0.109909665348506
-0.76683,0.116021023364546
-0.7621,0.122010980833783
-0.75698,0.127911343525592
-0.75148,0.133746778621883
-0.74559,0.13955017667072
-0.73931,0.14535262315224
-0.73263,0.151190148817973
-0.72556,0.15708684103146
-0.71808,0.163078507431078
-0.71019,0.169194456049843
-0.70187,0.175472559019287
-0.69313,0.181934179723904
-0.68395,0.188608755112945
-0.67432,0.195523806850541
-0.66422,0.202711734755169
-0.65365,0.210192972510218
-0.64258,0.217999695124692
-0.63101,0.226150242719223
-0.61892,0.234665841851457
-0.60629,0.243569211644332
-0.5931,0.252883408722116
-0.57934,0.26262349258554
-0.56499,0.27280480433899
-0.55003,0.283442237225014
-0.53445,0.294542269740967
-0.51823,0.306111556938573
-0.50135,0.318156461490393
-0.48379,0.330682696871776
-0.46555,0.343680272533477
-0.44659,0.357156150649865
-0.42692,0.371093578635674
-0.40652,0.385479105955972
-0.38537,0.400302096573524
-0.36347,0.415539497224184
-0.34081,0.431166085977278
-0.31739,0.447148012014743
-0.29319,0.46346002626401
-0.26822,0.480062195252884
-0.24248,0.496911121502718
-0.21596,0.513969100195811
-0.18869,0.531174403117839
-0.16065,0.548484541239874
-0.13187,0.565836708442576
-0.10236,0.583168233007233
-0.072135,0.600414593882435
-0.041218,0.617505690516893
-0.0096356,0.634366269571012
0.022584,0.650917915506463
0.055408,0.667078555161485
0.088799,0.682762191472638
0.12271,0.697875129295998
0.15711,0.712332106020536
0.19193,0.726029177089927
0.22713,0.738871936679435
0.26264,0.750754416681044
0.2984,0.761572005318803
0.33435,0.771224466933978
0.3704,0.77959611666734
0.4065,0.786592050410731
0.44255,0.79210028333058
0.47847,0.796013483965661
0.51418,0.798231606527825
0.5496,0.798663866376805
0.58462,0.797207935501495
0.61918,0.79379266431485
0.65316,0.788330375457359
0.68648,0.780752817723429
0.71906,0.771010065281288
0.75079,0.759046983355217
0.78159,0.744828762865584
0.81136,0.728323981199617
0.84002,0.709520433551801
0.86748,0.688415184798688
0.89366,0.665021076935944
0.91847,0.639356733737178
0.94184,0.611460497132223
0.96368,0.581371512094958
0.98392,0.549143984526533
1,0.513001301856088
1,0.462811184387102
1,0.402673847532377
1,0.3361670002235
1,0.266367986494355
1,0.195879838556617
1,0.126860601910755
1,0.0610552593429136
1,-0.000170427519593931
1,-0.0557948274207006
1,-0.105104737630853
1,-0.147659665616923
1,-0.183256635102471
1,-0.211895996617028
1,-0.233748657439848
1,-0.249125078557035
1,-0.258446318861251
1,-0.262217341001648
0.99911,-0.261661160134415
0.97915,-0.271344265207884
0.95723,-0.290121132861043
0.93339,-0.3168380735803
0.90768,-0.350345423440691
0.88018,-0.38949426970507
0.85094,-0.433179850298498
0.82004,-0.480332592357295
0.78756,-0.529933630450724
0.75358,-0.581027334658118
0.71817,-0.632738387344777
0.68145,-0.684240183472051
0.64349,-0.734803017963356
0.6044,-0.783764691496716
0.56428,-0.830542780139919
0.52322,-0.87464306396634
0.48135,-0.915627559361262
0.43875,-0.95315425615797
0.39555,-0.986933003481075
0.35185,-1.01674799829788
0.30776,-1.04244453368085
0.2634,-1.06391680659077
0.21887,-1.08111901334831
0.17428,-1.09405050342381
0.12976,-1.10273515111847
0.0854,-1.10724832648723
0.041318,-1.10768684334251
-0.0023786,-1.10417254435992
-0.045582,-1.09684619085334
-0.088191,-1.08586700422227
-0.1301,-1.07140345432287
-0.17121,-1.05363349878454
-0.21142,-1.03273793707098
-0.25065,-1.00891176743584
-0.28879,-0.982335036113132
-0.32577,-0.953201289584592
-0.36149,-0.921688183889805
-0.39589,-0.887985797722078
-0.42888,-0.852267185615928
-0.46039,-0.81470190580394
-0.49037,-0.77546686557835
-0.51874,-0.734717767357565
-0.54544,-0.692603498931372
-0.57044,-0.649285194759942
-0.59367,-0.604899427106869
-0.6151,-0.559588259535931
-0.63469,-0.513486272160716
-0.6524,-0.466717637412967
-0.66821,-0.419408768942301
-0.68211,-0.37169102475177
-0.69406,-0.323673141858795
-0.70407,-0.275478736065231
-0.71212,-0.227216946833039
-0.71822,-0.179003513439174
-0.72237,-0.130947988284498
-0.72458,-0.0831583724999555
-0.72487,-0.0357448801163562
-0.72326,0.0111844865121781
-0.71978,0.0575200543538916
-0.71445,0.103162193352163
-0.70732,0.148000919398205
-0.69842,0.191936704341923
-0.6878,0.234867394411654
-0.6755,0.276699928454254
-0.66158,0.317337358554073
-0.6461,0.356683277369796
-0.62912,0.394645364179665
-0.61071,0.431130737538442
-0.59093,0.466057012968736
-0.56986,0.499338751601027
-0.54757,0.530898797873959
-0.52415,0.560655001978953
-0.49968,0.588531822212663
-0.47424,0.614462096505795
-0.44792,0.638380849468559
-0.42081,0.6602276249296
-0.39302,0.67993343317006
-0.36462,0.697454805951811
-0.33573,0.712734003619839
-0.30643,0.725733856978649
-0.27684,0.736406119313361
-0.24704,0.744725390907153
-0.21714,0.750664071425406
-0.18724,0.754201787142474
-0.15743,0.755332765826332
-0.12783,0.754041784932534
-0.098527,0.750331582765657
-0.069614,0.74421560287689
-0.041188,0.735713315529451
-0.013343,0.724851420463974
0.013835,0.711668276056648
0.040256,0.696208240900175
0.065837,0.678525038064869
0.090499,0.658681946290955
0.11417,0.636753866719197
0.13676,0.612810132030246
0.15822,0.586944361424505
0.17848,0.559251974905224
0.19747,0.529827487833379
0.21515,0.498784462620492
0.23146,0.46623404679153
0.24636,0.432297249941983
0.25981,0.397099714111631
0.27178,0.360774703613845
0.28223,0.323450449298005
0.29114,0.285262188459315
0.29851,0.246361617790995
0.30431,0.206887043388438
0.30856,0.166998766209227
0.31124,0.126840397857366
0.31236,0.0865598164458974
0.31195,0.0463184807528738
0.31002,0.00626895094239667
0.30659,-0.03344087274338
0.30171,-0.0726494828718762
0.29539,-0.111219216044628
0.2877,-0.148991911289076
0.27867,-0.185827707444905
0.26835,-0.221591502346493
0.2568,-0.256149357838387
0.24408,-0.289372994349618
0.23025,-0.321143290778981
0.21537,-0.351352892378703
0.19953,-0.379885833782331
0.18278,-0.406653114173173
0.16521,-0.431561508766265
0.14688,-0.454540315404623
0.12788,-0.475517940581617
0.10829,-0.494432618299195
0.088189,-0.511234109940738
0.067652,-0.525886971457739
0.046764,-0.538362419421193
0.025606,-0.548641916669727
0.0042596,-0.556716346748988
-0.017197,-0.562588013320999
-0.038684,-0.566268204044428
-0.060124,-0.567777894173238
-0.081441,-0.567147259682004
-0.10256,-0.564414684097276
-0.12342,-0.559635292452817
-0.14393,-0.552854780802595
-0.16404,-0.54414099901342
-0.18369,-0.533571038345296
-0.20281,-0.52122051480271
-0.22133,-0.507162275646836
-0.23922,-0.491494928143972
-0.25642,-0.474313325362599
-0.27287,-0.455706985747126
-0.28853,-0.435773657929638
-0.30337,-0.414622571540941
-0.31734,-0.392354505576491
-0.33042,-0.369082848924642
-0.34256,-0.344905797980944
-0.35374,-0.319928646994157
-0.36394,-0.294259316308093
-0.37314,-0.268004629209181
-0.38133,-0.241274681352486
-0.38848,-0.214164034395534
-0.39459,-0.186773885780986
-0.39966,-0.159207534507549
-0.40368,-0.1315592444286
-0.40666,-0.103927652456687
-0.40859,-0.076396843278039
-0.40949,-0.0490584236590208
-0.40936,-0.0219921150773217
-0.40822,0.00472001320412616
-0.40609,0.0309969405688377
-0.40297,0.0567762080418263
-0.3989,0.0819831903333795
-0.39389,0.10655841909494
-0.38797,0.130442229690082
-0.38117,0.153577184256446
-0.3735,0.175924752416795
-0.36501,0.197433885088608
-0.35572,0.218067765410921
-0.34566,0.237795398156165
-0.33487,0.256584667418801
-0.32338,0.274411537000319
-0.31122,0.291259837353398
-0.29844,0.307106073649003
-0.28505,0.321951718014887
-0.27111,0.335781999137974
-0.25664,0.34859964024463
-0.24168,0.360407185153192
-0.22626,0.371214918439373
-0.21043,0.381024819935669
-0.19421,0.389854787820623
-0.17765,0.397713336998782
-0.16076,0.404631189455048
-0.14359,0.410626957375054
-0.12617,0.415724135423512
-0.10854,0.419942433788592
-0.090715,0.423316743256701
-0.072736,0.425874277170685
-0.054635,0.42764219733188
-0.03644,0.428650022200749
-0.018183,0.428925558459582
0.00010597,0.428496050507817
0.018397,0.427387722775479
0.036663,0.425627407569172
0.054873,0.423238861710436
0.073001,0.420246400157157
0.091017,0.416671155259345
0.1089,0.412537742174396
0.12661,0.407858815374084
0.14413,0.402653978141477
0.16143,0.396938206830908
0.17849,0.390729647634676
0.19529,0.384048416821932
0.21179,0.376900784413827
0.22798,0.36930375427075
0.24383,0.361267614251098
0.25932,0.352804235730234
0.27442,0.343918924536788
0.28912,0.334626211601238
0.3034,0.324940158411827
0.31722,0.31485916070527
0.33058,0.304398475591484
0.34346,0.293571632426098
0.35584,0.28239029722904
0.36769,0.270856808297799
0.37901,0.25898798251226
0.38977,0.246789556818018
0.39997,0.234280256690566
0.40959,0.221473879360501
0.41862,0.208387171574388
0.42704,0.195031303839945
0.43485,0.181427328780319
0.44203,0.167588799420335
0.44857,0.153530138674397
0.45447,0.139273357233121
0.45972,0.124838482439087
0.46431,0.110243288132584
0.46825,0.0955179214811155
0.47152,0.0806793891016479
0.47412,0.0657483037740229
0.47606,0.0507548836141099
0.47734,0.0357287503624985
0.47795,0.0206907150723654
0.4779,0.00566855820356905
0.4772,-0.00930523009344151
0.47585,-0.0242027905235851
0.47386,-0.038993521375737
0.47124,-0.0536456128199509
0.468,-0.0681273212063823
0.46415,-0.0824080036800056
0.4597,-0.0964589340245899
0.45466,-0.110253920942154
0.44906,-0.123754953796651
0.4429,-0.136937921454873
0.43621,-0.149768612624262
0.42899,-0.162228020944359
0.42127,-0.174287976151283
0.41306,-0.185928725814753
0.40438,-0.197130699179878
0.39526,-0.207867865232245
0.3857,-0.218132127363561
0.37574,-0.227900750079591
0.3654,-0.237154854645001
0.35468,-0.245894219618263
0.34363,-0.254096958503744
0.33225,-0.261761531188374
0.32057,-0.268880899834921
0.30861,-0.27545142351901
0.2964,-0.281465130674704
0.28395,-0.286925780596242
0.27129,-0.291831912776472
0.25844,-0.296185497459325
0.24542,-0.299991407606688
0.23226,-0.303249510023234
0.21898,-0.305963196327237
0.20559,-0.308146156546288
0.19212,-0.309805377350861
0.17859,-0.310949784524059
0.16502,-0.311589743277342
0.15143,-0.311736605947779
0.13785,-0.311394910433826
0.12429,-0.310578441196612
0.11077,-0.309300737784992
0.09731,-0.307574839698064
0.083928,-0.305414558157403
0.070641,-0.302834728882889
0.057464,-0.299852118028799
0.044411,-0.296485352587306
0.031496,-0.292754066012008
0.018731,-0.288679651161295
0.0061267,-0.284285292038659
-0.0063096,-0.27959748485113
-0.018568,-0.274642728640896
-0.030645,-0.269451501067881
-0.042536,-0.264055799281355
-0.054237,-0.258488361905155
-0.065747,-0.252783781368861
-0.077066,-0.246977857176871
-0.088196,-0.241107767252404
-0.099138,-0.235209934912103
-0.1099,-0.229324229581198
-0.12048,-0.223484673416133
-0.13088,-0.217722437648995
-0.14112,-0.212078670129088
-0.15119,-0.206579065609999
-0.16111,-0.201258132340996
-0.17089,-0.196148927467571
-0.18052,-0.191267418873692
-0.19003,-0.186644685755838
-0.19941,-0.182293309204631
-0.20868,-0.178232534656459
-0.21783,-0.174463997687182
-0.22689,-0.171004393105087
-0.23586,-0.167859654063277
-0.24473,-0.165019220443093
-0.25352,-0.162481428882502
-0.26224,-0.160244181519547
-0.27087,-0.158282665175732
-0.27943,-0.156583761888636
-0.28791,-0.155121728400274
-0.29631,-0.153868532693678
-0.30463,-0.152794869400554
-0.31286,-0.151863644224725
-0.321,-0.151039743986016
-0.32904,-0.150283097992827
-0.33697,-0.149550641314755
-0.34477,-0.14879060527217
-0.35243,-0.147952961434774
-0.35995,-0.146997831131461
-0.3673,-0.145872456742325
-0.37446,-0.144522584547127
-0.38143,-0.142909099927474
-0.38817,-0.140976703088252
-0.39467,-0.138680878213318
-0.40091,-0.13597978946947
-0.40686,-0.13282770880588
-0.4125,-0.129184628158895
-0.41781,-0.125016481045667
-0.42276,-0.120287790116485
-0.42734,-0.114977978877857
-0.43151,-0.109057162461407
-0.43526,-0.102511256371019
-0.43857,-0.0953322227389343
-0.4414,-0.0875026572566453
-0.44374,-0.0790205745515266
-0.44557,-0.0698893939733891
-0.44687,-0.060117120201464
-0.44761,-0.0497081484441627
-0.4478,-0.0386937142217824
-0.4474,-0.0270891604454124
-0.4464,-0.0149190469328133
-0.4448,-0.00222232370957042
-0.44258,0.0109660794143235
-0.43974,0.0246004349266204
-0.43626,0.0386421766672564
-0.43215,0.0530372447430679
-0.4274,0.067735242080944
-0.422,0.082690024169594
-0.41597,0.0978379180693054
-0.4093,0.113125028037357
-0.40199,0.12849944391496
-0.39406,0.143897555983485
-0.38552,0.159255541973637
-0.37637,0.174518662025779
-0.36663,0.189626367224441
-0.35631,0.204522667882977
-0.34544,0.219142207898297
-0.33402,0.233436289960106
-0.32209,0.247341674546752
-0.30966,0.260807603986723
-0.29676,0.273780297703227
-0.28342,0.286205347016394
-0.26966,0.298037070241826
-0.25551,0.30923105241512
-0.241,0.319745509049054
-0.22616,0.329542323246676
-0.21102,0.338587792108603
-0.19562,0.346845719521269
-0.17999,0.354286702678181
-0.16416,0.360888043662624
-0.14817,0.366626107676681
-0.13205,0.371484971829337
-0.11583,0.375455791515644
-0.099556,0.378524262086655
-0.083252,0.380688740923055
-0.066954,0.381949363242707
-0.050696,0.382309562632854
-0.034511,0.381776447494401
-0.018429,0.380362465510758
-0.0024826,0.378082441344032
0.0133,0.374956278789678
0.028891,0.371008021540459
0.044264,0.366265700988764
0.059392,0.360759600785454
0.074252,0.354524170013756
0.088824,0.347598686096656
0.10309,0.340026893716213
0.11702,0.331846208619249
0.13061,0.323107247519705
0.14385,0.313865530161005
0.15671,0.304164278925837
0.16919,0.294057810742649
0.18128,0.283600484751922
0.19298,0.272852559626569
0.20428,0.261869936934072
0.21517,0.250703366986732
0.22565,0.239405300661636
0.23573,0.228035342065391
0.2454,0.21664224881867
0.25467,0.205279262523914
0.26354,0.193994135152238
0.27202,0.182836006626396
0.2801,0.171838702538437
0.28781,0.161052028878503
0.29514,0.150507404865126
0.3021,0.140235006816863
0.30871,0.130270210805459
0.31496,0.120629068919468
0.32087,0.111333416163318
0.32644,0.102393977290492
0.33169,0.0938266354005316
0.33662,0.085635837387129
0.34123,0.0778163178452368
0.34555,0.0703769405968394
0.34957,0.0633078023044087
0.35331,0.0566059974987433
0.35676,0.0502518421171099
0.35995,0.0442419420993592
0.36287,0.0385562830178959
0.36552,0.0331691392806421
0.36793,0.0280728270437407
0.37008,0.0232372488233718
0.37199,0.0186444563805774
0.37365,0.0142644408006819
0.37508,0.0100803391538476
0.37626,0.00605666168848363
0.37721,0.00217335778117154
0.37792,-0.00159887652265264
0.37838,-0.00529604828254999
0.3786,-0.00894383162245822
0.37857,-0.0125736616049965
0.37829,-0.0162133438686199
0.37775,-0.0198943551641153
0.37694,-0.0236502192989525
0.37586,-0.0275077332189382
0.3745,-0.0314948408385577
0.37285,-0.0356395364499387
0.3709,-0.0399689687363604
0.36865,-0.0445013306669108
0.36608,-0.0492617296187097
0.36318,-0.0542726059576011
0.35995,-0.0595460749626741
0.35637,-0.0651001996040215
0.35245,-0.0709349670066825
0.34817,-0.0770577676410567
0.34352,-0.0834741594062847
0.3385,-0.0901804833158378
0.33311,-0.0971655475584181
0.32733,-0.104426979515636
0.32115,-0.111962010386963
0.31459,-0.119745281324629
0.30762,-0.127770713971104
0.30025,-0.136018213326365
0.29247,-0.144471593738646
0.28429,-0.153103352699143
0.27568,-0.161907090578379
0.26666,-0.170856554377047
0.25723,-0.179924928914782
0.24737,-0.189100410160694
0.23708,-0.198368815261782
0.22638,-0.207699643986352
0.21525,-0.217079646005904
0.20369,-0.22649507136884
0.19171,-0.235924793478501
0.1793,-0.245357149597704
0.16647,-0.254773694149947
0.15321,-0.264165874434712
0.13953,-0.27351863722591
0.12542,-0.282826975752279
0.1109,-0.29207202706064
0.095969,-0.301239883684393
0.080637,-0.310312957631125
0.064913,-0.319271995957253
0.048811,-0.328093311867041
0.032347,-0.336748889129701
0.015536,-0.345208801399531
-0.0015967,-0.35343486128132
-0.01903,-0.361386447909806
-0.036735,-0.369016402746042
-0.054686,-0.376276042813863
-0.072847,-0.383109274244754
-0.091185,-0.389457896868875
-0.10966,-0.395258560221116
-0.12823,-0.400444166844646
-0.14686,-0.40495178484416
-0.16549,-0.408705280191541
-0.18409,-0.411642367292044
-0.2026,-0.413691708347723
-0.22096,-0.414776907504302
-0.23914,-0.414842073286566
-0.25707,-0.413820154499076
-0.2747,-0.411652110238042
-0.29198,-0.40828737807269
-0.30885,-0.403676659798847
-0.32526,-0.3977808802175
-0.34114,-0.390555961763296
-0.35646,-0.381985064564965
-0.37116,-0.37205210178286
-0.38518,-0.360742559636488
-0.39848,-0.34805888885225
-0.411,-0.334002870809705
-0.42271,-0.318598383330839
-0.43355,-0.301864774849181
-0.44349,-0.283839865907598
-0.45248,-0.264560988898165
-0.46049,-0.244079263155125
-0.46749,-0.222455905759064
-0.47344,-0.19975155428748
-0.47831,-0.176032409342293
-0.48209,-0.151382381029829
-0.48474,-0.125875388155911
-0.48626,-0.0996050026658139
-0.48662,-0.0726559995527504
-0.48582,-0.0451259719890102
-0.48384,-0.0171053762637767
-0.48068,0.0113088422158376
-0.47635,0.0400098882147051
-0.47084,0.068900901555506
-0.46417,0.0978737235564812
-0.45633,0.126836509387057
-0.44734,0.155691238749231
-0.43723,0.184330588501737
-0.426,0.212665271747477
-0.41369,0.240593878139893
-0.40031,0.268030692139514
-0.38589,0.294890761001255
-0.37047,0.321085268283896
-0.35407,0.346540111938484
-0.33674,0.371173538086066
-0.31852,0.394907910405739
-0.29944,0.417679098862166
-0.27955,0.439421525922107
-0.2589,0.46007094836135
-0.23753,0.47957405787477
-0.21551,0.497866349802387
-0.19287,0.514906341922329
-0.16968,0.53064338559524
-0.14599,0.545036328715889
-0.12187,0.558038707929746
-0.097368,0.569618001317375
-0.072553,0.579738967701615
-0.047486,0.58837172194076
-0.022234,0.595487727620655
0.0031371,0.601061763215732
0.028562,0.605073029280095
0.05397,0.607501467068527
0.079295,0.608332144629591
0.10447,0.607554568076322
0.12942,0.60515673636646
0.15408,0.601133673864087
0.17839,0.595490403908538
0.20227,0.588225573439206
0.22567,0.579355370104999
0.24851,0.568887939026802
0.27073,0.55683991996415
0.29227,0.543234728474559
0.31307,0.528100968082874
0.33307,0.511470982833152
0.35221,0.493379556124433
0.37046,0.473884952795818
0.38774,0.453026068168078
0.40402,0.430862305945052
0.41925,0.407453369185178
0.43339,0.382865116632938
0.44639,0.35715928109309
0.45823,0.330414826904624
0.46888,0.302715093628214
0.47829,0.274129879756669
0.48645,0.244745670859293
0.49333,0.214645148158071
0.49892,0.183920316354013
0.5032,0.152660608597871
0.50615,0.120950715106201
0.50778,0.0888910968576793
0.50808,0.0565770953344135
0.50704,0.0240969791337502
0.50468,-0.00844730622262862
0.501,-0.0409607816719836
0.49601,-0.0733497388141244
0.48973,-0.105517155719166
0.48218,-0.137366512964722
0.47338,-0.168804885004734
0.46336,-0.199737972604719
0.45215,-0.230073556202958
0.43978,-0.259724248720868
0.42629,-0.288602216165665
0.41173,-0.316614949634603
0.39613,-0.343684179761747
0.37955,-0.36972378976338
0.36203,-0.394659210137133
0.34362,-0.418420572353309
0.32439,-0.440929681091799
0.30438,-0.462126707334458
0.28366,-0.48194685322246
0.26228,-0.500338654826951
0.24031,-0.5172487965658
0.21781,-0.532632099355502
0.19485,-0.546444552599125
0.17148,-0.558659844001493
0.14778,-0.569245228928585
0.12381,-0.57817920495397
0.099632,-0.585449167515459
0.075317,-0.591044090108336
0.050928,-0.594961124318163
0.026531,-0.597202537077091
0.0021895,-0.597777142836334
-0.022034,-0.59670014081611
-0.046075,-0.593990559492769
-0.069876,-0.589675711330582
-0.093374,-0.583785279646871
-0.11651,-0.576353470989689
-0.13924,-0.567428722217987
-0.16148,-0.557040429416329
-0.18321,-0.545249490347933
-0.20436,-0.532103865104131
-0.22489,-0.517662218387252
-0.24474,-0.501975658154692
-0.26388,-0.485110145264876
-0.28226,-0.467127144410245
-0.29984,-0.448090288568688
-0.31657,-0.428055848762304
-0.33243,-0.407094782520436
-0.34738,-0.385273107628583
-0.36138,-0.362650965090762
-0.37441,-0.339296762873491
-0.38643,-0.315268742539194
-0.39742,-0.290629936147806
-0.40734,-0.265430478330758
-0.41619,-0.239738035061936
-0.42394,-0.213610084638054
-0.43057,-0.187101405649333
-0.43608,-0.160277553160813
-0.44043,-0.133181049098764
-0.44364,-0.105878670306836
-0.44569,-0.0784249635103314
-0.44657,-0.0508701282419359
-0.4463,-0.0232812570247515
-0.44486,0.00429275863861119
-0.44227,0.0317898846039282
-0.43853,0.0591544104299504
-0.43366,0.0863228937172487
-0.42767,0.113235228667045
-0.42057,0.139836094053387
-0.41239,0.16606121680559
-0.40315,0.191848724602792
-0.39288,0.217133445915984
-0.3816,0.241857204705126
-0.36934,0.265962157001347
-0.35615,0.289378022915156
-0.34206,0.312041700640949
-0.3271,0.333898106703979
-0.31134,0.354871073807311
-0.29479,0.37491440399889
-0.27753,0.393956101402267
-0.2596,0.411935454682186
-0.24106,0.428788252359225
-0.22195,0.444464556491086
-0.20235,0.458898288341862
-0.1823,0.472042302422801
-0.16187,0.483844395198166
-0.14113,0.494250291039144
-0.12013,0.503220887809669
-0.098949,0.510709524875872
-0.077642,0.516683052882355
-0.056278,0.521110353588853
-0.034922,0.523966342101692
-0.01364,0.525231324198774
0.0075042,0.524892691008431
0.028445,0.522943125173478
0.049119,0.519381954950589
0.069465,0.51421604880824
0.089421,0.507458095337888
0.10893,0.499129325205378
0.12792,0.489246655151122
0.14635,0.477846420246424
0.16416,0.464965983432458
0.1813,0.450650297959329
0.1977,0.434934760097888
0.21333,0.41787596223596
0.22813,0.399524115252468
0.24207,0.379945322180909
0.25509,0.359194692121186
0.26717,0.337346679386967
0.27826,0.314467214606244
0.28833,0.290628396766664
0.29737,0.265920126332956
0.30533,0.240414603677639
0.31221,0.214204685799787
0.31799,0.187382446124743
0.32266,0.160044062960468
0.32621,0.132286204667412
0.32864,0.104210450800332
0.32996,0.0759266831935626
0.33016,0.0475333705717349
0.32927,0.0191463004133819
0.3273,-0.00912313107644324
0.32426,-0.0371705536144985
0.32019,-0.0648784267400192
0.31511,-0.0921371205886226
0.30904,-0.118846950603048
0.30204,-0.144890018793416
0.29412,-0.170174583447668
0.28534,-0.194596215782614
0.27573,-0.218066022166727
0.26533,-0.24050342602646
0.2542,-0.261822762578316
0.24238,-0.281952196769918
0.22991,-0.300833830427301
0.21684,-0.318416043762891
0.20324,-0.334639755825376
0.18913,-0.349479299955777
0.17458,-0.362900534892567
0.15963,-0.374886453580607
0.14433,-0.385427763076342
0.12874,-0.394515062593739
0.1129,-0.402154687893133
0.096862,-0.40835736729329
0.080677,-0.413138537365938
0.064392,-0.4165206425452
0.048057,-0.41852957876459
0.031715,-0.419199081783022
0.015411,-0.418567352295543
-0.00080634,-0.416672938218312
-0.016898,-0.413561186170692
-0.032819,-0.409277672313616
-0.048533,-0.403873646593341
-0.063998,-0.397399643580131
-0.079179,-0.389909662343134
-0.094039,-0.381457737179573
-0.10854,-0.37209586232077
-0.12266,-0.361884897794715
-0.13636,-0.350878680675001
-0.14962,-0.339137984164229
-0.1624,-0.32671270023204
-0.17467,-0.313649906298681
-0.18642,-0.300007798312281
-0.19763,-0.285844424147704
-0.20826,-0.271201183537915
-0.21831,-0.256134300842847
-0.22774,-0.240680614649289
-0.23656,-0.224897053904114
-0.24473,-0.20881795628546
-0.25224,-0.192480403465396
-0.25909,-0.175929759819536
-0.26527,-0.159209133223436
-0.27076,-0.142350931557055
-0.27556,-0.125392507737447
-0.27966,-0.108366447396083
-0.28306,-0.0913076567198985
-0.28576,-0.0742516184932181
-0.28777,-0.0572403719643256
-0.28907,-0.0402975772940923
-0.28968,-0.0234606589032548
-0.2896,-0.00676198038524064
-0.28884,0.00976400119300356
-0.2874,0.0260898184176885
-0.2853,0.0421799448795836
-0.28255,0.0580010587491758
-0.27916,0.0735228578565826
-0.27515,0.0887112442567699
-0.27053,0.103537720021157
-0.26532,0.117972022390131
-0.25955,0.131976230515194
-0.25322,0.145529793806489
-0.24636,0.158604883503975
-0.239,0.171168901393749
-0.23115,0.183201406741475
-0.22285,0.194670463724925
-0.21411,0.205558249203997
-0.20497,0.215836945568585
-0.19544,0.225493944558865
-0.18555,0.234514783485197
-0.17532,0.242891626500233
-0.16479,0.250607726590682
-0.15398,0.257654701599073
-0.1429,0.264038837210783
-0.13158,0.269763598141094
-0.12005,0.274830380076851
-0.10833,0.279246539061081
-0.096445,0.283020596016192
-0.084408,0.286170899139654
-0.072242,0.288716062812526
-0.059969,0.290675368384092
-0.047607,0.29207126095332
-0.035172,0.292929776242396
-0.022684,0.293276330138426
-0.010154,0.293141930562832
0.0023997,0.292555958733235
0.014964,0.291549612423204
0.027529,0.290157128565142
0.04008,0.288410749498591
0.052607,0.28634371828532
0.065101,0.283989905800666
0.077553,0.281382732721167
0.089954,0.278554290596548
0.1023,0.275538345495766
0.11458,0.272363821678871
0.1268,0.269067409027819
0.13894,0.265671704901268
0.151,0.26220196545521
0.16298,0.258684731395952
0.17487,0.255139286574627
0.18667,0.251585744563201
0.19837,0.248036745240297
0.20997,0.24450574469492
0.22146,0.240998882053373
0.23284,0.237523408434255
0.24409,0.234072265702141
0.25522,0.230649013969156
0.2662,0.227235885343209
0.27704,0.223827768823067
0.28771,0.220400118067726
0.29821,0.216935380077818
0.30852,0.213407151948335
0.31862,0.2097824567432
0.32851,0.206038561950573
0.33814,0.202124524132686
0.34752,0.198012303916456
0.35661,0.193656043830484
0.36539,0.189011514633634
0.37384,0.184036977234869
0.38193,0.178686451976244
0.38963,0.172911827512888
0.39691,0.166664640969069
0.40375,0.159904948291976
0.41012,0.152593494041557
0.41598,0.14468540757755
0.42132,0.136154870882314
0.42609,0.126962757175114
0.43027,0.117082679682508
0.43383,0.106492081911615
0.43675,0.0951797670930078
0.43899,0.0831294900237342
0.44055,0.0703512406715772
0.44138,0.0568392126331529
0.44147,0.0426048879901621
0.4408,0.0276662575859558
0.43935,0.0120463514870457
0.4371,-0.00422809981013395
0.43403,-0.0211278688470472
0.43014,-0.038607501326411
0.42542,-0.0566168820626085
0.41984,-0.0751181084899514
0.41342,-0.0940470472215229
0.40614,-0.11334962679745
0.398,-0.132966489121646
0.389,-0.152835596601289
0.37915,-0.17288704329238
0.36844,-0.193061304852107
0.3569,-0.213279344338509
0.34452,-0.233478229688925
0.33131,-0.253595089617499
0.31729,-0.273561622348739
0.30248,-0.293307232427711
0.28688,-0.312776440881311
0.27052,-0.331905582524264
0.25341,-0.350641244562976
0.23557,-0.368932695588018
0.21703,-0.38672573521814
0.19781,-0.403972629003134
0.17792,-0.420639963274215
0.15741,-0.436677638182834
0.13629,-0.452053475636948
0.11459,-0.466736273784136
0.092337,-0.480699142216136
0.06957,-0.493910975514891
0.046317,-0.506346690054389
0.022613,-0.517981996334679
-0.0015081,-0.528795148252561
-0.02601,-0.538765687070435
-0.050856,-0.547874863161373
-0.076006,-0.556103699526804
-0.10142,-0.563434011282224
-0.12706,-0.569850598608756
-0.15287,-0.575328130270767
-0.17883,-0.579860759298442
-0.20488,-0.583429271026744
-0.23097,-0.586011917814734
-0.25706,-0.587593196170029
-0.2831,-0.588155962023501
-0.30903,-0.587675109533133
-0.33482,-0.586142256198019
-0.36041,-0.58354082840789
-0.38574,-0.579848373722574
-0.41076,-0.575045955223285
-0.43543,-0.569125630241056
-0.45968,-0.562066610494095
-0.48347,-0.553860748076615
-0.50674,-0.544495761834161
-0.52944,-0.533964010564909
-0.55152,-0.522262039398522
-0.57293,-0.509390101293094
-0.59362,-0.495351667000614
-0.61354,-0.480152935201128
-0.63264,-0.463802352856442
-0.65088,-0.446317552303964
-0.66822,-0.427723296740105
-0.68461,-0.408042227427296
-0.70002,-0.387309625229577
-0.71442,-0.365570168202352
-0.72775,-0.342852861318748
-0.74001,-0.319217764546004
-0.75115,-0.294711467475511
-0.76115,-0.269390690078282
-0.76998,-0.243311414152229
-0.77763,-0.216542299354122
-0.78407,-0.189145548709518
-0.78929,-0.161191199211189
-0.79327,-0.132746207200063
-0.796,-0.103880485777398
-0.79748,-0.0746716575938469
-0.79769,-0.0451864641985115
-0.79664,-0.0155030061365385
-0.79432,0.0143086409388719
-0.79073,0.0441796852932986
-0.78587,0.0740445850326155
-0.77976,0.103827780629491
-0.77241,0.133455466043788
-0.76381,0.162872450744823
-0.75399,0.192010924258632
-0.74296,0.220810000257905
-0.73074,0.249209109599475
-0.71735,0.277150078538683
-0.70281,0.30457875181482
-0.68714,0.33144620728503
-0.67038,0.3576948120556
-0.65255,0.383276791779648
-0.63368,0.4081467560256
-0.6138,0.432263014134022
-0.59294,0.455588538209588
-0.57114,0.478084217701338
-0.54844,0.499710861851533
-0.52487,0.52043820128629
-0.50047,0.540237115304687
-0.47527,0.559088123402044
-0.44933,0.576958380870837
-0.42267,0.593835237585859
-0.39534,0.609700977478119
-0.36739,0.624534764170955
-0.33885,0.638329057040254
-0.30977,0.651072899967545
-0.28019,0.662760711947687
-0.25014,0.67339921278443
-0.21968,0.682983084233109
-0.18885,0.691512614851536
-0.15768,0.699000353205488
-0.12622,0.705453949400598
-0.094516,0.710880175603488
-0.0626,0.715295554457076
-0.030515,0.718716161864955
0.0016975,0.72115864088442
0.033997,0.722640604544429
0.066346,0.723182388041567
0.098705,0.72280466778856
0.13103,0.721524658522255
0.1633,0.719373453074994
0.19545,0.716360062779413
0.22746,0.712508803227291
0.25929,0.707840934112429
0.29089,0.702367322952622
0.32224,0.696112361936375
0.35328,0.689081107383427
0.38399,0.681292449497111
0.41432,0.672753702963797
0.44423,0.663470003961635
0.47368,0.653444530726053
0.50263,0.64267872940275
0.53105,0.631179938561791
0.55889,0.618945196822669
0.5861,0.605963246492671
0.61266,0.592238549625124
0.63852,0.577765875206361
0.66363,0.5625322623124
0.68797,0.546540990359518
0.71148,0.52977871864785
0.73412,0.51223381288366
0.75587,0.493911076543538
0.77667,0.474798840514757
0.79648,0.454887242593519
0.81527,0.434175517292228
0.83301,0.412670257457949
0.84964,0.390361642253653
0.86514,0.367256469434784
0.87946,0.3433525767244
0.89258,0.318662841040343
0.90445,0.293189754652715
0.91505,0.26694957816279
0.92433,0.239947067594442
0.93228,0.212207171934827
0.93886,0.183748281727399
0.94405,0.154597813642939
0.94781,0.124774936311511
0.95014,0.0943212258664113
0.951,0.0632656147782965
0.95038,0.0316482252372754
0.94826,-0.000490318685009332
0.94463,-0.0331027409165599
0.93949,-0.066130347040103
0.93282,-0.0995216859012664
0.92463,-0.133210450850544
0.91492,-0.167127663827689
0.90369,-0.201204194157995
0.89095,-0.235365432841802
0.87671,-0.269534571686783
0.86099,-0.303627938859235
0.84382,-0.337551447405064
0.82521,-0.371220223561224
0.80519,-0.404544647761591
0.7838,-0.437426663434909
0.76108,-0.46976444505636
0.73706,-0.50146369019592
0.7118,-0.53241698318798
0.68533,-0.562531915992723
0.65771,-0.591709026552615
0.62899,-0.619853822054711
0.59924,-0.646864178073292
0.56851,-0.672649992093285
0.53686,-0.69712655543742
0.50437,-0.720201703790912
0.4711,-0.741795251967131
0.43712,-0.761832177279829
0.40251,-0.780237009490905
0.36733,-0.796951516881413
0.33166,-0.811918939413339
0.29559,-0.825078637655522
0.25917,-0.836398850624701
0.22251,-0.845828385196249
0.18566,-0.853346920029695
0.14871,-0.858930771220009
0.11174,-0.862562350543154
0.074832,-0.864228718577968
0.038053,-0.863932842608842
0.0014818,-0.861682408856443
-0.034804,-0.857490262171092
-0.070733,-0.851378279570895
-0.10623,-0.843372817577165
-0.14123,-0.83351123495291
-0.17566,-0.821833355223057
-0.20945,-0.808382603963307
-0.24254,-0.793211952820502
-0.27487,-0.776381015394023
-0.30637,-0.757946083542588
-0.337,-0.737981708223748
-0.36669,-0.716553189043616
-0.3954,-0.693738959609728
-0.42308,-0.669618646001814
-0.44969,-0.644278151090249
-0.47518,-0.617798738166354
-0.49952,-0.59027048206647
-0.52268,-0.561788037027731
-0.54462,-0.532439660522757
-0.56533,-0.50232806157557
-0.58477,-0.471542403157417
-0.60295,-0.440195208686144
-0.61983,-0.408377495510595
-0.63541,-0.376189685527592
-0.6497,-0.343744039409221
-0.66267,-0.311129298279488
-0.67435,-0.27845670820087
-0.68473,-0.24582253418548
-0.69382,-0.213322579399898
-0.70164,-0.181056463472063
-0.7082,-0.149116155085073
-0.71352,-0.117591692086924
-0.71763,-0.0865758172720444
-0.72054,-0.0561454379257966
-0.72228,-0.0263766544358416
-0.72288,0.00265791371987477
-0.72238,0.030883798050743
-0.7208,0.0582426234856092
-0.71817,0.0846839721940665
-0.71455,0.110143826275591
-0.70996,0.134579299371641
-0.70443,0.157959096073989
-0.69802,0.180240725080659
-0.69076,0.201396771065715
-0.68269,0.221406071018597
-0.67386,0.240246421677002
-0.66429,0.257918284988627
-0.65404,0.274411508611748
-0.64315,0.289723116962657
-0.63166,0.303856628329513
-0.61961,0.316821304153442
-0.60704,0.328631358921799
-0.594,0.339297757358037
-0.58052,0.348843831493541
-0.56663,0.357302718882542
-0.55239,0.36469281702211
-0.53783,0.371042704239224
-0.52298,0.376388728888882
-0.50788,0.380765436533537
-0.49257,0.384205252888135
-0.47707,0.386753031314505
-0.46141,0.388455234250666
-0.44563,0.389351134339354
-0.42976,0.389480652445488
-0.41381,0.388898015942097
-0.39781,0.387652785984575
-0.38178,0.385796841101564
-0.36575,0.383375111615167
-0.34973,0.380440443460963
-0.33373,0.377050553072274
-0.31778,0.373250628603454
-0.30187,0.369103974749936
-0.28603,0.364657047841383
-0.27027,0.359956058072253
-0.25458,0.355060327089503
-0.23897,0.350023119633078
-0.22345,0.344891122564244
-0.20802,0.339711562430084
-0.19267,0.334537911986701
-0.17742,0.329404730783832
-0.16225,0.324359631005223
-0.14716,0.319444317727999
-0.13216,0.3146868514706
-0.11723,0.310125335057794
-0.10238,0.30578236658059
-0.087594,0.30168626936952
-0.072878,0.297852552853021
-0.058226,0.294294453380561
-0.043636,0.291019659294858
-0.029105,0.288031526212851
-0.014633,0.285327224359483
-0.00021764,0.282900387015186
0.014137,0.280736847956704
0.028431,0.27881926989039
0.042659,0.277123881888283
0.056816,0.275622334489871
0.070896,0.274282337562107
0.084891,0.273067570284521
0.09879,0.271937007865958
0.11258,0.27084527516502
0.12625,0.269746039464041
0.13979,0.2685940705967
0.15318,0.267338777766221
0.16639,0.26591917242347
0.17942,0.264289695646495
0.19225,0.262403700964282
0.20484,0.260200208973194
0.21719,0.257638003640651
0.22926,0.254663467447013
0.24104,0.251236783653412
0.2525,0.247315741528781
0.26363,0.242872358573553
0.27439,0.237868947046459
0.28477,0.232283463777513
0.29474,0.226092565334471
0.30429,0.219287580402773
0.31338,0.211850023242739
0.32201,0.203783880768199
0.33014,0.195081878491937
0.33776,0.185750345627254
0.34485,0.175799302635549
0.35139,0.165241761043913
0.35736,0.154093059024239
0.36274,0.142370241066617
0.36753,0.130106284244432
0.37169,0.117316752733911
0.37523,0.104039906737606
0.37813,0.0903092469463866
0.38037,0.0761536723901623
0.38196,0.0616198785115735
0.38288,0.0467455484822307
0.38313,0.0315749303817672
0.38271,0.0161563959592766
0.38161,0.000532942586258579
0.37984,-0.015243167333349
0.3774,-0.0311210636062893
0.37429,-0.0470524535372979
0.37052,-0.0629851471878762
0.36611,-0.0788579637872146
0.36105,-0.0946264673347045
0.35537,-0.110231534834262
0.34907,-0.125626202137649
0.34218,-0.140752629331617
0.33471,-0.155560819593115
0.32669,-0.169993935948218
0.31813,-0.184006249809713
0.30907,-0.197540356705587
0.29953,-0.210546109355179
0.28954,-0.22297351371898
0.27914,-0.23476701541455
0.26836,-0.245875838863162
0.25723,-0.256254814162734
0.2458,-0.265850120345967
0.2341,-0.274617608698497
0.22218,-0.282507743266965
0.21007,-0.289483197029785
0.19781,-0.295510538848924
0.18544,-0.300560837270527
0.17301,-0.304602630920315
0.16056,-0.307611112182853
0.14813,-0.309567954579122
0.13576,-0.310461002394898
0.12348,-0.310291249966703
0.11134,-0.309055926108055
0.099378,-0.306758602180133
0.087624,-0.30341419084899
0.076113,-0.299043047677462
0.064879,-0.293670487862158
0.053954,-0.287326974171324
0.043368,-0.280048099529567
0.033148,-0.271875142884184
0.023321,-0.26285311262854
0.013914,-0.253029031573769
0.004946,-0.242456376391379
-0.0035619,-0.231190977188949
-0.011589,-0.219289458041853
-0.019124,-0.206814571544166
-0.026149,-0.193827463862773
-0.032656,-0.180393643194088
-0.038634,-0.166578093954702
-0.044075,-0.152445749581186
-0.048979,-0.138065533015602
-0.053341,-0.123503859139809
-0.057164,-0.108829041916494
-0.060448,-0.0941066262973982
-0.063202,-0.0794045409091303
-0.065433,-0.0647890242806735
-0.06715,-0.0503243163941932
-0.068369,-0.0360761332517546
-0.0691,-0.0221047910910431
-0.069364,-0.00847235594841955
-0.069178,0.00476275225666626
-0.068562,0.0175448529024735
-0.06754,0.0298194786228493
-0.066133,0.0415373025969247
-0.064367,0.0526512637770192
-0.062266,0.0631193758407404
-0.059855,0.0729046451485623
-0.057162,0.0819733978233347
-0.054212,0.0902982803672324
-0.05103,0.0978582907930864
-0.047645,0.104635672964206
-0.044082,0.110619232943285
-0.040365,0.11580460756857
-0.036521,0.120191328040456
-0.032574,0.123784767206871
-0.028548,0.126595313082458
-0.024468,0.128636805280804
-0.020355,0.129928852469402
-0.016233,0.130493341136623
-0.012123,0.130355965958524
-0.008047,0.129544369883514
-0.0040251,0.128088703075455
-7.7406e-05,0.126020561926227
0.0037774,0.123373117775354
0.0075202,0.120179768156707
0.011135,0.116475641892509
0.014603,0.112294347726408
0.017911,0.107671577914842
0.021044,0.102642455501209
0.023988,0.0972414537721578
0.026732,0.0915037998286106
0.029265,0.0854643429475064
0.031579,0.0791588486113418
0.033665,0.0726220380470888
0.035518,0.0658897132535979
0.037132,0.0589967251088375
0.038503,0.0519775617867051
0.039629,0.0448668158196032
0.040509,0.0376988038332108
0.041141,0.0305057742392096
0.041528,0.0233209407692785
0.041669,0.0161742346518526
0.041567,0.00909487225232306
0.041225,0.00211047517826979
0.040647,-0.00475286449480654
0.039838,-0.0114704974678953
0.038803,-0.0180198533960079
0.037546,-0.0243816424492641
0.036077,-0.0305355627824493
0.034401,-0.0364650009355187
0.032526,-0.0421548056190006
0.030463,-0.0475894526385375
0.028217,-0.0527582264929961
0.025801,-0.0576489126695928
0.023225,-0.0622508812354455
0.020499,-0.0665553035416714
0.017632,-0.070556013440764
0.014638,-0.0742456870901698
0.011528,-0.0776187006760508
0.0083119,-0.0806719746652194
0.0050039,-0.0834015861087759
0.0016135,-0.0858067064528596
-0.0018455,-0.0878860285920733
-0.0053623,-0.0896402886493115
-0.0089256,-0.0910716463476963
-0.012524,-0.0921834348120694
-0.016143,-0.092977698149516
-0.019775,-0.0934606243593646
-0.023404,-0.0936354901359246
-0.027023,-0.0935099081401498
-0.030622,-0.0930926703017638
-0.034187,-0.0923904237643704
-0.03771,-0.0914124300554128
-0.041183,-0.0901698847757409
-0.044595,-0.0886730911618013
-0.04794,-0.0869351106016661
-0.051212,-0.0849709251383679
-0.054404,-0.0827959635646027
-0.057513,-0.0804285886141326
-0.060531,-0.0778853572284672
-0.06346,-0.0751883291264304
-0.066296,-0.0723589700378576
-0.069038,-0.0694198979516171
-0.071687,-0.0663955067473675
-0.074242,-0.0633094513456402
-0.076706,-0.0601870636902229
-0.079081,-0.0570535450721344
-0.081371,-0.0539347187365604
-0.083576,-0.0508531689631534
-0.085702,-0.0478325954325536
-0.087752,-0.0448946257450413
-0.089729,-0.0420585088435398
-0.091637,-0.0393416587663527
-0.093481,-0.0367601329379708
-0.095263,-0.0343260889741413
-0.096988,-0.0320502692013613
-0.098659,-0.0299403397471305
-0.10028,-0.0280018510334955
-0.10185,-0.0262346303528768
-0.10337,-0.0246352020237442
-0.10485,-0.0232040078038672
-0.10629,-0.0219370857598367
-0.10768,-0.0208194861807671
-0.10903,-0.0198424427842172
-0.11034,-0.0189948800686173
-0.1116,-0.0182566457481199
-0.11282,-0.0176154909297785
-0.11399,-0.0170509848788384
-0.11511,-0.0165439684012937
-0.11617,-0.0160693610421622
-0.11718,-0.0156127246650787
-0.11812,-0.015146377434793
-0.119,-0.0146548781519774
-0.1198,-0.014110887245865
-0.12054,-0.0135078114665551
-0.12119,-0.0128190287963415
-0.12176,-0.0120321182961843
-0.12224,-0.0111317116065245
-0.12263,-0.010107952376491
-0.12292,-0.00894838522526672
-0.12312,-0.00765368136346637
-0.12321,-0.00621299770316831
-0.12319,-0.00462139249160658
-0.12307,-0.00288631103043733
-0.12284,-0.00101031142988045
-0.1225,0.00100054909943383
-0.12204,0.00314485110804339
-0.12147,0.00541007136403425
-0.1208,0.00777497750337414
-0.12001,0.010233977623726
-0.11911,0.0127719864274938
-0.11811,0.0153666161097364
-0.11701,0.0179975306565112
-0.1158,0.0206539506193007
-0.11451,0.0233034935079261
-0.11313,0.0259267951785675
-0.11166,0.0285081126073075
-0.11011,0.0310276822985706
-0.10849,0.033463070568291
-0.10681,0.0357903372692974
-0.10506,0.0379998190165708
-0.10325,0.0400789162963604
-0.10139,0.0420130988617614
-0.099488,0.043788243922717
-0.097537,0.04540213072985
-0.095545,0.0468512188358196
-0.093511,0.048137780055327
-0.091442,0.0492629184481083
-0.089337,0.0502328033059004
-0.087196,0.0510568986217931
-0.085021,0.0517457046012459
-0.082811,0.0523125974594254
-0.080563,0.0527744864052663
-0.078279,0.0531470618478039
-0.075958,0.0534468977208939
-0.073594,0.0536945862493899
-0.071187,0.0539090113474338
-0.068737,0.0541071984544586
-0.06624,0.0543071819403584
-0.063693,0.0545265779315994
-0.061095,0.0547806924584743
-0.058444,0.0550832616174569
-0.055736,0.055447816777443
-0.052971,0.0558843436174397
-0.050145,0.0564025899724928
-0.047258,0.0570088148324598
-0.044307,0.0577084315714083
-0.041292,0.0585037197910832
-0.038213,0.0593942801696011
-0.035065,0.0603811696059714
-0.031852,0.06145984603449
-0.028572,0.0626257246642286
-0.025222,0.0638749645760818
-0.021802,0.0652021345422098
-0.018313,0.0665998595186791
-0.014753,0.0680615511775818
-0.011122,0.0695798989584364
-0.0074187,0.0711481224842822
-0.0036423,0.072759644447109
0.00020828,0.0744084069885506
0.0041354,0.0760898606499452
0.0081406,0.0778001766699857
0.012225,0.0795358952592763
0.016393,0.0812963738401705
0.020644,0.0830795674929913
0.024986,0.0848887259539777
0.029418,0.0867246392207455
0.033947,0.0885920251690713
0.038575,0.0904949596734295
0.043306,0.0924383857241402
0.048146,0.0944293037345047
0.053099,0.0964747166431402
0.058168,0.0985807087413912
0.06336,0.100755419373756
0.068679,0.103006204928529
0.074129,0.105339585729413
0.079717,0.107763438008879
0.085446,0.110283543966891
0.09132,0.112904558449646
0.097344,0.115630812187518
0.10352,0.118464006036966
0.10986,0.12141103437992
0.11635,0.124463528473176
0.12301,0.127626136637023
0.12983,0.130891647207096
0.13681,0.134250832304507
0.14396,0.13770043299478
0.15126,0.141219863933943
0.15871,0.14478986689639
0.16632,0.148400122264884
0.17407,0.15202558795627
0.18195,0.155637401079496
0.18995,0.159204372053175
0.19805,0.162686869015236
0.20626,0.166061712767725
0.21453,0.169275274303008
0.22287,0.17229522914005
0.23124,0.175070381011563
0.23962,0.1775505676389
0.24799,0.179687902827237
0.25632,0.181430353776454
0.26458,0.182724092898914
0.27274,0.183515462755464
0.28078,0.183759979780101
0.28866,0.183407194454931
0.29635,0.182410852517579
0.30381,0.180722199505819
0.31101,0.178299459511781
0.31792,0.175107917071915
0.3245,0.171112422305887
0.33072,0.166286162555825
0.33655,0.160610127589908
0.34194,0.154057687448726
0.34687,0.146619333696033
0.35131,0.138292591896689
0.35522,0.129073707256965
0.35857,0.118965749890077
0.36134,0.107984953873866
0.36349,0.0961432821027496
0.36501,0.0834714412917828
0.36586,0.0699925432356457
0.36601,0.0557306235414143
0.36546,0.0407322392240549
0.36417,0.0250314963510696
0.36213,0.00867392141949401
0.35932,-0.00829422093306783
0.35572,-0.0258271954040942
0.35133,-0.0438660506441945
0.34613,-0.0623575008558583
0.34012,-0.0812394505292437
0.33328,-0.100459182628781
0.32562,-0.119950833743558
0.31712,-0.139661994157089
0.3078,-0.159523060231672
0.29765,-0.179474783266127
0.28667,-0.199460653318038
0.27488,-0.219413330598569
0.26228,-0.23927359663887
0.24888,-0.25898325753864
0.23469,-0.278486824927959
0.21974,-0.297718028025962
0.20403,-0.316626218532764
0.18758,-0.335160291434678
0.17043,-0.353255756129082
0.15258,-0.370869044718441
0.13408,-0.38793807234725
0.11494,-0.404417505813325
0.09519,-0.420262388467295
0.074873,-0.435420122805735
0.054018,-0.449844172639024
0.032662,-0.463488681603497
0.010844,-0.476308562310003
-0.011396,-0.48826028903147
-0.034017,-0.49930249730624
-0.056976,-0.50939567238961
-0.080226,-0.51850036983037
-0.10372,-0.526578734358716
-0.12742,-0.533602337586002
-0.15126,-0.539530882713695
-0.1752,-0.544335277040637
-0.19919,-0.54798930573381
-0.22317,-0.550462844500937
-0.24709,-0.551731269687118
-0.27091,-0.551782893361044
-0.29456,-0.550595031790665
-0.31799,-0.548151964109327
-0.34115,-0.544444416592719
-0.36399,-0.539468972931384
-0.38644,-0.533212638288269
-0.40847,-0.525685001340473
-0.43001,-0.516884387808623
-0.45101,-0.506815228487735
-0.47141,-0.495479680689983
-0.49118,-0.482900501192991
-0.51025,-0.469087158696157
-0.52858,-0.454060611367348
-0.54612,-0.437843364884535
-0.56282,-0.420458792920713
-0.57863,-0.401930535840453
-0.59352,-0.382296774665787
-0.60742,-0.361576956762575
-0.62031,-0.339811994477843
-0.63213,-0.317029515200597
-0.64285,-0.293267945989688
-0.65243,-0.268566031769474
-0.66083,-0.242961752798215
-0.66801,-0.21649144126326
-0.67395,-0.189203878632938
-0.67861,-0.16114173159032
-0.68196,-0.132348910931479
-0.68398,-0.102876442091035
-0.68463,-0.0727648018980678
-0.68391,-0.0420743081352388
-0.68179,-0.0108573087721528
-0.67825,0.0208344637468962
-0.67329,0.0529365821725305
-0.66688,0.0853985251099199
-0.65904,0.118145610542984
-0.64975,0.151115524686209
-0.639,0.18425048781642
-0.62682,0.21746866620691
-0.61319,0.250708332132171
-0.59813,0.283896396656695
-0.58166,0.316952953933475
-0.56378,0.349809928404609
-0.54452,0.382388846690465
-0.5239,0.414612799088963
-0.50194,0.446408662687024
-0.47868,0.477694027211312
-0.45415,0.508389102935183
-0.42837,0.538426271979044
-0.40141,0.567713118604361
-0.37328,0.596184643571374
-0.34405,0.62375590353466
-0.31375,0.650358337332037
-0.28244,0.675916858238278
-0.25018,0.700353762876177
-0.21701,0.723606748454128
-0.183,0.745606071553916
-0.14822,0.766278524895793
-0.11272,0.785565523284564
-0.076567,0.803409948909754
-0.03984,0.819749214311368
-0.0026025,0.834530144541703
0.03507,0.847700387083079
0.073103,0.859211080895118
0.11142,0.869016690922491
0.14994,0.877072931438277
0.18858,0.883336897384108
0.22727,0.887778218181988
0.26592,0.890363307647011
0.30444,0.891057527992034
0.34275,0.889834334347778
0.38076,0.886667628219583
0.41838,0.881532961978372
0.45552,0.874408445185472
0.4921,0.865282787216722
0.52802,0.854139299532614
0.5632,0.840972703145814
0.59754,0.825772770678721
0.63096,0.808540831465509
0.66337,0.78928056289305
0.69467,0.767990482512442
0.72479,0.744687583640541
0.75363,0.719381506475398
0.78111,0.692090863279641
0.80716,0.662848737039474
0.83169,0.631684526892607
0.85463,0.598638959983967
0.8759,0.563753669873591
0.89544,0.52708492635162
0.91317,0.488684698843095
0.92905,0.448629841689273
0.943,0.406985761881868
0.95497,0.363829154984305
0.96493,0.319258590027203
0.97281,0.273358056907791
0.9786,0.226241868185672
0.98225,0.178016048097711
0.98374,0.128799145157298
0.98305,0.0787164280702455
0.98016,0.0278949752437426
0.97507,-0.0235256023372661
0.96777,-0.0754070943476788
0.95827,-0.127601761286677
0.94657,-0.179966028124639
0.9327,-0.232341893507436
0.91667,-0.284579362905294
0.89851,-0.336524802254345
0.87826,-0.388019106550961
0.85595,-0.438911213449232
0.83164,-0.489039260053778
0.80537,-0.538252708845246
0.7772,-0.586400355170805
0.74719,-0.633335523026166
0.71541,-0.678912780248144
0.68193,-0.722992692825158
0.64682,-0.765445536690565
0.61017,-0.806139276595541
0.57205,-0.844959543538694
0.53256,-0.881788316668979
0.49178,-0.916523828547066
0.44981,-0.949066607591153
0.40673,-0.979337757843007
0.36266,-1.00724877600777
0.31768,-1.03273662590435
0.27191,-1.05573215942538
0.22543,-1.07619397197576
0.17836,-1.09407577390182
0.1308,-1.1093445608365
0.082851,-1.12197933751787
0.03462,-1.13196604075275
-0.013787,-1.1392983949731
-0.062265,-1.14397834429962
-0.11071,-1.14601613087532
-0.15902,-1.1454308237516
-0.20708,-1.14223935849081
-0.25481,-1.13648319434666
-0.30208,-1.12818623416587
-0.34882,-1.11740265168384
-0.3949,-1.10416583247471
-0.44025,-1.08853644611451
-0.48476,-1.07056645501374
-0.52834,-1.05031464552122
-0.5709,-1.02784410380492
-0.61235,-1.00322000801413
-0.65261,-0.976515127672776
-0.69159,-0.947799205771214
-0.72921,-0.917145208220596
-0.7654,-0.88463421720291
-0.80009,-0.850351717786063
-0.83319,-0.814369641973954
-0.86465,-0.776776561911383
-0.8944,-0.737657168416929
-0.92238,-0.697097975612763
-0.94855,-0.655199218952194
-0.97285,-0.612054465093235
-0.99523,-0.567756489956094
-1,-0.510823978519151
-1,-0.441838337951499
-1,-0.365120736325881
-1,-0.284379638031822
-1,-0.202744815831744
-1,-0.122804915294982
-1,-0.0466477933206422
-1,0.0240971580282099
-1,0.0882154762342538
-1,0.14486361998557
-1,0.193525174688656
-1,0.233967895232464
-1,0.266202137515305
-1,0.290441153177824
-1,0.307063642513446
-1,0.316578881027806
-1,0.319594657579624
-1,0.316788188081093
-1,0.308880099650639
-1,0.296611516866407
-0.98998,0.288137108042943
-0.96779,0.291563665684965
-0.94385,0.305457885932
-0.91823,0.328381933380398
-0.89099,0.358925072358419
-0.86219,0.395723264768582
-0.83189,0.437475818487539
-0.80016,0.482951671526909
-0.76708,0.530994385393423
-0.7327,0.58055538776288
-0.69711,0.630667608321051
-0.66038,0.680467732741245
-0.62259,0.729190334089581
-0.58381,0.776176325996461
-0.54413,0.820855608213452
-0.50363,0.862753593535232
-0.46239,0.901487099331278
-0.42049,0.936759057468809
-0.378,0.968359696281305
-0.33503,0.996128427578516
-0.29163,1.01999589679625
-0.2479,1.03993417017818
-0.20392,1.05596723522802
-0.15977,1.06816320787377
-0.11551,1.07664155461297
-0.071246,1.08152858376409
-0.027037,1.08298995296669
0.017034,1.0812030979471
0.060895,1.0763603490132
0.10447,1.06865970424937
0.14769,1.05830512699472
0.19048,1.04549676509205
0.23277,1.03043105902814
0.2745,1.01330439344542
0.31559,0.994293640490157
0.356,0.973585161799395
0.39564,0.951331194347933
0.43447,0.927689378480425
0.47242,0.902795162727731
0.50943,0.876769601533527
0.54546,0.849733300516056
0.58045,0.821788004634676
0.61435,0.793024365486582
0.6471,0.763513634040866
0.67867,0.733331010671146
0.70901,0.702537361746576
0.73807,0.671179633751355
0.76583,0.639313726040527
0.79223,0.606970928756999
0.81725,0.574190685993725
0.84085,0.541002427899627
0.86301,0.507440798113995
0.8837,0.4735356274536
0.90288,0.439304000247117
0.92055,0.404781190441569
0.93668,0.369993385306618
0.95125,0.33496554914497
0.96426,0.299735207830944
0.97569,0.264333677616914
0.98553,0.228793303437139
0.99378,0.193153278315441
1,0.157131263762836
1,0.117417949138877
1,0.0760474458568355
1,0.0347089835188241
1,-0.00522595422860888
1,-0.0426757511699349
1,-0.0768204365510517
1,-0.107073506125724
0.99688,-0.135362352348563
0.98951,-0.164123865375902
0.98067,-0.193255516084927
0.97038,-0.222653502900929
0.95867,-0.252207576695277
0.94556,-0.28181196120627
0.93108,-0.311359375152999
0.91528,-0.340728974949438
0.89817,-0.369821472092382
0.87981,-0.398520425395621
0.86022,-0.426728154102394
0.83945,-0.454342515563956
0.81753,-0.481275374994763
0.79452,-0.50743022144887
0.77045,-0.532728785752553
0.74536,-0.557102499655361
0.71931,-0.580478021380069
0.69234,-0.602795310930698
0.6645,-0.623999697096272
0.63583,-0.644050167900957
0.60638,-0.662910927172206
0.5762,-0.680551860353009
0.54535,-0.69694136295868
0.51387,-0.712062779706259
0.48182,-0.72589767616881
0.44923,-0.738449374663723
0.41618,-0.749702174734846
0.3827,-0.759662912436982
0.34884,-0.768342076111168
0.31467,-0.775738470803073
0.28022,-0.781871498379253
0.24556,-0.786747443510144
0.21072,-0.790391781347972
0.17577,-0.79281551780916
0.14074,-0.794047573226662
0.1057,-0.794101215524841
0.070685,-0.793002850234051
0.035748,-0.790775652882861
0.0009382,-0.787442558935023
-0.033694,-0.783024948567381
-0.068103,-0.777546036611721
-0.10224,-0.771027615812605
-0.13606,-0.763492623369878
-0.1695,-0.754951031516803
-0.20254,-0.745433906302466
-0.23511,-0.734951516631791
-0.26717,-0.723519260805717
-0.29868,-0.711156222061711
-0.32959,-0.697876509339038
-0.35986,-0.683697188516138
-0.38944,-0.668629795449844
-0.4183,-0.652695820655794
-0.44639,-0.635909343479369
-0.47367,-0.618285408868852
-0.50011,-0.599846745609742
-0.52566,-0.580606792010721
-0.55031,-0.560600627913673
-0.574,-0.539842776662716
-0.59672,-0.51836767852548
-0.61842,-0.496195218528511
-0.63909,-0.47336248270878
-0.65869,-0.449897124398741
-0.67721,-0.425840512171663
-0.69461,-0.401221640775017
-0.71088,-0.376080786857268
-0.726,-0.350458684807687
-0.73995,-0.324395178298998
-0.75272,-0.297935535916844
-0.76428,-0.271113195952256
-0.77464,-0.243980525244496
-0.78378,-0.216581338071172
-0.79169,-0.188958540335493
-0.79838,-0.161167690575915
-0.80383,-0.133250611887338
-0.80805,-0.105258838327008
-0.81104,-0.0772426600899443
-0.8128,-0.0492497123555977
-0.81333,-0.0213238878711343
-0.81265,0.00648066376138103
-0.81075,0.0341255077984368
-0.80766,0.0615566893494689
-0.80337,0.0887391399285129
-0.79792,0.115617360766691
-0.7913,0.142158231720902
-0.78353,0.168325775317019
-0.77464,0.194075693230236
-0.76463,0.219380756272899
-0.75355,0.244191658521218
-0.74139,0.268487393783312
-0.7282,0.292226372748091
-0.71399,0.315381518634105
-0.69879,0.337923793483269
-0.68263,0.359823764994621
-0.66555,0.381045471602319
-0.64756,0.401571224898805
-0.62872,0.421361956471966
-0.60905,0.440392367034255
-0.58859,0.458634514335504
-0.56738,0.476059447336122
-0.54546,0.492638540240579
-0.52288,0.508337155965821
-0.49967,0.523131877938849
-0.47589,0.536987126539392
-0.45158,0.549873603244065
-0.42678,0.561768198271415
-0.40156,0.572631569205606
-0.37596,0.582434856697787
-0.35004,0.591143961631391
-0.32385,0.598729201084597
-0.29744,0.605165581178827
-0.27087,0.610425503037752
-0.2442,0.614480343224772
-0.21749,0.617301747340272
-0.19079,0.618870060748478
-0.16417,0.619158710868163
-0.13767,0.6181587772742
-0.11137,0.615846561652404
-0.0853,0.612224392192507
-0.059535,0.607282568405614
-0.034123,0.601022244012732
-0.0091181,0.593449089414846
0.01543,0.584575823024793
0.039468,0.574418134506054
0.062953,0.563001656128948
0.085834,0.550353618469271
0.10807,0.536509444028586
0.12962,0.521510423687714
0.15045,0.505406840200688
0.17051,0.488243206049193
0.18978,0.47008049615532
0.20823,0.450984020917986
0.22583,0.431020900652071
0.24256,0.4102653326102
0.25839,0.388787814088943
0.27332,0.366676091338291
0.28733,0.344014575836497
0.30041,0.320889983718985
0.31256,0.297395769345466
0.32377,0.273620686309018
0.33405,0.249661830379831
0.34341,0.22562010042589
0.35186,0.201596402014391
0.3594,0.17768114262535
0.36606,0.153975572220151
0.37185,0.130571683759504
0.3768,0.107565802807796
0.38093,0.0850472034320673
0.38426,0.0630964783232409
0.38683,0.0417992100708192
0.38867,0.0212346536086922
0.38981,0.00147415726735787
0.39028,-0.0174199267583666
0.39012,-0.0353875053846779
0.38937,-0.0523726552651571
0.38806,-0.0683324495441514
0.38623,-0.0832289435664585
0.38392,-0.0970299751707347
0.38118,-0.109702244769966
0.37803,-0.121235332418461
0.37452,-0.131616070751621
0.37069,-0.140837520176054
0.36658,-0.148898607548379
0.36222,-0.155811048350145
0.35765,-0.16158977050165
0.35291,-0.166252469017357
0.34804,-0.169819127158649
0.34307,-0.17231892155167
0.33803,-0.173788112346206
0.33295,-0.174268117854885
0.32786,-0.173803781600687
0.3228,-0.172434437425695
0.31777,-0.170223780184895
0.31282,-0.167216701257492
0.30796,-0.163471497947431
0.30321,-0.159048452206093
0.29859,-0.154007929228289
0.29411,-0.148416190185916
0.28978,-0.142342484312802
0.28563,-0.135841788500485
0.28164,-0.128992989229768
0.27784,-0.121855039414694
0.27422,-0.114498663487959
0.27079,-0.1069871862627
0.26754,-0.0993908267527266
0.26448,-0.0917684208739539
0.2616,-0.0841825366096566
0.25889,-0.0766967393779598
0.25635,-0.0693659453632468
0.25396,-0.0622510345164628
0.25172,-0.0554008699013758
0.24961,-0.0488676838207703
0.24762,-0.0426971882074851
0.24573,-0.0369355571606405
0.24394,-0.0316128440141209
0.24222,-0.0267670060008689
0.24056,-0.0224260840739418
0.23893,-0.0186236901806178
0.23733,-0.01537436879043
0.23572,-0.0127060111594553
0.2341,-0.0106264769278534
0.23243,-0.00915639451478901
0.2307,-0.00830350925980505
0.22889,-0.00807194487573341
0.22698,-0.00846237698867282
0.22493,-0.00948707992646397
0.22274,-0.0111374041186705
0.22038,-0.0134098936383021
0.21783,-0.0162976348551043
0.21507,-0.0197907981835594
0.21207,-0.0238845710509294
0.20882,-0.0285632597917042
0.20529,-0.03381736422139
0.20147,-0.0396276163894112
0.19735,-0.0459671818152053
0.19289,-0.0528258391010708
0.18808,-0.0601846970193144
0.18292,-0.0680108569668131
0.17738,-0.0762830688835396
0.17145,-0.0849751552058303
0.16512,-0.094057599300996
0.15838,-0.103498929936182
0.15121,-0.113274307507807
0.14362,-0.123342712036929
0.1356,-0.133665971846321
0.12713,-0.144216651950539
0.11822,-0.154954581814973
0.10887,-0.165837868010488
0.099066,-0.176834788923657
0.08882,-0.187903560944377
0.078134,-0.199002934445053
0.067013,-0.210091118520289
0.055461,-0.221127907665506
0.043489,-0.232070456925976
0.031109,-0.242874398645602
0.018331,-0.253497015609527
0.0051709,-0.263893929824084
-0.0083539,-0.274019746257104
-0.022224,-0.283828241300703
-0.036418,-0.293272549793504
-0.050914,-0.302306455747155
-0.065686,-0.310882767210236
-0.080706,-0.318953597502675
-0.095947,-0.326472840638065
-0.11137,-0.333388516737796
-0.12696,-0.339663392680564
-0.14267,-0.345249817102445
-0.15846,-0.350098559204965
-0.17431,-0.354175591662518
-0.19017,-0.357438258662772
-0.20601,-0.359853278450656
-0.22178,-0.361381425665184
-0.23746,-0.362002324862435
-0.25299,-0.361682175494621
-0.26834,-0.36039985491742
-0.28347,-0.358138037151389
-0.29835,-0.354890730666918
-0.31292,-0.350639465214375
-0.32716,-0.34538617649101
-0.34102,-0.339127395470021
-0.35448,-0.331877951220644
-0.36748,-0.323637806291193
-0.38,-0.314424853931069
-0.39201,-0.304263883449031
-0.40347,-0.293177490131804
-0.41434,-0.281186164763757
-0.4246,-0.268323176307139
-0.43422,-0.25462402233282
-0.44317,-0.240125236570274
-0.45143,-0.224870761258877
-0.45896,-0.208894667168172
-0.46575,-0.192244424340367
-0.47178,-0.174969695652783
-0.47701,-0.157105820869966
-0.48144,-0.138705211055624
-0.48505,-0.119817806076193
-0.48781,-0.100482757429767
-0.48972,-0.0807515506087534
-0.49075,-0.0606619188482352
-0.49091,-0.0402689245748413
-0.49018,-0.0196177688461949
-0.48855,0.00124830466435438
-0.48603,0.0222742182438651
-0.4826,0.0434192457408539
-0.47826,0.0646407881759184
-0.47303,0.0858813639832535
-0.46689,0.107102891354355
-0.45987,0.12824726866905
-0.45196,0.149271700914627
-0.44318,0.170125014301031
-0.43354,0.190758384235119
-0.42305,0.211126533778289
-0.41173,0.231181226017541
-0.3996,0.250873499934638
-0.38668,0.270155497487014
-0.37298,0.288989315518702
-0.35854,0.307324308916566
-0.34337,0.325123506783111
-0.32751,0.342340176083988
-0.31097,0.358943569012165
-0.2938,0.374887490114528
-0.27601,0.390144531600545
-0.25764,0.40468140783059
-0.23873,0.418461416105502
-0.21931,0.431453892618042
-0.19941,0.443634280807797
-0.17907,0.454976632939378
-0.15834,0.465447592163365
-0.13725,0.475023908505984
-0.11584,0.48368410287565
-0.094165,0.491398000070075
-0.072257,0.498146609290539
-0.050168,0.503906047852433
-0.027941,0.508656153501627
-0.0056245,0.512376594132455
0.016735,0.515049276203354
0.03909,0.516658000264898
0.061392,0.517188126043398
0.083592,0.516626622288858
0.10565,0.514969083007086
0.1275,0.512199262269297
0.14912,0.508324645377064
0.17044,0.503336450375741
0.19143,0.497242883787846
0.21204,0.490051109899192
0.23223,0.481774922874146
0.25196,0.472433342375288
0.27118,0.462041929513181
0.28985,0.450620641616228
0.30795,0.43820742334382
0.32542,0.424824300419788
0.34225,0.410516999236891
0.35838,0.395312273903449
0.3738,0.379257935649436
0.38848,0.362402768638896
0.40238,0.344787688796052
0.41548,0.326460968073969
0.42775,0.307468092620888
0.43918,0.287865822625414
0.44974,0.267703620594958
0.45942,0.247038426436239
0.46819,0.225916754486203
0.47604,0.204390087256218
0.48295,0.182504936547659
0.48892,0.160317129900586
0.49393,0.137873480344753
0.49797,0.11521941199493
0.50104,0.0924051194223115
0.50314,0.0694830019987502
0.50425,0.04649073240002
0.50438,0.0234749508083559
0.50354,0.000487932865687078
0.50172,-0.0224300358707435
0.49893,-0.0452349865086444
0.49518,-0.0678815327611761
0.49047,-0.0903321336202741
0.48482,-0.112542175443709
0.47824,-0.134470322505798
0.47074,-0.156079380388052
0.46234,-0.177329495241528
0.45306,-0.198180137504218
0.44291,-0.218599114347533
0.43192,-0.238547433013007
0.4201,-0.257996861256772
0.40747,-0.276921614697849
0.39406,-0.29529159378973
0.3799,-0.313074428362153
0.365,-0.330251968372718
0.34939,-0.346803624117581
0.33309,-0.362715186483927
0.31614,-0.377963567975267
0.29856,-0.392534302982955
0.28037,-0.406420627353683
0.26161,-0.419607738892264
0.24231,-0.432082488515338
0.2225,-0.443833733206126
0.2022,-0.454859956171446
0.18146,-0.465145563962752
0.16031,-0.474679106485388
0.13878,-0.483453045325886
0.11692,-0.491448665574247
0.094758,-0.498655253312631
0.072341,-0.505055011244383
0.049709,-0.510630307727691
0.026908,-0.515359890375556
0.0039795,-0.519223689921481
-0.019027,-0.522197413721983
-0.042067,-0.524257911426228
-0.06509,-0.525379334352879
-0.088045,-0.525534179369539
-0.11088,-0.524693804469301
-0.13355,-0.522834796042013
-0.156,-0.519931400176192
-0.17817,-0.515953184606
-0.20002,-0.510881767474714
-0.22148,-0.504687015090259
-0.24251,-0.497352542246035
-0.26305,-0.488858932042378
-0.28304,-0.479185086115235
-0.30244,-0.468324145650577
-0.32119,-0.456266375107128
-0.33924,-0.443007627971066
-0.35654,-0.428548620364591
-0.37303,-0.4128868154673
-0.38868,-0.3960395403608
-0.40343,-0.378017719516697
-0.41723,-0.358834437859814
-0.43006,-0.338526556948927
-0.44185,-0.317112339849521
-0.45258,-0.294631712471141
-0.4622,-0.271118954132133
-0.4707,-0.246632586337042
-0.47802,-0.221212239990481
-0.48415,-0.194918303858927
-0.48907,-0.16781893080099
-0.49274,-0.139971939089383
-0.49515,-0.111447424381609
-0.49628,-0.0823160404038723
-0.49612,-0.0526542959876674
-0.49467,-0.0225486340610332
-0.49191,0.00792376509169973
-0.48785,0.0386732820457205
-0.48248,0.0696177135730538
-0.47583,0.100653743784994
-0.46788,0.131701101507189
-0.45867,0.162656240262259
-0.44821,0.193422212224959
-0.43652,0.223903023395257
-0.42363,0.253999104918191
-0.40957,0.283611186751371
-0.39439,0.312628650567722
-0.37811,0.340957448745876
-0.36079,0.368490442661014
-0.34247,0.395128244550906
-0.32321,0.4207662557473
-0.30305,0.445313971184221
-0.28206,0.468673221862319
-0.26029,0.490757841461152
-0.23782,0.511472241921237
-0.2147,0.530738782496197
-0.19102,0.548467604152644
-0.16684,0.564584415608941
-0.14223,0.579022909041412
-0.11727,0.591718452898411
-0.092049,0.602603698150093
-0.066635,0.61162728530392
-0.041112,0.618741139087809
-0.015561,0.623904189034667
0.0099361,0.627082284885057
0.035297,0.628248300306225
0.060442,0.627384231049992
0.085291,0.624480405700499
0.10976,0.619532014693429
0.13378,0.612550130716581
0.15726,0.603542776583396
0.18013,0.592531503190446
0.20233,0.57955622075122
0.22377,0.564648990879023
0.24439,0.547857424030215
0.26413,0.529240888744954
0.28292,0.508859704396512
0.30071,0.486788531076858
0.31744,0.463104538208846
0.33305,0.437885132698082
0.3475,0.411220841706611
0.36075,0.383210501449006
0.37276,0.353957102627559
0.38348,0.32355686481564
0.39289,0.292120114352997
0.40096,0.259758096717711
0.40766,0.226579656913041
0.41298,0.192703349218396
0.41689,0.158237298644988
0.4194,0.123307555777224
0.4205,0.0880360559601293
0.42018,0.0525376994258272
0.41846,0.016940306368644
0.41533,-0.018644060678004
0.41082,-0.0540900790701384
0.40493,-0.0892879418301824
0.39771,-0.124107017595375
0.38916,-0.15844109849245
0.37933,-0.192170313155146
0.36826,-0.225175193896805
0.35597,-0.25735542413218
0.34253,-0.28859271504234
0.32797,-0.318787935663813
0.31235,-0.34783878879247
0.29573,-0.37564410933079
0.27817,-0.402107305805774
0.25972,-0.427146425343797
0.24046,-0.450672314385221
0.22044,-0.472615581505146
0.19975,-0.492896041606935
0.17845,-0.51145013377797
0.15661,-0.528222995523131
0.13432,-0.543154446198406
0.11165,-0.556197388004845
0.088675,-0.567313788019505
0.065475,-0.57647118839028
0.042128,-0.583644898791722
0.018714,-0.588816571686979
-0.004686,-0.591973594046701
-0.027992,-0.593109888558845
-0.051127,-0.59222782882305
-0.074011,-0.589335084590509
-0.096567,-0.584446334118802
-0.11872,-0.577583675220525
-0.14039,-0.568771537350628
-0.16151,-0.558045780970026
-0.182,-0.545441452975606
-0.2018,-0.531007292170979
-0.22084,-0.514794823775615
-0.23904,-0.496849440036937
-0.25636,-0.477240288353994
-0.27273,-0.456031922845068
-0.28808,-0.433283705882876
-0.30238,-0.409078978444453
-0.31556,-0.383488731486431
-0.32758,-0.356594361679162
-0.3384,-0.328483493691292
-0.34798,-0.299246402965607
-0.35628,-0.268973007098828
-0.36328,-0.237765186053087
-0.36893,-0.205709367353466
-0.37323,-0.172913942979447
-0.37615,-0.139479640939757
-0.37768,-0.10551277923636
-0.3778,-0.0711135594140421
-0.37651,-0.0363889293916408
-0.37381,-0.00144794020280473
-0.3697,0.0336020895957955
-0.36419,0.0686512671251253
-0.35729,0.103591156701033
-0.34902,0.138310632120862
-0.33939,0.172707432496584
-0.32843,0.206675094577408
-0.31617,0.24010735111293
-0.30264,0.272901694172072
-0.28787,0.304962177952374
-0.27191,0.336186740083398
-0.2548,0.366479344791878
-0.23658,0.395752234207074
-0.21731,0.423912754707597
-0.19702,0.4508898578605
-0.17579,0.476595740519636
-0.15366,0.500961926112238
-0.1307,0.523916068830469
-0.10696,0.545400341604275
-0.082523,0.56534667156228
-0.057443,0.583702888376069
-0.031795,0.600416393680158
-0.0056513,0.615438527013136
0.020916,0.628726112310428
0.047827,0.640236625802586
0.075006,0.649933136916378
0.10237,0.657779616031671
0.12985,0.663752860611368
0.15734,0.667814029311936
0.18478,0.669947460531619
0.21207,0.670127727102901
0.23913,0.668337687807758
0.26588,0.664567997646256
0.29222,0.658801693448995
0.31808,0.651038914769326
0.34338,0.641286775784009
0.36801,0.629536200695822
0.39191,0.61580279755279
0.41498,0.600092565933024
0.43715,0.582426250552965
0.45834,0.562828967381447
0.47847,0.541329094003106
0.49745,0.51794985032175
0.51523,0.49273958510834
0.53172,0.465736334102546
0.54686,0.436991254069012
0.56059,0.406564936323172
0.57283,0.374509358752858
0.58354,0.340897888149408
0.59266,0.305804488059726
0.60013,0.269301692628791
0.60593,0.231488541520221
0.61,0.192453196595593
0.61232,0.152302209571806
0.61285,0.111139198726347
0.61156,0.0690698700746688
0.60846,0.0262281401306934
0.60351,-0.0172701532137992
0.59671,-0.0612975912194408
0.58807,-0.105713824510482
0.57758,-0.15038705951294
0.56526,-0.195174238580424
0.55112,-0.23993500449585
0.53519,-0.284520753446864
0.51749,-0.328788272463067
0.49805,-0.372595858147414
0.47692,-0.415792810015782
0.45414,-0.458233429075306
0.42976,-0.499773426736838
0.40383,-0.540274441463065
0.37641,-0.579600174698174
0.34756,-0.617620658902771
0.31735,-0.654208170832227
0.28587,-0.689226507573062
0.25317,-0.722566959580114
0.21935,-0.754110055447483
0.18449,-0.783746797076401
0.14868,-0.811373318512512
0.11201,-0.836893854375397
0.074563,-0.860228104314049
0.036449,-0.88129162071679
-0.0022377,-0.900011675764836
-0.041398,-0.916324566593856
-0.080933,-0.930176893782308
-0.12074,-0.941523344269201
-0.16071,-0.950322815722164
-0.20075,-0.956551641811783
-0.24076,-0.960196755766337
-0.28062,-0.961240248952912
-0.32024,-0.95968397519462
-0.35951,-0.95553183813853
-0.39834,-0.94880499750748
-0.43662,-0.939524036091313
-0.47426,-0.927724124722293
-0.51116,-0.913444613800027
-0.54722,-0.89672786623271
-0.58236,-0.877632960653032
-0.61649,-0.85622405135558
-0.64951,-0.832560784862157
-0.68134,-0.806712799750849
-0.71191,-0.778763688561965
-0.74112,-0.748784179993002
-0.76892,-0.716869951577573
-0.79522,-0.683104826593599
-0.81996,-0.647583123290669
-0.84307,-0.610397737560591
-0.86449,-0.571645302686034
-0.88417,-0.531430186986266
-0.90205,-0.489852664415952
-0.91808,-0.447014215262939
-0.93223,-0.403029104220505
-0.94444,-0.357996348840565
-0.95468,-0.312021838541287
-0.96292,-0.265213741391995
-0.96913,-0.217678702007193
-0.97329,-0.169526167713116
-0.97539,-0.120871762638027
-0.97541,-0.0718250179716962
-0.97334,-0.022494390184919
-0.96917,0.027016105480226
-0.96292,0.0765873364071865
-0.95459,0.126106682968046
-0.94418,0.175470541386816
-0.93171,0.224571354357735
-0.91721,0.273294678784853
-0.9007,0.321531807428814
-0.88221,0.369175023887536
-0.86177,0.416121174041542
-0.83943,0.462259651882717
-0.81522,0.507492507494351
-0.78919,0.551720758729319
-0.7614,0.594840794990878
-0.7319,0.636756393533185
-0.70074,0.677380828051256
-0.668,0.716616144189336
-0.63374,0.754373723768601
-0.59802,0.790575826355661
-0.56093,0.825134367996694
-0.52254,0.857971056427528
-0.48292,0.889018568265387
-0.44216,0.918206422448013
-0.40035,0.945464453754171
-0.35757,0.970732982066589
-0.31391,0.99395593500707
-0.26947,1.01507519679032
-0.22433,1.03404827363808
-0.17859,1.05083252664114
-0.13234,1.0653946361318
-0.085685,1.07769946945264
-0.038717,1.08772183485071
0.0084671,1.09544242891669
0.055773,1.1008499375651
0.1031,1.10393583234551
0.15036,1.10470412039365
0.19744,1.10315110276224
0.24427,1.09929943703753
0.29073,1.09315608437882
0.33675,1.08475273843805
0.38224,1.0741259519351
0.4271,1.0613083473402
0.47124,1.0463363638072
0.5146,1.02927114202729
0.55708,1.01016290273439
0.59861,0.989074235424294
0.63911,0.966068901241873
0.67851,0.941217516584614
0.71674,0.914594502843604
0.75374,0.886282870919273
0.78944,0.856363006430776
0.82378,0.824918430561052
0.85671,0.792040303273738
0.88817,0.757816010414554
0.91811,0.722334798712937
0.94648,0.68568481694101
0.97324,0.647958106352183
0.99835,0.609247080721003
1,0.553536000896153
1,0.484493796337314
1,0.406652451727409
1,0.323918875075029
1,0.239607319290236
1,0.156475758889693
1,0.0767654246845265
1,0.00224268208435415
1,-0.0657575515071034
1,-0.126287622864413
1,-0.178742916084552
1,-0.222818243670739
1,-0.258465444689977
1,-0.285852701258068
1,-0.305326003607424
1,-0.317373112391873
1,-0.32259028679865
1,-0.321651970215252
1,-0.315283553031455
1,-0.304237265713511
1,-0.289271195342035
1,-0.271131365864997
1,-0.250536776654766
1,-0.228167255640603
1,-0.204653952207014
0.9857,-0.191151535096477
0.95886,-0.195136777953972
0.93026,-0.2142590956132
0.89994,-0.246238099863567
0.86797,-0.288868011164606
0.8344,-0.340059618962629
0.7993,-0.397844579078506
0.76274,-0.460393344698675
0.72479,-0.526028544870518
0.68553,-0.593226678777453
0.64503,-0.660632266156534
0.60338,-0.727044427822926
0.56067,-0.791418316525253
0.51698,-0.852870843218843
0.47241,-0.910659916691295
0.42704,-0.964194436697904
0.38097,-1.01300945609525
0.33429,-1.05676551281958
0.2871,-1.09523031924471
0.2395,-1.12826875879212
0.19158,-1.15583971807659
0.14344,-1.17797622662049
0.095167,-1.19478437506583
0.046868,-1.20641590555906
-0.0013666,-1.21307171069901
-0.049444,-1.21498899138756
-0.097269,-1.21242960606534
-0.14475,-1.20567409683232
-0.1918,-1.19501674079091
-0.23834,-1.18076333554758
-0.28426,-1.16319988929859
-0.3295,-1.14262743152766
-0.37397,-1.11933016638935
-0.41758,-1.09357210574498
-0.46027,-1.06561675680923
-0.50196,-1.03570575508076
-0.54258,-1.00406415516248
-0.58205,-0.970890107492484
-0.62033,-0.936384026314958
-0.65733,-0.900705319018654
-0.69301,-0.864012396509838
-0.7273,-0.826435664109482
-0.76016,-0.788100773785386
-0.79153,-0.749110441685293
-0.82137,-0.709559927361043
-0.84963,-0.66952748332078
-0.87628,-0.629089274725825
-0.90128,-0.58830927144795
-0.92459,-0.547238822492411
-0.94619,-0.505931445648349
-0.96605,-0.464432531924027
-0.98415,-0.422786083156375
-1,-0.380685104182346
-1,-0.327847397041719
-1,-0.267992680583808
-1,-0.204309425696876
-1,-0.139486224813303
-1,-0.0757457659324712
-1,-0.0148807980157471
-1,0.0417085380404526
-1,0.092976629473029
-1,0.138194152578376
-1,0.176910223712533
-1,0.208915438645914
-1,0.234206240372221
-1,0.252950992766874
-1,0.265458072625095
-1,0.272146227599527
-1,0.273517384087416
-1,0.270132028562531
-0.98754,0.271805245465998
-0.97073,0.280352190377679
-0.95243,0.294978867029466
-0.93268,0.314887248015865
-0.91151,0.339295716154818
-0.88899,0.367419399055128
-0.86515,0.398514748720623
-0.84006,0.431856330343428
-0.81375,0.466777832923733
-0.78629,0.502645350893778
-0.75773,0.538880223947555
-0.72813,0.57495456615995
-0.69754,0.61040180031803
-0.66603,0.644801942243684
-0.63365,0.677798601236453
-0.60046,0.709089252421339
-0.56653,0.738416332064772
-0.53192,0.765573939381955
-0.4967,0.790397297914334
-0.46091,0.812782919993323
-0.42464,0.832644189899825
-0.38794,0.849941721965869
-0.35089,0.86465481936592
-0.31353,0.876809724485091
-0.27595,0.886434541281321
-0.23821,0.893581927246533
-0.20037,0.898324441446285
-0.1625,0.9007427685297
-0.12466,0.900930676665821
-0.086921,0.89898300318976
-0.049351,0.894996155029381
-0.012012,0.889070547460326
0.025032,0.88130641618902
0.061715,0.871800318831228
0.097977,0.860648204114133
0.13375,0.847937432356546
0.16898,0.833756732760867
0.20361,0.818191527437964
0.23757,0.80131276792599
0.27081,0.78319263749369
0.30327,0.763894919871867
0.3349,0.74348219282131
0.36565,0.722014214073318
0.39548,0.69955405368036
0.42432,0.676143331133498
0.45214,0.651834548585371
0.4789,0.626679867583613
0.50456,0.600729460280185
0.52907,0.57402281595853
0.55241,0.546611577814547
0.57454,0.518540647597178
0.59543,0.489855313495822
0.61505,0.460599576978106
0.63338,0.430822228914583
0.65041,0.400581622980791
0.6661,0.369919688282662
0.68045,0.338893168530687
0.69344,0.30755403238972
0.70507,0.275963392000405
0.71532,0.244172889943229
0.7242,0.212246913085106
0.73171,0.180250574836498
0.73786,0.14825479836654
0.74264,0.116318058413431
0.74607,0.0845089477454855
0.74817,0.0529019029770123
0.74895,0.0215662065425893
0.74843,-0.00942797053296798
0.74663,-0.0400121369186766
0.74359,-0.0701067270922624
0.73932,-0.0996481005007766
0.73386,-0.12856553219949
0.72725,-0.156785054047447
0.71952,-0.184240035553692
0.7107,-0.210872142789155
0.70084,-0.236617119850694
0.68998,-0.261415673521583
0.67815,-0.285222121901867
0.66541,-0.307981436501392
0.65181,-0.329640558177891
0.63737,-0.350172253741886
0.62217,-0.369527115239011
0.60624,-0.387676790036424
0.58964,-0.404589093566349
0.57241,-0.420245024866415
0.55462,-0.434615139698368
0.53631,-0.44768513327851
0.51753,-0.459446464512924
0.49835,-0.469881236532877
0.47881,-0.478987202197264
0.45897,-0.486760508597709
0.43888,-0.49320399770647
0.41859,-0.498326298450577
0.39816,-0.502133521309835
0.37764,-0.504637387758976
0.35707,-0.505861607278787
0.33651,-0.505824492268372
0.31599,-0.504562033403049
0.29558,-0.50209423157044
0.27531,-0.49845750519889
0.25522,-0.493693368471388
0.23535,-0.487846543983786
0.21575,-0.480955920655066
0.19644,-0.473076959059209
0.17746,-0.464262306231449
0.15884,-0.454568396989255
0.14061,-0.444053236366507
0.12279,-0.43278192970819
0.1054,-0.420823523962753
0.088464,-0.40824536356154
0.071994,-0.395120376863886
0.056003,-0.381523150063263
0.040505,-0.367526681885269
0.025505,-0.353207164534299
0.011009,-0.338640321052635
-0.0029797,-0.323901166715982
-0.016458,-0.309061949877
-0.029427,-0.294193488381077
-0.041891,-0.279365513969035
-0.053852,-0.264642883659784
-0.065318,-0.250088766378444
-0.076296,-0.235762056725069
-0.086793,-0.221716123482068
-0.096823,-0.208003106880993
-0.1064,-0.194672228863443
-0.11553,-0.18176258432932
-0.12423,-0.169311639536375
-0.13252,-0.157356208581736
-0.14041,-0.145923650678785
-0.14793,-0.13504721628128
-0.15509,-0.124748690891942
-0.16191,-0.115046902701924
-0.1684,-0.105949871942871
-0.1746,-0.0974783662624471
-0.18052,-0.089640205921094
-0.18618,-0.082439495276422
-0.1916,-0.0758767773639555
-0.1968,-0.0699492747526475
-0.20181,-0.0646585932724926
-0.20664,-0.059994658038232
-0.21132,-0.0559526775286197
-0.21586,-0.0525171195785936
-0.22029,-0.0496786865251898
-0.22462,-0.0474182777286288
-0.22888,-0.0457239308781119
-0.23307,-0.0445673361462071
-0.23723,-0.0439371296561232
-0.24136,-0.0438061491185028
-0.24547,-0.0441424569630884
-0.24959,-0.0449257636295913
-0.25373,-0.0461308148669728
-0.25789,-0.0477215535514177
-0.26209,-0.0496688981105713
-0.26634,-0.0519427297848292
-0.27064,-0.0545054893957813
-0.27501,-0.0573294181767327
-0.27944,-0.0603732432953588
-0.28394,-0.0636007370887274
-0.28852,-0.0669807733814974
-0.29316,-0.0704650774887953
-0.29789,-0.0740299227853127
-0.30268,-0.0776277674434345
-0.30754,-0.0812228692206033
-0.31246,-0.0847753193777229
-0.31744,-0.0882504944917691
-0.32247,-0.091611761182978
-0.32753,-0.0948146607316693
-0.33263,-0.0978320191724922
-0.33775,-0.100629380820179
-0.34288,-0.103174994271125
-0.348,-0.105433000137808
-0.3531,-0.107372845089372
-0.35816,-0.108961946653475
-0.36317,-0.11017463394871
-0.36811,-0.110984388756902
-0.37295,-0.111357615273845
-0.37767,-0.111263588351787
-0.38226,-0.110682400519703
-0.3867,-0.109596306472779
-0.39095,-0.107975294489542
-0.39499,-0.105795346038044
-0.3988,-0.103038201668264
-0.40237,-0.0996984283819177
-0.40565,-0.0957518025268249
-0.40862,-0.0911820693114005
-0.41127,-0.0859875025119302
-0.41356,-0.0801562358107496
-0.41548,-0.0736910095705278
-0.41699,-0.0665843478201075
-0.41807,-0.0588357825810626
-0.41871,-0.0504581452550387
-0.41887,-0.041452702163929
-0.41853,-0.0318263724028229
-0.41768,-0.0215980427502349
-0.4163,-0.0107885480544387
-0.41435,0.000594872189861048
-0.41184,0.0125190054190135
-0.40874,0.0249600262762207
-0.40503,0.0378947924261469
-0.40071,0.0512864469256036
-0.39577,0.0650953729460878
-0.39019,0.0792881168148586
-0.38396,0.0938296635687886
-0.37709,0.108669882745696
-0.36957,0.123762596574938
-0.36139,0.139066082033148
-0.35256,0.154528603339081
-0.34309,0.170091824664432
-0.33297,0.185708546634855
-0.32221,0.201327164830603
-0.31083,0.216886682456939
-0.29883,0.232335140997057
-0.28624,0.247607286440513
-0.27306,0.262651315662191
-0.2593,0.277420530749357
-0.24501,0.29184431882005
-0.23018,0.305879352288229
-0.21485,0.319468815487621
-0.19903,0.33256908611998
-0.18276,0.345126532027406
-0.16606,0.357096061954217
-0.14895,0.368441074882297
-0.13147,0.379118422263609
-0.11365,0.38908864642868
-0.095505,0.398327837604282
-0.077082,0.406802034605089
-0.058405,0.414487526331432
-0.039507,0.421363273684223
-0.020419,0.42741286598619
-0.0011728,0.432623897338126
0.0182,0.436988088440844
0.037667,0.440500523807112
0.057199,0.443161891758434
0.076759,0.444971989909057
0.096321,0.445938396497534
0.11585,0.446068443605582
0.13531,0.445368646603197
0.15468,0.443856072684061
0.17392,0.441542061841615
0.19301,0.438448074600367
0.2119,0.434581193287057
0.23057,0.429959095546389
0.24899,0.424600299399087
0.26713,0.418523659303999
0.28496,0.411747927070018
0.30246,0.404298775191692
0.31958,0.396184671457781
0.33631,0.387429626247696
0.35263,0.378062189217293
0.3685,0.368099058360446
0.38389,0.357554335729585
0.3988,0.346461827459436
0.4132,0.334848128699961
0.42706,0.322733290945699
0.44038,0.310153693537633
0.45312,0.297128270501058
0.46529,0.283698292261092
0.47685,0.269884874359628
0.4878,0.255721801764154
0.49813,0.241244659052718
0.50782,0.226482015868088
0.51687,0.211470673987223
0.52526,0.196238144166403
0.53299,0.180818334291108
0.54005,0.165241826788775
0.54643,0.149535514741841
0.55214,0.133737185297717
0.55716,0.11787000547185
0.56149,0.10195930472265
0.56512,0.0860238434413806
0.56807,0.0700985306888302
0.57031,0.0541931485162197
0.57186,0.0383336896195242
0.57271,0.0225360833142898
0.57286,0.00681486994856331
0.57231,-0.00881717148093371
0.57106,-0.0243492730417445
0.56911,-0.039772821674925
0.56647,-0.0550740149166756
0.56314,-0.0702428567793268
0.55912,-0.0852729064241821
0.55441,-0.100160981228857
0.54902,-0.114899429508851
0.54295,-0.129484798208165
0.53622,-0.143902508761664
0.52882,-0.158151763923557
0.52077,-0.172220883201629
0.51207,-0.186104680586958
0.50273,-0.199796105323644
0.49277,-0.213279547231755
0.48218,-0.226555238679694
0.47099,-0.239606738813022
0.4592,-0.252426925734549
0.44683,-0.265001716358446
0.43388,-0.277326711734931
0.42039,-0.28937598101288
0.40635,-0.301144018834442
0.39178,-0.312619868772542
0.37671,-0.323781206483413
0.36116,-0.334604644379974
0.34513,-0.345081463209308
0.32866,-0.355185547928073
0.31176,-0.364899768910189
0.29446,-0.374200031118845
0.27679,-0.383057396276491
0.25877,-0.391447315902215
0.24042,-0.399349575524098
0.22179,-0.406725958886555
0.2029,-0.413547087552565
0.18378,-0.419784248686808
0.16446,-0.4254102063762
0.14497,-0.43039982818045
0.12536,-0.434715749568116
0.10564,-0.438341517764389
0.085869,-0.441241949815728
0.066067,-0.443396759551402
0.046269,-0.444787340323096
0.026512,-0.445395696197805
0.0068311,-0.445206448168912
-0.012743,-0.444210232171647
-0.032176,-0.44240036574388
-0.051435,-0.43977378679748
-0.07049,-0.436332818961212
-0.089312,-0.432085042151697
-0.10787,-0.427040822726454
-0.12613,-0.421210494632728
-0.14408,-0.41462056160248
-0.16168,-0.407289341816646
-0.17892,-0.399250425801438
-0.19577,-0.390534182332158
-0.21221,-0.381175099659639
-0.22822,-0.371210167718737
-0.24378,-0.360677481411312
-0.25889,-0.349629851891294
-0.27353,-0.338115787973121
-0.28767,-0.326171639182667
-0.30133,-0.313859914275191
-0.31448,-0.301225504083057
-0.32713,-0.288327391310193
-0.33926,-0.275212033826768
-0.35088,-0.261936584744617
-0.36198,-0.248550320298298
-0.37258,-0.235116833861517
-0.38266,-0.221679755225862
-0.39223,-0.208287380322646
-0.40131,-0.194997584460969
-0.4099,-0.181859338128584
-0.41801,-0.168920207928785
-0.42566,-0.156232417642971
-0.43286,-0.14384280965882
-0.43962,-0.131792274572946
-0.44596,-0.120122825195029
-0.4519,-0.108875865781949
-0.45745,-0.0980834118299665
-0.46265,-0.0877908361646786
-0.46751,-0.0780304818336285
-0.47204,-0.068822915422916
-0.47629,-0.060207819194597
-0.48025,-0.0521944428000098
-0.48397,-0.0448112121284988
-0.48746,-0.038071261299614
-0.49075,-0.0319894403217605
-0.49385,-0.0265663977304626
-0.4968,-0.0218131130898961
-0.4996,-0.0177186460772614
-0.50228,-0.0142764985196607
-0.50486,-0.0114761805608802
-0.50735,-0.00929654538370757
-0.50976,-0.0077081085745837
-0.51212,-0.00668995246868353
-0.51443,-0.00620618598313692
-0.5167,-0.00621697476904903
-0.51893,-0.0066727671506241
-0.52113,-0.00752472007516875
-0.52329,-0.00871093445631435
-0.52543,-0.0101827227268838
-0.52752,-0.0118663134936589
-0.52957,-0.0136992399826902
-0.53157,-0.015615041291302
-0.5335,-0.0175384817400058
-0.53535,-0.0193967541601746
-0.5371,-0.021113697013122
-0.53874,-0.0226200588242844
-0.54024,-0.0238394470356368
-0.54158,-0.0246994138404216
-0.54273,-0.0251255306137635
-0.54367,-0.0250514921969208
-0.54437,-0.0244122930832068
-0.5448,-0.0231461207151016
-0.54492,-0.0211884238417696
-0.5447,-0.0184820126117397
-0.54411,-0.0149776322656077
-0.54311,-0.0106268434895218
-0.54166,-0.00538366740158276
-0.53973,0.00078675192500832
-0.53728,0.00791623936824306
-0.53427,0.0160327933878626
-0.53066,0.0251600530604705
-0.52642,0.0353095936785308
-0.5215,0.0464972283719728
-0.51588,0.0587190731185943
-0.50951,0.0719771602706989
-0.50236,0.0862629722970152
-0.4944,0.101559264876425
-0.48559,0.117849183512216
-0.47591,0.135101446447747
-0.46532,0.153288394698434
-0.45381,0.172363501548336
-0.44134,0.192288149961729
-0.4279,0.213008675790781
-0.41347,0.234467884031032
-0.39804,0.256599669812658
-0.38159,0.279339755172737
-0.36412,0.302612158245838
-0.34563,0.326333430956809
-0.3261,0.350431110045259
-0.30555,0.374813986402155
-0.28398,0.399393053992734
-0.26138,0.424090991961186
-0.23779,0.448805186813231
-0.2132,0.473452587799994
-0.18763,0.497946233829004
-0.16111,0.522191281112944
-0.13365,0.546104229086323
-0.10529,0.569591183313624
-0.076047,0.592569842543714
-0.045959,0.614954411515436
-0.015062,0.636660576125634
0.016607,0.6576072808305
0.049004,0.677713665339201
0.082086,0.696902529685793
0.11581,0.715102313084986
0.15011,0.732231547781976
0.18494,0.748218396659197
0.22025,0.76299841339295
0.25597,0.776500728063325
0.29204,0.788659269245877
0.3284,0.799414290600899
0.36498,0.808706048273749
0.40172,0.816484498460848
0.43853,0.82268727371048
0.47536,0.827274016427123
0.51213,0.83020170678717
0.54876,0.83142703029829
0.58519,0.830923068809827
0.62132,0.828647940156001
0.6571,0.824586456802345
0.69245,0.818723828974625
0.72728,0.811039235945916
0.76153,0.80153035050414
0.79512,0.790195623226573
0.82797,0.777034750307974
0.86001,0.762056377307444
0.89118,0.745284047701729
0.92139,0.726730996604225
0.95058,0.706424434429188
0.97867,0.68438773268558
1,0.656512783100115
1,0.608872165814069
1,0.546530432021495
1,0.473960550991522
1,0.395062073106271
1,0.313184596659718
1,0.231155842427485
1,0.151313576425852
1,0.0755405904887481
1,0.00530194722007501
1,-0.0583162842492909
1,-0.114567536890786
1,-0.163005181171896
1,-0.203443506045162
1,-0.235919793396658
1,-0.260657958362963
1,-0.278034150533675
1,-0.288544633910241
1,-0.292776188420495
1,-0.291379204285689
1,-0.285043573784247
1,-0.274477423846633
1,-0.260388678078888
1,-0.243469388643534
1,-0.224382737112989
1,-0.203752568959319
1,-0.182155298608854
1,-0.160114000697143
1,-0.138094487932491
1,-0.116503166358904
1,-0.0956864542871284
0.99882,-0.0768045254265473
0.96777,-0.0819943066270266
0.93492,-0.107755650322581
0.90033,-0.150725769886498
0.86404,-0.207729362230799
0.82611,-0.275789403379672
0.7866,-0.352149894782897
0.74558,-0.434285009151336
0.7031,-0.519926188443191
0.65925,-0.607036019957485
0.6141,-0.693828226241677
0.56773,-0.778757345715119
0.52021,-0.860520875396009
0.47163,-0.938034073810962
0.42208,-1.01042003521273
0.37165,-1.07699724027366
0.32042,-1.13727253720648
0.26849,-1.19090886592018
0.21597,-1.23770282904733
0.16294,-1.27759278641949
0.1095,-1.31062464131304
0.055747,-1.33693827861371
0.0017894,-1.35674322241477
-0.052278,-1.37031529631937
-0.10635,-1.37797400167818
-0.16034,-1.38008410392366
-0.21412,-1.37701083455112
-0.26762,-1.36915674799487
-0.32071,-1.35690265279838
-0.3733,-1.34063400438481
-0.42529,-1.32072457050667
-0.47658,-1.29753050295193
-0.52705,-1.27137078212139
-0.57662,-1.24255639096019
-0.62519,-1.2113693101855
-0.67264,-1.17804603050349
-0.7189,-1.14281693382544
-0.76386,-1.10587140429468
-0.80744,-1.06738236007722
-0.84954,-1.02748931591035
-0.89008,-0.986315065445391
-0.92898,-0.943964682863995
-0.96614,-0.900510329238418
-1,-0.854914484162895
-1,-0.783815316707115
-1,-0.694095593226771
-1,-0.59179919353348
-1,-0.482162318558015
-1,-0.369651435132022
-1,-0.25800697595515
-1,-0.150291738626128
-1,-0.0489428971877183
-1,0.0441734541082452
-1,0.127706268774017
-1,0.200763011442371
-1,0.26285352153239
-1,0.313835090054135
-1,0.353859461386489
-1,0.383322365901866
-1,0.402816081784958
-1,0.413085418183818
-1,0.414987409333022
-1,0.409454912430789
-1,0.397464212336505
-1,0.380006654690643
-1,0.358064256599097
-1,0.332589181005678
-1,0.304486907459902
-1,0.274602888093778
-1,0.243712442971448
-1,0.212513623124809
-1,0.181622751960878
-1,0.151572345647486
-1,0.122811109807029
-0.99352,0.100499672839946
-0.95861,0.104909537573328
-0.92209,0.131902689559252
-0.88404,0.177540093146453
-0.84453,0.238124377882572
-0.80367,0.310196623400058
-0.76155,0.39057702849655
-0.71826,0.476380192033444
-0.6739,0.565016420117114
-0.62856,0.654203411145801
-0.58235,0.741948531089854
-0.53535,0.826566548656092
-0.48769,0.90662890408816
-0.43945,0.980991828380722
-0.39074,1.04875378773361
-0.34165,1.10925288701056
-0.2923,1.16202226728609
-0.24279,1.20678648985258
-0.19322,1.24343904209643
-0.1437,1.27201241451438
-0.094315,1.29267607462671
-0.045181,1.30568953573612
0.0036006,1.31139547402677
0.051934,1.31020483140743
0.099715,1.3025720972838
0.14685,1.28898767996622
0.19323,1.26995094502308
0.23878,1.24598413580197
0.28339,1.21759132888256
0.32697,1.18526588021736
0.36945,1.14949611370836
0.41074,1.11073991625631
0.45075,1.06941933760182
0.48941,1.02593149298944
0.52665,0.980642802307333
0.56239,0.933877396171961
0.59659,0.885945543544636
0.62917,0.837107504591304
0.66009,0.787604651128183
0.68929,0.737640491030894
0.71674,0.687403213383748
0.74239,0.637047185880891
0.76621,0.586708443578429
0.78817,0.536502821178677
0.80826,0.486539762146912
0.82646,0.436911445260386
0.84276,0.387699290176842
0.85715,0.338972119387931
0.86964,0.290799845436544
0.88022,0.243234948478478
0.88892,0.196342437384169
0.89574,0.150171967073569
0.90071,0.104780205750344
0.90384,0.0602117586720316
0.90518,0.0165285457390089
0.90475,-0.0262186789956903
0.90258,-0.0679833547762217
0.89873,-0.108702549217236
0.89323,-0.148325128493488
0.88614,-0.186789735451628
0.87751,-0.224036852621884
0.86739,-0.260011044312433
0.85584,-0.294655236448555
0.84291,-0.327920915132561
0.82868,-0.359746513431826
0.81321,-0.390077278972839
0.79657,-0.418858895818821
0.77881,-0.44605450855315
0.76002,-0.471613599464777
0.74027,-0.495491607181865
0.71962,-0.517658161945408
0.69816,-0.538073757106184
0.67595,-0.556715535203266
0.65308,-0.573553237109883
0.62962,-0.588566963976846
0.60564,-0.601746404851197
0.58122,-0.613082548128952
0.55644,-0.622568330254379
0.53138,-0.630199069616962
0.50611,-0.635980116289529
0.4807,-0.639925332500697
0.45522,-0.642055617501193
0.42976,-0.642382702970969
0.40438,-0.640933261767413
0.37915,-0.637738328258228
0.35413,-0.632839417523299
0.32938,-0.626285749631065
0.30498,-0.618116973881028
0.28096,-0.608401213092605
0.25739,-0.597198382187063
0.23433,-0.584567766665831
0.2118,-0.570596276574865
0.18986,-0.555361294217956
0.16855,-0.538945299095722
0.1479,-0.521440062990511
0.12794,-0.50294234455039
0.1087,-0.483550236309054
0.090199,-0.463368263237509
0.072457,-0.44250239364198
0.05549,-0.421059622281585
0.039305,-0.399151248739415
0.023909,-0.37688869851725
0.0093013,-0.354385794668298
-0.0045177,-0.331753966284985
-0.017558,-0.309106904492773
-0.029829,-0.286556074273111
-0.041345,-0.264211178967256
-0.052126,-0.242181130062212
-0.062193,-0.220571335997046
-0.071571,-0.199483791927053
-0.080292,-0.17901942842261
-0.088383,-0.159271130500837
-0.095883,-0.140330869029888
-0.10283,-0.122285839076307
-0.10925,-0.10520732006642
-0.1152,-0.0891738984433673
-0.12071,-0.0742470958936695
-0.12584,-0.0604943289731321
-0.13061,-0.0479554897644255
-0.13509,-0.0366832943578809
-0.13931,-0.0267089208683843
-0.14331,-0.0180518720532443
-0.14715,-0.010735639310846
-0.15087,-0.00477067794184849
-0.15451,-0.000155850719490388
-0.15811,0.00312007825072483
-0.16172,0.00506954001876989
-0.16537,0.0057210924092313
-0.1691,0.00510880035967919
-0.17295,0.00327087816744921
-0.17694,0.000263221035396123
-0.18111,-0.00385978703362309
-0.18547,-0.00902378270734807
-0.19006,-0.0151620619941208
-0.1949,-0.0222007492247887
-0.2,-0.0300544988345391
-0.20537,-0.0386307840500904
-0.21102,-0.0478336041629191
-0.21697,-0.0575740331141111
-0.22321,-0.0677490296343407
-0.22974,-0.0782543726211639
-0.23657,-0.0889951808589857
-0.24368,-0.0998646369563256
-0.25107,-0.110764188993361
-0.25872,-0.121590090231976
-0.26663,-0.132252328603853
-0.27476,-0.142645202596489
-0.28312,-0.152690623474017
-0.29167,-0.162298386272919
-0.30039,-0.171386274045964
-0.30925,-0.179873888731253
-0.31823,-0.187692454312018
-0.3273,-0.19477765019335
-0.33642,-0.201063736182872
-0.34556,-0.206493651049665
-0.35468,-0.21101213967945
-0.36376,-0.214582361567079
-0.37275,-0.217161821805377
-0.38161,-0.218712692151006
-0.3903,-0.219202593438875
-0.3988,-0.218619869045349
-0.40704,-0.21693357285052
-0.415,-0.214135652116856
-0.42264,-0.210222556258868
-0.4299,-0.205180276897913
-0.43676,-0.199016899310273
-0.44318,-0.191743864340328
-0.4491,-0.183360749914417
-0.4545,-0.173887642884001
-0.45934,-0.16334629093969
-0.46357,-0.15175223266976
-0.46716,-0.139130756241341
-0.47007,-0.12550728255561
-0.47228,-0.110921767155995
-0.47374,-0.0954029149335773
-0.47443,-0.0789920233721784
-0.47432,-0.0617322489008696
-0.47338,-0.0436672695253682
-0.47158,-0.0248401499609792
-0.4689,-0.00529979812297489
-0.46533,0.0148940154018429
-0.46083,0.035696511192091
-0.45541,0.0570392228278896
-0.44904,0.0788660354546806
-0.44172,0.101110173297727
-0.43344,0.123705553418338
-0.4242,0.146581158862567
-0.41399,0.169671461980456
-0.40283,0.192895134381611
-0.39071,0.216182705146434
-0.37764,0.239461602243138
-0.36365,0.262644212398926
-0.34874,0.285655650846771
-0.33294,0.308411471490358
-0.31627,0.330829568639645
-0.29876,0.352824943768066
-0.28043,0.374320387662766
-0.26132,0.395232731251534
-0.24146,0.415484133059095
-0.22091,0.434981473252506
-0.19969,0.453651933831906
-0.17786,0.471412007629979
-0.15546,0.4881871984532
-0.13254,0.503905492983105
-0.10917,0.51848465540213
-0.085385,0.53186293866625
-0.061255,0.543971550384399
-0.036834,0.554750375649047
-0.012186,0.564141196161713
0.012626,0.57209031579188
0.037537,0.57854833894119
0.062485,0.583473576230904
0.087404,0.586829408099077
0.11223,0.588586457757585
0.13689,0.588716004593342
0.16132,0.587197951980732
0.18545,0.584015911030421
0.20922,0.579164955646193
0.23257,0.572650158358287
0.25543,0.564477729183668
0.27773,0.554655201554834
0.29943,0.543213697868859
0.32046,0.530180857472186
0.34077,0.515596047317151
0.36031,0.499507476292347
0.37902,0.48196219768605
0.39687,0.463027612503652
0.41381,0.442771244099599
0.4298,0.421266567505005
0.44481,0.398597490524069
0.45882,0.374861640497938
0.47178,0.350143012966452
0.48368,0.324541979527012
0.4945,0.298162003646717
0.50422,0.271106192541634
0.51284,0.243489253631814
0.52034,0.215417184554455
0.52671,0.186993250223608
0.53196,0.158330201378336
0.53609,0.129537638975893
0.5391,0.100719256121181
0.541,0.0719781078375634
0.54179,0.0434060332755897
0.5415,0.0151049634999928
0.54013,-0.0128405756390763
0.53771,-0.0403408295125128
0.53425,-0.0673197175391462
0.52977,-0.0937075479750459
0.52431,-0.119427601876157
0.51788,-0.144422486039396
0.51052,-0.168630503165239
0.50225,-0.192003702575158
0.4931,-0.214499880362954
0.4831,-0.236083374719207
0.47229,-0.256718124678929
0.4607,-0.276376856233432
0.44836,-0.295040842155056
0.43531,-0.312692070572017
0.42158,-0.329321678111138
0.40721,-0.344921686949211
0.39223,-0.359493082665245
0.37668,-0.373037266071838
0.3606,-0.38555651150351
0.34403,-0.397054271655916
0.327,-0.407542751915815
0.30955,-0.417033963528856
0.29172,-0.425539877355317
0.27355,-0.433072507766814
0.25508,-0.439643941285596
0.23635,-0.445266322758617
0.21739,-0.449959208253359
0.19823,-0.453747878975366
0.17893,-0.45663961603988
0.15951,-0.458656778042266
0.14001,-0.459818667243363
0.12046,-0.46014916373059
0.1009,-0.45966794052192
0.081353,-0.458403437290336
0.061861,-0.456376440916305
0.04245,-0.4536129122803
0.023152,-0.450137895188347
0.0039945,-0.445978378436113
-0.014991,-0.441159244779014
-0.033781,-0.435708916414829
-0.052346,-0.429653441133878
-0.070663,-0.423021015528022
-0.08871,-0.415841490908311
-0.10646,-0.408141480046445
-0.12389,-0.39994713619844
-0.14098,-0.391285649603577
-0.15771,-0.382184196824253
-0.17406,-0.372669083537756
-0.19001,-0.362765064642714
-0.20554,-0.352494825149946
-0.22064,-0.341886003275795
-0.23529,-0.330961925857823
-0.24947,-0.319741641096241
-0.26318,-0.308254840231211
-0.27639,-0.29651662666842
-0.2891,-0.284551928762059
-0.30128,-0.272370537991054
-0.31294,-0.259999154585709
-0.32405,-0.24744761020274
-0.3346,-0.234726456293915
-0.34459,-0.221853721612633
-0.35401,-0.20884538535464
-0.36283,-0.195700357163743
-0.37106,-0.182433184520342
-0.37868,-0.169048245617599
-0.38568,-0.15554880727933
-0.39205,-0.141936959407873
-0.39778,-0.128213602352595
-0.40287,-0.114385875532516
-0.4073,-0.10045080701134
-0.41107,-0.0864119886318453
-0.41417,-0.0722706661275752
-0.41659,-0.0580260262212543
-0.41832,-0.0436754865239029
-0.41935,-0.0292149819691526
-0.41969,-0.0146540386293228
-0.41933,1.99612583289205e-06
-0.41827,0.0147439700815523
-0.4165,0.029567382942004
-0.41402,0.0444642894946025
-0.41083,0.0594242576305424
-0.40694,0.0744278022219914
-0.40235,0.0894561149410013
-0.39706,0.10449149615406
-0.39108,0.11951028751976
-0.38442,0.134484730500422
-0.37708,0.149391972910526
-0.36908,0.164199024890978
-0.36043,0.178873093171508
-0.35115,0.193375120970404
-0.34125,0.207669550383727
-0.33076,0.221709927063929
-0.31968,0.23546457831139
-0.30805,0.24888517388224
-0.29589,0.261926209291651
-0.28323,0.274538458011245
-0.2701,0.286671207181022
-0.25653,0.298274116468964
-0.24255,0.309298728353637
-0.2282,0.319692261196238
-0.21351,0.329407528559561
-0.19852,0.338396015804886
-0.18327,0.346609748178134
-0.1678,0.354002795628368
-0.15216,0.360525049206755
-0.13638,0.366139513633916
-0.12052,0.370798938296897
-0.10461,0.374471633865
-0.088699,0.377125644746817
-0.072834,0.378731539564451
-0.057058,0.379266071363629
-0.041419,0.378708310037801
-0.025958,0.377045336820655
-0.010718,0.374269964306071
0.004257,0.370379481387245
0.018928,0.365378948987354
0.033254,0.359278461002467
0.047198,0.35209522381384
0.060727,0.343855024696969
0.073805,0.334587989877547
0.086402,0.324331678210977
0.09849,0.313130389071837
0.11004,0.30103217442335
0.12103,0.288092209309303
0.13144,0.274371584044298
0.14124,0.2599272571117
0.15043,0.244833600810441
0.15899,0.229162293228821
0.1669,0.21298092624669
0.17416,0.196366725717036
0.18075,0.179387729380465
0.18668,0.162124790358106
0.19194,0.14465195729985
0.19653,0.127042984986919
0.20045,0.109369147752408
0.20371,0.0917049012475234
0.20632,0.074124936455555
0.20827,0.0566869742834268
0.20958,0.0394552811135365
0.21028,0.0225046402122289
0.21036,0.00588628921566206
0.20985,-0.0103397820452303
0.20876,-0.0261234236088384
0.20713,-0.0414020786527262
0.20496,-0.0561349539822134
0.20229,-0.0702708381196828
0.19914,-0.0837668155772505
0.19553,-0.0965883411072588
0.19151,-0.108686895823402
0.18709,-0.120034103105783
0.18231,-0.130596928291542
0.1772,-0.140347392772559
0.17179,-0.149262862835427
0.16612,-0.157318737810806
0.16023,-0.16448998638071
0.15415,-0.170759774453343
0.14791,-0.176118801093754
0.14155,-0.180557161336321
0.13512,-0.184057780036752
0.12864,-0.186620864233601
0.12215,-0.188246169925473
0.1157,-0.188926099021929
0.10931,-0.188669881174567
0.10303,-0.187478232351519
0.096892,-0.185358629750636
0.090929,-0.182323369012223
0.085179,-0.178384895762044
0.079674,-0.17356014954982
0.074445,-0.167870225658494
0.069525,-0.161337752149104
0.064941,-0.153990626566739
0.060724,-0.145857468178776
0.056897,-0.136972781775425
0.053487,-0.127372063822814
0.050515,-0.117095200103543
0.048,-0.106186102695585
0.045962,-0.0946900654891416
0.044419,-0.0826537839612152
0.043381,-0.0701297407584419
0.042864,-0.0571692062575834
0.042875,-0.0438276913822826
0.043422,-0.0301618050354529
0.044508,-0.0162311010447094
0.046138,-0.00209428249463044
0.048308,0.0121857300254074
0.051016,0.0265459870634947
0.054258,0.0409239568887051
0.058021,0.0552527261534306
0.062298,0.0694683651415507
0.067071,0.0835032394590426
0.072325,0.0972910951745012
0.078039,0.110764488289333
0.084193,0.1238579450086
0.090759,0.136503823168949
0.097713,0.148637928409705
0.10502,0.160192875964191
0.11266,0.171112071901788
0.12059,0.181332615624274
0.12878,0.190798322277267
0.13719,0.199453042742072
0.14578,0.207242685418236
0.15453,0.2141315943766
0.16337,0.220063508276889
0.17229,0.225011981403252
0.18123,0.228938892829347
0.19016,0.231820477195566
0.19903,0.23363093880651
0.20781,0.234358873894688
0.21645,0.233990535366881
0.22491,0.232518574813895
0.23316,0.229948900219216
0.24114,0.226276254483939
0.24884,0.221523961585882
0.25619,0.215693836559436
0.26318,0.208815091969966
0.26975,0.200901652361698
0.27587,0.191977281416411
0.28151,0.182073350311141
0.28663,0.171219417871576
0.2912,0.159450439604019
0.29517,0.146790208265231
0.29853,0.133282634355123
0.30122,0.118949838694089
0.30323,0.10383286622152
0.30453,0.0879722069979498
0.30507,0.0713920855650706
0.30484,0.0541325557601026
0.30381,0.0362305587005621
0.30195,0.0177195099206255
0.29924,-0.00136357531405526
0.29565,-0.0209872473619517
0.29117,-0.0411106964460808
0.28578,-0.061694168604254
0.27946,-0.0826999528264205
0.27219,-0.104093146961933
0.26397,-0.125827427423519
0.25479,-0.147856072654686
0.24464,-0.170133474405201
0.23353,-0.192601553189905
0.22145,-0.215208731055779
0.2084,-0.23790288805588
0.1944,-0.260618326203566
0.17945,-0.283295211708884
0.16358,-0.305858130743883
0.14679,-0.328243608715381
0.12912,-0.350370232686415
0.11058,-0.372166833484112
0.091203,-0.393555760878457
0.071027,-0.414452913684683
0.050084,-0.434776087118086
0.028412,-0.454442804763764
0.0060532,-0.473369940162746
-0.016946,-0.491473455134987
-0.040538,-0.508670456460515
-0.064674,-0.524880849399065
-0.089301,-0.54002640433517
-0.11436,-0.554028646318337
-0.1398,-0.566817533550317
-0.16557,-0.578332337967759
-0.19159,-0.588500680166963
-0.21781,-0.597265572347645
-0.24416,-0.604569840769695
-0.27059,-0.610373170443741
-0.29703,-0.61463582466164
-0.32341,-0.617320294461023
-0.34967,-0.61839994991556
-0.37573,-0.617843528239596
-0.40155,-0.615647112188856
-0.42704,-0.611792615160216
-0.45216,-0.606288624977462
-0.47682,-0.599128639078774
-0.50098,-0.590331723291519
-0.52456,-0.579908018124667
-0.54751,-0.567882906509053
-0.56976,-0.554279072827389
-0.59126,-0.539131657237478
-0.61195,-0.522477915323017
-0.63177,-0.504356181113762
-0.65067,-0.484812349127495
-0.6686,-0.463897461760355
-0.6855,-0.441658188897273
-0.70133,-0.418151405020527
-0.71604,-0.393433439519366
-0.72959,-0.367566175546046
-0.74194,-0.340614379708622
-0.75304,-0.312636032959434
-0.76287,-0.283704250234941
-0.77138,-0.253880138177901
-0.77855,-0.22323556491094
-0.78436,-0.191849005849091
-0.78876,-0.159779800963699
-0.79176,-0.127114422360279
-0.79331,-0.093914275558588
-0.79342,-0.0602629977218411
-0.79207,-0.0262374048893475
-0.78925,0.00808618789415946
-0.78495,0.0426342948770899
-0.77918,0.0773232990792521
-0.77193,0.11207887644261
-0.7632,0.146829251191892
-0.75301,0.181492325840101
-0.74136,0.215995175604196
-0.72827,0.250259958638291
-0.71376,0.28420749960033
-0.69783,0.317775022261897
-0.68052,0.350885663424613
-0.66185,0.383468653142675
-0.64184,0.415460637020001
-0.62054,0.446784375809812
-0.59797,0.477376316571253
-0.57416,0.507178886027804
-0.54916,0.536126741794517
-0.52301,0.564158076483328
-0.49575,0.591216239034269
-0.46742,0.617250914225254
-0.43808,0.642204117043109
-0.40776,0.666036077814446
-0.37654,0.688686458965373
-0.34445,0.710117580118564
-0.31155,0.730289495205751
-0.27789,0.749169548457127
-0.24354,0.766717682038684
-0.20856,0.782896954416699
-0.173,0.797681921004054
-0.13693,0.811042895005898
-0.1004,0.822962941819522
-0.063491,0.83341350635957
-0.026264,0.842372766330107
0.011217,0.849823216323127
0.04888,0.855745896711029
0.086659,0.86012611385008
0.12448,0.862947564528322
0.16228,0.864201675608813
0.19998,0.863874942893427
0.2375,0.86194992490752
0.27479,0.858429052248369
0.31177,0.85330891795735
0.34836,0.846581876767082
0.3845,0.838252206811897
0.42012,0.828326623595874
0.45515,0.816813951745834
0.48952,0.803724780978054
0.52317,0.789078515863065
0.55602,0.772886617664885
0.58803,0.755183655033959
0.61911,0.735985143709671
0.64923,0.715335389928569
0.67831,0.693263920893467
0.7063,0.669809891773332
0.73315,0.645019282430917
0.75881,0.618942437396397
0.78322,0.591624539879425
0.80635,0.563127614912836
0.82815,0.533510816572087
0.84858,0.502836769229741
0.86761,0.471176548540051
0.88519,0.43859125237746
0.90131,0.40516174269087
0.91594,0.370967696582151
0.92904,0.33607811310065
0.94061,0.300580871261577
0.95062,0.264554258367918
0.95906,0.228081216782772
0.96591,0.191238475047081
0.97117,0.154110102803675
0.97484,0.116783424761114
0.9769,0.0793308225010343
0.97735,0.0418249990035873
0.97619,0.00433644970556065
0.97343,-0.0330611389306563
0.96907,-0.0703014282360716
0.96311,-0.107326353724187
0.95557,-0.144071882346848
0.94645,-0.180486278228818
0.93576,-0.216522325208611
0.92352,-0.252130947356111
0.90974,-0.287270901643624
0.89446,-0.321886793376387
0.87768,-0.355943485232153
0.85943,-0.389401529928523
0.83975,-0.422212266972643
0.81866,-0.454336276385754
0.79619,-0.485735817266314
0.77239,-0.516361287139851
0.74728,-0.546177580960924
0.72091,-0.575140577705049
0.69332,-0.60320800039134
0.66457,-0.630325917266012
0.63469,-0.656455136351847
0.60375,-0.681540322886931
0.57179,-0.705537296806228
0.53888,-0.728390363548411
0.50506,-0.750058720756191
0.47042,-0.770478185614314
0.43501,-0.789597513629913
0.3989,-0.807362959353421
0.36216,-0.823720701361583
0.32486,-0.838618800535472
0.28707,-0.852008735066694
0.24887,-0.86383915746895
0.21034,-0.874058331613764
0.17155,-0.882623503605987
0.13259,-0.889486038197179
0.093527,-0.894611395804441
0.054447,-0.897963806293601
0.015429,-0.899513177404293
-0.023449,-0.899236069932006
-0.062105,-0.897112606827409
-0.10046,-0.893129055207803
-0.13844,-0.887281213547003
-0.17596,-0.879565044920069
-0.21296,-0.869995728856102
-0.24935,-0.85858181822254
-0.28506,-0.845341530829541
-0.32002,-0.830300801305954
-0.35417,-0.813498879855366
-0.38744,-0.79497767501186
-0.41976,-0.774780448185392
-0.45107,-0.752958072202321
-0.48133,-0.729581232768772
-0.51046,-0.704705331364847
-0.53842,-0.678401705063593
-0.56516,-0.650745341164248
-0.59064,-0.621819629764992
-0.61481,-0.591705130757471
-0.63763,-0.560485327907531
-0.65907,-0.528251134668285
-0.67908,-0.495082093250481
-0.69766,-0.461083236827446
-0.71476,-0.426340134244861
-0.73036,-0.390942278223064
-0.74445,-0.354986987022631
-0.75701,-0.318567519203517
-0.76803,-0.281778350344695
-0.77748,-0.244697159401352
-0.78538,-0.20742247701387
-0.79171,-0.170036898034516
-0.79647,-0.132622193111547
-0.79967,-0.0952640800102762
-0.80131,-0.0580411571209302
-0.80141,-0.0210383380924235
-0.79997,0.0156720858915535
-0.79701,0.0520158161131386
-0.79255,0.0879196133395345
-0.78661,0.123313747341643
-0.77922,0.158126490584902
-0.7704,0.192294528786315
-0.76019,0.225748949242977
-0.74861,0.258433679045718
-0.73572,0.290275634486037
-0.72153,0.321227663935227
-0.7061,0.351228526961487
-0.68947,0.380222772785172
-0.67169,0.408154408678141
-0.6528,0.434976600086293
-0.63287,0.460629659486539
-0.61195,0.485060604720104
-0.59009,0.508223947205691
-0.56735,0.530074737999746
-0.5438,0.550562938802168
-0.51949,0.569651190656502
-0.4945,0.587291816842006
-0.4689,0.603438124311389
-0.44274,0.618060869325726
-0.41611,0.63111669760557
-0.38906,0.642582229526076
-0.36167,0.652429229364469
-0.33401,0.660634290773483
-0.30615,0.667179099987091
-0.27817,0.67204310216255
-0.25013,0.675219816428147
-0.2221,0.676707416719839
-0.19415,0.676508397483599
-0.16635,0.674629163402061
-0.13877,0.671079566469889
-0.11147,0.665879809042789
-0.084512,0.659056835829417
-0.057969,0.650634561180356
-0.031894,0.640648957252231
-0.0063475,0.629139525729763
0.018611,0.616148582382451
0.042934,0.60172870033303
0.066566,0.585933610768052
0.089459,0.5688222589949
0.11157,0.550460042785182
0.13286,0.530918860448213
0.15328,0.510266579589046
0.17281,0.48858744847678
0.19142,0.465969235330549
0.20906,0.442485327269102
0.22573,0.418232388167799
0.2414,0.393300895009417
0.25605,0.367781091800892
0.26968,0.341775136909735
0.28227,0.315376958256218
0.29382,0.288685767270777
0.30432,0.261794576639903
0.31379,0.23481065092965
0.32222,0.207827206920115
0.32963,0.180945305378792
0.33603,0.15426166851866
0.34143,0.127866337282073
0.34587,0.101863111773589
0.34936,0.076341270901839
0.35194,0.0513975060706766
0.35362,0.0271090009311955
0.35445,0.00356398886345504
0.35445,-0.0191656944851307
0.35368,-0.0409945436862979
0.35215,-0.0618660789421739
0.34992,-0.0817125553980682
0.34702,-0.100481955197843
0.34351,-0.118114948493113
0.33941,-0.134578282212395
0.33478,-0.149831840515277
0.32965,-0.16385403489824
0.32407,-0.176624785469153
0.31809,-0.188126533072103
0.31174,-0.198359748582871
0.30507,-0.207325354398485
0.29811,-0.215040095824529
0.29091,-0.221518894337839
0.28351,-0.226782813252407
0.27594,-0.230865268328905
0.26824,-0.233801877358946
0.26044,-0.23563696439298
0.25257,-0.236421127096962
0.24466,-0.236209060573466
0.23675,-0.235050241043753
0.22885,-0.23301107597066
0.22099,-0.230155285978612
0.21319,-0.226550297910368
0.20547,-0.222264845020178
0.19784,-0.217374341461221
0.19032,-0.211950196444356
0.18292,-0.206066043352444
0.17564,-0.199802651700216
0.1685,-0.193229467244754
0.1615,-0.186419560084858
0.15463,-0.179454138884107
0.14791,-0.172396359070793
0.14131,-0.165329808230182
0.13485,-0.158315000726334
0.12852,-0.151414044534866
0.1223,-0.144695654397921
0.11619,-0.138216818891684
0.11017,-0.132037891275789
0.10425,-0.126197661522059
0.098396,-0.120748537190711
0.092605,-0.11572906950451
0.08686,-0.111175451181305
0.081149,-0.107116785551124
0.075457,-0.103577377506084
0.069771,-0.100575012048594
0.064077,-0.0981219650037735
0.058361,-0.096225234913267
0.052612,-0.0948846659066658
0.046818,-0.0940945990647342
0.040968,-0.0938438909564844
0.035051,-0.0941168388433422
0.029059,-0.0948918568120403
0.022983,-0.0961435527018841
0.016817,-0.0978415775135877
0.010556,-0.0999513427152124
0.0041923,-0.102437483491734
-0.002275,-0.105259684834275
-0.0088508,-0.108377473722512
-0.015533,-0.111745989507384
-0.022324,-0.115321233797782
-0.029222,-0.119057884235653
-0.036223,-0.122909084851327
-0.043327,-0.126830938747133
-0.050526,-0.130777213245612
-0.057816,-0.134704041057602
-0.065191,-0.138569240995571
-0.072643,-0.142331756681376
-0.080164,-0.145952679921999
-0.087747,-0.149396782959356
-0.095383,-0.152631460813222
-0.10306,-0.155625088487074
-0.11077,-0.158350861741771
-0.1185,-0.16078312251688
-0.12624,-0.162900292749717
-0.13397,-0.164677521809604
-0.14169,-0.166103035792394
-0.14938,-0.167161395669
-0.15702,-0.167834887960767
-0.16459,-0.168104691768768
-0.17209,-0.167966636421363
-0.1795,-0.167413941348706
-0.18679,-0.166430760792636
-0.19395,-0.165009385056496
-0.20096,-0.163141697839888
-0.20781,-0.160827091709013
-0.21446,-0.158049058677613
-0.22091,-0.15480849293165
-0.22713,-0.151098302106779
-0.23309,-0.146905332633285
-0.23878,-0.142226854720131
-0.24418,-0.137061390015664
-0.24925,-0.131393885749391
-0.25398,-0.125221082087043
-0.25835,-0.118542065037771
-0.26233,-0.1113505930502
-0.26589,-0.103636433623461
-0.26902,-0.0954013271291366
-0.27168,-0.0866345619705171
-0.27385,-0.0773305845611591
-0.2755,-0.0674808620935066
-0.27662,-0.0570895915665563
-0.27717,-0.0461490511305916
-0.27714,-0.034664414001861
-0.27648,-0.0226216319159115
-0.27519,-0.0100286058637561
-0.27324,0.00311136821664414
-0.2706,0.0167986927729264
-0.26725,0.0310292608247923
-0.26316,0.0458027568026725
-0.25833,0.0610996665101378
-0.25272,0.0769150185788118
-0.24633,0.0932260429168239
-0.23912,0.110025748233152
-0.23109,0.12729041951497
-0.22223,0.144990845364237
-0.21251,0.163108912067508
-0.20194,0.181606335947235
-0.19051,0.200444372780751
-0.17821,0.219584935752583
-0.16504,0.238984111324478
-0.151,0.258594503145563
-0.1361,0.278359835796033
-0.12034,0.298225651046887
-0.10374,0.318125720640797
-0.086313,0.337991396557684
-0.068076,0.357751102693579
-0.049051,0.377329297203345
-0.029265,0.39664577319209
-0.0087449,0.415619022527783
0.012474,0.434162730405886
0.034355,0.452188287960664
0.056861,0.469607653146214
0.079945,0.48632865411674
0.10356,0.502258668752613
0.12766,0.517308377367008
0.15218,0.531379945395068
0.17707,0.544382896880875
0.20227,0.55622826085697
0.22771,0.566823848193693
0.25332,0.576077947456262
0.27903,0.583902314461761
0.30477,0.590214518671806
0.33047,0.594939710139116
0.35603,0.597989676194239
0.38139,0.599298088274302
0.40645,0.598789188153001
0.43114,0.59640457940949
0.45536,0.592079997656555
0.47904,0.585771120662333
0.50209,0.57743687412357
0.52441,0.567033282637336
0.54594,0.554545552008727
0.56657,0.539946595861215
0.58624,0.523237867806155
0.60486,0.504422336905401
0.62235,0.483512224144506
0.63863,0.460527556892432
0.65363,0.435502155594327
0.66728,0.408480661851251
0.6795,0.379508415588889
0.69024,0.348652803393788
0.69943,0.315982856939542
0.70702,0.281582290519952
0.71295,0.245537369997886
0.71717,0.207941789279159
0.71965,0.168907730980158
0.72032,0.128529852868957
0.71917,0.0869305935892908
0.71616,0.0442293299449028
0.71126,0.000547111933976722
0.70446,-0.0439822509243429
0.69573,-0.0892332420228593
0.68507,-0.135068486228492
0.67247,-0.181352472715179
0.65793,-0.227947842334583
0.64147,-0.274705114792386
0.6231,-0.321476969834227
0.60284,-0.368114972772949
0.58072,-0.414467030583876
0.55677,-0.460382891999967
0.53104,-0.505703797202788
0.50358,-0.550269199379129
0.47444,-0.593922279536031
0.44369,-0.636499557692966
0.41139,-0.677844930682421
0.37761,-0.717806053775681
0.34245,-0.756216580767623
0.30597,-0.792934020941645
0.26829,-0.827795712972574
0.22948,-0.860665256426947
0.18966,-0.891395324392459
0.14893,-0.919849776880333
0.1074,-0.945899023115161
0.065179,-0.969424273853379
0.022389,-0.99031034818216
-0.020851,-1.00845162111208
-0.06442,-1.0237528710286
-0.1082,-1.03613338967684
-0.15205,-1.04551067789426
-0.19587,-1.05183466678953
-0.23951,-1.05504713465752
-0.28286,-1.05511574221201
-0.32579,-1.05201637625894
-0.36817,-1.04573345732734
-0.40989,-1.03627470340893
-0.45081,-1.02364538950195
-0.49083,-1.00787937176713
-0.52983,-0.989018908516828
-0.56769,-0.967112899181599
-0.6043,-0.942222599062808
-0.63955,-0.914418421557051
-0.67335,-0.883791830672247
-0.70559,-0.850434709251197
-0.73618,-0.814452206664069
-0.76503,-0.77595785672311
-0.79205,-0.73506932783425
-0.81716,-0.691912183503921
-0.84029,-0.646622609155129
-0.86138,-0.599349241428302
-0.88035,-0.55023203441032
-0.89715,-0.499422325259087
-0.91174,-0.447083822732416
-0.92408,-0.393385604096424
-0.93412,-0.338488841378621
-0.94185,-0.282573189516658
-0.94723,-0.225805714725189
-0.95026,-0.168367863684017
-0.95093,-0.1104397632002
-0.94924,-0.0522023167606988
-0.94519,0.00616860459648508
-0.9388,0.0644919981232031
-0.9301,0.122581131496091
-0.9191,0.180265459151895
-0.90585,0.237363557905177
-0.89038,0.293706029404251
-0.87273,0.349131511384603
-0.85298,0.403461115073788
-0.83116,0.456544873119469
-0.80735,0.508224506290639
-0.78161,0.558355438980404
-0.75403,0.60678722532002
-0.72468,0.653384923108397
-0.69365,0.698016348913318
-0.66102,0.74056393682292
-0.6269,0.780904335122919
-0.59138,0.818929084886163
-0.55456,0.854538704355766
-0.51655,0.887637681581555
-0.47745,0.918145108988127
-0.43737,0.945988063862379
-0.39644,0.971088641101085
-0.35476,0.993390571495071
-0.31245,1.01284310268783
-0.26963,1.02940262287585
-0.22643,1.04302633807533
-0.18294,1.05370408902536
-0.13931,1.06140914598746
-0.095641,1.06613953890536
-0.052055,1.06789889268008
-0.00867,1.06669927270524
0.034401,1.06256393147162
0.077041,1.05552250913777
0.11914,1.04561506495862
0.16059,1.03289128620689
0.20129,1.01741322737321
0.24113,0.999245287723159
0.28002,0.978467440537537
0.31785,0.955155825414997
0.35454,0.92940410189591
0.38999,0.901303142232771
0.42414,0.870969034527028
0.45688,0.838498352178533
0.48817,0.804021274286421
0.51791,0.767647295752652
0.54606,0.729510678414128
0.57255,0.689739792369782
0.59732,0.648462064979865
0.62033,0.605815302931475
0.64153,0.561934287910594
0.66089,0.516962168418727
0.67837,0.471037164818037
0.69395,0.424304101339299
0.7076,0.376901274087672
0.7193,0.328964763433805
0.72905,0.280639302857695
0.73684,0.232064579111093
0.74266,0.183371666073803
0.74653,0.134702509950553
0.74846,0.0861957318953201
0.74846,0.037982631970819
0.74655,-0.00980848939692229
0.74276,-0.0570488049510987
0.73713,-0.103606154702497
0.72969,-0.149357683106476
0.72049,-0.194177618564686
0.70957,-0.237949708583087
0.69699,-0.280554822987469
0.6828,-0.321883238184125
0.66707,-0.36182211411267
0.64986,-0.400267675778586
0.63124,-0.437120007716683
0.6113,-0.472271362182268
0.59009,-0.505641309788578
0.56771,-0.537137800236353
0.54424,-0.566677843423979
0.51976,-0.594189132908991
0.49435,-0.619611072281354
0.46812,-0.642873093351825
0.44115,-0.663921785109288
0.41354,-0.682705307803533
0.38537,-0.699190354355411
0.35673,-0.713353127224599
0.32773,-0.725164389874365
0.29846,-0.734607092807663
0.269,-0.741682825017778
0.23945,-0.746394307169137
0.20991,-0.748745991232396
0.18045,-0.748766628648151
0.15117,-0.746482405292743
0.12215,-0.741932277871055
0.093471,-0.735164406227205
0.065216,-0.726232238216634
0.037456,-0.715201503604183
0.010267,-0.70214289106623
-0.016281,-0.687134081863155
-0.042124,-0.670261133019902
-0.067199,-0.651615603958565
-0.091446,-0.631293501825571
-0.11481,-0.609395718056442
-0.13724,-0.586027437978042
-0.1587,-0.561305616934897
-0.17913,-0.535335783419197
-0.1985,-0.508233498581538
-0.21677,-0.480111733848251
-0.23392,-0.451092889835331
-0.24992,-0.421295987678251
-0.26474,-0.390833764521447
-0.27837,-0.359825221045149
-0.29079,-0.328383329410309
-0.302,-0.296627421320521
-0.31198,-0.264663374523947
-0.32073,-0.232597527997169
-0.32827,-0.200547846091186
-0.33459,-0.168615609307544
-0.3397,-0.136899973027884
-0.34363,-0.105509723641682
-0.34638,-0.0745355070979518
-0.34798,-0.044072267798449
-0.34845,-0.0142076173598245
-0.34782,0.0149725671523344
-0.34612,0.0433869922706002
-0.34338,0.070961131073546
-0.33965,0.0976140166453373
-0.33494,0.123292140034603
-0.32932,0.147922100110491
-0.32281,0.171454302732399
-0.31547,0.193830984859428
-0.30734,0.215005020137577
-0.29846,0.234939989262542
-0.2889,0.253587754973744
-0.27869,0.270922435974055
-0.2679,0.286908020470977
-0.25657,0.301524274544602
-0.24475,0.314757602726768
-0.23251,0.326586087437372
-0.2199,0.336997189035433
-0.20696,0.345994340462886
-0.19376,0.35357223926779
-0.18034,0.359741497243346
-0.16677,0.364503677047069
-0.15308,0.367883141913315
-0.13933,0.369900326487797
-0.12556,0.370587238753638
-0.11183,0.369970020988551
-0.098184,0.368081623084887
-0.084656,0.364967356753644
-0.071291,0.360673482839564
-0.05813,0.355249036137841
-0.045209,0.348747912171642
-0.032563,0.341227416982683
-0.020226,0.332746962269638
-0.0082274,0.323369573160607
0.0034035,0.313159634075762
0.014643,0.302185058075332
0.025465,0.290512981083212
0.035851,0.278213662537374
0.045784,0.265358993772731
0.055245,0.252018623928762
0.064224,0.238264989690805
0.072711,0.224170602790794
0.080697,0.209806566475843
0.088179,0.19524507931393
0.095151,0.180554736035495
0.10162,0.165808637781869
0.10757,0.151064157318479
0.11302,0.136389906307256
0.11798,0.121854619012243
0.12244,0.107510040126234
0.12642,0.0934145267533278
0.12992,0.0796149036470409
0.13297,0.0661691131507994
0.13557,0.0531198022023551
0.13773,0.0405030073389988
0.13947,0.0283553163619144
0.14082,0.0167196360920254
0.14178,0.00562010459794484
0.14237,-0.00492066266578339
0.14262,-0.0148750234798836
0.14254,-0.0242273277922771
0.14215,-0.032965122958132
0.14148,-0.0410719681073282
0.14055,-0.0485365127678642
0.13938,-0.0553522652035757
0.13799,-0.0615172638383517
0.1364,-0.0670336758134439
0.13464,-0.0718999462227665
0.13272,-0.0761267286224408
0.13067,-0.0797198009469378
0.1285,-0.0826959827379365
0.12625,-0.0850586679986049
0.12392,-0.0868301963783025
0.12153,-0.0880330542284265
0.11911,-0.0886820933154515
0.11667,-0.0888006083420272
0.11423,-0.0884108607679504
0.1118,-0.0875412377251189
0.1094,-0.0862170450148936
0.10704,-0.0844679317384411
0.10474,-0.0823189417680525
0.10249,-0.0798129825217581
0.10032,-0.0769766788061042
0.098227,-0.0738472371384531
0.096219,-0.0704612528164389
0.094301,-0.066856040681563
0.092474,-0.0630714039493466
0.09074,-0.0591472754441452
0.089098,-0.0551247495751146
0.087543,-0.0510476021617431
0.086074,-0.0469575087544867
0.084682,-0.0428990991405208
0.083359,-0.0389172784689297
0.082097,-0.0350557822184894
0.080886,-0.0313575006985816
0.079709,-0.0278684426511585
0.078558,-0.0246289997791469
0.077416,-0.0216803473996144
0.076268,-0.0190614315410244
0.075099,-0.0168080657238761
0.07389,-0.0149552308884907
0.072626,-0.0135330250490512
0.071286,-0.0125709145575661
0.069854,-0.0120930367350265
0.068311,-0.012120466507971
0.066639,-0.0126701634630491
0.064817,-0.0137571919383223
0.062829,-0.0153906487280819
0.060657,-0.017575719895195
0.058281,-0.0203154495614189
0.055687,-0.0236063179623756
0.052853,-0.0274452172252935
0.049768,-0.0318210281409912
0.046412,-0.0367228499378653
0.042771,-0.0421355543337598
0.038831,-0.0480407729995869
0.034578,-0.0544177997731057
0.03,-0.0612429237731383
0.025086,-0.0684897344861364
0.019821,-0.0761331620814797
0.014201,-0.0841416322871369
0.0082135,-0.0924853593366843
0.0018515,-0.101132655020243
-0.0048907,-0.110050136945592
-0.012017,-0.119202594414845
-0.019533,-0.128555540662127
-0.027438,-0.13807135874543
-0.035736,-0.147714435272763
-0.044424,-0.157446615521594
-0.053502,-0.167231024359289
-0.062965,-0.177029216052709
-0.07281,-0.186804115039156
-0.083028,-0.196516452016249
-0.093612,-0.206127882161564
-0.10455,-0.215598312808418
-0.11584,-0.224894906227304
-0.12745,-0.233969577957748
-0.13938,-0.242787120654685
-0.1516,-0.251301694546166
-0.16411,-0.259482548766975
-0.17687,-0.267282601006911
-0.18986,-0.27465791988674
-0.20307,-0.281575956800318
-0.21646,-0.287992320841076
-0.23001,-0.293869353613486
-0.24369,-0.299168742817676
-0.25746,-0.303845595031058
-0.27129,-0.307858622973131
-0.28514,-0.311163477087338
-0.29899,-0.313729650704753
-0.31278,-0.315509380248122
-0.32647,-0.316457401726312
-0.34004,-0.316546812105217
-0.35342,-0.315729621476956
-0.36658,-0.313972069110365
-0.37947,-0.31123834242026
-0.39204,-0.307492309157017
-0.40424,-0.30269891943798
-0.41603,-0.296832706510929
-0.42736,-0.289869603623206
-0.43817,-0.281780310389399
-0.44843,-0.272554658764687
-0.45809,-0.262183777405603
-0.46709,-0.250653073170626
-0.4754,-0.237966287478638
-0.48296,-0.224120022332634
-0.48973,-0.209120358029232
-0.49567,-0.192981187896053
-0.50074,-0.175722659199816
-0.5049,-0.157369731991982
-0.5081,-0.137943466276872
-0.51032,-0.117483652357639
-0.51151,-0.0960221609038151
-0.51164,-0.0735986153900878
-0.51069,-0.0502653902053374
-0.50861,-0.0260616935405618
-0.5054,-0.00105214831759937
-0.50101,0.0247167682473075
-0.49543,0.0511848385433245
-0.48864,0.0782897842918079
-0.48063,0.105961970895759
-0.47136,0.134149956773901
-0.46085,0.162774093670852
-0.44907,0.191771248541151
-0.43602,0.221071285639991
-0.42169,0.250607921671535
-0.40608,0.280312614657384
-0.38921,0.310102329447285
-0.37105,0.339921852004785
-0.35164,0.36968845754773
-0.33097,0.39933680614826
-0.30907,0.428788131379962
-0.28594,0.457977557412688
-0.26162,0.486824004743986
-0.23612,0.515258147822967
-0.20947,0.543207683276083
-0.18171,0.570592952058599
-0.15288,0.597331006711275
-0.12301,0.623346386817244
-0.092162,0.648548567829601
-0.060377,0.672853389764935
-0.027713,0.696172075412668
0.0057671,0.718411470359905
0.039999,0.739476954422821
0.074912,0.759271148105151
0.11043,0.777693702444426
0.14648,0.794647515681003
0.18297,0.810027338079536
0.21981,0.823726349969716
0.25693,0.835654841183295
0.29421,0.845703081094346
0.33156,0.853771095568682
0.36888,0.859762845346346
0.40606,0.863581459263487
0.44299,0.865132825135757
0.47957,0.86433582421525
0.51568,0.861108072892629
0.55121,0.855376660638792
0.58604,0.847071768950341
0.62007,0.836143640454886
0.65318,0.822546153377393
0.68525,0.806238270989882
0.71617,0.787192451279992
0.74584,0.765401058183952
0.77415,0.740866202566651
0.80101,0.713613459678919
0.82631,0.683672691573534
0.84996,0.651092009954346
0.87189,0.615948499131541
0.892,0.578319069562196
0.91023,0.538308665132322
0.92651,0.496035207017872
0.94077,0.451624431444364
0.95298,0.405235010396512
0.96307,0.357018677302267
0.97102,0.307154721206644
0.9768,0.255832582014783
0.98037,0.203237444553351
0.98173,0.149575586609166
0.98087,0.095057162121332
0.97779,0.0398968994256442
0.9725,-0.0156855803054482
0.965,-0.0714805488809012
0.95533,-0.127262971962828
0.94351,-0.182817079521244
0.92958,-0.23792644775352
0.91357,-0.292388317132347
0.89554,-0.345995288947532
0.87552,-0.398565155594737
0.8536,-0.449897800276563
0.82982,-0.499822340144277
0.80425,-0.548175253483646
0.77697,-0.594797406964313
0.74806,-0.63953896782139
0.71759,-0.682270541963803
0.68565,-0.72286945524537
0.65233,-0.761223320311233
0.61771,-0.797240034159866
0.5819,-0.830825714722268
0.54499,-0.861903917816824
0.50707,-0.890415851359103
0.46825,-0.916305268706848
0.42863,-0.939528366931396
0.38832,-0.960046594483142
0.3474,-0.977850251381091
0.30599,-0.992924938080462
0.2642,-1.00526154632319
0.22211,-1.01487888950066
0.17985,-1.02178198561432
0.1375,-1.02600267445326
0.095174,-1.027569452525
0.052966,-1.02652311068259
0.010976,-1.02290970429353
-0.030702,-1.01678354718822
-0.071974,-1.00820489081123
-0.11274,-0.997233378554882
-0.15293,-0.983949329158698
-0.19243,-0.968415545209004
-0.23118,-0.950719383109028
-0.26909,-0.930943819457251
-0.30607,-0.909166358389088
-0.34206,-0.885480395946017
-0.37698,-0.859974979602686
-0.41077,-0.832748125635612
-0.44336,-0.803895061996971
-0.47469,-0.77351355004216
-0.5047,-0.741700644870948
-0.53333,-0.708550040040931
-0.56055,-0.674172146487601
-0.58629,-0.638658020928424
-0.61052,-0.602109907010875
-0.6332,-0.56462852911359
-0.65429,-0.526310247433472
-0.67377,-0.487259625797263
-0.69161,-0.447577124582896
-0.70779,-0.407364044651074
-0.72229,-0.366719056441121
-0.73509,-0.325735436276262
-0.7462,-0.284521137925247
-0.7556,-0.243170192938598
-0.7633,-0.201784371797841
-0.76931,-0.160468229127313
-0.77363,-0.119317625327144
-0.77628,-0.078432863262804
-0.77729,-0.0379217475821474
-0.77666,0.00212774228747059
-0.77444,0.0416098180475403
-0.77065,0.0804301936766826
-0.76533,0.118492440426876
-0.75852,0.155701853712387
-0.75027,0.191961135912283
-0.74062,0.227181784871891
-0.72962,0.26127826473971
-0.71733,0.294163239717498
-0.7038,0.325758572180678
-0.68909,0.355989159758465
-0.67327,0.384777889306293
-0.65639,0.412063804171488
-0.63852,0.437786742488548
-0.61973,0.461889719934151
-0.60009,0.484320749065074
-0.57965,0.505048955904786
-0.5585,0.524032633339161
-0.5367,0.541245518256133
-0.51432,0.556667955591399
-0.49143,0.570286977920987
-0.4681,0.582096161538966
-0.4444,0.592095303142462
-0.4204,0.600289957327827
-0.39617,0.606690871119659
-0.37176,0.611328143942408
-0.34726,0.614217718537742
-0.32273,0.615386454510195
-0.29823,0.61486980989308
-0.27382,0.612709708246706
-0.24956,0.608952602817174
-0.22552,0.603640346478266
-0.20175,0.596825081349835
-0.17831,0.588558732156784
-0.15524,0.57890668482182
-0.1326,0.567928828897804
-0.11043,0.55569395226121
-0.088782,0.542267390021227
-0.067686,0.527726256565326
-0.047184,0.512146222775341
-0.027306,0.495608599748964
-0.0080872,0.478193129536491
0.010451,0.459986219600765
0.02828,0.441071828209811
0.045383,0.421538188540397
0.061742,0.401473457326526
0.077344,0.380966753285831
0.092177,0.360105968165096
0.10624,0.338983391192091
0.11952,0.317683080226242
0.13202,0.296291567364984
0.14374,0.274892336505882
0.15469,0.253571039586112
0.16488,0.232412223893928
0.17431,0.21148930200871
0.18301,0.190886315329068
0.19097,0.17066340823513
0.19823,0.150896166604197
0.20481,0.131655143024334
0.21071,0.112989481240713
0.21597,0.0949586306395714
0.22061,0.0776132648132428
0.22465,0.060994929376165
0.22811,0.0451359922107469
0.23104,0.030082040291057
0.23344,0.0158504400228697
0.23536,0.0024716422640614
0.23681,-0.0100444147668675
0.23783,-0.0216830549025288
0.23844,-0.0324415933573596
0.23867,-0.0423202908017658
0.23854,-0.051329751061239
0.23809,-0.0594743919816677
0.23735,-0.0667614292153942
0.23633,-0.0732154015166546
0.23506,-0.0788598178860407
0.23358,-0.0837097484573092
0.2319,-0.0877956060087015
0.23005,-0.0911448995201018
0.22806,-0.0937823585756125
0.22595,-0.0957374566057678
0.22374,-0.0970429202581756
0.22145,-0.0977334123330968
0.21911,-0.0978369879117
0.21674,-0.0973831322731224
0.21435,-0.0964091706250203
0.21196,-0.0949504166043935
0.2096,-0.0930322544691176
0.20727,-0.0906935661420617
0.20498,-0.0879756611340827
0.20276,-0.0849058765768804
0.20061,-0.0815216692347246
0.19855,-0.0778527679820054
0.19657,-0.0739439561996403
0.1947,-0.0698212547870452
0.19292,-0.0655316989713023
0.19125,-0.0611082730025367
0.18968,-0.0565937721988609
0.18822,-0.0520227803367503
0.18686,-0.0474369273871835
0.18559,-0.042882199728324
0.18441,-0.0383992547022503
0.1833,-0.0340379248356572
0.18227,-0.0298316732670558
0.1813,-0.0258217862775294
0.18036,-0.022061866574438
0.17946,-0.0185841534088389
0.17857,-0.0154320795574332
0.17767,-0.0126492285003121
0.17674,-0.0102778259825502
0.17577,-0.00835015025716521
0.17473,-0.00690404146392443
0.1736,-0.00597306474062705
0.17236,-0.00558608679879809
0.17097,-0.00578184552425865
0.16943,-0.00657606127389566
0.16771,-0.00798728993989264
0.16578,-0.0100354968690358
0.16362,-0.0127334900652231
0.16121,-0.016087603661692
0.15853,-0.0200984217629562
0.15556,-0.0247615221498561
0.15228,-0.0300682218235915
0.14867,-0.0360063088551897
0.14474,-0.0425385531962335
0.14045,-0.0496452218473539
0.1358,-0.0572913633733791
0.13078,-0.0654378529528598
0.1254,-0.0740282376372331
0.11963,-0.0830229948479184
0.1135,-0.0923527888191349
0.10699,-0.101962965197646
0.10012,-0.111782507843541
0.092891,-0.121743128645125
0.08531,-0.131776136019287
0.077392,-0.141808493473606
0.069149,-0.151767935267192
0.060598,-0.161581196435308
0.051756,-0.171176353972537
0.042644,-0.180481761658092
0.033284,-0.189427441908017
0.023697,-0.197947679880431
0.013908,-0.205979340438837
0.0039428,-0.213462841674445
-0.006173,-0.2203436124831
-0.01641,-0.226570200968283
-0.026741,-0.232097123764384
-0.037138,-0.236884802517854
-0.047569,-0.240897002287151
-0.058005,-0.24410386064012
-0.068417,-0.24648194496221
-0.078773,-0.24801190991786
-0.089046,-0.24868241177248
-0.099202,-0.248484168181656
-0.10922,-0.247419893584524
-0.11906,-0.245488309208643
-0.12869,-0.242691301128055
-0.1381,-0.23904993519399
-0.14726,-0.234585787780524
-0.15613,-0.229313250801381
-0.1647,-0.22326305694267
-0.17295,-0.216471203557199
-0.18084,-0.208962461425092
-0.18836,-0.200774307698158
-0.19549,-0.19194626547279
-0.20221,-0.182518624225744
-0.20851,-0.172538746609064
-0.21437,-0.162051140335604
-0.21978,-0.151104284584723
-0.22472,-0.139741197309311
-0.22919,-0.128014126472449
-0.23319,-0.115981330866934
-0.23669,-0.103682111205963
-0.23971,-0.0911763050613882
-0.24223,-0.0785089935929667
-0.24426,-0.0657341858966389
-0.24578,-0.0528892668552688
-0.24681,-0.0400265805937069
-0.24735,-0.0271941045585769
-0.24738,-0.0144199687890366
-0.24693,-0.00175223756171865
-0.24598,0.0107835146743643
-0.24455,0.0231512576313919
-0.24263,0.0353300077470546
-0.24024,0.0472896177397281
-0.23738,0.0590084819156831
-0.23406,0.0704653928493026
-0.23028,0.0816477616253442
-0.22604,0.0925506229947512
-0.22137,0.103153440157618
-0.21626,0.113453566541958
-0.21073,0.123440967980743
-0.20479,0.133107615526158
-0.19845,0.142447589320027
-0.19171,0.151464495034802
-0.18459,0.160154996765255
-0.17711,0.168510496895512
-0.16927,0.176533397038164
-0.16109,0.184220325994312
-0.15257,0.19157834660244
-0.14374,0.198600752791526
-0.13459,0.205299677498589
-0.12516,0.211665307544199
-0.11544,0.217707527025138
-0.10546,0.223422392664665
-0.095231,0.228809099797507
-0.084762,0.233870987059525
-0.074067,0.238611059045628
-0.063166,0.243027637953333
-0.052071,0.247121322264069
-0.040798,0.250891652958492
-0.029362,0.25433814681512
-0.017778,0.257460384127451
-0.0060609,0.26025814703524
0.005774,0.262731151678937
0.017712,0.264879569580019
0.02974,0.266705172367564
0.041843,0.268209621575615
0.054007,0.269395234257916
0.066219,0.2702655789011
0.078466,0.270825180229353
0.090732,0.271077033117272
0.10301,0.271029508865588
0.11528,0.270685506731947
0.12752,0.270041978630224
0.13974,0.269114840008717
0.15191,0.267905308782868
0.16401,0.266410128283909
0.17603,0.264629906969932
0.18796,0.262568346544885
0.19977,0.260216749335832
0.21146,0.257578828869903
0.22299,0.254638612022364
0.23435,0.251386849310835
0.24553,0.247819941288218
0.25649,0.243916751182484
0.26722,0.239664746134702
0.27769,0.23504386841916
0.28787,0.230028533810579
0.29775,0.224604185585104
0.3073,0.218750786031273
0.31648,0.212437060378459
0.32527,0.205638339078828
0.33364,0.198328594024648
0.34157,0.190488868445135
0.34901,0.182084316644342
0.35594,0.173090493032668
0.36232,0.163477301822307
0.36813,0.153225810438879
0.37333,0.142311941660684
0.37788,0.130708264322543
0.38177,0.118407717938618
0.38494,0.105383051508622
0.38737,0.0916212204999916
0.38903,0.0771137626941038
0.38989,0.0618563313644745
0.38991,0.0458408137653492
0.38907,0.0290712579622045
0.38734,0.0115542036214823
0.38469,-0.00670178443722764
0.38111,-0.0256717635736791
0.37657,-0.0453328624496766
0.37104,-0.0656643250760495
0.36452,-0.0866253300827148
0.35698,-0.108182026656692
0.34843,-0.130277393255083
0.33885,-0.152859343481837
0.32823,-0.175873699550537
0.31657,-0.199258627784955
0.30388,-0.222940384524232
0.29016,-0.246845020194709
0.27542,-0.270893067241326
0.25967,-0.295002843975104
0.24293,-0.319085822265349
0.22523,-0.343043112552903
0.20657,-0.36679252854337
0.18699,-0.390238251014238
0.16653,-0.413276358756528
0.14521,-0.435814322947697
0.12308,-0.457749493086729
0.10017,-0.478989045052745
0.076522,-0.499442178883571
0.052192,-0.519012339809911
0.027227,-0.537608136650228
0.0016776,-0.555142719538856
-0.024399,-0.571530974213765
-0.050946,-0.586692417761103
-0.077904,-0.600551214706422
-0.10521,-0.613035347937363
-0.1328,-0.62407778725741
-0.1606,-0.633610652680302
-0.18855,-0.64157828629418
-0.21658,-0.647929725690683
-0.24462,-0.652619913707376
-0.27258,-0.655595716517135
-0.3004,-0.656821827867713
-0.32801,-0.656271594222189
-0.35532,-0.653911991207947
-0.38226,-0.649721237091751
-0.40876,-0.643687883202678
-0.43473,-0.635795001395142
-0.46012,-0.626051929490442
-0.48484,-0.614459983246839
-0.50882,-0.60102937118606
-0.53199,-0.58577776085107
-0.55428,-0.568728894970995
-0.57564,-0.549926073972825
-0.59598,-0.529398098214626
-0.61526,-0.507198705634375
-0.63341,-0.483378493424882
-0.65037,-0.457991905206003
-0.6661,-0.431110100956855
-0.68054,-0.40280126417703
-0.69365,-0.373144335495779
-0.70538,-0.342217554037331
-0.7157,-0.310111371554309
-0.72458,-0.276923697185745
-0.73197,-0.24274102135112
-0.73786,-0.207667806681178
-0.74221,-0.171797879185662
-0.74501,-0.135235966013116
-0.74625,-0.0980925278668986
-0.74592,-0.0604793988079628
-0.74399,-0.0224913842901398
-0.74049,0.0157490203004181
-0.7354,0.054137703780238
-0.72873,0.092566474745431
-0.72049,0.130927303653763
-0.7107,0.169108377367742
-0.69938,0.206998448698024
-0.68655,0.24449036353916
-0.67224,0.28147643923048
-0.65647,0.317859580252361
-0.63928,0.353539806673102
-0.62072,0.388410888454321
-0.60082,0.422379996794176
-0.57963,0.455353634541418
-0.5572,0.48724112567058
-0.53357,0.517964762545031
-0.50881,0.547438076124641
-0.48297,0.5755855308128
-0.45611,0.602335926694301
-0.42829,0.627624370100016
-0.39958,0.651386297004503
-0.37005,0.673560032146895
-0.33976,0.694096161070663
-0.30879,0.712942568539998
-0.2772,0.730062019016733
-0.24508,0.745408940288754
-0.21251,0.758940484938157
-0.17954,0.770640142487925
-0.14627,0.780476907119545
-0.11278,0.788424483273307
-0.079142,0.79446772806778
-0.045438,0.798594219416457
-0.01175,0.800794756273881
0.021841,0.801064381922124
0.055254,0.799402324160064
0.088408,0.795811803601601
0.12123,0.790305658038227
0.15363,0.782892100392529
0.18553,0.773584766124035
0.21687,0.762415070403341
0.24757,0.749413573528979
0.27755,0.73460973431972
0.30676,0.718053880000306
0.33511,0.699782560495178
0.36256,0.67985750049629
0.38904,0.658337128633603
0.4145,0.635290654119809
0.43889,0.61079428771783
0.46216,0.58492796538174
0.48428,0.55778735003026
0.5052,0.529463459731012
0.52489,0.500055892260751
0.54333,0.46967580446855
0.56049,0.438433168106398
0.57636,0.406448655866861
0.59092,0.373840692860301
0.60418,0.340744603232657
0.61612,0.307283166951614
0.62675,0.273587524510044
0.63608,0.239791555997186
0.64412,0.206027225952524
0.65089,0.172428218347512
0.6564,0.139117971701567
0.66069,0.106229831498346
0.66377,0.0738786123441914
0.66569,0.0421898861447672
0.66647,0.011271496714035
0.66615,-0.0187719935088966
0.66478,-0.047835002426101
0.66239,-0.0758296932277663
0.65903,-0.10267107480835
0.65474,-0.128287121525638
0.64957,-0.152611803813122
0.64357,-0.175586708188744
0.63679,-0.197162132869244
0.62928,-0.217297729353809
0.6211,-0.235955358866312
0.61228,-0.253122836248146
0.6029,-0.268773198007868
0.59299,-0.282906176251502
0.58261,-0.295521723603101
0.57182,-0.306620816058332
0.56067,-0.316213411293594
0.54919,-0.324331980642604
0.53746,-0.330990014055341
0.5255,-0.336230363041181
0.51338,-0.340082027616111
0.50112,-0.342599593952954
0.48879,-0.343820334477914
0.47641,-0.343803980347665
0.46402,-0.342612363326201
0.45167,-0.340300294698399
0.43938,-0.336937910938396
0.42719,-0.332591248776504
0.41511,-0.327343622716977
0.40319,-0.321260576034256
0.39143,-0.314428595841918
0.37986,-0.306926549276657
0.3685,-0.298832391563713
0.35735,-0.290235933703329
0.34642,-0.281226594267607
0.33573,-0.271883488659689
0.32527,-0.262297236679573
0.31504,-0.252557614853339
0.30505,-0.242743586541507
0.29529,-0.232937685848911
0.28575,-0.22322268895033
0.27641,-0.213686295195067
0.26727,-0.204402555043889
0.2583,-0.195454202953497
0.2495,-0.186906027493744
0.24083,-0.178835623388498
0.23229,-0.171298657330514
0.22384,-0.164360594792973
0.21546,-0.158077629618329
0.20712,-0.152503740917521
0.19881,-0.147674239982678
0.19048,-0.143637366548609
0.18212,-0.140420259719413
0.1737,-0.138046462508769
0.16519,-0.136535337424448
0.15656,-0.13590172691772
0.1478,-0.136141024756916
0.13886,-0.137262045908278
0.12974,-0.139246639018955
0.1204,-0.142084429972498
0.11082,-0.145756280295972
0.10098,-0.150236019055875
0.090865,-0.15548835797822
0.08045,-0.161478582437771
0.069717,-0.168167822328924
0.058652,-0.175511616244203
0.047233,-0.183467820658303
0.035453,-0.191985961720259
0.023292,-0.201019624173585
0.010742,-0.210517887152878
-0.0022083,-0.220429900137768
-0.01557,-0.230706022566504
-0.029347,-0.241293576004199
-0.043549,-0.252143152347611
-0.058177,-0.263202925727011
-0.073236,-0.27442355820517
-0.088723,-0.285753244724387
-0.10464,-0.297143427469874
-0.12098,-0.3085429896998
-0.13774,-0.319903282162477
-0.15491,-0.331173996837439
-0.17249,-0.342312480377196
-0.19045,-0.353261476602793
-0.20879,-0.363975954816116
-0.22749,-0.374407452591768
-0.24653,-0.384506356984724
-0.26589,-0.39422378241426
-0.28555,-0.403513078573882
-0.30548,-0.412323604290707
-0.32566,-0.420610614845679
-0.34605,-0.428320899267125
-0.36663,-0.435411016312451
-0.38736,-0.441832164395207
-0.4082,-0.447532925952078
-0.42913,-0.452476344351322
-0.4501,-0.456616345778814
-0.47107,-0.459908559837191
-0.49199,-0.462304200050728
-0.51283,-0.46376743903037
-0.53354,-0.464259501572853
-0.55407,-0.463740716070039
-0.57438,-0.462179583036556
-0.59441,-0.45953768430591
-0.61412,-0.455787280389975
-0.63346,-0.450903026970621
-0.65239,-0.444870030490272
-0.67084,-0.437660477055002
-0.68877,-0.4292594899898
-0.70614,-0.41966343735032
-0.72289,-0.408863481344523
-0.73897,-0.396854621619134
-0.75434,-0.383642862815731
-0.76895,-0.369235900550494
-0.78276,-0.353650343616455
-0.79571,-0.336895088591811
-0.80778,-0.319002468333563
-0.8189,-0.299986159003133
-0.82904,-0.279874268403305
-0.83816,-0.258698615782671
-0.84622,-0.236493369095486
-0.85319,-0.213301249839101
-0.85902,-0.189156090511523
-0.86369,-0.164105949628378
-0.86715,-0.138186961808041
-0.86939,-0.111454310848595
-0.87036,-0.0839474985519157
-0.87006,-0.055729292902396
-0.86844,-0.0268425233664974
-0.86549,0.00265769370427756
-0.86119,0.0327153159331885
-0.85552,0.0632751820439096
-0.84848,0.094269682240924
-0.84004,0.125645344284912
-0.8302,0.157339552012791
-0.81895,0.189291632991949
-0.8063,0.221429575745928
-0.79223,0.253696623142258
-0.77677,0.286013169264065
-0.75991,0.318313227440835
-0.74167,0.350521719833669
-0.72207,0.382558625069786
-0.70113,0.414342466703425
-0.67886,0.445800587288341
-0.6553,0.476847647499294
-0.63048,0.507398230453814
-0.60444,0.537362228068144
-0.5772,0.566663461715619
-0.54882,0.595209983278322
-0.51934,0.622914943661978
-0.48881,0.649691109665726
-0.45729,0.675446480038941
-0.42482,0.700103085462003
-0.39147,0.723574822731755
-0.3573,0.745779402677904
-0.32237,0.766640497455801
-0.28676,0.786074540950409
-0.25053,0.804009871214287
-0.21376,0.820372277188918
-0.17651,0.835103012885106
-0.13886,0.848143340073753
-0.10089,0.859436863878179
-0.062676,0.868934304279136
-0.024293,0.876594934102092
0.01418,0.882383812569437
0.052669,0.886276050532929
0.091093,0.888251095726714
0.12938,0.88829982656428
0.16745,0.886417374152182
0.20523,0.88260829062402
0.24265,0.876887478012562
0.27964,0.869278415117615
0.31612,0.859804066701887
0.35202,0.848494309684987
0.38729,0.835399087872194
0.42186,0.820568869586188
0.45565,0.804046222396262
0.48863,0.785903538818827
0.52072,0.766198659292374
0.55187,0.744998591847503
0.58203,0.722376136947146
0.61116,0.698414363006976
0.6392,0.673187702876941
0.66611,0.646776461497729
0.69186,0.619270901687936
0.71641,0.590759439402459
0.73972,0.561326516666698
0.76177,0.531065723532035
0.78253,0.500067900636701
0.80197,0.468418968561776
0.82009,0.436220445070595
0.83685,0.403553764654496
0.85226,0.370518561719167
0.86629,0.337196448577919
0.87894,0.303674024253554
0.89022,0.270046462854298
0.90011,0.23639057736344
0.90862,0.202787927252812
0.91575,0.169313706616459
0.92152,0.136050127251397
0.92592,0.103060026622112
0.92899,0.070425251719872
0.93072,0.0382031332928782
0.93114,0.00645859556915758
0.93026,-0.0247545482517158
0.92811,-0.0553787958810834
0.92471,-0.0853633086347441
0.92009,-0.114657283327109
0.91427,-0.143219396460077
0.90728,-0.171010371860164
0.89916,-0.197986925489783
0.88994,-0.224111761124688
0.87965,-0.24935406134283
0.86832,-0.273689706347995
0.856,-0.297086467565601
0.84271,-0.319529241097254
0.8285,-0.340995546451043
0.8134,-0.361472930353397
0.79746,-0.380943122615804
0.7807,-0.399406375552938
0.76318,-0.416848805946088
0.74493,-0.433268183672029
0.72598,-0.448672199382073
0.70638,-0.463062000803823
0.68617,-0.476441246926583
0.66538,-0.488823307578764
0.64405,-0.500221999549753
0.62222,-0.51065147594645
0.59992,-0.520133491484623
0.5772,-0.528680842114094
0.55408,-0.536321197859989
0.53061,-0.543071520716378
0.50681,-0.548962071938242
0.48272,-0.554018407380254
0.45836,-0.558276548046514
0.43378,-0.561757924249285
0.40899,-0.564501300160327
0.38404,-0.566528858379325
0.35894,-0.567878437802937
0.33372,-0.568584710546108
0.3084,-0.568686264004602
0.28302,-0.568208989633649
0.25759,-0.567189975668724
0.23214,-0.565659473437264
0.20668,-0.563656109529695
0.18124,-0.561209326564662
0.15582,-0.558362433460732
0.13047,-0.555131636659937
0.10517,-0.551562456119393
0.079966,-0.547673838279859
0.054858,-0.543496626844186
0.029866,-0.539055430580661
0.0050045,-0.534373028511938
-0.019711,-0.529469150346346
-0.044265,-0.524360307285785
-0.068646,-0.519062695086955
-0.092837,-0.513587516531268
-0.11682,-0.507940669486789
-0.14059,-0.502132990512664
-0.16413,-0.496169903228225
-0.18741,-0.490042481276285
-0.21044,-0.483759820215773
-0.23318,-0.477308113526895
-0.25563,-0.4706848391031
-0.27777,-0.463881655611994
-0.29958,-0.456885580705174
-0.32104,-0.449680071013167
-0.34214,-0.44225339803298
-0.36287,-0.434597902713647
-0.3832,-0.426694518472523
-0.40311,-0.418522789919517
-0.42259,-0.410068996572734
-0.44162,-0.401317758057913
-0.46019,-0.392260124240682
-0.47827,-0.382877755247676
-0.49584,-0.373152610267422
-0.51289,-0.363074758302166
-0.52939,-0.352626292418838
-0.54534,-0.341805564768423
-0.56071,-0.330601934502132
-0.57549,-0.319012636742121
-0.58965,-0.307026589701474
-0.60318,-0.294641145367864
-0.61607,-0.281860584299878
-0.6283,-0.268687335409531
-0.63986,-0.255129737129451
-0.65072,-0.24118594374063
-0.66088,-0.22686818981347
-0.67032,-0.212184998344596
-0.67903,-0.197149122642148
-0.687,-0.181776431660943
-0.69421,-0.166077525928056
-0.70066,-0.150073292230088
-0.70633,-0.133777579855954
-0.71122,-0.117212994166841
-0.7153,-0.100386402974692
-0.71858,-0.0833213609844408
-0.72105,-0.0660394278289343
-0.72269,-0.0485525529428465
-0.7235,-0.030879355371046
-0.72347,-0.0130358744236088
-0.72261,0.00494963207310294
-0.72089,0.0230694611558895
-0.71833,0.0412957955209782
-0.71491,0.059615018690826
-0.71064,0.0780032353567826
-0.70552,0.0964364004947884
-0.69953,0.11490588910545
-0.69269,0.133386284232625
-0.685,0.151854226303314
-0.67645,0.170296155838243
-0.66704,0.188699524551429
-0.65679,0.207038294180805
-0.64569,0.225298572875133
-0.63375,0.243461986955459
-0.62098,0.261507193433848
-0.60738,0.279418570650477
-0.59296,0.297178287938037
-0.57773,0.314767370577212
-0.56169,0.332173984880112
-0.54487,0.349370348108488
-0.52727,0.366338903667583
-0.50891,0.383056173421436
-0.4898,0.399502092126387
-0.46995,0.415660050048258
-0.44939,0.431502050293058
-0.42812,0.447014020606971
-0.40617,0.462171481856785
-0.38356,0.476949793870599
-0.3603,0.491332416236875
-0.33642,0.505295176719834
-0.31195,0.518808581054545
-0.28689,0.53186200078562
-0.26129,0.54442352113224
-0.23517,0.556467296893703
-0.20855,0.567973252861687
-0.18147,0.578911912562343
-0.15396,0.589254601807699
-0.12605,0.598974256397473
-0.097774,0.608043081527381
-0.069174,0.616427730385211
-0.04029,0.624092958966577
-0.011158,0.631006104791682
0.018176,0.637130285132837
0.047668,0.642427907182853
0.077272,0.646860563972926
0.10694,0.650388981391107
0.13663,0.652978926046456
0.16627,0.654579219160347
0.19583,0.655157712260791
0.22525,0.654676553405139
0.25447,0.653094603123408
0.28344,0.650376864254744
0.3121,0.646487140734885
0.34039,0.641389555918713
0.36825,0.635049771492397
0.39563,0.627443333366167
0.42246,0.618539961380195
0.44868,0.60831322521346
0.47424,0.596748241612191
0.49907,0.583825394761482
0.52312,0.56953691750547
0.54633,0.553877753665991
0.56865,0.53685290995858
0.59,0.518453519694712
0.61035,0.498697057397894
0.62964,0.47759988837082
0.64782,0.455184744611676
0.66483,0.431471761132032
0.68064,0.406500875098754
0.69518,0.380297566622732
0.70842,0.352904755374115
0.72032,0.324371043569792
0.73082,0.294733667509787
0.7399,0.264049383949338
0.7475,0.232359653154258
0.75361,0.199729504025733
0.75818,0.166211648602814
0.76117,0.131854820589215
0.76258,0.0967327445412828
0.76236,0.0609002488763698
0.7605,0.0244249123967463
0.75699,-0.0126173807851841
0.75179,-0.05016845465217
0.74492,-0.0881418234876677
0.73636,-0.126460322891358
0.7261,-0.165049247067213
0.71417,-0.20380860562137
0.70056,-0.24265060905365
0.68528,-0.281485225383497
0.66837,-0.320201243078277
0.64984,-0.35869595814862
0.62971,-0.396869337338474
0.60804,-0.4345971015837
0.58484,-0.471776255250077
0.56018,-0.508279914341975
0.53408,-0.54400291864408
0.50662,-0.578816711967877
0.47783,-0.612614980105665
0.44778,-0.645283331166464
0.41653,-0.676712089098292
0.38416,-0.70678431785692
0.35072,-0.735403366345434
0.31629,-0.762470200214869
0.28094,-0.787894804709117
0.24477,-0.81157556613167
0.20784,-0.833434734443898
0.17024,-0.853394628940016
0.13205,-0.871388055372001
0.093375,-0.887340536723625
0.054288,-0.901198328207644
0.014883,-0.91291125483726
-0.024745,-0.922433570071703
-0.064501,-0.929725248288766
-0.10429,-0.934752853790231
-0.14403,-0.937499662436998
-0.1836,-0.93793489895766
-0.22293,-0.936055833228604
-0.2619,-0.931846246346597
-0.30043,-0.925309832824981
-0.33842,-0.916452187150784
-0.37576,-0.905273591995973
-0.41238,-0.891800273595272
-0.44817,-0.876049713774987
-0.48305,-0.858054646405994
-0.51692,-0.837844968377098
-0.54969,-0.815455370767015
-0.58129,-0.790938709076361
-0.61162,-0.764339283588936
-0.64061,-0.735715846953934
-0.66818,-0.705130133303176
-0.69426,-0.672652278454864
-0.71878,-0.638357519208372
-0.74167,-0.602323344423707
-0.76287,-0.564634476901625
-0.78232,-0.525379247703411
-0.79997,-0.484653920569607
-0.81576,-0.4425511212935
-0.82965,-0.399172734064454
-0.84161,-0.354632605454869
-0.85158,-0.309028776872095
-0.85955,-0.262480619338776
-0.86548,-0.215098987453914
-0.86935,-0.166999313947896
-0.87114,-0.1182971937733
-0.87085,-0.0691195659093573
-0.86847,-0.0195911992895739
-0.86399,0.0301687969160188
-0.85743,0.0800275039971977
-0.84878,0.129867279426445
-0.83806,0.179564474047262
-0.8253,0.228987268537488
-0.81051,0.278016359687482
-0.79373,0.326524368334563
-0.775,0.374381673378375
-0.75434,0.421475992933863
-0.73182,0.467675980260042
-0.70746,0.5128763630651
-0.68134,0.556952316022818
-0.6535,0.599797174581481
-0.62402,0.641293204405414
-0.59295,0.681340119753586
-0.56037,0.719833252855743
-0.52636,0.756668270368916
-0.49098,0.791759760171805
-0.45432,0.825018752245627
-0.41647,0.856356879271848
-0.37751,0.885697097720907
-0.33754,0.912959841329232
-0.29663,0.938088899829104
-0.2549,0.961012492104577
-0.21243,0.981678838801943
-0.16932,1.00003991573428
-0.12567,1.01605303778369
-0.081574,1.02968640510131
-0.037136,1.04091142831681
0.0075476,1.04970944270037
0.052374,1.05606647004668
0.097243,1.05997549180534
0.14206,1.06144027670628
0.18672,1.06046630890858
0.23113,1.05706995002242
0.27519,1.05127143835011
0.31881,1.04310166874914
0.36189,1.03259253441347
0.40433,1.01977645339676
0.44605,1.00470070509993
0.48696,0.987416360895208
0.52697,0.967976605871662
0.566,0.946442665169574
0.60397,0.922880918049935
0.64079,0.89735298253829
0.67639,0.86992997118458
0.71071,0.840696284523698
0.74366,0.809722689079958
0.77518,0.777089283441059
0.80521,0.742881519331747
0.83369,0.707186809833278
0.86056,0.67009169149658
0.88577,0.631686901534509
0.90926,0.592056517073809
0.931,0.551298910301963
0.95093,0.509498847899318
0.96903,0.466757085878314
0.98524,0.423154595560806
0.99955,0.378790767524476
1,0.324936001886275
1,0.264729706052202
1,0.201212993039659
1,0.13694553677207
1,0.0740384155999875
1,0.0141889182273181
1,-0.0412833086877639
1,-0.0913993800497424
1,-0.135484139122541
1,-0.173129510130607
1,-0.204158723871332
1,-0.228591845515972
1,-0.246612971644865
0.99091,-0.265264260508929
0.97541,-0.28823804587011
0.95801,-0.315084177056878
0.93876,-0.34532172923744
0.91768,-0.378474282394892
0.89481,-0.414062012469192
0.87021,-0.45159612423489
0.84391,-0.490612245357621
0.81596,-0.530660368024979
0.78643,-0.571296963428906
0.75536,-0.612115972267594
0.72281,-0.652736329688074
0.68886,-0.692791710706906
0.65356,-0.731959249333646
0.61699,-0.769937531750056
0.57921,-0.806465587883115
0.5403,-0.841307819476317
0.50033,-0.874263594993461
0.45939,-0.905152053442085
0.41755,-0.933829056453605
0.3749,-0.960170411047118
0.33151,-0.984087482211488
0.28749,-1.00549451120826
0.2429,-1.02434877046801
0.19783,-1.04062263628565
0.15238,-1.0542954535072
0.10663,-1.06536892417693
0.060668,-1.07385815912076
0.01458,-1.07979144533673
-0.031545,-1.08320593532908
-0.077621,-1.08414828976141
-0.12356,-1.08267115529584
-0.16928,-1.07883599027596
-0.21469,-1.07270392098223
-0.25971,-1.06434307278407
-0.30426,-1.05382606556813
-0.34824,-1.04121299163876
-0.3916,-1.02658969954866
-0.43423,-1.01001654431027
-0.47607,-0.99156901396967
-0.51704,-0.971318227614496
-0.55707,-0.949337455066115
-0.59608,-0.925692453181406
-0.63401,-0.900455996373413
-0.67077,-0.873682366626994
-0.70631,-0.845438989391684
-0.74056,-0.815787170801725
-0.77346,-0.784788884818682
-0.80495,-0.752504790622442
-0.83497,-0.718992635670908
-0.86346,-0.684306011439034
-0.89037,-0.648500826087291
-0.91566,-0.61164044279596
-0.93928,-0.573784822583077
-0.96117,-0.53498183876595
-0.98132,-0.495304943270629
-0.99966,-0.454801495665504
-1,-0.401570425373562
-1,-0.339417933163565
-1,-0.271904301742741
-1,-0.202060645994752
-1,-0.132421317406143
-1,-0.0650589560887787
-1,-0.00162151659064865
-1,0.0566294058196003
-1,0.108779600855128
-1,0.154223236289287
-1,0.192624384280059
-1,0.223879588237253
-1,0.248081912914292
-1,0.265486852389276
-1,0.276480401455614
-1,0.281549527596095
-1,0.281255214758964
-1,0.276208187872784
-0.98367,0.279128445193593
-0.9639,0.290565323450976
-0.94243,0.309492980797135
-0.9193,0.334889753914507
-0.89457,0.365739088431263
-0.8683,0.401046512268157
-0.84054,0.439861602404713
-0.81136,0.481273725054029
-0.78082,0.524431010570298
-0.74901,0.568525671564838
-0.71599,0.612826421304849
-0.68184,0.656666551612267
-0.64664,0.699448247685374
-0.61047,0.740644967832644
-0.57342,0.779794703322284
-0.53557,0.816508150471081
-0.49701,0.850459014828276
-0.45783,0.881382266647112
-0.41811,0.909078768761901
-0.37796,0.933387868189046
-0.33745,0.954216164507149
-0.29668,0.971507214149216
-0.25574,0.985245722212018
-0.21473,0.995444990213923
-0.17374,1.00215074690395
-0.13284,1.00545066686425
-0.092145,1.00543273690476
-0.051728,1.00221586119445
-0.011681,0.995928424746264
0.027912,0.986710555328862
0.066968,0.974710268463205
0.10541,0.960083661936655
0.14314,0.942974700653709
0.18011,0.923551562136598
0.21622,0.901959690967911
0.25142,0.87835982387708
0.28563,0.852898911805965
0.31879,0.825723878196538
0.35083,0.796970379593349
0.3817,0.766776104965256
0.41135,0.735276543292799
0.43972,0.702594138568718
0.46677,0.668851982584075
0.49245,0.634162566911509
0.51673,0.598641114577605
0.53957,0.562394009457773
0.56095,0.525531840861747
0.58084,0.488157578595644
0.59922,0.450371995350232
0.61607,0.412270662652485
0.63138,0.373949033755327
0.64515,0.335506524511788
0.65738,0.297042292013653
0.66805,0.258637028665198
0.67719,0.220390518266574
0.68479,0.182384839047928
0.69088,0.144714328811593
0.69548,0.107472431860809
0.69859,0.0707337216760743
0.70026,0.0345916586465726
0.70051,-0.000870633917173643
0.69937,-0.0355740691893838
0.69687,-0.0694458211882348
0.69307,-0.102398764493152
0.68799,-0.134367037455614
0.68169,-0.165274985456946
0.67421,-0.195056758830533
0.6656,-0.223649656813085
0.65591,-0.250996073947783
0.64521,-0.277030130838645
0.63353,-0.301711475275938
0.62094,-0.324992689270059
0.60751,-0.346822770570222
0.59328,-0.36717219133282
0.57831,-0.386015548378982
0.56267,-0.40332485126383
0.54641,-0.419086333858666
0.52959,-0.433291420162893
0.51228,-0.445929278449781
0.49452,-0.457010424916014
0.47638,-0.466540786068297
0.45791,-0.474537854277788
0.43916,-0.481028572303676
0.42018,-0.486047344526593
0.40104,-0.489619397331449
0.38177,-0.491791925132168
0.36243,-0.492606803930619
0.34306,-0.492115668878015
0.3237,-0.490376966282045
0.3044,-0.487445954282691
0.2852,-0.483381458949984
0.26614,-0.478243773638411
0.24724,-0.472107671939527
0.22856,-0.465028095373947
0.21011,-0.457079520478414
0.19194,-0.448320566274783
0.17405,-0.438832403385483
0.15649,-0.428675122702596
0.13928,-0.417912238291279
0.12243,-0.406615509168532
0.10596,-0.394853794989827
0.089903,-0.382681894794352
0.074262,-0.37016367805804
0.059055,-0.357357184937245
0.044298,-0.344315321382973
0.029999,-0.331090965035469
0.016171,-0.317731449506482
0.0028256,-0.304278981456185
-0.010033,-0.290775535162204
-0.022393,-0.277255703742085
-0.034246,-0.26374925974472
-0.045589,-0.250284821273052
-0.056413,-0.236884410405713
-0.066713,-0.223566640765075
-0.076489,-0.210350124070888
-0.085732,-0.197245875630925
-0.094444,-0.184266196203049
-0.10262,-0.17141850073261
-0.11027,-0.158716763401256
-0.11738,-0.146161747325625
-0.12396,-0.133760929610071
-0.13002,-0.121526656534325
-0.13554,-0.109452365264423
-0.14054,-0.0975456915900391
-0.14502,-0.0858104297039905
-0.14899,-0.0742543060904663
-0.15243,-0.0628655693838139
-0.15538,-0.0516612033812729
-0.15782,-0.0406363110783057
-0.15976,-0.029790465640259
-0.16122,-0.0191340470912731
-0.16219,-0.00866350712538945
-0.1627,0.00160642313920897
-0.16274,0.0116764059914255
-0.16233,0.0215374569089508
-0.16149,0.0311731943431779
-0.16021,0.0405840213095938
-0.15853,0.0497470129798582
-0.15645,0.058650748818082
-0.15399,0.0672787071050361
-0.15117,0.0756108115230975
-0.148,0.0836321646637393
-0.1445,0.0913251670712894
-0.1407,0.0986632379211936
-0.13662,0.10562077554098
-0.13227,0.112181167177044
-0.12767,0.118328236606387
-0.12286,0.12403194980048
-0.11785,0.129274229611567
-0.11266,0.134039876776868
-0.10732,0.138309190907529
-0.10186,0.14205953374872
-0.096293,0.145279238732553
-0.090652,0.147951180017576
-0.084959,0.150062601638648
-0.079238,0.151603310162019
-0.073515,0.152564153693043
-0.067816,0.152937245660392
-0.062163,0.152719067303051
-0.056579,0.151909154466936
-0.051089,0.150508215874271
-0.045713,0.148521755355069
-0.040475,0.145956201808776
-0.035393,0.142823151975386
-0.030486,0.139137467512743
-0.025774,0.134915643973215
-0.021273,0.13017813551573
-0.016999,0.124948150758497
-0.012966,0.119252072665776
-0.0091868,0.113119103777831
-0.0056748,0.106579555181355
-0.0024378,0.0996680022888228
0.00051359,0.0924194759042196
0.0031714,0.0848703882532366
0.0055315,0.07706010704872
0.0075856,0.0690262077951361
0.0093301,0.0608072147166518
0.010764,0.0524432160945223
0.011886,0.0439741545898957
0.012693,0.0354373223996299
0.013187,0.0268704926419142
0.013369,0.0183099003783418
0.013238,0.00978789861826151
0.012799,0.0013370699976601
0.012053,-0.00701387409208287
0.011002,-0.0152396113136801
0.0096501,-0.0233169282217559
0.0079997,-0.031226450007964
0.0060512,-0.038954161001626
0.0038105,-0.0464869460005055
0.0012788,-0.0538165142359622
-0.0015412,-0.0609378460436641
-0.0046475,-0.0678494768503141
-0.0080378,-0.0745528844108234
-0.011709,-0.081051536420134
-0.01566,-0.0873521275336484
-0.019888,-0.0934627404264152
-0.024391,-0.099393159450684
-0.029162,-0.10515077002499
-0.0342,-0.110745430977443
-0.0395,-0.116185922896221
-0.045054,-0.121477835349336
-0.050858,-0.126627104990007
-0.056903,-0.131636186078736
-0.063182,-0.136506217921996
-0.069683,-0.141233615996093
-0.076395,-0.145811874106914
-0.083307,-0.150232345591634
-0.090406,-0.154483446502403
-0.097675,-0.158548609127416
-0.1051,-0.162409939309106
-0.11267,-0.166051204225412
-0.12036,-0.169447632642118
-0.12814,-0.172564574263129
-0.13602,-0.175389965974182
-0.14395,-0.177885974614922
-0.15192,-0.180024659728612
-0.1599,-0.181772090181638
-0.16788,-0.183105304674379
-0.17582,-0.183988733373074
-0.18371,-0.184399910565273
-0.1915,-0.184298096198486
-0.19919,-0.183666035909244
-0.20674,-0.182476461695963
-0.21412,-0.180702345582944
-0.22131,-0.178325158412501
-0.22829,-0.175333924082867
-0.23502,-0.171709477803751
-0.24148,-0.167441570807442
-0.24765,-0.162527632761511
-0.25351,-0.156971581185995
-0.25903,-0.150775292788263
-0.26418,-0.143939162560348
-0.26896,-0.136484767148536
-0.27333,-0.128420803295919
-0.27729,-0.119775121111224
-0.28081,-0.110568252501836
-0.28387,-0.100821827855214
-0.28647,-0.0905726996350194
-0.2886,-0.0798617293778441
-0.29023,-0.06871722587621
-0.29136,-0.0571788631493425
-0.29198,-0.0452870507056915
-0.29209,-0.033089119287223
-0.29169,-0.0206367059787753
-0.29077,-0.00797611120257797
-0.28932,0.00485197651938614
-0.28736,0.0177904016189036
-0.28488,0.0307925692572741
-0.28188,0.0438143986592873
-0.27838,0.0568004075975439
-0.27437,0.0697097910334493
-0.26987,0.0824927074027412
-0.26489,0.0951010052870316
-0.25943,0.107496840657059
-0.2535,0.119644588299937
-0.24712,0.131504280799524
-0.2403,0.143041229571724
-0.23306,0.154218856323584
-0.2254,0.165015162101629
-0.21736,0.175391252717039
-0.20893,0.185332972890188
-0.20014,0.194817259917739
-0.19101,0.203822236816413
-0.18155,0.212335303673947
-0.17179,0.220337226972107
-0.16175,0.227811664864457
-0.15144,0.234752758869064
-0.14089,0.241148789001463
-0.13013,0.246983929037628
-0.11916,0.252261940158875
-0.10801,0.256980381504287
-0.096712,0.26113068059696
-0.085278,0.264714595387097
-0.07373,0.267735015997415
-0.062092,0.270194428531214
-0.050381,0.272100326268438
-0.03862,0.273459810926844
-0.026827,0.274283371173878
-0.015019,0.274584865023446
-0.0032177,0.274377186284063
0.0085619,0.273677209128011
0.020302,0.272502625412999
0.031988,0.270873794480752
0.043604,0.268811817654111
0.055136,0.266339314616685
0.066572,0.263481064373779
0.077898,0.260261488633227
0.089106,0.256708530411476
0.10018,0.252846315148623
0.11112,0.248707066552424
0.12191,0.244316816281328
0.13255,0.239707696486848
0.14303,0.234908441003089
0.15334,0.229944196097294
0.16348,0.224843837249061
0.17345,0.219638362172645
0.18325,0.214359531875231
0.19286,0.209023947073015
0.20229,0.203657567149539
0.21154,0.198285637600228
0.2206,0.19292458813932
0.22947,0.187590510639266
0.23815,0.182298598427548
0.24663,0.17705532063685
0.25492,0.171874528076583
0.26301,0.166760663453002
0.2709,0.161717665354137
0.27857,0.156733968156473
0.28604,0.151815196763485
0.29329,0.146950920704239
0.30032,0.142132664935341
0.30712,0.137346193853958
0.31369,0.132580251223681
0.32002,0.127818752571043
0.32611,0.123049428483182
0.33194,0.118248519735591
0.33751,0.113398338187181
0.34282,0.10848649121593
0.34784,0.103482953224576
0.35259,0.098381223704837
0.35704,0.0931569500164378
0.36119,0.0877942259508909
0.36503,0.0822769932030104
0.36856,0.0765969275120438
0.37176,0.0707374182452045
0.37462,0.0646830635782946
0.37715,0.0584346952475921
0.37932,0.0519767052062407
0.38114,0.0453103076947229
0.3826,0.0384355380599319
0.38368,0.031344174861869
0.38439,0.024043825038951
0.38473,0.016547346494155
0.38467,0.0088493940077745
0.38422,0.000959740542296774
0.38338,-0.00710724400675956
0.38214,-0.0153411895698935
0.38049,-0.0237351707505368
0.37843,-0.0322777902449793
0.37595,-0.0409617154337471
0.37306,-0.0497682716269499
0.36974,-0.0586923059969986
0.36599,-0.0677249100851987
0.36181,-0.0768543962130253
0.35719,-0.0860745550702393
0.35212,-0.0953837834404346
0.34659,-0.104784273212926
0.34061,-0.114266468628455
0.33417,-0.123826420435033
0.32725,-0.133472233541957
0.31986,-0.143199376354917
0.31199,-0.153008082207431
0.30364,-0.162895054833758
0.29479,-0.172869065452179
0.28545,-0.182926231798177
0.27562,-0.193059997700603
0.2653,-0.203261837759934
0.25448,-0.213529274680821
0.24317,-0.223850001090909
0.23137,-0.234211524299695
0.21909,-0.244594150282842
0.20635,-0.254965516051188
0.19314,-0.265306099312603
0.17949,-0.27557768991703
0.1654,-0.285750249574099
0.1509,-0.29577898399546
0.13601,-0.305615846425876
0.12075,-0.315211512600252
0.10514,-0.324517033757752
0.089213,-0.333475571884379
0.072993,-0.342032238492499
0.056511,-0.350130167058543
0.039801,-0.357710386365959
0.022895,-0.364715497233447
0.0058276,-0.37108922102654
-0.011365,-0.376776774045354
-0.028648,-0.381727374667506
-0.04598,-0.385890266538362
-0.063327,-0.389221886941497
-0.08065,-0.391682305202562
-0.09791,-0.393235971362802
-0.11507,-0.393853694536466
-0.13209,-0.393510380888868
-0.14894,-0.392192722280255
-0.16557,-0.389882897471412
-0.18196,-0.386582524456141
-0.19807,-0.382294473278562
-0.21386,-0.377022953082552
-0.22931,-0.370788314177041
-0.24438,-0.363608955222993
-0.25905,-0.355516349157302
-0.27329,-0.346544594851291
-0.28708,-0.336736687929745
-0.30039,-0.326134512598308
-0.31321,-0.314792951316222
-0.3255,-0.302753895802441
-0.33727,-0.290084760805591
-0.34848,-0.276834862135678
-0.35913,-0.26306724749967
-0.36921,-0.248846968181212
-0.3787,-0.234231536790061
-0.38759,-0.219278173532524
-0.39589,-0.204057009573621
-0.40358,-0.18862438342115
-0.41066,-0.173038616543407
-0.41714,-0.15736524365638
-0.42299,-0.141644032677883
-0.42824,-0.125936996921379
-0.43288,-0.110292535111454
-0.43691,-0.0947538468536056
-0.44034,-0.0793658234511405
-0.44317,-0.0641657542344423
-0.44542,-0.0491982133423244
-0.44707,-0.0344824842157895
-0.44816,-0.0200609121208945
-0.44868,-0.00595592413934128
-0.44864,0.00781231950820095
-0.44805,0.0212264385446567
-0.44693,0.0342647654148298
-0.44529,0.0469105370730578
-0.44314,0.0591517690372885
-0.44048,0.0709884215053001
-0.43734,0.0824082709152198
-0.43374,0.0933973376243131
-0.42967,0.103963106688421
-0.42516,0.114100910371057
-0.42023,0.123804108817513
-0.41488,0.133079716240447
-0.40914,0.141923649875364
-0.40302,0.150338030257411
-0.39653,0.158330152909402
-0.38969,0.165904118482457
-0.38252,0.173061545528465
-0.37503,0.179809584765154
-0.36723,0.186159827171205
-0.35915,0.192112503156109
-0.35079,0.197681001930553
-0.34217,0.202874299672917
-0.3333,0.207705089443602
-0.3242,0.212181427258731
-0.31487,0.216322293650421
-0.30534,0.220132859352641
-0.2956,0.223636665942438
-0.28568,0.226841905722297
-0.27558,0.229766401158709
-0.26531,0.232427888369109
-0.25487,0.234850975098021
-0.24429,0.237042971158016
-0.23356,0.239026609204169
-0.2227,0.240814233165279
-0.21171,0.242424237243756
-0.20061,0.243864560000935
-0.18939,0.245156624317125
-0.17806,0.246317299735198
-0.16664,0.24735187215247
-0.15512,0.248278246609119
-0.14352,0.249101748080033
-0.13184,0.249832114653953
-0.12009,0.250474885121561
-0.10826,0.251046758771085
-0.096377,0.251545529544777
-0.084434,0.251978850021127
-0.072438,0.252351656914148
-0.060393,0.252668688408041
-0.048304,0.252933560398084
-0.036174,0.253150272565433
-0.02401,0.253319977334067
-0.011813,0.253445848346338
0.00041029,0.253528295019697
0.012654,0.253566025027664
0.024916,0.253559092388308
0.037186,0.253502522972189
0.049463,0.253394217594003
0.061735,0.25322624582452
0.073999,0.252992778225489
0.086246,0.252685337500657
0.098467,0.252293485586423
0.11065,0.251803215205031
0.12279,0.251203150271991
0.13488,0.250482831167456
0.1469,0.249623184371818
0.15884,0.248606080139421
0.1707,0.247422022626141
0.18245,0.246046556153806
0.19408,0.244458622100033
0.20559,0.24264788003533
0.21695,0.240590766531139
0.22816,0.238275926449377
0.23919,0.235680024457146
0.25003,0.232785548714831
0.26068,0.229587622991978
0.2711,0.22606220431282
0.28128,0.22219271709857
0.29122,0.21797653802275
0.30089,0.213400294434642
0.31028,0.20845721425623
0.31936,0.203131348389239
0.32813,0.19742207329429
0.33657,0.191326467233101
0.34467,0.184847358172199
0.35239,0.177970066647144
0.35974,0.170703272586458
0.36668,0.163037385597683
0.37321,0.154978028177986
0.3793,0.146520846985021
0.38493,0.137661049067662
0.3901,0.128408487368095
0.39477,0.118755064956086
0.39894,0.108708088551562
0.40257,0.098257573550221
0.40566,0.0874095051125487
0.40818,0.0761604556661662
0.41011,0.0645069539192516
0.41144,0.0524530297697797
0.41215,0.0400013121886621
0.41223,0.0271606827849327
0.41164,0.013922690026271
0.4104,0.000309545789707395
0.40847,-0.0136767350315349
0.40586,-0.0280134485230091
0.40255,-0.0426839636623422
0.39855,-0.0576547600589145
0.39384,-0.0729017475715919
0.38843,-0.0883868743564012
0.38232,-0.104069237436881
0.37551,-0.119906730723573
0.36803,-0.13583523756785
0.35986,-0.151811620255554
0.35103,-0.167773899616511
0.34155,-0.183661454528729
0.33144,-0.1994091018853
0.32071,-0.214957272042423
0.30939,-0.230237911313943
0.29749,-0.245192956635328
0.28505,-0.259752017186774
0.27209,-0.273851713556316
0.25863,-0.287436319507408
0.2447,-0.300450720671042
0.23033,-0.31284214329032
0.21556,-0.324554105712173
0.2004,-0.335551240168078
0.18489,-0.345794396724996
0.16906,-0.355250271207919
0.15295,-0.363884217856902
0.13658,-0.371676679586412
0.11999,-0.378606455882136
0.10321,-0.38465944234221
0.086282,-0.389819204136728
0.069228,-0.394083092394296
0.052086,-0.397448237804279
0.034885,-0.399918741646464
0.017664,-0.401497214029353
0.00045017,-0.402194113298012
-0.016722,-0.40202088144395
-0.03382,-0.400991238670931
-0.050813,-0.399121916526105
-0.067666,-0.396428815521654
-0.084351,-0.392932161965122
-0.10083,-0.388647950007037
-0.11709,-0.383607014075553
-0.13307,-0.377815998269279
-0.14877,-0.371307111327065
-0.16414,-0.364095445905259
-0.17917,-0.356211569427317
-0.19381,-0.347668194434628
-0.20804,-0.33848552660638
-0.22183,-0.328681893122593
-0.23516,-0.318281020367708
-0.24801,-0.307310352166254
-0.26034,-0.295784791580941
-0.27212,-0.283716085127261
-0.28335,-0.271135245058356
-0.29399,-0.258058350645492
-0.30403,-0.244511134208162
-0.31344,-0.230511550662166
-0.3222,-0.216078108640382
-0.3303,-0.201236559975353
-0.33771,-0.186002911464311
-0.34443,-0.170406957666115
-0.35044,-0.154473905878784
-0.35572,-0.138224470771166
-0.36025,-0.121675049214997
-0.36404,-0.104860154674094
-0.36706,-0.0877982590234422
-0.36932,-0.0705238399794171
-0.3708,-0.0530610143888232
-0.3715,-0.0354395300348588
-0.37141,-0.0176853082691731
-0.37053,0.000172293361984825
-0.36886,0.0181021193790816
-0.3664,0.0360725875320009
-0.36317,0.0540380166832163
-0.35915,0.0719723549077793
-0.35436,0.0898367036090674
-0.34881,0.107590467557047
-0.34251,0.125192990392835
-0.33547,0.142604887485479
-0.32771,0.159781703837823
-0.31925,0.176676338531619
-0.3101,0.193248474139407
-0.30029,0.209449828620998
-0.28985,0.225227276245457
-0.27878,0.240547687693727
-0.26713,0.255358285296628
-0.25492,0.269614375646616
-0.24218,0.283271912220955
-0.22894,0.296288897329169
-0.21523,0.308626469040919
-0.20109,0.320242307659519
-0.18654,0.331107605407128
-0.17164,0.341176022002987
-0.15642,0.350410886560978
-0.14091,0.358784683965304
-0.12516,0.366263623251318
-0.10921,0.372817547054978
-0.093096,0.378423382097347
-0.076872,0.38305146500223
-0.060581,0.386676131920862
-0.044268,0.389274526932894
-0.027979,0.390826305960414
-0.011766,0.391309628101967
0.0043263,0.390707790932336
0.020249,0.389005932120318
0.035952,0.386190534355478
0.051387,0.382251198961103
0.066506,0.377180874312209
0.081261,0.370975720356314
0.095603,0.363634163575751
0.10949,0.355161979453716
0.12287,0.345563610277887
0.1357,0.33484923575782
0.14793,0.323028468340247
0.15954,0.310132635940184
0.17046,0.296172992795834
0.18068,0.281188887829025
0.19015,0.265211873962118
0.19883,0.248273938778077
0.2067,0.230421484945798
0.21373,0.211704013315542
0.2199,0.192179686938331
0.22518,0.171904762674146
0.22955,0.150939874093458
0.233,0.129354941971501
0.23552,0.107225462104844
0.23709,0.0846219335409019
0.23772,0.0616310068256903
0.23741,0.0383424892438448
0.23615,0.0148387492291027
0.23396,-0.00878409817876698
0.23084,-0.0324364962468838
0.22682,-0.0560147018171855
0.22191,-0.0794214554921753
0.21614,-0.102552931120281
0.20953,-0.125310622205555
0.20212,-0.147588637237904
0.19394,-0.169285879015918
0.18504,-0.190293584355524
0.17545,-0.210515101695721
0.16523,-0.229844573964765
0.15442,-0.248187009653152
0.14307,-0.265452020854983
0.13125,-0.281541290595471
0.11902,-0.296360879488931
0.10642,-0.309838448376394
0.093533,-0.321890012571373
0.080413,-0.332446709903506
0.067127,-0.341444924082716
0.053742,-0.348827812091531
0.040321,-0.354549315693833
0.026931,-0.358571193544325
0.013636,-0.360865592970322
0.00049986,-0.36141472090253
-0.012414,-0.360210517240073
-0.025045,-0.357255885193268
-0.037334,-0.352564328788138
-0.049223,-0.34615912380223
-0.060661,-0.338076684592332
-0.07159,-0.328358531530324
-0.081965,-0.317059418773416
-0.091738,-0.304241647220683
-0.10087,-0.289979097651653
-0.10931,-0.274344579296421
-0.11704,-0.257432870525567
-0.12401,-0.239330574294954
-0.1302,-0.220137812887871
-0.1356,-0.199970494725132
-0.14017,-0.178932078616837
-0.14391,-0.157142826723613
-0.1468,-0.134718489816601
-0.14884,-0.111782756408743
-0.15003,-0.0884622130075478
-0.15037,-0.0648821368688857
-0.14986,-0.0411630636965776
-0.14852,-0.0174328651442393
-0.14635,0.00619335437368268
-0.14339,0.0295848119658644
-0.13964,0.0526317481020933
-0.13513,0.0752227450370904
-0.1299,0.0972413310906388
-0.12396,0.118592992684183
-0.11735,0.139182042925672
-0.11012,0.158907830328941
-0.10229,0.177691409665072
-0.093918,0.195446204323842
-0.085037,0.212101167424268
-0.075698,0.227587248176106
-0.065948,0.241842708090827
-0.055837,0.25481203295861
-0.045419,0.266444146881894
-0.034746,0.276695281623249
-0.023873,0.285527385259513
-0.012855,0.292908890674855
-0.0017494,0.298813367810854
0.0093883,0.30322145742137
0.020501,0.306119628155544
0.031533,0.307501210571009
0.042429,0.307366278263411
0.053132,0.305719786607849
0.063589,0.302574121068638
0.073746,0.297947218219645
0.083551,0.291863082237354
0.092953,0.284351257591608
0.1019,0.275444732562832
0.11036,0.265193644390399
0.11826,0.253630715284647
0.12558,0.240813310717102
0.13228,0.226802658763081
0.13831,0.211654352424721
0.14363,0.195425566513454
0.14823,0.178195570485667
0.15206,0.160029873199311
0.15511,0.141010795189734
0.15735,0.121217240945107
0.15876,0.100730621855707
0.15933,0.0796395085439934
0.15905,0.0580357514484905
0.15791,0.0360112199451862
0.15591,0.0136625174625336
0.15306,-0.00890538823305246
0.14936,-0.0315912927202366
0.14482,-0.0542926912025664
0.13945,-0.0769091796317182
0.13328,-0.0993303936956155
0.12633,-0.121448772492046
0.11862,-0.143162419037867
0.11018,-0.164369910813074
0.10104,-0.184973540844055
0.091246,-0.204870031622217
0.080829,-0.223966150488798
0.069828,-0.242174054662608
0.05829,-0.259407429376452
0.046257,-0.275587969095567
0.033779,-0.290640794214079
0.020904,-0.304498075774285
0.0076823,-0.317098599996467
-0.0058327,-0.328386656662629
-0.019591,-0.338315804918631
-0.033535,-0.346843525180509
-0.047613,-0.353936778841191
-0.061769,-0.359568682447385
-0.075948,-0.36371956696819
-0.090097,-0.366378358330345
-0.10416,-0.367539740518065
-0.11808,-0.367203164575057
-0.13181,-0.365380024301099
-0.1453,-0.362089478996459
-0.15849,-0.357349665979557
-0.17134,-0.3511927824353
-0.18379,-0.343647243652049
-0.1958,-0.334752934540418
-0.20731,-0.324543566089886
-0.2183,-0.313076941986708
-0.22871,-0.300399513238866
-0.2385,-0.286562425882387
-0.24763,-0.271619479010595
-0.25606,-0.255625360627009
-0.26377,-0.23864894754238
-0.27071,-0.220746631665818
-0.27685,-0.201978071195001
-0.28217,-0.182411353320672
-0.28664,-0.162112107769282
-0.29023,-0.141142148522269
-0.29294,-0.119580623215252
-0.29473,-0.0974888031025433
-0.2956,-0.0749412951110917
-0.29554,-0.0520138345107643
-0.29454,-0.0287807855164844
-0.2926,-0.00532052165329155
-0.2897,0.0183025665578274
-0.28587,0.0420004717688393
-0.28109,0.0657058616914345
-0.27539,0.0893333070999521
-0.26877,0.11280769882939
-0.26125,0.136049925644688
-0.25285,0.158980255164151
-0.24358,0.181528493224661
-0.23347,0.203619763176714
-0.22255,0.225177975339185
-0.21084,0.246136063712962
-0.19837,0.266429230995709
-0.18518,0.285989460073634
-0.1713,0.30475597141939
-0.15676,0.322676077618348
-0.1416,0.339698277036501
-0.12587,0.355766655028845
-0.10959,0.370846065033638
-0.092815,0.384893813435066
-0.075577,0.39787992543901
-0.05792,0.409777249895317
-0.039884,0.420565234148142
-0.021513,0.430226859815497
-0.0028454,0.438753161495361
0.016072,0.446136282258213
0.035203,0.452377874036909
0.0545,0.457479321775821
0.073924,0.461448632097399
0.093431,0.464295721083878
0.11298,0.466034450243258
0.13253,0.466681910891329
0.15203,0.466250330596963
0.17145,0.46476356573524
0.19073,0.462232338085766
0.20985,0.458686354707642
0.22875,0.454140503914114
0.2474,0.448619735086415
0.26576,0.442149233190413
0.28377,0.434739069560085
0.30141,0.426416563674859
0.31863,0.417200126160123
0.3354,0.407115370799366
0.35166,0.396170905853802
0.3674,0.384398409792114
0.38256,0.371810359234425
0.39711,0.358425608186084
0.41102,0.34426763050434
0.42424,0.329348183691404
0.43676,0.313698808249507
0.44852,0.297329128968677
0.4595,0.280260364672209
0.46966,0.262507644250022
0.47897,0.244088096018595
0.48741,0.225027308930032
0.49494,0.205342130980546
0.50153,0.185049208505842
0.50716,0.164171863016428
0.5118,0.142730667714975
0.51542,0.120743313346327
0.51801,0.0982393591949082
0.51953,0.0752348314765619
0.51998,0.0517638666715433
0.51932,0.0278445709866121
0.51755,0.00351108153978652
0.51464,-0.0212127900567246
0.5106,-0.0462827624687688
0.5054,-0.0716689697727446
0.49904,-0.0973319435039258
0.49152,-0.12322570629342
0.48283,-0.149307835477145
0.47298,-0.175525309180471
0.46197,-0.201825575584803
0.44981,-0.228150685110346
0.43651,-0.254440117013323
0.42208,-0.280633144487221
0.40655,-0.306655975346402
0.38993,-0.332441329774101
0.37226,-0.357907094250475
0.35356,-0.382976507506659
0.33386,-0.407572131599902
0.31321,-0.431603646427352
0.29164,-0.454987953654366
0.2692,-0.477635638950285
0.24593,-0.499462446816732
0.22189,-0.520376235925947
0.19713,-0.540288885363027
0.17171,-0.559111021112389
0.14569,-0.576755223431991
0.11912,-0.593145985630766
0.092072,-0.608203793711172
0.064607,-0.621856825001566
0.036798,-0.634033179397525
0.0087087,-0.644670386790101
-0.01959,-0.653710632308551
-0.048028,-0.661102711813963
-0.07653,-0.666798998667346
-0.10503,-0.670763626932999
-0.13346,-0.672970420192405
-0.16174,-0.673393564652819
-0.18981,-0.672023729263627
-0.2176,-0.668858422882401
-0.24503,-0.663894018837947
-0.27205,-0.657148903867858
-0.29859,-0.648644554180312
-0.32458,-0.638404956791626
-0.34996,-0.626463421389603
-0.37466,-0.61285298702319
-0.39864,-0.597628233473315
-0.42182,-0.580830481771185
-0.44416,-0.562519202022389
-0.46561,-0.542759821537625
-0.4861,-0.521606296531302
-0.50559,-0.499124275462277
-0.52403,-0.475379824178131
-0.54138,-0.450445072143015
-0.55759,-0.424387760319751
-0.57262,-0.397277668333362
-0.58645,-0.369199089378482
-0.59902,-0.340216089369145
-0.61031,-0.310404145481392
-0.62029,-0.279838323434864
-0.62894,-0.24859851998134
-0.63622,-0.216751334266371
-0.64213,-0.184380137416245
-0.64663,-0.151549671960315
-0.64972,-0.118337139081835
-0.65139,-0.08481992237543
-0.65161,-0.0510582700950392
-0.6504,-0.0171335220810165
-0.64774,0.016888207909114
-0.64364,0.0509331526156926
-0.63811,0.0849238578480963
-0.63115,0.118789882151233
-0.62278,0.152454070112966
-0.613,0.185851265328355
-0.60185,0.218898719399677
-0.58933,0.251531877323927
-0.5755,0.283658796333685
-0.56036,0.315212880910846
-0.54396,0.346113386998073
-0.52633,0.376285747226419
-0.50752,0.405648212564651
-0.48757,0.434123471236247
-0.46652,0.461640514762944
-0.44443,0.488121201865514
-0.42135,0.513491807859002
-0.39733,0.53768482984939
-0.37244,0.560625498651965
-0.34672,0.582258081208226
-0.32025,0.602514820784905
-0.29307,0.621350386965338
-0.26527,0.638702492933068
-0.23689,0.654534549607013
-0.208,0.668810205217763
-0.17867,0.681495003026214
-0.14897,0.692557644305787
-0.11894,0.701993097374145
-0.088671,0.709780621424641
-0.058213,0.715918355549535
-0.027633,0.72040777671675
0.0030063,0.723256814606599
0.03364,0.724477348896829
0.064203,0.724084528945829
0.094636,0.722100536551382
0.12487,0.718545930489633
0.15485,0.713450197206154
0.18451,0.706841489901917
0.21379,0.698750923001095
0.24262,0.689204075488727
0.27095,0.678236430625422
0.29872,0.665883338653323
0.32586,0.652171893240364
0.35231,0.637129344525332
0.37803,0.620797238399692
0.40295,0.603205439382341
0.42702,0.584388444796173
0.45019,0.564383588886964
0.47239,0.543214704110959
0.4936,0.520931047737578
0.51374,0.497556642500156
0.53279,0.473138830886407
0.5507,0.447720219237074
0.56742,0.421338362006831
0.58293,0.394047798979237
0.59719,0.365900383016025
0.61017,0.336951664721387
0.62184,0.307258518738191
0.63218,0.276884569111482
0.64117,0.245896968904993
0.6488,0.214371087179236
0.65505,0.182379255334135
0.65992,0.150003933470668
0.6634,0.117325841200267
0.6655,0.0844365956303861
0.66622,0.0514263956165111
0.66556,0.0183814931398837
0.66355,-0.0145955922636213
0.6602,-0.0474072104296021
0.65553,-0.0799553351519893
0.64956,-0.112144784636472
0.64232,-0.143878383100632
0.63385,-0.175053142344473
0.62417,-0.20557955077426
0.61333,-0.235359823615299
0.60136,-0.264307595984894
0.58831,-0.292333937621007
0.57421,-0.319365756752325
0.55913,-0.345315862943938
0.54309,-0.370125779656905
0.52617,-0.39371815942713
0.50839,-0.416047680192384
0.48982,-0.437059881471767
0.47051,-0.456709994877243
0.45051,-0.47496306038168
0.42988,-0.491786359844413
0.40866,-0.507165431327565
0.38691,-0.521086899842001
0.36469,-0.533539374027434
0.34204,-0.544528871757925
0.31902,-0.55406118630535
0.29568,-0.562149829284833
0.27207,-0.568814790418922
0.24824,-0.574081326845479
0.22425,-0.577971405320708
0.20013,-0.580526424121853
0.17593,-0.581788000215319
0.1517,-0.581797222870504
0.12749,-0.580594004347815
0.10334,-0.578223927459178
0.079292,-0.57473469440068
0.055389,-0.570173903279228
0.031674,-0.564587949290725
0.0081831,-0.558026226733331
-0.015043,-0.550535890361116
-0.037967,-0.542163567298646
-0.060554,-0.532955971689946
-0.082768,-0.522957774574512
-0.10458,-0.512215899002935
-0.12595,-0.500769580834163
-0.14687,-0.488674334920921
-0.16729,-0.475966097970525
-0.18719,-0.462686060120636
-0.20656,-0.448885727115854
-0.22536,-0.434601140162876
-0.24358,-0.41987685339646
-0.26121,-0.404762835122764
-0.27822,-0.389297030542882
-0.2946,-0.373521183210579
-0.31034,-0.357478681511446
-0.32542,-0.341205377199342
-0.33984,-0.324744557493176
-0.35359,-0.308136625624391
-0.36665,-0.291410851052274
-0.37903,-0.274608581122541
-0.39072,-0.257764656062871
-0.40172,-0.240914787365186
-0.41202,-0.224086682109071
-0.42163,-0.207315281991412
-0.43053,-0.190617876657139
-0.43875,-0.174033672912446
-0.44627,-0.157581165322233
-0.4531,-0.141283486266919
-0.45925,-0.125166527775675
-0.46472,-0.109249973122679
-0.46951,-0.0935476281285592
-0.47363,-0.0780752387631545
-0.47709,-0.0628493572458081
-0.4799,-0.0478864221620185
-0.48205,-0.0331872352617098
-0.48357,-0.0187692370316368
-0.48446,-0.00464033373677264
-0.48471,0.00920714609124348
-0.48435,0.0227639367983486
-0.48338,0.036029818503904
-0.48181,0.0490047192117984
-0.47964,0.0616963236241361
-0.47688,0.0741111997546712
-0.47355,0.0862476570017103
-0.46964,0.0981197659439834
-0.46516,0.109739318984711
-0.46013,0.121108731395354
-0.45454,0.132245121967765
-0.44841,0.143154950465966
-0.44174,0.153850817341248
-0.43454,0.164342637599313
-0.42682,0.174637979109207
-0.41857,0.18475717454451
-0.40982,0.194700784101865
-0.40056,0.204483034266205
-0.3908,0.214114025880591
-0.38055,0.223600288392061
-0.36981,0.232952701339986
-0.35859,0.242177967168221
-0.3469,0.251279234533743
-0.33475,0.260256681764181
-0.32215,0.269108057791711
-0.3091,0.277836576710095
-0.29562,0.286434953351001
-0.28172,0.294894993952807
-0.26742,0.303200553937324
-0.25273,0.311336864016816
-0.23767,0.319283226830494
-0.22225,0.327022088311224
-0.2065,0.334524090577885
-0.19043,0.341765926209614
-0.17408,0.348707603335953
-0.15746,0.355318945141568
-0.14059,0.36157113109279
-0.12352,0.367415075757606
-0.10625,0.372823708045752
-0.088829,0.377752280139629
-0.071278,0.382163808161744
-0.05363,0.386019806459695
-0.035916,0.38928323749667
-0.018167,0.391919390720505
-0.00041409,0.393896482841504
0.017312,0.395186415480511
0.034979,0.395763899091514
0.052559,0.395610048854024
0.070022,0.394710355406688
0.087341,0.393056705996127
0.10449,0.390647369576134
0.12145,0.387491255763541
0.13818,0.38358961440814
0.15468,0.378968063871354
0.17092,0.373649250081291
0.18689,0.367667851716644
0.20256,0.361052746760808
0.21794,0.353857137104651
0.23301,0.346130399428285
0.24775,0.337917649129336
0.26217,0.329281639117437
0.27626,0.320282938812904
0.29002,0.31098616629123
0.30344,0.301450065647395
0.31653,0.291741804739873
0.32929,0.28192605263185
0.34172,0.272063598427627
0.35382,0.262210294385047
0.36561,0.252431088271374
0.37709,0.242781486658175
0.38825,0.233300221957935
0.39912,0.224040722053133
0.40968,0.215029511619169
0.41996,0.206307326759612
0.42994,0.197887909769061
0.43965,0.18979945521328
0.44907,0.182043677394477
0.45821,0.174622678003103
0.46708,0.167538409107183
0.47567,0.160777476161748
0.48398,0.154321490824175
0.492,0.148140770797873
0.49973,0.142204375595753
0.50717,0.136480868543476
0.5143,0.130924192005554
0.52112,0.125492281026272
0.52761,0.12013241736024
0.53375,0.114784534440946
0.53954,0.109398904793897
0.54495,0.103913199050517
0.54997,0.0982713483373449
0.55457,0.0924090409821799
0.55874,0.0862718755551461
0.56245,0.0798001934651515
0.56567,0.0729318210960908
0.56838,0.0656117724066377
0.57056,0.0577925261390307
0.57218,0.0494266969285825
0.57321,0.0404685454631364
0.57362,0.030875170648959
0.57339,0.0206148123284532
0.57249,0.00965848177933498
0.5709,-0.00201205045857928
0.56858,-0.0144202801673399
0.56551,-0.0275781690868901
0.56166,-0.0414950964668865
0.55702,-0.0561629538663447
0.55155,-0.0715815740006614
0.54524,-0.0877346623081664
0.53806,-0.104607819050675
0.52999,-0.122180849917609
0.52102,-0.140421746929301
0.51111,-0.159311754987575
0.50026,-0.178813495775961
0.48845,-0.198890165398251
0.47567,-0.219498830073924
0.46189,-0.240607410020864
0.44712,-0.262163749195935
0.43135,-0.284115610691241
0.41456,-0.306419429153942
0.39675,-0.329024998785561
0.37792,-0.351878131314512
0.35808,-0.374915530333982
0.33722,-0.398083114768035
0.31535,-0.421321002592506
0.29249,-0.444558987682979
0.26865,-0.467727976962206
0.24384,-0.490761817038129
0.21809,-0.513583935460236
0.19143,-0.53611166266177
0.16388,-0.55826729689262
0.13547,-0.579972140769899
0.10625,-0.601134359437517
0.076254,-0.621666185960729
0.045522,-0.641481445369185
0.014106,-0.660489119434621
-0.017944,-0.678598670456976
-0.050571,-0.69571769252399
-0.083719,-0.711756014723312
-0.11732,-0.726619364487165
-0.15133,-0.740231023105507
-0.18565,-0.752490424218238
-0.22024,-0.763324737203697
-0.25501,-0.772649129217438
-0.28989,-0.780386844181851
-0.32481,-0.786470394982154
-0.35968,-0.790827509134102
-0.39443,-0.793399515245256
-0.42899,-0.794141026018941
-0.46326,-0.792997156451189
-0.49716,-0.789922374315837
-0.53063,-0.784895441672187
-0.56357,-0.777886451680118
-0.5959,-0.768874839779406
-0.62754,-0.757848835442466
-0.65841,-0.744804771264724
-0.68843,-0.72974628830321
-0.71752,-0.712683472553515
-0.74561,-0.693639351483247
-0.77262,-0.672639964114111
-0.79847,-0.649713628775826
-0.82309,-0.624897636875328
-0.84642,-0.598243369311695
-0.86839,-0.56980521882809
-0.88894,-0.539646322505291
-0.90799,-0.507820704691855
-0.92551,-0.474410832205404
-0.94144,-0.439497928274823
-0.95572,-0.403160211145705
-0.96831,-0.365486271280342
-0.97918,-0.326578130500725
-0.98828,-0.28653111722356
-0.99559,-0.245454734904296
-1,-0.202660473766097
-1,-0.156537419854742
-1,-0.109150612248822
-1,-0.0622145899634971
-1,-0.0171199193762219
-1,0.0250392110440558
-0.9946,0.0674317494104988
-0.98689,0.110306131421574
-0.97729,0.153528900982201
-0.96581,0.196965976705361
-0.95247,0.240479072424183
-0.9373,0.283923008333329
-0.92032,0.327158597604531
-0.90155,0.370055570384776
-0.88104,0.412472596228008
-0.85882,0.45427851704931
-0.83494,0.495339676780845
-0.80943,0.535539425194332
-0.78235,0.574756475952377
-0.75375,0.612877215923795
-0.72368,0.649798069293379
-0.69219,0.685427184293293
-0.65935,0.719670726326402
-0.62522,0.752444084050816
-0.58985,0.783680674464223
-0.55332,0.813309000798529
-0.5157,0.841263866730598
-0.47704,0.867502637369102
-0.43743,0.891973380593633
-0.39693,0.914641182711354
-0.35563,0.935464512325477
-0.31359,0.954420692450815
-0.27089,0.971488934290421
-0.22762,0.98664397885229
-0.18386,0.999865834101657
-0.13968,1.01114745001759
-0.095173,1.02047613212095
-0.050421,1.02784381359388
-0.0055107,1.03324355928034
0.039473,1.03667148926707
0.084443,1.03812525438974
0.12931,1.03760273118275
0.17399,1.03510647511218
0.21839,1.03063657819608
0.26243,1.02420121455088
0.30601,1.01580049084738
0.34905,1.00544319024473
0.39146,0.993137824546762
0.43316,0.978900197489765
0.47406,0.962744492013928
0.51407,0.944683494460393
0.55311,0.924736175273547
0.59111,0.902933616379264
0.62799,0.87930866422624
0.66366,0.853887514196411
0.69807,0.826720045111349
0.73113,0.797844460519321
0.76278,0.767310832947417
0.79297,0.735184945326401
0.82162,0.701521368732215
0.8487,0.666401181838465
0.87414,0.629895082093107
0.89791,0.592093051974423
0.91995,0.553075947996341
0.94024,0.512944565418272
0.95874,0.471798123789244
0.97542,0.429739108909883
0.99026,0.3868770342399
1,0.340926864422487
1,0.286708832269403
1,0.22747707118167
1,0.165999412341601
1,0.104588079147936
1,0.0451325956722961
1,-0.0108656836951101
1,-0.0622580169704246
1,-0.108212265394801
1,-0.14817697545583
1,-0.181846051271453
1,-0.209124464303645
1,-0.23009538967652
1,-0.244989097580195
0.98973,-0.261751701573674
0.97557,-0.282037717416012
0.95986,-0.305380802616865
0.94262,-0.331329754394754
0.92393,-0.359408248448017
0.90382,-0.389165104277832
0.88238,-0.420133451405376
0.85965,-0.451880205613394
0.83569,-0.483993881579563
0.81057,-0.516082154299947
0.78437,-0.547769875086697
0.75714,-0.578727043587559
0.72896,-0.608646202305272
0.6999,-0.637253560629264
0.67003,-0.664309980184826
0.63942,-0.689611121052286
0.60815,-0.712979464320626
0.57628,-0.734279534565775
0.5439,-0.753392220350411
0.51108,-0.770230713265642
0.47789,-0.78473777335921
0.4444,-0.796882788491127
0.41069,-0.806651314679617
0.37682,-0.814058384977605
0.34288,-0.819121442966637
0.30893,-0.821882773091741
0.27504,-0.822397273076774
0.24128,-0.82072958633974
0.20771,-0.816958837546587
0.1744,-0.811167181779231
0.14141,-0.803445182826481
0.10881,-0.793881027698142
0.076643,-0.782579154773456
0.044979,-0.769634806875952
0.013869,-0.755147678893083
-0.016637,-0.739219387332847
-0.046493,-0.721953511918943
-0.075649,-0.70344957453683
-0.10407,-0.683812260789024
-0.1317,-0.663132014095222
-0.15852,-0.641512587470249
-0.1845,-0.619057343646648
-0.20959,-0.595851510653581
-0.23379,-0.572000058407212
-0.25706,-0.547591103817255
-0.27938,-0.522711183912552
-0.30075,-0.497457559903205
-0.32115,-0.471918245009502
-0.34057,-0.446178301441397
-0.359,-0.420317558520744
-0.37645,-0.394423676393673
-0.39292,-0.368580268069364
-0.4084,-0.342857410995594
-0.4229,-0.317326511403705
-0.43644,-0.29206484231606
-0.44902,-0.267136859181132
-0.46066,-0.242609047115927
-0.47137,-0.218539638279958
-0.48116,-0.19497793088251
-0.49006,-0.171978762298824
-0.49808,-0.149584455440695
-0.50525,-0.127840185798565
-0.51158,-0.106776716966903
-0.51709,-0.0864190575397953
-0.52181,-0.0667936010801581
-0.52576,-0.0479190793174403
-0.52896,-0.0298068892819913
-0.53144,-0.0124689662377165
-0.53321,0.00409804483363642
-0.53431,0.0198881407920477
-0.53476,0.0349032804228257
-0.53457,0.049159706755812
-0.53377,0.0626704594706187
-0.53239,0.0754461155233602
-0.53044,0.0875101974134418
-0.52796,0.0988742401420626
-0.52495,0.109569741372168
-0.52145,0.119614191041727
-0.51747,0.129035791059117
-0.51304,0.137856080224088
-0.50817,0.146105655380804
-0.50289,0.153806989484346
-0.49721,0.160990346477688
-0.49116,0.167676790030568
-0.48475,0.17389428292142
-0.47801,0.179660871509489
-0.47094,0.18500834805911
-0.46358,0.18994917233386
-0.45593,0.19450945860207
-0.44802,0.198703416703685
-0.43986,0.202550028625193
-0.43147,0.206064161987694
-0.42287,0.209256900838012
-0.41408,0.212135897505737
-0.40511,0.214713134998153
-0.39598,0.216996278761587
-0.38671,0.218989212031637
-0.37733,0.220685161700626
-0.36784,0.222091017201192
-0.35826,0.223209608605203
-0.34862,0.224032932328407
-0.33893,0.224559156097575
-0.32921,0.224783983915516
-0.31948,0.224701167492314
-0.30976,0.224302974480188
-0.30007,0.223580611781092
-0.29042,0.222532001180067
-0.28083,0.221153093980405
-0.27132,0.219438326616521
-0.26191,0.217381029781633
-0.25262,0.214973791258195
-0.24346,0.212216171348682
-0.23444,0.209113357049978
-0.22559,0.205660146677011
-0.21692,0.201857891015591
-0.20844,0.197713186557824
-0.20017,0.193229297144567
-0.19211,0.188421514437368
-0.18429,0.183292244129432
-0.17671,0.177855629061821
-0.16937,0.172134899643438
-0.16229,0.166145213156461
-0.15548,0.159902204344545
-0.14893,0.153436247292161
-0.14265,0.146773982259611
-0.13665,0.139938302765358
-0.13092,0.13296321383939
-0.12546,0.125883321632604
-0.12028,0.118725332538067
-0.11537,0.111523570979492
-0.11071,0.104324881184594
-0.10632,0.0971552632398842
-0.10218,0.090052664257321
-0.098281,0.0830553585187581
-0.094615,0.0761999623270317
-0.091173,0.0695213379344797
-0.087941,0.0630555034471238
-0.084908,0.0568360181578092
-0.082058,0.0508970376859026
-0.079379,0.04526909289071
-0.076851,0.0399846472845133
-0.074459,0.0350729036024978
-0.072184,0.0305623525477333
-0.070006,0.0264806204581896
-0.067906,0.0228528861878309
-0.065861,0.0197043635964419
-0.063849,0.0170586023625028
-0.061847,0.0149376408834862
-0.059832,0.0133614289663962
-0.057776,0.0123511164827605
-0.055657,0.011923540582211
-0.053447,0.0120957723424921
-0.051122,0.012881382332583
-0.048653,0.0142941832486857
-0.046018,0.0163423701680726
-0.043186,0.0190357832686605
-0.040137,0.0223769340828687
-0.036844,0.0263672835574582
-0.033284,0.0310042022352269
-0.029436,0.0362801175279359
-0.025276,0.0421856648192218
-0.020787,0.0487048928326102
-0.01595,0.0558182425313948
-0.010747,0.063502840836028
-0.0051672,0.0717282589418351
0.00080549,0.0804625487559456
0.0071812,0.0896688523242624
0.01397,0.0993071883022425
0.021177,0.109332376523318
0.028807,0.119695968231988
0.036863,0.130346815255512
0.045345,0.141230744229254
0.054247,0.152288186066743
0.063569,0.163461313203007
0.0733,0.174687208872843
0.083433,0.185903622356415
0.093955,0.197046227528405
0.10485,0.20804871943697
0.11611,0.218851111845174
0.12772,0.229395202985815
0.13965,0.239614987818743
0.15188,0.249447642313083
0.1644,0.258842319478252
0.17718,0.267744771770651
0.19019,0.276099855542825
0.20342,0.283868377616461
0.21683,0.291003298173778
0.2304,0.297467743289297
0.24409,0.303219676200092
0.25788,0.308229264244641
0.27173,0.312462976543275
0.28561,0.315893049499296
0.29949,0.318497564132365
0.31334,0.32026035468474
0.3271,0.321148584735679
0.34076,0.321154255248521
0.35426,0.320253045887511
0.36757,0.318430722073473
0.38065,0.315674554504967
0.39346,0.311973752628795
0.40596,0.307319748262895
0.41811,0.301706351248978
0.42986,0.295122399520238
0.44118,0.287568133967743
0.45201,0.279031104805339
0.46233,0.269518838167972
0.4721,0.259040260971228
0.48126,0.24759068052192
0.48979,0.235184378380533
0.49765,0.22183599838354
0.5048,0.207560316505594
0.51121,0.192379422543551
0.51685,0.176320902854458
0.52167,0.159401417211045
0.52567,0.141665489960699
0.5288,0.123142073478933
0.53105,0.103876482341742
0.53238,0.0839039001071506
0.53279,0.0632800347846192
0.53225,0.0420534946569374
0.53074,0.0202732609434076
0.52826,-0.00199794130326318
0.52479,-0.0247028333487098
0.52032,-0.0477827545291415
0.51485,-0.07117223259347
0.50839,-0.094794810000713
0.50092,-0.118589578549314
0.49246,-0.142480431166438
0.48301,-0.166396084039491
0.47258,-0.190263929461886
0.46118,-0.214012548287633
0.44882,-0.237573735952424
0.43554,-0.260861890223562
0.42134,-0.283809641926698
0.40625,-0.306344358777413
0.3903,-0.328391563413261
0.37351,-0.349885149893426
0.35593,-0.370745838104771
0.33757,-0.390915940149569
0.31849,-0.410320276912272
0.29871,-0.4289017113935
0.27828,-0.446597559016135
0.25725,-0.463342919120163
0.23565,-0.479088212314638
0.21353,-0.493783347590827
0.19095,-0.507372374621942
0.16796,-0.519804107767046
0.1446,-0.531040565287318
0.12093,-0.541041246928034
0.097002,-0.549771230871255
0.072872,-0.557198667886708
0.048595,-0.563296370240764
0.024226,-0.568042219279273
-0.00017972,-0.571419141598462
-0.024566,-0.573414498534684
-0.048879,-0.57402182635406
-0.073063,-0.57323895076452
-0.097064,-0.571068994181357
-0.12083,-0.567521230471114
-0.14431,-0.562610846930425
-0.16744,-0.556348211518632
-0.19019,-0.548765073612876
-0.21251,-0.539895161465544
-0.23433,-0.529758456591083
-0.25563,-0.518400597175465
-0.27635,-0.505857372345243
-0.29646,-0.492178098102533
-0.3159,-0.477399683708167
-0.33466,-0.461585179429363
-0.35269,-0.444787567781825
-0.36995,-0.427057779852825
-0.38642,-0.408458553181422
-0.40206,-0.389045674155609
-0.41685,-0.368882584907254
-0.43077,-0.348037127053626
-0.44378,-0.326563974751428
-0.45588,-0.304535151146767
-0.46704,-0.282012369542729
-0.47725,-0.259061957306152
-0.4865,-0.235751936875398
-0.49477,-0.212142204569002
-0.50206,-0.18829898121417
-0.50836,-0.164284081091747
-0.51368,-0.140168545604959
-0.518,-0.116006389723578
-0.52134,-0.0918656312722751
-0.52369,-0.0678011450045825
-0.52506,-0.0438700888363474
-0.52546,-0.0201294676727379
-0.5249,0.00336583365742677
-0.5234,0.0265571933602048
-0.52096,0.0493998261150003
-0.51761,0.0718396190142194
-0.51336,0.0938316885451353
-0.50823,0.115332911382564
-0.50224,0.136303260403588
-0.49542,0.156699401660508
-0.48779,0.176484405546084
-0.47938,0.195620611471885
-0.47022,0.214071287165857
-0.46033,0.231809331518095
-0.44976,0.248794448831855
-0.43852,0.265006855043731
-0.42665,0.280422135219774
-0.4142,0.295005881789291
-0.40118,0.308746591456567
-0.38765,0.321615014740979
-0.37364,0.333591006514076
-0.35919,0.344655327516207
-0.34434,0.354790401927124
-0.32912,0.363988269149099
-0.31358,0.372234544364367
-0.29776,0.379517827135134
-0.28169,0.385837189350241
-0.26542,0.391185739992952
-0.24898,0.395567099695682
-0.23243,0.39897140416363
-0.21578,0.401415462640904
-0.19909,0.402900459340029
-0.1824,0.403430017806149
-0.16574,0.403017271175072
-0.14914,0.401682907656593
-0.13265,0.399438590188012
-0.1163,0.39630338170917
-0.10013,0.39229457717843
-0.084163,0.38744031081226
-0.068442,0.381762050204015
-0.052993,0.375288000724494
-0.03785,0.368045218412693
-0.023038,0.360065834899115
-0.008584,0.351383784770652
0.0054834,0.342032394586871
0.019146,0.332051306070804
0.032375,0.321476337788349
0.045157,0.310350619055379
0.05747,0.298715600595768
0.069299,0.286615368512019
0.080627,0.274093371432348
0.091448,0.261199392243786
0.10175,0.247982409581491
0.11151,0.234481142300908
0.12075,0.220758087323829
0.12944,0.206854581283557
0.13759,0.192823150945457
0.1452,0.178716291753529
0.15227,0.164584808468744
0.15881,0.15048389762427
0.16481,0.13645572826921
0.17029,0.122552699357324
0.17524,0.108811526816767
0.17969,0.0952845259436712
0.18363,0.0820052418291212
0.18709,0.0690203955361951
0.19006,0.0563561115172273
0.19257,0.0440503945743077
0.19462,0.0321272213041881
0.19622,0.0206056069152876
0.1974,0.00951443718793913
0.19815,-0.00114019775487003
0.1985,-0.011341568125319
0.19846,-0.0210799978599225
0.19804,-0.0303521313077247
0.19726,-0.0391527715236427
0.19613,-0.0474831233754344
0.19465,-0.0553572556155644
0.19286,-0.0627699779310966
0.19075,-0.0697379843226758
0.18835,-0.0762658588603822
0.18567,-0.0823633466904587
0.18273,-0.0880369223451803
0.17953,-0.0933052488222175
0.1761,-0.0981743225780507
0.17245,-0.102654724922923
0.16859,-0.106760592056484
0.16454,-0.110501283246021
0.16032,-0.113882164181039
0.15595,-0.116905319593563
0.15144,-0.119577594622578
0.1468,-0.121909551469728
0.14207,-0.123892335285688
0.13725,-0.125531287076577
0.13236,-0.126828286887231
0.12743,-0.127775009329247
0.12247,-0.128369929290066
0.1175,-0.128609664205923
0.11254,-0.128489444479345
0.10762,-0.127996128871844
0.10274,-0.127132376684244
0.097945,-0.12588025634663
0.09324,-0.124235315211546
0.088646,-0.122192275033131
0.084186,-0.119743890624393
0.07988,-0.11688377855162
0.075743,-0.113610156897203
0.071796,-0.109920609912454
0.068056,-0.105815283024626
0.064536,-0.101299392239114
0.061254,-0.0963784603321382
0.058222,-0.0910626027140019
0.055453,-0.085364681174939
0.052958,-0.0793009584715168
0.050746,-0.0728915298548297
0.048823,-0.0661613021666035
0.047196,-0.0591376887652528
0.045868,-0.0518523704797428
0.044839,-0.0443418487222201
0.044108,-0.0366462704084558
0.043672,-0.0288091062444356
0.043524,-0.0208782623521315
0.043657,-0.0129038794380154
0.04406,-0.00493943408324062
0.044723,0.00296118546421799
0.045626,0.0107379384887138
0.046759,0.0183349838529561
0.048102,0.0256941527344109
0.049637,0.0327586537357229
0.051343,0.0394723519551046
0.053203,0.0457843756389338
0.055192,0.051643843121826
0.057292,0.0570067293457686
0.059479,0.0618316267066925
0.06173,0.0660814536961274
0.064029,0.0697291691924644
0.066349,0.0727488147969494
0.068671,0.0751223217918169
0.070977,0.0768396134752527
0.073244,0.0778940390709216
0.075455,0.0782867288877205
0.07759,0.0780232308002317
0.079634,0.0771165834240908
0.081568,0.0755829197892482
0.083376,0.0734429942926718
0.085048,0.0707254832518969
0.086568,0.0674605353010776
0.087924,0.0636818969661366
0.089106,0.0594270164455052
0.090106,0.0547369960432238
0.090916,0.0496549438327231
0.091531,0.0442267747197668
0.091946,0.0384995270037677
0.09216,0.0325228978819977
0.092168,0.0263444582889531
0.091975,0.0200161694295371
0.091578,0.0135861740554825
0.090982,0.00710407968891979
0.090187,0.000615530896182792
0.089199,-0.00583395661924764
0.088021,-0.0122025864401316
0.086657,-0.0184521447492317
0.085113,-0.0245470799762983
0.083392,-0.0304574079027148
0.081503,-0.0361542665819205
0.079449,-0.0416151897159625
0.077236,-0.0468215416742012
0.074873,-0.0517563545217218
0.072364,-0.0564084562042441
0.069718,-0.0607682477528294
0.066938,-0.0648323887099528
0.064034,-0.0685977872556214
0.061012,-0.0720648732118807
0.057879,-0.0752364316275028
0.054642,-0.0781173263954832
0.051307,-0.0807149465184868
0.047881,-0.083038003682842
0.044373,-0.0850947701749669
0.040785,-0.0868983070873652
0.037128,-0.0884587023011668
0.033406,-0.0897887057997355
0.029625,-0.0909015268548084
0.025792,-0.0918097693979511
0.021912,-0.0925267902441369
0.017995,-0.0930625794498208
0.01404,-0.0934323449541142
0.01006,-0.0936447927767379
0.0060587,-0.0937100679401485
0.0020404,-0.0936387817922703
-0.0019864,-0.0934385449199246
-0.0060164,-0.0931167131489159
-0.010044,-0.0926800101246929
-0.014062,-0.0921332719944167
-0.018064,-0.0914802536651834
-0.022045,-0.0907247461594251
-0.025999,-0.0898696992581524
-0.029918,-0.0889157947622753
-0.033798,-0.0878647912735752
-0.037631,-0.0867162754820145
-0.041415,-0.0854724976087723
-0.045139,-0.0841311069345521
-0.048801,-0.082692729746201
-0.052394,-0.0811566471678258
-0.055912,-0.0795217873922701
-0.05935,-0.0777875358554723
-0.062701,-0.0759521599694582
-0.06596,-0.0740145289433602
-0.069122,-0.0719740076191521
-0.07218,-0.0698288816529319
-0.075131,-0.067579555854492
-0.077966,-0.0652236830439767
-0.080685,-0.0627634052877508
-0.083277,-0.06019628353305
-0.085743,-0.0575251180285081
-0.088073,-0.0547487173875268
-0.090269,-0.0518715747640311
-0.092325,-0.0488967282236614
-0.094237,-0.0458274407471483
-0.096006,-0.0426707649545639
-0.09763,-0.039434401600034
-0.099108,-0.0361271077775905
-0.10044,-0.0327589943547361
-0.10163,-0.0293439458845848
-0.10268,-0.0258970322368308
-0.10359,-0.022432385443659
-0.10436,-0.0189629816486781
-0.10501,-0.0155152806659009
-0.10553,-0.0121036919873356
-0.10594,-0.00875467272365224
-0.10624,-0.00548884549260154
-0.10643,-0.00232151783964896
-0.10653,0.00072198573947947
-0.10654,0.00362381615896496
-0.10649,0.00635052914049184
-0.10636,0.00889407379666668
-0.10618,0.0112302264914246
-0.10596,0.0133372900868278
-0.10571,0.0151963053141601
-0.10543,0.0167985602608091
-0.10515,0.0181218021654068
-0.10486,0.0191631887886802
-0.10458,0.0199135759148958
-0.10432,0.0203665445856135
-0.10409,0.0205182020544905
-0.10389,0.0203743517618483
-0.10373,0.0199412283095382
-0.10362,0.0192254069963038
-0.10356,0.0182411044767175
-0.10355,0.0170084598981597
-0.1036,0.0155445882251803
-0.10371,0.013871219282738
-0.10387,0.0120207171641473
-0.10409,0.0100184530725014
-0.10436,0.00789833970213561
-0.10467,0.00570031551098502
-0.10503,0.00345334795905663
-0.10543,0.00119157055338979
-0.10587,-0.00105506137148655
-0.10632,-0.00323862574398051
-0.1068,-0.00533503698240729
-0.10728,-0.00730318676996106
-0.10776,-0.00911164498334526
-0.10824,-0.010737757631004
-0.10869,-0.0121445275836397
-0.10912,-0.0133141337097587
-0.10952,-0.0142300891024656
-0.10987,-0.0148702372257863
-0.11016,-0.0152160415944536
-0.1104,-0.0152673796451442
-0.11057,-0.0150170199946753
-0.11066,-0.0144598149189202
-0.11067,-0.0136000421845808
-0.11061,-0.0124570782562896
-0.11045,-0.0110325924776864
-0.11021,-0.00935110685512955
-0.10989,-0.00744030668473476
-0.10947,-0.00531507492303094
-0.10897,-0.00300929844472309
-0.10839,-0.0005566141256314
-0.10773,0.00201032996305174
-0.10699,0.00466047898255843
-0.10619,0.0073500534236463
-0.10533,0.0100409448409875
-0.10442,0.0126932348021645
-0.10346,0.0152740387372093
-0.10247,0.0177422917201417
-0.10145,0.0200663058122829
-0.10041,0.0222155137354484
-0.099369,0.0241545479147278
-0.098325,0.0258607953149649
-0.097288,0.0273138289369884
-0.096266,0.0284972049814779
-0.095268,0.0293975954431298
-0.094298,0.0300084503808457
-0.093363,0.030326859448863
-0.092463,0.0303583232544831
-0.091604,0.0301107610475238
-0.090785,0.029599223383516
-0.090006,0.0288435748632819
-0.089264,0.0278694443212979
-0.088557,0.0267058622701054
-0.087878,0.0253876824824859
-0.087222,0.0239521793958095
-0.086582,0.0224391723909198
-0.085946,0.0208932477772709
-0.085305,0.0193594787594061
-0.084649,0.01788288857116
-0.083963,0.0165109431576193
-0.083234,0.0152902880867645
-0.082449,0.0142655875632932
-0.081592,0.0134808272003521
-0.080647,0.0129781345380194
-0.079599,0.0127961112284225
-0.078437,0.0129663360235982
-0.077139,0.013521800418634
-0.075693,0.0144881244582372
-0.074085,0.0158855305783243
-0.0723,0.0177298230445197
-0.070323,0.0200325480891828
-0.068143,0.0227982748023206
-0.065745,0.0260285041147712
-0.063122,0.0297160304521072
-0.060257,0.0338539470178659
-0.057145,0.0384266404560213
-0.053778,0.0434138699484138
-0.050145,0.0487941938402312
-0.046242,0.0545403922236552
-0.042065,0.0606211299854658
-0.037606,0.0670053887810424
-0.032865,0.0736571862634212
-0.027839,0.0805396139490507
-0.022528,0.0876137072977132
-0.016932,0.0948398381350509
-0.011053,0.102177405128472
-0.0048923,0.109586636517964
0.0015475,0.117028571856772
0.0082589,0.124462391147316
0.015241,0.131851840727315
0.022485,0.139159594513779
0.029987,0.146352226618701
0.037738,0.153396741170666
0.045729,0.160261553210169
0.053956,0.166920954966408
0.062405,0.173347482753178
0.071069,0.179518392329529
0.079938,0.185413365883212
0.089002,0.191014826096638
0.09825,0.196307380575202
0.10767,0.201277316800384
0.11726,0.205920286159518
0.12699,0.210219145360321
0.13687,0.214176712307636
0.14688,0.217789872759628
0.157,0.221051045011697
0.16722,0.223956851064101
0.17754,0.226514988956763
0.18794,0.228727293174994
0.1984,0.230591009424018
0.20891,0.232107315318812
0.21946,0.233280679686997
0.23002,0.234103458748153
0.24059,0.234580759915474
0.25114,0.234705765881941
0.26166,0.234477127866623
0.27213,0.23389064417256
0.28251,0.232925223158072
0.2928,0.231576372012351
0.30297,0.229830990096456
0.31299,0.227669468563847
0.32283,0.225067542628334
0.33248,0.222012701912193
0.3419,0.218480145200905
0.35106,0.214443308002556
0.35993,0.209874997863476
0.36849,0.204755735769877
0.3767,0.199058106436037
0.38454,0.19276394499803
0.39196,0.185840975821471
0.39895,0.17827613001176
0.40546,0.170042743027026
0.41147,0.161126250817162
0.41694,0.1515076096418
0.42185,0.141179642369909
0.42616,0.130130325110377
0.42985,0.118359028215971
0.43288,0.105859723467677
0.43523,0.0926371692504032
0.43687,0.0786974812571165
0.43777,0.0640478867087451
0.43791,0.0487038798370477
0.43726,0.0326799708126297
0.4358,0.0159970318781976
0.43352,-0.00131196185695132
0.43038,-0.0192272196387359
0.42638,-0.0377104289383583
0.4215,-0.0567240788803845
0.41572,-0.0762322417371543
0.40904,-0.0961864007225301
0.40144,-0.116543962446381
0.39293,-0.137246069937767
0.38349,-0.158244547118147
0.37313,-0.179478993763011
0.36184,-0.200895656054296
0.34964,-0.222425511288844
0.33653,-0.244004009074272
0.32252,-0.265564708783719
0.30762,-0.287041634754303
0.29184,-0.308371196008208
0.27521,-0.32947890985753
0.25775,-0.350291194609655
0.23948,-0.37073748130653
0.22042,-0.390751873301541
0.20061,-0.410259600359822
0.18007,-0.429195937114727
0.15885,-0.447484232037351
0.13698,-0.465055508485048
0.11449,-0.481849293432625
0.091424,-0.497803739004488
0.067834,-0.512852147029364
0.043763,-0.526932872315799
0.019257,-0.539988310105634
-0.0056336,-0.551962954005024
-0.030855,-0.562802523517295
-0.056358,-0.572459150480613
-0.082086,-0.580886522151
-0.10799,-0.588047022647508
-0.134,-0.593896107523644
-0.16008,-0.598410562052417
-0.18616,-0.601560427556266
-0.21219,-0.603326479296419
-0.23811,-0.603691828820547
-0.26387,-0.602649873612483
-0.28941,-0.600195626572533
-0.31469,-0.596340853616654
-0.33964,-0.591088834624269
-0.36421,-0.584451186482652
-0.38836,-0.576453774920847
-0.41203,-0.567118895767686
-0.43518,-0.556480552622764
-0.45775,-0.544566840227561
-0.47971,-0.531422838805198
-0.50102,-0.517099005276407
-0.52162,-0.501634241341495
-0.54148,-0.485079471017253
-0.56056,-0.467486702971239
-0.57883,-0.448914942635276
-0.59625,-0.42941994074864
-0.61278,-0.409053364192729
-0.6284,-0.387876979241455
-0.64308,-0.365951598397065
-0.65678,-0.343328158990123
-0.66949,-0.320070330116148
-0.68117,-0.296227994545444
-0.6918,-0.271853180040836
-0.70136,-0.24699801900643
-0.70983,-0.221713080876195
-0.71719,-0.196046046407583
-0.72342,-0.170040692255754
-0.72851,-0.143743551990685
-0.73244,-0.117194408481765
-0.7352,-0.0904335858101529
-0.73678,-0.0635004064383396
-0.73717,-0.0364319690129814
-0.73638,-0.00927701125835498
-0.73438,0.0179375962928454
-0.73118,0.0451741312660936
-0.72679,0.0723875156130119
-0.72119,0.0995505036348032
-0.7144,0.126621756272544
-0.70642,0.153564850959831
-0.69727,0.180333883266137
-0.68694,0.206899090821527
-0.67545,0.233222718132112
-0.66283,0.259254562630404
-0.64907,0.284965679396714
-0.63421,0.310308439508936
-0.61825,0.335251390842365
-0.60123,0.359747765373015
-0.58316,0.383762268591754
-0.56408,0.407247995684457
-0.544,0.430172508395409
-0.52296,0.452494104902441
-0.50098,0.474179918439363
-0.4781,0.495190689445201
-0.45436,0.515483447973387
-0.42979,0.535021162458385
-0.40442,0.553772972782521
-0.37831,0.571692033369666
-0.35148,0.588749835849649
-0.32398,0.604911627783773
-0.29587,0.620131555263273
-0.26717,0.634386006754221
-0.23795,0.647633352556398
-0.20825,0.659841129535312
-0.17811,0.670985521243867
-0.1476,0.681028531705236
-0.11677,0.689936924004461
-0.085658,0.697691439622796
-0.054332,0.704262810518534
-0.022844,0.709626699085936
0.0087479,0.713759255067589
0.040391,0.716642024210933
0.072025,0.718256144183485
0.1036,0.718590983445976
0.13504,0.717623884119966
0.16631,0.715353761578954
0.19735,0.711778807255543
0.22809,0.706889621577856
0.25848,0.700686037884797
0.28847,0.693175636708594
0.31799,0.68435754393097
0.34701,0.674253948297324
0.37545,0.662868324614368
0.40327,0.650218787693685
0.43042,0.636327589986744
0.45685,0.621219932096162
0.48251,0.604922901706083
0.50734,0.58745714301258
0.53131,0.568859864200773
0.55437,0.54916595130788
0.57647,0.528407574445175
0.59758,0.506628699953154
0.61766,0.483874270349053
0.63668,0.460196227183444
0.65459,0.435635963158115
0.67137,0.410247397251993
0.68698,0.384078237870579
0.70141,0.357191998735425
0.71463,0.329648328540386
0.72661,0.301502019892026
0.73735,0.272824488875721
0.74682,0.243676255763094
0.75501,0.214121997190868
0.76191,0.184227743693413
0.76752,0.15406595920862
0.77184,0.123712049905919
0.77485,0.0932266533899758
0.77658,0.0626934868157434
0.77702,0.0321826691650409
0.77618,0.00176586513039692
0.77407,-0.0284863747175151
0.77072,-0.0584919541029792
0.76612,-0.0881917221452272
0.76031,-0.117510140144853
0.75331,-0.146375793928154
0.74514,-0.174723035979182
0.73583,-0.202485784928668
0.72539,-0.229614745008717
0.71388,-0.256039088639696
0.70131,-0.281710091945029
0.68771,-0.306583965871971
0.67313,-0.330607901956205
0.65759,-0.353746029942381
0.64114,-0.375955519820088
0.62382,-0.397197078004681
0.60565,-0.41745070088739
0.58669,-0.436683492863887
0.56698,-0.454868419272766
0.54655,-0.471991851504669
0.52545,-0.488037104174106
0.50372,-0.502993413856155
0.4814,-0.516855601636372
0.45855,-0.529608839979147
0.4352,-0.54125357552753
0.41141,-0.551780819895434
0.3872,-0.561204231361876
0.36263,-0.569526195182175
0.33774,-0.576755126359409
0.31257,-0.58290443238507
0.28718,-0.587976728615635
0.26159,-0.591995741129483
0.23585,-0.594979679181218
0.21001,-0.596942079427335
0.1841,-0.597907362299366
0.15816,-0.597900876755426
0.13223,-0.596948225228024
0.10636,-0.595067283449458
0.080576,-0.592287083856137
0.054922,-0.588631660088592
0.029429,-0.584130062230635
0.0041403,-0.578805560813202
-0.02091,-0.572682972433288
-0.045686,-0.565786365133585
-0.070154,-0.558140169195631
-0.094275,-0.549764497710827
-0.11802,-0.540682785815465
-0.14135,-0.530913055540347
-0.16423,-0.520471356598881
-0.18664,-0.509382715794495
-0.20854,-0.497663839941774
-0.2299,-0.485331569258204
-0.25069,-0.472402279520224
-0.27089,-0.458898806197154
-0.29046,-0.444833667182385
-0.30939,-0.430232782902403
-0.32764,-0.415109867226049
-0.34521,-0.399497874877532
-0.36206,-0.383414677540084
-0.37818,-0.366887556950103
-0.39355,-0.349943107632279
-0.40815,-0.332606510054588
-0.42198,-0.314915766621591
-0.43501,-0.296895858839264
-0.44725,-0.278590018838331
-0.45868,-0.260032679806084
-0.4693,-0.241264874516909
-0.47911,-0.222331668177813
-0.48809,-0.20326518047763
-0.49626,-0.184115594709546
-0.50362,-0.164931298304595
-0.51016,-0.145750309164509
-0.51589,-0.126615796596133
-0.52083,-0.107581049463546
-0.52497,-0.0886836280267334
-0.52832,-0.0699618978563396
-0.5309,-0.0514609220433127
-0.53272,-0.0332222431934872
-0.53378,-0.0152757289819701
-0.5341,0.00234452543245054
-0.5337,0.0196022851376038
-0.53259,0.036468306143572
-0.53078,0.0529201231546054
-0.52829,0.0689343121147775
-0.52513,0.0844950677791483
-0.52133,0.0995787237561161
-0.51691,0.114163655036423
-0.51187,0.128245593960335
-0.50624,0.141812546069411
-0.50003,0.154861742968105
-0.49327,0.167383463959994
-0.48597,0.179377745257663
-0.47815,0.190845391327488
-0.46983,0.201788093382681
-0.46103,0.212208481668122
-0.45177,0.222110123921865
-0.44205,0.231512277354689
-0.43191,0.24041698132428
-0.42135,0.248842124820384
-0.4104,0.256795891582824
-0.39907,0.264293377591479
-0.38739,0.271340196578977
-0.37536,0.277956474756263
-0.363,0.284158820895681
-0.35033,0.289960663671404
-0.33738,0.29536518248007
-0.32414,0.300396837428734
-0.31065,0.305059659228197
-0.29692,0.309363314476838
-0.28296,0.313321762197453
-0.2688,0.316937264093847
-0.25444,0.320224769414709
-0.2399,0.323194255294525
-0.2252,0.325851410242563
-0.21036,0.328198281857407
-0.19539,0.330241282668343
-0.1803,0.331990135536058
-0.16512,0.333442145986261
-0.14986,0.334599423670862
-0.13453,0.335467845116619
-0.11916,0.336041333122737
-0.10376,0.336319076105548
-0.088343,0.336302261280763
-0.072937,0.335982521832868
-0.057559,0.335352100840241
-0.042226,0.334403893967512
-0.026957,0.333129997641409
-0.011774,0.331519827278608
0.0033067,0.329565111006984
0.018263,0.327255357392203
0.033077,0.324581664410535
0.047727,0.321533838569967
0.062193,0.318102181629663
0.076457,0.314279146664885
0.090499,0.31005766678948
0.1043,0.305432020943303
0.11784,0.300397022067209
0.1311,0.294948831665229
0.14407,0.289091502646186
0.15672,0.282820602914602
0.16904,0.276139817086511
0.18102,0.269059324283255
0.19262,0.261572133942
0.20385,0.253694615976172
0.21468,0.245431997027093
0.2251,0.236795214938288
0.23509,0.227792153296512
0.24465,0.218442839836863
0.25375,0.208754394737306
0.26239,0.198745538820405
0.27055,0.188429054520385
0.27822,0.177819984370525
0.2854,0.166942170017122
0.29208,0.155818499450482
0.29824,0.144463058743425
0.30387,0.13288980516064
0.30898,0.121126946637071
0.31354,0.109183783492161
0.31757,0.0970910272791947
0.32105,0.0848661700422964
0.32397,0.0725228867836066
0.32634,0.060086091620279
0.32816,0.0475815951268044
0.32941,0.0350203438044579
0.33011,0.0224304635550261
0.33025,0.009830865340128
0.32983,-0.0027602085107259
0.32887,-0.0153108918091712
0.32736,-0.0278015071806159
0.32532,-0.0402006854460236
0.32275,-0.052483410546153
0.31967,-0.064615818865329
0.31608,-0.0765727710197532
0.31201,-0.0883148157235949
0.30746,-0.09981437841149
0.30246,-0.11103219371286
0.29704,-0.121920809210545
0.2912,-0.132449815171964
0.28497,-0.142581384747999
0.27838,-0.15227295544711
0.27146,-0.161479514557558
0.26423,-0.170162912165542
0.25672,-0.17828441557162
0.24896,-0.185806134590412
0.24098,-0.192692157814356
0.23282,-0.198902029185421
0.22451,-0.204400405627008
0.21608,-0.209157321587394
0.20756,-0.2131482757716
0.199,-0.21633937111843
0.19042,-0.218712558602297
0.18186,-0.220248595226472
0.17336,-0.220928132830039
0.16494,-0.220747383045175
0.15665,-0.219693356441937
0.14852,-0.217761111958185
0.14058,-0.214952643937748
0.13285,-0.211283196824653
0.12538,-0.206756413343037
0.11819,-0.201388954762048
0.1113,-0.195207796718018
0.10473,-0.188247770100407
0.098526,-0.180530116286961
0.092689,-0.172098028003793
0.087242,-0.1629951444588
0.082199,-0.15327111026601
0.077572,-0.142980684452163
0.073371,-0.132182853199979
0.0696,-0.120942924824428
0.066263,-0.109329577166802
0.063361,-0.0974145673756819
0.060889,-0.0852745931919847
0.058844,-0.0729867047620828
0.057214,-0.0606326888514437
0.05599,-0.0482935603212559
0.055156,-0.036052494867323
0.054697,-0.0239911762558274
0.054595,-0.0121898073922837
0.054825,-0.000730076049734555
0.055369,0.0103128840118691
0.056198,0.0208635247960731
0.057289,0.0308528837549274
0.058614,0.040215946656847
0.060141,0.048890183592253
0.061843,0.0568209786669259
0.063686,0.0639569409740702
0.065639,0.0702534481323739
0.067669,0.075671633745081
0.06974,0.0801766835221128
0.071822,0.0837430091914042
0.07388,0.0863500372031494
0.075874,0.0879786718148385
0.077774,0.0886194807994495
0.079543,0.088266450393255
0.081148,0.0869199776548349
0.082551,0.0845824324297637
0.08372,0.0812626355383746
0.084622,0.0769740933553538
0.085222,0.071732682650493
0.085487,0.065557646205326
0.085388,0.0584737517377563
0.084894,0.050508416905648
0.083972,0.0416892866462022
0.082599,0.0320511116195865
0.080741,0.0216255399145067
0.078378,0.010451422889382
0.075481,-0.00143411273198186
0.072028,-0.013991017387285
0.067999,-0.0271763826805273
0.063373,-0.040946818330445
0.058134,-0.0552559760414398
0.052265,-0.0700571004879617
0.045758,-0.0852977302864735
0.038598,-0.100927438216226
0.03078,-0.116891474210043
0.0223,-0.133132440011473
0.013154,-0.149592474474747
0.0033466,-0.166208695261626
-0.0071206,-0.182918262183605
-0.018236,-0.199652869645823
-0.02999,-0.216343352169144
-0.042368,-0.23291826915008
-0.05535,-0.249302556435137
-0.068915,-0.265419815095887
-0.083038,-0.281192000425074
-0.097689,-0.296538503340223
-0.11284,-0.311380682351171
-0.12844,-0.325627001668025
-0.14447,-0.339202090964904
-0.16088,-0.352023185934346
-0.17762,-0.36400428819312
-0.19465,-0.375067016202634
-0.21192,-0.385134389481943
-0.22937,-0.394125806429206
-0.24695,-0.401967898116176
-0.26461,-0.408595712891469
-0.28228,-0.413938679888976
-0.2999,-0.417931635844639
-0.31742,-0.420523579838773
-0.33478,-0.42166958549796
-0.3519,-0.421316730160218
-0.36872,-0.419422531210947
-0.38519,-0.415962133356337
-0.40122,-0.410896662361207
-0.41677,-0.404214628462574
-0.43176,-0.395898006309953
-0.44612,-0.385932025637673
-0.4598,-0.374320341966196
-0.47273,-0.36106718262741
-0.48484,-0.346177703133451
-0.49608,-0.329673002379291
-0.5064,-0.311586990138391
-0.51571,-0.291933908156277
-0.52399,-0.270763966090317
-0.53116,-0.248111061193191
-0.53718,-0.22402498172633
-0.542,-0.198559915618279
-0.54557,-0.171772427139184
-0.54786,-0.143734505242275
-0.54881,-0.114506649618595
-0.54841,-0.0841755902349076
-0.54661,-0.0528173931994975
-0.54338,-0.0205123224576449
-0.53871,0.0126433522621478
-0.53258,0.0465504854449207
-0.52497,0.0811103694463905
-0.51587,0.116220060959715
-0.50527,0.151776179212537
-0.49319,0.187655841784435
-0.47962,0.223746228524184
-0.46458,0.259923828516249
-0.44808,0.296067634768952
-0.43015,0.332047577281154
-0.41081,0.367737676772958
-0.3901,0.403004404048696
-0.36806,0.437712336033489
-0.34473,0.471728811151691
-0.32017,0.504912868163772
-0.29442,0.537136177742219
-0.26755,0.568262653764377
-0.23962,0.598161849355816
-0.21069,0.626712250185924
-0.18086,0.653774150298784
-0.15018,0.679234852235955
-0.11873,0.702985265971933
-0.086619,0.724901725775814
-0.053915,0.744883490468059
-0.020712,0.762832839182001
0.012894,0.778656720437992
0.046814,0.792274618277343
0.080946,0.803609776788295
0.11519,0.812593117566803
0.14946,0.819175062691618
0.18364,0.82330200386133
0.21765,0.824946232339492
0.25137,0.824073151973787
0.28471,0.820666769166981
0.31757,0.814720129000522
0.34985,0.806234730513387
0.38146,0.795227182943938
0.41231,0.7817267331562
0.44229,0.765758094310561
0.47132,0.747364632739269
0.49932,0.726604320817724
0.52619,0.703531242514125
0.55187,0.67822508834066
0.57626,0.650755020879775
0.59931,0.621217311622338
0.62093,0.589698328020948
0.64107,0.556304047771385
0.65967,0.521146275764489
0.67667,0.484338703555718
0.69202,0.446000991632773
0.70568,0.406261821014065
0.71761,0.365253644249125
0.72778,0.32311567308057
0.73615,0.279981235791034
0.7427,0.235989843411704
0.74743,0.191296680124326
0.7503,0.146035401740812
0.75133,0.100362592005071
0.7505,0.0544189684650849
0.74782,0.00835023476230983
0.74331,-0.0376911003918919
0.73697,-0.0835666739178999
0.72884,-0.129124468992856
0.71893,-0.174228586465436
0.70727,-0.218745891302599
0.69391,-0.262535225098181
0.67889,-0.305461134543391
0.66225,-0.347397424050082
0.64404,-0.3882224204804
0.62433,-0.427807667511188
0.60316,-0.46604598498645
0.58061,-0.502821779741893
0.55675,-0.538024324982105
0.53164,-0.571558338872936
0.50536,-0.60332993400808
0.47799,-0.633250048642419
0.44961,-0.661237076589603
0.42031,-0.687211386974189
0.39017,-0.711105633996802
0.35927,-0.732865339086711
0.32771,-0.752434217804682
0.29559,-0.769757158863539
0.26297,-0.784812147306216
0.22997,-0.797561154198364
0.19667,-0.80798489002166
0.16317,-0.816065903799731
0.12954,-0.821811858602686
0.095898,-0.825215905894115
0.062317,-0.826293850836131
0.028895,-0.825061689560934
-0.0042863,-0.821547994822425
-0.037136,-0.815784651594655
-0.069568,-0.807809597569166
-0.1015,-0.797668070177277
-0.13284,-0.785403372969466
-0.16353,-0.771081740551491
-0.19347,-0.754755514720631
-0.2226,-0.736494405545769
-0.25084,-0.71636579204692
-0.27812,-0.694441032047695
-0.30437,-0.670792979927645
-0.32954,-0.645508679750478
-0.35357,-0.618676985692343
-0.37639,-0.590378476258641
-0.39797,-0.56071445305608
-0.41825,-0.529777949705446
-0.43719,-0.497667503881207
-0.45476,-0.464490657848491
-0.47091,-0.430344306065798
-0.48562,-0.395336052960171
-0.49886,-0.359571511942426
-0.51062,-0.323166264173046
-0.52087,-0.286225606122687
-0.52961,-0.248865423788169
-0.53683,-0.21119911266266
-0.54252,-0.173334454160731
-0.5467,-0.135393387204756
-0.54935,-0.0974757673133415
-0.55051,-0.0597046510412189
-0.55018,-0.0221882008472774
-0.54838,0.0149662856487982
-0.54514,0.0516484797786517
-0.54049,0.0877493775428291
-0.53445,0.123172196344594
-0.52707,0.157811282803642
-0.51839,0.191564941186024
-0.50844,0.22434568336731
-0.49728,0.25605855794703
-0.48495,0.286620865706268
-0.47151,0.315948151486014
-0.45702,0.343957753894233
-0.44154,0.370571614421192
-0.42513,0.395718421156484
-0.40785,0.419335161166765
-0.38977,0.441360755616656
-0.37097,0.46173086436043
-0.35151,0.480395951777286
-0.33147,0.497305866696533
-0.31092,0.512419602902153
-0.28994,0.525698113973213
-0.26861,0.537105843218692
-0.247,0.54661923548991
-0.2252,0.554211072856299
-0.20329,0.559860099462253
-0.18134,0.563558591393107
-0.15944,0.565295891898511
-0.13766,0.565074766066766
-0.11609,0.562894611434015
-0.094794,0.558771997532715
-0.073858,0.552721235115319
-0.053355,0.54476461822734
-0.033354,0.534933768925971
-0.013927,0.523265260619468
0.0048588,0.509802684176532
0.022943,0.494599561295951
0.040262,0.47771399000589
0.056763,0.459214512077821
0.072394,0.439177120888411
0.087108,0.417685707421181
0.10086,0.394829935801478
0.11363,0.370720333130308
0.12536,0.345453254126494
0.13604,0.319146543692288
0.14565,0.291924758053308
0.15417,0.263914414914185
0.16159,0.235247434275502
0.16791,0.206063698283121
0.17312,0.176498044528794
0.17724,0.146699424610488
0.18027,0.116808930385891
0.18223,0.0869718020702915
0.18314,0.0573321361230053
0.18302,0.028028586382179
0.18191,-0.000794229257467477
0.17984,-0.028998931037704
0.17684,-0.0564584876567584
0.17295,-0.0830511142012994
0.16823,-0.108648667196387
0.16272,-0.133137066454149
0.15647,-0.156410232540821
0.14952,-0.178379818527499
0.14195,-0.198945630861744
0.1338,-0.218031265951858
0.12513,-0.235567842800569
0.11601,-0.251488095355824
0.10649,-0.265743740765733
0.096645,-0.278285687203755
0.086525,-0.289085060803008
0.076199,-0.298117058086594
0.065731,-0.305365543096779
0.055182,-0.31082500419262
0.044616,-0.314497374175814
0.034095,-0.31639292301301
0.023679,-0.31653070738501
0.013428,-0.314937170043164
0.0034015,-0.311645129493629
-0.0063449,-0.306695252300493
-0.015756,-0.300134383923414
-0.02478,-0.292016197010917
-0.033364,-0.282398141572875
-0.041461,-0.271343997799839
-0.049022,-0.25891985803994
-0.056008,-0.245199636188717
-0.062375,-0.230258144993538
-0.068089,-0.214176521354053
-0.073112,-0.197036014528128
-0.077414,-0.178921787347376
-0.080965,-0.159919897937999
-0.083742,-0.14011996096714
-0.085721,-0.119611225080361
-0.086884,-0.0984845414388991
-0.087212,-0.0768286761614656
-0.086696,-0.0547354760966289
-0.085323,-0.0322935499708345
-0.083088,-0.00959208922702799
-0.079983,0.0132842471959817
-0.076013,0.0362475434813451
-0.071178,0.0592137801575023
-0.065485,0.0820996542682998
-0.058942,0.104824465859834
-0.051563,0.127307898319429
-0.043364,0.149471199823506
-0.034363,0.17123811414998
-0.024583,0.192533365052287
-0.014051,0.213282162970847
-0.0027957,0.233411506938737
0.0091506,0.252849792375666
0.021752,0.271526467470385
0.03497,0.289372475047259
0.048764,0.306320945109475
0.063088,0.322305259651717
0.077899,0.337263701721216
0.093144,0.351133462394287
0.10877,0.363853233567042
0.12474,0.375377092457415
0.14098,0.38564609619328
0.15744,0.394610830658393
0.17406,0.402224179544403
0.19079,0.408450227933269
0.20756,0.413248952318919
0.22431,0.416586160447522
0.24098,0.418433937823
0.25751,0.41877083265119
0.27383,0.417574423400573
0.28988,0.414830121751858
0.30559,0.410523248045286
0.32091,0.404654812744358
0.33577,0.397224223037693
0.35009,0.388222750127359
0.36384,0.377672814610879
0.37693,0.365577463393709
0.38931,0.3519540772775
0.40092,0.336824145482873
0.41171,0.320219684046627
0.42161,0.302165911278399
0.43059,0.282711797675408
0.43858,0.26189486801433
0.44554,0.239764859295679
0.45142,0.216372839538928
0.45618,0.191777155803146
0.45979,0.166047997425748
0.4622,0.139248536649828
0.46339,0.11145684004305
0.46331,0.0827387152549972
0.46196,0.0531852650187205
0.45929,0.0228684928808197
0.45531,-0.00811267192101547
0.44999,-0.0396699844569529
0.44332,-0.0717115889573008
0.43529,-0.104145440345517
0.42591,-0.136867317511478
0.41517,-0.169781102910135
0.40308,-0.20278537965972
0.38965,-0.235777605130967
0.37489,-0.268657543523268
0.35882,-0.301322618620168
0.34147,-0.33366426498559
0.32286,-0.365579966886476
0.30302,-0.396968050366641
0.28198,-0.427730898129659
0.25978,-0.457770070351417
0.23646,-0.486989815551078
0.21206,-0.515299854175475
0.18663,-0.542610107194242
0.16023,-0.568826457057119
0.1329,-0.593869635556341
0.1047,-0.61766049607672
0.075688,-0.640124424467777
0.045927,-0.661189601023128
0.015476,-0.68079218564247
-0.015595,-0.6988691954023
-0.047218,-0.715362350671397
-0.079324,-0.73021882454189
-0.11184,-0.743389477149707
-0.14469,-0.75482806267144
-0.17781,-0.764501594195796
-0.21111,-0.772370232893094
-0.24451,-0.778397856141045
-0.27794,-0.782560451725887
-0.31132,-0.784837761162087
-0.34457,-0.785213820421792
-0.3776,-0.783669855549722
-0.41033,-0.780193386242161
-0.44268,-0.77477797298013
-0.47456,-0.767415432267852
-0.50591,-0.758119161898506
-0.53662,-0.746883183255851
-0.56664,-0.733730952028337
-0.59586,-0.718665146037151
-0.62422,-0.701709054051978
-0.65163,-0.682880190429791
-0.67802,-0.662206127361867
-0.70331,-0.639714766492531
-0.72743,-0.615441245769303
-0.75031,-0.589425884549844
-0.77187,-0.561704958005362
-0.79205,-0.53232551065657
-0.81079,-0.501342187676358
-0.82802,-0.468807052934682
-0.84368,-0.434776195757793
-0.85772,-0.399314907970933
-0.87009,-0.36249418621069
-0.88074,-0.324387725884611
-0.88962,-0.285069381995808
-0.89669,-0.244618466635882
-0.90192,-0.203123834933501
-0.90526,-0.160664700932357
-0.90669,-0.117332356791503
-0.90618,-0.0732177368867127
-0.90371,-0.0284161578009927
-0.89926,0.0169764148927427
-0.89281,0.0628664357198652
-0.88435,0.109157838614522
-0.87388,0.155748157902976
-0.86139,0.202540393529123
-0.84688,0.249437679387964
-0.83037,0.296331621908535
-0.81185,0.343130208733779
-0.79136,0.389720742486089
-0.7689,0.436007095070099
-0.7445,0.481887560452239
-0.7182,0.527251971316813
-0.69002,0.572001799922348
-0.66001,0.616029104164373
-0.6282,0.65923680819809
-0.59465,0.70151780633799
-0.55941,0.742767983096608
-0.52254,0.782881851023846
-0.48411,0.821749088062802
-0.44417,0.859274077119523
-0.4028,0.895354316014293
-0.36008,0.929885396890596
-0.31609,0.962765073169579
-0.27093,0.993881698399302
-0.22467,1.02314214273799
-0.17742,1.05044205754242
-0.12928,1.07567918986913
-0.080347,1.09875888449448
-0.030733,1.11958502140575
0.019448,1.13806236987095
0.070085,1.15410216222668
0.12106,1.16761902795618
0.17225,1.1785299160175
0.22354,1.18676277944394
0.27479,1.19223887905832
0.32589,1.19489936376293
0.37672,1.19469659048617
0.42714,1.19157943560436
0.47703,1.1855111043315
0.52627,1.17646829793469
0.57474,1.16444017396128
0.62231,1.14941975728828
0.66887,1.13141906372148
0.7143,1.11045856623095
0.75849,1.08657323096421
0.80134,1.05981695218523
0.84274,1.03025078666724
0.88258,0.997940608612834
0.92078,0.962977203754139
0.95724,0.925454766207534
0.99188,0.885482982899297
1,0.824967400362379
1,0.743476470639094
1,0.64722440447573
1,0.541636090343074
1,0.431379049533713
1,0.320401681213292
1,0.211976781493953
1,0.108749272665723
1,0.0127870694890718
1,-0.0743659676647188
1,-0.151635994160633
1,-0.218364989025112
1,-0.274257257042932
1,-0.319327377459377
1,-0.353850249961364
1,-0.378313783794374
1,-0.393374671035091
1,-0.399817582733428
1,-0.39851802895225
1,-0.390409032327948
1,-0.376451680911854
1,-0.357609550630754
1,-0.334826921298653
1,-0.309010653008288
1,-0.281015541966117
1,-0.251632936232197
1,-0.221582362032435
1,-0.191505889827172
1,-0.161964955537262
0.99695,-0.135695762033178
0.96377,-0.134893927612237
0.92892,-0.155795068470015
0.89247,-0.194797525838044
0.85448,-0.24850422435669
0.81504,-0.313726747734758
0.77423,-0.387517525628222
0.73211,-0.467201173875042
0.68878,-0.550352104219084
0.6443,-0.634832480913057
0.59877,-0.718759047220905
0.55226,-0.800523999477746
0.50485,-0.878777121070306
0.45663,-0.952406370519391
0.40768,-1.02053216049591
0.35807,-1.08249771723082
0.3079,-1.13782666358463
0.25724,-1.1862289800961
0.20618,-1.2275642256689
0.1548,-1.26183024419381
0.10318,-1.28914295323228
0.051399,-1.30971747488479
-0.00045527,-1.32384278910521
-0.052303,-1.3318712461966
-0.10406,-1.33419885601925
-0.15565,-1.3312568117177
-0.20699,-1.32349233348698
-0.25799,-1.31135202654828
-0.30858,-1.29528787077618
-0.35868,-1.27573916579914
-0.40821,-1.25312517690268
-0.45709,-1.2278392272023
-0.50525,-1.20025154814627
-0.5526,-1.17068957652871
-0.59908,-1.13945979776048
-0.6446,-1.10682120257773
-0.68911,-1.07301663250705
-0.73253,-1.03824647257275
-0.77478,-1.00267055926142
-0.81581,-0.966432812687051
-0.85555,-0.92964443277594
-0.89393,-0.892385937294792
-0.93088,-0.854709559367182
-0.96635,-0.816656700442264
-1,-0.778042972524781
-1,-0.715208586174698
-1,-0.634601831995455
-1,-0.541887418377516
-1,-0.441975907045343
-1,-0.339059306270335
-1,-0.236651932330135
-1,-0.137635577172862
-1,-0.0443079886934423
-1,0.0415663270559899
-1,0.118703941184794
-1,0.186249880455862
-1,0.24372538337527
-1,0.290976784379248
-1,0.32812618417447
-1,0.355524467002257
-1,0.373707126650887
-1,0.383353265133337
-1,0.385248033323818
-1,0.3802486933186
-1,0.369254399268288
-1,0.353179717967533
-1,0.332931843300251
-1,0.309391400145111
-1,0.283396683709881
-1,0.255731139423837
-1,0.227113856226507
-1,0.198192821945803
-1,0.169540672933177
-1,0.141652660598296
-1,0.114946554274801
-1,0.0897642022230864
-1,0.0663744797866157
-0.99938,0.0454360463961127
-0.96366,0.052951844308754
-0.92618,0.0845288638318812
-0.887,0.135995560641125
-0.8462,0.203422651648305
-0.80387,0.283146932022898
-0.76008,0.371811116420183
-0.71495,0.46634103548712
-0.66854,0.564005501888851
-0.62098,0.662363215435625
-0.57236,0.759296986485546
-0.5228,0.852983822135758
-0.4724,0.941902402765343
-0.42128,1.02480350674846
-0.36956,1.10069532386671
-0.31737,1.16881859731489
-0.26482,1.22864348314157
-0.21203,1.27983934577251
-0.15914,1.32223806510043
-0.10628,1.35582242125688
-0.05356,1.38072003026721
-0.0011143,1.39716161691273
0.05093,1.4054675593554
0.10245,1.40603195375467
0.15333,1.39930947331246
0.20345,1.38579405292666
0.25269,1.36600319331043
0.30094,1.34047140493794
0.34809,1.3097364064409
0.39405,1.27434205168786
0.4387,1.23480291734821
0.48197,1.1916350862571
0.52376,1.14532119543028
0.564,1.09632700179104
0.60261,1.04508512022399
0.63952,0.991997153322261
0.67467,0.937435842208219
0.70801,0.881747234355748
0.7395,0.825252858915087
0.76908,0.768229702048115
0.79675,0.710954202855657
0.82246,0.653656230541071
0.84619,0.596542252130302
0.86795,0.539814523801468
0.88773,0.483649650783493
0.90553,0.42820413393362
0.92136,0.373619344238944
0.93523,0.320018535733284
0.94718,0.267527122806472
0.95722,0.216244633102025
0.9654,0.166274590822205
0.97174,0.117696776085599
0.9763,0.0705973139578412
0.97911,0.025041050663834
0.98023,-0.0189057157769209
0.97971,-0.0611864702008108
0.9776,-0.101755812817801
0.97396,-0.140572782273394
0.96886,-0.177595283715
0.96234,-0.212805135738905
0.95449,-0.246168400073379
0.94534,-0.277685099813491
0.93498,-0.307339586635939
0.92347,-0.335127433438644
0.91086,-0.361061945575628
0.89723,-0.385149301237168
0.88263,-0.407412999571278
0.86713,-0.427876060024879
0.8508,-0.446561405250436
0.83368,-0.463514282764983
0.81586,-0.478760520212646
0.79737,-0.492354664225237
0.77829,-0.504336606346262
0.75866,-0.514763501623626
0.73855,-0.523683199668704
0.718,-0.531157381889521
0.69708,-0.537235405428575
0.67581,-0.541992648306013
0.65427,-0.545479324240063
0.63248,-0.547768571185646
0.6105,-0.548920594110473
0.58836,-0.549005822529745
0.5661,-0.548093670716655
0.54377,-0.546243455952378
0.52138,-0.543534269127948
0.49898,-0.540029330201356
0.4766,-0.535792002981133
0.45425,-0.530898653970195
0.43197,-0.525411671461712
0.40978,-0.519395024439639
0.38769,-0.512919330175068
0.36574,-0.506036157230811
0.34392,-0.498816946989472
0.32227,-0.49130988658093
0.30078,-0.483579694029905
0.27948,-0.475672671223735
0.25837,-0.467640773866213
0.23746,-0.459531265592071
0.21677,-0.451378494367677
0.19629,-0.443227173492571
0.17605,-0.435099104133981
0.15604,-0.427026116091872
0.13627,-0.419031986229732
0.11675,-0.411132879549695
0.097495,-0.40333420705646
0.078501,-0.395646134224746
0.059781,-0.388069354076502
0.041344,-0.380599420480938
0.023196,-0.373229654325054
0.0053494,-0.36594661838952
-0.012189,-0.358735548585019
-0.029408,-0.351577399842519
-0.046296,-0.344449566499511
-0.062844,-0.337328805831529
-0.07904,-0.330189503403556
-0.094872,-0.323004589266831
-0.11033,-0.315747826482161
-0.1254,-0.308391229804015
-0.14007,-0.300907499448091
-0.15433,-0.293271995180846
-0.16817,-0.285462810103363
-0.18158,-0.277460787462678
-0.19454,-0.269242088821652
-0.20705,-0.260794531671142
-0.21909,-0.252100890598747
-0.23066,-0.243155170180304
-0.24174,-0.233945856310081
-0.25233,-0.224472153424122
-0.26242,-0.214734611479445
-0.27201,-0.204742335717801
-0.28108,-0.194496385003723
-0.28964,-0.1840135730172
-0.29768,-0.173308258530726
-0.3052,-0.162399914817127
-0.3122,-0.151311687273131
-0.31867,-0.140061725228419
-0.32463,-0.128685892537579
-0.33007,-0.117211224355399
-0.33501,-0.105679122775338
-0.33943,-0.094111881961775
-0.34337,-0.0825601408132101
-0.34681,-0.071051622441967
-0.34977,-0.0596243508840175
-0.35227,-0.0483235452673512
-0.35432,-0.0371915246908941
-0.35592,-0.0262596213023036
-0.3571,-0.015571502731504
-0.35787,-0.00516465433421153
-0.35825,0.0049222109445544
-0.35825,0.0146580255498024
-0.35789,0.0240115462292772
-0.35719,0.0329524642889393
-0.35617,0.0414522829253437
-0.35486,0.0494775864332789
-0.35327,0.0570069354564937
-0.35143,0.0640145980077451
-0.34935,0.0704871394724702
-0.34706,0.0764068927073408
-0.34459,0.0817535331749603
-0.34195,0.0865202005440298
-0.33918,0.0906891617003931
-0.33629,0.0942568470691558
-0.3333,0.0972240727524972
-0.33026,0.0995732466606359
-0.32717,0.101309621132413
-0.32407,0.102427376913775
-0.32097,0.102934341726842
-0.31792,0.102819768582071
-0.31492,0.102095396061845
-0.31201,0.100761383996113
-0.30921,0.0988235251682522
-0.30654,0.096292161297099
-0.30404,0.0931663875942122
-0.30171,0.0894659732426017
-0.29959,0.085197375168564
-0.29769,0.0803784509138552
-0.29604,0.0750210818494039
-0.29465,0.0691468946462604
-0.29355,0.0627700793048932
-0.29274,0.0559206999624768
-0.29225,0.0486186809809835
-0.29208,0.0408974636446141
-0.29225,0.0327857234358116
-0.29276,0.0243223267405964
-0.29363,0.015538515550777
-0.29485,0.00648070614203384
-0.29643,-0.00280852826393776
-0.29838,-0.0122909157687723
-0.30068,-0.0219105836689067
-0.30333,-0.031613857083174
-0.30633,-0.0413503890669633
-0.30966,-0.0510592253979098
-0.31332,-0.0606874568947433
-0.31728,-0.0701680890857279
-0.32153,-0.0794395752169071
-0.32606,-0.0884466535076451
-0.33082,-0.097111305023506
-0.33581,-0.105376518203606
-0.341,-0.113181879653035
-0.34635,-0.120458813175761
-0.35183,-0.127141757962429
-0.35741,-0.13316972457745
-0.36306,-0.138487458251013
-0.36875,-0.143046252080019
-0.37442,-0.146782257963124
-0.38005,-0.149651174326311
-0.38559,-0.151603936907943
-0.391,-0.152596846468535
-0.39624,-0.152592197826598
-0.40126,-0.151551239521169
-0.40604,-0.149458112458312
-0.41051,-0.146279382368488
-0.41463,-0.141991032095667
-0.41836,-0.136577766326335
-0.42165,-0.130024824929542
-0.42446,-0.122326148558242
-0.42675,-0.11348332245346
-0.42846,-0.10348971508296
-0.42956,-0.0923548588061225
-0.43,-0.0800866778074664
-0.42974,-0.0666993714109618
-0.42874,-0.0522121789090915
-0.42697,-0.0366556240205712
-0.42438,-0.0200540375287469
-0.42094,-0.00244117778504031
-0.41663,0.0161348538051741
-0.41141,0.0356302386935395
-0.40526,0.0559907987715367
-0.39815,0.0771626955506208
-0.39006,0.0990862941979475
-0.38098,0.121691410630646
-0.37088,0.144915983203638
-0.35977,0.168676580703492
-0.34762,0.192904398112936
-0.33444,0.217514767283544
-0.32023,0.242420021026618
-0.30497,0.26754737784621
-0.28869,0.292801252282094
-0.27139,0.318092675057965
-0.25308,0.343333287320212
-0.23377,0.368437932230879
-0.21349,0.393311909223466
-0.19225,0.417870567472334
-0.17008,0.442025290472047
-0.14701,0.465687130287472
-0.12308,0.488762374410381
-0.098297,0.511180931021569
-0.072716,0.532858723513679
-0.046369,0.553720277808709
-0.019293,0.573696008354256
0.0084635,0.59271509137202
0.036865,0.610717884397934
0.06586,0.627644207558683
0.095406,0.643442408388192
0.12545,0.65806202399509
0.15595,0.671463736102336
0.18685,0.683608610238845
0.21809,0.69445679631529
0.24964,0.703991636325896
0.28142,0.712179314480766
0.31338,0.718995923493548
0.34547,0.724426806740435
0.37763,0.728458378969887
0.40979,0.731071478949596
0.44191,0.732265710022937
0.47392,0.73203417413364
0.50576,0.730372833432404
0.53736,0.727273151515837
0.56868,0.72274583582911
0.59963,0.716780281931994
0.63018,0.709393765750708
0.66024,0.700581588292672
0.68977,0.690358793459402
0.71869,0.678726683394174
0.74695,0.665697935006579
0.77448,0.651279539422113
0.80122,0.635481364290883
0.82711,0.618315558310219
0.85209,0.599795992601199
0.87609,0.579930346768834
0.89905,0.558728657244191
0.92091,0.536202729447515
0.94161,0.512365604045215
0.96109,0.487231079275613
0.97929,0.460813290109137
0.99616,0.433133742012036
1,0.395600611678694
1,0.348347840612848
1,0.294582915995444
1,0.23707749155485
1,0.178189187415853
1,0.11988625444651
1,0.0637745492077083
1,0.0111262508386981
1,-0.0370902442507807
1,-0.0801797936983346
1,-0.117689857499642
1,-0.149380191905131
1,-0.175193308217649
1,-0.195226062010302
1,-0.20970268204552
1,-0.218949491284542
1,-0.223371516342744
1,-0.223431127819932
1,-0.219628803119156
0.98785,-0.221474731919407
0.96842,-0.232915222855243
0.94719,-0.252862324765908
0.92419,-0.280221850587247
0.89944,-0.313919719916361
0.87299,-0.352894754830347
0.84488,-0.396123679640445
0.81514,-0.442641735233773
0.78384,-0.491522136567505
0.75101,-0.541918911273257
0.71673,-0.59303385987315
0.68105,-0.644148828736982
0.64403,-0.694620915683961
0.60575,-0.743870006719168
0.56627,-0.791397313055058
0.52567,-0.836769144939412
0.48402,-0.879624763869089
0.44141,-0.919658963999108
0.39791,-0.956636426343597
0.35361,-0.990372066421362
0.3086,-1.02072878927649
0.26295,-1.04762926956319
0.21677,-1.07101951543665
0.17014,-1.09089060972858
0.12315,-1.10726538500751
0.075898,-1.12018822289283
0.028469,-1.12973165536635
-0.019043,-1.13598451974056
-0.066546,-1.13904994723535
-0.11395,-1.13904318155292
-0.16116,-1.13608413692855
-0.20809,-1.13030143980023
-0.25464,-1.12181825852146
-0.30074,-1.11077338278157
-0.3463,-1.09730065749845
-0.39122,-1.08151976313579
-0.43543,-1.0635585672363
-0.47884,-1.04353380239767
-0.52138,-1.0215652363834
-0.56296,-0.997757306230817
-0.60351,-0.972214184852858
-0.64297,-0.945044438332111
-0.68124,-0.916327602458724
-0.71828,-0.886161872852378
-0.754,-0.854620636562588
-0.78835,-0.821784591684975
-0.82127,-0.787730415801683
-0.85269,-0.752521703223094
-0.88256,-0.716224148477689
-0.91084,-0.678910310488836
-0.93747,-0.640641074218565
-0.9624,-0.601473177700293
-0.9856,-0.561472763669087
-1,-0.515503012803336
-1,-0.45544802324552
-1,-0.38578906254208
-1,-0.310401770331785
-1,-0.232587021570383
-1,-0.155105538423743
-1,-0.080215525379877
-1,-0.00971257666713068
-1,0.0550288933148217
-1,0.113013422042683
-1,0.163582157415843
-1,0.206371031790283
-1,0.241270015599197
-1,0.268383943199454
-1,0.287995328435229
-1,0.300529511060336
-1,0.306522399713917
-1,0.30659100434274
-1,0.301406882210719
-1,0.291672558021272
-1,0.278100921002126
-1,0.261397550607674
-0.99652,0.244820412304938
-0.97464,0.242067705783504
-0.95111,0.251481680655658
-0.92599,0.271410492998994
-0.89933,0.30024134842203
-0.87118,0.336421348123888
-0.84161,0.378460312458448
-0.81067,0.424963189231805
-0.77843,0.474626110451092
-0.74496,0.526247435465103
-0.71032,0.578742993779289
-0.6746,0.631127152068142
-0.63785,0.682547996597302
-0.60017,0.732246708509303
-0.56164,0.779575054913669
-0.52233,0.823999936820948
-0.48233,0.865082465871063
-0.44172,0.902481286644654
-0.40061,0.935923449972644
-0.35906,0.965238533462421
-0.31718,0.990309637684953
-0.27506,1.01108429943226
-0.23279,1.02756676742015
-0.19045,1.03981760147139
-0.14816,1.04791475240923
-0.10599,1.05198810064723
-0.064036,1.05218951235484
-0.022396,1.04868564414062
0.018839,1.04165814490782
0.059582,1.0313009403294
0.099745,1.01781376151323
0.13924,1.00139725376947
0.17797,0.982242092696325
0.21587,0.960550545981867
0.25285,0.936511168947232
0.28882,0.91029703957361
0.32373,0.882094117602555
0.35748,0.852057030650652
0.39002,0.820348048558964
0.42127,0.787108982591361
0.45118,0.752483322937733
0.47969,0.716604344775252
0.50674,0.67959309174096
0.53229,0.641571775884374
0.55629,0.602652294870651
0.57871,0.562949379805733
0.5995,0.522561486995615
0.61865,0.481600156353139
0.63613,0.440168931496579
0.65192,0.398368743264271
0.66601,0.356302289121235
0.67839,0.314070104057632
0.68906,0.271774831223991
0.69803,0.229524597692776
0.70529,0.187413392815304
0.71087,0.145549979267646
0.71479,0.104043824557008
0.71705,0.062986340106555
0.71769,0.022480581448012
0.71675,-0.0173647061504763
0.71425,-0.0564548251998566
0.71023,-0.0946951027343295
0.70473,-0.131994392852435
0.6978,-0.168260413668892
0.68949,-0.203403414078949
0.67985,-0.237339063131866
0.66893,-0.269990641468463
0.65678,-0.301290613093735
0.64346,-0.331174255668407
0.62905,-0.359567041898387
0.61358,-0.386426477012201
0.59714,-0.411693624612002
0.57978,-0.435328406651631
0.56157,-0.45729316247883
0.54257,-0.477561505429815
0.52286,-0.496102949460684
0.5025,-0.512900173674204
0.48156,-0.527940373602448
0.4601,-0.541222934708216
0.43821,-0.552735675520005
0.41594,-0.562487724854332
0.39337,-0.57048365393481
0.37057,-0.576732288430439
0.3476,-0.581253651192076
0.32453,-0.58406943570521
0.30142,-0.585210032571198
0.27835,-0.584697728499172
0.25538,-0.582562905334324
0.23256,-0.578849444018122
0.20997,-0.573589106711364
0.18766,-0.56682552770249
0.16569,-0.558603609359124
0.14412,-0.548968297849922
0.123,-0.537970944390537
0.10238,-0.52566682890692
0.082312,-0.512111542553215
0.062842,-0.497363936538373
0.044014,-0.48148541310561
0.025868,-0.464540727159105
0.0084449,-0.446594881288117
-0.0082212,-0.427716271491269
-0.0241,-0.407976877625297
-0.039157,-0.387446370229918
-0.053371,-0.366200325312584
-0.066714,-0.344311790211079
-0.07917,-0.321858421598955
-0.09072,-0.298916990932357
-0.10135,-0.275564863496085
-0.11105,-0.251880402653716
-0.11982,-0.227947679319747
-0.12764,-0.203837902914239
-0.13452,-0.179631736107769
-0.14047,-0.155414823835215
-0.14548,-0.131259250714853
-0.14956,-0.107238500005518
-0.15273,-0.0834320541444138
-0.155,-0.0599141444642048
-0.15638,-0.0367521976583285
-0.1569,-0.0140205327072137
-0.15658,0.00821097491711975
-0.15544,0.029878527643107
-0.1535,0.0509255815097631
-0.15079,0.0712962198959069
-0.14734,0.0909371937049501
-0.14317,0.109806891152764
-0.13832,0.127860077056911
-0.13282,0.145057866234389
-0.12671,0.161360791153603
-0.12,0.176752806593785
-0.11274,0.191208251083004
-0.10497,0.204702426023073
-0.096718,0.217221545003937
-0.08802,0.228755661112481
-0.078913,0.239298023837101
-0.06944,0.248840750258149
-0.059633,0.257383907977761
-0.049534,0.264927070012076
-0.039184,0.27147062718468
-0.02862,0.277019011053461
-0.017886,0.281575021954794
-0.0070209,0.285144219143848
0.0039321,0.287731405898394
0.014929,0.289340376749798
0.025932,0.289978889958244
0.036892,0.289649605402677
0.047769,0.288357976129563
0.058518,0.286108085227227
0.069095,0.282903744701611
0.079456,0.278748629348523
0.089557,0.273646371657649
0.099352,0.267599144741162
0.1088,0.260611721294522
0.11785,0.252683570948365
0.12647,0.243824065820233
0.13461,0.234037106320786
0.14222,0.223322173340529
0.14927,0.211690068796952
0.15572,0.199153119058394
0.16152,0.185717234176165
0.16663,0.171390448989302
0.17103,0.156197139732896
0.17468,0.140159476174573
0.17754,0.123297310569013
0.17958,0.105635521845113
0.18078,0.0872097917237859
0.18111,0.068056179066006
0.18054,0.048210084398816
0.17908,0.0277349971619097
0.17668,0.00667096216847338
0.17336,-0.0149102276539722
0.16909,-0.0369501522213129
0.16388,-0.0593732454758908
0.15772,-0.0821070566954823
0.15063,-0.105061549733449
0.14262,-0.128142492075711
0.13369,-0.151262393774301
0.12388,-0.17431221885426
0.1132,-0.197190956762371
0.10168,-0.219792313750808
0.089366,-0.241997132503893
0.076283,-0.263695022490064
0.062472,-0.284774253724632
0.047983,-0.305118876523347
0.032858,-0.324619125598969
0.01715,-0.343165638317672
0.00091074,-0.36065389560418
-0.015806,-0.376985273328855
-0.03294,-0.392064518038157
-0.050437,-0.405806825504536
-0.068237,-0.418134647506904
-0.086279,-0.428978455595276
-0.1045,-0.438276419332227
-0.12285,-0.445985047811978
-0.14126,-0.452063625485301
-0.15967,-0.456482293146264
-0.17801,-0.459214203727977
-0.19624,-0.460258684076092
-0.21429,-0.459614825685562
-0.23211,-0.457297151432116
-0.24964,-0.453325607351263
-0.26682,-0.447724702439326
-0.28361,-0.440537433887407
-0.29994,-0.431798996830253
-0.31578,-0.421567508294507
-0.33108,-0.409903740276752
-0.34579,-0.396869447929317
-0.35986,-0.382525919769961
-0.37327,-0.366954940824084
-0.38596,-0.350223323701824
-0.39791,-0.332413808931989
-0.40908,-0.313605112496713
-0.41945,-0.293885474544956
-0.42898,-0.273333683480749
-0.43765,-0.252033546906959
-0.44544,-0.230070572859778
-0.45233,-0.207529200870725
-0.45831,-0.184497943133285
-0.46335,-0.161051183994533
-0.46746,-0.137279204461076
-0.47063,-0.113267556682078
-0.47284,-0.0890879226128909
-0.4741,-0.0648206431426636
-0.47441,-0.04054303823675
-0.47377,-0.0163274449002099
-0.47219,0.00775286711305711
-0.46967,0.0316337664626485
-0.46623,0.0552459715527364
-0.46187,0.078533266990097
-0.45661,0.10143727593933
-0.45048,0.123892645408595
-0.44348,0.145852929493543
-0.43563,0.167273992360554
-0.42697,0.188100575390809
-0.41751,0.20829272559164
-0.40728,0.227809716374462
-0.3963,0.246619296191673
-0.3846,0.264690121505757
-0.37222,0.281985620258235
-0.35917,0.298488748380948
-0.34551,0.314162255897479
-0.33125,0.328991127114704
-0.31643,0.342957025680575
-0.3011,0.356032561823592
-0.28527,0.368213859894722
-0.26899,0.379487017789528
-0.2523,0.389838294187234
-0.23523,0.399262284706719
-0.21782,0.407753486702073
-0.2001,0.415314276906297
-0.18211,0.421946323335848
-0.16389,0.427651053110161
-0.14547,0.43243740449859
-0.12688,0.436320463911215
-0.10817,0.439305392381826
-0.089355,0.441415375957111
-0.070477,0.442667807532982
-0.051566,0.443084060617649
-0.032654,0.44268687655554
-0.013769,0.44150263478729
0.0050549,0.439555590645814
0.023793,0.436874721713983
0.042413,0.433486522947987
0.06089,0.429420331904729
0.079197,0.424705494924418
0.097306,0.419369872524143
0.11519,0.413440127021777
0.13284,0.406954538711083
0.1502,0.399924940159803
0.16728,0.392390271162661
0.18404,0.384373232514534
0.20047,0.375904930172229
0.21653,0.367000120077413
0.23222,0.357689437877934
0.24751,0.347993183166459
0.26238,0.337930035305858
0.27682,0.327524107113538
0.29081,0.316795695515667
0.30432,0.305753918098775
0.31735,0.294420642453423
0.32987,0.282805067476435
0.34188,0.270927943486804
0.35335,0.258796416324259
0.36427,0.246421084451121
0.37462,0.233807466168057
0.3844,0.220971450301487
0.39359,0.20792190530165
0.40218,0.194669037440234
0.41015,0.181216298802846
0.4175,0.16757623225838
0.42422,0.153760827620416
0.4303,0.139781167936779
0.43572,0.125639769750763
0.44049,0.111354215964105
0.4446,0.096938842915741
0.44805,0.0824122610275468
0.45082,0.0677811121358591
0.45293,0.0530716614750309
0.45435,0.0382881880440048
0.45511,0.0234613739699903
0.45519,0.00860526440584885
0.4546,-0.00625782223185052
0.45334,-0.0211070262127383
0.45141,-0.0359233576500271
0.44882,-0.0506825899738775
0.44557,-0.0653644631244568
0.44168,-0.0799378128192034
0.43714,-0.0943858527433079
0.43197,-0.108681812097832
0.42618,-0.122799149482582
0.41978,-0.136712382969762
0.41277,-0.15040513888289
0.40518,-0.163846827458926
0.39701,-0.177018588985163
0.38828,-0.189896925041858
0.379,-0.20246282223879
0.3692,-0.214686800321914
0.35888,-0.22655411364281
0.34806,-0.238047708314765
0.33676,-0.249149344197111
0.325,-0.259840523984674
0.31279,-0.270110643969015
0.30016,-0.279941171629125
0.28712,-0.289322679156931
0.2737,-0.298238747614642
0.25992,-0.306675359129085
0.24579,-0.314628400448232
0.23134,-0.322087268194929
0.21659,-0.329044004371347
0.20157,-0.335485787053439
0.1863,-0.341403788831331
0.1708,-0.346792813025717
0.15511,-0.351636110579723
0.13925,-0.355923015153341
0.12324,-0.35964820357543
0.10712,-0.362796171536632
0.090925,-0.365347464615868
0.074676,-0.367290451336917
0.058411,-0.368607686290844
0.042159,-0.369284301531405
0.025956,-0.369302868103512
0.0098371,-0.368645164990837
-0.0061674,-0.367296510917084
-0.02202,-0.365240293017839
-0.037687,-0.362461745281029
-0.053135,-0.358948359072087
-0.068333,-0.354691712709155
-0.083245,-0.349683369336629
-0.09784,-0.34391896609046
-0.11209,-0.337399923628143
-0.12596,-0.330127276245084
-0.13943,-0.322112974818303
-0.15247,-0.313370217910338
-0.16505,-0.303913011910559
-0.17716,-0.293770572245232
-0.18876,-0.282961542524454
-0.19984,-0.271517844074385
-0.21038,-0.259473947880732
-0.22036,-0.246865540227234
-0.22977,-0.233735785013408
-0.2386,-0.220132757446861
-0.24684,-0.206107223447724
-0.25448,-0.191710749005528
-0.26151,-0.176994121068994
-0.26794,-0.162020855552649
-0.27375,-0.146840745485771
-0.27895,-0.131513237845779
-0.28355,-0.116103805551588
-0.28754,-0.100666051435202
-0.29094,-0.0852645375981802
-0.29375,-0.0699558922062473
-0.29598,-0.0547959498240703
-0.29765,-0.0398454992136972
-0.29877,-0.0251599771993684
-0.29935,-0.0107886742790182
-0.29942,0.00321097624087717
-0.29898,0.016799087107724
-0.29806,0.0299292077126801
-0.29667,0.0425660561614239
-0.29484,0.0546699411405156
-0.29258,0.0662139094911322
-0.28993,0.0771602552378826
-0.2869,0.0874862371151895
-0.28352,0.0971674343475395
-0.2798,0.106193959863273
-0.27578,0.114546161750144
-0.27147,0.122219653969541
-0.2669,0.129208099137963
-0.2621,0.135504158686093
-0.25708,0.141115053823905
-0.25188,0.146037732970158
-0.24651,0.150283477098223
-0.241,0.153860355942506
-0.23536,0.156788736546402
-0.22962,0.159083854790699
-0.2238,0.160764061020919
-0.21792,0.161849956783393
-0.212,0.162363614539848
-0.20605,0.162335281250588
-0.20009,0.161793753423672
-0.19415,0.160758626022791
-0.18822,0.15927123174291
-0.18233,0.157359826178604
-0.1765,0.155048818731679
-0.17073,0.152373672754797
-0.16505,0.149355628372343
-0.15945,0.146033449219794
-0.15395,0.14243676560435
-0.14857,0.138586994919673
-0.14331,0.134513059794535
-0.13818,0.130241661866573
-0.1332,0.125789488206472
-0.12836,0.121186757620483
-0.12367,0.116458863689309
-0.11914,0.111626490860766
-0.11478,0.1067058131004
-0.11058,0.101723555443646
-0.10656,0.096691878824741
-0.1027,0.0916402844179961
-0.099026,0.0865772690500634
-0.095525,0.0815228263236992
-0.092201,0.0764929217230576
-0.089051,0.071504841128401
-0.086077,0.0665725900525863
-0.083275,0.0617114061603592
-0.080643,0.0569354483433374
-0.078179,0.0522574434482643
-0.075876,0.0476921382788447
-0.073732,0.0432516366235874
-0.07174,0.0389491079467775
-0.069893,0.0347980533482163
-0.068184,0.0308117093287998
-0.066604,0.0270040560101099
-0.065147,0.0233869144787609
-0.063799,0.0199758008782599
-0.062551,0.0167849373951506
-0.061394,0.0138269647154516
-0.060313,0.0111171884606189
-0.059297,0.00866953876521911
-0.058334,0.00649704855226232
-0.057412,0.00461152154565186
-0.056518,0.00302403618889342
-0.055638,0.00174537175844137
-0.054761,0.000783402781438071
-0.053873,0.000145513083041297
-0.052958,-0.000160182380834315
-0.052007,-0.000130523670347645
-0.051005,0.000237857003311642
-0.049941,0.000945298774583464
-0.048799,0.0019932453752481
-0.04757,0.003378679640761
-0.04624,0.00509863570190422
-0.044797,0.00714866485962693
-0.043231,0.00952164721912798
-0.04153,0.0122098702343681
-0.039682,0.0152052506726567
-0.037683,0.0184936168781892
-0.03552,0.0220628404805274
-0.033184,0.0258997351340106
-0.03067,0.0299875987332292
-0.027974,0.0343065524990687
-0.025086,0.0388390856582298
-0.022009,0.0435604250699825
-0.018731,0.048451684506436
-0.015257,0.053486657907563
-0.011581,0.0586420888130774
-0.0077047,0.0638920537496215
-0.0036286,0.0692101029673588
0.00064826,0.0745712058234727
0.0051248,0.0799507095279075
0.0097959,0.0853220251643394
0.01466,0.0906604454827402
0.019715,0.0959431535563216
0.024952,0.101144563115481
0.03037,0.106243515873128
0.035964,0.111220176524825
0.041725,0.116053505266783
0.04765,0.120726652850953
0.053733,0.125224549861243
0.059965,0.129531922359145
0.066342,0.1336376155594
0.072857,0.137532056298752
0.079503,0.141207385670089
0.086274,0.14465825796492
0.093162,0.147880196520753
0.10016,0.15087045889926
0.10726,0.153627202721464
0.11446,0.156153960519509
0.12175,0.15845274579495
0.12912,0.160524441855668
0.13656,0.162369129978614
0.14407,0.163993760835688
0.15163,0.165395963366165
0.15923,0.166573410975056
0.16686,0.167523960020436
0.17451,0.168245752461677
0.18217,0.16873728732423
0.18982,0.168990067287974
0.19745,0.168997637826414
0.20503,0.168740625294612
0.21256,0.168211991031137
0.22002,0.167400092518967
0.22738,0.166282552128766
0.23463,0.164843777412822
0.24175,0.163066726035954
0.24872,0.160933714063297
0.25552,0.15842708996151
0.26212,0.155522386158956
0.26851,0.152205169927207
0.27467,0.148462189644396
0.28057,0.144274219155589
0.28619,0.139625237099083
0.29151,0.13450235023413
0.2965,0.128888261442489
0.30114,0.122770106915276
0.30541,0.116139071763029
0.30928,0.108982584476516
0.31274,0.101300312174264
0.31575,0.093079755347218
0.3183,0.0843212652023357
0.32035,0.0750134916627311
0.3219,0.0651656695646515
0.32292,0.0547813351420306
0.32338,0.0438594731669729
0.32328,0.0324177325087642
0.32259,0.0204662752049816
0.3213,0.00802386459512778
0.31939,-0.00489159634563155
0.31684,-0.0182632877380556
0.31366,-0.0320534516195246
0.30983,-0.0462305698190074
0.30533,-0.0607689407200065
0.30018,-0.0756186330565466
0.29435,-0.0907484775396681
0.28786,-0.106106294757582
0.28069,-0.121653977735289
0.27286,-0.137336257750254
0.26438,-0.153092979291399
0.25524,-0.168876538003045
0.24545,-0.184636066985301
0.23504,-0.200304805469404
0.224,-0.215834724759065
0.21237,-0.231157415810717
0.20016,-0.24621228753275
0.18739,-0.260939529460093
0.17408,-0.275281850136557
0.16026,-0.289178441640841
0.14595,-0.302575019782005
0.13119,-0.31540957891479
0.11601,-0.327623314765361
0.10042,-0.339176761092737
0.08448,-0.350010546459981
0.068208,-0.360082331252339
0.05165,-0.369344369889403
0.034834,-0.377759601775551
0.017804,-0.38528920096313
0.00059988,-0.391897470661195
-0.016742,-0.397555260443287
-0.034182,-0.40223752196879
-0.051675,-0.405919601057741
-0.069184,-0.408584287716953
-0.086667,-0.41021759233538
-0.10408,-0.410807465031666
-0.12139,-0.410352312560458
-0.13855,-0.408849086598146
-0.15552,-0.406299231707639
-0.17226,-0.402708160811028
-0.18873,-0.398084707580508
-0.20489,-0.392440571879718
-0.22071,-0.385797170130007
-0.23614,-0.378168690729377
-0.25115,-0.369578176552592
-0.26571,-0.360055436588253
-0.27978,-0.349627767255485
-0.29334,-0.33833469596583
-0.30634,-0.326202534132462
-0.31877,-0.313275947554365
-0.33059,-0.299591122379051
-0.34179,-0.285198706501177
-0.35234,-0.27014491273541
-0.36222,-0.254478559868375
-0.3714,-0.238241847949168
-0.37989,-0.221500044422046
-0.38765,-0.204298223721807
-0.39468,-0.186693454102306
-0.40097,-0.168743413155623
-0.4065,-0.150497171838248
-0.41127,-0.132010143249363
-0.41528,-0.113341150084351
-0.41851,-0.0945351589713567
-0.42097,-0.0756466744947598
-0.42265,-0.0567213453258116
-0.42356,-0.0378109379034139
-0.42369,-0.0189556441465707
-0.42305,-0.000199690492205491
-0.42164,0.018418387404996
-0.41948,0.0368512515837219
-0.41656,0.0550682946338817
-0.4129,0.073031417838128
-0.4085,0.0907126898222294
-0.40339,0.108071331369061
-0.39757,0.125079871084457
-0.39107,0.141700501985698
-0.38389,0.157910670633583
-0.37606,0.173678928178109
-0.36759,0.188982675520016
-0.35851,0.20379264335463
-0.34885,0.21807533943738
-0.33862,0.231809912580054
-0.32785,0.244971835060831
-0.31657,0.257534634957405
-0.3048,0.269478728188566
-0.29258,0.28077616477391
-0.27993,0.291408127876454
-0.26688,0.301356607892906
-0.25346,0.310605065095708
-0.23971,0.319131518479488
-0.22566,0.326917896029115
-0.21132,0.333964862268112
-0.19675,0.34025151085994
-0.18196,0.345777381200678
-0.16698,0.350544009792536
-0.15185,0.354547401084924
-0.1366,0.357786871075301
-0.12125,0.360272072888589
-0.10584,0.362006192636518
-0.090379,0.363010277235659
-0.07491,0.363294288192563
-0.059453,0.36287619451034
-0.044032,0.361777158822808
-0.028675,0.360017556877023
-0.013403,0.357621900998558
0.00176,0.354615281764154
0.016792,0.351024160396208
0.031671,0.346875468373005
0.046379,0.342198805046341
0.060893,0.337021460884914
0.075195,0.331371839012152
0.089267,0.325278464000503
0.10309,0.318768420781729
0.11665,0.311870552323844
0.12993,0.304612057697743
0.14292,0.297023173768717
0.1556,0.289128281428826
0.16795,0.280946267357365
0.17997,0.272505735070908
0.19165,0.263834822186644
0.20296,0.25494560154494
0.2139,0.245858887022923
0.22447,0.236601809109057
0.23464,0.227183512427679
0.24442,0.217627796855436
0.2538,0.207954669050256
0.26276,0.198172969908552
0.27131,0.188304297383061
0.27944,0.178364981477036
0.28714,0.168366488392443
0.29441,0.158323262702898
0.30125,0.148251578306695
0.30766,0.13816857152464
0.31363,0.1280840442146
0.31917,0.11801623398627
0.32427,0.107974724441137
0.32894,0.0979764825520554
0.33318,0.088036407366799
0.33698,0.0781597680793559
0.34036,0.0683659403742382
0.34331,0.0586628020369219
0.34584,0.0490633782032355
0.34795,0.0395769341740181
0.34965,0.0302166913510198
0.35094,0.0209911543229459
0.35182,0.0119046397593769
0.35231,0.00297260500836932
0.35241,-0.00579586022920774
0.35212,-0.0143971853066954
0.35145,-0.022825100008738
0.35041,-0.0310714705705179
0.349,-0.0391344102326067
0.34723,-0.047009860053752
0.3451,-0.054699648528743
0.34262,-0.062203037160678
0.33979,-0.0695247588777162
0.33663,-0.0766591566766934
0.33312,-0.0836220371995477
0.32928,-0.0904166171171132
0.3251,-0.0970581687022084
0.32059,-0.103556576440772
0.31574,-0.10993199320528
0.31056,-0.11619759487562
0.30504,-0.122375432080136
0.29918,-0.128486773440626
0.29298,-0.13455172532686
0.28644,-0.140588935138777
0.27955,-0.146622769543368
0.2723,-0.152681545322429
0.2647,-0.158781195285875
0.25673,-0.164949383643527
0.2484,-0.171200246830067
0.2397,-0.177551351904608
0.23063,-0.184015072053851
0.22118,-0.190606556273602
0.21135,-0.197335282737717
0.20113,-0.204213186071827
0.19054,-0.211231552252243
0.17956,-0.218394696684722
0.1682,-0.225695002293193
0.15645,-0.233130101704729
0.14433,-0.240679612625475
0.13182,-0.248338634472588
0.11895,-0.256077792321999
0.10571,-0.263878244041317
0.092108,-0.271716739729621
0.078158,-0.279562594146804
0.063867,-0.287385067990312
0.049249,-0.295148983627628
0.034315,-0.302818725486189
0.019078,-0.310357801075841
0.0035555,-0.317726685553422
-0.01224,-0.324888212661793
-0.028287,-0.331801528038119
-0.04457,-0.338428428234618
-0.061069,-0.344730657482941
-0.077764,-0.350671081020297
-0.094635,-0.356214621289524
-0.11166,-0.361327498585912
-0.12882,-0.365980300191929
-0.14609,-0.370143698984693
-0.16345,-0.373793147399973
-0.18087,-0.376901450284229
-0.19833,-0.379447644482352
-0.21581,-0.381416603862298
-0.23327,-0.382783781098666
-0.2507,-0.383540129884626
-0.26807,-0.38367481091844
-0.28535,-0.383176091246587
-0.30251,-0.382032079153404
-0.31951,-0.38022391243613
-0.33635,-0.377757423237802
-0.35296,-0.37460666106107
-0.36934,-0.370772728664838
-0.38544,-0.366241738916388
-0.40122,-0.360995689798065
-0.41666,-0.355028715959809
-0.43171,-0.348322893367338
-0.44634,-0.340866026051218
-0.4605,-0.33263624036552
-0.47417,-0.323626798994463
-0.48729,-0.313813936753327
-0.49984,-0.30319054571973
-0.51176,-0.291733722045813
-0.52302,-0.279430791039745
-0.53358,-0.266270432220306
-0.54338,-0.25222809837447
-0.5524,-0.237298977072513
-0.56059,-0.221472279504879
-0.56791,-0.204740261548839
-0.57431,-0.187090614226083
-0.57977,-0.168530031445882
-0.58424,-0.149058339485815
-0.58768,-0.12867740220272
-0.59007,-0.107405629216448
-0.59137,-0.0852596545338646
-0.59155,-0.0622617922540681
-0.59058,-0.0384384814846753
-0.58843,-0.0138189070675509
-0.58508,0.011558808622311
-0.58052,0.0376428649599713
-0.57472,0.0643865257407987
-0.56767,0.0917335439466429
-0.55936,0.119621488327968
-0.54978,0.147984615673935
-0.53893,0.176748912424705
-0.52681,0.205835745911766
-0.51341,0.235172365034783
-0.49876,0.264663275400798
-0.48285,0.294226963944323
-0.46571,0.323766010986597
-0.44735,0.353187837327852
-0.42779,0.382399155160961
-0.40708,0.411286766631152
-0.38523,0.439754411784207
-0.36228,0.467700305220267
-0.33828,0.495014015105186
-0.31327,0.521588995851176
-0.2873,0.547317836768629
-0.26042,0.572095894107972
-0.23269,0.595816788219413
-0.20416,0.618383647444815
-0.17491,0.639688372032808
-0.14498,0.659647013279925
-0.11446,0.678161127224854
-0.083405,0.695149891293047
-0.051899,0.710528211838639
-0.020011,0.724221748958486
0.012184,0.736163223999801
0.044602,0.746287049671202
0.07717,0.754539748393346
0.10981,0.760876199464488
0.14243,0.765249733270825
0.17496,0.767630794928125
0.20732,0.767997860654849
0.23942,0.766329888717369
0.27118,0.762614979858253
0.30254,0.756864486688527
0.33339,0.7490719803985
0.36367,0.739254551325901
0.3933,0.727433668890915
0.42221,0.713641793737734
0.45032,0.69791257815621
0.47755,0.680280275440799
0.50385,0.660801379332672
0.52913,0.639519666087234
0.55335,0.61650485618138
0.57643,0.591816479630411
0.59832,0.565526730476787
0.61897,0.537716307155039
0.63832,0.508463388247031
0.65632,0.477849537771177
0.67294,0.445971710692652
0.68812,0.412914494297571
0.70184,0.378779765359748
0.71406,0.343665709455021
0.72476,0.307679537658601
0.7339,0.270917856083594
0.74147,0.2334880392828
0.74745,0.195495539465973
0.75183,0.157048452782415
0.75461,0.118261081965031
0.75577,0.079234411764872
0.75533,0.0400850443620637
0.75327,0.000908903549292543
0.74962,-0.038180959361391
0.74439,-0.0770761456664094
0.73759,-0.115675578841669
0.72925,-0.153872713147924
0.71939,-0.191567581699941
0.70804,-0.228661569627169
0.69524,-0.265053190306445
0.68103,-0.300642166766315
0.66544,-0.335340104181969
0.64852,-0.369056617825432
0.63033,-0.401695610612006
0.61091,-0.433174611597919
0.59032,-0.463410436872887
0.56862,-0.492322451581598
0.54587,-0.519835131891037
0.52214,-0.545872601170514
0.49749,-0.570369024858546
0.47198,-0.593269332005328
0.4457,-0.614507324716676
0.41871,-0.634032680654226
0.39108,-0.651802708142779
0.36289,-0.667775494656696
0.33421,-0.681919133725775
0.30512,-0.694204086184402
0.27569,-0.704611729393422
0.24599,-0.713133542368346
0.21611,-0.719755364282637
0.18612,-0.724474395011014
0.15608,-0.727305170626824
0.12608,-0.72825431465349
0.096181,-0.727343982681506
0.066456,-0.724599984255016
0.036974,-0.720053904871993
0.0078003,-0.713744392978742
-0.021,-0.705715375105043
-0.049361,-0.696013687737129
-0.077224,-0.684692954607074
-0.10453,-0.671810934643977
-0.13123,-0.657434842716744
-0.15726,-0.641626847863488
-0.18257,-0.624453904134739
-0.20711,-0.605985136691072
-0.23084,-0.586297024591656
-0.25372,-0.565469943075185
-0.27569,-0.543570430320541
-0.29672,-0.52067417350365
-0.31678,-0.49686206322379
-0.33584,-0.472216844271781
-0.35385,-0.446805529756004
-0.3708,-0.420709961497286
-0.38667,-0.394014043488263
-0.40142,-0.366785973532761
-0.41505,-0.339108663306943
-0.42753,-0.31105207209012
-0.43886,-0.282695595124344
-0.44903,-0.254116253532979
-0.45804,-0.225394010913274
-0.46588,-0.196601165232084
-0.47255,-0.167808764039757
-0.47807,-0.139099184257904
-0.48243,-0.110538986369431
-0.48565,-0.0822018025538543
-0.48775,-0.0541643975994913
-0.48874,-0.0264960113709954
-0.48865,0.000727861546072199
-0.48749,0.0274441244291491
-0.48529,0.0535872187418027
-0.48207,0.0790994103775036
-0.47788,0.10390929302072
-0.47274,0.127959189483718
-0.46669,0.151189902816752
-0.45977,0.173543263165733
-0.45201,0.194971547543537
-0.44346,0.21542261396056
-0.43416,0.234850216575976
-0.42415,0.253214762605089
-0.41349,0.270468950960798
-0.40221,0.286583364357908
-0.39037,0.301522247366494
-0.37803,0.315246321396723
-0.36521,0.32774471005424
-0.35199,0.338985967684909
-0.33841,0.348953080998676
-0.32452,0.357634298945984
-0.31037,0.365022989476913
-0.29602,0.371109969988178
-0.28151,0.375899551949675
-0.26689,0.379399911399831
-0.25222,0.381615200699889
-0.23754,0.382561446404375
-0.2229,0.382256836305303
-0.20835,0.380721200652544
-0.19392,0.377990308978243
-0.17968,0.374082569510561
-0.16565,0.36903916209293
-0.15187,0.362903988068659
-0.1384,0.355707407319155
-0.12525,0.347505205204381
-0.11247,0.338342741849782
-0.10008,0.32827806524513
-0.088123,0.317360966407333
-0.076614,0.305653992125594
-0.065578,0.293220906771133
-0.055038,0.280126201170894
-0.045014,0.26643537377336
-0.03552,0.252217309207207
-0.026567,0.237543851778432
-0.018171,0.222483431152221
-0.010336,0.207108547604122
-0.00307,0.191489830000162
0.0036248,0.175698510197429
0.0097459,0.15980385673684
0.015296,0.143875194787993
0.020277,0.127979066791764
0.024697,0.112182167850606
0.028561,0.0965468060620556
0.031879,0.0811333268258018
0.034663,0.065999880184164
0.036929,0.0512037559971261
0.038686,0.0367943347310238
0.039954,0.0228209123376144
0.040752,0.00933012774359101
0.041098,-0.00363604275893749
0.04101,-0.0160410440512741
0.040513,-0.0278490352634591
0.039628,-0.0390292072596492
0.038375,-0.0495569060711901
0.03678,-0.0594091940729314
0.034865,-0.0685686112437607
0.032655,-0.077020872208892
0.030172,-0.084757349356343
0.027441,-0.0917724712835444
0.024487,-0.0980637442791773
0.021333,-0.10363314501955
0.018001,-0.108487363745761
0.014517,-0.112634154695256
0.010906,-0.116083035880664
0.0071861,-0.118850141786302
0.0033849,-0.120949806272076
-0.00047652,-0.122399643410716
-0.0043762,-0.123219053367809
-0.0082908,-0.123427573577688
-0.012199,-0.123046031080506
-0.016079,-0.122095560106215
-0.019913,-0.120600089111982
-0.023676,-0.118579963306766
-0.02735,-0.116057373118576
-0.030918,-0.113056220020449
-0.034356,-0.109596026383584
-0.037649,-0.105698951477504
-0.04078,-0.101387223216044
-0.043727,-0.0966788310649838
-0.046479,-0.0915959802202264
-0.049017,-0.086157730091585
-0.051326,-0.0803830052838069
-0.053389,-0.0742885741530863
-0.055194,-0.0678926420330541
-0.056727,-0.0612125245522018
-0.057973,-0.0542635275287408
-0.058925,-0.0470647453937429
-0.059566,-0.0396303185813451
-0.059891,-0.0319787813353464
-0.059889,-0.0241271646610322
-0.059552,-0.0160929360427921
-0.058875,-0.00789554672689608
-0.057851,0.000446073494090961
-0.056478,0.00891034829230596
-0.054754,0.0174742715204614
-0.052675,0.0261159081848596
-0.050246,0.0348082525771098
-0.047467,0.0435247683220978
-0.044342,0.0522371906726325
-0.040877,0.060915287452111
-0.037078,0.0695282039621901
-0.032954,0.0780433530264039
-0.028513,0.0864285333728722
-0.023766,0.094650678964221
-0.018728,0.102674143661263
-0.013408,0.110466791009859
-0.0078208,0.117996096212823
-0.0019834,0.125228688016691
0.0040919,0.132135112880054
0.010384,0.138683597708926
0.016875,0.144843964693304
0.023553,0.15059282262474
0.030391,0.155901977536423
0.037377,0.160751481370779
0.044491,0.165122927196484
0.051712,0.168999185513883
0.059022,0.172367113362905
0.066404,0.175218152461781
0.073837,0.177544990382444
0.081306,0.179346225541973
0.08879,0.180621089038935
0.096278,0.18137699696441
0.10375,0.181621360105467
0.1112,0.181371979659545
0.1186,0.180638512152236
0.12595,0.179444699619184
0.13323,0.177810399527349
0.14043,0.175759369184668
0.14755,0.173325413673552
0.15457,0.170534871648948
0.16149,0.167422248306981
0.16831,0.164027785016344
0.17501,0.16038053578065
0.18159,0.15651456642284
0.18805,0.152467060519088
0.19439,0.148276693962752
0.20061,0.143982263962847
0.2067,0.139614158426835
0.21266,0.135202461682727
0.2185,0.130783475001296
0.22421,0.126382610324701
0.2298,0.122030452251456
0.23526,0.117745969044242
0.2406,0.113552854772905
0.2458,0.109455585904057
0.25088,0.105472386963671
0.25582,0.101602275552664
0.26063,0.0978507752181881
0.26529,0.094206094830765
0.2698,0.0906573658357761
0.27416,0.0871945366718991
0.27835,0.083793495802057
0.28237,0.0804340445915872
0.28621,0.0770921148996817
0.28985,0.0737336223978287
0.29327,0.0703171851608855
0.29647,0.0668113210923851
0.29943,0.0631785056417364
0.30213,0.0593773037184488
0.30456,0.0553716105032268
0.3067,0.0511232010599035
0.30854,0.0466006035555919
0.31005,0.0417639131593871
0.31121,0.0365749781603537
0.31203,0.0310203806169829
0.31246,0.0250627833626022
0.3125,0.0186837027485725
0.31213,0.0118657298944177
0.31133,0.0045929837044132
0.31008,-0.00314856252693619
0.30837,-0.0113634674358402
0.30619,-0.0200483211938489
0.30351,-0.0292079543437311
0.30033,-0.0388313205463093
0.29663,-0.0489094591426161
0.29239,-0.059435137911587
0.28761,-0.0703877481395235
0.28227,-0.0817510735075248
0.27637,-0.0934979294752459
0.26989,-0.105607673221694
0.26284,-0.118043186987025
0.25521,-0.130769753937873
0.247,-0.143748042926243
0.23821,-0.156936000341493
0.22883,-0.170297871041181
0.21889,-0.183774354110664
0.20838,-0.197318348093242
0.19731,-0.21087909870254
0.18569,-0.224404348471385
0.17355,-0.237827339962582
0.16089,-0.251093721115685
0.14773,-0.264145964301376
0.1341,-0.276918321718853
0.12001,-0.289355184344315
0.10549,-0.301396063352926
0.090576,-0.312973993293659
0.075286,-0.324032183102265
0.059654,-0.334512055321973
0.043711,-0.344357731560794
0.027492,-0.353514418905418
0.011034,-0.361928578248857
-0.0056281,-0.369551075032276
-0.022454,-0.376334071795568
-0.039406,-0.38223441826452
-0.056443,-0.387211833055048
-0.073521,-0.391227739129159
-0.090602,-0.39425086557327
-0.10764,-0.396251220048506
-0.1246,-0.397209248993707
-0.14143,-0.397102235836156
-0.15809,-0.395914857758718
-0.17454,-0.393638614488853
-0.19073,-0.390263783594697
-0.20662,-0.385787741087291
-0.22218,-0.380221466852486
-0.23736,-0.373572232209173
-0.25212,-0.365851902955463
-0.26643,-0.357083481814767
-0.28024,-0.347283879086515
-0.29352,-0.336479734744127
-0.30623,-0.32469769669024
-0.31835,-0.311978745492186
-0.32985,-0.298367152082501
-0.34068,-0.283894059782114
-0.35083,-0.268608920570026
-0.36028,-0.252567345810094
-0.369,-0.2358211271318
-0.37696,-0.218417641393127
-0.38416,-0.200421630171685
-0.39058,-0.181895294056345
-0.3962,-0.162897071808297
-0.40101,-0.1434881033785
-0.40501,-0.123737333207706
-0.4082,-0.103717997453396
-0.41056,-0.0834898548310665
-0.4121,-0.0631221513449049
-0.41282,-0.0426822660416378
-0.41272,-0.022233977755969
-0.41182,-0.00185092351784224
-0.41012,0.0184024172493588
-0.40764,0.0384562534118544
-0.40439,0.0582461727728479
-0.40038,0.0777142467710379
-0.39564,0.0967949842934703
-0.39018,0.115433804887364
-0.38404,0.133564677105552
-0.37724,0.151129382344288
-0.36981,0.168070659795869
-0.36178,0.184334067703203
-0.35318,0.199869419309036
-0.34406,0.214617042474347
-0.33444,0.228533932080305
-0.32437,0.241570026398212
-0.31389,0.253678856388453
-0.30304,0.264818634748321
-0.29187,0.274945616767338
-0.28043,0.284016190158913
-0.26875,0.292003344329058
-0.2569,0.298865137420018
-0.24492,0.304571428931249
-0.23286,0.309095524076738
-0.22077,0.312414743644849
-0.2087,0.314510767516469
-0.19671,0.315362387119343
-0.18484,0.314961909596582
-0.17314,0.313305828340862
-0.16166,0.310394576893179
-0.15046,0.306224805542082
-0.13956,0.300820210111519
-0.12902,0.294196493097206
-0.11888,0.286377678126683
-0.10918,0.277394211115284
-0.099947,0.267290849192927
-0.091221,0.256113385869006
-0.083031,0.243915634182454
-0.075404,0.230758144238072
-0.06836,0.21671064929229
-0.061921,0.20184709590956
-0.056099,0.186250353853078
-0.050907,0.170007592352882
-0.046352,0.153211564553984
-0.042434,0.135962180720324
-0.039156,0.118360137705947
-0.036509,0.10051279856251
-0.034485,0.0825290846933903
-0.03307,0.0645204378737451
-0.032247,0.0465992522534419
-0.031995,0.0288782682468309
-0.032287,0.0114714989478689
-0.033094,-0.00550806672905027
-0.034388,-0.0219525586510481
-0.036128,-0.0377520875840986
-0.038281,-0.0528046194008847
-0.040803,-0.0670097173557908
-0.043653,-0.0802738482560019
-0.046783,-0.0925071139314751
-0.050145,-0.103625725106009
-0.053694,-0.113556076078405
-0.057373,-0.122226687134904
-0.06114,-0.129581633610011
-0.064934,-0.135565823808186
-0.06871,-0.140138995320584
-0.072412,-0.143266632642955
-0.075991,-0.144925798093756
-0.079394,-0.145101373998758
-0.082572,-0.143788722056724
-0.085475,-0.140991824549637
-0.088057,-0.136725223804227
-0.09027,-0.131010831521395
-0.09207,-0.123879555980103
-0.093416,-0.115371588844001
-0.094265,-0.105532642838282
-0.094578,-0.0944151538261125
-0.094319,-0.0820782731589483
-0.093459,-0.0685905841492367
-0.091961,-0.0540208894560033
-0.0898,-0.0384455044469012
-0.086951,-0.0219449981890168
-0.083394,-0.00460509049817477
-0.079106,0.0134887419006929
-0.074075,0.0322453186826188
-0.068288,0.0515720498812588
-0.061734,0.0713762761408957
-0.054409,0.0915627148261263
-0.046306,0.112038924384843
-0.037427,0.132710816131945
-0.027772,0.153487268430636
-0.017349,0.174276421378718
-0.0061655,0.194989041495664
0.0057694,0.215539654190733
0.01844,0.235843700521424
0.031829,0.255818953029192
0.045919,0.275387734894578
0.060685,0.294473070114701
0.0761,0.312999724993119
0.092137,0.330896498265039
0.10876,0.348091320926114
0.12594,0.364519174701195
0.14363,0.380109810231329
0.1618,0.394803876102172
0.18039,0.408530878014791
0.19936,0.421228683188457
0.21866,0.432836835908549
0.23823,0.443291131035022
0.25802,0.452534126279132
0.27797,0.46050864751918
0.29802,0.467159943411075
0.31811,0.472437355287305
0.33817,0.476288156565266
0.35815,0.47867482418246
0.37797,0.47955158076014
0.39757,0.478882671523306
0.41688,0.476634633108957
0.43584,0.472784787080983
0.45437,0.467305602940381
0.47243,0.460196580878161
0.48993,0.451442667468285
0.50681,0.441040256973058
0.52302,0.429003026907163
0.5385,0.415351385207541
0.55317,0.400096359471073
0.567,0.383278581405241
0.57991,0.364924943086367
0.59187,0.345087938755053
0.60281,0.323810096521565
0.6127,0.301154691660934
0.62149,0.277185535319302
0.62913,0.251965411546172
0.63559,0.225569573799908
0.64084,0.198081456330801
0.64484,0.169581557797772
0.64756,0.140153286328963
0.64899,0.10989493205579
0.6491,0.0788992964912062
0.64788,0.0472669432381866
0.6453,0.0150870291447053
0.64137,-0.0175335309212188
0.63608,-0.050491442629643
0.62943,-0.0836820269023264
0.62141,-0.117010071621368
0.61204,-0.150368799760792
0.60133,-0.183652841897417
0.5893,-0.216753898360593
0.57596,-0.249572154040362
0.56134,-0.282003112401421
0.54546,-0.313949330309438
0.52836,-0.345307535541633
0.51007,-0.375980610841128
0.49063,-0.405872326704032
0.47009,-0.434883097579201
0.44849,-0.462921458532324
0.42587,-0.489905732034583
0.4023,-0.515742949664116
0.37781,-0.540363937167841
0.35248,-0.563684421453441
0.32637,-0.585625849190699
0.29952,-0.606132016159182
0.27201,-0.625137527773586
0.2439,-0.642586987466461
0.21526,-0.658427999813477
0.18615,-0.672620238038213
0.15665,-0.685120237404644
0.12683,-0.695891386921548
0.096753,-0.704909563313966
0.066496,-0.712151798872262
0.036132,-0.717600403373428
0.0057309,-0.721245450943743
-0.024631,-0.723079525797197
-0.054887,-0.723105221824468
-0.084962,-0.721327579135411
-0.11478,-0.717753432102356
-0.14429,-0.712409952717392
-0.1734,-0.705310217650223
-0.20205,-0.696479763109263
-0.23017,-0.685946551098556
-0.25771,-0.67375497152436
-0.28459,-0.659939678998858
-0.31076,-0.644549083908989
-0.33616,-0.627634295207863
-0.36073,-0.609247490111177
-0.38441,-0.589440518121873
-0.40716,-0.568278526792655
-0.42893,-0.545828369265626
-0.44967,-0.52215656728344
-0.46934,-0.497335020864087
-0.4879,-0.471438026678366
-0.50532,-0.444547164333454
-0.52156,-0.416740207983394
-0.5366,-0.388104428732311
-0.55041,-0.35872483652509
-0.56297,-0.328689509941355
-0.57427,-0.298093767712736
-0.58429,-0.26702851118877
-0.59302,-0.235585690152241
-0.60046,-0.203862637425076
-0.6066,-0.171950593830297
-0.61144,-0.139940369008298
-0.615,-0.107934275490473
-0.61727,-0.0760184408524293
-0.61827,-0.0442852515211284
-0.61801,-0.0128216622424035
-0.61652,0.0182779178442864
-0.6138,0.0489384367535518
-0.60989,0.0790735606393683
-0.60481,0.108605665449946
-0.59859,0.137459545623601
-0.59125,0.165572090656206
-0.58285,0.192862797560866
-0.57339,0.219284416488524
-0.56294,0.244766765029237
-0.55152,0.269260789387457
-0.53918,0.292714350815289
-0.52596,0.31508237322965
-0.51191,0.33632003223498
-0.49708,0.356384640863739
-0.48151,0.375244494446522
-0.46525,0.39287091133257
-0.44837,0.409224322891081
-0.43091,0.424280294967767
-0.41292,0.438020507156329
-0.39448,0.450410514209916
-0.37563,0.461433979216323
-0.35643,0.471075398900573
-0.33694,0.479320936365979
-0.31723,0.486151622618559
-0.29735,0.491560169884314
-0.27736,0.495542011861823
-0.25731,0.498102786769388
-0.23727,0.499241890270921
-0.2173,0.498961536096584
-0.19744,0.49728135147848
-0.17775,0.494220086694127
-0.15829,0.489795658023775
-0.13909,0.484047355428429
-0.12022,0.477001386148248
-0.10171,0.468702573169855
-0.083611,0.459194265341948
-0.065964,0.448525075820952
-0.048806,0.436749694598175
-0.032178,0.423923428338828
-0.01611,0.41010883418956
-0.00063833,0.395368017723993
0.014205,0.379764268902274
0.028396,0.363366040793721
0.041906,0.346240588368613
0.054713,0.328457225070126
0.066793,0.310083439376282
0.078133,0.291191388145602
0.088712,0.271848920335091
0.09852,0.252126470904032
0.10755,0.232096600310483
0.11578,0.2118202245217
0.12322,0.191370547251179
0.12987,0.17082094584449
0.13572,0.150235183772808
0.14078,0.129681928990073
0.14506,0.109231515527347
0.14856,0.0889458786511204
0.1513,0.0688928278186155
0.1533,0.0491425928365824
0.15456,0.0297501735087659
0.15511,0.0107784683666355
0.15497,-0.00771288339535559
0.15417,-0.0256616201152431
0.15273,-0.0430129846360629
0.15069,-0.0597055102220944
0.14806,-0.0756967252563612
0.14489,-0.0909316128970942
0.1412,-0.105369288447302
0.13703,-0.118967150319209
0.13243,-0.131675543013914
0.12743,-0.143455812764398
0.12207,-0.154272384091079
0.11638,-0.164101087458043
0.11043,-0.172898584188671
0.10424,-0.180644765123712
0.097856,-0.187320102190856
0.091329,-0.192902905324954
0.084702,-0.197376757886256
0.078018,-0.200730437116557
0.07132,-0.202957699949014
0.064655,-0.20405400325826
0.058064,-0.204021189290164
0.051593,-0.202862936893384
0.04528,-0.200590637981456
0.039169,-0.197217553341578
0.033301,-0.192760681806085
0.02771,-0.187245097703334
0.022439,-0.180695374315879
0.01752,-0.173143443165897
0.01299,-0.164622869575504
0.0088787,-0.155173260157392
0.0052164,-0.144837780470778
0.0020313,-0.133663023642948
-0.00065173,-0.121699687698315
-0.0028088,-0.109001239269933
-0.0044229,-0.0956270908155805
-0.0054722,-0.0816363158460948
-0.0059474,-0.0670953853187738
-0.0058357,-0.0520723172305736
-0.0051263,-0.0366359504450553
-0.0038175,-0.0208605481239759
-0.0019033,-0.00481941832278876
0.00061165,0.0114091841934019
0.0037291,0.0277500784665875
0.0074372,0.0441227875336143
0.01173,0.060449388261272
0.016598,0.0766538180376549
0.022022,0.0926567547525787
0.02799,0.108384104003773
0.034483,0.123763232059561
0.041478,0.138722139239774
0.048953,0.153192497688487
0.056883,0.167109067459909
0.065243,0.180411384145488
0.074003,0.19304131269786
0.083135,0.204946203963872
0.092607,0.216076866821073
0.10239,0.226391026606654
0.11245,0.235850018005142
0.12275,0.244417501660631
0.13327,0.252073155518174
0.14396,0.258788526423395
0.15479,0.264544740368754
0.16574,0.269339114679779
0.17676,0.273160471849598
0.18783,0.276013812749103
0.19891,0.277902774664566
0.20997,0.27883768924222
0.22097,0.278827075093713
0.2319,0.277900380981098
0.24271,0.276073971550568
0.25337,0.273368386305385
0.26387,0.269822099197365
0.27416,0.265457738585221
0.28422,0.260307000651326
0.29403,0.254408264273027
0.30355,0.247789672550918
0.31276,0.240485304319385
0.32164,0.232533226458116
0.33015,0.223958998850738
0.33828,0.214799647995256
0.346,0.205085684249653
0.3533,0.194856339893408
0.36015,0.184142015229587
0.36653,0.172972521535849
0.37242,0.16137631685199
0.37782,0.149394703061327
0.38269,0.137048546231539
0.38702,0.124363731923115
0.39081,0.111376742643089
0.39404,0.0981166909776583
0.39669,0.0846058075428586
0.39876,0.0708747866673252
0.40023,0.056945345088945
0.40109,0.0428385775932661
0.40135,0.0285890978040566
0.40098,0.0142117105042561
0.39998,-0.000273174882592569
0.39835,-0.0148414022186385
0.39608,-0.0294740524384484
0.39316,-0.0441571562987945
0.3896,-0.0588665450757761
0.38538,-0.0735928807970637
0.38051,-0.0883170694549719
0.37499,-0.103020278553606
0.36882,-0.117684598659091
0.36199,-0.132300950791529
0.35452,-0.146845646746699
0.3464,-0.161306244508564
0.33763,-0.175672509770084
0.32823,-0.189921679560979
0.31819,-0.204043879950589
0.30753,-0.218017899158636
0.29625,-0.231828933947678
0.28436,-0.24546053462944
0.27187,-0.258895553184519
0.25881,-0.272102126049566
0.24517,-0.285067129273149
0.23098,-0.297763495678575
0.21626,-0.310161217548317
0.20102,-0.322236285962637
0.18529,-0.333955560789628
0.16909,-0.345287005295341
0.15245,-0.35619311729128
0.1354,-0.366633179612662
0.11795,-0.376579960795889
0.10016,-0.385981068433827
0.082032,-0.394808336957055
0.06362,-0.403015661303722
0.044951,-0.410563920448908
0.026064,-0.417412045020466
0.0069965,-0.423519869009065
-0.012213,-0.428848566303148
-0.031525,-0.433360979638802
-0.050898,-0.437021113198754
-0.070292,-0.439796290961682
-0.089663,-0.441654749870979
-0.10897,-0.442568859015263
-0.12817,-0.442513913038857
-0.14723,-0.441475963562089
-0.16609,-0.4394304867015
-0.18472,-0.436367612575161
-0.20308,-0.432282491182518
-0.22112,-0.427167394707753
-0.23881,-0.421027599572717
-0.25611,-0.413871650423504
-0.27297,-0.405703412634567
-0.28937,-0.396545348176225
-0.30527,-0.386419797203312
-0.32064,-0.375356063024455
-0.33543,-0.363373719490229
-0.34964,-0.35052115046037
-0.36322,-0.336831881252733
-0.37615,-0.322348903763316
-0.38841,-0.307121807463234
-0.39997,-0.291196870566195
-0.41082,-0.274631310398016
-0.42094,-0.257482262691179
-0.43031,-0.239805261344581
-0.43892,-0.221660408797695
-0.44676,-0.203109799033399
-0.45382,-0.184215355213547
-0.46008,-0.165029656280263
-0.46555,-0.145618332419608
-0.47021,-0.126033372425329
-0.47408,-0.106343710039671
-0.47714,-0.086600241949315
-0.47941,-0.0668672438029026
-0.48088,-0.0471955453183737
-0.48156,-0.0276382178838035
-0.48147,-0.00825574409466092
-0.4806,0.0109096029697287
-0.47898,0.0298021841791707
-0.47662,0.0483722782757781
-0.47353,0.0665766845018362
-0.46974,0.0843642605374022
-0.46526,0.101694060027119
-0.46012,0.118520107083191
-0.45433,0.134808846172177
-0.44793,0.150515905973772
-0.44094,0.165604629291949
-0.43339,0.180038615433087
-0.42531,0.193783100310057
-0.41674,0.206798624138309
-0.40769,0.219065630609359
-0.39821,0.230552007026821
-0.38833,0.241231615722816
-0.37809,0.251076871139081
-0.36751,0.260074978954843
-0.35665,0.268196257471443
-0.34554,0.27542079811295
-0.3342,0.281744896780053
-0.32269,0.287148836895695
-0.31105,0.291615691860603
-0.2993,0.295146387372393
-0.28748,0.297741794353405
-0.27564,0.299395678989553
-0.2638,0.300118762320822
-0.252,0.299920677092805
-0.24028,0.298810227479364
-0.22867,0.296802986811937
-0.21719,0.29392722598912
-0.20587,0.290213553989344
-0.19475,0.285686478528016
-0.18384,0.280387309706726
-0.17316,0.274362574883687
-0.16273,0.267661916879823
-0.15258,0.260328881828452
-0.1427,0.252430592442905
-0.13312,0.244021852938108
-0.12384,0.235168270988293
-0.11487,0.22593498376559
-0.10621,0.216392338987739
-0.09786,0.206612902094605
-0.089813,0.196674125795695
-0.082067,0.186651459879395
-0.07461,0.176623902478704
-0.067434,0.166667987016048
-0.060522,0.156862576166855
-0.053856,0.147286712144239
-0.047418,0.138017106312629
-0.041181,0.129132799411371
-0.035121,0.120709952282528
-0.029205,0.112826569854086
-0.023406,0.10555514013093
-0.017684,0.0989708724662704
-0.012003,0.09314567263729
-0.0063256,0.0881473477946128
-0.00060727,0.0840432906572848
0.0051902,0.0808934971716455
0.011113,0.0787556938051279
0.017205,0.077681900990818
0.023508,0.0777159903174381
0.030067,0.0788958199555417
0.036925,0.0812512666538825
0.044123,0.0848028524164339
0.051705,0.0895645883561599
0.059704,0.0955360965341732
0.068156,0.102707006077754
0.0771,0.111060781040758
0.086563,0.120566907148153
0.096569,0.131181650052414
0.10715,0.142857186519734
0.11832,0.155529892697099
0.13009,0.169122461346193
0.14247,0.183547496389179
0.15548,0.198718875676362
0.16912,0.214538766170794
0.18337,0.230887532299735
0.19824,0.247653213029515
0.2137,0.264703388697388
0.22975,0.281914892865959
0.24636,0.299153226494638
0.2635,0.316278531903086
0.28114,0.333150620941382
0.29925,0.34963311881081
0.31778,0.365581993559775
0.33668,0.380851371304262
0.35592,0.395313132976699
0.37543,0.408827947932211
0.39517,0.421274052890224
0.41507,0.432525669577646
0.43506,0.442457950434146
0.4551,0.45097316876446
0.47511,0.457969400371407
0.49502,0.463352399591362
0.51478,0.467052383651668
0.5343,0.468992570237027
0.55353,0.469123172222194
0.57239,0.467396320474736
0.59082,0.463782775022976
0.60875,0.458262700697557
0.62611,0.450825357588725
0.64285,0.44148337098495
0.65889,0.430246606630029
0.67418,0.41714550880886
0.68864,0.402204938105548
0.70224,0.385482337837716
0.7149,0.367023628113922
0.72657,0.346887052101785
0.7372,0.325139806576813
0.74674,0.301855026081818
0.75515,0.277116520597585
0.76237,0.251000051194637
0.76836,0.223587946945572
0.77309,0.194973242004078
0.77652,0.165247875039472
0.77862,0.134507927084365
0.77936,0.102850266452264
0.7787,0.0703623564744624
0.77664,0.0371511964448029
0.77315,0.00331431429065092
0.76822,-0.0310464427576876
0.76184,-0.0658287585204313
0.754,-0.100933015128727
0.7447,-0.13625743210068
0.73395,-0.171694249540218
0.72174,-0.207149037211931
0.7081,-0.242511580152708
0.69305,-0.27766983533806
0.67659,-0.31252865610444
0.65876,-0.346980116132914
0.63959,-0.380916933578263
0.61911,-0.414235900800744
0.59735,-0.446840578118979
0.57437,-0.478621129613449
0.5502,-0.509482813057287
0.52489,-0.539331595105076
0.4985,-0.56806995972793
0.47107,-0.595615820883739
0.44267,-0.621880402113309
0.41335,-0.64678757221473
0.38318,-0.670259521870114
0.35222,-0.692227455386365
0.32053,-0.712632578503565
0.28818,-0.731419239997616
0.25525,-0.748529310118468
0.22178,-0.763934679808179
0.18787,-0.77758870647907
0.15357,-0.78946889366709
0.11896,-0.79955146690738
0.084095,-0.807831573814937
0.049061,-0.8142976228913
0.013916,-0.818954373609919
-0.021267,-0.821809277810576
-0.056421,-0.822876893440825
-0.091484,-0.822181471038927
-0.12638,-0.819744687256802
-0.16106,-0.815606097284841
-0.19545,-0.809800646560226
-0.22949,-0.80236945571213
-0.26311,-0.793350541014371
-0.29627,-0.78280094753693
-0.32891,-0.770777068917604
-0.36096,-0.757326145091499
-0.39238,-0.742509166377759
-0.42311,-0.726381946227704
-0.45311,-0.709009538167367
-0.48234,-0.690462776922355
-0.51074,-0.670800502892074
-0.53828,-0.650092471747953
-0.56492,-0.628407906760832
-0.59062,-0.605813643259858
-0.61534,-0.58237264812071
-0.63906,-0.558157678598108
-0.66175,-0.533239819020854
-0.68337,-0.507679251118294
-0.70391,-0.481547642488523
-0.72334,-0.454908886316394
-0.74164,-0.427825942384223
-0.75879,-0.40035894908216
-0.77479,-0.372578548377342
-0.78961,-0.344539357398628
-0.80324,-0.316295959045398
-0.81568,-0.287908374753481
-0.82693,-0.259438935944496
-0.83696,-0.230927503675313
-0.84579,-0.202431228002026
-0.85341,-0.173996973201462
-0.85983,-0.145676343659168
-0.86504,-0.117508080092484
-0.86905,-0.0895337845256748
-0.87187,-0.0617957285235821
-0.87351,-0.0343350790397976
-0.87397,-0.00718310414162941
-0.87328,0.019616071201958
-0.87143,0.0460392218703184
-0.86845,0.0720515151757122
-0.86435,0.0976249803101373
-0.85915,0.12273101250783
-0.85287,0.147341735308668
-0.84552,0.171438464885373
-0.83712,0.195003495316483
-0.8277,0.218013439236771
-0.81728,0.240448778433983
-0.80588,0.262294050093731
-0.79351,0.283545281131902
-0.78022,0.30417868872647
-0.76601,0.32419250825261
-0.75092,0.343573555127076
-0.73497,0.362314934320134
-0.71818,0.38041533880596
-0.70058,0.397870932138558
-0.6822,0.414676247380637
-0.66306,0.430832329113817
-0.64319,0.44633832039084
-0.62261,0.461199508644926
-0.60135,0.47541884253185
-0.57944,0.488997532723766
-0.5569,0.501942957162797
-0.53376,0.514260066443283
-0.51004,0.525959297238988
-0.48578,0.537040601719464
-0.46101,0.547503013553588
-0.43574,0.557359762373074
-0.41001,0.566613104631917
-0.38385,0.575263892159076
-0.35729,0.583311904767939
-0.33036,0.590756137351167
-0.30309,0.597595044885973
-0.2755,0.603834146831977
-0.24763,0.609469782878453
-0.21951,0.61449843790608
-0.19116,0.618924247397038
-0.16262,0.622742662135016
-0.13392,0.625949689955599
-0.10508,0.628549325648154
-0.07613,0.630544545767832
-0.047107,0.631932293932655
-0.018034,0.632715118593183
0.011055,0.632891914783769
0.040138,0.6324675676222
0.06918,0.631442077296734
0.098157,0.629819668365896
0.12704,0.627604184957108
0.1558,0.624799085500496
0.1844,0.621401524736839
0.21283,0.617423629582154
0.24105,0.612867104131737
0.26904,0.607740009574813
0.29676,0.602040529737047
0.3242,0.595781119411429
0.35131,0.588955822254692
0.37808,0.581573570518638
0.40448,0.573640260061997
0.43048,0.565159177800573
0.45605,0.556131404908295
0.48116,0.546556193501568
0.50578,0.536431315042165
0.52989,0.52576077729534
0.55346,0.514546095788466
0.57645,0.502779322677934
0.59883,0.490452457701879
0.62059,0.477572435022251
0.64167,0.464121053319859
0.66206,0.450097289417421
0.68172,0.43549179127699
0.70062,0.420296131436768
0.71872,0.404495448339919
0.73599,0.388077478692147
0.75241,0.371039780634169
0.76792,0.353358331966887
0.78251,0.335029345465832
0.79612,0.31602849223325
0.80874,0.296352540556146
0.82032,0.275985813390904
0.83083,0.254917863244927
0.84023,0.233135394059308
0.84849,0.210630624482607
0.85557,0.187393099353387
0.86144,0.16341795666136
0.86608,0.138712452628081
0.86945,0.113278726935904
0.87151,0.0871148297048118
0.87225,0.060237833410419
0.87163,0.0326575933747666
0.86964,0.00440015907817758
0.86624,-0.0245181652920019
0.86144,-0.0540523166704104
0.85521,-0.0841647591380617
0.84754,-0.114810176034269
0.83843,-0.145930760352357
0.82787,-0.177467556428501
0.81586,-0.209354870470025
0.8024,-0.24152337361852
0.78751,-0.273887938959407
0.7712,-0.306360468988703
0.75348,-0.338852956980335
0.73438,-0.371265210509475
0.71392,-0.403497506132791
0.69214,-0.435438634399184
0.66906,-0.466986197416267
0.64474,-0.498018414911723
0.61921,-0.528423723638088
0.59252,-0.558087440008308
0.56473,-0.586888542681656
0.53588,-0.614719477658926
0.50605,-0.641457444700981
0.47529,-0.66699346415983
0.44366,-0.691225904725864
0.41124,-0.714047726304394
0.3781,-0.735358552849272
0.34432,-0.75505946207863
0.30996,-0.773070965530016
0.27511,-0.789310042246721
0.23985,-0.803701316803288
0.20426,-0.816178476650643
0.16842,-0.826685186205149
0.13242,-0.835168167653306
0.096326,-0.841596684130105
0.060236,-0.845936230267611
0.024226,-0.848167341305328
-0.011618,-0.84827666473504
-0.047218,-0.846262890038909
-0.082492,-0.842132303898136
-0.11736,-0.835899407262145
-0.15174,-0.827584192844168
-0.18557,-0.817226030850616
-0.21876,-0.804858806955019
-0.25123,-0.790519067478106
-0.28294,-0.774274640532139
-0.31379,-0.756172882836273
-0.34373,-0.736280786608704
-0.3727,-0.714672350187714
-0.40062,-0.69141076260328
-0.42746,-0.666586025585718
-0.45315,-0.640277957034141
-0.47764,-0.612570949033984
-0.50088,-0.583550877674648
-0.52283,-0.55330990955573
-0.54345,-0.521942758715985
-0.56271,-0.489550943993749
-0.58056,-0.456223796263822
-0.59699,-0.422067782030541
-0.61196,-0.387177868733491
-0.62547,-0.35166646894409
-0.63748,-0.315627097279446
-0.64799,-0.279164685984917
-0.657,-0.242390092955835
-0.66449,-0.205400695287238
-0.67048,-0.168309428401524
-0.67497,-0.131223375836875
-0.67797,-0.0942488201995395
-0.6795,-0.0574952952875177
-0.67958,-0.0210713413033114
-0.67823,0.0149189215308287
-0.67548,0.0503710762808478
-0.67136,0.0851840388727432
-0.66592,0.119248125540848
-0.65918,0.152472658241854
-0.6512,0.184755972977688
-0.64203,0.21599852744698
-0.63169,0.246128215240733
-0.62027,0.275046118909786
-0.6078,0.3026796323331
-0.59435,0.328950634045053
-0.57997,0.353794364607959
-0.56472,0.377152102952996
-0.54868,0.398957704511027
-0.53191,0.419156507426784
-0.51446,0.437712866319776
-0.49641,0.45458614238544
-0.47783,0.469741040019389
-0.45878,0.483155767982771
-0.43934,0.494806054995865
-0.41956,0.504689281717563
-0.39951,0.512806360248374
-0.37927,0.519154396921966
-0.35889,0.523750410870169
-0.33843,0.526620311958202
-0.31796,0.527789745975406
-0.29752,0.527306253075494
-0.27719,0.525204733785905
-0.257,0.52154644837763
-0.23701,0.516390540367582
-0.21725,0.509815463057635
-0.19778,0.501891305915657
-0.17863,0.492702013558621
-0.15984,0.482333279446432
-0.14144,0.470877470982963
-0.12345,0.458437358855035
-0.1059,0.445113996556162
-0.088812,0.431010237351026
-0.072205,0.416229750801222
-0.056098,0.400873922173441
-0.040498,0.385048223221264
-0.025418,0.368853869006416
-0.010863,0.352391501457736
0.0031603,0.335756943700999
0.016647,0.319040441213393
0.029603,0.302332805949338
0.042019,0.285711085729427
0.053905,0.269252851553331
0.065261,0.253026000811792
0.076092,0.237091863951878
0.086403,0.221504163018749
0.096201,0.206309839940253
0.10549,0.191546198701723
0.11429,0.177252909120688
0.12259,0.16344686924193
0.13041,0.150148400196924
0.13775,0.137364567584689
0.14463,0.125105696567321
0.15105,0.11336904400937
0.15702,0.102148197138645
0.16254,0.0914259815848955
0.16764,0.0811986494888575
0.17231,0.0714433009371952
0.17657,0.0621439350530287
0.18042,0.0532753240470702
0.18387,0.0448124864058821
0.18693,0.0367309592231369
0.18961,0.0290070490618262
0.19192,0.0216180557713925
0.19386,0.0145350673700496
0.19545,0.00773953513171009
0.19669,0.00120681529008543
0.19759,-0.00508471906854939
0.19815,-0.0111611812703087
0.1984,-0.0170294894982191
0.19833,-0.0227105205365994
0.19796,-0.0282136786117498
0.19729,-0.0335536649333084
0.19635,-0.0387268572609398
0.19513,-0.0437445066681853
0.19367,-0.0485925357123473
0.19195,-0.053281147407458
0.19002,-0.0577880303341557
0.18787,-0.0621095753898224
0.18552,-0.0662351095529411
0.183,-0.0701411181121781
0.18032,-0.0738091069872567
0.1775,-0.0772176937070419
0.17456,-0.080343722079115
0.17152,-0.0831632200297053
0.16839,-0.0856596065220324
0.16521,-0.0878005470317922
0.162,-0.0895566953325641
0.15877,-0.0909093389026955
0.15555,-0.0918341235037609
0.15235,-0.0923176827376442
0.14921,-0.0923337860730456
0.14615,-0.0918614330609378
0.14318,-0.0908919128980803
0.14033,-0.0894120056497084
0.13762,-0.087412752605713
0.13507,-0.0848890175909244
0.13269,-0.0818464352005989
0.13051,-0.0782845443173061
0.12854,-0.0742129281089987
0.1268,-0.0696417644375897
0.1253,-0.0645889792270309
0.12405,-0.059078403829423
0.12306,-0.0531381246803348
0.12235,-0.0467916257416025
0.12191,-0.0400803292998109
0.12175,-0.0330443010932949
0.12188,-0.0257215030126618
0.12229,-0.0181620038993034
0.12299,-0.0104095088920295
0.12396,-0.00252359029944027
0.1252,0.00543981382155332
0.12671,0.013429262830901
0.12846,0.0213762421988382
0.13044,0.0292152244459071
0.13265,0.0368923970340889
0.13505,0.0443354550816902
0.13764,0.0514889305847506
0.14038,0.0582830907150279
0.14324,0.0646462474827783
0.14621,0.0705221482404499
0.14926,0.0758540471256965
0.15235,0.0805793032555542
0.15545,0.0846399836775063
0.15853,0.0879839090235643
0.16157,0.0905727680033058
0.16452,0.0923587317111573
0.16735,0.0933028349653205
0.17002,0.0933673730359705
0.17252,0.0925393350217087
0.1748,0.0907968853142087
0.17682,0.0881195458817423
0.17857,0.084511140434454
0.18,0.0799658792129647
0.18109,0.0744930261144189
0.18182,0.0681141769372704
0.18214,0.06083853550506
0.18204,0.0526950406783543
0.1815,0.0437207372700678
0.18048,0.0339437679139761
0.17897,0.0234068282022556
0.17695,0.0121560696721881
0.1744,0.000239426180083019
0.17131,-0.0122874303196998
0.16765,-0.0253787241430521
0.16343,-0.0389682023176535
0.15862,-0.0530043940852444
0.15322,-0.0674269176775294
0.14722,-0.0821772462690151
0.14062,-0.0971925805104098
0.13342,-0.112408454287839
0.12561,-0.127768311474497
0.11721,-0.14320147342539
0.10822,-0.158642756287126
0.098647,-0.174028200666322
0.088502,-0.189293854298767
0.0778,-0.204374819727761
0.066557,-0.219206755731271
0.054797,-0.233721919375099
0.042536,-0.247857920484588
0.029803,-0.261549130563925
0.016624,-0.274731697096125
0.0030276,-0.287343414900008
-0.010953,-0.299322119323032
-0.025283,-0.310606624184206
-0.03993,-0.321140425113834
-0.054851,-0.330864961887985
-0.070007,-0.339725048944774
-0.08536,-0.347670954571305
-0.10086,-0.354650329404418
-0.11647,-0.360620262902228
-0.13213,-0.365530131855705
-0.14781,-0.369347176209402
-0.16345,-0.372032274720537
-0.17901,-0.373557564239083
-0.19443,-0.373890754159639
-0.20966,-0.373004776384176
-0.22466,-0.370885415981195
-0.23938,-0.367522331595708
-0.25375,-0.362894303954608
-0.26775,-0.357009375453022
-0.28131,-0.349862468918582
-0.2944,-0.341468114049565
-0.30695,-0.331827115014727
-0.31894,-0.320966577573992
-0.3303,-0.308897497914193
-0.34101,-0.295654927999207
-0.35103,-0.281277920441506
-0.3603,-0.265793229300328
-0.36881,-0.249254215406862
-0.37651,-0.231704914099756
-0.38337,-0.213195653740611
-0.38936,-0.193780638606394
-0.39445,-0.173515860025176
-0.39863,-0.152472118342408
-0.40186,-0.130708114438366
-0.40413,-0.10829340377506
-0.40542,-0.0852969846081865
-0.40573,-0.0618002668991586
-0.40503,-0.0378701810226671
-0.40333,-0.0135896053416926
-0.40062,0.0109629402602431
-0.39691,0.0356999974977052
-0.39219,0.0605443106000496
-0.38647,0.0854144476481229
-0.37978,0.110213355592539
-0.37212,0.134856545783169
-0.36351,0.159257544382474
-0.35398,0.183323653402571
-0.34354,0.20697491269114
-0.33224,0.230114708464419
-0.32009,0.252665711639314
-0.30714,0.274539202616699
-0.29343,0.29564764813873
-0.27899,0.315914823984533
-0.26388,0.335254121973085
-0.24812,0.353603126655824
-0.23178,0.370884310356749
-0.2149,0.387032924602609
-0.19754,0.401982170036504
-0.17974,0.415680891542285
-0.16157,0.428070457791762
-0.14308,0.439103296995618
-0.12434,0.4487279557916
-0.10539,0.456914133387402
-0.086297,0.463630148406548
-0.067126,0.468846249060603
-0.047935,0.472540902798147
-0.028784,0.474698976457326
-0.0097343,0.475310600396515
0.0091542,0.47437208690408
0.027823,0.471886481022521
0.046216,0.467864538968229
0.064274,0.462321215303931
0.081941,0.455277343995662
0.099167,0.44676287179179
0.1159,0.436813271834958
0.13208,0.425462026826921
0.14768,0.412764898395598
0.16263,0.398762656157585
0.17691,0.383520159373684
0.19047,0.367098013067645
0.20327,0.349559369624531
0.21528,0.330975284890615
0.22647,0.311421384887452
0.23682,0.290982408523876
0.24629,0.269733390892807
0.25486,0.247754272182226
0.26252,0.225134094497897
0.26926,0.201966711899444
0.27505,0.178332366857975
0.27991,0.154334912137134
0.28381,0.130057194216415
0.28677,0.105599552823461
0.28878,0.0810511817981105
0.28985,0.0565042768010327
0.28999,0.032050524505311
0.28922,0.00778565044738834
0.28755,-0.0162018445766789
0.285,-0.0398248180895542
0.28159,-0.0630001516031241
0.27736,-0.0856360253741914
0.27232,-0.107658887459525
0.26652,-0.128982967055458
0.25998,-0.149537809847044
0.25274,-0.169253107082725
0.24484,-0.188061271281597
0.23631,-0.205906842587523
0.2272,-0.222731573870421
0.21755,-0.238484667605557
0.20741,-0.253116033187722
0.19682,-0.26658561973235
0.18582,-0.278863275252512
0.17446,-0.289920972057264
0.1628,-0.299726462967094
0.15087,-0.308267835470712
0.13874,-0.31552098224989
0.12643,-0.321490240390005
0.11401,-0.326166422246247
0.10152,-0.329552476967887
0.08901,-0.331654233983497
0.076529,-0.33248097250434
0.06412,-0.332049451697057
0.051837,-0.330374354625866
0.039716,-0.327482049445611
0.02781,-0.323395453187909
0.016159,-0.318144069944947
0.0048074,-0.311758999286796
-0.0062034,-0.304274306191362
-0.016837,-0.295729487652054
-0.02705,-0.286162406057679
-0.036813,-0.275619127964622
-0.046089,-0.264145628103717
-0.054845,-0.251789646933968
-0.063054,-0.238603581095123
-0.070687,-0.224640739245015
-0.077721,-0.20995818106936
-0.084129,-0.194611474769433
-0.089895,-0.178661567774009
-0.094998,-0.16216831651836
-0.099423,-0.145193401583755
-0.10316,-0.12780185649258
-0.10619,-0.110052826543241
-0.10852,-0.0920181277405494
-0.11013,-0.0737576497047979
-0.11103,-0.05534196837077
-0.11121,-0.0368332845382
-0.11067,-0.018292439290519
-0.10943,0.000208026710879055
-0.10749,0.018603249634105
-0.10486,0.0368292942525219
-0.10155,0.0548251140042305
-0.097586,0.0725222391123005
-0.092975,0.0898625574940444
-0.087742,0.106785029058055
-0.081909,0.123230601058646
-0.075502,0.139140949365117
-0.068546,0.154461153368361
-0.06107,0.169138074740935
-0.053106,0.183119750940665
-0.044685,0.196357838088586
-0.03584,0.208807270711789
-0.02661,0.220422945339455
-0.017028,0.231165921641525
-0.007137,0.240996424128583
0.0030289,0.249882197456577
0.013425,0.257790617069945
0.024008,0.264691206337499
0.034738,0.270559076548426
0.045569,0.275370518334312
0.056456,0.279104655885589
0.067355,0.28174469120137
0.078216,0.283273608282349
0.088999,0.283682532957758
0.099652,0.282960971496415
0.11013,0.281103018139083
0.12039,0.278108520412992
0.13039,0.273983112593902
0.14008,0.268731414952808
0.14941,0.262357467120443
0.15835,0.254879857555128
0.16684,0.246306538557828
0.17487,0.23667394795388
0.18237,0.225996420897933
0.18932,0.21430731372979
0.19568,0.201639848384519
0.20141,0.188026443988546
0.2065,0.173520353236514
0.21089,0.15815336297638
0.21458,0.141983575832287
0.21754,0.125066641674226
0.21973,0.107447395215194
0.22116,0.0891977263919598
0.2218,0.070379809501889
0.22163,0.0510536625466168
0.22065,0.0312906431795135
0.21886,0.0111692104559025
0.21625,-0.00923610204810986
0.21282,-0.0298487229758255
0.20857,-0.0505927290670177
0.20351,-0.071387633975746
0.19766,-0.0921443380606768
0.19101,-0.112791704796857
0.18359,-0.133245785344159
0.17541,-0.153429756473374
0.1665,-0.173260245365436
0.15688,-0.192658693856453
0.14657,-0.211553024282943
0.1356,-0.229871448592463
0.124,-0.247544888430806
0.11179,-0.264516269763392
0.099018,-0.280719614851481
0.085709,-0.296101148104137
0.071898,-0.310611590237653
0.057621,-0.324206496939329
0.042916,-0.336845665551008
0.027821,-0.348494021147971
0.012371,-0.359124409371637
-0.0033916,-0.368711940296502
-0.019431,-0.377239710339718
-0.035706,-0.38469431337175
-0.052177,-0.391067288362286
-0.068807,-0.396356872857535
-0.085552,-0.400562116208187
-0.10238,-0.403692137086319
-0.11924,-0.405750364667469
-0.13611,-0.406757452989833
-0.15294,-0.40672711378627
-0.16969,-0.405674886802005
-0.18633,-0.403625119737688
-0.20282,-0.400601542952856
-0.21912,-0.396627049488926
-0.2352,-0.391730896973952
-0.25102,-0.385939521846547
-0.26656,-0.379291365594414
-0.28177,-0.371811500466464
-0.29662,-0.363528466763455
-0.31108,-0.354472925058269
-0.32513,-0.344683889812752
-0.33873,-0.334191325443908
-0.35185,-0.323024510172191
-0.36448,-0.3112261631351
-0.37656,-0.298811689303624
-0.3881,-0.285825764704511
-0.39905,-0.272291018363613
-0.4094,-0.258241188854976
-0.41913,-0.243710558223396
-0.4282,-0.228718014378377
-0.43661,-0.213298959830603
-0.44432,-0.197471422729801
-0.45133,-0.181268353965632
-0.45761,-0.164711489560757
-0.46314,-0.14782015228143
-0.46791,-0.130618395887173
-0.47189,-0.113118450500784
-0.47509,-0.0953520614578719
-0.47747,-0.0773286797681166
-0.47903,-0.0590689030918171
-0.47975,-0.0405867580592374
-0.47963,-0.0219051826724269
-0.47866,-0.003046090136977
-0.47682,0.015977611139756
-0.47411,0.0351460342862611
-0.47052,0.0544417991145223
-0.46605,0.0738428142066148
-0.46069,0.0933313724651372
-0.45445,0.112879178241192
-0.44732,0.132465136194993
-0.4393,0.152067316774552
-0.4304,0.17165650737835
-0.42062,0.19120599290974
-0.40997,0.210684583916418
-0.39846,0.230058513855197
-0.3861,0.249293038420428
-0.37289,0.268361156188688
-0.35887,0.287213465099852
-0.34403,0.305821014822245
-0.32841,0.324135364479414
-0.31203,0.342108677749043
-0.2949,0.359702513400634
-0.27707,0.376857705953869
-0.25854,0.393537202706312
-0.23937,0.409678674599897
-0.21957,0.425238348284576
-0.19918,0.440166698961777
-0.17824,0.454411218027268
-0.15679,0.467918727236803
-0.13486,0.480644671767623
-0.11251,0.492530818107522
-0.089766,0.503534978005071
-0.06668,0.513610186958431
-0.043299,0.522710988035619
-0.019665,0.530798461756448
0.0041697,0.537832803917219
0.028158,0.5437788347667
0.052252,0.54860588372783
0.076402,0.552286842435482
0.10056,0.554799896192441
0.12467,0.556122602390181
0.14869,0.556243396808618
0.17256,0.555146908716723
0.19625,0.552837714562532
0.2197,0.549314578325582
0.24286,0.544579404755416
0.26569,0.53864434589255
0.28814,0.5315224518923
0.31018,0.523242278870479
0.33175,0.513822253501676
0.35282,0.503294615950334
0.37335,0.491694741580489
0.39331,0.47906721852089
0.41266,0.465455679665616
0.43136,0.450901986574402
0.44938,0.435452968444871
0.46671,0.419173087361821
0.48331,0.402117179994558
0.49915,0.38433827658636
0.51422,0.365901297125257
0.5285,0.346871562250512
0.54197,0.327312884073558
0.55461,0.307286022445458
0.56642,0.286862273464573
0.57737,0.266097134862483
0.58746,0.245053828923192
0.59669,0.22379984210079
0.60504,0.202389211476491
0.61252,0.180885545454573
0.61911,0.159335927347273
0.62482,0.13779466472953
0.62965,0.116312641904509
0.63359,0.0949288161267672
0.63666,0.0736932417710674
0.63884,0.0526335606388778
0.64015,0.0317877357907512
0.64059,0.0111857885124947
0.64015,-0.00915731498186188
0.63886,-0.0292100270399364
0.63671,-0.0489583027243025
0.63371,-0.0683882292663038
0.62988,-0.0874794098753525
0.62521,-0.106229363257084
0.61972,-0.124628337543088
0.61342,-0.142668766665747
0.60632,-0.160345413990902
0.59843,-0.177655410656711
0.58976,-0.194598207551179
0.58032,-0.211175458269055
0.57014,-0.227376052595295
0.55921,-0.243208737409987
0.54755,-0.258676110289911
0.53517,-0.273783390201492
0.52209,-0.288530601140238
0.50832,-0.302921178468774
0.49388,-0.316954006525794
0.47876,-0.330646692252377
0.46299,-0.344002057551628
0.44657,-0.357033271732222
0.42953,-0.369739440040823
0.41186,-0.382138050747496
0.39359,-0.394231469838756
0.37473,-0.406024690366738
0.35528,-0.417532157159674
0.33527,-0.428753433262257
0.3147,-0.439698335000469
0.29359,-0.450369932965328
0.27194,-0.460780606706275
0.24978,-0.470927753943213
0.22712,-0.480811568885698
0.20397,-0.49043449740132
0.18035,-0.499793345357677
0.15626,-0.508895251387596
0.13175,-0.517718516429698
0.1068,-0.526270526354358
0.081455,-0.534533840553973
0.055726,-0.542496609992239
0.029636,-0.550142921817889
0.003211,-0.557451789687301
-0.023527,-0.564401654184442
-0.050546,-0.570963679702643
-0.077822,-0.577109864298397
-0.10532,-0.582805515234206
-0.133,-0.588007808948305
-0.16084,-0.592681867079652
-0.1888,-0.5967869071269
-0.21683,-0.60027117090861
-0.2449,-0.603090323838504
-0.27296,-0.605192532780585
-0.30096,-0.606521450026388
-0.32887,-0.607033550050873
-0.35663,-0.606674821516602
-0.38418,-0.605384461639422
-0.41149,-0.603120234514277
-0.4385,-0.599834084917942
-0.46516,-0.595482243485772
-0.4914,-0.590011081404195
-0.51718,-0.583382957550009
-0.54245,-0.575567072883888
-0.56714,-0.566524544461355
-0.5912,-0.556226168610712
-0.61458,-0.544651698867638
-0.63722,-0.53178164429283
-0.65906,-0.517598030692418
-0.68005,-0.502092361429512
-0.70014,-0.485264387248782
-0.71927,-0.467113496595373
-0.73739,-0.447646559215968
-0.75445,-0.426876638143669
-0.7704,-0.404821772191878
-0.78519,-0.381503841041007
-0.79878,-0.356954920146035
-0.81111,-0.331199920436129
-0.82216,-0.30428712543952
-0.83187,-0.276252999211242
-0.84021,-0.247145864818662
-0.84715,-0.217022452963644
-0.85264,-0.185930076527203
-0.85666,-0.153929442191939
-0.85918,-0.121083065726872
-0.86017,-0.087453248802689
-0.85961,-0.0531078061848372
-0.85748,-0.0181171034136461
-0.85377,0.0174410373815564
-0.84846,0.053492407336219
-0.84154,0.0899604899205778
-0.833,0.126769187886739
-0.82285,0.163830253283301
-0.81107,0.201070485707286
-0.79769,0.238394132474583
-0.78269,0.275727163479466
-0.76611,0.312971069150002
-0.74793,0.350055046047658
-0.7282,0.386881222056785
-0.70693,0.423362594877784
-0.68414,0.459416370220721
-0.65987,0.494951124242457
-0.63414,0.529886287044552
-0.60701,0.564123209304434
-0.5785,0.597581498890033
-0.54867,0.630168687852497
-0.51756,0.66180049737495
-0.48523,0.692387388920223
-0.45174,0.721838670034416
-0.41715,0.750065845329398
-0.38152,0.77698527862815
-0.34493,0.802505436719021
-0.30746,0.82653161157133
-0.26917,0.848984610511546
-0.23016,0.869771060785817
-0.1905,0.888811625981809
-0.1503,0.906011616957826
-0.10964,0.921289482315534
-0.068616,0.934565417323586
-0.027335,0.945755848731156
0.014107,0.954785359425619
0.055604,0.961580561158232
0.097053,0.966074723878901
0.13834,0.968200979088307
0.17937,0.967909031872715
0.22002,0.965143436555008
0.26019,0.959863930966089
0.29977,0.95203701187544
0.33865,0.941636353695196
0.37673,0.92865033439498
0.4139,0.91307290477056
0.45005,0.894903448144909
0.48509,0.874161279855966
0.51892,0.850874594342963
0.55144,0.82507867964145
0.58257,0.796829032579069
0.61222,0.766189164931872
0.6403,0.733227901655767
0.66676,0.698046581169168
0.6915,0.660733505205281
0.71448,0.621408840750455
0.73564,0.580200734553548
0.75493,0.537247966443527
0.7723,0.492694318274032
0.78772,0.446698600022584
0.80116,0.399427453715246
0.8126,0.351056650564331
0.82202,0.301764401245863
0.82942,0.25174059007549
0.83479,0.201171625329179
0.83813,0.150243006749674
0.83946,0.0991487118104928
0.8388,0.0480836605093074
0.83617,-0.00276246954811572
0.83159,-0.0532101854833146
0.8251,-0.103079194073528
0.81675,-0.152187034787258
0.80656,-0.200377681578469
0.7946,-0.247484808597215
0.78091,-0.293361668866647
0.76555,-0.337867726731633
0.74859,-0.380865155126494
0.73008,-0.42223815063996
0.71009,-0.461878367622179
0.6887,-0.499680389552438
0.66598,-0.535552784813158
0.64201,-0.569411852101274
0.61686,-0.601191158026711
0.59063,-0.630819168527455
0.56338,-0.658253092236348
0.53521,-0.683446211031826
0.5062,-0.706365986869653
0.47643,-0.726993444847618
0.44601,-0.74530008623853
0.415,-0.761288635118282
0.38351,-0.774951054751104
0.35162,-0.786294096689091
0.31941,-0.795337253652159
0.28697,-0.802103326533119
0.2544,-0.806610663189554
0.22176,-0.80890392429616
0.18916,-0.809011568922008
0.15666,-0.806985898928298
0.12435,-0.802875476478018
0.092312,-0.796731028573394
0.060617,-0.788612292106594
0.029345,-0.778578439117942
-0.0014428,-0.766700870289023
-0.031665,-0.753044299344801
-0.061262,-0.737682677302569
-0.090165,-0.720688794183078
-0.11832,-0.702143620130174
-0.14566,-0.682123000922911
-0.17212,-0.660698099141827
-0.19767,-0.637960219958425
-0.22224,-0.61398478354858
-0.24579,-0.588854419580988
-0.26827,-0.562647754880916
-0.28964,-0.535445229953114
-0.30986,-0.507326301105858
-0.32889,-0.47836717237853
-0.3467,-0.448646410671061
-0.36326,-0.418241983013263
-0.37855,-0.387236253838557
-0.39253,-0.355697682084473
-0.4052,-0.32371077733753
-0.41654,-0.291355433379294
-0.42654,-0.258712563712567
-0.43519,-0.225861195591135
-0.44249,-0.192883552649669
-0.44843,-0.159854256994633
-0.45302,-0.126853992255694
-0.45628,-0.093972951100562
-0.45821,-0.0612911721219578
-0.45882,-0.0288851213540253
-0.45814,0.00315953566273484
-0.45618,0.0347674710395459
-0.45297,0.0658596016489589
-0.44855,0.0963492342165014
-0.44293,0.126168745275213
-0.43616,0.155238834100618
-0.42826,0.183495826895381
-0.41929,0.210861507754201
-0.40927,0.23727835161061
-0.39826,0.262678218863129
-0.38628,0.287016572857695
-0.3734,0.310232879524332
-0.35965,0.332285662040843
-0.34509,0.353128475348794
-0.32976,0.372727644009437
-0.31372,0.391046626994311
-0.29702,0.408055661036513
-0.27971,0.423731940114619
-0.26184,0.438059563054823
-0.24347,0.451021893170655
-0.22465,0.462610182032344
-0.20542,0.4728302896
-0.18585,0.481678111992212
-0.16599,0.489156974918551
-0.14589,0.495276627948903
-0.1256,0.500052238461568
-0.10517,0.503503406579555
-0.084647,0.505655438340272
-0.064082,0.506535007769818
-0.043524,0.506171020693186
-0.023016,0.504598169216174
-0.0026055,0.501851841264635
0.017664,0.497970245577
0.037751,0.492994530697518
0.057612,0.486965806693057
0.07721,0.479928992609323
0.096501,0.471925795148803
0.11545,0.463000928066154
0.13403,0.453206273245094
0.15219,0.442580349512815
0.1699,0.431165353742198
0.18713,0.419005235051961
0.20386,0.406151474168391
0.22004,0.392637937950323
0.23565,0.378505413110465
0.25066,0.363791591566971
0.26505,0.348537859202724
0.27878,0.332772466024705
0.29185,0.316541663083488
0.30421,0.299867756993624
0.31585,0.282782473530599
0.32674,0.265309213708706
0.33688,0.247485951873215
0.34624,0.229338938699907
0.35479,0.210883991675769
0.36254,0.192157379927213
0.36946,0.173181028251907
0.37554,0.153979222452604
0.38078,0.134584612081169
0.38515,0.115013252905084
0.38866,0.0952966907480223
0.39129,0.0754556482581866
0.39305,0.0555234803645853
0.39393,0.0355277730885043
0.39393,0.0154978524208243
0.39306,-0.00452921148637762
0.39131,-0.0245261525391621
0.3887,-0.0444524222302203
0.38523,-0.0642729088685851
0.38091,-0.083950698275591
0.37574,-0.103456089719941
0.36975,-0.122744097077552
0.36294,-0.141781088184055
0.35533,-0.16052898685326
0.34694,-0.178947457033012
0.33778,-0.197003120816564
0.32787,-0.21466202565368
0.31723,-0.231890991354852
0.30588,-0.248658677690684
0.29385,-0.264929002310873
0.28116,-0.280670749820694
0.26783,-0.295857797701462
0.25388,-0.310469173979095
0.23935,-0.324474177157013
0.22425,-0.337857608322153
0.20863,-0.350587928850393
0.1925,-0.362651182301942
0.1759,-0.374026101591401
0.15885,-0.384701214872923
0.14138,-0.394666182709189
0.12354,-0.403897380728872
0.10533,-0.412398380938684
0.086801,-0.420157171455419
0.067979,-0.427168280297758
0.048894,-0.433428968058471
0.029578,-0.438937559353829
0.010061,-0.443695015084788
-0.0096251,-0.447703232325085
-0.02945,-0.450966223428538
-0.049385,-0.453490996411083
-0.069397,-0.455283734016544
-0.089461,-0.456355964113198
-0.10955,-0.456721909606115
-0.12962,-0.456385170559567
-0.14966,-0.455365223703159
-0.16964,-0.453679897852365
-0.18953,-0.451345332750533
-0.2093,-0.448375964966201
-0.22892,-0.444784539088454
-0.24838,-0.440596938150277
-0.26763,-0.435819407891078
-0.28666,-0.430471797345285
-0.30544,-0.424569606037337
-0.32394,-0.418124411536577
-0.34213,-0.41114429714799
-0.35999,-0.40364167198261
-0.37749,-0.395624664796815
-0.39459,-0.387090290089973
-0.41129,-0.378056201200403
-0.42753,-0.36851178991713
-0.4433,-0.358460857137385
-0.45857,-0.34790385614187
-0.47332,-0.336845869527654
-0.4875,-0.32527333293622
-0.5011,-0.31318752710776
-0.5141,-0.300594216758492
-0.52646,-0.287487802529247
-0.53815,-0.273861024796894
-0.54916,-0.259720224440264
-0.55945,-0.245060322736653
-0.569,-0.229881934973396
-0.57778,-0.214182826918827
-0.58577,-0.197965900832709
-0.59296,-0.181245506128947
-0.59931,-0.164022651220313
-0.60481,-0.146309740410592
-0.60943,-0.128113229931396
-0.61317,-0.109456785648879
-0.61599,-0.0903477264529682
-0.61789,-0.0708095617575178
-0.61886,-0.0508708098329691
-0.61887,-0.0305484570758632
-0.61792,-0.00987188590702892
-0.61599,0.0111351545925487
-0.61308,0.0324393586222806
-0.60917,0.054015467144494
-0.60426,0.0758306779654476
-0.59833,0.0978618775983425
-0.5914,0.120064913443818
-0.58345,0.142409549188501
-0.57447,0.164870314269711
-0.56447,0.187411633821553
-0.55344,0.210005696684469
-0.54139,0.232617079934931
-0.5283,0.255227548442593
-0.5142,0.277796439727013
-0.49907,0.300303281187067
-0.48293,0.322715056827973
-0.46579,0.344997138466606
-0.44764,0.367129534929966
-0.42851,0.3890752458858
-0.4084,0.410806970664894
-0.38733,0.432291404003554
-0.3653,0.453506329076097
-0.34234,0.474417131817049
-0.31847,0.494987776485175
-0.2937,0.515189686899415
-0.26807,0.534979135237851
-0.24159,0.55432378934831
-0.21429,0.57318684106086
-0.18621,0.591521734951977
-0.15736,0.609297758804205
-0.12781,0.626453702395377
-0.097561,0.642956711283413
-0.066674,0.658753589995867
-0.035181,0.673797921371404
-0.0031347,0.688034992430575
0.029425,0.701414650704294
0.062445,0.713882330544474
0.095872,0.725381563582871
0.12966,0.735861610834749
0.16374,0.745261070867253
0.19805,0.753517141337678
0.23255,0.760584227367323
0.26715,0.766395264312935
0.3018,0.770897674220801
0.33642,0.774030206399848
0.37095,0.775741493795343
0.40532,0.77598257751574
0.43944,0.774693434658276
0.47325,0.771829388137937
0.50666,0.767337626829437
0.5396,0.761175480752497
0.572,0.753310101118212
0.60376,0.743695765883476
0.63481,0.732300289101192
0.66507,0.719096367651577
0.69447,0.70406927743391
0.72292,0.687200555755342
0.75033,0.668469719484323
0.77665,0.647885267314853
0.80179,0.625449742425333
0.82568,0.601176085626977
0.84824,0.575078323230189
0.86943,0.547200989402104
0.88915,0.517568061565551
0.90735,0.486223647485712
0.92399,0.45323462933233
0.93899,0.418655194770135
0.95232,0.382565088291332
0.96392,0.345040555016147
0.97376,0.30617533758657
0.9818,0.2660675012989
0.98799,0.224808640213402
0.99233,0.182519651357643
0.99477,0.139304788548085
0.99531,0.095288956071722
0.99392,0.0505879905322652
0.9906,0.00532925515400622
0.98534,-0.0403617135897089
0.97814,-0.0863571919516205
0.96901,-0.132524155246323
0.95796,-0.178729359677762
0.94499,-0.224850901583373
0.93013,-0.27075771904826
0.91341,-0.316315544369637
0.89485,-0.361399222443241
0.87449,-0.405880265333918
0.85237,-0.449631743623784
0.82853,-0.492532224972262
0.80302,-0.534461448117997
0.77591,-0.575289438397595
0.74723,-0.614912388110694
0.71707,-0.653206968062911
0.68549,-0.690060592607492
0.65256,-0.72536596126119
0.61835,-0.759023943447515
0.58294,-0.790938310347737
0.54642,-0.821011418620021
0.50888,-0.849148160429104
0.47039,-0.875273874746013
0.43106,-0.899303882484197
0.39096,-0.921178354821432
0.3502,-0.940830593609624
0.30888,-0.958198608011119
0.26707,-0.973249092248542
0.22489,-0.98593682790497
0.18242,-0.996238807139473
0.13977,-1.00412934962383
0.09702,-1.00960446041519
0.054271,-1.01266314080189
0.011613,-1.01331587261712
-0.030859,-1.01157927137696
-0.07306,-1.00748265850341
-0.1149,-1.0010618783542
-0.15629,-0.992358522220967
-0.19715,-0.98142500439278
-0.23739,-0.968314253823395
-0.27694,-0.9530935119589
-0.31572,-0.935832826915447
-0.35366,-0.916610431383183
-0.39067,-0.895494600046914
-0.42671,-0.872580983304156
-0.4617,-0.847955360206959
-0.49558,-0.821708182228795
-0.52829,-0.793931303282361
-0.55978,-0.7647226387719
-0.59,-0.734182305088188
-0.6189,-0.702409388978903
-0.64644,-0.669506703129396
-0.67258,-0.635577067733702
-0.69728,-0.600720256800983
-0.72053,-0.565052752007672
-0.74227,-0.528664014306276
-0.7625,-0.491663241073824
-0.78118,-0.454142531258273
-0.79831,-0.416206773542705
-0.81387,-0.37795299034037
-0.82786,-0.339483448808381
-0.84026,-0.300886472840116
-0.85107,-0.262250890012976
-0.86031,-0.223677638464399
-0.86796,-0.18524441875824
-0.87405,-0.147044347651052
-0.87858,-0.109157527621186
-0.88156,-0.0716580433962402
-0.88303,-0.0346345354881739
-0.88298,0.00185276443841134
-0.88146,0.0377245778780555
-0.87848,0.0729187875191986
-0.87408,0.107367396058345
-0.86828,0.141015089522078
-0.86113,0.173796881681635
-0.85265,0.205664714291014
-0.84289,0.236564072109673
-0.83188,0.266452273746839
-0.81966,0.295290705012629
-0.80628,0.323038440407918
-0.79179,0.349654532521218
-0.77622,0.375114628578441
-0.75963,0.399386938594077
-0.74207,0.422442618815505
-0.72359,0.444256637761643
-0.70423,0.464815752522605
-0.68406,0.484095026335154
-0.66312,0.502083551551131
-0.64148,0.518760412787503
-0.61919,0.53411252697717
-0.5963,0.548134000989805
-0.57288,0.560810615580678
-0.54898,0.572137090126894
-0.52467,0.582101154105886
-0.49999,0.590707849124164
-0.47501,0.597954271263494
-0.44979,0.60383897958455
-0.42438,0.608369511334299
-0.39885,0.611545997459204
-0.37323,0.613392503698935
-0.3476,0.613915085942127
-0.32201,0.613127588726082
-0.2965,0.611057412700027
-0.27112,0.607735006742007
-0.24594,0.603177894873877
-0.22099,0.597422474189056
-0.19633,0.590497354516103
-0.17199,0.582446425264361
-0.14801,0.573317439429977
-0.12445,0.563145286824345
-0.10134,0.551975782201581
-0.078708,0.539863815408967
-0.056592,0.526862729125508
-0.035023,0.51302833719626
-0.014027,0.498420583935033
0.0063692,0.483100452843983
0.026141,0.467129633502867
0.045271,0.45057389901804
0.063742,0.433500514305012
0.081536,0.415975337575851
0.098642,0.398066256222317
0.11505,0.379841435237401
0.13075,0.361367129912046
0.14574,0.342711860653505
0.16002,0.323945256904822
0.17358,0.305128196899264
0.18642,0.286319850675281
0.19855,0.267583378816326
0.20998,0.248983015721225
0.22071,0.230574282471438
0.23076,0.212418495625495
0.24012,0.194557315507729
0.24883,0.177051899246018
0.25688,0.15993998769038
0.26431,0.143275884284802
0.27112,0.127095679640024
0.27734,0.111441469915371
0.283,0.0963585339066417
0.28811,0.081878193882415
0.29269,0.0680265482863997
0.29679,0.0548464425961617
0.30041,0.04235559334464
0.3036,0.0305874562962348
0.30637,0.0195572005199164
0.30876,0.00928654539453423
0.31078,-0.000220759158809533
0.31249,-0.00893904170128964
0.31389,-0.0168704601795942
0.31502,-0.0240104024837244
0.31591,-0.030356742100393
0.31658,-0.0359172046220766
0.31706,-0.040700238688196
0.31738,-0.0447150106386103
0.31756,-0.047978748280911
0.31763,-0.0505076330179043
0.31761,-0.0523242505890043
0.31752,-0.0534560057351933
0.31738,-0.0539336930006881
0.31722,-0.0537828277887243
0.31704,-0.0530463465915986
0.31687,-0.0517580473927885
0.31672,-0.0499583677780445
0.3166,-0.0476921013190049
0.31653,-0.0449990185724884
0.31651,-0.0419285915484369
0.31656,-0.0385219938556544
0.31667,-0.0348347588147649
0.31686,-0.0309102635171453
0.31712,-0.0268030193018588
0.31746,-0.022560143677955
0.31789,-0.0182213815698316
0.31839,-0.0138414708878016
0.31897,-0.00946338778132689
0.31962,-0.00513404778399486
0.32035,-0.00088724731464693
0.32113,0.00322538566943635
0.32197,0.00716908658976144
0.32286,0.0109091183656688
0.32378,0.0144046143080425
0.32472,0.0176185668082064
0.32569,0.0205331843731535
0.32664,0.0231026141414459
0.32759,0.0253117082400543
0.32851,0.0271338424524929
0.32938,0.028541597236917
0.33019,0.0295153734960523
0.33093,0.0300427403657184
0.33158,0.0301103283361063
0.33211,0.0296973070094319
0.33253,0.0288072888241041
0.3328,0.0274268415318424
0.33292,0.0255590442449561
0.33287,0.0232057117557516
0.33262,0.0203604832195473
0.33218,0.0170404218403209
0.33153,0.0132590965492768
0.33064,0.00901975152366314
0.32951,0.0043396187914105
0.32814,-0.000753051702872326
0.32649,-0.00625127046189792
0.32457,-0.0121282426288095
0.32237,-0.0183565771429148
0.31986,-0.0249238015999641
0.31706,-0.0317927394731113
0.31395,-0.0389367952884627
0.31052,-0.0463311593074357
0.30677,-0.0539457051547636
0.30269,-0.0617542148921055
0.29827,-0.0697343389488671
0.29353,-0.0778452944238236
0.28845,-0.0860621505360658
0.28302,-0.0943660946542699
0.27726,-0.102721662444364
0.27116,-0.111103197898155
0.26472,-0.119486353124545
0.25795,-0.127841222052081
0.25083,-0.136156545919957
0.24339,-0.144399583809726
0.23562,-0.152550892768483
0.22752,-0.160595039325386
0.21911,-0.168505626312815
0.21038,-0.176270487829176
0.20134,-0.183874652511653
0.19199,-0.191308880271882
0.18235,-0.198554201401203
0.17243,-0.205591887242258
0.16222,-0.212418873369067
0.15174,-0.219022812568044
0.141,-0.225391788388431
0.13,-0.231522123139972
0.11876,-0.237402268608209
0.10729,-0.243022206405311
0.095588,-0.248382457485447
0.083677,-0.253473705803583
0.071561,-0.258293164684681
0.059257,-0.262833921272771
0.04677,-0.267094941091163
0.034116,-0.27107196214304
0.021303,-0.274764286250173
0.0083419,-0.278172091749092
-0.0047547,-0.281295126865447
-0.017976,-0.284134247856035
-0.031313,-0.286692622630886
-0.044754,-0.288973306377757
-0.058289,-0.290980536889851
-0.071907,-0.292718742255306
-0.085596,-0.294191727358278
-0.099351,-0.2954079430086
-0.11316,-0.296374251631358
-0.127,-0.297087974194808
-0.14088,-0.297562518301461
-0.15478,-0.297802499721525
-0.16869,-0.297812758011222
-0.1826,-0.297598207552085
-0.19649,-0.29715631232916
-0.21036,-0.296493394987584
-0.22419,-0.295607966416311
-0.23797,-0.294499677959543
-0.25168,-0.293161708373651
-0.26532,-0.291596984045721
-0.27886,-0.289794021659415
-0.29231,-0.287759605899254
-0.30563,-0.285478091213259
-0.31882,-0.282945744981819
-0.33186,-0.280153741705759
-0.34473,-0.277089389664177
-0.35742,-0.273744616763997
-0.36992,-0.270115304298272
-0.3822,-0.266185863642715
-0.39425,-0.261946685972001
-0.40605,-0.257385867052754
-0.41757,-0.252482603743327
-0.42882,-0.247239088236953
-0.43975,-0.241631670798712
-0.45036,-0.235653526521944
-0.46062,-0.229289440197003
-0.47052,-0.222532693737554
-0.48003,-0.215368875613216
-0.48914,-0.207792620029405
-0.49783,-0.199798680576709
-0.50607,-0.191374736610919
-0.51384,-0.182510564775873
-0.52114,-0.173212776496827
-0.52794,-0.163479291251936
-0.53421,-0.153301170504237
-0.53996,-0.142693847637487
-0.54515,-0.131655108060505
-0.54977,-0.120190840964556
-0.55382,-0.108320782141447
-0.55727,-0.0960532018711856
-0.5601,-0.0833943680557231
-0.56233,-0.0703783991610663
-0.56391,-0.0570092457907259
-0.56486,-0.0433182376111593
-0.56516,-0.0293283828477559
-0.56481,-0.0150701807982925
-0.5638,-0.000571962297831185
-0.56212,0.0141404622562564
-0.55977,0.0290366474259214
-0.55676,0.0440758785575585
-0.55308,0.0592250960533568
-0.54873,0.0744509780304659
-0.54372,0.0897135893346527
-0.53806,0.104968842133552
-0.53173,0.120192794052917
-0.52477,0.135334170632523
-0.51716,0.15036557289766
-0.50892,0.165250186043705
-0.50005,0.179959590938183
-0.49058,0.194450927498746
-0.48051,0.20869324605457
-0.46985,0.222658865391087
-0.45863,0.236308941684526
-0.44684,0.249626506935046
-0.43452,0.262575975561886
-0.42167,0.275137558433449
-0.40832,0.287282816809026
-0.39449,0.298984770737354
-0.38019,0.31022600584104
-0.36544,0.320990174964217
-0.35027,0.3312551202445
-0.33471,0.340994863741186
-0.31877,0.350196095904502
-0.30249,0.358834158230879
-0.28587,0.366905751956132
-0.26897,0.374380781899049
-0.25179,0.381252981172467
-0.23436,0.387513527473959
-0.21672,0.393144638688309
-0.19888,0.39814421168807
-0.18089,0.402493495490061
-0.16275,0.406198025977059
-0.14451,0.409246022302996
-0.12619,0.411634463442529
-0.10782,0.413360277969327
-0.089417,0.414430252904896
-0.071014,0.414847308549158
-0.052636,0.414617273961695
-0.034306,0.413749818605841
-0.016049,0.412256133606159
0.002114,0.410151447208058
0.020161,0.407453234526782
0.038075,0.404184138712999
0.055837,0.400368997617888
0.07343,0.396035330147896
0.090841,0.391215117091454
0.10806,0.385945361327909
0.12507,0.380260991040128
0.14187,0.374206179191562
0.15845,0.367824713556287
0.17481,0.361166273802248
0.19094,0.354276517042395
0.20685,0.347211351039529
0.22252,0.340011162446731
0.23798,0.332739586990066
0.25321,0.325440170160826
0.26822,0.318161097521192
0.28302,0.310952786168488
0.29762,0.30386587110164
0.31202,0.296942159474103
0.32622,0.29021493776927
0.34024,0.283724211087359
0.35408,0.27749921947426
0.36776,0.271574203412122
0.38127,0.265963991674116
0.39462,0.260681799869129
0.40782,0.255738822712552
0.42087,0.251136573368947
0.43378,0.246875761905525
0.44655,0.242948693599174
0.45918,0.239340772677174
0.47166,0.236024512139227
0.48401,0.232984648093864
0.4962,0.230178928519257
0.50824,0.227573800760528
0.52012,0.22512860430739
0.53183,0.222797849969584
0.54336,0.220533216200794
0.55469,0.218277872684389
0.56582,0.215984353842436
0.57672,0.213591785389553
0.58738,0.211044896617281
0.59777,0.208279650254892
0.60787,0.205234114749988
0.61767,0.201857212604338
0.62712,0.198078551648521
0.63622,0.193851205278805
0.64491,0.189104259374918
0.65318,0.183786573870894
0.66099,0.177842399443394
0.66831,0.171221462489605
0.67511,0.163879576069217
0.68134,0.155764202173371
0.68697,0.14683262577821
0.69197,0.137051570857289
0.6963,0.126389269083339
0.69992,0.114816429231908
0.7028,0.102314349730401
0.7049,0.0888663915858971
0.7062,0.0744732385911322
0.70665,0.0591277594133883
0.70623,0.0428393084263962
0.7049,0.0256158830594221
0.70264,0.00747934335532811
0.69943,-0.0115374958778404
0.69523,-0.031408310984699
0.69003,-0.0520902221516484
0.68382,-0.0735278686686185
0.67657,-0.0956718415881024
0.66827,-0.118463852658851
0.65892,-0.141832454846089
0.6485,-0.165712163847089
0.63701,-0.190029184269526
0.62445,-0.214704965840164
0.61083,-0.239651841583377
0.59615,-0.264784589514246
0.58041,-0.29002234832718
0.56363,-0.315275314195284
0.54582,-0.340456485362707
0.527,-0.365476308359808
0.50718,-0.390253270309255
0.48639,-0.41470008534851
0.46465,-0.438734938463225
0.44198,-0.462283046851614
0.41842,-0.485262980593848
0.39399,-0.507605420131079
0.36873,-0.529238401941285
0.34267,-0.55009770721433
0.31586,-0.570112860114859
0.28832,-0.58923299919221
0.2601,-0.607402860156378
0.23124,-0.624573125474233
0.20179,-0.640693815393149
0.1718,-0.655716370966941
0.14131,-0.669602687594801
0.11037,-0.682317332679608
0.079035,-0.69382489558161
0.047361,-0.704090793416816
0.015398,-0.713087061119337
-0.016796,-0.72078648005157
-0.049166,-0.727165947788163
-0.081654,-0.732204632484321
-0.1142,-0.735883148239982
-0.14675,-0.738188750785548
-0.17925,-0.739114898913913
-0.21163,-0.738648886731682
-0.24383,-0.7367812361648
-0.27581,-0.733520557110874
-0.30749,-0.72886066412873
-0.33882,-0.722806199631822
-0.36975,-0.715370788925586
-0.40021,-0.706560509824992
-0.43015,-0.696390317638868
-0.45952,-0.684882233487901
-0.48826,-0.672056282509827
-0.51632,-0.657938002463128
-0.54365,-0.642556925396907
-0.5702,-0.625945222121093
-0.59592,-0.608136509394207
-0.62077,-0.589172215275023
-0.6447,-0.569091684437105
-0.66768,-0.54794641405785
-0.68965,-0.525774198328357
-0.71059,-0.502630380245357
-0.73046,-0.478568177714031
-0.74923,-0.453645043273709
-0.76686,-0.427912849420302
-0.78334,-0.401439673105291
-0.79864,-0.374289926112507
-0.81273,-0.346523195252754
-0.8256,-0.318208183820905
-0.83723,-0.289411494234079
-0.84762,-0.260210803568903
-0.85675,-0.230675582333551
-0.86461,-0.200873920185628
-0.87121,-0.170885424796606
-0.87654,-0.140781713073371
-0.8806,-0.110633053522846
-0.8834,-0.0805137231167565
-0.88495,-0.0504988046989701
-0.88526,-0.0206615648012743
-0.88433,0.00893603499240706
-0.88218,0.0382285314459286
-0.87882,0.067157322339537
-0.87429,0.095649263562561
-0.86858,0.123658972282464
-0.86174,0.15112086046183
-0.85377,0.177992363991386
-0.8447,0.204229022930958
-0.83458,0.229771844579378
-0.8234,0.254596651920687
-0.81122,0.278656811596865
-0.79806,0.301919005495796
-0.78396,0.324347321157469
-0.76894,0.345920077019562
-0.75304,0.366613421479466
-0.73631,0.386395549403615
-0.71876,0.405259204520332
-0.70045,0.423180664370455
-0.68141,0.44014625813538
-0.66168,0.456143868543644
-0.64129,0.471170821556216
-0.62029,0.485217792423906
-0.59871,0.498285566099838
-0.5766,0.510368674124896
-0.55398,0.521479327618014
-0.5309,0.531621851681035
-0.5074,0.540801842384603
-0.48351,0.549033482060651
-0.45927,0.55633039969236
-0.43471,0.562713087282286
-0.40986,0.568207278163109
-0.38477,0.572827683948059
-0.35946,0.57660211767796
-0.33398,0.579546191220195
-0.30834,0.58169498616003
-0.28257,0.583083679005364
-0.25672,0.583731899521507
-0.2308,0.583675863823718
-0.20485,0.582942046229981
-0.17889,0.581563171425635
-0.15295,0.579568727248723
-0.12705,0.576992174392976
-0.10121,0.573869238433932
-0.075467,0.570223880896616
-0.049833,0.566088335186314
-0.02433,0.561493138285259
0.001015,0.556462826458195
0.026187,0.551025176459507
0.051159,0.545200806206324
0.075918,0.539014198170909
0.10044,0.532483985300919
0.1247,0.525622661705648
0.14868,0.518442416208962
0.17236,0.510953184795369
0.19572,0.503162621841227
0.21874,0.49507613928943
0.24139,0.486689603115522
0.26366,0.478005886876178
0.28552,0.469018459092175
0.30695,0.459720598306799
0.32793,0.450105438968891
0.34843,0.4401586312704
0.36844,0.429874821454075
0.38793,0.419241135866014
0.40688,0.408246268814589
0.42527,0.396880383222709
0.44308,0.385135010682782
0.46027,0.372988154758839
0.47685,0.360444418727934
0.49278,0.347492719661036
0.50805,0.334131795619986
0.52264,0.320360927843448
0.53653,0.306179855517192
0.54971,0.291596094619635
0.56217,0.276623245899984
0.57389,0.261272080109632
0.58487,0.245565609159433
0.59511,0.229536122169241
0.60458,0.213200360791211
0.61329,0.196591663085002
0.62125,0.17975584509259
0.62844,0.162725363745418
0.63488,0.145550584544671
0.64056,0.128272722055084
0.6455,0.11094662333895
0.64969,0.0936143733384483
0.65316,0.0763360990904541
0.65591,0.0591625331278367
0.65795,0.0421427022222011
0.65929,0.0253227373734141
0.65995,0.0087523622049967
0.65994,-0.00752478191173947
0.65928,-0.0234640030471872
0.65797,-0.0390360464337537
0.65604,-0.0542030209340931
0.65349,-0.0689436067543651
0.65035,-0.0832285714626225
0.64662,-0.09704562212821
0.64233,-0.11037461841004
0.63748,-0.123212171684929
0.6321,-0.135546651913864
0.62619,-0.147382623890056
0.61977,-0.158723128975105
0.61286,-0.169570220653577
0.60545,-0.179947588249369
0.59758,-0.189859045788669
0.58924,-0.199329522825166
0.58046,-0.208370961478179
0.57123,-0.217014313862956
0.56157,-0.225283040504524
0.5515,-0.233194104795295
0.54101,-0.240781095378294
0.53012,-0.248068035290291
0.51884,-0.255078078865955
0.50719,-0.261825716256603
0.49516,-0.268340276113763
0.48278,-0.274632695722597
0.47006,-0.280713569336501
0.457,-0.286600286812713
0.44361,-0.292307817287211
0.42993,-0.297826538863258
0.41594,-0.303171553644586
0.40168,-0.308333042470112
0.38714,-0.313318258340447
0.37235,-0.318118363732928
0.35731,-0.322733898563272
0.34204,-0.327158085938895
0.32656,-0.331378365131021
0.31086,-0.33539997025264
0.29498,-0.339205318725197
0.2789,-0.342803234349141
0.26266,-0.346179190379236
0.24625,-0.349337176326637
0.22968,-0.352281194265601
0.21297,-0.355007752640036
0.19613,-0.357514795558777
0.17915,-0.359816260994176
0.16205,-0.361916430398801
0.14483,-0.36382648370305
0.1275,-0.365555467327904
0.11006,-0.367117859584144
0.092526,-0.368520290539108
0.074895,-0.369776919500096
0.057174,-0.370900179295263
0.039366,-0.371903712154635
0.02148,-0.372797299324029
0.0035189,-0.373591814899043
-0.01451,-0.374295416966632
-0.0326,-0.374914240504371
-0.050745,-0.375453002570472
-0.068934,-0.375911455330172
-0.087158,-0.376286755935924
-0.10541,-0.376575443808484
-0.12366,-0.376756560822112
-0.14192,-0.376826576275401
-0.16016,-0.376764970902961
-0.17837,-0.376552806322585
-0.19652,-0.376158069590623
-0.21461,-0.375561195748431
-0.23261,-0.374730961084205
-0.25049,-0.373627561514121
-0.26825,-0.372227518136541
-0.28585,-0.370491584204492
-0.30326,-0.368376286018704
-0.32048,-0.365858142419604
-0.33745,-0.362886132740004
-0.35417,-0.359432870397249
-0.3706,-0.355461294782359
-0.38671,-0.350935082003368
-0.40248,-0.345827028334088
-0.41787,-0.340103402610986
-0.43285,-0.333733703255693
-0.4474,-0.326698449153402
-0.46148,-0.318973001116892
-0.47506,-0.310536849214034
-0.48812,-0.301380993976284
-0.50063,-0.291498814366245
-0.51254,-0.280871245727371
-0.52385,-0.26950691668522
-0.53451,-0.257399820222431
-0.54451,-0.244562135711016
-0.55382,-0.231005821019411
-0.56241,-0.2167425627824
-0.57026,-0.201791115477256
-0.57736,-0.186183017514114
-0.58367,-0.169937265178122
-0.58919,-0.153091969023952
-0.5939,-0.13568497274874
-0.59778,-0.117753008666364
-0.60083,-0.0993458038744884
-0.60302,-0.0805001026868585
-0.60436,-0.0612708044605614
-0.60484,-0.0417111842153848
-0.60446,-0.0218791556147125
-0.60322,-0.0018347665105783
-0.6011,0.0183767050009224
-0.59813,0.0386862586357901
-0.59431,0.059029954108176
-0.58964,0.0793498151013066
-0.58413,0.0995870499739071
-0.57779,0.119684036893089
-0.57064,0.139578521537967
-0.5627,0.159206476956429
-0.55398,0.178511872588221
-0.5445,0.19743957696559
-0.53429,0.215929636382697
-0.52336,0.233934991918155
-0.51174,0.251405860348069
-0.49947,0.268284624077601
-0.48655,0.28453890169106
-0.47304,0.30011360228742
-0.45895,0.31497423106566
-0.44432,0.329082091379088
-0.42919,0.342396601539068
-0.41357,0.354899395326116
-0.39752,0.366554006173526
-0.38107,0.377332999624825
-0.36424,0.387224803733823
-0.34709,0.39620182342963
-0.32963,0.404261706214306
-0.31193,0.411378574791995
-0.294,0.417553067517632
-0.27589,0.422778006025675
-0.25764,0.427047894484648
-0.23928,0.430366505673355
-0.22085,0.432737947297791
-0.20239,0.434166828046113
-0.18394,0.434658351250105
-0.16553,0.434225747647952
-0.1472,0.432881245953025
-0.12899,0.430636193155526
-0.11093,0.427508543202608
-0.093063,0.423511687756172
-0.075413,0.418669216663439
-0.058019,0.413001382008916
-0.04091,0.406532743010139
-0.02412,0.399287095992454
-0.0076743,0.391293517928292
0.0083962,0.382580501769339
0.024066,0.373179357844868
0.039313,0.363125380041478
0.054111,0.352453114123273
0.068441,0.341200897355631
0.082285,0.329409810684103
0.095623,0.317120522404311
0.10845,0.304383305608243
0.12074,0.291239215049993
0.13249,0.277737670935052
0.1437,0.263935599481668
0.15435,0.249879516531181
0.16445,0.235628308815026
0.17399,0.221234269863308
0.18298,0.206757549429112
0.19141,0.19224798524872
0.19929,0.177760285740722
0.20663,0.163351326427754
0.21344,0.149077900912013
0.21972,0.134987493466128
0.22548,0.121125850516542
0.23075,0.107550509272926
0.23552,0.0942970127650509
0.23982,0.0814114019410258
0.24365,0.0689243459853339
0.24704,0.0568750641432395
0.25,0.0452934023348545
0.25256,0.0342152191605678
0.25472,0.0236576500240591
0.2565,0.0136366332441533
0.25793,0.00417367486049292
0.25903,-0.00471361410739239
0.25981,-0.0130190303360116
0.2603,-0.0207313423322666
0.26051,-0.0278507429202565
0.26047,-0.0343722110052379
0.26019,-0.0403018028428044
0.25969,-0.0456472880752954
0.259,-0.0504105374790173
0.25812,-0.0546110979433433
0.25709,-0.0582529418499281
0.25591,-0.0613572144991436
0.2546,-0.0639437824362321
0.25317,-0.0660385654529746
0.25166,-0.0676496718639228
0.25005,-0.0688151591613088
0.24838,-0.0695519801976903
0.24665,-0.0698893187294549
0.24486,-0.0698655273781481
0.24305,-0.0694958191339305
0.24121,-0.0688133554399234
0.23934,-0.0678575007445411
0.23747,-0.0666493909769276
0.2356,-0.0652170565130082
0.23372,-0.0636006789201396
0.23185,-0.0618269212118519
0.22998,-0.0599329436926932
0.22813,-0.0579410888308521
0.22628,-0.055890617884876
0.22443,-0.0538184648109416
0.22259,-0.0517511703450081
0.22075,-0.0497208138053346
0.2189,-0.0477629060150989
0.21704,-0.0459072001006149
0.21516,-0.0441852127890577
0.21325,-0.0426288330278589
0.2113,-0.0412691839513282
0.2093,-0.0401357165989066
0.20724,-0.039255513451156
0.20512,-0.0386453817254654
0.20291,-0.0383353241949877
0.20061,-0.0383427403570255
0.1982,-0.0386889402186549
0.19568,-0.0393827625990539
0.19303,-0.0404372791350965
0.19025,-0.0418535653395356
0.18732,-0.043637522668496
0.18424,-0.0457837359332665
0.18099,-0.048292353138855
0.17758,-0.0511455771935636
0.17399,-0.0543335730883358
0.17021,-0.0578455780695619
0.16625,-0.0616553894114087
0.16211,-0.0657322663168296
0.15778,-0.0700498529372706
0.15325,-0.0745858962092679
0.14855,-0.0792923567303989
0.14366,-0.084138568019139
0.13861,-0.0890716377024429
0.13338,-0.0940591027769159
0.12799,-0.0990562485652271
0.12246,-0.104009702013426
0.11679,-0.108875362960166
0.11101,-0.113595667995383
0.10511,-0.118133419770859
0.099129,-0.122432732222742
0.093072,-0.12644945122439
0.086959,-0.130139150096371
0.080807,-0.133460804464052
0.074639,-0.136373028770988
0.06847,-0.138841424767376
0.062323,-0.140832506070637
0.056215,-0.142319146078854
0.050168,-0.143276677525267
0.044203,-0.143684128593548
0.038334,-0.143529563447857
0.032587,-0.142800100760159
0.026976,-0.141491638415749
0.021522,-0.139602402832487
0.01624,-0.137137294832323
0.011149,-0.134103808641577
0.0062663,-0.130512873665307
0.0016027,-0.126382973813849
-0.0028225,-0.121732157302103
-0.0070023,-0.11658696777476
-0.010916,-0.110970166126771
-0.014563,-0.104915903926732
-0.017926,-0.0984544126568321
-0.020994,-0.0916167461020145
-0.023766,-0.0844412848881793
-0.026229,-0.0769624915766629
-0.028382,-0.0692196703308851
-0.030214,-0.0612475995479752
-0.031728,-0.0530868219148967
-0.032914,-0.0447717922051002
-0.033776,-0.0363414263780503
-0.034312,-0.0278326722481374
-0.034523,-0.0192820146465406
-0.034413,-0.0107266790179694
-0.033983,-0.00220112615031773
-0.03324,0.00625906274600754
-0.032188,0.0146207561019422
-0.030836,0.0228501827259138
-0.029193,0.0309141686871168
-0.027267,0.0387818687419249
-0.025069,0.0464231538977014
-0.02261,0.0538095209743316
-0.019904,0.0609125711808441
-0.016963,0.0677064843709091
-0.013802,0.0741662528443128
-0.010434,0.0802699384861633
-0.0068787,0.085993979219883
-0.0031491,0.0913193584018908
0.00073554,0.0962268735047567
0.0047587,0.100699982894012
0.0089042,0.104725253196384
0.013149,0.108287310488593
0.017479,0.111376500563062
0.021871,0.113981566149303
0.026307,0.116094355844349
0.030767,0.117708204826289
0.035229,0.118816583067832
0.039674,0.119415690096591
0.044077,0.119499808687112
0.04842,0.119067213650148
0.052677,0.11811372600021
0.056828,0.11663792519374
0.060847,0.114636391889809
0.064714,0.112108790840153
0.068401,0.109051522937365
0.071888,0.105464517443736
0.075148,0.101345511705634
0.078158,0.0966936250795265
0.080891,0.0915062775244632
0.083326,0.085784138948152
0.085436,0.079526152556719
0.087196,0.0727314786430536
0.088584,0.0654017879657062
0.089572,0.0575363834955134
0.090137,0.0491364589605506
0.090256,0.0402047782006887
0.089902,0.0307424131489114
0.089055,0.0207542880323454
0.087689,0.0102439280187142
0.085783,-0.000782606684178702
0.083315,-0.0123180595834575
0.080264,-0.0243536138944902
0.076612,-0.0368771666069026
0.072337,-0.0498772065343115
0.067425,-0.0633370575658376
0.061856,-0.0772407356741925
0.055618,-0.0915673063477519
0.048698,-0.106293131646103
0.041081,-0.121394501611859
0.032761,-0.136841635310566
0.023724,-0.15260659012872
0.013971,-0.168652592400197
0.0034908,-0.184945799534706
-0.0077109,-0.201443197737053
-0.019639,-0.218103442782979
-0.032285,-0.234877821786932
-0.045645,-0.251716493255124
-0.059711,-0.268567132152475
-0.074463,-0.285368082347117
-0.089896,-0.302063070772871
-0.10598,-0.318583369302882
-0.12269,-0.334855952298872
-0.14001,-0.350813165799469
-0.1579,-0.366376009110339
-0.17633,-0.381466129692431
-0.19525,-0.39599331154995
-0.21463,-0.409875314047377
-0.23443,-0.423031505152105
-0.25458,-0.435362932844959
-0.27506,-0.446795933203351
-0.29578,-0.457227904455411
-0.31671,-0.466580530762954
-0.33778,-0.474768118857126
-0.35894,-0.481716684130233
-0.38011,-0.487342070446942
-0.40123,-0.491569576732767
-0.42223,-0.494327358693879
-0.44306,-0.495563249617154
-0.46363,-0.495213448128018
-0.48388,-0.493229357103343
-0.50374,-0.489569235928217
-0.52313,-0.484191297227627
-0.54199,-0.477070322322097
-0.56024,-0.468181029911453
-0.57782,-0.457514243617898
-0.59464,-0.445052501430558
-0.61065,-0.430802357187875
-0.62577,-0.414767993431402
-0.63993,-0.396959568941031
-0.65307,-0.377399749754657
-0.66512,-0.356113821445695
-0.67602,-0.333136402468761
-0.68571,-0.308509171495052
-0.69413,-0.282278806704279
-0.70121,-0.254487745161331
-0.70693,-0.225211169776645
-0.7112,-0.19449717300123
-0.714,-0.162422717840903
-0.71528,-0.129063975187164
-0.71499,-0.0944945774329134
-0.7131,-0.0587990026337539
-0.70957,-0.0220608369037034
-0.70439,0.0156171292653151
-0.69751,0.0541490276731974
-0.68892,0.0934354850421191
-0.67861,0.133369090934067
-0.66655,0.173853852186702
-0.65276,0.214768861328458
-0.6372,0.25602106837249
-0.61991,0.297483600185567
-0.60087,0.33905051707397
-0.5801,0.380606487726858
-0.55763,0.422024831904997
-0.53347,0.463188460083292
-0.50765,0.503976966894244
-0.48021,0.544263757728993
-0.45118,0.583928722308127
-0.42062,0.62283873636248
-0.38856,0.660876697897153
-0.35506,0.69792017940828
-0.32018,0.733846586357943
-0.28399,0.768529946852936
-0.24655,0.801853231804608
-0.20793,0.83370329302136
-0.16821,0.863966711672736
-0.12746,0.892541271213614
-0.085779,0.919316086126709
-0.043237,0.944198719267529
6.6747e-05,0.967093486989443
0.044045,0.987914586491927
0.0886,1.00657975566884
0.13364,1.02301729715978
0.17905,1.03714981301002
0.22475,1.04892431513561
0.27062,1.05828038025726
0.31656,1.06516903418111
0.36246,1.06954545885453
0.40822,1.07137777723116
0.45373,1.07063897985387
0.49888,1.06730765556964
0.54356,1.0613683952932
0.58766,1.05281192110534
0.63107,1.04163498915799
0.67369,1.02784750898114
0.71541,1.01146310633194
0.75612,0.99249876720076
0.79571,0.970974406438876
0.8341,0.946934581842987
0.87117,0.920413538544409
0.90682,0.89145161821432
0.94097,0.860108262347289
0.97352,0.826442365661683
1,0.787278222598273
1,0.72511959329085
1,0.646053090695367
1,0.55543846087001
1,0.457932999486379
1,0.357522239670772
1,0.257556041435878
1,0.16078914348461
1,0.0694252077277841
1,-0.0148366107376003
1,-0.0907535059926803
1,-0.157490162685431
1,-0.214570015254216
1,-0.261827363629775
1,-0.299360995576502
1,-0.32748987254147
1,-0.346711340818316
1,-0.357662235592297
1,-0.361083154170999
1,-0.357786088173696
1,-0.348625524023702
1,-0.334473047786484
1,-0.316195424930281
1,-0.294636068381825
1,-0.270599759485887
1,-0.244840446117543
1,-0.218051910023033
1,-0.190861071111316
0.98343,-0.176082309251561
0.95058,-0.183559339742717
0.91592,-0.210001201929501
0.87955,-0.252227642222969
0.84155,-0.307221173216864
0.802,-0.372154565879673
0.76101,-0.444390030892902
0.71866,-0.521521746376645
0.67506,-0.601363064679731
0.63029,-0.681977823257166
0.58446,-0.76165725001129
0.53767,-0.838927204857067
0.49003,-0.912534947190591
0.44164,-0.981449005602586
0.39261,-1.04483972330029
0.34303,-1.10208143682745
0.29302,-1.15271261093687
0.24268,-1.19643684621577
0.19211,-1.23310482987784
0.14141,-1.26269602292888
0.090699,-1.28528639915708
0.040065,-1.30105668180456
-0.010391,-1.3102633934036
-0.060566,-1.31322128621468
-0.11036,-1.3102908924096
-0.15969,-1.3018771445386
-0.20846,-1.28840439368029
-0.25656,-1.27029448082133
-0.30392,-1.24798851127465
-0.35046,-1.22192640129776
-0.39607,-1.1925151280506
-0.44069,-1.16016266797189
-0.48424,-1.12525310805354
-0.52663,-1.08813419886007
-0.5678,-1.04913747130853
-0.60767,-1.00855756637247
-0.64618,-0.96666583627157
-0.68327,-0.923706878969508
-0.71887,-0.879888846203202
-0.75293,-0.835398599624449
-0.78538,-0.790384766788963
-0.81619,-0.744989362338509
-0.8453,-0.699321618886905
-0.87267,-0.653474695618671
-0.89826,-0.607524756435861
-0.92203,-0.561530681869812
-0.94394,-0.515534311031822
-0.96397,-0.469575912800734
-0.98209,-0.423684568058617
-0.99827,-0.377878168332649
-1,-0.32293095292082
-1,-0.261060087774644
-1,-0.195520951677671
-1,-0.129051382758928
-1,-0.0639078090423897
-1,-0.00190328522140402
-1,0.055553206103356
-1,0.107416818977592
-1,0.152966875354297
-1,0.191767420748399
-1,0.223628808409076
-1,0.24857075540496
-1,0.266787248906454
-1,0.278613613866174
-1,0.284495986293777
-0.99148,0.29126654107125
-0.97529,0.303806811134326
-0.95747,0.32146710806603
-0.93807,0.343583305829228
-0.91716,0.369474643273893
-0.89478,0.398480425081083
-0.87102,0.429930923089073
-0.84593,0.46319166708654
-0.8196,0.497639939707898
-0.79211,0.532683322744895
-0.76352,0.567781999732541
-0.73393,0.602421679092279
-0.70341,0.636143486709042
-0.67206,0.668522776112708
-0.63995,0.699196005436741
-0.60718,0.72783683634781
-0.57383,0.754173217470954
-0.53999,0.777977822655191
-0.50575,0.799066790971838
-0.4712,0.817297733429075
-0.43642,0.832574549443317
-0.4015,0.844835375901134
-0.36652,0.854056794088028
-0.33156,0.860248805135261
-0.29671,0.863442462998866
-0.26204,0.863701462548585
-0.22762,0.861115738603474
-0.19353,0.85578811149165
-0.15984,0.847837837259872
-0.12661,0.837402890141434
-0.093907,0.82462859001877
-0.061791,0.809668437967533
-0.030322,0.792679233295931
0.00045017,0.77382441135466
0.030475,0.753268379684247
0.059702,0.731172292538942
0.088095,0.707701157739848
0.11561,0.683012945601908
0.14221,0.657260831578187
0.16787,0.630598704756296
0.19255,0.603165512187412
0.21623,0.575098812597638
0.23889,0.546530856146099
0.26051,0.517585490083921
0.28107,0.488375813920511
0.30056,0.459009904774394
0.31897,0.429588120458601
0.3363,0.400208488470736
0.35253,0.370948892998462
0.36767,0.341890195562173
0.38171,0.313097799726104
0.39467,0.284644173907477
0.40654,0.256582448698014
0.41733,0.228962623425303
0.42706,0.201837322882837
0.43574,0.175251602902041
0.44337,0.14923494831097
0.44999,0.123832225183691
0.45561,0.0990764907880538
0.46025,0.0749970001457315
0.46392,0.0516109832893427
0.46667,0.0289543394645032
0.46851,0.00704676338418109
0.46947,-0.0140915351787115
0.46958,-0.0344411392943422
0.46887,-0.0539844253953311
0.46737,-0.0727062938329239
0.46512,-0.0905872669666429
0.46215,-0.107612801677305
0.45849,-0.123773246479233
0.45418,-0.13905626313685
0.44925,-0.153455554636912
0.44376,-0.166948129972213
0.43772,-0.179535554028859
0.43119,-0.191202580396325
0.4242,-0.20194339573671
0.4168,-0.211745520298013
0.40902,-0.220606573266158
0.40091,-0.228517922269036
0.3925,-0.235481236176313
0.38385,-0.241484559701859
0.37498,-0.246535137525954
0.36594,-0.250633587075025
0.35677,-0.25378282535205
0.3475,-0.255995182991259
0.33818,-0.257275691848868
0.32883,-0.25764576615091
0.3195,-0.257117470282067
0.31021,-0.255717378841368
0.30099,-0.253475826950907
0.29188,-0.2504181296683
0.2829,-0.246579792095409
0.27408,-0.241996290439351
0.26543,-0.23671700306796
0.25699,-0.230779070823407
0.24876,-0.224238386195778
0.24076,-0.217149679027609
0.23302,-0.20955786222426
0.22553,-0.201528250366021
0.21832,-0.1931111897668
0.21138,-0.184373077009195
0.20473,-0.175369136397764
0.19837,-0.16615871781138
0.1923,-0.156802693110946
0.18652,-0.147361293956805
0.18103,-0.13789235792855
0.17582,-0.128457346502807
0.1709,-0.119103888116508
0.16625,-0.109889021397066
0.16187,-0.100860686437359
0.15775,-0.0920652171101361
0.15388,-0.0835460081467673
0.15023,-0.0753573038701028
0.14681,-0.0675306498340777
0.1436,-0.0601001993643735
0.14058,-0.0531008455017808
0.13774,-0.0465593078341746
0.13505,-0.0405093522296647
0.1325,-0.0349742977364715
0.13006,-0.0299827796795172
0.12772,-0.0255517376921705
0.12545,-0.021702599713001
0.12323,-0.0184520312759498
0.12104,-0.0158120126693994
0.11885,-0.0137974292595845
0.11664,-0.0124173377729962
0.11438,-0.011682886022351
0.11205,-0.0115988641907345
0.10961,-0.0121792657715675
0.10704,-0.0134300256877785
0.10433,-0.015342723552411
0.10143,-0.0179268679439669
0.098335,-0.0211726082462412
0.095005,-0.0250803702572572
0.091426,-0.0296393734685719
0.087566,-0.0348431702777959
0.083412,-0.0406747080883382
0.07894,-0.0471167704195101
0.074128,-0.0541508000190477
0.06896,-0.061753050970913
0.063422,-0.0698946005144337
0.057497,-0.0785452115070332
0.051173,-0.087670587772825
0.04444,-0.0972325119087524
0.037291,-0.107188343289504
0.029718,-0.117493713337545
0.021722,-0.128097374838442
0.013299,-0.13894761179567
0.0044528,-0.149987981183883
-0.0048138,-0.161160544148994
-0.01449,-0.172401883571327
-0.024568,-0.183648203541607
-0.035035,-0.1948335654051
-0.045872,-0.205887667599022
-0.057062,-0.21674026524007
-0.068586,-0.22732180575775
-0.080418,-0.237560259469687
-0.092532,-0.247383837028947
-0.1049,-0.256721723649708
-0.11749,-0.265503196056418
-0.13026,-0.273652496124778
-0.14319,-0.281108521918037
-0.15624,-0.287809285725138
-0.16936,-0.293686828992536
-0.18251,-0.298678078780268
-0.19566,-0.302733488289865
-0.20876,-0.305801484466674
-0.22176,-0.307830785755728
-0.23463,-0.308787056553656
-0.24731,-0.308628918086596
-0.25975,-0.307318375596064
-0.27192,-0.304836522309394
-0.28376,-0.3011587227814
-0.29522,-0.296264330267292
-0.30627,-0.290151792426107
-0.31685,-0.282813340969648
-0.32692,-0.274251710405387
-0.33643,-0.264471122628502
-0.34535,-0.253492146760287
-0.35362,-0.241326243441095
-0.3612,-0.227992426237718
-0.36807,-0.213530458875868
-0.37417,-0.197966551561494
-0.37948,-0.181345190227368
-0.38396,-0.163709897112708
-0.38759,-0.145117297698663
-0.39032,-0.125611091363033
-0.39215,-0.105260527843481
-0.39304,-0.0841241495780055
-0.39297,-0.0622651773916429
-0.39194,-0.0397637384921775
-0.38992,-0.0166892653542438
-0.38691,0.00687714632581695
-0.38291,0.0308472562934389
-0.37791,0.0551369438935091
-0.37192,0.0796530428175331
-0.36495,0.104297803341723
-0.357,0.128980048758487
-0.3481,0.153594463229658
-0.33827,0.178034890771035
-0.32752,0.202205119523078
-0.31589,0.225997785232989
-0.30341,0.249307282387972
-0.29011,0.272032766756116
-0.27605,0.294058305111572
-0.26125,0.315289074388289
-0.24577,0.335620863340656
-0.22965,0.354960149990167
-0.21295,0.37321044865341
-0.19571,0.390290996470081
-0.178,0.40611445017432
-0.15988,0.420598679412904
-0.14139,0.433683544518486
-0.12262,0.445292093148048
-0.10361,0.455373681381656
-0.084425,0.463882577113893
-0.065139,0.470772422819125
-0.045812,0.476008779054948
-0.026508,0.479565595865958
-0.0072945,0.481422503917381
0.011763,0.481566524808695
0.030604,0.479995446876376
0.04916,0.476710619962024
0.067373,0.47172470058146
0.085176,0.465053137285411
0.10251,0.456719763999213
0.11932,0.446758085012349
0.13555,0.435208316063758
0.15114,0.422112554301398
0.16604,0.407521133256747
0.1802,0.391490079304582
0.19358,0.3740862568277
0.20613,0.355376386109355
0.21781,0.335432926342575
0.2286,0.314346005212709
0.23844,0.292188142765734
0.24731,0.26904537417141
0.2552,0.245019734659469
0.26207,0.220201216436136
0.26792,0.194697187338802
0.27272,0.168603816117943
0.27648,0.142035047471098
0.27918,0.115093664136535
0.28082,0.0878851754521893
0.28141,0.0605214850405263
0.28095,0.0331088425308461
0.27946,0.00576041840385793
0.27696,-0.0214085772692822
0.27345,-0.0482997186263006
0.26897,-0.0748017750335068
0.26355,-0.100804210004195
0.2572,-0.126215469951501
0.24996,-0.150940296964757
0.24188,-0.174876358166285
0.23299,-0.197933912236484
0.22333,-0.220029169769041
0.21294,-0.241086208958683
0.20188,-0.261023534075004
0.19019,-0.279772972391341
0.17792,-0.297272375731306
0.16512,-0.313466983334949
0.15185,-0.328302925716576
0.13816,-0.341736745143445
0.1241,-0.35373539085336
0.10974,-0.364261137639415
0.095125,-0.373292807404977
0.080317,-0.380811356547879
0.065368,-0.386808149105033
0.050338,-0.391278008492103
0.035278,-0.394226066050315
0.020246,-0.395661141321796
0.0052938,-0.39560003263074
-0.0095274,-0.394066582155663
-0.024164,-0.391088475558993
-0.038571,-0.386702649467855
-0.052699,-0.380949745614333
-0.066503,-0.373876001777333
-0.079937,-0.365530581718328
-0.092965,-0.355971428845493
-0.10554,-0.345254170640493
-0.11763,-0.333442409173015
-0.12921,-0.320609838568227
-0.14023,-0.306817971161552
-0.15067,-0.292139117607025
-0.16049,-0.276637591023521
-0.16969,-0.26039909578033
-0.17822,-0.243487249681281
-0.18607,-0.225975625915458
-0.19323,-0.207943686598963
-0.19967,-0.189458526554333
-0.20539,-0.170597415075373
-0.21036,-0.151421283608568
-0.21458,-0.13199812057195
-0.21804,-0.1123920281832
-0.22073,-0.0926618768865317
-0.22265,-0.072867726479929
-0.2238,-0.0530685568561665
-0.22417,-0.0333130551542238
-0.22375,-0.0136398318272113
-0.22256,0.00589996891343445
-0.2206,0.0252617456085761
-0.21787,0.0444078512510943
-0.21437,0.0633077544076837
-0.21011,0.0819305902426312
-0.2051,0.100246553153488
-0.19935,0.118227979098685
-0.19287,0.135850151923062
-0.18567,0.153091866950481
-0.17778,0.169920987634767
-0.16919,0.186327448489784
-0.15994,0.202282709586365
-0.15004,0.217766709479399
-0.13951,0.232759765238944
-0.12838,0.247236025468192
-0.11666,0.261180526880106
-0.10439,0.27456566896045
-0.091597,0.287364368968871
-0.078301,0.29955619997895
-0.064536,0.311116632886249
-0.050335,0.32201955911778
-0.035731,0.332238614814646
-0.020761,0.341745290381985
-0.0054591,0.350512561396638
0.010135,0.358511487343667
0.025981,0.365712215642566
0.042038,0.372084811862247
0.058262,0.377598081295865
0.074612,0.382223163840557
0.091041,0.385929716016962
0.1075,0.388685830872944
0.12395,0.390466889767366
0.14035,0.391253639244073
0.15664,0.391017931435698
0.17277,0.389732900711069
0.18871,0.387388525478042
0.2044,0.383966761382081
0.21981,0.379466081387301
0.23487,0.373869043804842
0.24955,0.36717572078274
0.2638,0.359385799793746
0.27757,0.350498953104148
0.29083,0.340529911183038
0.30352,0.329483228131861
0.31561,0.317377562964932
0.32706,0.304235280180111
0.33782,0.290073954124517
0.34786,0.27492180452687
0.35714,0.258807649279576
0.36563,0.241767561226191
0.3733,0.223842623407509
0.3801,0.205062167686995
0.38603,0.185482308594811
0.39105,0.165149720048336
0.39513,0.144109635516643
0.39827,0.122427085533159
0.40044,0.100159101843086
0.40163,0.0773694692977763
0.40183,0.0541256090835114
0.40103,0.0304959404107055
0.39922,0.00654769071008839
0.39641,-0.017640081923257
0.39261,-0.0419811187415635
0.3878,-0.0664081004463549
0.382,-0.090841500947774
0.37523,-0.115194418785117
0.36749,-0.139391477456247
0.35881,-0.163346816862351
0.34921,-0.186976241706944
0.3387,-0.210206998281964
0.32733,-0.232948411067422
0.31512,-0.255120473093599
0.3021,-0.276647052117459
0.28831,-0.297450346486394
0.27379,-0.317453874084298
0.25859,-0.336577464969168
0.24274,-0.354755525526602
0.22628,-0.371929216016308
0.20928,-0.388025193085135
0.19177,-0.40299062257943
0.17382,-0.416761703648839
0.15546,-0.429297759770179
0.13676,-0.440548948705336
0.11776,-0.450482245801544
0.098526,-0.45906052104794
0.079108,-0.466256834607984
0.059557,-0.472053105257829
0.039932,-0.476433616808162
0.020286,-0.479390054105511
0.00067016,-0.480922267483491
-0.018861,-0.481034805164152
-0.038255,-0.47973795850381
-0.057458,-0.4770459046063
-0.076429,-0.472985574857152
-0.095107,-0.46757914605428
-0.11345,-0.460858852134647
-0.13141,-0.452860126454933
-0.14895,-0.443628525545451
-0.16601,-0.433199854408035
-0.18256,-0.421623548764305
-0.19856,-0.408951538301035
-0.21397,-0.395236562061459
-0.22876,-0.380538137728519
-0.24288,-0.364904961149478
-0.25631,-0.348397932211755
-0.26903,-0.331086170036887
-0.28099,-0.313021364499603
-0.29219,-0.294276675926166
-0.30259,-0.274910928231294
-0.31217,-0.254984459707948
-0.32093,-0.234571818772377
-0.32885,-0.213742021268974
-0.33591,-0.192557539540902
-0.34212,-0.171095806568193
-0.34746,-0.14942175803693
-0.35193,-0.127602975480484
-0.35554,-0.10571439579463
-0.35829,-0.08382710624431
-0.36018,-0.0620067832776158
-0.36124,-0.040334736876344
-0.36147,-0.0188800749431016
-0.36089,0.00228545728406332
-0.35951,0.0230978015610263
-0.35736,0.0434865384899299
-0.35447,0.0633785335819295
-0.35086,0.0827083513638362
-0.34656,0.101411675626165
-0.34159,0.119434787567664
-0.336,0.136712356238115
-0.32981,0.153194217856037
-0.32305,0.168836989129215
-0.31577,0.183589743978234
-0.30801,0.197404841783928
-0.29978,0.210261358393918
-0.29115,0.222116718922632
-0.28214,0.232949617132288
-0.27278,0.242749665779825
-0.26313,0.25149397330436
-0.25321,0.259180332372828
-0.24306,0.265809035409759
-0.23272,0.271382926162352
-0.22223,0.275907339585478
-0.21161,0.279404749947261
-0.20091,0.281889123689058
-0.19015,0.28338980784151
-0.17937,0.28393336491134
-0.1686,0.283551154387888
-0.15786,0.282285276708762
-0.1472,0.280163461606375
-0.13663,0.277230926146503
-0.12619,0.273523784838944
-0.11589,0.269092195686805
-0.10577,0.263974234273898
-0.095852,0.258210609377592
-0.086152,0.25184753872356
-0.076696,0.24492706167183
-0.067499,0.237494839021046
-0.058585,0.229591521043334
-0.049967,0.221260682708003
-0.041661,0.212544762123151
-0.033685,0.203482532321861
-0.026043,0.194118968824237
-0.018754,0.184491574838253
-0.011823,0.174640982516691
-0.0052564,0.164608008529436
0.00093689,0.154430442476096
0.0067566,0.144148768613368
0.012196,0.133799527233413
0.017257,0.12342122310239
0.021939,0.113050779831852
0.026242,0.102723014987373
0.030168,0.0924712974415862
0.033725,0.082331066859678
0.036912,0.0723315183778949
0.03974,0.0625045889200189
0.042214,0.0528788129879212
0.044339,0.0434788950751992
0.046127,0.0343306389351408
0.047588,0.025458238158255
0.048729,0.0168813978409613
0.049566,0.0086220083803047
0.05011,0.000699119158317108
0.05037,-0.00687281436037607
0.050365,-0.0140763447686033
0.050107,-0.0208975603536015
0.049615,-0.0273208902115269
0.0489,-0.0333360465657089
0.04798,-0.0389323815686978
0.046877,-0.0440965576571887
0.045602,-0.0488218214736059
0.044179,-0.0530975490205233
0.042625,-0.056915701916719
0.040962,-0.0602670768462936
0.039204,-0.063147919648916
0.037379,-0.0655488348804579
0.035504,-0.0674644724303641
0.033599,-0.0688908655383729
0.031693,-0.0698188041761223
0.0298,-0.0702463694169356
0.027954,-0.0701629523758244
0.026169,-0.0695661750357845
0.024479,-0.068445722384797
0.022903,-0.0667963971207153
0.021465,-0.0646137104643645
0.020197,-0.0618880881383885
0.019119,-0.058615116397547
0.018261,-0.0547873909040528
0.017647,-0.0503998554207499
0.017304,-0.0454473828377693
0.017257,-0.0399265228188507
0.01753,-0.0338361241675386
0.018152,-0.0271733357380944
0.019141,-0.0199422563350319
0.020526,-0.012144451315668
0.022326,-0.00378690127261014
0.024562,0.00512061381915063
0.027255,0.0145662218989397
0.030421,0.0245328943921016
0.034078,0.0350012970291404
0.038238,0.0459462418942731
0.042916,0.0573406497876876
0.048119,0.0691506727577457
0.053856,0.08133935178337
0.060136,0.0938681862896932
0.066958,0.106691066599589
0.074325,0.119759957511379
0.082234,0.13302215733048
0.090681,0.146421935387318
0.099659,0.159900479255617
0.10916,0.173397441596852
0.11916,0.186841161393863
0.12966,0.200171428956007
0.14064,0.213323553257121
0.15207,0.226223806464123
0.16394,0.238808198673767
0.17621,0.251000408548924
0.18887,0.262738722600607
0.20188,0.273953022867113
0.2152,0.284568671309523
0.22881,0.294524568310848
0.24267,0.303757803472151
0.25673,0.312198749897294
0.27096,0.319789483702944
0.2853,0.326461363063056
0.29972,0.332161626787056
0.31415,0.336822660042472
0.32856,0.340396787828096
0.34288,0.342824641703657
0.35707,0.344061749180805
0.37106,0.344055203389294
0.38481,0.342769458931844
0.39824,0.340154899112634
0.41131,0.336182031505792
0.42395,0.330816750768928
0.43611,0.324037499231483
0.44773,0.315826574033612
0.45874,0.306163008306713
0.46909,0.295039084168499
0.47872,0.28245109407024
0.48757,0.268399169299794
0.49559,0.252894412873516
0.50272,0.235949547059135
0.50891,0.217586095854147
0.51411,0.197832516814808
0.51825,0.17670768634053
0.5213,0.154252170451597
0.52321,0.130508457382429
0.52394,0.105527132224809
0.52344,0.0793568049769546
0.52167,0.0520507871409034
0.5186,0.0236723043049645
0.51421,-0.00570159670906272
0.50845,-0.0360068841243454
0.50131,-0.0671621169366822
0.49276,-0.0990888020460076
0.4828,-0.131690787309939
0.47141,-0.164875137856366
0.45858,-0.198546742272358
0.44431,-0.232604080492165
0.42862,-0.266928628945516
0.41151,-0.30140638986212
0.39299,-0.335922995153049
0.37308,-0.370359833445283
0.35181,-0.404591090392038
0.32922,-0.438481595676985
0.30533,-0.471907568471499
0.28019,-0.504736121789328
0.25384,-0.536838618154661
0.22634,-0.568079181229375
0.19774,-0.598327858853038
0.16811,-0.627448934736933
0.1375,-0.655321287348272
0.10599,-0.681817484270474
0.073659,-0.706810059179797
0.040572,-0.730186214495621
0.0068138,-0.751834329145032
-0.027531,-0.771647873013969
-0.062376,-0.789526966459419
-0.097631,-0.805378000319233
-0.13321,-0.819119094780833
-0.16901,-0.830668520325363
-0.20494,-0.839956805714947
-0.2409,-0.846920639318208
-0.2768,-0.851511838218697
-0.31253,-0.85368198030395
-0.34801,-0.853406981802166
-0.38312,-0.850654475430046
-0.41776,-0.845402069285109
-0.45185,-0.837651762059904
-0.48528,-0.827403918893789
-0.51795,-0.814665873899991
-0.54978,-0.799466021868811
-0.58066,-0.781827600028182
-0.61051,-0.761792005697431
-0.63924,-0.739407471587813
-0.66676,-0.714727096144371
-0.693,-0.687821852584925
-0.71788,-0.658768357209321
-0.74132,-0.627646188530009
-0.76326,-0.594550361737067
-0.78363,-0.559578719928751
-0.80237,-0.522836412860751
-0.81942,-0.484431837933742
-0.83473,-0.444480599802422
-0.84827,-0.403115835312509
-0.85998,-0.360459026319281
-0.86983,-0.316641067333289
-0.87778,-0.27178933130705
-0.88383,-0.226054246267497
-0.88793,-0.179563484171461
-0.89009,-0.132466908112786
-0.89029,-0.0849055871479612
-0.88853,-0.0370239688005023
-0.88481,0.0110352607435032
-0.87913,0.0591353359830918
-0.87152,0.107126481050992
-0.86198,0.15487541427386
-0.85054,0.202244376838431
-0.83723,0.249096583444671
-0.82209,0.295293227761434
-0.80515,0.340705949977074
-0.78645,0.385211861919275
-0.76605,0.428682032001613
-0.74399,0.471001965076049
-0.72034,0.512050774847355
-0.69516,0.551714162581394
-0.66851,0.589887321461321
-0.64046,0.626469651288545
-0.61109,0.66136039469633
-0.58048,0.694462515311753
-0.5487,0.725693120275107
-0.51584,0.754969306131682
-0.48199,0.782211533165289
-0.44722,0.80736103538769
-0.41165,0.830341528790959
-0.37535,0.851102737700714
-0.33841,0.869603009434843
-0.30095,0.885787663176047
-0.26304,0.899631004042371
-0.2248,0.911095442073754
-0.18631,0.920165382730913
-0.14767,0.926829555847922
-0.10899,0.931074018570063
-0.070349,0.932906857096543
-0.031859,0.932330145845298
0.0063898,0.929357983116257
0.044302,0.924010690497449
0.081785,0.916315843715962
0.11875,0.906309600182921
0.1551,0.894028614023246
0.19075,0.879518385302607
0.22562,0.862834523950343
0.25963,0.844039753769319
0.29269,0.82319385494351
0.32475,0.800382550048167
0.35571,0.775673488657908
0.38552,0.749155132152258
0.41412,0.720923112157009
0.44144,0.691068993350014
0.46745,0.659708233040465
0.49208,0.626942865052583
0.51529,0.592883472739121
0.53706,0.557659210488876
0.55733,0.521380965675822
0.57611,0.484193429616966
0.59335,0.44621997801712
0.60904,0.407592691612021
0.62318,0.368454065481285
0.63577,0.328950671057316
0.64679,0.289213087608624
0.65627,0.249391845081022
0.6642,0.209619255204853
0.67062,0.17004563321936
0.67552,0.130794009057255
0.67896,0.0920130365152001
0.68094,0.0538227802678568
0.6815,0.0163456814365837
0.68069,-0.0202907761293212
0.67853,-0.0559816517493333
0.67508,-0.0906144540980284
0.67037,-0.124096875583112
0.66446,-0.156334257441849
0.6574,-0.187241079133875
0.64924,-0.216742582314055
0.64004,-0.244768403321754
0.62986,-0.271254711267592
0.61874,-0.296160539803902
0.60677,-0.319428567909
0.59399,-0.341027861222296
0.58047,-0.360928436894012
0.56627,-0.379110295606767
0.55147,-0.39554820790991
0.53612,-0.410236522159181
0.52028,-0.423179028821619
0.50403,-0.434373109326461
0.48743,-0.443826651003136
0.47054,-0.451556562196616
0.45342,-0.457587296634175
0.43614,-0.461942018831109
0.41875,-0.46465764672067
0.4013,-0.465781774964009
0.38387,-0.465347674908697
0.36649,-0.4634136173811
0.34922,-0.460034694175907
0.3321,-0.455277117755751
0.31519,-0.449199808526225
0.29851,-0.441884059044246
0.28211,-0.43340503493139
0.26603,-0.423838488041308
0.25029,-0.413273480509471
0.23494,-0.401785257984249
0.21998,-0.389472853420862
0.20546,-0.376414762307676
0.19138,-0.362707655068543
0.17777,-0.348437882446046
0.16463,-0.333703107410696
0.15199,-0.318585018021058
0.13984,-0.303179472946458
0.1282,-0.287568614659678
0.11707,-0.271835689405263
0.10644,-0.256069528131131
0.096323,-0.240343578937672
0.086704,-0.224737092962005
0.077584,-0.2093194792807
0.068952,-0.194158639841285
0.060802,-0.179315133129362
0.053122,-0.164845783451267
0.045903,-0.150800020651312
0.039131,-0.137223034257191
0.032793,-0.12415398831568
0.026875,-0.111626223390554
0.021362,-0.0996675788860111
0.016239,-0.0883000687499414
0.011488,-0.077542006996084
0.0070907,-0.067407841344528
0.0030276,-0.0579088098494594
-0.00071906,-0.0490514048860673
-0.0041706,-0.0408402051496894
-0.0073507,-0.033279350057735
-0.010281,-0.0263705171538265
-0.012985,-0.0201142705445652
-0.015488,-0.014511161720853
-0.017817,-0.00956257350202723
-0.019997,-0.00526867118655205
-0.022057,-0.00163124688260092
-0.024022,0.0013499224843094
-0.025924,0.00367179960275855
-0.027792,0.00533129304674637
-0.029649,0.00633004246218019
-0.031533,0.00666260568705494
-0.033463,0.00633225101134854
-0.035476,0.00533607992641968
-0.037593,0.00367833034967356
-0.039845,0.00136167068289395
-0.042258,-0.0016086933189211
-0.044856,-0.0052240066794603
-0.047665,-0.00947421120933086
-0.050704,-0.0143431454796754
-0.054,-0.0198159418853135
-0.05757,-0.0258716580342712
-0.061432,-0.0324856470199593
-0.065606,-0.0396323192176588
-0.070107,-0.0472822359987047
-0.074949,-0.0554028460841184
-0.080143,-0.063957700440639
-0.085703,-0.0729103803818277
-0.091635,-0.0822195512532356
-0.097945,-0.091841043283209
-0.10464,-0.101730365052098
-0.11172,-0.11183884692086
-0.11919,-0.122119542122042
-0.12704,-0.132517171109459
-0.13528,-0.142986144546647
-0.14388,-0.153460486694635
-0.15286,-0.16389671068392
-0.16218,-0.174226461898585
-0.17185,-0.184400376020434
-0.18184,-0.194356392786793
-0.19214,-0.204038950748791
-0.20272,-0.213384722227489
-0.21356,-0.222333526480042
-0.22463,-0.230822270546373
-0.23592,-0.238802354488782
-0.24739,-0.246216368670815
-0.25902,-0.253016537672166
-0.27076,-0.259142363883306
-0.2826,-0.264554721799964
-0.29449,-0.269203628684721
-0.3064,-0.273046935761614
-0.31829,-0.276043001548774
-0.33014,-0.278166971105659
-0.3419,-0.279386486903917
-0.35354,-0.279679282160939
-0.36502,-0.279024900503929
-0.3763,-0.277405363485498
-0.38736,-0.274820425285909
-0.39814,-0.271255020509632
-0.40862,-0.266712557476999
-0.41877,-0.261204273655082
-0.42854,-0.254733042013464
-0.4379,-0.247310085155533
-0.44682,-0.238953408376447
-0.45526,-0.229678941500213
-0.46319,-0.219508213385136
-0.47059,-0.208474363270578
-0.4774,-0.19658967454508
-0.48362,-0.183893869682986
-0.48921,-0.170418336407786
-0.49413,-0.15618706713869
-0.49836,-0.141232355254052
-0.50188,-0.125592413153569
-0.50465,-0.109294483835717
-0.50665,-0.0923710634169868
-0.50787,-0.0748654182103214
-0.50827,-0.0568061502096738
-0.50783,-0.0382240260475986
-0.50654,-0.0191580615248059
-0.50438,0.000354591801935348
-0.50132,0.0202867701596805
-0.49736,0.0405980268170095
-0.49247,0.0612606115868773
-0.48665,0.0822357184482334
-0.47988,0.103491623614692
-0.47216,0.124988546515658
-0.46348,0.14668885731746
-0.45384,0.168550465622695
-0.44323,0.190536413921187
-0.43166,0.212600301698195
-0.41912,0.234704378696616
-0.40563,0.256796934749745
-0.39119,0.278831428855373
-0.3758,0.300766994306229
-0.35949,0.322546529616012
-0.34227,0.344116446594172
-0.32416,0.36542031751743
-0.30517,0.386408642467112
-0.28533,0.407024373136667
-0.26467,0.427206245570055
-0.2432,0.446906379888293
-0.22098,0.466052364158492
-0.19803,0.484583902587002
-0.17438,0.502445073975633
-0.15007,0.519578007725902
-0.12516,0.535910450610644
-0.09968,0.551383103476028
-0.073682,0.565932876487058
-0.047217,0.579496522193982
-0.020335,0.592013578005888
0.006906,0.603422022467831
0.034452,0.613663701387716
0.062239,0.622678256309878
0.090213,0.630413089816393
0.11831,0.636816413868189
0.14646,0.641834590600082
0.1746,0.645419651485026
0.20267,0.647532256621168
0.2306,0.648134247020079
0.25832,0.64719000390975
0.28576,0.644667469092076
0.31286,0.640546264384458
0.33955,0.634809135358757
0.36575,0.627434959338271
0.39139,0.618407976930638
0.41642,0.607732472864609
0.44076,0.595407098867182
0.46435,0.581441280500505
0.48712,0.565845941189939
0.509,0.548633352910054
0.52994,0.529831739697914
0.54987,0.50946702210137
0.56874,0.487577713848986
0.58649,0.464204375156581
0.60307,0.439395813332503
0.61842,0.413199029652981
0.6325,0.385673306418298
0.64527,0.356886409018832
0.65667,0.326896469292238
0.66669,0.295789354425305
0.67527,0.26363406167084
0.6824,0.230521116282377
0.68805,0.196541137321194
0.6922,0.161789703253672
0.69483,0.126363691220929
0.69594,0.0903730326195464
0.69551,0.0539202142341884
0.69355,0.0171208748595396
0.69006,-0.0199095726142985
0.68505,-0.0570519752194622
0.67853,-0.0941877923981064
0.67052,-0.131195245285546
0.66106,-0.167938948276805
0.65015,-0.204306327991675
0.63785,-0.240162480114746
0.62417,-0.275395769058069
0.60918,-0.309872661312989
0.5929,-0.343483288444829
0.5754,-0.376103632261576
0.55672,-0.407624619848332
0.53691,-0.437945632535929
0.51605,-0.466954294523236
0.49419,-0.494554876026384
0.47139,-0.520661189112785
0.44773,-0.545183238978876
0.42327,-0.568046150126211
0.39809,-0.589175445730836
0.37227,-0.608499961728805
0.34589,-0.625954096258999
0.31902,-0.641486865847294
0.29175,-0.655046628247572
0.26417,-0.666583557112621
0.23635,-0.676066355323926
0.20839,-0.683458245189364
0.18038,-0.688727312076686
0.15239,-0.691862076881854
0.12453,-0.692839115035683
0.096874,-0.691653438504564
0.069511,-0.688304746126056
0.042532,-0.682795800753535
0.016016,-0.67514135045187
-0.0099481,-0.665358767391856
-0.035281,-0.653474811014921
-0.0599,-0.639521170813293
-0.08373,-0.623538832035317
-0.1067,-0.605578713794017
-0.12873,-0.585692183793417
-0.14976,-0.563944791332349
-0.16972,-0.54040472232514
-0.18856,-0.515155557150406
-0.20623,-0.488291303893217
-0.22266,-0.45989726901178
-0.23783,-0.430086563678967
-0.25169,-0.398969574739589
-0.26421,-0.366666344232656
-0.27536,-0.333301426315712
-0.28513,-0.299014347016784
-0.2935,-0.263945387866113
-0.30046,-0.228238823848775
-0.30602,-0.192052746755583
-0.31017,-0.15553696669332
-0.31292,-0.118844918560568
-0.31429,-0.0821356886943933
-0.31431,-0.0455754368114451
-0.31298,-0.00930870441174454
-0.31036,0.026497660527911
-0.30648,0.0616863020058009
-0.30137,0.0961126058769773
-0.29509,0.129624867966585
-0.28767,0.162092920358905
-0.2792,0.19336412206429
-0.26971,0.223317256126489
-0.25927,0.25183123032398
-0.24796,0.2787820689738
-0.23583,0.304070157159186
-0.22296,0.3275972107869
-0.20944,0.34926247881986
-0.19532,0.368996718624399
-0.1807,0.386722199805332
-0.16564,0.402387242186326
-0.15024,0.41593418485116
-0.13455,0.427340266620197
-0.11867,0.436575680116544
-0.10266,0.443636473471677
-0.086609,0.448519313854354
-0.070587,0.451236580170242
-0.054663,0.451814745826356
-0.038916,0.450284513755446
-0.023404,0.446695612630085
-0.0082029,0.441099385342099
0.0066242,0.433557340652774
0.021023,0.424144740584639
0.034923,0.412934565016846
0.048276,0.400013033363122
0.061023,0.385467203398742
0.073116,0.369390993464952
0.084505,0.351880156445097
0.095145,0.333033274576284
0.105,0.31295536430049
0.11402,0.291743524827842
0.12217,0.269496943230592
0.12943,0.246324831038943
0.13576,0.222326613467548
0.14114,0.197605733338894
0.14555,0.172265817068368
0.14896,0.146400128146353
0.15137,0.120112864025668
0.15275,0.0934916147260426
0.15311,0.0666373251627363
0.15242,0.0396288888374053
0.15071,0.0125691107669435
0.14795,-0.014467647971972
0.14416,-0.0413956017134342
0.13934,-0.0681375037081579
0.13351,-0.0946109407906999
0.12667,-0.120747021329764
0.11885,-0.146468119463747
0.11006,-0.171707152463975
0.10033,-0.196393264321792
0.089681,-0.220461838775105
0.078139,-0.2438520547988
0.065736,-0.266504080920048
0.052507,-0.288359002474633
0.038485,-0.309362430741268
0.023711,-0.329459892620566
0.0082246,-0.348600061311637
-0.0079329,-0.366734976655737
-0.024715,-0.383817537996594
-0.042079,-0.399806106614788
-0.059973,-0.414658446896026
-0.078352,-0.428338752836185
-0.097161,-0.440810630690479
-0.11635,-0.452042536854094
-0.13587,-0.462009060317974
-0.15566,-0.470682166552112
-0.17566,-0.478033799764339
-0.19583,-0.48405201236262
-0.2161,-0.488716553337742
-0.23641,-0.492008967926711
-0.25672,-0.493928060917998
-0.27695,-0.494457519594407
-0.29704,-0.493584555584123
-0.31695,-0.491314809941999
-0.3366,-0.487639499224924
-0.35594,-0.482561054419473
-0.37491,-0.47608388183123
-0.39345,-0.468214241867311
-0.41151,-0.458967473650082
-0.42902,-0.448351368953918
-0.44593,-0.436382521130932
-0.46219,-0.423084454934132
-0.47773,-0.408471123699979
-0.49251,-0.392570803866446
-0.50648,-0.375415373081702
-0.51958,-0.357031551882431
-0.53176,-0.337448733426823
-0.54298,-0.316705193783759
-0.5532,-0.294845449897625
-0.56236,-0.271903148509459
-0.57043,-0.247924499724284
-0.57737,-0.222957225316414
-0.58313,-0.197041585902114
-0.58769,-0.170232892276435
-0.59101,-0.142582253982744
-0.59304,-0.114128537924395
-0.59379,-0.0849439434591771
-0.59319,-0.0550663081207317
-0.59125,-0.0245637456633922
-0.58792,0.00651761774695209
-0.5832,0.0381138604619931
-0.57707,0.0701634606800933
-0.56951,0.102608736684984
-0.56051,0.135389542777258
-0.55006,0.168445671578061
-0.53815,0.201718812109649
-0.52478,0.235146703269043
-0.50995,0.268665936365692
-0.49366,0.302214259322856
-0.47591,0.335732423624899
-0.45673,0.369143421727943
-0.43611,0.402387995231481
-0.41407,0.43540104257023
-0.39063,0.468114965618171
-0.36581,0.500462439425446
-0.33965,0.532363855697604
-0.31218,0.563739716325489
-0.28342,0.594520635886529
-0.25341,0.624632981182843
-0.22221,0.653987421343068
-0.18985,0.68250709155981
-0.15639,0.710105612068642
-0.12189,0.736691825895
-0.086398,0.762182629677045
-0.049986,0.786486504121418
-0.012719,0.809513404589146
0.025331,0.831172355670446
0.064092,0.851374734999698
0.10348,0.870028002339718
0.14343,0.887053693898721
0.18383,0.902352763896538
0.22462,0.915851416039822
0.26569,0.927461963630416
0.30695,0.937103430015504
0.34831,0.944703190160476
0.38967,0.950190696430675
0.43092,0.953492371319987
0.47196,0.954542357685937
0.51269,0.953283588382397
0.553,0.949661027457085
0.59278,0.943623558989522
0.63192,0.935125395412056
0.67031,0.924127062544796
0.70785,0.910603414580659
0.74441,0.894520122157806
0.77991,0.875874105369651
0.81422,0.854651330754884
0.84724,0.830852219678912
0.87888,0.804496923230723
0.90903,0.775606848095422
0.93761,0.744226673484124
0.96451,0.710397068198832
0.98965,0.674177125539501
1,0.626059198090373
1,0.5619858747327
1,0.486768068223245
1,0.404597412083281
1,0.319072628474819
1,0.233230626877436
1,0.149581542840915
1,0.0701468915060275
1,-0.00349999422599932
1,-0.0701920511694726
1,-0.129125869571816
1,-0.179819088470014
1,-0.222068451348709
1,-0.255909096043967
1,-0.281575573270985
1,-0.299465006470985
1,-0.31010272420585
1,-0.31411061703311
1,-0.312178395264216
1,-0.305037853506679
1,-0.293440183367803
0.98967,-0.285778541507768
0.9632,-0.293054941794071
0.93462,-0.313422399733426
0.904,-0.345042730303249
0.87141,-0.386115668129803
0.8369,-0.434918911160306
0.80057,-0.489789178279741
0.76248,-0.549174338919752
0.72273,-0.611615532483135
0.68139,-0.675784061833766
0.63856,-0.740465114216054
0.59433,-0.804572802365843
0.5488,-0.867145473486378
0.50206,-0.927354632267841
0.45421,-0.984494836912027
0.40536,-1.03797313552316
0.35561,-1.08731302832307
0.30506,-1.13214770351342
0.25381,-1.17221206890918
0.20197,-1.20732649587977
0.14966,-1.23738158322608
0.096958,-1.26236250589927
0.043987,-1.28230176528615
-0.0091544,-1.29729105548146
-0.062362,-1.30746688758619
-0.11553,-1.3130005491887
-0.16856,-1.31409547905946
-0.22135,-1.31097587389579
-0.2738,-1.30388078662018
-0.32581,-1.29305717421059
-0.37728,-1.27875375940969
-0.42812,-1.26122311208592
-0.47823,-1.24070812774553
-0.52751,-1.21743848079324
-0.57589,-1.19165002223156
-0.62325,-1.16354083843475
-0.66952,-1.13331054095683
-0.71461,-1.10113991649799
-0.75844,-1.06719703264366
-0.80093,-1.03163493724985
-0.842,-0.994590063111278
-0.88157,-0.956181260842935
-0.91957,-0.916516780750848
-0.95593,-0.875692712242493
-0.99058,-0.833791992822698
-1,-0.773535399531725
-1,-0.69317483257317
-1,-0.598799138526256
-1,-0.49570796708549
-1,-0.388446481849275
-1,-0.280845890181008
-1,-0.176068800199374
-1,-0.0766583699060853
-1,0.015409792027683
-1,0.0986739887373438
-1,0.172132025262849
-1,0.235186920598798
-1,0.287593551546544
-1,0.329406943774164
-1,0.360932825042805
-1,0.382680952548613
-1,0.395321623696702
-1,0.39964567982467
-1,0.396528217430816
-1,0.386896132915643
-1,0.371699545903545
-1,0.351887073710229
-1,0.328384865978655
-1,0.302079254161593
-1,0.273802825379726
-1,0.244323694022965
-1,0.214337716911571
-1,0.184463378378347
-1,0.155239059653527
-1,0.127122401733105
-1,0.100491471741399
-0.99353,0.0804340110542004
-0.95935,0.0866308146816129
-0.92353,0.11503070131628
-0.88616,0.161763430688053
-0.8473,0.223199607603971
-0.80704,0.295953847428312
-0.76545,0.376922953472316
-0.72264,0.463269429290665
-0.67867,0.552471784965171
-0.63364,0.642293753453989
-0.58765,0.730784615384268
-0.54078,0.816289327601706
-0.49312,0.897428900488441
-0.44477,0.973079094229304
-0.39582,1.04236272779267
-0.34636,1.10463064260815
-0.29648,1.15944111785064
-0.24629,1.20652350723776
-0.19586,1.24578903596174
-0.14529,1.27728299172308
-0.094675,1.30116840827107
-0.044096,1.31771617671916
0.0063542,1.32727475708032
0.056596,1.33026172048259
0.10654,1.32713754203248
0.1561,1.31839235307258
0.20521,1.30454642095833
0.25378,1.28611641968474
0.30174,1.26362023950187
0.349,1.23755062329716
0.39551,1.20839836050167
0.44118,1.17661132116024
0.48596,1.14262121992857
0.52977,1.10681337897158
0.57255,1.06954013944425
0.61424,1.0311173811369
0.65478,0.991822371007823
0.69411,0.951892784665667
0.73218,0.911534143318494
0.76894,0.870919098465297
0.80434,0.830187603247587
0.83833,0.789447827872293
0.87087,0.748785081759506
0.90193,0.708269598367485
0.93145,0.667933641908674
0.95942,0.627813248308852
0.9858,0.587922668461412
1,0.540451620708618
1,0.4778159306054
1,0.404802077303501
1,0.325550191951012
1,0.243587193030413
1,0.161863854369452
1,0.0827950433715979
1,0.00830233866243591
1,-0.0601417630549992
1,-0.12146881682519
1,-0.174969298607721
1,-0.220248038696653
1,-0.257180815966973
1,-0.285872634115606
1,-0.306618121656525
1,-0.319864416672656
1,-0.326176817467146
1,-0.326207403152836
1,-0.32066675536995
1,-0.310298844891525
1,-0.295859085721537
1,-0.278095504993675
1,-0.257732929875547
1,-0.235460052895747
1,-0.211919204577273
1,-0.187698636763069
1,-0.163327101213978
1,-0.139270495501401
1,-0.115930341385977
1,-0.0936438591951814
0.99397,-0.0771464509292761
0.97132,-0.077971511422571
0.94762,-0.0934877839421509
0.92289,-0.121207441848531
0.8972,-0.15876737671784
0.87058,-0.203981048083871
0.84306,-0.254849367696689
0.8147,-0.309545347049214
0.78553,-0.366444204434205
0.75559,-0.424115047734577
0.72491,-0.481325874903963
0.69353,-0.537029288546814
0.66149,-0.590354938518043
0.62883,-0.640599920230004
0.59557,-0.687232333170795
0.56174,-0.729868164561743
0.52738,-0.768249259041104
0.49252,-0.80223734059476
0.45718,-0.831806190718966
0.42139,-0.857017630252469
0.38518,-0.878007143201263
0.34858,-0.894970153716158
0.31161,-0.908156515991816
0.2743,-0.917849530280975
0.23667,-0.924362577557384
0.19875,-0.928020432895634
0.16057,-0.929150890991571
0.12214,-0.928092318110366
0.083498,-0.925163568442037
0.044668,-0.920670921103649
0.0056779,-0.91490039326931
-0.033445,-0.908115070348786
-0.072674,-0.900553252328593
-0.11198,-0.892425122939117
-0.15133,-0.88390945844901
-0.1907,-0.875161140386538
-0.23005,-0.866299188014559
-0.26935,-0.85741715237893
-0.30857,-0.848584672499298
-0.34768,-0.839849301275824
-0.38662,-0.831216333035239
-0.42538,-0.822692801284431
-0.46391,-0.814256359324079
-0.50217,-0.805867987485791
-0.54012,-0.797475320596008
-0.57772,-0.789015748956699
-0.61492,-0.780411869309373
-0.65168,-0.771583081385885
-0.68796,-0.762447718223035
-0.72371,-0.752917496876447
-0.75888,-0.7429007081198
-0.79343,-0.732312365374797
-0.82731,-0.721067514590924
-0.86046,-0.709075928280397
-0.89284,-0.696260230431855
-0.9244,-0.682548063401248
-0.95509,-0.667873115083546
-0.98486,-0.652175849274987
-1,-0.625298183550476
-1,-0.578960819610563
-1,-0.518185058043957
-1,-0.447397989952198
-1,-0.370452375718053
-1,-0.290651551430187
-1,-0.210778684232439
-1,-0.133129635936662
-1,-0.0595486646629286
-1,0.0085338080181952
-1,0.070062116719097
-1,0.124315672541534
-1,0.170869345476746
-1,0.209554507405241
-1,0.240421264121672
-1,0.263702330451367
-1,0.279778926396586
-1,0.289148996493971
-1,0.292397980969678
-1,0.290172297303186
-1,0.283155625602897
-1,0.272048031619706
-1,0.257547907883178
-1,0.240336666712139
-1,0.22106607889631
-1,0.200348118660952
-1,0.178747148954869
-1,0.156774260862415
-1,0.134883566651283
-1,0.113470237171777
-1,0.0928700705063022
-1,0.0733603793790007
-1,0.0551619893043207
-1,0.0384421472042695
-1,0.0233181506896454
-1,0.00986152083200436
-1,-0.00189744447038837
-1,-0.0119648839938472
-1,-0.0203784848702738
-0.96769,-0.00329938879709822
-0.93215,0.0363445578126676
-0.89508,0.0943732008691952
-0.85654,0.166892367081387
-0.81657,0.250332589708276
-0.77525,0.341432773759949
-0.73262,0.437282841226661
-0.68875,0.535301286019617
-0.6437,0.633241650701243
-0.59755,0.729169831288381
-0.55035,0.821477135384928
-0.50219,0.908832609161832
-0.45314,0.990183372784712
-0.40327,1.06473408674896
-0.35267,1.13190979588286
-0.3014,1.19135780058543
-0.24955,1.24289931619952
-0.1972,1.28651564335009
-0.14443,1.32232533098462
-0.091327,1.35055673822962
-0.037969,1.37153448047632
0.015562,1.38565587278136
0.069181,1.39337020485121
0.12281,1.39516744040097
0.17636,1.3915540701153
0.22975,1.38304659166779
0.2829,1.37016014468871
0.33573,1.35339799846963
0.38816,1.333242768758
0.4401,1.31014189603431
0.49149,1.2845259029469
0.54224,1.25677869553156
0.59227,1.22724399027404
0.64151,1.196231156255
0.68989,1.16401310708833
0.73733,1.13081789158377
0.78375,1.09683025752123
0.82911,1.06222345580374
0.87331,1.02711110339915
0.9163,0.991591206540318
0.95802,0.955737627326437
0.9984,0.919593834610581
1,0.855529412546798
1,0.76949826902892
1,0.668057483391681
1,0.556925018418671
1,0.441014812618042
1,0.324478364730527
1,0.210751741198981
1,0.102606888190579
1,0.00220612131944718
1,-0.0888413085037676
1,-0.169421622143363
1,-0.23885886745323
1,-0.296858108128533
1,-0.343450230895763
1,-0.378939048164221
1,-0.403851262623948
1,-0.418889749766715
1,-0.424890506602384
1,-0.42278351213035
1,-0.413557649136973
1,-0.398229748937935
1,-0.377817741700012
1,-0.35331782554866
1,-0.325685508082261
1,-0.295820324194737
1,-0.264553994055734
1,-0.232641754326515
1,-0.200756573664432
1,-0.169485949637614
1,-0.139330977596676
1,-0.110707382036925
1,-0.0839482067053028
1,-0.0593078703239382
1,-0.0369673094882187
1,-0.017039948248899
1,0.000421745659435431
1,0.01541933574209
1,0.0280013172506351
1,0.0382560137994498
1,0.0463046167092101
1,0.0522944902338611
1,0.0563928432072782
1,0.0587808461872412
0.97898,0.0440974746466683
0.93804,0.00120249243611505
0.89586,-0.0643550631331986
0.8525,-0.147470692686643
0.80803,-0.243495626309728
0.76252,-0.348248345441372
0.71606,-0.458003024901784
0.6687,-0.569518032026417
0.62053,-0.679991672214641
0.57162,-0.787063266475192
0.52205,-0.888783497426189
0.47189,-0.983597130799519
0.42123,-1.07029861662471
0.37014,-1.14801824991423
0.3187,-1.21618110389764
0.26699,-1.27447427801478
0.21508,-1.32282135270815
0.16306,-1.36133344369326
0.11101,-1.39028679433406
0.058994,-1.41010439610544
0.0071005,-1.42130679775709
-0.044593,-1.42449544204546
-0.096009,-1.42032817569798
-0.14707,-1.40949718112606
-0.1977,-1.39271051950528
-0.24783,-1.37068002491909
-0.29737,-1.34408987425819
-0.34627,-1.31361625737923
-0.39442,-1.27986869897717
-0.44178,-1.24343992068237
-0.48828,-1.20487186081891
-0.53383,-1.16463643290642
-0.57838,-1.1231656919255
-0.62186,-1.08083237897085
-0.66421,-1.03795761964271
-0.70537,-0.994810785374255
-0.74529,-0.95161790523468
-0.78392,-0.908562021722583
-0.82119,-0.865769698035866
-0.85707,-0.823345925479002
-0.8915,-0.781351040626756
-0.92446,-0.739835089173458
-0.95589,-0.698806685536878
-0.98577,-0.658268244582038
-1,-0.607798557991267
-1,-0.540313832599243
-1,-0.461073698241723
-1,-0.374637390114001
-1,-0.284898234826544
-1,-0.19512261552777
-1,-0.107992584673567
-1,-0.025651258728928
-1,0.0502498731703778
-1,0.118502570486176
-1,0.178293191201753
-1,0.22915450767693
-1,0.270918652302957
-1,0.303671775316303
-1,0.327710910905163
-1,0.343503459730375
-1,0.351649608671394
-1,0.352847924065783
-1,0.347864274610753
-1,0.337504165744516
-1,0.322588499695317
-1,0.303932715145202
-1,0.282329208002142
-1,0.258532890269346
-1,0.233249707401891
-1,0.207127905633173
-1,0.180751819180915
-1,0.154637932535125
-1,0.129232964633363
-1,0.104913719025069
-1,0.0819884464606755
-1,0.060699473037038
-1,0.0412268574106961
-1,0.0236928539891593
-0.98828,0.0168375325359942
-0.96224,0.0293796640866284
-0.93518,0.0580364485382419
-0.90715,0.0997236557433105
-0.87819,0.15158472731008
-0.84835,0.21099784336407
-0.81766,0.275601564905632
-0.78618,0.343275161241805
-0.75395,0.412156441869754
-0.72101,0.480637165270706
-0.68742,0.547340106812338
-0.65321,0.61113333532582
-0.61842,0.671107212100903
-0.58311,0.726543815960725
-0.54731,0.776925134982001
-0.51107,0.821898084977662
-0.47443,0.861264585255273
-0.43744,0.894954904418556
-0.40013,0.923025031094742
-0.36255,0.945621566951052
-0.32474,0.962973008244005
-0.28675,0.97536544561617
-0.24862,0.983135855008977
-0.21038,0.986664905913044
-0.17209,0.986339955307364
-0.13379,0.982561508818867
-0.095514,0.975737216673517
-0.057311,0.966260824391483
-0.019226,0.954509138278139
0.018698,0.940838082884315
0.056421,0.925580388941207
0.093891,0.909032860533842
0.13107,0.891465936125913
0.16791,0.873114035963184
0.20436,0.85417364582867
0.24039,0.834820301459214
0.27594,0.815184943908989
0.31097,0.795372875067943
0.34543,0.775457423190911
0.37927,0.75548301386171
0.41246,0.735483168798333
0.44493,0.715450931569039
0.47665,0.695375276491903
0.50756,0.675218836109019
0.53763,0.654945082966655
0.56679,0.634488522922004
0.59502,0.613798076414702
0.62226,0.592805204025083
0.64846,0.571435749936263
0.67359,0.549627121569784
0.6976,0.527312358736746
0.72044,0.504422293871811
0.74209,0.480909624335119
0.76248,0.456708666159848
0.78161,0.431792219687963
0.7994,0.406105530369527
0.81585,0.379632169722103
0.83091,0.352350038810031
0.84456,0.324255271253362
0.85676,0.295344067039446
0.8675,0.265635049772527
0.87675,0.235149736480253
0.88448,0.203911513258103
0.8907,0.171974333177275
0.89538,0.139385879516821
0.89851,0.106202390310631
0.90009,0.0724929500632033
0.90012,0.0383351910516928
0.8986,0.00381157008998292
0.89553,-0.0309938054529057
0.89093,-0.0659830367763703
0.88479,-0.101072036763984
0.87714,-0.136160703912914
0.868,-0.171146328607522
0.85738,-0.205934511187317
0.84531,-0.240425616745163
0.83181,-0.274526233480692
0.81692,-0.308136102531028
0.80067,-0.341159990066884
0.78309,-0.373509769775538
0.76422,-0.405098563976265
0.74412,-0.435828621937994
0.72281,-0.465626230998139
0.70034,-0.494417493440674
0.67677,-0.522123626202473
0.65215,-0.548672095102657
0.62654,-0.573990643512824
0.59998,-0.598024674214241
0.57255,-0.620706434476214
0.5443,-0.641982291091663
0.5153,-0.661797362370661
0.48561,-0.680105352844513
0.4553,-0.696861457690701
0.42445,-0.712016593724234
0.39311,-0.725542430180822
0.36137,-0.737399244484274
0.3293,-0.747554668322747
0.29697,-0.755983790726674
0.26445,-0.762669036493477
0.23183,-0.767585065261198
0.19918,-0.770716356170201
0.16657,-0.772056310593712
0.13409,-0.771591485975869
0.1018,-0.769326017024093
0.069798,-0.765250521540678
0.038143,-0.759374308940789
0.0069223,-0.751701049509514
-0.023795,-0.742243675450732
-0.053926,-0.731012448442797
-0.083404,-0.718027568588404
-0.11215,-0.703307968512045
-0.14009,-0.686875076687119
-0.16717,-0.668766847083843
-0.1933,-0.649007191579283
-0.21843,-0.627637878581913
-0.24248,-0.604691969592769
-0.26541,-0.580224377228952
-0.28714,-0.554276725079905
-0.30764,-0.526915899576046
-0.32684,-0.498197865247694
-0.3447,-0.468190517541109
-0.36118,-0.436969559669377
-0.37623,-0.404607543919639
-0.38983,-0.371194659733319
-0.40194,-0.336818009489499
-0.41254,-0.301574525049723
-0.42161,-0.26556628175611
-0.42912,-0.228889143319814
-0.43509,-0.191668096291723
-0.43949,-0.154010971001319
-0.44234,-0.116045495368354
-0.44363,-0.0778894168950399
-0.44339,-0.0396784030963792
-0.44163,-0.00154363570171247
-0.43837,0.0363839953531488
-0.43365,0.0739631660228538
-0.42749,0.111063377052472
-0.41995,0.147537481796638
-0.41106,0.183251795430374
-0.40088,0.218065684151051
-0.38946,0.251844928218681
-0.37686,0.284457575099953
-0.36314,0.315777977390422
-0.34838,0.345675125484962
-0.33264,0.374032995087925
-0.31599,0.400744401574253
-0.29853,0.425691050439
-0.28032,0.448779526899849
-0.26144,0.46992529914999
-0.24199,0.489039608412335
-0.22204,0.506055983084505
-0.20169,0.52090664820525
-0.18101,0.533547913061219
-0.16011,0.543928216047726
-0.13906,0.552021714555366
-0.11795,0.557810284475361
-0.096869,0.561284312637806
-0.075908,0.562440845563765
-0.055139,0.56129740610922
-0.034655,0.557872964160799
-0.01453,0.552202086795272
0.0051559,0.544327308969558
0.024325,0.53429899838338
0.042909,0.522180147704755
0.060831,0.50803652297589
0.078031,0.491947433696214
0.094442,0.473996307043367
0.11,0.454270299596505
0.12466,0.432871638185836
0.13836,0.409899665614038
0.15106,0.385465206868597
0.16271,0.359678099179608
0.17327,0.332651878011402
0.18272,0.304514774894597
0.19101,0.275381146886484
0.19813,0.245380500967575
0.20406,0.214643440732412
0.20878,0.183297641952277
0.21228,0.151472006039192
0.21455,0.11929251080809
0.2156,0.0868936732978003
0.21544,0.054412723068105
0.21406,0.0219699891907967
0.21148,-0.0103095529971338
0.20773,-0.0422938764209945
0.20281,-0.073871766727777
0.19677,-0.104915616945797
0.18962,-0.135318465217775
0.1814,-0.164971569897777
0.17214,-0.193775998719123
0.1619,-0.221622145280447
0.1507,-0.248425281055907
0.13859,-0.274101810511077
0.12564,-0.298557508935932
0.11187,-0.321730081816932
0.097355,-0.343544985732851
0.082144,-0.363940040932312
0.066293,-0.382860522202078
0.049862,-0.400257217696328
0.032916,-0.416083960415249
0.015511,-0.430305888903975
-0.0022819,-0.442887961675744
-0.020404,-0.453806013583482
-0.03879,-0.463041300256855
-0.057372,-0.470578885764446
-0.076086,-0.476411011950858
-0.094863,-0.480533005081329
-0.11364,-0.482947990731982
-0.13235,-0.483663052963932
-0.15093,-0.482691909402979
-0.16931,-0.480048712833358
-0.18743,-0.475755569106489
-0.20524,-0.469848346131526
-0.22266,-0.462351370617092
-0.23964,-0.453301653333311
-0.25612,-0.442738448954489
-0.27206,-0.430716930769474
-0.28739,-0.417281772119814
-0.30205,-0.402475650866253
-0.31602,-0.386368288131863
-0.32923,-0.369012550893965
-0.34164,-0.350468625163704
-0.3532,-0.330793665587673
-0.36389,-0.310063074932978
-0.37365,-0.288335368680182
-0.38246,-0.26568341497629
-0.39028,-0.242174818493492
-0.39708,-0.217878396278645
-0.40283,-0.192861924879383
-0.40752,-0.167205108831964
-0.41111,-0.140972710896728
-0.41359,-0.114237619942093
-0.41495,-0.0870770104665502
-0.41517,-0.0595617164781121
-0.41424,-0.0317625899831825
-0.41216,-0.00375559566335353
-0.40891,0.0243964275258123
-0.40451,0.052613774679213
-0.39896,0.0808205309574406
-0.39226,0.108946345041419
-0.38441,0.136927744680779
-0.37544,0.164686850694105
-0.36536,0.192151581123838
-0.35419,0.219249607405166
-0.34196,0.245903506715964
-0.32868,0.272049188064257
-0.3144,0.297606036755472
-0.29914,0.322505060383831
-0.28295,0.346666903380863
-0.26585,0.37002878698041
-0.24791,0.392506633935867
-0.22917,0.414024265370236
-0.20966,0.434521944264434
-0.18946,0.453918479955314
-0.1686,0.472155203801975
-0.14715,0.489164269998194
-0.12517,0.504880332790383
-0.10272,0.5192424927772
-0.079854,0.532200194635022
-0.056652,0.543694047730902
-0.033173,0.553675350946148
-0.0094862,0.562098470461731
0.014338,0.56892127113655
0.038234,0.574109801654433
0.062126,0.57763075405494
0.08595,0.579461626757969
0.10963,0.579581016636473
0.1331,0.57797701846835
0.15629,0.574643371449704
0.17914,0.569586539619163
0.20158,0.562816270257192
0.22353,0.554337862387204
0.24495,0.544182989867518
0.26578,0.532389456812693
0.28595,0.518992082524585
0.30541,0.504037563711619
0.32411,0.487581303581074
0.34201,0.469691982947984
0.35905,0.450432659654825
0.37519,0.42987520176382
0.3904,0.408104235820008
0.40464,0.385205154851004
0.41788,0.361269164620429
0.43008,0.336382341063898
0.44123,0.310646464424328
0.45129,0.284150968920891
0.46024,0.256987572125367
0.46807,0.229254548703269
0.47477,0.201052563640215
0.48031,0.172466408579713
0.48469,0.143587615208336
0.48791,0.114510274558125
0.48995,0.0853127746757329
0.49081,0.0560730281328089
0.4905,0.0268733278741359
0.48901,-0.00221806045619747
0.48635,-0.0311318118946135
0.48254,-0.0597928229986852
0.47757,-0.0881461500634421
0.47146,-0.11613303335388
0.46423,-0.143693868085308
0.4559,-0.170770613314177
0.44649,-0.197308691152292
0.43603,-0.223251030381083
0.42453,-0.248555517219245
0.41204,-0.273164294436889
0.39858,-0.297031187036155
0.38419,-0.320106513430307
0.3689,-0.342347120349515
0.35277,-0.363694705403557
0.33582,-0.384110498796315
0.3181,-0.403550935184311
0.29966,-0.421970355494985
0.28055,-0.439323221737734
0.26081,-0.455573287086683
0.2405,-0.470678553822511
0.21966,-0.484608875125037
0.19834,-0.497337639595517
0.1766,-0.508834969590522
0.15448,-0.519084495111124
0.13205,-0.528059527876305
0.10936,-0.535741085483138
0.08646,-0.542117406899994
0.063403,-0.547181145737867
0.040245,-0.550926975519966
0.017041,-0.553352541638547
-0.0061557,-0.554459644296559
-0.029288,-0.554250991487363
-0.052306,-0.552735668120424
-0.07515,-0.549920778976769
-0.097772,-0.545820638242456
-0.12012,-0.540452350714451
-0.14213,-0.533826233055082
-0.16376,-0.52596338282007
-0.18496,-0.516887346297602
-0.20568,-0.50662323416184
-0.22586,-0.495189539666236
-0.24547,-0.482621269178907
-0.26444,-0.468936359493246
-0.28275,-0.454175591032468
-0.30033,-0.438360177968346
-0.31716,-0.421532030137984
-0.33318,-0.403719075068292
-0.34836,-0.384959420368344
-0.36266,-0.365290952921202
-0.37604,-0.344750338328351
-0.38848,-0.323387014697277
-0.39993,-0.301237139884739
-0.41036,-0.27833988920702
-0.41976,-0.254750488381255
-0.42809,-0.230513311043969
-0.43533,-0.205677433417346
-0.44147,-0.180301627689617
-0.44647,-0.154428532978591
-0.45035,-0.128130796572793
-0.45306,-0.101451317638194
-0.45462,-0.0744593767034433
-0.455,-0.0472064120394722
-0.45422,-0.0197647845691865
-0.45226,0.00780810793324936
-0.44914,0.0354392166182443
-0.44485,0.0630673696597083
-0.43941,0.0906207953518051
-0.43282,0.118036285078167
-0.4251,0.145244851613199
-0.41628,0.172167733332883
-0.40637,0.198735626634146
-0.39539,0.22488177872836
-0.38337,0.250536380724826
-0.37034,0.275629537553124
-0.35634,0.300086278714739
-0.3414,0.323837473288055
-0.32556,0.346813700346417
-0.30885,0.368955127164688
-0.29132,0.390197048871736
-0.27303,0.410465760220655
-0.254,0.429712444075991
-0.2343,0.447873291208743
-0.21398,0.46488952289722
-0.19308,0.480715999146553
-0.17166,0.495305626261773
-0.14978,0.508611630041574
-0.12749,0.520596765710143
-0.10485,0.531225697895924
-0.081928,0.540460279248473
-0.058772,0.548276511781777
-0.035447,0.55465047611964
-0.01201,0.559565466659844
0.011475,0.563006440854941
0.034948,0.564963616832761
0.058348,0.565431514898997
0.081617,0.564411008716357
0.10469,0.561903391630036
0.12751,0.557916647853748
0.15001,0.55245698933788
0.17215,0.54554941734548
0.19386,0.53721162343395
0.21508,0.527462691610547
0.23576,0.516330033346393
0.25586,0.503854733766707
0.27531,0.490065891975919
0.29406,0.474997185135632
0.31207,0.458692661387573
0.32929,0.441196319547256
0.34568,0.422558469468798
0.36119,0.402825863125822
0.37579,0.382055982286983
0.38943,0.36029865431881
0.40207,0.337603580895107
0.41369,0.314033766558518
0.42425,0.289646386577044
0.43371,0.264492274336312
0.44206,0.238637821714717
0.44926,0.212137825447137
0.45529,0.185050852644538
0.46012,0.157429304401434
0.46375,0.129341128891665
0.46614,0.100835126045849
0.46729,0.071972622841369
0.46719,0.0428156764545331
0.46581,0.0134101362351548
0.46317,-0.0161758400799112
0.45924,-0.0458952939457534
0.45404,-0.0756830348362922
0.44757,-0.105476117248333
0.43982,-0.135222898659685
0.43081,-0.164860485549541
0.42056,-0.19431904189146
0.40907,-0.223540237612579
0.39637,-0.252454857368702
0.38249,-0.28098723456811
0.36744,-0.309073791773583
0.35126,-0.336640711495265
0.33399,-0.363608405940778
0.31566,-0.389902672318227
0.29632,-0.415441374445513
0.27602,-0.440138721247895
0.25481,-0.463908822558797
0.23273,-0.486675977050946
0.20986,-0.508345743013348
0.18625,-0.528833892170257
0.16198,-0.548045118622799
0.13709,-0.565907963795579
0.11168,-0.58232841008892
0.085813,-0.59722481779256
0.059564,-0.61051953217829
0.033013,-0.62213721648784
0.0062392,-0.632007749192808
-0.020675,-0.640065474222875
-0.047646,-0.646249966198431
-0.07459,-0.65050725341087
-0.10143,-0.652795814351673
-0.12807,-0.653072002641826
-0.15443,-0.6513042276062
-0.18044,-0.647479620860186
-0.206,-0.64157932805127
-0.23105,-0.633610494974149
-0.25549,-0.623572174596256
-0.27925,-0.611479794211759
-0.30227,-0.59736961878338
-0.32447,-0.581279587993126
-0.34578,-0.563255963215504
-0.36613,-0.543351009909016
-0.38547,-0.521635708587668
-0.40373,-0.498179872568034
-0.42087,-0.473073069383316
-0.43683,-0.446403922326692
-0.45156,-0.418265567661551
-0.46502,-0.388759856122579
-0.47716,-0.357985647582765
-0.48797,-0.326066363117398
-0.49739,-0.293104921260026
-0.50541,-0.259221831575618
-0.51199,-0.224526194531973
-0.51712,-0.189136933446684
-0.52079,-0.153177398714501
-0.52298,-0.116763450941405
-0.52368,-0.0800087752801874
-0.52288,-0.043021761084766
-0.52061,-0.00593266100898128
-0.51684,0.0311590864640418
-0.51161,0.0681304159366188
-0.50491,0.104880166158863
-0.49677,0.141298678697362
-0.48722,0.177273134576772
-0.47628,0.212699353429589
-0.46397,0.247483716891012
-0.45035,0.281514888403738
-0.43544,0.314700658808472
-0.4193,0.3469379941791
-0.40196,0.378140967097756
-0.38348,0.408218461182155
-0.36391,0.437085930789525
-0.34332,0.464652519477272
-0.32176,0.490840426499071
-0.2993,0.515570596319599
-0.276,0.538773408253457
-0.25194,0.560374853745717
-0.22718,0.58031508625272
-0.20181,0.598526015159905
-0.17591,0.614943029631193
-0.14954,0.629521738990489
-0.12279,0.642213958200695
-0.09576,0.652963222503659
-0.068519,0.661731678797288
-0.04116,0.668480583476523
-0.01377,0.673176778656645
0.013566,0.675794781895125
0.040755,0.676310851331114
0.067713,0.674710702121182
0.094353,0.670986576579844
0.12059,0.66513838239486
0.14633,0.657166239462867
0.17151,0.647094014554349
0.19603,0.634937346187617
0.21982,0.620727595378506
0.24282,0.604515903696197
0.26493,0.586338929103051
0.2861,0.566258107728276
0.30627,0.544346225321898
0.32537,0.520676251804012
0.34334,0.495327058834515
0.36014,0.46839520277779
0.37572,0.439981715445823
0.39003,0.410188669167682
0.40304,0.379131096103822
0.41473,0.346938795459634
0.42506,0.313735151550426
0.43402,0.279657127389533
0.44159,0.244841363825497
0.44776,0.209427701258196
0.45253,0.173561857001098
0.4559,0.137389962955738
0.45788,0.101061476734195
0.45848,0.064723974662909
0.45773,0.0285337295215248
0.45563,-0.00737303547950968
0.45223,-0.0428436941693684
0.44755,-0.0777394869576683
0.44163,-0.111922627085812
0.4345,-0.145268127042494
0.42622,-0.177643455944506
0.41683,-0.208929350865945
0.40638,-0.239014087392129
0.39493,-0.267788695562421
0.38253,-0.295157840789119
0.36924,-0.321033461734812
0.35512,-0.345336857611889
0.34023,-0.368000125232271
0.32464,-0.388959632187603
0.3084,-0.408172818426842
0.2916,-0.425586794016006
0.27428,-0.441179831077201
0.25653,-0.454920004734717
0.2384,-0.466798650940202
0.21997,-0.4768049105351
0.20129,-0.484949602440938
0.18244,-0.491239474674023
0.16347,-0.495700878089951
0.14445,-0.498361298624782
0.12543,-0.499263968773528
0.10649,-0.498442186698918
0.087659,-0.495958714079911
0.069009,-0.491867179083801
0.050589,-0.486229949742028
0.032443,-0.479118922002015
0.014623,-0.470606226797869
-0.0028294,-0.460770270219611
-0.019873,-0.449692970673469
-0.036467,-0.43745737165878
-0.052578,-0.42415079564772
-0.068168,-0.409858332080537
-0.083214,-0.394672077841591
-0.097683,-0.37867985165774
-0.11155,-0.361969461305332
-0.1248,-0.344633564011271
-0.1374,-0.326752697093542
-0.14935,-0.308419583066286
-0.16062,-0.289711762843808
-0.17122,-0.270721664723259
-0.18111,-0.251513847982477
-0.19031,-0.232172583087463
-0.19881,-0.212773097542203
-0.2066,-0.193380804325515
-0.21369,-0.174065695270377
-0.22008,-0.154891619306459
-0.22577,-0.135915183286826
-0.23077,-0.117192434812628
-0.23508,-0.0987694633987216
-0.23872,-0.0806972689625813
-0.24171,-0.0630288322851844
-0.24404,-0.0457945201996304
-0.24575,-0.0290420142121091
-0.24685,-0.0128088867240558
-0.24735,0.00287703773999923
-0.24728,0.0179823444098307
-0.24666,0.0324779820633343
-0.24552,0.0463323602903393
-0.24388,0.0595206285579699
-0.24177,0.0720171737537821
-0.23922,0.083796974014448
-0.23626,0.0948366558469418
-0.23292,0.105115287630447
-0.22924,0.114607543365602
-0.22525,0.123293080577112
-0.22098,0.13115656015119
-0.21647,0.138180126151193
-0.21175,0.144352186077072
-0.20686,0.149659517233198
-0.20183,0.154095724099129
-0.1967,0.15765306953697
-0.1915,0.160330701658501
-0.18626,0.162133694010541
-0.18101,0.163072104188793
-0.17579,0.163152668216206
-0.17063,0.16238695675592
-0.16554,0.160805198270455
-0.16057,0.158422542915758
-0.15574,0.155264001600802
-0.15107,0.151362069791252
-0.14659,0.146747201099128
-0.14231,0.141462340615305
-0.13825,0.135552098644303
-0.13444,0.129053949088865
-0.13089,0.12201346645953
-0.1276,0.114488970471692
-0.1246,0.106525329187577
-0.12189,0.0981775298327817
-0.11948,0.0894997929722933
-0.11737,0.080551583333275
-0.11556,0.0713948913450379
-0.11406,0.062084548327603
-0.11285,0.0526901562256122
-0.11194,0.0432689753011407
-0.11132,0.0338813404609345
-0.11097,0.0245955789885529
-0.11089,0.0154695580410506
-0.11107,0.00655824065747815
-0.11148,-0.00207278048221059
-0.11211,-0.0103662483837269
-0.11293,-0.0182587445346786
-0.11394,-0.0257061679894288
-0.11511,-0.0326594175993557
-0.1164,-0.0390597257275679
-0.1178,-0.0448647303992615
-0.11929,-0.0500394955158254
-0.12082,-0.0545343009277171
-0.12238,-0.0583188904614831
-0.12394,-0.061365197575734
-0.12546,-0.0636407658718771
-0.12691,-0.0651183377604078
-0.12827,-0.0657834407184523
-0.12949,-0.0656105815028801
-0.13056,-0.0645961033270205
-0.13143,-0.0627249206972299
-0.13208,-0.0599957615947243
-0.13247,-0.056404151474056
-0.13257,-0.0519509512806395
-0.13237,-0.046656476693193
-0.13181,-0.0405195833189121
-0.13088,-0.0335591725509927
-0.12955,-0.0257953236546017
-0.1278,-0.0172562269152911
-0.12559,-0.0079613397874434
-0.1229,0.00206241600546492
-0.11972,0.0127752201231789
-0.11602,0.0241425183495285
-0.11178,0.0361273739403333
-0.10699,0.0486844025399667
-0.10163,0.061769924377756
-0.095687,0.0753375633293445
-0.089152,0.0893370243520785
-0.082022,0.103711760690369
-0.074288,0.11840616163603
-0.065949,0.133361001665501
-0.057013,0.148509160149674
-0.047476,0.163787938705495
-0.037355,0.179124502100841
-0.026659,0.194445888262667
-0.015403,0.209676756955691
-0.003606,0.22473915296337
0.0087087,0.239552195037809
0.021514,0.25403230406928
0.034783,0.268096449266302
0.048482,0.281659608212778
0.062576,0.294636873088583
0.077027,0.306943920257714
0.091797,0.318499625095769
0.10684,0.329222200514552
0.12211,0.339032045271699
0.13757,0.347860665534016
0.15315,0.355626537930459
0.16882,0.36226999982
0.18452,0.367729050270518
0.2002,0.371949508550955
0.21579,0.374870810769109
0.23126,0.376459106588237
0.24654,0.376674080581317
0.26158,0.375486752127204
0.27632,0.372871323062459
0.29071,0.368813304349233
0.30469,0.36330096252657
0.31821,0.356333124121139
0.33122,0.347917770367565
0.34367,0.338070640338784
0.35551,0.326813869193303
0.36668,0.314167285814395
0.37716,0.30017839558089
0.38688,0.28487922509057
0.39582,0.268325852765803
0.40393,0.250570425170176
0.41118,0.231675636929951
0.41753,0.211703880537733
0.42296,0.190730643237934
0.42745,0.168840121124661
0.43096,0.146106611170949
0.43348,0.122616682999189
0.435,0.0984644847308892
0.4355,0.0737403164108509
0.43499,0.0485510457399319
0.43344,0.0229843028130119
0.43088,-0.00284597864505169
0.4273,-0.0288375506589622
0.42272,-0.0548784430929313
0.41715,-0.0808596037912626
0.4106,-0.106677666813103
0.4031,-0.132222299178301
0.39467,-0.15738841566726
0.38534,-0.182071137706496
0.37515,-0.206161765978622
0.36413,-0.229559459806089
0.35231,-0.252173089921809
0.33973,-0.273915123408222
0.32646,-0.294681830787738
0.31251,-0.314404330697217
0.29795,-0.333000101729766
0.28282,-0.350400837698211
0.26717,-0.366544947062631
0.25106,-0.381371340729421
0.23454,-0.394829197843374
0.21766,-0.406878169127361
0.20047,-0.417488264407431
0.18303,-0.426632082334246
0.1654,-0.434285849665381
0.14762,-0.440444928144803
0.12975,-0.445106208602509
0.11183,-0.448283434375647
0.093927,-0.449984311513638
0.076079,-0.450233587172671
0.058331,-0.449064536380201
0.040733,-0.446513314733402
0.023324,-0.442626109336448
0.0061437,-0.437455932989039
-0.010767,-0.43105943693511
-0.027374,-0.423500102611591
-0.043645,-0.414846877618014
-0.059547,-0.405171024169724
-0.075054,-0.394549150289635
-0.090138,-0.38305879494943
-0.10478,-0.370782919733405
-0.11895,-0.357798534436185
-0.13264,-0.344192029943162
-0.14583,-0.330046091145709
-0.15851,-0.315445464043011
-0.17065,-0.300459304356263
-0.18227,-0.285179076280958
-0.19334,-0.269674521041772
-0.20386,-0.254017857979789
-0.21383,-0.238280993116294
-0.22324,-0.222525854276326
-0.23211,-0.206826417016923
-0.24041,-0.19122695319173
-0.24818,-0.175797879619011
-0.2554,-0.160583932101478
-0.26208,-0.14562961455254
-0.26823,-0.130977510640006
-0.27387,-0.116674374975527
-0.27899,-0.10274635295529
-0.28362,-0.0892313128801785
-0.28775,-0.076145437170377
-0.29142,-0.0635234346533551
-0.29462,-0.0513765242096852
-0.29737,-0.0397183611140515
-0.29969,-0.0285636931130092
-0.30159,-0.0179198803438189
-0.30309,-0.00779506454338536
-0.30419,0.00181743672806367
-0.30492,0.0109143229995284
-0.30529,0.0194995275119141
-0.30531,0.0275830848395413
-0.305,0.0351726429342063
-0.30436,0.0422888455279911
-0.30343,0.048932987679696
-0.3022,0.0551279794843965
-0.30068,0.0608990066931947
-0.29891,0.0662504666513682
-0.29687,0.0712144427667707
-0.29459,0.0758076784301679
-0.29209,0.0800416480384248
-0.28935,0.0839529660926369
-0.28641,0.0875532718919854
-0.28327,0.0908634179718293
-0.27995,0.093896378623304
-0.27644,0.0966806472720009
-0.27277,0.099226905998229
-0.26894,0.101553376867463
-0.26497,0.103669058364025
-0.26086,0.105590028154202
-0.25663,0.107322805054612
-0.25229,0.1088733660645
-0.24784,0.110254420762705
-0.2433,0.111468913124717
-0.23867,0.112526558059856
-0.23397,0.113427406057769
-0.2292,0.114178430834047
-0.22437,0.114784532189533
-0.21948,0.115256136494443
-0.21456,0.115585592990357
-0.2096,0.11578038514503
-0.2046,0.115852532935242
-0.19959,0.115795151329036
-0.19455,0.115623208233576
-0.1895,0.115339248304987
-0.18444,0.114950470155451
-0.17937,0.114467573027937
-0.17431,0.113888946012201
-0.16924,0.113232616886595
-0.16418,0.112502328662689
-0.15911,0.111719739392478
-0.15405,0.11089073768869
-0.149,0.110023071875143
-0.14394,0.109140502965103
-0.13889,0.10824942650065
-0.13384,0.107364183971847
-0.12879,0.106497663552332
-0.12373,0.105668556710659
-0.11866,0.10489226180614
-0.11359,0.104173629405481
-0.1085,0.103530961832045
-0.1034,0.102970631492105
-0.09828,0.102503911843623
-0.093142,0.102136742740975
-0.087986,0.101871973629453
-0.082804,0.101715687394368
-0.0776,0.101667425282713
-0.072369,0.101728012164211
-0.067111,0.101895478799603
-0.061823,0.102167771179114
-0.056505,0.102540504761545
-0.051155,0.103008919954095
-0.045774,0.103565777054662
-0.040356,0.104207128850122
-0.034903,0.104925804048829
-0.029413,0.105715122630097
-0.023882,0.106570406266212
-0.018312,0.107484236675025
-0.012699,0.108451587361681
-0.0070422,0.109467100556787
-0.0013431,0.110523573748396
0.0044034,0.11161737516792
0.010195,0.112742368077737
0.016033,0.113893219388153
0.021917,0.115064128714525
0.027846,0.116248633922222
0.033821,0.117441398101106
0.039838,0.118634447189357
0.045896,0.119820125344173
0.051993,0.120990513223782
0.058126,0.122136970507784
0.064292,0.123250529221624
0.070483,0.124318524201585
0.076701,0.12533307082875
0.082933,0.126279289357465
0.089179,0.127146708491369
0.095426,0.127919116293082
0.10167,0.128582806039336
0.1079,0.129121328543142
0.11411,0.129520216616147
0.12028,0.129756693942124
0.1264,0.129809349785007
0.13247,0.129665910308025
0.13846,0.129299695021253
0.14437,0.128695395511413
0.15018,0.12783258488477
0.15587,0.12668736129945
0.16143,0.125241161334413
0.16683,0.123465544776263
0.17207,0.12134717568169
0.17712,0.118863199931492
0.18196,0.115991237833121
0.18658,0.112717427125649
0.19095,0.109020506694692
0.19505,0.104881370411997
0.19887,0.10029071386897
0.20238,0.0952327641957867
0.20555,0.0896871236527517
0.20839,0.0836599581265677
0.21085,0.0771344951221689
0.21292,0.0701056741472467
0.21458,0.0625707790703725
0.21582,0.0545366251194993
0.21661,0.0460029116210724
0.21693,0.0369711634876354
0.21677,0.0274518768660197
0.21612,0.0174626472066311
0.21495,0.00701167516178821
0.21326,-0.00387832315234343
0.21102,-0.0151956143108336
0.20824,-0.0269079556253219
0.20491,-0.0389821329004523
0.20101,-0.051392351606528
0.19654,-0.064104651843994
0.19151,-0.0770719748932963
0.1859,-0.0902601266420343
0.17974,-0.103609228441253
0.17302,-0.117069899989018
0.16576,-0.130580402445882
0.15796,-0.14408555333823
0.14965,-0.157514851441211
0.14084,-0.170802253734157
0.13156,-0.183872445995932
0.12183,-0.196652241827799
0.11169,-0.209057559542778
0.10115,-0.221020226166675
0.090269,-0.232450778842183
0.079069,-0.243272673913337
0.067595,-0.253405179745478
0.05589,-0.262768226650765
0.043994,-0.271287067767662
0.031958,-0.278885575199944
0.019829,-0.285491993473499
0.0076529,-0.291041342957844
-0.0045128,-0.295467811803933
-0.016622,-0.298715673069863
-0.028617,-0.300730825399977
-0.040446,-0.30146688652179
-0.052053,-0.300882438701265
-0.063386,-0.298944746993175
-0.074388,-0.295625871567155
-0.085001,-0.29090235932735
-0.095179,-0.284764480633324
-0.10486,-0.277202595039653
-0.114,-0.268221285651205
-0.12254,-0.257825949440629
-0.13043,-0.24602968873579
-0.13763,-0.232859371532902
-0.1441,-0.218352734282414
-0.14978,-0.202540933697362
-0.15464,-0.185471582474743
-0.15866,-0.167212054260444
-0.16178,-0.147814614178013
-0.16398,-0.127347810783058
-0.16524,-0.105891712414444
-0.16553,-0.0835263262842032
-0.16483,-0.060336995648223
-0.16314,-0.0364259462810605
-0.16044,-0.0118915158751192
-0.15672,0.0131663639139677
-0.15199,0.0386344636529336
-0.14624,0.0644068112258258
-0.1395,0.0903567551848701
-0.13177,0.116366815598225
-0.12307,0.142315587625432
-0.11343,0.168074750787807
-0.10287,0.193521685500761
-0.09143,0.218527364959256
-0.079143,0.242966787980104
-0.06605,0.266716242028359
-0.052202,0.289649636542279
-0.037641,0.311649707319903
-0.022424,0.332599113235851
-0.0066005,0.352389945188921
0.0097642,0.370913947193019
0.026614,0.388073163082418
0.043886,0.403776441541828
0.061516,0.417940532436362
0.079436,0.43048892867554
0.097582,0.441356533215593
0.11588,0.450482770763602
0.13428,0.457831061548651
0.15269,0.463355070695391
0.17105,0.467026463967385
0.1893,0.468833116533982
0.20736,0.468762434666552
0.22518,0.466824866515477
0.24267,0.463020436890904
0.25978,0.457371161559906
0.27643,0.449894774737291
0.29257,0.440627989863775
0.30814,0.429615115901036
0.32306,0.416891230955134
0.33729,0.402513164169409
0.35075,0.386524670391851
0.36339,0.368980407469284
0.37515,0.349935326812408
0.38599,0.329458248869897
0.39584,0.307605406686929
0.40465,0.284436363367864
0.41238,0.260019296887214
0.41898,0.234420197915019
0.4244,0.207701563850108
0.42861,0.179936175846558
0.43156,0.151188308005146
0.43322,0.121528342016335
0.43356,0.0910295531257329
0.43254,0.0597580117963062
0.43015,0.027794176026532
0.42637,-0.00477969232229312
0.42118,-0.0378823495619531
0.41456,-0.0714358599001472
0.40651,-0.105352601079467
0.39703,-0.139539862056191
0.38612,-0.173903706858725
0.37379,-0.208344758159421
0.36005,-0.242762370044207
0.34492,-0.277050661859801
0.32843,-0.311095489922442
0.31059,-0.344794443841389
0.29144,-0.378035721690834
0.27103,-0.410696173059991
0.24939,-0.442662229419018
0.22657,-0.473816981445573
0.20261,-0.504052081218097
0.17758,-0.533247562276429
0.15154,-0.561285485621453
0.12455,-0.588053514557567
0.096676,-0.613443248105205
0.067985,-0.637352504347161
0.038556,-0.659678887294981
0.0084655,-0.680325347872482
-0.022209,-0.699201952332018
-0.053383,-0.716222698755062
-0.084974,-0.731309512917843
-0.1169,-0.744394157750541
-0.14906,-0.755405093121351
-0.18138,-0.764290982731251
-0.21376,-0.770999908711469
-0.24611,-0.775489245316236
-0.27836,-0.777740751646331
-0.31039,-0.777720311940514
-0.34214,-0.775427218513509
-0.37349,-0.770844235714009
-0.40438,-0.763986495256753
-0.43472,-0.754873459417653
-0.46441,-0.743520960811205
-0.49339,-0.729971797124132
-0.52156,-0.714260468822637
-0.54886,-0.696444083072214
-0.57521,-0.676582235124844
-0.60052,-0.65472805825593
-0.62475,-0.630965477900763
-0.64781,-0.605364416995667
-0.66965,-0.578011549760742
-0.69021,-0.548997597954653
-0.70943,-0.518414316397122
-0.72725,-0.486351958101252
-0.74362,-0.452904589920488
-0.7585,-0.418174210777281
-0.77185,-0.382266409739023
-0.78362,-0.345279313635371
-0.79379,-0.307324389804392
-0.80231,-0.268498430421041
-0.80915,-0.228898270891859
-0.8143,-0.188632594155873
-0.81773,-0.147801514565841
-0.81943,-0.106509884659805
-0.81937,-0.0648482643603107
-0.81755,-0.0229148897777726
-0.81397,0.019189040134609
-0.80861,0.0613780571057929
-0.80148,0.103560137966006
-0.79259,0.1456411247789
-0.78194,0.18753575287218
-0.76954,0.229161540355925
-0.75541,0.270433810163148
-0.73958,0.311261740862794
-0.72205,0.35157493514011
-0.70285,0.391299946824138
-0.68202,0.430356241429249
-0.65959,0.468667906942109
-0.63559,0.50616557806562
-0.61006,0.542780428541041
-0.58305,0.578439313029337
-0.55458,0.613090544293768
-0.52473,0.646657547893355
-0.49353,0.679083498057433
-0.46105,0.710300205211792
-0.42734,0.740247708126667
-0.39245,0.768875051936481
-0.35646,0.796118491259725
-0.31943,0.821921217210103
-0.28143,0.846226875535639
-0.24254,0.868974323855656
-0.20283,0.890108309841368
-0.16238,0.90957312557302
-0.12126,0.927322293333108
-0.079577,0.943291361575152
-0.037404,0.957428940115013
0.005166,0.969681427507128
0.04804,0.979995549722212
0.091122,0.988318168017431
0.13432,0.99460129082498
0.17752,0.998786742236421
0.22064,1.00083399872741
0.26356,1.00069039097049
0.30619,0.998317689534981
0.34842,0.993676169282339
0.39014,0.986726590159165
0.43124,0.977431764520829
0.47163,0.965772550571794
0.5112,0.951730687660378
0.54984,0.93528971688084
0.58746,0.916450444701485
0.62394,0.895205958623285
0.6592,0.871573436720575
0.69313,0.845567361911211
0.72563,0.817207555680145
0.75663,0.786540267649541
0.78603,0.75361008366129
0.81376,0.718481662567136
0.83972,0.681212304255893
0.86386,0.641889143917214
0.8861,0.600599134297847
0.90639,0.557449177674242
0.92468,0.512559580485782
0.9409,0.466043568480524
0.95504,0.418050046092803
0.96703,0.368708305678085
0.97688,0.318187436005328
0.98454,0.266639542645123
0.99001,0.214235695485897
0.99329,0.161157335374541
0.99436,0.107574203475126
0.99323,0.0536637346253679
0.98991,-0.000395793042289806
0.98443,-0.0544160871488704
0.97679,-0.108228770678938
0.96704,-0.161649904598972
0.95519,-0.214518438007267
0.94129,-0.266667505613251
0.92538,-0.317938489472597
0.90751,-0.368177394243895
0.88772,-0.417246648523656
0.86607,-0.465012046382411
0.84261,-0.511354355877068
0.81741,-0.556156118804931
0.79054,-0.59930576679985
0.76205,-0.640715581494534
0.73203,-0.680291180096329
0.70054,-0.717958855300661
0.66767,-0.753642678172002
0.63348,-0.787290458128619
0.59807,-0.81884225036154
0.5615,-0.848264309498046
0.52388,-0.875509170620732
0.48528,-0.900550349611749
0.44579,-0.923365342219158
0.4055,-0.943936567932636
0.36449,-0.962259344657603
0.32287,-0.978318342407602
0.28071,-0.992120593453873
0.23811,-1.00366969184278
0.19517,-1.01296722040382
0.15196,-1.02003607767986
0.10859,-1.02488690337111
0.065149,-1.02753639140527
0.021721,-1.02800999687623
-0.0216,-1.02633274866612
-0.064723,-1.02253141618293
-0.10756,-1.01663615452174
-0.15001,-1.00866985555441
-0.192,-0.99867002571835
-0.23344,-0.986672716282296
-0.27425,-0.972719538631081
-0.31432,-0.956833538320328
-0.3536,-0.939066747284017
-0.39199,-0.91945636908128
-0.42942,-0.898048983869944
-0.46581,-0.874890185145796
-0.50109,-0.850031011793398
-0.53518,-0.823518161564388
-0.56802,-0.795408368324589
-0.59954,-0.765757509551371
-0.62969,-0.734634008981881
-0.65839,-0.70209229937243
-0.68559,-0.668196132616235
-0.71125,-0.633022300329797
-0.7353,-0.596633686849035
-0.75771,-0.559109645742759
-0.77843,-0.520525646167039
-0.79742,-0.480959127782475
-0.81465,-0.440494132139473
-0.83008,-0.399210041632441
-0.84369,-0.357194779099021
-0.85545,-0.31453300529812
-0.86535,-0.27131885025264
-0.87338,-0.227651109397404
-0.87951,-0.183614428299894
-0.88375,-0.13930884131864
-0.88609,-0.094828775167119
-0.88654,-0.0502758323053625
-0.88511,-0.00575408750872392
-0.88179,0.0386485885385073
-0.87661,0.0828308224104162
-0.86959,0.126691147142363
-0.86075,0.170131431423174
-0.85011,0.213059585561412
-0.8377,0.255384216721832
-0.82357,0.2970029228913
-0.80774,0.337830133602765
-0.79025,0.377782153788932
-0.77116,0.416765078139681
-0.7505,0.454702297032398
-0.72832,0.491519249725334
-0.70469,0.527131090891151
-0.67966,0.561462591647267
-0.65327,0.594456537993677
-0.6256,0.626043062242023
-0.5967,0.656167015127288
-0.56664,0.684772653017079
-0.53549,0.711806094761778
-0.5033,0.737232031008863
-0.47014,0.76101711880578
-0.43609,0.783123923682562
-0.40121,0.803528298566692
-0.36557,0.822210834530193
-0.32924,0.839157220384623
-0.29229,0.854358368073762
-0.2548,0.8678029465757
-0.21682,0.879500971333787
-0.17844,0.889450459346234
-0.13972,0.897662596745619
-0.10074,0.904144656434128
-0.061551,0.908922536537387
-0.02224,0.912010330084785
0.017128,0.913428956333602
0.056485,0.913202462083856
0.095762,0.911356401829874
0.13489,0.907917191618274
0.1738,0.902911524672743
0.21242,0.896363633780708
0.2507,0.888311603141363
0.28855,0.878774268542265
0.32592,0.867784168164348
0.36274,0.855369335660486
0.39894,0.841553509694919
0.43446,0.826363777432058
0.46923,0.809821831758193
0.50318,0.791944436558238
0.53627,0.772766098714779
0.56841,0.752297702549151
0.59954,0.73055292761143
0.62962,0.707562054944361
0.65856,0.683330893423943
0.68631,0.657874857523531
0.71281,0.631209192000908
0.73801,0.603355895678201
0.76184,0.574326935676226
0.78425,0.544140554392195
0.80519,0.512819453594654
0.82461,0.480389218619868
0.84247,0.446884368267626
0.8587,0.412323407114747
0.87329,0.376755685612449
0.88617,0.340209611552248
0.89733,0.302740196614925
0.90673,0.264400110434405
0.91433,0.225238587949167
0.92012,0.185322797478811
0.92407,0.144717601074797
0.92618,0.103506263103259
0.92641,0.0617548619369832
0.92478,0.019557978217212
0.92127,-0.0229992108778988
0.91588,-0.0658268946171029
0.90864,-0.108812079612365
0.89954,-0.151856040822017
0.8886,-0.194852410185447
0.87585,-0.237684555533111
0.86131,-0.28023856083755
0.84502,-0.322391472493336
0.827,-0.364031691577416
0.8073,-0.405038182891193
0.78595,-0.44530098802992
0.76302,-0.48469313199669
0.73854,-0.523107625464754
0.71257,-0.560435036972558
0.68516,-0.596575105394179
0.65637,-0.631431096358104
0.62626,-0.664912582882536
0.59489,-0.696937540477666
0.56234,-0.727419036966166
0.52864,-0.756306412656365
0.49389,-0.783528788359497
0.45814,-0.809038803110223
0.42146,-0.832795467490101
0.38393,-0.85475756528885
0.3456,-0.874907899551255
0.30656,-0.893220416045502
0.26687,-0.909685673527755
0.22662,-0.924286522198933
0.18585,-0.937037833381315
0.14466,-0.947936297411763
0.10311,-0.956994345496596
0.061276,-0.964225608551321
0.019228,-0.969649394438102
-0.022959,-0.973285961872823
-0.065213,-0.975158552273571
-0.10746,-0.975291200437617
-0.14963,-0.973711337891051
-0.19165,-0.970446578505273
-0.23345,-0.965526514751874
-0.27495,-0.958974452678058
-0.31609,-0.95082305744153
-0.35679,-0.941097098613404
-0.397,-0.929836694486213
-0.43663,-0.917063842013131
-0.47562,-0.902807644439111
-0.51391,-0.887102237644306
-0.55143,-0.869977572538318
-0.58812,-0.851466858567687
-0.6239,-0.83159026024065
-0.65872,-0.810379047481913
-0.69251,-0.787857773234094
-0.72522,-0.764059654468201
-0.75678,-0.739009143301958
-0.78714,-0.71273767503022
-0.81623,-0.685266577940811
-0.84401,-0.656630528539044
-0.87042,-0.626859121101635
-0.8954,-0.59597692673056
-0.91891,-0.564018446296362
-0.94088,-0.531002915339077
-0.96129,-0.496973552720623
-0.98007,-0.461954607451846
-0.9972,-0.425991185591506
-1,-0.379777847586003
-1,-0.324614334014814
-1,-0.26385909625626
-1,-0.200382552354233
-1,-0.136595847656669
-1,-0.0744821832200091
-1,-0.0156300999487904
-1,0.0387318979818969
-1,0.0876999818194235
-1,0.13065946976085
-1,0.167249659241472
-1,0.197329496178159
-1,0.220944499510276
-1,0.238295297896107
-1,0.249708072452845
-1,0.255607136800467
-1,0.256489824905249
-0.98553,0.263608831173224
-0.96611,0.278861219360114
-0.94471,0.301402159511564
-0.92138,0.330350287376697
-0.89612,0.364845368982559
-0.86899,0.404014237890728
-0.83999,0.447033722836289
-0.80919,0.493085128867964
-0.77662,0.541399907367591
-0.74232,0.591259206184079
-0.70636,0.641978367336324
-0.66878,0.692938752938063
-0.62966,0.743560654019606
-0.58905,0.793332871316065
-0.54703,0.841790967363439
-0.50366,0.888535989472544
-0.45903,0.933211279285267
-0.41321,0.975519987109248
-0.36629,1.01520830393066
-0.31835,1.05207320965219
-0.2695,1.08593794283128
-0.21981,1.11668339680823
-0.16939,1.14421279900384
-0.11834,1.16845963970156
-0.066764,1.189382874566
-0.014772,1.20696085092363
0.03753,1.22119321514697
0.090031,1.23209513608881
0.14261,1.2396884296425
0.19517,1.24401925090545
0.24757,1.24512129832963
0.29971,1.24304920629186
0.35146,1.23785226658912
0.4027,1.22958284117712
0.45332,1.21830293148935
0.50319,1.20406691722131
0.55219,1.18692990989095
0.6002,1.16694695580988
0.6471,1.14417229479905
0.69278,1.11866608720189
0.73711,1.09047740790346
0.77999,1.05966772436911
0.8213,1.02629244495274
0.86093,0.990408325295848
0.89878,0.952079335954007
0.93476,0.911381152723346
0.96875,0.868374834822555
1,0.822642026498983
1,0.752851171094312
1,0.665555633612164
1,0.566507079914075
1,0.460685448150568
1,0.352335381291093
1,0.245008169702425
1,0.141608184189728
1,0.0444427529669492
1,-0.0447255560929051
1,-0.12462525016807
1,-0.194421766287975
1,-0.253663732853462
1,-0.302230415416455
1,-0.340281026842129
1,-0.368206479981635
1,-0.386584057644578
1,-0.396135372719449
1,-0.397687893019297
1,-0.39214021265973
1,-0.38043116592796
1,-0.36351280172097
1,-0.342327167424991
1,-0.317786790982965
1,-0.290758698992845
0.99371,-0.266705163519293
0.96184,-0.264273276336012
0.92802,-0.28051871453294
0.89234,-0.312572725298287
0.8549,-0.357670271159842
0.8158,-0.413181667683778
0.77513,-0.476645875262238
0.73302,-0.545759535284396
0.68957,-0.61841901149924
0.64488,-0.692729761320505
0.59908,-0.766988800347278
0.55229,-0.83969735531202
0.50461,-0.909575016134515
0.45619,-0.975515268399131
0.40712,-1.03662776713855
0.35754,-1.09218645487343
0.30756,-1.14164342145397
0.25732,-1.18459161204308
0.20693,-1.2207758360164
0.15652,-1.25006089119815
0.1062,-1.27243236952614
0.056103,-1.28796226045936
0.0063395,-1.29681241956541
-0.042972,-1.29921216878515
-0.091717,-1.29544699701146
-0.13978,-1.28584386938176
-0.18706,-1.27076931264643
-0.23344,-1.25060380511406
-0.27882,-1.22574468387237
-0.32311,-1.19660238070561
-0.3662,-1.16357438307492
-0.40801,-1.12706109451924
-0.44845,-1.08744851709338
-0.48743,-1.04510165294385
-0.52488,-1.00037413768984
-0.56071,-0.953586369695443
-0.59487,-0.905052811581165
-0.62729,-0.855059504813045
-0.65791,-0.803868639208229
-0.68667,-0.751715248158054
-0.71353,-0.698819871057242
-0.73845,-0.645384210762315
-0.76139,-0.591588018623287
-0.78231,-0.537587066187979
-0.80119,-0.483526861317028
-0.81801,-0.429539144035439
-0.83276,-0.375746803761847
-0.84541,-0.32224587940271
-0.85598,-0.269143526668835
-0.86446,-0.216529190495877
-0.87085,-0.164481447290322
-0.87517,-0.113081225962787
-0.87743,-0.0624002608310773
-0.87766,-0.0125142599767713
-0.87587,0.0365161229478496
-0.87211,0.0846158119844021
-0.86639,0.131731045869855
-0.85877,0.177791018456302
-0.84928,0.222736526600475
-0.83798,0.26649833363584
-0.8249,0.309024330739745
-0.81011,0.350249176566084
-0.79365,0.390121907840004
-0.7756,0.428576009249428
-0.75601,0.46555743106657
-0.73495,0.501009835554261
-0.7125,0.534870135136584
-0.68871,0.567094624888987
-0.66366,0.597635149147229
-0.63744,0.6264347746753
-0.61012,0.6534466814968
-0.58178,0.678626916633733
-0.5525,0.701935859343551
-0.52237,0.723331869406703
-0.49146,0.74278838423037
-0.45987,0.760270305767053
-0.42767,0.775759540816407
-0.39496,0.789230741159202
-0.36183,0.800661492900331
-0.32835,0.810047816848053
-0.29461,0.817386580940144
-0.26071,0.822668667452325
-0.22673,0.825895764521534
-0.19274,0.827086193266028
-0.15885,0.826242165029581
-0.12513,0.823382931761529
-0.091666,0.818529604210641
-0.058534,0.811712066468741
-0.025822,0.802958008521358
0.0063993,0.792305770865063
0.038049,0.779794039381468
0.069057,0.765469020970205
0.099354,0.749382592469012
0.12887,0.731589510161107
0.15754,0.712149255312233
0.1853,0.691124393631485
0.21209,0.668581345174749
0.23787,0.644602695312589
0.26257,0.619259675328086
0.28616,0.592641998100758
0.30859,0.564837001039451
0.32981,0.535927641284492
0.34979,0.506005727427597
0.36851,0.475174915565623
0.38593,0.443530589476094
0.40203,0.41117339078622
0.41678,0.37819774587376
0.43018,0.34471232009602
0.4422,0.31081171749345
0.45284,0.276598368828667
0.46209,0.242170343173207
0.46995,0.207626396083343
0.47641,0.173055190788432
0.48149,0.138556424447384
0.48519,0.104220566051745
0.48752,0.0701349296381877
0.48849,0.0363812265572154
0.48812,0.00304111538718142
0.48643,-0.0298067317331152
0.48344,-0.062088925067212
0.47918,-0.0937316830182552
0.47367,-0.124671065635775
0.46695,-0.154838781556753
0.45904,-0.184180444691852
0.44999,-0.212632943680216
0.43982,-0.240150798056797
0.42858,-0.266682559063841
0.41632,-0.292174118715636
0.40307,-0.316586217059963
0.38888,-0.339878575832383
0.3738,-0.362011915430042
0.35789,-0.382942132960118
0.34119,-0.402637901388873
0.32375,-0.421072322311165
0.30565,-0.438201273347845
0.28693,-0.453998144061896
0.26765,-0.468436985551882
0.24788,-0.481486296176734
0.22768,-0.493118921722444
0.20711,-0.503312506172612
0.18623,-0.512049717560679
0.16511,-0.519310886219172
0.14381,-0.525082901823078
0.12241,-0.529344002402097
0.10095,-0.532096094948116
0.079507,-0.533333228794869
0.058141,-0.533056308747508
0.036917,-0.531268473883877
0.015891,-0.527981647040266
-0.004873,-0.523208988013619
-0.02532,-0.516971324999124
-0.045394,-0.509294714037497
-0.065038,-0.50020830646585
-0.084198,-0.489745473175877
-0.10283,-0.477949744046439
-0.12088,-0.46486450596163
-0.1383,-0.450536497260753
-0.15505,-0.435019974325492
-0.17109,-0.418373921033903
-0.18638,-0.400659637868362
-0.20088,-0.381938694105905
-0.21455,-0.362271223308971
-0.22737,-0.341729335889699
-0.23931,-0.320385395785264
-0.25034,-0.298309922651725
-0.26045,-0.275584697350789
-0.2696,-0.25227601261343
-0.27779,-0.228465244251794
-0.285,-0.204228686799094
-0.29122,-0.179643590156979
-0.29644,-0.154785565247921
-0.30066,-0.129733899683002
-0.30387,-0.104560924624734
-0.30608,-0.0793457840354986
-0.30729,-0.0541631426762132
-0.3075,-0.0290815727475887
-0.30673,-0.00417717768595418
-0.30498,0.0204852239013131
-0.30228,0.0448300068286766
-0.29863,0.0687976059329268
-0.29405,0.0923287900257006
-0.28858,0.115351990403375
-0.28222,0.137817783036382
-0.27501,0.15966694906606
-0.26699,0.180834573260981
-0.25818,0.201268277984703
-0.24862,0.220913017099848
-0.23835,0.239713684505768
-0.2274,0.257624610425108
-0.21584,0.274579986951957
-0.20368,0.290544506972073
-0.19099,0.305464637398439
-0.17782,0.319288983403925
-0.1642,0.331984632900426
-0.1502,0.343505479319738
-0.13586,0.353818795887315
-0.12123,0.362896712500047
-0.10638,0.370701817275104
-0.091338,0.377221637313738
-0.07617,0.382436606775546
-0.060926,0.386334358303221
-0.045653,0.388911414908626
-0.030402,0.390169128838317
-0.015222,0.390114697017382
-0.00015782,0.388763412123835
0.014743,0.386135134231977
0.029441,0.382259283538008
0.043886,0.377164675190656
0.058045,0.370891936526614
0.071874,0.36348232577649
0.085341,0.354985672933772
0.098408,0.345453199023615
0.11104,0.334938302083559
0.12322,0.323508181264747
0.1349,0.31121656229559
0.14607,0.298133044948546
0.1567,0.284323400375363
0.16677,0.269855936178388
0.17626,0.254799115025533
0.18516,0.239226984654662
0.19344,0.223201178134128
0.2011,0.206793663526274
0.20813,0.190075191531289
0.21452,0.173113382088013
0.22026,0.155971225026999
0.22535,0.138713353839468
0.22979,0.121403637874545
0.23357,0.104095841612098
0.2367,0.086848521037688
0.23918,0.069714700669663
0.24102,0.0527484775998678
0.24222,0.0359955109543735
0.24279,0.0195003558920832
0.24274,0.00330499940264456
0.24207,-0.0125596526431023
0.2408,-0.0280581646690713
0.23894,-0.0431602892739471
0.2365,-0.0578412603116014
0.2335,-0.0720744851035899
0.22994,-0.085847880326887
0.22585,-0.0991396718433426
0.22123,-0.111943501941828
0.2161,-0.12425126920563
0.21048,-0.136054118648753
0.20438,-0.147350629706434
0.19782,-0.158138411274976
0.19082,-0.168414726533055
0.18339,-0.178184377169165
0.17556,-0.187443653065328
0.16734,-0.196197176447377
0.15875,-0.204449052352697
0.14981,-0.212203127880827
0.14055,-0.219455786443266
0.13098,-0.226212498697146
0.12113,-0.232471326843921
0.11102,-0.238231994103323
0.10067,-0.243495738546528
0.0901,-0.248265146649716
0.079342,-0.252535096296243
0.068417,-0.256302651884657
0.057343,-0.259569056565847
0.046147,-0.262332351457138
0.034855,-0.264588897375189
0.023486,-0.266339073375666
0.012065,-0.267582146971295
0.0006159,-0.268317414979283
-0.01084,-0.268546225132317
-0.022279,-0.268269849835607
-0.033678,-0.267489987999467
-0.045016,-0.266210261983005
-0.056268,-0.26443285729838
-0.067415,-0.262163241542119
-0.078435,-0.259407221066969
-0.089302,-0.256167814225015
-0.1,-0.252453149777706
-0.11051,-0.248273081469893
-0.12079,-0.243621614547861
-0.13085,-0.238518611819792
-0.14065,-0.23296729958594
-0.15018,-0.226979614685015
-0.15941,-0.22055941298095
-0.16832,-0.21371132633895
-0.17691,-0.206455272291397
-0.18513,-0.198785980346791
-0.19299,-0.190722369232232
-0.20046,-0.182272752995997
-0.20753,-0.173451451353598
-0.21417,-0.164262424274093
-0.22037,-0.154715926061948
-0.22612,-0.144826969454191
-0.23139,-0.134599172766841
-0.23617,-0.124041610451803
-0.24045,-0.113167456922199
-0.24422,-0.101992792471381
-0.24744,-0.090513370646211
-0.25012,-0.0787455756794219
-0.25224,-0.0666997330391784
-0.25378,-0.0543809480440754
-0.25473,-0.0417973022407594
-0.25509,-0.0289663841145157
-0.25483,-0.0158907256045332
-0.25394,-0.00257536565520572
-0.25242,0.0109654596165691
-0.25027,0.0247105470194781
-0.24746,0.0386558908767583
-0.24399,0.0527893512861055
-0.23987,0.0670852428068486
-0.23508,0.0815298993753814
-0.22964,0.0960902004573689
-0.22352,0.110755281358354
-0.21676,0.125480829101483
-0.20933,0.140248604210801
-0.20127,0.155010200547828
-0.19257,0.169731264859264
-0.18325,0.184367613925829
-0.17333,0.198868449887274
-0.16282,0.213186531475469
-0.15174,0.227271511470371
-0.14012,0.241064669738662
-0.12798,0.254509694573426
-0.11536,0.267539142919791
-0.10226,0.280108220261668
-0.088747,0.292142311557036
-0.074835,0.303584236342492
-0.060566,0.314371995228464
-0.045978,0.324444658658649
-0.031112,0.333741926595073
-0.01601,0.342205257813774
-0.0007171,0.349777200703545
0.014719,0.35640121249599
0.030252,0.362024463429296
0.045834,0.366597796540838
0.061412,0.37007302374574
0.076932,0.372403760748873
0.092347,0.373551975726838
0.1076,0.373480484179062
0.12263,0.372151315377379
0.13739,0.369537724017562
0.15182,0.365613610229465
0.16587,0.360361982668987
0.17948,0.353766741296808
0.19261,0.345828209177926
0.20517,0.336523434180736
0.21714,0.325863522702348
0.22845,0.313850198467655
0.23906,0.300500188068653
0.24891,0.285827474491675
0.25796,0.269858621732661
0.26615,0.25261518217662
0.27344,0.234129196458967
0.27979,0.214440587639811
0.28516,0.193594827227158
0.28951,0.171640872338628
0.2928,0.148629369377584
0.29501,0.124625912296815
0.29609,0.0996843196321602
0.29603,0.0738771267573882
0.29481,0.0472826550300103
0.2924,0.0199744012121713
0.28879,-0.00796525556857744
0.28396,-0.0364564748135919
0.27792,-0.0654015531821808
0.27066,-0.0947059656435952
0.26217,-0.124280498487511
0.25248,-0.154013300851033
0.24158,-0.183807154642608
0.22949,-0.213557410943857
0.21624,-0.243149243073307
0.20184,-0.272477923027628
0.18634,-0.30142057219083
0.16976,-0.32986567848341
0.15215,-0.357692258399959
0.13354,-0.384790336102881
0.114,-0.411032827184251
0.093567,-0.436307348781788
0.072311,-0.460492699956613
0.050292,-0.483471975565647
0.027578,-0.505129741765318
0.0042432,-0.525351086411458
-0.019638,-0.544025305903191
-0.043984,-0.561043616860751
-0.068714,-0.576303202837714
-0.09374,-0.589704424867182
-0.11897,-0.601150873497917
-0.14432,-0.610558214547871
-0.1697,-0.61785066448212
-0.195,-0.62294757782426
-0.22014,-0.625789736102923
-0.24502,-0.626322998367462
-0.26954,-0.624499777669632
-0.29362,-0.620294834329818
-0.31715,-0.613680426874731
-0.34004,-0.604643296686528
-0.3622,-0.593183150511425
-0.38354,-0.579311066351691
-0.40398,-0.56305526636227
-0.42343,-0.544450482926297
-0.4418,-0.523536552701085
-0.45902,-0.500371873767987
-0.47501,-0.475021517937257
-0.4897,-0.447562199195978
-0.50302,-0.418078502513158
-0.5149,-0.386659559734055
-0.52528,-0.353403563509797
-0.53412,-0.318428486986357
-0.54134,-0.281835754030583
-0.54692,-0.243755255861101
-0.5508,-0.204306849849295
-0.55295,-0.163621278935632
-0.55333,-0.121827074676959
-0.55192,-0.079062166396781
-0.54869,-0.0354607258184159
-0.54363,0.00883522751160887
-0.53672,0.053688940175507
-0.52796,0.0989572417505797
-0.51734,0.144503552862784
-0.50488,0.190178677222392
-0.49058,0.235842685794069
-0.47446,0.281352788526084
-0.45655,0.326561086171022
-0.43687,0.37132772961303
-0.41545,0.415516577829038
-0.39235,0.458976855801528
-0.3676,0.501573159305583
-0.34128,0.54315010659058
-0.31342,0.583578363228449
-0.2841,0.622717139710458
-0.2534,0.66042127469233
-0.2214,0.696547070393972
-0.18817,0.730964382640552
-0.1538,0.763543860164237
-0.11841,0.794139261631366
-0.082068,0.822634296416348
-0.044898,0.848899746481827
-0.0070023,0.872816726577468
0.031507,0.894271868555463
0.070514,0.913157745571268
0.1099,0.929373801660664
0.14955,0.942831729846657
0.18934,0.953450093001856
0.22915,0.96115941486535
0.26885,0.965895600466545
0.30833,0.967616659989942
0.34746,0.966286006346829
0.38611,0.961873609197905
0.42418,0.954378898089443
0.46154,0.943804042726262
0.49808,0.930169273582103
0.53371,0.91352470043627
0.56829,0.893907228109335
0.60175,0.871394842041912
0.63397,0.84606046080527
0.66487,0.818001353436987
0.69436,0.78732513859257
0.72235,0.754145531548704
0.74879,0.718608237366247
0.77358,0.680844323850332
0.79668,0.641014261164003
0.818,0.59926117731069
0.83752,0.555762271978798
0.85518,0.510687905309163
0.87093,0.46420567184146
0.88476,0.416505822041476
0.89661,0.367754495574455
0.90648,0.318137899589329
0.91435,0.267838125188187
0.9202,0.217028465619636
0.92404,0.165891961232434
0.92585,0.114591633182728
0.92565,0.06329870280676
0.92345,0.0121780724233773
0.91927,-0.0386084771130423
0.91312,-0.0889144811677808
0.90504,-0.138588691954932
0.89504,-0.187503421698875
0.88319,-0.235510243122472
0.86949,-0.282500994860191
0.85401,-0.328352385791947
0.83678,-0.372963113190179
0.81785,-0.416238832778019
0.79728,-0.458087263675972
0.77512,-0.498428966030972
0.75143,-0.537190887182721
0.72626,-0.574315769643568
0.69967,-0.609754509640892
0.67173,-0.643459754739207
0.64251,-0.675388047978064
0.61206,-0.705516203144276
0.58046,-0.733816958641367
0.54777,-0.760276392365395
0.51406,-0.784885369832754
0.47941,-0.807632474228606
0.44388,-0.828520495109261
0.40754,-0.847557109123117
0.37048,-0.864739790166967
0.33275,-0.880088223772702
0.29443,-0.893618033091573
0.2556,-0.905341842175779
0.21633,-0.915277540610062
0.17668,-0.923454757100355
0.13673,-0.929897539369641
0.096555,-0.934628973878023
0.056217,-0.937680794844345
0.015782,-0.939088288751487
-0.024678,-0.93888457305899
-0.065098,-0.937105606656271
-0.10542,-0.933794109812505
-0.14557,-0.928985496500636
-0.18549,-0.922720347521346
-0.22513,-0.915048373517973
-0.26442,-0.906010631118278
-0.30331,-0.895654957191917
-0.34174,-0.884026005469618
-0.37967,-0.871179456012274
-0.41703,-0.857156168841785
-0.45378,-0.842006075989458
-0.48986,-0.825770188355155
-0.52524,-0.808503281465515
-0.55986,-0.790247423425234
-0.59368,-0.77104792325188
-0.62665,-0.750943884222696
-0.65873,-0.729975523707582
-0.68987,-0.708175232965012
-0.72004,-0.685582748999775
-0.74919,-0.662227598928602
-0.77729,-0.638144791188685
-0.80429,-0.613357726815226
-0.83016,-0.587894305548602
-0.85485,-0.56177020104848
-0.87835,-0.535020077767545
-0.9006,-0.507655701166597
-0.92157,-0.479691936001985
-0.94124,-0.451152827306546
-0.95958,-0.422061491564566
-0.97655,-0.392432001142373
-0.99213,-0.36228526460805
-1,-0.326986070441303
-1,-0.282818462347671
-1,-0.232841115628717
-1,-0.179679334950202
-1,-0.125549944429922
-1,-0.0722884410877678
-1,-0.0213778997235746
-1,0.0260208934017982
-1,0.0690385933781357
-1,0.10706622933657
-1,0.139724377059833
-1,0.166832989616087
-1,0.188382256136688
-1,0.204504807071103
-1,0.215449530612056
-1,0.22155721115758
-1,0.223238148060363
-1,0.220951862649675
-1,0.215188954501326
-0.98506,0.217507866565332
-0.96844,0.227239585579354
-0.95035,0.243529581675063
-0.9308,0.265534206779215
-0.90984,0.292402442170201
-0.88749,0.323314460064724
-0.86378,0.357483539418066
-0.83875,0.39415790028429
-0.81243,0.432637113836325
-0.78488,0.472255361103004
-0.75612,0.512419666410884
-0.72622,0.552573020781096
-0.69521,0.592230958345832
-0.66315,0.630957956669298
-0.63009,0.668377223457957
-0.5961,0.70415527226468
-0.56122,0.738025675646227
-0.52552,0.769762357745379
-0.48907,0.799179403694063
-0.45192,0.826144784123123
-0.41415,0.850553126068538
-0.37582,0.872340091319906
-0.337,0.891470706830825
-0.29777,0.907929161198666
-0.2582,0.921724803661308
-0.21836,0.932888842289376
-0.17832,0.941471015863578
-0.13815,0.947536314690589
-0.097931,0.951153675748379
-0.057733,0.952402898599787
-0.017626,0.951371661627825
0.022315,0.948149078072346
0.062019,0.942826982137552
0.10142,0.935501499952258
0.14044,0.926261503038983
0.17902,0.915202293488853
0.21709,0.90241416519491
0.25458,0.887981343396285
0.29143,0.871988580014341
0.32757,0.854511573302936
0.36295,0.835631588658233
0.39751,0.815424840976554
0.43119,0.793961400881307
0.46393,0.771304408013645
0.49569,0.747524356472488
0.52642,0.722688192200433
0.55606,0.696850579874151
0.58458,0.67007672609036
0.61194,0.642430892775337
0.6381,0.613974540680756
0.66302,0.584764877392179
0.68668,0.55486856671343
0.70906,0.524357729547473
0.73012,0.493291773156396
0.74985,0.461740029838015
0.76824,0.429777541532409
0.78527,0.397474108832156
0.80093,0.36490037057236
0.81523,0.332140059737734
0.82816,0.299269947403395
0.83973,0.266373424055592
0.84993,0.233521664642158
0.85879,0.2008031199775
0.86631,0.168295050964458
0.87252,0.136085237589589
0.87744,0.104259600453898
0.88108,0.0728922545157803
0.88348,0.0420673571939932
0.88466,0.0118594624236145
0.88466,-0.0176524917387567
0.8835,-0.0464036230845529
0.88123,-0.0743206345022793
0.87789,-0.101333509697696
0.87349,-0.127399652349513
0.86811,-0.152448682898347
0.86175,-0.176449600822895
0.85448,-0.199352950266001
0.84633,-0.221126036853532
0.83734,-0.241743877542309
0.82756,-0.261181697291149
0.81702,-0.279431041557416
0.80578,-0.296475335017094
0.79386,-0.312322136911875
0.78133,-0.326961916343575
0.76821,-0.34040919368787
0.75455,-0.35267587160732
0.74039,-0.363779360130184
0.72576,-0.373748938738578
0.71072,-0.382600951240084
0.6953,-0.390363474137739
0.67953,-0.397073663369688
0.66345,-0.402767951644862
0.64709,-0.407488914324849
0.63049,-0.411275804758265
0.61367,-0.414179155571787
0.59668,-0.416235229679368
0.57953,-0.417497525209027
0.56225,-0.418017306728773
0.54486,-0.417850127236764
0.5274,-0.41703873973896
0.50987,-0.415643990007862
0.4923,-0.413717442335396
0.47471,-0.411309108547194
0.4571,-0.408481076105348
0.43949,-0.405288571137814
0.42188,-0.401794429746782
0.4043,-0.39804354954179
0.38674,-0.39409450240074
0.3692,-0.390007657495451
0.3517,-0.385828149977556
0.33423,-0.381609498599792
0.31679,-0.37740282065288
0.29938,-0.373255586563454
0.282,-0.369210692005554
0.26464,-0.365313210545303
0.24729,-0.361608377091018
0.22996,-0.358125158478354
0.21263,-0.35490040091858
0.19529,-0.351968503438584
0.17794,-0.349353163434018
0.16058,-0.347068390230037
0.14318,-0.345141763427441
0.12574,-0.343588468647334
0.10826,-0.342412890172238
0.090728,-0.341619050685018
0.073137,-0.341206477824002
0.055481,-0.341169969277282
0.037754,-0.341500285857655
0.019956,-0.342180398853444
0.0020816,-0.343191122090157
-0.01587,-0.344508338479367
-0.0339,-0.346104621133837
-0.052003,-0.347945478486181
-0.070186,-0.350000596146196
-0.088438,-0.352230341348262
-0.10676,-0.354597349886428
-0.12514,-0.357057348587986
-0.14357,-0.359564544803701
-0.16205,-0.362079002697799
-0.18057,-0.364559164187853
-0.1991,-0.366948497755985
-0.21765,-0.369209526587314
-0.2362,-0.37129902607455
-0.25473,-0.373170404549099
-0.27323,-0.374783124387169
-0.29167,-0.376087974298279
-0.31004,-0.377045029423516
-0.32833,-0.37762311921967
-0.34651,-0.377784406213802
-0.36455,-0.377486929973799
-0.38245,-0.376708960682656
-0.40017,-0.3754163501436
-0.41769,-0.373580922587307
-0.435,-0.371187748557356
-0.45206,-0.368211090732006
-0.46886,-0.364639670662528
-0.48538,-0.360467073205114
-0.50158,-0.355676489322944
-0.51745,-0.350265652832387
-0.53297,-0.344236971169227
-0.5481,-0.337582046838468
-0.56283,-0.330306440859214
-0.57713,-0.322412275767069
-0.59098,-0.313906479815172
-0.60436,-0.304799893208313
-0.61724,-0.295099034126801
-0.6296,-0.284814344667562
-0.64142,-0.273959320317557
-0.65267,-0.262542316756038
-0.66334,-0.25058224850844
-0.67339,-0.238083970183596
-0.68282,-0.225070553142028
-0.69159,-0.211549643824057
-0.69968,-0.197531107831263
-0.70709,-0.183041175523297
-0.71378,-0.16808903913179
-0.71973,-0.152684728417382
-0.72494,-0.136853477936645
-0.72937,-0.120602533663145
-0.73302,-0.103954020344918
-0.73587,-0.0869266584790288
-0.7379,-0.0695359029705203
-0.7391,-0.0518015193869889
-0.73946,-0.0337461745531729
-0.73896,-0.0153868217390776
-0.73759,0.00325731627324519
-0.73535,0.0221583806096136
-0.73222,0.0412971609179968
-0.7282,0.0606472296356459
-0.72327,0.0801919391284056
-0.71744,0.0999008960275386
-0.7107,0.119748341696471
-0.70306,0.139698265286382
-0.69451,0.159722265585671
-0.68504,0.179798974209014
-0.67468,0.199883839702087
-0.66341,0.219951940667276
-0.65126,0.239958032604736
-0.63822,0.259871452101205
-0.6243,0.279659507439169
-0.60953,0.299274160225996
-0.5939,0.318686068401903
-0.57745,0.337844989479588
-0.56019,0.356707586768813
-0.54213,0.375237483376273
-0.52331,0.393382958423878
-0.50375,0.411096354197865
-0.48347,0.428334831295944
-0.46251,0.445046080111742
-0.44091,0.461171849373991
-0.41868,0.476673143507037
-0.39587,0.491498284887363
-0.37253,0.505587096153834
-0.34868,0.518896681980126
-0.32438,0.531370008466762
-0.29967,0.542955334040271
-0.27459,0.553606949548361
-0.24918,0.563285639158648
-0.22351,0.5719367046179
-0.1976,0.579531824517328
-0.17152,0.586028157797661
-0.14531,0.59139493232317
-0.11902,0.595604973877051
-0.092702,0.598633706155962
-0.066399,0.600466407925675
-0.040159,0.601093447682791
-0.014032,0.600508520355617
0.011934,0.598710080702485
0.037698,0.5957060549184
0.063208,0.591504060331654
0.088424,0.586120516437752
0.1133,0.579574419694313
0.13779,0.571886668116367
0.16186,0.563088310593181
0.18546,0.553206192755778
0.20856,0.542278088036593
0.23112,0.530342387301784
0.25309,0.517429736489619
0.27445,0.503586039733921
0.29517,0.488860991123801
0.31519,0.47328390822669
0.33451,0.45691130163833
0.35309,0.439790523085866
0.37089,0.421960259620913
0.3879,0.403473301152938
0.40409,0.384377520839071
0.41945,0.364730235249298
0.43394,0.344572522489338
0.44756,0.323960685093758
0.46028,0.302939415880225
0.4721,0.281564827855967
0.483,0.259885717108363
0.49298,0.237958216908303
0.50204,0.215842607780455
0.51016,0.193585829476415
0.51736,0.171252083397774
0.52363,0.148895262174262
0.52899,0.126581358733634
0.53343,0.104361816735168
0.53698,0.082304182891063
0.53965,0.060472004141078
0.54146,0.0389309061089252
0.54242,0.0177386232284995
0.54257,-0.0030332660682616
0.54192,-0.0233265691985258
0.54051,-0.0430737180609285
0.53836,-0.0622166646653387
0.5355,-0.0806996899094426
0.53198,-0.0984561646750497
0.52783,-0.115427748055417
0.52308,-0.131564864804303
0.51777,-0.146819485106994
0.51195,-0.161139269272318
0.50565,-0.174485145922244
0.49893,-0.186808156300032
0.49181,-0.198082819707791
0.48435,-0.208274248177539
0.47658,-0.217363653621808
0.46855,-0.225331495436593
0.46031,-0.23215869592203
0.45189,-0.237842378780485
0.44334,-0.242378535916604
0.4347,-0.245770253604851
0.42601,-0.248026734066409
0.4173,-0.249169720341247
0.40863,-0.249208734448709
0.40001,-0.248180567194696
0.39149,-0.246113803368243
0.3831,-0.243044783570112
0.37487,-0.239015429021407
0.36683,-0.234071305697906
0.35901,-0.228259926275481
0.35143,-0.221636682951796
0.34412,-0.214254589742105
0.33708,-0.20618561906066
0.33035,-0.197485592883469
0.32395,-0.188210627372934
0.31787,-0.178437724895911
0.31214,-0.168229027080552
0.30676,-0.157655118152552
0.30174,-0.146783957078398
0.29709,-0.135679383561148
0.29281,-0.124407375296342
0.28891,-0.113026208507856
0.28537,-0.101608282262184
0.2822,-0.0902129430003815
0.2794,-0.0788944753344524
0.27695,-0.0677160391092996
0.27484,-0.0567384723255846
0.27308,-0.0460039129115817
0.27164,-0.0355674335846381
0.27051,-0.0254778190910295
0.26968,-0.0157770249554213
0.26913,-0.00650730163978652
0.26883,0.00228307185223204
0.26877,0.0105575073068483
0.26892,0.0182755045767226
0.26926,0.0254023671648539
0.26977,0.0319094836677213
0.27039,0.0377448059012688
0.27112,0.0428836074845256
0.27192,0.0472947273100782
0.27274,0.0509357179901026
0.27355,0.0537713952819406
0.27432,0.0557738052166861
0.27501,0.056914619259729
0.27557,0.057159007126612
0.27596,0.0564756447737689
0.27614,0.0548372868986409
0.27606,0.0522137244191765
0.27568,0.0485809705931032
0.27495,0.043913705289743
0.27383,0.0381940066912444
0.27228,0.0314107961402136
0.27023,0.0235370154768263
0.26766,0.0145707971637103
0.26452,0.00450882037250085
0.26076,-0.00665294370368714
0.25633,-0.0189186393633691
0.2512,-0.0322772726252594
0.24533,-0.0467130077500185
0.23868,-0.0622062108367317
0.23121,-0.0787344172484169
0.22288,-0.0962732153393859
0.21368,-0.114774847201935
0.20356,-0.134203361724896
0.19251,-0.154503507964361
0.1805,-0.175620579563729
0.16751,-0.197494242672154
0.15352,-0.220061150033525
0.13853,-0.243242374669765
0.12253,-0.266955911742786
0.10551,-0.291119484230444
0.087472,-0.315643991511368
0.068417,-0.340438072006983
0.04836,-0.365400793326309
0.027307,-0.390433068676024
0.0052794,-0.415428815647724
-0.017698,-0.440276938096443
-0.041607,-0.464870498753232
-0.066409,-0.489094088662732
-0.092071,-0.512833145419059
-0.11855,-0.535969949770771
-0.14581,-0.558393104183133
-0.17379,-0.579981388182236
-0.20245,-0.600625064940232
-0.23172,-0.620205077429248
-0.26155,-0.6386135423917
-0.29186,-0.655733031724408
-0.3226,-0.671464531768503
-0.35368,-0.685697759380604
-0.38503,-0.69833193078236
-0.41658,-0.709277482910478
-0.44824,-0.71844240414235
-0.47994,-0.72575087821433
-0.51157,-0.731113520900813
-0.54307,-0.734470309349426
-0.57434,-0.735757861705316
-0.60529,-0.734920132596741
-0.63583,-0.731909429087023
-0.66587,-0.726687000170543
-0.69532,-0.719223262765825
-0.72408,-0.709490325458572
-0.75208,-0.69748547483008
-0.77921,-0.683197651391346
-0.80539,-0.666632377757243
-0.83054,-0.647809187390941
-0.85456,-0.626744356892538
-0.87737,-0.603466600110081
-0.89889,-0.578014546840665
-0.91906,-0.550449199142735
-0.93778,-0.520818959403729
-0.95498,-0.489183468733222
-0.97061,-0.455625062678485
-0.98458,-0.420212983262666
-0.99684,-0.383033967631971
-1,-0.338756596719701
-1,-0.287676561181824
-1,-0.23256211566657
-1,-0.17577236230238
-1,-0.119281414433664
-1,-0.0647048259130584
-1,-0.0133277377960704
-1,0.0338658039647086
-1,0.0761628886089603
-1,0.113091636959542
-1,0.144391412660529
-0.99422,0.174259853955467
-0.9807,0.207563015846148
-0.96511,0.243944325071638
-0.94745,0.283041443394274
-0.92774,0.324478514024496
-0.906,0.367875586363895
-0.88227,0.412842027185652
-0.85658,0.458994151778475
-0.82896,0.505962315830051
-0.79948,0.553367114814093
-0.76816,0.600867411839869
-0.73508,0.648117068735679
-0.70028,0.694804499446046
-0.66385,0.740617383736111
-0.62584,0.785281078147257
-0.58633,0.828537061931936
-0.5454,0.870147544568139
-0.50314,0.909891410388542
-0.45963,0.947575450129737
-0.41497,0.983020618105431
-0.36925,1.01607286606
-0.32257,1.04659649949036
-0.27503,1.0744757884601
-0.22675,1.09960097482621
-0.17781,1.12190121864953
-0.12835,1.14129617606497
-0.07846,1.15773854671656
-0.028263,1.17118608136999
0.022134,1.18161508823934
0.072611,1.18900932759567
0.12305,1.19336189496328
0.17335,1.19468751798767
0.22339,1.19300447039731
0.27305,1.18833535101567
0.32222,1.18071416240752
0.3708,1.17019163685492
0.41867,1.15681682471236
0.46573,1.14065178994961
0.51187,1.12176083474642
0.557,1.1002238565144
0.60101,1.07611703503744
0.64381,1.04952685456044
0.6853,1.02053885627044
0.72541,0.989258097008331
0.76404,0.955780673998915
0.80112,0.9202152964136
0.83657,0.882670673208087
0.87032,0.8432600607965
0.9023,0.802097331942388
0.93246,0.759308507931608
0.96072,0.715003683681847
0.98706,0.669321302953549
1,0.613940469667928
1,0.542761522953515
1,0.460860657986026
1,0.372630525768498
1,0.281814044085118
1,0.191542688268076
1,0.104378412349425
1,0.0223583239232197
1,-0.0529587604864568
1,-0.120444724121379
1,-0.179354318639219
1,-0.229277824550908
1,-0.27009486004916
1,-0.301929912170913
1,-0.325110077423985
1,-0.340125410875587
1,-0.347592195645879
1,-0.348219360760642
1,-0.34277819599419
1,-0.332075438919858
1,-0.316929742796113
1,-0.298151474771647
1,-0.276525742549732
0.99811,-0.254196742646227
0.97464,-0.247519366183372
0.94966,-0.254480115754828
0.92325,-0.273093406587727
0.89549,-0.301429475830738
0.86644,-0.337653233895299
0.83619,-0.380018937147847
0.80481,-0.426903110693659
0.77238,-0.476808036693235
0.739,-0.528355982120878
0.70474,-0.580320243792949
0.66968,-0.631618280507811
0.63392,-0.681296432969474
0.59754,-0.728545011022902
0.56062,-0.772692895166877
0.52326,-0.8131855837159
0.48553,-0.849602056268148
0.44753,-0.881620973212058
0.40934,-0.909028129010584
0.37106,-0.931690263793129
0.33275,-0.949576297067705
0.29451,-0.962712596218944
0.25641,-0.971197092343933
0.21854,-0.975171632331023
0.18097,-0.974827903840515
0.14379,-0.970381052059331
0.10706,-0.96208447808544
0.070852,-0.950209386333239
0.035246,-0.935030461114092
0.00029916,-0.916836692214323
-0.033921,-0.895914837786284
-0.067352,-0.872547218280683
-0.099942,-0.847013880598511
-0.13163,-0.819579464883535
-0.16237,-0.790500614280172
-0.19211,-0.760016372422345
-0.2208,-0.728346591453037
-0.24841,-0.695704258556371
-0.2749,-0.662283253070548
-0.30023,-0.628256222782841
-0.32436,-0.593773289132981
-0.34729,-0.558991070513102
-0.36896,-0.524021872900405
-0.38938,-0.48898997182407
-0.40852,-0.453995265815525
-0.42637,-0.41912897127064
-0.44292,-0.384471685658047
-0.45816,-0.350092102551701
-0.4721,-0.316061087361848
-0.48473,-0.282433403794452
-0.49606,-0.249263010989957
-0.5061,-0.216600649665658
-0.51486,-0.184492017874452
-0.52236,-0.152983863631533
-0.52861,-0.122114113252562
-0.53365,-0.0919337665026857
-0.53749,-0.062479869185796
-0.54017,-0.0337985029753796
-0.54171,-0.00592613045151614
-0.54215,0.0210955741223712
-0.54154,0.0472152699624013
-0.53991,0.0723907616226001
-0.5373,0.0965817157911313
-0.53376,0.119743726903537
-0.52932,0.141845806408725
-0.52405,0.162839735485315
-0.51799,0.182687557703513
-0.51119,0.201353866706113
-0.5037,0.218806911752407
-0.49557,0.235019378447235
-0.48684,0.24997628527856
-0.47758,0.263651426945196
-0.46784,0.276025630484195
-0.45766,0.287093866534355
-0.44711,0.296841015050468
-0.43622,0.305274341450647
-0.42504,0.312404694130854
-0.41364,0.318231231399763
-0.40206,0.322766349465043
-0.39033,0.326040609754456
-0.37852,0.328069236800724
-0.36667,0.328877240990854
-0.35481,0.328504580252009
-0.343,0.326980320285535
-0.33127,0.324346423400462
-0.31966,0.320646961617462
-0.30821,0.315926728140614
-0.29697,0.310222656087721
-0.28595,0.303594043414339
-0.27521,0.29607973587449
-0.26476,0.287738068963815
-0.25464,0.278619347800502
-0.24488,0.268773426055967
-0.23551,0.258248387032634
-0.22654,0.247104288532343
-0.21802,0.235379525962454
-0.20996,0.223123415441497
-0.20237,0.210392562403257
-0.19529,0.197225543866564
-0.18872,0.183674713711975
-0.18269,0.169779686378978
-0.17721,0.155583259931182
-0.1723,0.14112195936073
-0.16796,0.126440756372537
-0.1642,0.111582520990818
-0.16104,0.09657956632765
-0.15847,0.0814766780979564
-0.15651,0.0663049722063801
-0.15516,0.0510981530263301
-0.15441,0.0358981488800856
-0.15428,0.020729860272247
-0.15474,0.00564041376014833
-0.15581,-0.00934373524481877
-0.15746,-0.0241768791157997
-0.1597,-0.0388289475267568
-0.16252,-0.0532688478633044
-0.16589,-0.067451069206316
-0.1698,-0.0813348312920777
-0.17424,-0.0948846045622938
-0.17918,-0.108055611000965
-0.18459,-0.120797167186492
-0.19046,-0.13307032337352
-0.19676,-0.144832205710748
-0.20345,-0.156030901392601
-0.2105,-0.166616358909568
-0.21787,-0.176534337724938
-0.22553,-0.185736443623682
-0.23344,-0.194173286236754
-0.24154,-0.201781601896161
-0.2498,-0.208511216528282
-0.25817,-0.214309472000367
-0.26659,-0.219116149168125
-0.27502,-0.222881764254879
-0.2834,-0.225552465764513
-0.29169,-0.227087573424321
-0.2998,-0.227421604826154
-0.30771,-0.226523066075386
-0.31533,-0.224337419527669
-0.32263,-0.220837872811679
-0.32953,-0.215984237421156
-0.33598,-0.209749287256635
-0.34193,-0.202117472569882
-0.3473,-0.193061391496121
-0.35205,-0.182574889034325
-0.35611,-0.170647398235721
-0.35943,-0.157280342081756
-0.36196,-0.142485230162019
-0.36365,-0.126281847275592
-0.36443,-0.108681756695576
-0.36427,-0.0897195556566728
-0.36311,-0.0694256666504162
-0.36091,-0.0478414631805289
-0.35763,-0.0250163429749092
-0.35323,-0.00100512377470504
-0.34768,0.0241268438046075
-0.34094,0.0503146675331965
-0.33299,0.0774806231659767
-0.32381,0.105538616511416
-0.31336,0.134412841307026
-0.30165,0.164000838747046
-0.28866,0.194203632620775
-0.27438,0.224920395993392
-0.25882,0.256036869984115
-0.24198,0.287438619851125
-0.22386,0.319014387828168
-0.20448,0.350643987014576
-0.18386,0.382203623067482
-0.16203,0.41356293157954
-0.13901,0.444597608795622
-0.11484,0.475177305812263
-0.089554,0.505175314003948
-0.063196,0.534464494637858
-0.035814,0.562918497782926
-0.0074586,0.590413804990665
0.02181,0.616826167682624
0.051933,0.642035929391685
0.082844,0.665925575550701
0.11448,0.688385872853836
0.14676,0.709304803773208
0.17961,0.728577231058867
0.21296,0.746110309527167
0.24672,0.761809799146194
0.28082,0.775598664247632
0.31516,0.787394642250315
0.34966,0.797129277520512
0.38424,0.804748106740559
0.4188,0.81019564947237
0.45327,0.813440300078694
0.48754,0.814441977389195
0.52155,0.81319280821311
0.55519,0.809675090109416
0.58838,0.803886793358877
0.62104,0.795839470851206
0.65308,0.78554878444426
0.68443,0.773048898408964
0.71501,0.758381358213932
0.74474,0.741593271371244
0.77354,0.7227356240119
0.80134,0.701869146396083
0.82809,0.679076118353129
0.8537,0.654424883343329
0.87812,0.628000695031505
0.9013,0.599900479068551
0.92316,0.570206050801582
0.94367,0.539022004595758
0.96277,0.506446419300999
0.98041,0.472576929601056
0.99656,0.437522948585281
1,0.393121901388078
1,0.339905119589218
1,0.281086306288257
1,0.21942296380545
1,0.157241441863744
1,0.0964647213777428
1,0.0386423392488453
1,-0.0150181468070395
1,-0.0636187418692642
1,-0.106538206591757
1,-0.143399380248
1,-0.174037106625732
1,-0.198467180670335
1,-0.216856675303262
1,-0.229495947655419
1,-0.23677256382671
1,-0.239147322694743
1,-0.237132503458209
0.9878,-0.240298075385471
0.97048,-0.251015807216308
0.95158,-0.26841568438126
0.93115,-0.291611435729777
0.90922,-0.319732688897154
0.88583,-0.351929643430873
0.86103,-0.38737758055871
0.83487,-0.425288420645743
0.80739,-0.464927570920391
0.77863,-0.505619721343867
0.74867,-0.546723289365566
0.71755,-0.587668897814297
0.68533,-0.627944834056786
0.65207,-0.66709923785652
0.61783,-0.704740821473779
0.58266,-0.740545702958312
0.54663,-0.774239325062474
0.5098,-0.805603055304272
0.47223,-0.834470851962149
0.434,-0.860710553020328
0.39515,-0.884252366218742
0.35575,-0.905058475854573
0.31588,-0.923112492845652
0.27559,-0.938439912135698
0.23494,-0.951093850222124
0.194,-0.961142730347166
0.15283,-0.968674615371749
0.11149,-0.973792646449656
0.070046,-0.976606383262811
0.028557,-0.977234108439893
-0.012923,-0.975802815937011
-0.054332,-0.972438201491647
-0.095615,-0.967267562505973
-0.13672,-0.960418980790693
-0.17758,-0.952007184148182
-0.21815,-0.942149721126929
-0.25838,-0.930959830744739
-0.29821,-0.918536998533705
-0.3376,-0.904981782446475
-0.37649,-0.89037805833571
-0.41483,-0.874801248537446
-0.45258,-0.858325102163589
-0.4897,-0.841019759022344
-0.52612,-0.822928049331711
-0.56181,-0.804098825720692
-0.59673,-0.784576668626708
-0.63082,-0.76438629517228
-0.66405,-0.743557472008917
-0.69637,-0.722107982010636
-0.72773,-0.700045004158837
-0.7581,-0.677381298345176
-0.78744,-0.654125939726403
-0.8157,-0.630276968732845
-0.84285,-0.605837957125193
-0.86885,-0.580809053530799
-0.89365,-0.555179880527509
-0.91723,-0.528953687828049
-0.93954,-0.502122119686651
-0.96056,-0.474689583445585
-0.98025,-0.446655603466023
-0.99858,-0.418022937894576
-1,-0.377314826312375
-1,-0.327050636792402
-1,-0.270561224377176
-1,-0.210707466821655
-1,-0.149906524270711
-1,-0.0901607300640321
-1,-0.0330885360353339
-1,0.020043074926945
-1,0.0682852872352801
-1,0.110973815087354
-1,0.147695444844678
-1,0.178255226249421
-1,0.202644728005627
-1,0.221011715691243
-1,0.233631550400675
-1,0.240880546769839
-1,0.243211470637949
-1,0.241131300804961
-1,0.23518132714346
-1,0.22591960947284
-1,0.213905778638882
-1,0.199688123505982
-1,0.183792875233792
-0.98804,0.175563685129744
-0.96892,0.178819354846117
-0.94847,0.192066064155639
-0.92675,0.213824255480371
-0.90379,0.242673723563748
-0.87964,0.27725362374619
-0.85435,0.316277752968369
-0.82797,0.358546769554523
-0.80056,0.402950059660723
-0.77218,0.448473825034339
-0.74287,0.494221203422199
-0.7127,0.539389631929184
-0.68174,0.583273329057904
-0.65004,0.625278400012794
-0.61768,0.664895818223458
-0.58471,0.701722374179852
-0.55121,0.735430862544354
-0.51725,0.765773973782557
-0.4829,0.792578161401204
-0.44822,0.81574430155331
-0.41329,0.835224146355448
-0.37817,0.851029575640602
-0.34294,0.863208816002791
-0.30766,0.871855775010246
-0.27241,0.877086615219232
-0.23725,0.879049672181192
-0.20224,0.877917594907047
-0.16745,0.873872747934061
-0.13295,0.867102333389549
-0.098785,0.857812566962994
-0.065027,0.846200905798985
-0.031731,0.83246618919432
0.0010516,0.816806627075642
0.033268,0.799414281015915
0.064867,0.78047278869619
0.095806,0.760160734683128
0.12604,0.738646191138666
0.15553,0.716088648117785
0.18423,0.692631036271109
0.21213,0.668425409827711
0.23917,0.643589703708126
0.26535,0.618255029218753
0.29063,0.592529415858091
0.31499,0.566513504021941
0.33841,0.540298535072389
0.36089,0.513979735729293
0.38241,0.487637398033734
0.40295,0.461336787183308
0.42252,0.435150626338101
0.4411,0.40913265087438
0.4587,0.383341166774071
0.47532,0.357828344316273
0.49095,0.33263176362564
0.50561,0.307797574295013
0.51929,0.283354585524676
0.53201,0.259338233138033
0.54378,0.235780166785223
0.55461,0.212707384353013
0.56451,0.190141678697316
0.57349,0.168099351297181
0.58157,0.146598548284935
0.58876,0.125650365888343
0.59509,0.105274086195729
0.60057,0.0854796945149469
0.60522,0.0662762472041811
0.60906,0.0476712688358932
0.6121,0.0296629383694425
0.61437,0.0122562483792407
0.6159,-0.00453890455745833
0.6167,-0.0207241430630021
0.61679,-0.036303339707199
0.6162,-0.0512750668555952
0.61495,-0.0656414094026121
0.61306,-0.079407554582274
0.61056,-0.0925739631004469
0.60747,-0.105144948261606
0.60382,-0.11712067516843
0.59964,-0.12849819360022
0.59494,-0.139287124228257
0.58977,-0.149477585864143
0.58414,-0.159073999543846
0.57808,-0.168077573118129
0.57163,-0.176479655325254
0.56481,-0.184278803600572
0.55766,-0.19146475984156
0.55019,-0.19804274061938
0.54245,-0.204000837631982
0.53446,-0.209335951204638
0.52625,-0.214044871754853
0.51785,-0.218124492766182
0.5093,-0.221564576400853
0.50061,-0.224371687174325
0.49183,-0.226536275294684
0.48297,-0.228065729139316
0.47407,-0.228958798724915
0.46515,-0.229222184483929
0.45623,-0.228868903183244
0.44735,-0.227902011645144
0.43851,-0.226346111731292
0.42975,-0.224213009853862
0.42108,-0.221526132528889
0.41252,-0.218310302869099
0.40409,-0.214590850013913
0.3958,-0.210400255981078
0.38767,-0.205768518741996
0.37971,-0.200730221958534
0.37192,-0.195330095737371
0.36434,-0.189590234910368
0.35694,-0.183565593474576
0.34976,-0.177284298546486
0.34279,-0.17078897188381
0.33604,-0.164117858164653
0.32951,-0.157311904228229
0.3232,-0.150412978786234
0.31711,-0.143462397533998
0.31126,-0.136484934128023
0.30563,-0.129520715560273
0.30022,-0.12260614802665
0.29504,-0.115766030468
0.29007,-0.109037066397236
0.28531,-0.102449521686332
0.28077,-0.0960199978936151
0.27642,-0.0897829301561863
0.27227,-0.0837563471353172
0.26831,-0.077959075355657
0.26453,-0.0724097868215314
0.26091,-0.0671336412410817
0.25746,-0.0621378929509511
0.25416,-0.0574370685480329
0.25099,-0.0530508893501816
0.24794,-0.0489950840346677
0.24501,-0.0452740900947829
0.24217,-0.0419050482576412
0.23941,-0.0388998448805984
0.23671,-0.0362729760160005
0.23405,-0.034040427707277
0.23141,-0.0322187438626061
0.22876,-0.0308316639573645
0.22609,-0.0298931032762711
0.22336,-0.0294306706466859
0.22054,-0.0294746895174497
0.21761,-0.0300492835589437
0.21454,-0.031180134056191
0.21128,-0.0329080840444734
0.20781,-0.0352627327301546
0.20409,-0.0382784149481206
0.20008,-0.0419921521865428
0.19575,-0.0464345292264208
0.19106,-0.0516372865446596
0.18596,-0.0576394011623557
0.18043,-0.0644622105060552
0.17444,-0.0721193857617227
0.16793,-0.08063994948345
0.16089,-0.0900272680788953
0.15328,-0.100285829655988
0.14508,-0.111405811184491
0.13625,-0.123380606789625
0.12678,-0.136183905383272
0.11663,-0.149796120953511
0.10581,-0.164166371307611
0.094286,-0.17925218996912
0.082055,-0.194995876220799
0.069109,-0.211332498245228
0.055441,-0.228192131661114
0.041055,-0.245494445239192
0.025946,-0.263159449105625
0.010131,-0.281093274025083
-0.0063913,-0.299206930023192
-0.023601,-0.317402141849777
-0.041482,-0.335578721828264
-0.060022,-0.353640617562226
-0.079186,-0.37148113878342
-0.09896,-0.38900370021919
-0.11931,-0.406108008643735
-0.1402,-0.422692390998077
-0.16161,-0.438669064585593
-0.18349,-0.453942111045479
-0.2058,-0.468419555185486
-0.2285,-0.482015631553763
-0.25156,-0.49465988477321
-0.27491,-0.50626715708927
-0.29852,-0.516772962661126
-0.32233,-0.526109705257041
-0.34629,-0.534217190451036
-0.37035,-0.541043513623867
-0.39445,-0.54653816946038
-0.41854,-0.550661250848068
-0.44256,-0.55337578971616
-0.46645,-0.55464889261569
-0.49015,-0.554452532022371
-0.51361,-0.5527714373826
-0.53676,-0.549586918094301
-0.55956,-0.544900870135196
-0.58193,-0.538702791595844
-0.60383,-0.531002654654735
-0.62519,-0.521805061305745
-0.64596,-0.511125499984958
-0.66608,-0.498980937083604
-0.68549,-0.485389553104866
-0.70415,-0.470385249519344
-0.72199,-0.453991915878587
-0.73897,-0.436247281035373
-0.75504,-0.41719215065181
-0.77015,-0.396869011240255
-0.78425,-0.375320813458442
-0.79731,-0.352604727502358
-0.80927,-0.328765839938112
-0.8201,-0.303860595810984
-0.82977,-0.277953166722132
-0.83824,-0.251104892866178
-0.84548,-0.223380592968307
-0.85145,-0.194838719498553
-0.85614,-0.165553130949974
-0.85952,-0.135593225938836
-0.86157,-0.105030199124874
-0.86228,-0.0739419950250687
-0.86163,-0.0424022988494298
-0.85961,-0.0104865271748936
-0.85621,0.0217308234284736
-0.85144,0.054163527828673
-0.84528,0.0867407514141725
-0.83774,0.119384168726526
-0.82884,0.15200453712423
-0.81857,0.184528821414289
-0.80695,0.216877293453211
-0.79399,0.248974863127271
-0.77971,0.280745318209985
-0.76414,0.31210673017514
-0.74729,0.34299010382998
-0.72921,0.373309716103513
-0.7099,0.403006224341945
-0.68942,0.431999387759344
-0.66778,0.46023187437252
-0.64504,0.487630020374474
-0.62122,0.514139200710761
-0.59637,0.539700075584068
-0.57054,0.564251760957545
-0.54377,0.587741812849945
-0.5161,0.6101266633277
-0.48759,0.631356951087409
-0.45827,0.651402820907431
-0.42821,0.670222028512609
-0.39745,0.687786313039432
-0.36605,0.704065291605519
-0.33404,0.719050504685811
-0.30151,0.73270764471395
-0.26847,0.74504224176199
-0.23501,0.756033213821435
-0.20116,0.765683520618395
-0.16699,0.773986371024613
-0.13254,0.78094998932143
-0.097877,0.786574996786809
-0.063055,0.790865930669474
-0.028123,0.793834474828599
0.0068569,0.795488464618149
0.041831,0.795838993514534
0.076745,0.794899367470406
0.11154,0.792681217924215
0.14616,0.789196928598145
0.18055,0.784460137821039
0.21465,0.778481647122682
0.24842,0.771284664152479
0.28178,0.762872368194037
0.31469,0.753261427716147
0.3471,0.742471665061741
0.37895,0.730517635201398
0.41018,0.717409345783326
0.44076,0.703175123959551
0.47061,0.687820392404022
0.49971,0.671376376204135
0.52799,0.653857319736674
0.55542,0.635292998540394
0.58193,0.615695330838589
0.6075,0.595098480048634
0.63206,0.573516625411561
0.65559,0.550984392549713
0.67804,0.527529728020658
0.69938,0.503189183165354
0.71956,0.477990405803415
0.73854,0.451960427201091
0.75631,0.425147133465129
0.77281,0.397576856699598
0.78804,0.369302092810231
0.80195,0.340357909714499
0.81452,0.310786417175018
0.82574,0.280641492712299
0.83559,0.24997748845318
0.84404,0.218840097115075
0.85108,0.187281372968177
0.85671,0.155364259638233
0.8609,0.123136359720149
0.86366,0.0906609386073528
0.86499,0.058004509404728
0.86487,0.0252193316307896
0.86333,-0.00761858000959359
0.86034,-0.0404608128744483
0.85593,-0.0732385045504887
0.85011,-0.105883331568239
0.84289,-0.138329626592045
0.83428,-0.170516041540922
0.8243,-0.202379402723177
0.81297,-0.233857217409127
0.80033,-0.26487489327734
0.78639,-0.295372740785131
0.77118,-0.325290390053988
0.75475,-0.354554265303952
0.73711,-0.383112212344473
0.71832,-0.410894302594672
0.69842,-0.437833482143529
0.67744,-0.463874746799884
0.65543,-0.488960056071295
0.63245,-0.513023654444149
0.60853,-0.536018083567798
0.58374,-0.557882909789725
0.55812,-0.578571631450374
0.53174,-0.59802862569952
0.50463,-0.616222581142144
0.47688,-0.633098852547261
0.44852,-0.648630409797831
0.41963,-0.662776821149401
0.39025,-0.675518103774886
0.36047,-0.6868148955974
0.33033,-0.696650801350444
0.29989,-0.705014143070647
0.26923,-0.711883120224868
0.23841,-0.717243663710114
0.20748,-0.721096208232128
0.1765,-0.723445973624425
0.14555,-0.724287587118197
0.11468,-0.723629906315222
0.083954,-0.721483086890193
0.053431,-0.7178621552973
0.023171,-0.712785292779404
-0.0067679,-0.706274484296834
-0.036329,-0.698355540723584
-0.065451,-0.689053546118165
-0.094086,-0.678402485439568
-0.12217,-0.666430921900374
-0.14967,-0.65318539679673
-0.17651,-0.638694059256552
-0.20265,-0.622996218194645
-0.22805,-0.606139209893046
-0.25266,-0.588168247652973
-0.27644,-0.569133054310566
-0.29933,-0.54907086418319
-0.32131,-0.528037387087929
-0.34232,-0.506072089429458
-0.36235,-0.483237171638394
-0.38135,-0.459581803898677
-0.39928,-0.435150590157239
-0.41614,-0.410012663088478
-0.43187,-0.384210521776568
-0.44648,-0.35781560860293
-0.45992,-0.330876177878841
-0.4722,-0.303464612910662
-0.48328,-0.27563355388301
-0.49317,-0.247454989668616
-0.50185,-0.218992071246966
-0.50933,-0.190320983390197
-0.51559,-0.161503833150759
-0.52065,-0.132618911742375
-0.5245,-0.103732870262759
-0.52717,-0.0749303503487071
-0.52865,-0.0462782090750575
-0.52897,-0.0178562908324459
-0.52815,0.0102551103199313
-0.5262,0.0379853828418397
-0.52316,0.0652519546160678
-0.51905,0.0919801560125704
-0.51391,0.118089455300242
-0.50775,0.143519520164412
-0.50064,0.168184152858472
-0.49259,0.19202359437496
-0.48367,0.214957251585988
-0.47389,0.236934905182276
-0.46333,0.257881054383381
-0.45201,0.277746870226358
-0.44,0.296470021040739
-0.42733,0.31400921444108
-0.41407,0.33031231990801
-0.40026,0.345342725896166
-0.38597,0.359055792671478
-0.37123,0.371431847591648
-0.35611,0.382442954703052
-0.34066,0.392070706664684
-0.32493,0.40030550036108
-0.30898,0.407138310202032
-0.29286,0.412568806841363
-0.27663,0.416596852587153
-0.26033,0.419237800517777
-0.24402,0.420504809390631
-0.22774,0.420424196727419
-0.21155,0.419017847520565
-0.1955,0.416311295461541
-0.17963,0.412340096604303
-0.16398,0.40714727602265
-0.1486,0.400773641283719
-0.13354,0.393257378384564
-0.11882,0.384655934710262
-0.10449,0.375018744573221
-0.090594,0.364392034027768
-0.077147,0.352839736802137
-0.064193,0.340416961430988
-0.051753,0.327187254232932
-0.039857,0.313212581962852
-0.028528,0.298557093775887
-0.017786,0.283287097318411
-0.0076469,0.26747176070922
0.0018727,0.251180018185157
0.010759,0.234480633905712
0.019006,0.217445920224917
0.026606,0.200147584700305
0.033555,0.182657360992202
0.039854,0.165048446770708
0.045505,0.147393638068384
0.050516,0.129767507381084
0.05489,0.112239951067395
0.058643,0.0948843969707699
0.061788,0.0777724723606119
0.064339,0.0609726915587657
0.066316,0.0445531552526349
0.06774,0.0285800213621061
0.068633,0.0131163081546386
0.069022,-0.0017760442467897
0.06893,-0.0160411520367823
0.068386,-0.0296256568890268
0.06742,-0.0424795192833868
0.066062,-0.0545573133572476
0.064342,-0.0658191517306809
0.062295,-0.0762275871482122
0.05995,-0.0857531815871209
0.057343,-0.0943691641203173
0.054507,-0.102054440317158
0.051475,-0.108793635980666
0.048282,-0.114575487818929
0.044962,-0.119393637402126
0.04155,-0.123245640591397
0.038078,-0.126135000403345
0.034578,-0.128070405702321
0.031086,-0.129061995362955
0.027631,-0.129126412304955
0.024245,-0.128283279505957
0.020959,-0.12655520738346
0.017801,-0.123969165401011
0.0148,-0.120554480563178
0.011984,-0.116342605700517
0.0093781,-0.111368245442504
0.0070063,-0.105668812103878
0.0048911,-0.0992841773103521
0.003058,-0.0922530431435281
0.001523,-0.0846192559924742
0.00030667,-0.0764263220120446
-0.00057491,-0.0677196634526251
-0.0011074,-0.0585463200682493
-0.001278,-0.0489544875597886
-0.001076,-0.0389934917501739
-0.00049058,-0.0287120811292529
0.00048188,-0.01816244325351
0.0018472,-0.00739637411498503
0.0036085,0.0035342010601638
0.0057652,0.0145760982304434
0.0083151,0.0256755587691585
0.011256,0.0367800368798162
0.014579,0.0478346758334592
0.018276,0.058785094716937
0.022338,0.069578384138995
0.026749,0.0801593785027802
0.031496,0.0904751226992992
0.036561,0.100472514225621
0.041924,0.110098641079608
0.047564,0.119301801880306
0.053458,0.12803157002698
0.059581,0.136238824312084
0.065908,0.143877229493813
0.072409,0.150900668313942
0.079057,0.157267089713435
0.085821,0.162936333485686
0.092671,0.16787203046307
0.099575,0.172040818664825
0.1065,0.175412372859292
0.11342,0.177965264748782
0.12029,0.1796722213443
0.1271,0.180528325939361
0.13379,0.180510292917666
0.14034,0.179610666680882
0.14673,0.177835374779695
0.1529,0.175171815991096
0.15885,0.171637553297937
0.16453,0.16723740181121
0.16992,0.161988320890716
0.17499,0.15590954517644
0.1797,0.149014544367349
0.18404,0.141334242631352
0.18798,0.132898275906206
0.19149,0.123734682524011
0.19455,0.113877051584558
0.19714,0.103362712614653
0.19924,0.0922311500467429
0.20082,0.0805152381289118
0.20188,0.06826389695202
0.20238,0.0555081346261025
0.20232,0.0422932770911191
0.20168,0.028660166511193
0.20045,0.0146522896457558
0.19862,0.000314029430689194
0.19618,-0.0143107919923249
0.19313,-0.029172701152086
0.18946,-0.0442265270585331
0.18517,-0.0594245441791004
0.18025,-0.0747258297407434
0.17472,-0.090074064657223
0.16858,-0.105417033123796
0.16184,-0.120700059565331
0.15451,-0.135868202689161
0.1466,-0.15086805115972
0.13814,-0.165634357580373
0.12913,-0.180116569190467
0.11962,-0.194240681134577
0.1096,-0.207960474497048
0.099129,-0.221202704719229
0.088218,-0.233910177274694
0.076904,-0.246021332260472
0.065221,-0.25747537651976
0.053201,-0.268215673782797
0.040883,-0.278185729897419
0.028305,-0.287331883737929
0.015504,-0.295605413886342
0.0025245,-0.302957832393135
-0.010597,-0.309348556195709
-0.023815,-0.31473831693392
-0.037091,-0.319095651477241
-0.050381,-0.322392684270715
-0.063645,-0.32460865743551
-0.07684,-0.325727405701443
-0.089928,-0.325741107874641
-0.10286,-0.324641244104255
-0.11561,-0.322436452871438
-0.12813,-0.319133177006436
-0.14038,-0.314742283038104
-0.15233,-0.309285727160679
-0.16394,-0.302786820689635
-0.17518,-0.295277108149897
-0.18601,-0.286786866997274
-0.19641,-0.277359633320313
-0.20634,-0.2670339428546
-0.21578,-0.255858287145488
-0.2247,-0.243880678322897
-0.23308,-0.231155002821764
-0.24089,-0.217731153411497
-0.24811,-0.203661926544164
-0.25473,-0.189008465193373
-0.26072,-0.173822205119438
-0.26608,-0.158167515263196
-0.27078,-0.142095195563539
-0.27482,-0.125665808015213
-0.27819,-0.108938609540273
-0.28088,-0.0919700349710653
-0.28289,-0.074819910888444
-0.28422,-0.0575489537567537
-0.28486,-0.040209308541755
-0.28482,-0.022859304739277
-0.28409,-0.00554558151041071
-0.28269,0.0116740547678615
-0.28062,0.0287494918318665
-0.27789,0.0456311383552401
-0.2745,0.062278940669179
-0.27047,0.0786472277124151
-0.26582,0.0946874374616709
-0.26055,0.110365182541048
-0.25468,0.125644065026433
-0.24823,0.140487480284347
-0.24122,0.15486006973928
-0.23366,0.168736254511028
-0.22557,0.182092070121273
-0.21698,0.194898538259415
-0.20791,0.207131231908622
-0.19838,0.218770461378901
-0.18842,0.229793899416101
-0.17805,0.240185486298864
-0.16729,0.249935039400112
-0.15618,0.259022983581747
-0.14474,0.267437852370747
-0.13299,0.275175378395704
-0.12097,0.282222773166141
-0.1087,0.288575842483035
-0.096212,0.294228874253699
-0.083524,0.299185746281377
-0.070668,0.303447907341233
-0.057669,0.307020267682724
-0.044551,0.309911398817815
-0.031348,0.312125445135607
-0.018077,0.31367566734284
-0.0047713,0.31457047431457
0.0085495,0.314824460133281
0.021855,0.314448997890431
0.035123,0.313458775204121
0.048328,0.311868450202541
0.061443,0.30969127014168
0.074449,0.306945001900813
0.087319,0.303644745113071
0.10003,0.299806067156505
0.11256,0.295445281299647
0.12489,0.290581117325129
0.137,0.285233034721315
0.14886,0.279413172652238
0.16046,0.2731422229854
0.17177,0.266432406487031
0.18278,0.259303545798093
0.19347,0.251773625212722
0.20381,0.243851220504476
0.2138,0.2355592122995
0.22342,0.226916546092731
0.23264,0.217931023263958
0.24145,0.208615949940913
0.24984,0.198988617101882
0.25778,0.189054181089761
0.26526,0.178822561306769
0.27226,0.168299743561575
0.27877,0.157495668215358
0.28477,0.146415694736909
0.29024,0.135061236864908
0.29517,0.123437771654345
0.29953,0.111539004371615
0.30333,0.0993787926395597
0.30653,0.0869497994112344
0.30913,0.0742572853481481
0.31111,0.0613016431549802
0.31246,0.0480866461377439
0.31317,0.0346186170006276
0.31322,0.0208983013322859
0.31261,0.00693665217257587
0.31133,-0.00725489442263482
0.30936,-0.0216722667750222
0.3067,-0.036302709935313
0.30336,-0.0511194680968138
0.29931,-0.0661148366822288
0.29458,-0.0812523567029171
0.28914,-0.0965177880963241
0.28301,-0.111878268979123
0.27619,-0.127301667009658
0.26869,-0.142749971696561
0.26051,-0.158188930051633
0.25167,-0.173573543918861
0.24217,-0.188866260519305
0.23203,-0.204021875401544
0.22126,-0.21899777149912
0.20989,-0.233739931188189
0.19792,-0.24820895687562
0.18539,-0.262348914098189
0.17232,-0.276107041787207
0.15873,-0.289434779182541
0.14464,-0.302288513838514
0.13009,-0.314615285231268
0.1151,-0.326371100996209
0.099722,-0.337497019118198
0.083969,-0.347952783632142
0.067883,-0.357693175432257
0.051501,-0.366674244600853
0.034859,-0.374855347044181
0.017999,-0.382195532100714
0.00095748,-0.388659165975856
-0.016223,-0.394211752657313
-0.033504,-0.398824084540701
-0.050838,-0.402465688261008
-0.068189,-0.405114809127855
-0.085512,-0.406751053723643
-0.10277,-0.407361994888654
-0.11991,-0.406930528573878
-0.13689,-0.405444759419528
-0.15369,-0.402913958723195
-0.17025,-0.399335017521417
-0.18653,-0.394710081931398
-0.2025,-0.389053206777985
-0.21812,-0.382380603980597
-0.23335,-0.374710100398416
-0.24816,-0.366068025508346
-0.2625,-0.35647232467722
-0.27635,-0.345956113995809
-0.28967,-0.334549263449527
-0.30244,-0.322293196126231
-0.31461,-0.309215501807098
-0.32617,-0.295361571124602
-0.33708,-0.280767826903567
-0.34732,-0.26547733303704
-0.35687,-0.249537377392352
-0.36571,-0.232997389226456
-0.3738,-0.215892378581527
-0.38114,-0.198274301676144
-0.38769,-0.180177706258715
-0.39346,-0.161659035773955
-0.39842,-0.142761154415451
-0.40256,-0.123529461796623
-0.40586,-0.104002595367074
-0.40832,-0.0842272807018428
-0.40993,-0.0642478885747818
-0.41066,-0.0440906653406845
-0.41054,-0.0238106406893467
-0.40954,-0.00343993286302514
-0.40766,0.0169867689192279
-0.4049,0.0374339413564132
-0.40126,0.0578666492993852
-0.39675,0.0782442827260473
-0.39135,0.0985452456356444
-0.38509,0.118727202282375
-0.37796,0.138762137206584
-0.36997,0.158619864325949
-0.36114,0.178262193405406
-0.35147,0.19766061796592
-0.34098,0.216780738814744
-0.32968,0.235592053350927
-0.3176,0.254053552512904
-0.30474,0.272139364497327
-0.29114,0.289807261571067
-0.27682,0.307018075840068
-0.2618,0.323736473667492
-0.24611,0.339924094437281
-0.22979,0.355534100090192
-0.21286,0.370529189209212
-0.19536,0.384866293030595
-0.17732,0.398506587096285
-0.1588,0.411393866173279
-0.13982,0.423489338927205
-0.12044,0.434740061587449
-0.10068,0.445113045685392
-0.080615,0.454551975546974
-0.060269,0.46302133101775
-0.039702,0.470477070513192
-0.018952,0.476886133407188
0.0019234,0.482211108442871
0.022879,0.486421660231226
0.043863,0.489489502098442
0.064827,0.491391688354875
0.085719,0.492107948515142
0.10649,0.491623345012799
0.12709,0.489927310216533
0.14747,0.487014225965419
0.16759,0.48288966742996
0.18738,0.477546283634715
0.20681,0.470996439390693
0.22583,0.463253617948619
0.2444,0.454339576053551
0.26247,0.444275075413304
0.27999,0.433079801223265
0.29694,0.420794480822708
0.31326,0.407446368773587
0.32892,0.393073514630103
0.34388,0.37771441903581
0.35812,0.361421846220575
0.3716,0.344243971873765
0.38429,0.326231457734659
0.39616,0.307435649304336
0.40719,0.287914465519967
0.41736,0.267729546655074
0.42664,0.246936428078444
0.43502,0.225598926850619
0.44248,0.203778299604259
0.44902,0.181546729012259
0.45461,0.158960896714916
0.45925,0.136085423424902
0.46295,0.112996733389501
0.46568,0.0897488617535675
0.46745,0.0664056064751847
0.46826,0.0430291791260977
0.46811,0.0196784793569902
0.46702,-0.00357743803336314
0.46498,-0.0266857687320659
0.462,-0.0495938637101514
0.4581,-0.0722436688418885
0.4533,-0.0945747815473684
0.4476,-0.116541775539936
0.44102,-0.138098210311527
0.43359,-0.159191173819737
0.42532,-0.179779236368837
0.41624,-0.199817043478815
0.40637,-0.219265191043952
0.39573,-0.238090633379885
0.38436,-0.256252054264235
0.37227,-0.273725263155795
0.3595,-0.290478839926966
0.34607,-0.306491666564032
0.33202,-0.321737192100188
0.31737,-0.336200464038543
0.30216,-0.349861956978087
0.28642,-0.362706830624662
0.27017,-0.374732253995789
0.25346,-0.385923400227161
0.23631,-0.396278762761202
0.21876,-0.405793212801596
0.20084,-0.414466608891036
0.18258,-0.422303188514574
0.16401,-0.429310946422348
0.14516,-0.435501015050518
0.12608,-0.440872263945162
0.10678,-0.445443551842912
0.087303,-0.449225193508783
0.067682,-0.45222796613381
0.047943,-0.454468107614975
0.02812,-0.45596009018221
0.0082452,-0.456718067882242
-0.011652,-0.456757767259696
-0.031538,-0.456092772785607
-0.051384,-0.454738225070171
-0.071153,-0.452704126928543
-0.090819,-0.450004263983844
-0.11035,-0.446650709117306
-0.12971,-0.44265090409774
-0.14887,-0.438013547872151
-0.1678,-0.432747383418046
-0.18647,-0.42686095276074
-0.20484,-0.420355000105216
-0.22289,-0.413238730934356
-0.24059,-0.40552050876472
-0.2579,-0.397200377691236
-0.27481,-0.388293829194435
-0.29128,-0.378806183188793
-0.30728,-0.368741783949885
-0.32279,-0.358111427926476
-0.33779,-0.346930791415018
-0.35224,-0.335204244397627
-0.36614,-0.322956467238154
-0.37946,-0.310205635465078
-0.39217,-0.296964159204492
-0.40427,-0.283261601401907
-0.41572,-0.269110928538527
-0.42653,-0.254548296031009
-0.43666,-0.23959054312453
-0.4461,-0.224260590449257
-0.45485,-0.208592944521216
-0.46289,-0.192615646504507
-0.47021,-0.176358065919843
-0.47679,-0.159842335841807
-0.48263,-0.143098811675294
-0.48772,-0.126156121881584
-0.49206,-0.109047981260366
-0.49564,-0.0918037485893625
-0.49844,-0.0744409138737675
-0.50048,-0.0569963162886209
-0.50175,-0.039499032720828
-0.50224,-0.0219709114404719
-0.50196,-0.00444196530103887
-0.5009,0.0130670215910146
-0.49908,0.0305212947829667
-0.49648,0.0479055696811341
-0.49313,0.0651839192737076
-0.489,0.082349341934558
-0.48413,0.0993668167057108
-0.47849,0.116231680396531
-0.47212,0.132912343563416
-0.465,0.149400968009414
-0.45715,0.165679731383346
-0.44858,0.181730878060387
-0.43928,0.197552205784048
-0.42928,0.213124769558084
-0.41857,0.228446445130898
-0.40717,0.243506763802514
-0.39508,0.258303822679891
-0.38231,0.272835493789292
-0.36888,0.287092335436674
-0.3548,0.301066842860635
-0.34008,0.314753446997744
-0.32472,0.328155857695093
-0.30875,0.341263152358459
-0.29217,0.354075245620281
-0.275,0.366586146027549
-0.25725,0.378792798073868
-0.23895,0.390679932137004
-0.22009,0.402252540005728
-0.2007,0.413502357598482
-0.1808,0.424418169468361
-0.16041,0.434986778509843
-0.13953,0.445208632278817
-0.11819,0.455073090113704
-0.096414,0.46456539704553
-0.074219,0.473673140111923
-0.051627,0.482382518343236
-0.028666,0.490674635226249
-0.0053601,0.498529963758073
0.018267,0.505929376077112
0.042182,0.512847573016579
0.066358,0.519259786053553
0.090762,0.525137926275324
0.11536,0.530451347383001
0.14012,0.535169754591874
0.16501,0.539264073779148
0.18999,0.542701216829519
0.21501,0.545438494740878
0.24005,0.547448956788706
0.26506,0.548697049567244
0.29001,0.549156219468824
0.31484,0.548785893457959
0.33951,0.547550274833685
0.36399,0.545425982620216
0.38822,0.542378322660371
0.41216,0.538379441275858
0.43577,0.53340799222815
0.45899,0.527433917637932
0.48178,0.520435990914951
0.50408,0.512386142787922
0.52586,0.503273990765964
0.54705,0.493074381469112
0.56762,0.481780779992111
0.5875,0.469372524480292
0.60665,0.45584056752
0.62502,0.441178330251697
0.64256,0.42538166282503
0.65921,0.408441341425388
0.67494,0.390366725385767
0.68969,0.371159961144371
0.70342,0.350832347180284
0.71607,0.329387681419973
0.7276,0.306838599473789
0.73797,0.283204705878692
0.74714,0.258510877761345
0.75507,0.232785743435289
0.7617,0.206045539508153
0.76701,0.178325766522069
0.77096,0.149661808976613
0.77352,0.120095491013125
0.77465,0.0896653716298088
0.77433,0.058421166571403
0.77254,0.026420266248242
0.76923,-0.00629748638368021
0.76441,-0.0396631435589347
0.75804,-0.0736231891585195
0.75012,-0.108108496944366
0.74063,-0.14305412936069
0.72957,-0.178385631058441
0.71694,-0.214023053417679
0.70272,-0.249899166675215
0.68694,-0.285922076905194
0.66959,-0.322012329490449
0.65069,-0.358080751481768
0.63025,-0.394040470374808
0.60829,-0.429801782533475
0.58484,-0.465268125565047
0.55992,-0.500347833034867
0.53357,-0.534941328118676
0.50581,-0.56896062678451
0.4767,-0.602300412803372
0.44627,-0.634866973901563
0.41456,-0.666571669735938
0.38165,-0.697303380033384
0.34756,-0.726980859183855
0.31237,-0.755505436577032
0.27614,-0.782782539491913
0.23893,-0.808724153079408
0.20081,-0.833243262570187
0.16185,-0.856256761760369
0.12213,-0.877680311196369
0.081723,-0.897436808221987
0.040712,-0.915450461384971
-0.00082301,-0.93165160979118
-0.042798,-0.945975237235354
-0.085127,-0.958361208441556
-0.12772,-0.968752775465661
-0.17049,-0.977100492707971
-0.21335,-0.983362948434851
-0.2562,-0.987497518829019
-0.29895,-0.989469937761185
-0.34152,-0.989261775282044
-0.38379,-0.986839055243584
-0.42569,-0.982193896909127
-0.46711,-0.975310808905785
-0.50797,-0.966191467304111
-0.54816,-0.954829827580317
-0.5876,-0.941236605675318
-0.62619,-0.925421556414786
-0.66385,-0.907408764594295
-0.70048,-0.887218971688664
-0.73599,-0.864877560137063
-0.7703,-0.840420819681859
-0.80333,-0.81389328038745
-0.83499,-0.785337909729462
-0.86522,-0.754817786737478
-0.89391,-0.722373829974086
-0.92102,-0.688079997795037
-0.94646,-0.651998121122026
-0.97017,-0.614200936036401
-0.9921,-0.574775516409685
-1,-0.524792566259269
-1,-0.461874992338706
-1,-0.390297053188891
-1,-0.313751406782011
-1,-0.235378350689963
-1,-0.157798857426686
-1,-0.0831506676795921
-1,-0.0131266846098339
-1,0.0509850814216296
-1,0.108260741166804
-1,0.158099607466428
-1,0.200183751961651
-1,0.234438594907905
-1,0.260995013753027
-1,0.280153381204571
-1,0.292349867722513
-1,0.298125268746043
-1,0.298096545159212
-1,0.29293119785446
-1,0.283324534795787
-0.97848,0.285900515296194
-0.9549,0.299393196664014
-0.92943,0.322417518184047
-0.90213,0.353595325002999
-0.87306,0.391577481037815
-0.84229,0.435055586632319
-0.80987,0.482794460883766
-0.7759,0.533606408575557
-0.74043,0.586404805656481
-0.70355,0.640179549750445
-0.66534,0.694013564387312
-0.62589,0.747080023885215
-0.58528,0.798653553754387
-0.54361,0.84809528030326
-0.50098,0.894854028365332
-0.45746,0.938487772228483
-0.41318,0.978611989336431
-0.36821,1.01494563208968
-0.32266,1.04727177591694
-0.27664,1.07543397569197
-0.23024,1.09934660885895
-0.18355,1.11898658744946
-0.13669,1.13436281041347
-0.089754,1.14553200498374
-0.04283,1.15259530231456
0.0039765,1.15567676406034
0.050577,1.15493077862353
0.096873,1.15052702792048
0.14278,1.14265547725536
0.1882,1.13150927571257
0.23306,1.11729910994091
0.27727,1.10023300340377
0.32075,1.08051982658482
0.36343,1.05837186322123
0.40523,1.03399177500923
0.44609,1.00758432074944
0.48594,0.979343362849887
0.52472,0.949456288762915
0.56236,0.918092780242244
0.59882,0.885425654825454
0.63405,0.851617873307501
0.668,0.816819610196246
0.70062,0.781166117041203
0.73187,0.744783692173649
0.76173,0.707802053301394
0.79016,0.670334589210942
0.81713,0.632485007721713
0.84262,0.594352903413298
0.8666,0.556023535458276
0.88907,0.517589529830463
0.91,0.47912379885997
0.9294,0.440709997998415
0.94725,0.402415026460414
0.96355,0.364304285928019
0.97829,0.326431833717697
0.99149,0.288862342819139
1,0.24932117434289
1,0.203208011301988
1,0.153283678047854
1,0.101879760275784
1,0.0509283128213433
1,0.00199305944295884
1,-0.0436984111029989
1,-0.0852219451683717
1,-0.121924094379025
1,-0.153389799048886
1,-0.179410888209595
1,-0.199955753315546
1,-0.215140502220721
1,-0.225201847428799
1,-0.230471929620589
1,-0.231355225511076
0.9943,-0.232524548851537
0.98288,-0.237777405079865
0.97037,-0.246672480540473
0.95679,-0.258770571178787
0.9422,-0.273610380660409
0.92661,-0.290756909302565
0.91005,-0.30978872713419
0.89257,-0.330288047454828
0.87417,-0.351885021521838
0.8549,-0.374218813779536
0.83478,-0.396965682194493
0.81383,-0.419838918072696
0.79209,-0.44257345919125
0.76957,-0.464950258098995
0.74629,-0.486785452176242
0.72229,-0.507913583414415
0.69758,-0.528210773187166
0.67219,-0.547575504374979
0.64612,-0.565949662758208
0.61942,-0.583275289757198
0.59209,-0.599533730115612
0.56416,-0.614717020576853
0.53564,-0.628841542367985
0.50655,-0.64193618665678
0.47693,-0.654025058100318
0.44678,-0.665157977056662
0.41612,-0.675389969964869
0.38499,-0.684764544773232
0.35339,-0.693344807601211
0.32136,-0.701178797793193
0.28892,-0.708316246299097
0.25608,-0.714814573173424
0.22289,-0.720706485203626
0.18935,-0.726041002768253
0.1555,-0.730849489871346
0.12137,-0.735155670557877
0.086975,-0.738987553458177
0.052354,-0.742358062606901
0.017533,-0.745277157975775
-0.017456,-0.747747607847771
-0.052584,-0.749768416008277
-0.087819,-0.751333240152857
-0.12312,-0.752424818035849
-0.15847,-0.753035170069905
-0.19383,-0.753147636096249
-0.22915,-0.752730770071337
-0.26441,-0.751764132478952
-0.29958,-0.750229234956103
-0.3346,-0.748087424651689
-0.36945,-0.745314364517223
-0.40409,-0.741883099849302
-0.43848,-0.737765299691021
-0.47257,-0.732924910996503
-0.50632,-0.727328050193117
-0.5397,-0.720950941408128
-0.57266,-0.713763892055513
-0.60516,-0.705740735898758
-0.63714,-0.696844173015337
-0.66858,-0.687058632104113
-0.69941,-0.676349647077735
-0.7296,-0.664698180902629
-0.75911,-0.65209091945082
-0.78787,-0.638497521657824
-0.81586,-0.623911890203172
-0.84302,-0.608318249742637
-0.86931,-0.591708440315026
-0.89467,-0.574066065158303
-0.91908,-0.555398303392244
-0.94247,-0.535694375801541
-0.9648,-0.514951693338753
-0.98603,-0.49317451783899
-1,-0.465845077435358
-1,-0.424506368750406
-1,-0.373036887346569
-1,-0.314831966725205
-1,-0.252823434083863
-1,-0.189502886960897
-1,-0.12694803191005
-1,-0.0668514877707235
-1,-0.0105514419404025
-1,0.0409364457198714
-1,0.086886473862571
-1,0.126830212003405
-1,0.16052419468392
-1,0.187918444644125
-1,0.209126214279638
-1,0.224395274255252
-1,0.234081017157774
-1,0.238621584094511
-1,0.238515164499434
-1,0.234299565154454
-1,0.226534094383434
-1,0.215783762125459
-1,0.202605756535765
-1,0.187538123115225
-1,0.171090543195349
-1,0.153737084836312
-1,0.135910780650282
-0.98446,0.129496500383232
-0.96022,0.138755770310932
-0.93436,0.161518167449231
-0.90691,0.195686039224828
-0.87792,0.239243606418114
-0.84741,0.290302193568763
-0.81544,0.347084396318756
-0.78205,0.407955324091399
-0.74729,0.471424143488404
-0.71123,0.536136183352193
-0.67392,0.600894358275001
-0.63543,0.664644264640905
-0.5958,0.726496726897314
-0.55513,0.785676177573126
-0.51347,0.841558306859365
-0.47089,0.893645376209341
-0.42748,0.941543542760184
-0.38331,0.98497180482967
-0.33845,1.02375170056624
-0.293,1.05777425100667
-0.24703,1.08701586939924
-0.20062,1.11151928545493
-0.15386,1.13137628636443
-0.10685,1.14671229669459
-0.059653,1.15770756077577
-0.012373,1.16455480784084
0.034912,1.16747403685063
0.082109,1.16669305932387
0.12914,1.16245346526436
0.1759,1.15498367140259
0.22233,1.14453120248728
0.26832,1.13131616252702
0.3138,1.11556145261633
0.35868,1.09747239853137
0.40289,1.07725012706637
0.44634,1.05507264574626
0.48896,1.03110957451802
0.53067,1.00551186967585
0.57139,0.978411268444539
0.61107,0.949942397905236
0.64962,0.920208646235469
0.68699,0.889314544466223
0.72312,0.857354786098608
0.75793,0.824398187089945
0.79139,0.790527155056512
0.82343,0.755802563381807
0.85401,0.72028775943869
0.88307,0.684030857107084
0.91059,0.647095239660528
0.93651,0.609524590167253
0.96081,0.571374395520352
0.98344,0.532685267114919
1,0.490265851718153
1,0.433892909015259
1,0.36794128709912
1,0.296196272129872
1,0.221883774752614
1,0.147704090681319
1,0.0758685453241795
1,0.00813830554239623
1,-0.0541353586597349
1,-0.109970058288535
1,-0.158711172376791
1,-0.199991242793956
1,-0.233690419969505
1,-0.25989843430999
1,-0.27887849603505
1,-0.291033452808191
1,-0.296874461947593
1,-0.296992363871985
1,-0.29203187713847
1,-0.282668674029737
1,-0.269589339934505
1,-0.253474170272967
1,-0.234982715760023
0.99749,-0.216598870279861
0.97694,-0.211847433387137
0.95497,-0.21903018678447
0.9316,-0.236496559926388
0.90691,-0.262617144011128
0.88094,-0.295838306214251
0.85375,-0.334682224882272
0.82541,-0.377754522076826
0.79598,-0.423765008310359
0.76552,-0.471536080626405
0.73411,-0.519993362506308
0.70181,-0.568186450686568
0.66869,-0.615281436056476
0.63484,-0.660545482073319
0.60031,-0.703376997448497
0.56519,-0.74326808206137
0.52955,-0.779816753456016
0.49346,-0.812719668166828
0.45701,-0.841749195502072
0.42026,-0.86677012970274
0.38329,-0.88771386614751
0.34618,-0.904570651577012
0.309,-0.91738912581229
0.27182,-0.926266909079762
0.23471,-0.931341566182837
0.19775,-0.932774668093187
0.161,-0.930760256340061
0.12453,-0.925508366248991
0.088411,-0.917237708178329
0.052706,-0.906175908632036
0.017477,-0.892554011222402
-0.017212,-0.876599460601004
-0.051308,-0.85853988863543
-0.084751,-0.838592596958696
-0.11749,-0.816967946078472
-0.14948,-0.7938698313351
-0.18066,-0.769479766316868
-0.21099,-0.743971817640847
-0.24043,-0.717509147233192
-0.26893,-0.690233981160757
-0.29645,-0.662274739678297
-0.32295,-0.633744647039206
-0.34841,-0.604755725777157
-0.37279,-0.575400471473937
-0.39605,-0.545752335337644
-0.41818,-0.515888759138948
-0.43914,-0.485865250976866
-0.45893,-0.45574683127062
-0.47752,-0.425581366040725
-0.49489,-0.395408114673262
-0.51105,-0.365279647752285
-0.52598,-0.335234823867585
-0.53967,-0.305306972902661
-0.55214,-0.275545448096292
-0.56338,-0.245988241826446
-0.5734,-0.216677216023823
-0.58221,-0.18765550457878
-0.58982,-0.158965412440741
-0.59625,-0.130654160700945
-0.60153,-0.102778412592769
-0.60566,-0.0753781102962369
-0.60869,-0.0485149968800404
-0.61062,-0.022229148406004
-0.6115,0.00342153001818771
-0.61136,0.02838169877887
-0.61022,0.0526075481972403
-0.60812,0.0760515435883479
-0.6051,0.0986650147091805
-0.60119,0.12040765875262
-0.59644,0.141232790681045
-0.59087,0.161112596533374
-0.58454,0.180006220963262
-0.57748,0.197886146269279
-0.56972,0.214736909047664
-0.56132,0.230531560043001
-0.5523,0.245264740132351
-0.54272,0.258919591877149
-0.5326,0.271500538975167
-0.522,0.282999961049937
-0.51095,0.29342339278342
-0.49949,0.302779878953147
-0.48766,0.311081483021709
-0.47549,0.318350178226497
-0.46303,0.324600925009028
-0.4503,0.329865158277298
-0.43733,0.334179676294272
-0.42417,0.337570117626851
-0.41083,0.340082263703095
-0.39736,0.341747540000816
-0.38376,0.342622112231914
-0.37008,0.342743757418611
-0.35633,0.34216410426888
-0.34253,0.340937237140094
-0.32871,0.339110415337444
-0.31488,0.336738914967957
-0.30107,0.333868161085634
-0.28728,0.330556528200315
-0.27355,0.326841575139352
-0.25986,0.322787300673906
-0.24625,0.318432767726208
-0.23272,0.313825275406714
-0.21929,0.309002472205932
-0.20596,0.304007758121076
-0.19275,0.298872947846914
-0.17966,0.293634168181381
-0.16669,0.288329758054906
-0.15385,0.282991120456823
-0.14116,0.27763551580019
-0.1286,0.272297590038819
-0.11619,0.266995172574425
-0.10393,0.261746524087615
-0.091817,0.256571650639896
-0.079851,0.251488891577754
-0.068037,0.246510740668193
-0.056369,0.241652468116442
-0.04485,0.236924214554928
-0.033477,0.232335855768114
-0.022245,0.22789798175478
-0.011155,0.223616763081798
-0.00020195,0.219498850156118
0.010617,0.215549218757197
0.021309,0.211774297930908
0.03187,0.208173000977763
0.042313,0.204750595669494
0.052638,0.201507507130964
0.062847,0.198441525755749
0.072948,0.195552622521061
0.08294,0.192835692856837
0.092831,0.190288165169368
0.10262,0.187902766723179
0.1123,0.185664043977092
0.12188,0.183562050094095
0.13136,0.181584762060551
0.14074,0.179718698793618
0.15,0.177934674750613
0.15915,0.176213713931312
0.16818,0.174530711637606
0.17709,0.172863638431939
0.18585,0.171171308430962
0.19447,0.169427743865778
0.20293,0.167597729772267
0.21122,0.165646962186162
0.21933,0.163542825847149
0.22725,0.161255002631009
0.23495,0.158741129559415
0.24243,0.155972546586335
0.24966,0.152910337831665
0.25663,0.149523287365349
0.26333,0.145787376899715
0.26973,0.141670422965241
0.27581,0.137142100711893
0.28156,0.132181982322783
0.28695,0.126763585859141
0.29197,0.120871267325732
0.29659,0.114483974238809
0.3008,0.107591879596751
0.30457,0.10017991326205
0.30788,0.0922368099374938
0.31071,0.0837549002135691
0.31305,0.0747372452204656
0.31488,0.0651883157740962
0.31618,0.0551138301223903
0.31694,0.0445279710112427
0.31714,0.0334441770868527
0.31678,0.0218899131637091
0.31584,0.00988860984501528
0.31432,-0.00252522570465444
0.31221,-0.0153163317542258
0.3095,-0.0284496613993993
0.30621,-0.041868998925568
0.30231,-0.0555394678415474
0.29783,-0.0693999178458017
0.29276,-0.0833992240285914
0.28711,-0.097480936472962
0.28088,-0.111593277626093
0.27409,-0.125674924361919
0.26675,-0.139666014316583
0.25887,-0.153509613609216
0.25046,-0.167152861846375
0.24154,-0.18054042632475
0.23214,-0.193609313098908
0.22226,-0.206314488918475
0.21192,-0.218612119061307
0.20115,-0.230453448082553
0.18997,-0.241794794977103
0.17841,-0.252590695489183
0.16647,-0.262818021495638
0.1542,-0.272435687834343
0.14162,-0.281411809028697
0.12875,-0.289723155761555
0.11562,-0.297347105255848
0.10226,-0.304262529776013
0.088699,-0.310451203464936
0.074966,-0.31589811252624
0.061087,-0.320593832259836
0.047094,-0.324529631492439
0.03302,-0.327697191929629
0.01889,-0.330095010674168
0.0047408,-0.331718724655226
-0.0093996,-0.332568604381188
-0.023502,-0.332648059274324
-0.03753,-0.331957897171799
-0.051456,-0.330503577716194
-0.065246,-0.328289676594089
-0.078871,-0.325323860453304
-0.092296,-0.321611855424306
-0.1055,-0.317168216989842
-0.11843,-0.311990740523395
-0.13108,-0.306098678903792
-0.14341,-0.299503068765621
-0.1554,-0.292222955713286
-0.16701,-0.28426865724744
-0.17822,-0.275658064084577
-0.189,-0.266407376631793
-0.19933,-0.256538462431016
-0.20918,-0.246069831304054
-0.21854,-0.235031622243019
-0.22738,-0.223447782949323
-0.23567,-0.211336639015198
-0.24341,-0.198733663973769
-0.25058,-0.18567239979389
-0.25714,-0.172169112287354
-0.2631,-0.15826261477287
-0.26844,-0.143986603391466
-0.27314,-0.129369671048754
-0.27718,-0.11443542250324
-0.28057,-0.0992248685869516
-0.28329,-0.0837696439057218
-0.28532,-0.0680928368430156
-0.28667,-0.0522320456711677
-0.28732,-0.0362132027887935
-0.28727,-0.0200667506787839
-0.28651,-0.00381836008197042
-0.28504,0.0125036419668358
-0.28287,0.0288623582563327
-0.27998,0.0452373640932902
-0.27638,0.0616001012397354
-0.27206,0.0779312468846907
-0.26704,0.0941974921835023
-0.26131,0.110377564335015
-0.25488,0.126445910123315
-0.24775,0.142381851473912
-0.23993,0.158162045991476
-0.23144,0.173754476725068
-0.22227,0.18914341347902
-0.21245,0.2042973418558
-0.20198,0.21919529650379
-0.19088,0.233810829115277
-0.17917,0.248114023518504
-0.16687,0.262073204315752
-0.15399,0.275663758693416
-0.14057,0.288845484306779
-0.12662,0.30158911213591
-0.11217,0.313860424750401
-0.097251,0.325621645692251
-0.081889,0.336837090345377
-0.066117,0.347468798406014
-0.049965,0.357480477203249
-0.033471,0.366832508051676
-0.016669,0.375486889703419
0.00040506,0.383406795134086
0.017708,0.390552272520206
0.035203,0.396886925691343
0.052849,0.402375374107565
0.070602,0.406982148851188
0.088418,0.41067298367685
0.10625,0.413413609010904
0.12406,0.415177660021308
0.1418,0.415938799092311
0.15942,0.415670283854336
0.17687,0.414346102965161
0.19411,0.411949266235103
0.21109,0.408463461396822
0.22776,0.403873703843499
0.24407,0.398166814799135
0.25997,0.39133174949533
0.27543,0.383374592093192
0.29038,0.374285813978693
0.3048,0.364080836998941
0.31862,0.352758102210188
0.33181,0.340332260345632
0.34433,0.326823500824896
0.35614,0.312256192022481
0.3672,0.296657651492388
0.37746,0.280049650985244
0.3869,0.262471266152493
0.39549,0.243967239305676
0.40319,0.224578429437377
0.40998,0.204356365495647
0.41584,0.183359874835664
0.42075,0.161652147403192
0.42467,0.139283421873288
0.42762,0.116336491472591
0.42956,0.0928737532838881
0.43049,0.0689689798175615
0.43041,0.0447029995658954
0.42931,0.0201526047303801
0.42719,-0.0046035364822465
0.42407,-0.0294728075036986
0.41993,-0.0543836870880448
0.4148,-0.0792469279399764
0.40868,-0.103983933944808
0.40159,-0.12851240596444
0.39354,-0.152757094854062
0.38456,-0.176636126248476
0.37467,-0.200072363447168
0.36389,-0.222995071150337
0.35226,-0.245326324102943
0.33979,-0.267007238218031
0.32653,-0.287966865883127
0.31251,-0.308141826301311
0.29777,-0.327469746745352
0.28235,-0.34589135701208
0.26629,-0.363352102389188
0.24963,-0.379803326972467
0.23243,-0.39518828197484
0.21472,-0.409468033003331
0.19656,-0.422597501559091
0.17801,-0.434528494942127
0.1591,-0.445234403450488
0.1399,-0.4546777728779
0.12045,-0.462836211584815
0.10081,-0.469685883342268
0.081039,-0.475203756547868
0.061184,-0.479377508671482
0.041303,-0.482196203930116
0.021448,-0.483655297012087
0.0016701,-0.483756703851552
-0.017977,-0.482506078276905
-0.037444,-0.479915668801182
-0.056681,-0.476002721667496
-0.07564,-0.470789881156386
-0.094279,-0.464308370703405
-0.11255,-0.456591423834765
-0.13041,-0.447677032878131
-0.14783,-0.437616656971325
-0.16476,-0.42645596639408
-0.18118,-0.414257147441019
-0.19704,-0.401072027971968
-0.21233,-0.386972411457399
-0.22702,-0.372029587046885
-0.24108,-0.356312575836544
-0.2545,-0.339901512356596
-0.26725,-0.322868509068378
-0.27933,-0.305299373330761
-0.29072,-0.287273728933259
-0.30141,-0.268871296460044
-0.31139,-0.250169504806078
-0.32067,-0.231256376963517
-0.32924,-0.212211021687856
-0.33711,-0.193117686966137
-0.34427,-0.174047327964879
-0.35075,-0.155087438186604
-0.35653,-0.136299070013542
-0.36165,-0.117764206982716
-0.3661,-0.099542020935012
-0.3699,-0.0816933558782926
-0.37308,-0.0642856051683282
-0.37565,-0.0473742826857544
-0.37762,-0.0310032553751621
-0.37903,-0.01522740775685
-0.37988,-7.88535425788419e-05
-0.3802,0.0144079359682928
-0.38002,0.0281981248723515
-0.37935,0.0412729036516252
-0.37822,0.0536126923165505
-0.37665,0.0652057961204001
-0.37466,0.0760477595151547
-0.37227,0.0861406379008589
-0.36951,0.0954848182964726
-0.36638,0.104102024225818
-0.36293,0.111994105100071
-0.35915,0.119191654730112
-0.35508,0.125711059078141
-0.35072,0.131586777270517
-0.3461,0.136845075626349
-0.34123,0.141520011591363
-0.33612,0.145651279954011
-0.33079,0.149274898863481
-0.32525,0.152430546893493
-0.31952,0.155152546403408
-0.3136,0.157484885095151
-0.3075,0.159470852117623
-0.30124,0.16114466942339
-0.29482,0.162547129586968
-0.28826,0.163708412786107
-0.28157,0.16465667066374
-0.27475,0.165424970478419
-0.26781,0.16604195827033
-0.26075,0.166539225307913
-0.2536,0.166927564535368
-0.24634,0.167237522799182
-0.239,0.167477605747319
-0.23157,0.16766772311461
-0.22407,0.167814068854108
-0.2165,0.167926211674415
-0.20886,0.168015990857422
-0.20115,0.168096579094906
-0.19339,0.168166903631907
-0.18557,0.168236437677367
-0.1777,0.168307935344809
-0.16977,0.168393287649383
-0.1618,0.168489090844138
-0.15378,0.168601730979169
-0.14571,0.168737771050178
-0.13759,0.168903609054903
-0.12943,0.169097813251067
-0.12122,0.16932733759938
-0.11297,0.169590796616487
-0.10467,0.169894793343871
-0.096333,0.170235073878523
-0.087953,0.170612687605795
-0.079533,0.171026170342899
-0.071078,0.171470495245785
-0.062586,0.171942980485282
-0.054065,0.172435424249818
-0.045519,0.172938269717301
-0.036947,0.173444744116351
-0.028363,0.173939341428185
-0.019768,0.174409482476939
-0.011168,0.174841534293343
-0.0025718,0.175219270511197
0.0060103,0.175523668843892
0.014574,0.175738378473446
0.023109,0.175845196693182
0.0316,0.175821223174698
0.040044,0.175649493571311
0.048424,0.175307958989186
0.056731,0.174777019689005
0.06495,0.174035189311312
0.07307,0.173063057555996
0.081077,0.171841264082269
0.088957,0.170351093941266
0.096699,0.168577169021517
0.10429,0.166505842767215
0.11171,0.164120169922651
0.11895,0.161409253316467
0.12599,0.158359353321408
0.13283,0.154969729528854
0.13946,0.151242891017262
0.14585,0.147169257492745
0.15201,0.142759474071664
0.15791,0.138010760022614
0.16356,0.132939298771128
0.16893,0.127546672793153
0.17404,0.121859746119168
0.17886,0.11588818222072
0.1834,0.10965720079167
0.18765,0.103189179676572
0.19162,0.0965184739020855
0.1953,0.0896734461224547
0.19868,0.082676905492641
0.20178,0.0755687658921302
0.20461,0.0683942705794425
0.20715,0.0611795536123954
0.20944,0.0539789697007831
0.21146,0.0468237363975445
0.21324,0.0397624747241471
0.21478,0.0328342365531705
0.21611,0.0260913736494183
0.21723,0.0195732255495562
0.21816,0.0133222055141682
0.21893,0.00738926655683625
0.21954,0.00180848756011147
0.22003,-0.00337122222089114
0.2204,-0.00812014102236352
0.22068,-0.0124028987350957
0.2209,-0.0161808079947062
0.22106,-0.0194360212876265
0.22121,-0.0221313050099772
0.22136,-0.0242446849992414
0.22152,-0.025767392591369
0.22174,-0.0266722920291607
0.22202,-0.0269554621469682
0.22239,-0.0266099356584222
0.22287,-0.025634195230338
0.22349,-0.0240240694956442
0.22426,-0.0217884435322129
0.22519,-0.0189467812519514
0.22632,-0.0155046520147027
0.22765,-0.0114861079968609
0.22919,-0.00692229982193895
0.23097,-0.00183470293151165
0.23297,0.0037264104957129
0.23523,0.00973309323197038
0.23773,0.0161316281413491
0.24048,0.0228710315831954
0.24348,0.0298963991192356
0.24672,0.0371436860576942
0.25021,0.0445579640673574
0.25392,0.0520635646346627
0.25786,0.059599759310243
0.262,0.0670900018539828
0.26633,0.0744619664114211
0.27082,0.0816340385504449
0.27547,0.0885416926474139
0.28025,0.0951139792808194
0.28512,0.101269569729251
0.29007,0.106943445042116
0.29507,0.112071043290164
0.30008,0.116582901586662
0.30507,0.120415274745988
0.31002,0.123518570454626
0.31488,0.125834223273496
0.31962,0.127313279422351
0.3242,0.12790894569277
0.3286,0.127592730802206
0.33277,0.126330009136649
0.33667,0.124090063524654
0.34027,0.120854065816811
0.34352,0.116599007242996
0.34641,0.111329222050263
0.34887,0.105027112845816
0.3509,0.0977101313063327
0.35243,0.0893722248410229
0.35346,0.0800407737213289
0.35394,0.0697328321804238
0.35383,0.0584644728453625
0.35312,0.0462730901279424
0.35177,0.0331904203272199
0.34976,0.0192578875103342
0.34705,0.00450908976076444
0.34364,-0.0109997781291122
0.33949,-0.0272251958615384
0.33459,-0.0441126867979827
0.32892,-0.0616076874377624
0.32247,-0.0796495557392844
0.31522,-0.0981817348742959
0.30715,-0.117152489499514
0.29827,-0.136493228969684
0.28856,-0.156145880038185
0.27801,-0.176055130213847
0.26664,-0.196147352194293
0.25443,-0.216365889081379
0.24139,-0.236647316366588
0.22753,-0.256924708184633
0.21285,-0.277137779151761
0.19736,-0.297226125186557
0.18107,-0.317131203183772
0.16402,-0.336775706323027
0.14619,-0.35611400797062
0.12763,-0.375075877075489
0.10836,-0.393595729054981
0.08839,-0.411621296915336
0.067761,-0.42908997857334
0.046501,-0.445942595060822
0.024645,-0.462119604647549
0.0022218,-0.477567837846174
-0.020722,-0.492228020940722
-0.044151,-0.506046333135115
-0.068022,-0.518969533383979
-0.092289,-0.530944723498299
-0.11691,-0.541924181408161
-0.14183,-0.551856552821657
-0.167,-0.560693898264159
-0.19238,-0.568399504857885
-0.21792,-0.574939846463238
-0.24355,-0.580270620772798
-0.26923,-0.584362740104106
-0.29491,-0.587193297488643
-0.32052,-0.588730726326423
-0.34602,-0.58896002634871
-0.37135,-0.587865674462317
-0.39646,-0.58544004248292
-0.42128,-0.581667765939925
-0.44577,-0.576550303014852
-0.46987,-0.570088293878046
-0.49353,-0.562289533600706
-0.51668,-0.553152993631553
-0.53928,-0.542693121500431
-0.56128,-0.530929417643852
-0.58262,-0.517877881755189
-0.60324,-0.5035515671313
-0.62311,-0.487983258520029
-0.64217,-0.471198840881252
-0.66037,-0.453225567507289
-0.67766,-0.434091251744939
-0.694,-0.413830966645219
-0.70935,-0.392484834736221
-0.72366,-0.370088691703073
-0.73689,-0.346681429016934
-0.74899,-0.322296005125292
-0.75994,-0.296981910110521
-0.7697,-0.270785842330268
-0.77822,-0.243743575008055
-0.7855,-0.215918025943583
-0.79147,-0.187340462229079
-0.79614,-0.158074844431515
-0.79947,-0.128172666563259
-0.80143,-0.0976812378715255
-0.80202,-0.0666652227883281
-0.80121,-0.0351791588657266
-0.799,-0.00328992358034993
-0.79537,0.0289424849760048
-0.79032,0.0614506997951876
-0.78385,0.0941635092762698
-0.77596,0.127008817431088
-0.76666,0.159908681773217
-0.75594,0.192797682173518
-0.74383,0.225593055042345
-0.73034,0.258215468574898
-0.71549,0.290583509119552
-0.69929,0.322624115434315
-0.68178,0.354251215105496
-0.66299,0.385378445077419
-0.64294,0.41592943108044
-0.62167,0.445823657180916
-0.59922,0.474979998562319
-0.57562,0.503326997574841
-0.55093,0.530781330864284
-0.52517,0.557282549539817
-0.49841,0.58275393792237
-0.47068,0.607137964226671
-0.44205,0.630365191453265
-0.41255,0.652388705816947
-0.38225,0.673152116842047
-0.3512,0.692608387927307
-0.31946,0.710712572745374
-0.2871,0.72741589981407
-0.25416,0.742690676982731
-0.22072,0.756498039543403
-0.18683,0.768814003897879
-0.15256,0.7796130806011
-0.11797,0.788877278231284
-0.083139,0.796581691681137
-0.048115,0.802720021886
-0.012969,0.807284704540245
0.022235,0.810273093940358
0.05743,0.811684890986004
0.092561,0.811531075483883
0.12756,0.809822295274828
0.16236,0.806569837108351
0.19691,0.801797449286443
0.23115,0.795532027807663
0.26502,0.787802651037342
0.29847,0.778647100882533
0.33143,0.768094664386718
0.36387,0.756196827307782
0.39572,0.742992232029828
0.42693,0.728523100535891
0.45747,0.712848332596892
0.48729,0.69602401780408
0.51633,0.678095154580979
0.54457,0.659126192648668
0.57196,0.639173339134954
0.59847,0.618299397499083
0.62406,0.596563325879201
0.64871,0.574034074509634
0.67238,0.550771860732489
0.69504,0.526835453690922
0.71668,0.502295443384877
0.73726,0.477207623708314
0.75677,0.451636268074199
0.77518,0.425635658507818
0.79248,0.399265018977782
0.80864,0.372570814758834
0.82365,0.345602380502995
0.8375,0.318409634968519
0.85016,0.29102642329051
0.86163,0.263494473890501
0.8719,0.235852916357756
0.88094,0.20812250542312
0.88875,0.180330353422032
0.89531,0.15249272287987
0.90063,0.124638434375231
0.90468,0.0967756485378455
0.90747,0.068924807763905
0.909,0.0411079038864732
0.90925,0.0133324137926728
0.90823,-0.0143842850904414
0.90593,-0.042032458821653
0.90236,-0.0695943550971543
0.89752,-0.0970539596330761
0.89143,-0.12438260634989
0.88407,-0.151572072193854
0.87547,-0.17859415328019
0.86565,-0.205412965236563
0.8546,-0.232009832219721
0.84236,-0.25834373900468
0.82893,-0.284386598133618
0.81434,-0.310099565358139
0.79863,-0.335429023520855
0.7818,-0.360340706231381
0.7639,-0.384780151296152
0.74495,-0.408700530690147
0.72499,-0.432047909577555
0.70405,-0.454771755328946
0.68219,-0.476803745348808
0.65942,-0.498100330303
0.63581,-0.518595063313313
0.61138,-0.538242148089051
0.5862,-0.556977054440877
0.56029,-0.574759240502802
0.53371,-0.591539416645278
0.50651,-0.607270383240972
0.47873,-0.621915714019079
0.45042,-0.635441696409281
0.42163,-0.647818167393264
0.39239,-0.659033888575092
0.36278,-0.669056672942702
0.33281,-0.677890530016092
0.30255,-0.685524628748851
0.27203,-0.691966497314828
0.2413,-0.697223903607672
0.2104,-0.701312413757583
0.17937,-0.704253856524496
0.14825,-0.706074894825573
0.11708,-0.70680571509767
0.085906,-0.706474402969764
0.05476,-0.705117215912301
0.023681,-0.702771082655695
-0.0072965,-0.699476010166353
-0.038135,-0.695271357163258
-0.068801,-0.690197985789986
-0.099265,-0.684299919929623
-0.12949,-0.677617059788551
-0.15945,-0.670193064024811
-0.18911,-0.662066779760584
-0.21844,-0.653275782996551
-0.24742,-0.643862934426394
-0.27601,-0.633859315026447
-0.30419,-0.623300335717335
-0.33193,-0.612216399052797
-0.35922,-0.600647678834029
-0.38601,-0.588611387866375
-0.41229,-0.576135139863352
-0.43803,-0.563239180373456
-0.46321,-0.549944444349701
-0.48782,-0.536279030038903
-0.51181,-0.522246250145041
-0.53518,-0.507866079191906
-0.5579,-0.493148961564327
-0.57996,-0.478111941074969
-0.60132,-0.462754510044721
-0.62197,-0.447083976048975
-0.6419,-0.431113525691374
-0.66107,-0.414838339813719
-0.67948,-0.398268584826398
-0.69711,-0.381411250710285
-0.71393,-0.364263005488737
-0.72993,-0.346826892218699
-0.7451,-0.329110841713958
-0.7594,-0.311104172416266
-0.77283,-0.29281090632409
-0.78538,-0.274239274035242
-0.79702,-0.255385769944406
-0.80774,-0.236252189526254
-0.81753,-0.216844437731645
-0.82637,-0.1971640789606
-0.83423,-0.177201639583123
-0.84113,-0.156975875763241
-0.84704,-0.136490749301112
-0.85194,-0.11574551515392
-0.85583,-0.0947503596332113
-0.8587,-0.0735165429747736
-0.86053,-0.0520484320787434
-0.86131,-0.0303520430057173
-0.86104,-0.00844188293918749
-0.85971,0.0136685402521306
-0.85731,0.0359669454046883
-0.85384,0.0584350391593648
-0.84928,0.0810650300438358
-0.84364,0.103835692564348
-0.8369,0.126737803648055
-0.82907,0.149749959584974
-0.82013,0.172863783782797
-0.8101,0.196052136100448
-0.79898,0.219288351620978
-0.78675,0.24256173747432
-0.77343,0.265845292332007
-0.75901,0.289121889726466
-0.74351,0.312360749703679
-0.72693,0.335535815042209
-0.70928,0.358618256894495
-0.69057,0.381577914946611
-0.6708,0.404391899472757
-0.65001,0.427014365019781
-0.62819,0.449419311145434
-0.60537,0.471568013351391
-0.58157,0.493420098720372
-0.55681,0.514935123561563
-0.5311,0.536081260931849
-0.50449,0.556805114274191
-0.47699,0.577067120881022
-0.44864,0.596817967785544
-0.41946,0.616016837281457
-0.38949,0.634616322309206
-0.35877,0.652565244795494
-0.32733,0.669818430214825
-0.29522,0.686322258052214
-0.26247,0.702032833349168
-0.22913,0.716900811328798
-0.19524,0.730881510687212
-0.16086,0.743920763347507
-0.12603,0.755973347999335
-0.090796,0.766998398961577
-0.055218,0.776949691524977
-0.019343,0.78578792458897
0.016768,0.793470476181725
0.053063,0.799960248981018
0.08948,0.805218606402194
0.12596,0.809209336071812
0.16245,0.811904001364579
0.19888,0.813269044379898
0.23518,0.813268090178173
0.2713,0.81187866168201
0.30716,0.809068312296659
0.3427,0.804812622242916
0.37784,0.799079900346214
0.41253,0.791856019061356
0.44669,0.783119597493965
0.48025,0.772851764087175
0.51314,0.761036547910307
0.54529,0.747661110498298
0.57664,0.732723240028404
0.60713,0.716229714878502
0.63667,0.698172549045184
0.66522,0.678569371787831
0.69271,0.657436125844675
0.71907,0.634787277944978
0.74426,0.610658183762312
0.7682,0.585070776817888
0.79086,0.55807279714152
0.81219,0.529716940249159
0.83211,0.500036494851883
0.85061,0.469100119034113
0.86764,0.436973685819201
0.88315,0.403719154593747
0.89711,0.369408496991301
0.9095,0.334127223328698
0.92028,0.29795464743211
0.92943,0.260977673353594
0.93694,0.223294263923241
0.94277,0.184986319040805
0.94692,0.146149947258208
0.94938,0.10688246721913
0.95015,0.0672866545046873
0.94922,0.0274591837530342
0.94659,-0.0125037867188148
0.94227,-0.0525021472145103
0.93625,-0.0924505669006291
0.92857,-0.132241473013823
0.91921,-0.171797176911834
0.90822,-0.211014995775599
0.89559,-0.249819849075477
0.88135,-0.28813199998271
0.86554,-0.325863389800679
0.84817,-0.362944488314312
0.82928,-0.399301096453126
0.8089,-0.434865368538874
0.78707,-0.469569740977558
0.76382,-0.503356828563236
0.7392,-0.536164949997285
0.71326,-0.567931358500515
0.68603,-0.598609657032644
0.65757,-0.628146430899121
0.62793,-0.656492170645861
0.59717,-0.683595164329438
0.56534,-0.709411412383641
0.5325,-0.733897616831
0.49873,-0.756998101534438
0.46407,-0.77867894815995
0.4286,-0.798895770137713
0.39239,-0.817604979259221
0.35552,-0.834758029264725
0.31804,-0.850326478804084
0.28005,-0.864262496514168
0.24162,-0.876526682923549
0.20282,-0.887088071136379
0.16374,-0.89590911423956
0.12446,-0.902955928537518
0.085069,-0.908192384700434
0.045643,-0.911591664175482
0.0062696,-0.913127129336956
-0.032963,-0.91277308501226
-0.071973,-0.910510529010145
-0.11067,-0.90632050613137
-0.14897,-0.900189829164901
-0.18678,-0.892104132196047
-0.22402,-0.882058555481884
-0.2606,-0.870049082440082
-0.29645,-0.856087707756321
-0.33146,-0.840169848838251
-0.36558,-0.822322442492601
-0.3987,-0.802553116011287
-0.43075,-0.780883651805615
-0.46167,-0.757354371224576
-0.49136,-0.731990187043051
-0.51977,-0.704840166292112
-0.54681,-0.675942187824702
-0.57244,-0.645361278409791
-0.59657,-0.613145806664873
-0.61916,-0.579366525755286
-0.64014,-0.544088245288882
-0.65946,-0.507384091633654
-0.67709,-0.469346739406193
-0.69297,-0.430059938426906
-0.70706,-0.3896127209541
-0.71934,-0.348110658744036
-0.72978,-0.30566227767977
-0.73833,-0.262360579883844
-0.74501,-0.218335054903882
-0.74978,-0.173696460941788
-0.75264,-0.128566713395344
-0.75358,-0.0830656394339205
-0.75261,-0.0373224954272032
-0.74974,0.00852983650830762
-0.74497,0.0543670668853263
-0.73833,0.10005359686647
-0.72984,0.145456402949287
-0.71952,0.190448811189408
-0.70742,0.234891236120785
-0.69355,0.278667805999275
-0.67799,0.321633952318819
-0.66075,0.363678491643329
-0.64191,0.404669286883842
-0.62151,0.444491385905158
-0.59961,0.483032961408105
-0.57629,0.52017392559993
-0.55161,0.555806562025085
-0.52565,0.589822264816966
-0.49848,0.622123078730355
-0.47019,0.652608544414432
-0.44085,0.681194751229751
-0.41055,0.707799684605453
-0.37939,0.732338759775164
-0.34746,0.754736063861266
-0.31485,0.774925785911254
-0.28165,0.792853102074341
-0.24797,0.808459796652795
-0.21391,0.821694920530792
-0.17956,0.832523166281671
-0.14503,0.840909003788035
-0.11042,0.846826055593526
-0.075832,0.850255502923361
-0.041366,0.851187528427828
-0.0071177,0.849623908444175
0.026809,0.845570514714522
0.060315,0.839040729807343
0.093311,0.830061651154733
0.12569,0.818658344867748
0.15738,0.804880128028507
0.18827,0.788766335136558
0.2183,0.770385489085428
0.24736,0.749791350363965
0.27539,0.727061769590402
0.30232,0.702284933671286
0.32806,0.675540553963227
0.35255,0.646921820500503
0.37573,0.616530484590368
0.39755,0.584480006196072
0.41794,0.550875525557932
0.43686,0.515834835060288
0.45427,0.479482691525197
0.47012,0.441938587187754
0.4844,0.403343936152785
0.49705,0.363816783210229
0.50807,0.323497187042529
0.51744,0.282523991400729
0.52514,0.241030869358384
0.53118,0.199165387970765
0.53556,0.157074374097945
0.53827,0.114892079924135
0.53933,0.0727604865377133
0.53876,0.0308232275047845
0.53658,-0.0107793938954127
0.53282,-0.051906986349092
0.52751,-0.092423759008397
0.52069,-0.132194826048228
0.5124,-0.171090638037227
0.50269,-0.208983051466546
0.49162,-0.245742150528773
0.47923,-0.281255942771083
0.4656,-0.315401416984865
0.45078,-0.34807328934001
0.43484,-0.379169744426594
0.41786,-0.408588260299725
0.3999,-0.436244448121903
0.38104,-0.462057185207768
0.36137,-0.485943937537091
0.34095,-0.507846593495268
0.31987,-0.527707266744603
0.29821,-0.545478353653019
0.27604,-0.561130343225406
0.25344,-0.574642825902975
0.23051,-0.585989574262358
0.2073,-0.595178390513999
0.1839,-0.602215736025475
0.16038,-0.607122586085802
0.13681,-0.609931975414989
0.11327,-0.610679248800607
0.08981,-0.60942365777186
0.066509,-0.606221441802686
0.043423,-0.601142592956353
0.020611,-0.594264698558374
-0.0018703,-0.585671623547025
-0.023967,-0.575452570778699
-0.045636,-0.563707018120783
-0.066825,-0.550533556227181
-0.087492,-0.536035250820616
-0.1076,-0.520319843085156
-0.12711,-0.503494533061925
-0.14599,-0.485668365572701
-0.16421,-0.466950330101045
-0.18174,-0.447446278434601
-0.19857,-0.427271245884054
-0.21466,-0.406522100752322
-0.23,-0.38530028158951
-0.24457,-0.363700361461236
-0.25836,-0.341815756677437
-0.27137,-0.319743317367623
-0.28357,-0.297557318124844
-0.29497,-0.275340812660667
-0.30556,-0.253166274431607
-0.31534,-0.231102440512472
-0.32431,-0.209212510044342
-0.33246,-0.187545428023676
-0.33981,-0.166158806860621
-0.34636,-0.145100202449331
-0.3521,-0.12439968483847
-0.35706,-0.10410128467616
-0.36123,-0.0842288268764722
-0.36464,-0.06481810592239
-0.36728,-0.0458833568243581
-0.36918,-0.0274499803029714
-0.37035,-0.00953627711997599
-0.37079,0.0078536655430823
-0.37053,0.0247057365212853
-0.36959,0.0410060750050935
-0.36798,0.0567493088465753
-0.36571,0.0719375583425165
-0.36281,0.0865646236252313
-0.3593,0.100625608066722
-0.3552,0.114117210846231
-0.35053,0.127037897389163
-0.34531,0.139387967793482
-0.33957,0.151162143624483
-0.33331,0.16237329936917
-0.32657,0.173019329646285
-0.31937,0.183101183636733
-0.31172,0.192629898289784
-0.30365,0.201609805026764
-0.29519,0.210039936993688
-0.28634,0.217937465280353
-0.27714,0.225304334669933
-0.26759,0.232159919305286
-0.25773,0.238507701984946
-0.24757,0.244360583799616
-0.23712,0.249738833037929
-0.2264,0.254660838661309
-0.21545,0.259128287005902
-0.20426,0.263166393517308
-0.19285,0.266796544420805
-0.18125,0.270029128604464
-0.16946,0.272887602858816
-0.15751,0.275383159004655
-0.14539,0.27754638639483
-0.13313,0.279393109384352
-0.12074,0.280941596990535
-0.10822,0.282218955380854
-0.095599,0.283237199187212
-0.08287,0.284022415709355
-0.07005,0.284593519511998
-0.057142,0.284973414008402
-0.044158,0.285180859991438
-0.031104,0.285235113603968
-0.017982,0.285158163325275
-0.0048057,0.284964844137072
0.008423,0.284672426340821
0.021699,0.284297180264355
0.035013,0.283850890912563
0.048361,0.283345185572008
0.061735,0.282788144579155
0.075128,0.282185358896417
0.088533,0.28154010741181
0.10194,0.280851343417561
0.11535,0.28012254382783
0.12874,0.279342845214107
0.14211,0.278506977270129
0.15545,0.277606786367173
0.16874,0.276624492656564
0.18197,0.275542303750987
0.19514,0.27435017983431
0.20821,0.273014930693219
0.22119,0.271522484102351
0.23406,0.269852311147177
0.24679,0.267971796420754
0.25938,0.26586160654581
0.27179,0.263484040019462
0.28402,0.26081718147416
0.29605,0.257837665896776
0.30785,0.254514244937988
0.3194,0.250817605664739
0.33068,0.246720852348663
0.34168,0.242207250676872
0.35236,0.237246639492214
0.36272,0.231828548712897
0.37271,0.225921825585311
0.38233,0.219516597757544
0.39155,0.212598382277804
0.40035,0.205156933708763
0.4087,0.197178469716774
0.41659,0.188661684994981
0.42398,0.179593354078231
0.43086,0.169973347886936
0.4372,0.159797471758042
0.44298,0.149065924501704
0.44817,0.137775199800622
0.45276,0.125933836375614
0.45672,0.113545210809406
0.46003,0.100615981495361
0.46267,0.0871553990247346
0.4646,0.0731598778527961
0.46582,0.0586452547177647
0.46629,0.0436131099136575
0.466,0.0280757565304374
0.46493,0.0120465068349219
0.46306,-0.00446080735372355
0.46036,-0.0214396466540222
0.45683,-0.0388673011849067
0.45244,-0.0567307816184007
0.44717,-0.0750178631579011
0.44102,-0.0937024675303252
0.43398,-0.112755429042708
0.42602,-0.13216065832612
0.41715,-0.151883477463005
0.40737,-0.171882568693408
0.39666,-0.192127180428426
0.38503,-0.212573767570556
0.37248,-0.233177099372501
0.35901,-0.253891875579216
0.34465,-0.274651863407283
0.32939,-0.295405414757468
0.31325,-0.316091972890435
0.29627,-0.336630793732495
0.27844,-0.356964170419557
0.25981,-0.377010356264132
0.2404,-0.396692841985874
0.22024,-0.415934258760308
0.19937,-0.434651526368593
0.17783,-0.452759517245973
0.15566,-0.470174094510634
0.13289,-0.486821969803704
0.10959,-0.502611422976371
0.085795,-0.517464674516711
0.061557,-0.531305184704644
0.036931,-0.544057774209676
0.011969,-0.555653145468754
-0.013269,-0.566023259479177
-0.038726,-0.575105729314779
-0.064346,-0.582845749275623
-0.090062,-0.58918858907365
-0.11582,-0.594091297226625
-0.14155,-0.597510381370234
-0.1672,-0.599417037799596
-0.19269,-0.599775015399375
-0.21797,-0.598565851253926
-0.24298,-0.595779152581498
-0.26765,-0.591404542625347
-0.29191,-0.585432533785606
-0.31572,-0.57787736760011
-0.33901,-0.56875041212567
-0.36172,-0.558068347119961
-0.3838,-0.545859579941993
-0.40519,-0.532154284178715
-0.42584,-0.516991075224808
-0.44571,-0.500422128479071
-0.46474,-0.482494721665452
-0.4829,-0.463273413494936
-0.50012,-0.442805643242888
-0.51639,-0.421168353721904
-0.53165,-0.398423397162717
-0.54588,-0.374648499270779
-0.55903,-0.349909971723579
-0.57109,-0.324292736387009
-0.58202,-0.297872219253783
-0.59181,-0.270736272545469
-0.60042,-0.242958090987444
-0.60784,-0.214619087072958
-0.61407,-0.185812278600342
-0.61908,-0.156615100360083
-0.62287,-0.127112222861347
-0.62542,-0.0973767296074119
-0.62676,-0.0675069881591287
-0.62686,-0.0375743287421833
-0.62575,-0.00767029434251679
-0.62342,0.0221297954717095
-0.61988,0.0517514408292037
-0.61515,0.0811159526835595
-0.60924,0.110151331622894
-0.60218,0.138778690629743
-0.59398,0.166931090475961
-0.58467,0.194538842930038
-0.57428,0.221532541893011
-0.56283,0.24785290157267
-0.55036,0.273436245810667
-0.53689,0.298232516596869
-0.52248,0.322175058724254
-0.50715,0.345215860195498
-0.49095,0.367301697797711
-0.47393,0.388377233441215
-0.45612,0.408402346541251
-0.43757,0.427336126279981
-0.41834,0.445131378523071
-0.39847,0.461752530851434
-0.37802,0.4771601681824
-0.35705,0.491313448142641
-0.3356,0.504186861463843
-0.31373,0.515753753685906
-0.2915,0.52598785304637
-0.26897,0.534864468345704
-0.24619,0.542368791576127
-0.22323,0.548480129323207
-0.20013,0.553196307554632
-0.17695,0.556515865218924
-0.15376,0.558431058368376
-0.1306,0.55895193491001
-0.10752,0.55809567284763
-0.084598,0.555864464211606
-0.06186,0.552287206270592
-0.039371,0.54738507966791
-0.017168,0.541193531480738
0.0046898,0.533742455033031
0.026167,0.525074343729751
0.047216,0.515231931196914
0.067796,0.504262238255285
0.087873,0.492219681436921
0.10741,0.479161100060179
0.12636,0.465136463459726
0.14472,0.450221453524115
0.16243,0.434468322171492
0.17949,0.417953379991159
0.19587,0.400748040284958
0.21155,0.382925157485499
0.22652,0.364564050722587
0.24075,0.345732155094364
0.25424,0.326507476232239
0.26698,0.306966792957182
0.27896,0.287183545057857
0.29018,0.267233575318424
0.30064,0.247192267442328
0.31033,0.227124824248229
0.31927,0.207108249483125
0.32745,0.187204360248667
0.33487,0.167467987447426
0.34156,0.147968534545886
0.34751,0.128755197845168
0.35274,0.109881217344757
0.35726,0.0913937198240501
0.36108,0.0733330854139013
0.36422,0.0557400042552867
0.3667,0.0386537653035284
0.36853,0.0221035246906559
0.36973,0.00611632613844555
0.37032,-0.00928376761230856
0.37032,-0.0240762819167785
0.36976,-0.0382373127515966
0.36865,-0.0517561291882356
0.36702,-0.064618614289123
0.36489,-0.0768161767735914
0.36228,-0.0883453717590588
0.35921,-0.09920744352536
0.35572,-0.109393017530955
0.35182,-0.118906987190792
0.34755,-0.127743801633945
0.34292,-0.135912173734757
0.33795,-0.143425020447036
0.33267,-0.150291228541823
0.32711,-0.156516485451512
0.32128,-0.162118794339037
0.31521,-0.16711105622033
0.30891,-0.171516726856979
0.3024,-0.175359950877036
0.29571,-0.178657567143546
0.28884,-0.181442408016121
0.28182,-0.183737265091895
0.27466,-0.185571121356563
0.26737,-0.186977253411263
0.25997,-0.187984173823046
0.25248,-0.188615820474609
0.24489,-0.188913990585701
0.23723,-0.188904171760153
0.22951,-0.188612775811176
0.22173,-0.188073581492491
0.21391,-0.187310535980263
0.20606,-0.186346316165181
0.19818,-0.185209243712025
0.1903,-0.183909117161307
0.18241,-0.182469970890226
0.17453,-0.180904330840874
0.16666,-0.179229743172856
0.15883,-0.177444976188986
0.15104,-0.175555696143939
0.14329,-0.173572798857964
0.13561,-0.171488754201832
0.128,-0.169303392789784
0.12047,-0.167014921543842
0.11304,-0.164612739513306
0.10573,-0.162079275501762
0.098532,-0.159412370365275
0.091478,-0.156592646969851
0.084573,-0.153607224985526
0.077836,-0.150438353077992
0.071274,-0.147073623386325
0.06491,-0.143493373056289
0.058749,-0.139685880627157
0.052811,-0.135635017077915
0.047105,-0.131329652981293
0.041644,-0.126760029686131
0.036442,-0.121917031320558
0.031506,-0.116797507515003
0.02685,-0.111398063392259
0.022486,-0.105716721947063
0.018415,-0.0997608860967555
0.01465,-0.0935365064689749
0.011198,-0.0870526993932553
0.0080576,-0.0803271563365723
0.0052415,-0.0733736365691917
0.0027432,-0.066216607650343
0.00057046,-0.058878009657931
-0.0012842,-0.0513884598300606
-0.0028176,-0.0437768868331132
-0.0040421,-0.0360815821530752
-0.0049583,-0.0283386552723747
-0.0055774,-0.0205893028008853
-0.0059131,-0.0128795223015574
-0.0059723,-0.00525285813884543
-0.0057778,0.00223861743308013
-0.0053408,0.00954603754744439
-0.0046798,0.0166191613441229
-0.0038208,0.0234025979153344
-0.0027771,0.0298478597176697
-0.0015768,0.0359025863962114
-0.00024248,0.0415170134716291
0.001202,0.0466441104491467
0.0027301,0.0512386086069955
0.0043145,0.0552575955912603
0.0059316,0.0586642781821582
0.0075512,0.0614232385108906
0.0091487,0.063505608696554
0.010694,0.0648848687409248
0.012164,0.0655426481854462
0.013528,0.0654623929950685
0.014765,0.0646370061282334
0.015843,0.0630594431018658
0.016743,0.0607328701257297
0.017435,0.057660821290338
0.017901,0.0538562498432858
0.018116,0.0493345059354876
0.018059,0.0441157275246117
0.01771,0.0382243967491077
0.017049,0.0316881020220628
0.01606,0.0245393879699803
0.014727,0.016814128667332
0.013031,0.00854787830539978
0.010963,-0.000217482120173457
0.008509,-0.00943967874881433
0.0056599,-0.0190735485826378
0.0024039,-0.029074758872619
-0.0012656,-0.0393969750639265
-0.0053532,-0.0499920297004083
-0.0098657,-0.060813243085996
-0.014809,-0.0718158005660272
-0.020182,-0.0829525272640543
-0.025981,-0.0941738225680147
-0.032213,-0.105437530655454
-0.038869,-0.116696982244988
-0.045943,-0.127905546984439
-0.053428,-0.139017359093311
-0.061317,-0.149988641452384
-0.069598,-0.160775038752183
-0.078256,-0.171330976669112
-0.08728,-0.181614366647381
-0.096654,-0.191583665150645
-0.10636,-0.201197720559102
-0.11638,-0.210417127636721
-0.12668,-0.219193445855936
-0.13726,-0.227497730110299
-0.14807,-0.235280904320232
-0.15911,-0.24251631113651
-0.17034,-0.249166865520785
-0.18173,-0.255195837068775
-0.19326,-0.260575525558895
-0.20488,-0.265264437862709
-0.21659,-0.269248418794643
-0.22833,-0.27249174026448
-0.24008,-0.274972195477928
-0.2518,-0.276664646328165
-0.26346,-0.277550028112405
-0.27503,-0.27761504849183
-0.28647,-0.276844394837997
-0.29774,-0.275221888443343
-0.30881,-0.272738818777239
-0.31964,-0.26938566619309
-0.33019,-0.265152835547311
-0.34043,-0.260038630531074
-0.35031,-0.254033275319484
-0.35982,-0.247150609588212
-0.36889,-0.239379048976411
-0.3775,-0.230724053374912
-0.38561,-0.221190120735696
-0.39319,-0.210788481831118
-0.40019,-0.19952091985597
-0.40659,-0.187403934077793
-0.41235,-0.174450838559026
-0.41743,-0.160672192581399
-0.4218,-0.146083589716362
-0.42544,-0.130711790847753
-0.42832,-0.11458457604433
-0.4304,-0.097722517641277
-0.43166,-0.0801546944382328
-0.43207,-0.0619089264179714
-0.43162,-0.0430261089645573
-0.43028,-0.0235418245952745
-0.42803,-0.00349382363897157
-0.42487,0.0170646325303379
-0.42076,0.038098815901696
-0.41571,0.0595529564625636
-0.4097,0.0813780843654551
-0.40272,0.10352473164611
-0.39478,0.125929697278135
-0.38586,0.148542737800739
-0.37596,0.171310795311665
-0.3651,0.19416538721118
-0.35327,0.217049837711883
-0.34048,0.23990396798124
-0.32675,0.262659272736198
-0.31208,0.285257455548643
-0.2965,0.307628148589593
-0.28002,0.329708271051073
-0.26265,0.35144267466117
-0.24444,0.372754899396162
-0.2254,0.393583333284044
-0.20557,0.413858216291004
-0.18497,0.43352032288432
-0.16364,0.452506180693618
-0.14163,0.47074367704683
-0.11896,0.48817833423984
-0.095689,0.504743015827131
-0.071856,0.520377487478374
-0.047507,0.535024040983104
-0.022696,0.548623175537118
0.0025324,0.561123039030126
0.028119,0.572469095567008
0.054015,0.582614361976451
0.08016,0.591511192857147
0.1065,0.599117990506936
0.13298,0.605398981679275
0.15954,0.610320926698822
0.18612,0.613854091305697
0.21266,0.61597292748633
0.2391,0.616656501494532
0.26537,0.615881307349615
0.29141,0.613630313420171
0.31717,0.609900070945566
0.34258,0.604683891507145
0.36756,0.597965740600544
0.39208,0.589759904092992
0.41605,0.580060801119438
0.43942,0.568876983350125
0.46212,0.556213760180738
0.4841,0.542088841985917
0.5053,0.526522413770485
0.52564,0.509521644356188
0.54509,0.491120273626604
0.56357,0.47133584547897
0.58104,0.450202194820793
0.59745,0.427758196741268
0.61273,0.404031145071926
0.62685,0.379067992052286
0.63976,0.352915612848392
0.6514,0.325612267265363
0.66174,0.297210482007144
0.67073,0.267758111573813
0.67834,0.237312749860256
0.68453,0.205930871550113
0.68927,0.173673869735684
0.69252,0.140597965778553
0.69425,0.106760965708052
0.69445,0.072235029412222
0.69309,0.0370869840963559
0.69015,0.00138475214442925
0.68562,-0.0347975328985837
0.67949,-0.0713829868561282
0.67175,-0.108294863829976
0.66241,-0.145444118886686
0.65146,-0.182749314700832
0.63891,-0.220122918281051
0.62479,-0.257460445052442
0.6091,-0.294669151606054
0.59188,-0.331639120207066
0.57315,-0.368264810747714
0.55295,-0.404432765894108
0.53132,-0.440026737646758
0.5083,-0.474931927653661
0.48394,-0.509031012811445
0.4583,-0.542201045127995
0.43143,-0.574325926073157
0.40341,-0.605276735696317
0.37429,-0.634940621856877
0.34416,-0.663191931495978
0.31307,-0.689928480287453
0.28112,-0.715033644652811
0.24838,-0.738405377608573
0.21494,-0.759942254704732
0.18088,-0.779554423221988
0.14629,-0.797157349766947
0.11126,-0.812674049589322
0.075886,-0.826032250739725
0.04026,-0.837169378365365
0.0044685,-0.846037424548876
-0.031389,-0.852592804637613
-0.067216,-0.85679987995304
-0.10292,-0.858634302332415
-0.13841,-0.858083540652535
-0.17359,-0.855142158793773
-0.20836,-0.849808522252479
-0.24263,-0.842092349867011
-0.27632,-0.832020460310701
-0.30933,-0.819618725739117
-0.34157,-0.804919678308009
-0.37295,-0.787961005158232
-0.40341,-0.768806333699619
-0.43284,-0.747502086837569
-0.46118,-0.724117044054693
-0.48835,-0.698721804691005
-0.51428,-0.671394316042068
-0.5389,-0.642216669661399
-0.56215,-0.611279738533152
-0.58395,-0.578664426135118
-0.60428,-0.544485910416107
-0.62305,-0.508832204307679
-0.64025,-0.471826212919106
-0.6558,-0.433563832582868
-0.66969,-0.394168238624125
-0.68187,-0.353751507476346
-0.69233,-0.312443085206192
-0.70103,-0.270360444125056
-0.70796,-0.227630056012836
-0.71311,-0.184381812172956
-0.71646,-0.140736987330755
-0.71803,-0.0968356847610634
-0.71781,-0.0528066481617926
-0.71582,-0.00878755195765599
-0.71207,0.035088514329298
-0.70656,0.0787038714457391
-0.69935,0.12191285345283
-0.69044,0.164596339649677
-0.67988,0.206623699301111
-0.66769,0.247881630955845
-0.65393,0.288245212712275
-0.63864,0.327599271178305
-0.62186,0.365840580776688
-0.60367,0.402849766065855
-0.58409,0.438543045561604
-0.56321,0.472816881054377
-0.54107,0.505592638997539
-0.51775,0.536785372198937
-0.49331,0.566323198219188
-0.46781,0.594147777642798
-0.44134,0.620192151685258
-0.41396,0.644407454450156
-0.38575,0.666746970323895
-0.35678,0.687175396559293
-0.32713,0.705661190188801
-0.29687,0.722185062326468
-0.26608,0.736731678339411
-0.23485,0.749282822489101
-0.20324,0.75984149954206
-0.17134,0.768406393707062
-0.13922,0.774988330177222
-0.10696,0.779600987490738
-0.074639,0.782261423567108
-0.042334,0.782991095703359
-0.010117,0.781818734697929
0.021941,0.778779464348709
0.05376,0.773906477387109
0.085275,0.767242070165635
0.11641,0.758827016381331
0.1471,0.748708260518768
0.17728,0.736936770438415
0.20688,0.723561954280047
0.23585,0.708645640079065
0.2641,0.692228593458389
0.2916,0.674377984522933
0.31828,0.655150958653625
0.34409,0.634609873579325
0.36897,0.612812205470774
0.39287,0.589817288797364
0.41574,0.565684263116951
0.43755,0.540485183795674
0.45824,0.514278243866223
0.47778,0.487130889574862
0.49612,0.459101193834891
0.51324,0.430260039196034
0.5291,0.400671659097393
0.54367,0.370400289698852
0.55694,0.339522900032498
0.56887,0.308102123019221
0.57945,0.276209158800081
0.58867,0.243919800257777
0.59651,0.21130369964938
0.60297,0.178438041189708
0.60804,0.145396156549682
0.61173,0.112260619884658
0.61403,0.0791039585838185
0.61495,0.0460029284178006
0.6145,0.0130350958362896
0.6127,-0.0197165535860731
0.60955,-0.052182246401167
0.60508,-0.0842831366055468
0.5993,-0.115950576769268
0.59224,-0.147111813473929
0.58393,-0.177693367888727
0.57439,-0.207631181707788
0.56364,-0.236871170222698
0.55173,-0.265347231497087
0.53868,-0.293008205486652
0.52454,-0.31979483612753
0.50933,-0.345665790568081
0.4931,-0.370573786840818
0.47588,-0.394483483268024
0.45772,-0.417355990440866
0.43866,-0.439158655099476
0.41874,-0.459865371628067
0.39801,-0.479449253624035
0.3765,-0.497898917897628
0.35427,-0.515194208255037
0.33137,-0.531316412718591
0.30784,-0.54625642974242
0.28373,-0.560006290182109
0.25909,-0.572559667680118
0.23398,-0.583904820113714
0.20843,-0.594048597449172
0.18252,-0.602976117811845
0.15627,-0.610700159296431
0.12976,-0.617211473651497
0.10304,-0.62250584817075
0.076147,-0.626593182581777
0.049151,-0.629470406051865
0.022102,-0.631139158130905
-0.0049459,-0.631602065898291
-0.031938,-0.630862290490346
-0.058817,-0.628921648996069
-0.085533,-0.625786513133271
-0.11203,-0.621462445267
-0.13826,-0.615960309921141
-0.16416,-0.60928403412342
-0.18969,-0.601449009871749
-0.21479,-0.592464811647333
-0.23942,-0.582350988854306
-0.26353,-0.571127332338833
-0.28706,-0.558806006294702
-0.30999,-0.545422364129986
-0.33225,-0.530992607836283
-0.35382,-0.515554100349087
-0.37464,-0.499130720922408
-0.39469,-0.481764443662881
-0.41391,-0.463481128007046
-0.43229,-0.444329908569845
-0.44978,-0.424347754727456
-0.46635,-0.403575576585184
-0.48198,-0.382063679106471
-0.49665,-0.359868504879333
-0.51032,-0.337035035271939
-0.52298,-0.313619850343
-0.53461,-0.28967980459426
-0.54521,-0.2652850643795
-0.55474,-0.240484867934591
-0.56322,-0.215354399014296
-0.57062,-0.189950511452814
-0.57694,-0.164335661975316
-0.58219,-0.138582231571344
-0.58636,-0.112753548010836
-0.58946,-0.0869183831544351
-0.59148,-0.0611328831503238
-0.59245,-0.0354706862183208
-0.59235,-0.00998016057917199
-0.59122,0.0152680684837595
-0.58906,0.0402173644287981
-0.58589,0.0648095628213685
-0.58172,0.0889947139087679
-0.57658,0.112716543292117
-0.57048,0.135930488003375
-0.56345,0.158588351028969
-0.55552,0.180640821719571
-0.54671,0.202046928194678
-0.53706,0.222759252739411
-0.52658,0.242749163276307
-0.51532,0.261974889857492
-0.50331,0.280400503270383
-0.49058,0.297996255256325
-0.47717,0.314731294426007
-0.4631,0.330590005557652
-0.44841,0.345555193691461
-0.43315,0.359601951853671
-0.41733,0.372729875848009
-0.40101,0.384921817653438
-0.38421,0.396177620628663
-0.36698,0.406489071114227
-0.34933,0.415871675716361
-0.33132,0.424323073034664
-0.31298,0.431849115865106
-0.29434,0.438462458772313
-0.27544,0.444173829038821
-0.25631,0.448999806318275
-0.23699,0.452954120635299
-0.21752,0.456048078910596
-0.19792,0.45830573536762
-0.17824,0.459738786558018
-0.15851,0.460363609756718
-0.13875,0.46020745301382
-0.11901,0.459283542679213
-0.099317,0.457610555030752
-0.079695,0.455213353028394
-0.060179,0.452113053354576
-0.040802,0.448328711465727
-0.021586,0.443885367776287
-0.0025594,0.438807494557227
0.016248,0.433117411655823
0.034812,0.426839223339127
0.053113,0.420001191064167
0.071121,0.412626431553356
0.088815,0.404739884531379
0.10618,0.396371648412404
0.12319,0.387546952523089
0.13983,0.378294458564259
0.15607,0.368633616917434
0.17192,0.358605383370533
0.18734,0.348229849363478
0.20234,0.337546583155808
0.21688,0.326572662687632
0.23098,0.315350781473575
0.2446,0.303898594440837
0.25776,0.292257286301431
0.27043,0.28044873912974
0.28262,0.26850806956645
0.29431,0.256457724768428
0.30551,0.244331304466415
0.31621,0.232155485521194
0.3264,0.21995041946526
0.3361,0.207752401684648
0.34528,0.19557255592218
0.35396,0.183438140176039
0.36213,0.171366248275127
0.3698,0.15937986461254
0.37697,0.147498462761048
0.38363,0.135730519877817
0.38978,0.124082553901385
0.39544,0.112573860144658
0.40061,0.101218492342196
0.40528,0.0900182784363202
0.40946,0.0789796919110028
0.41315,0.068105148952995
0.41637,0.0574083041137165
0.41912,0.0468965187830439
0.4214,0.0365716944748125
0.42322,0.0264384824202166
0.42459,0.0165034433919933
0.42551,0.00676693665459293
0.42601,-0.0027536625417626
0.42609,-0.0120500529672828
0.42576,-0.0211142102946651
0.42503,-0.0299386899246802
0.42392,-0.0385094543976487
0.42244,-0.0468150480952996
0.4206,-0.0548465269910738
0.41843,-0.0625825446697747
0.41593,-0.0700146291206162
0.41313,-0.0771228473951021
0.41004,-0.0838934719733573
0.40668,-0.090310870365525
0.40307,-0.0963584188789235
0.39923,-0.102019264957045
0.39517,-0.107284348011963
0.39091,-0.112143877565483
0.38648,-0.116580484120221
0.38188,-0.120593475641618
0.37714,-0.124173584004102
0.37227,-0.127319814299265
0.36729,-0.130030616427597
0.3622,-0.132318972915145
0.35703,-0.134187198549447
0.35178,-0.135651270753986
0.34646,-0.136730489810789
0.34109,-0.137439049666685
0.33566,-0.137808941546445
0.33019,-0.137863562325352
0.32468,-0.137633626719394
0.31914,-0.13714758775135
0.31356,-0.136446143663273
0.30794,-0.135571406772039
0.30229,-0.134558113906837
0.2966,-0.133448888327499
0.29087,-0.132284122344115
0.28511,-0.131093855134302
0.2793,-0.129921049756187
0.27344,-0.128803022417034
0.26753,-0.127771396078111
0.26156,-0.126859581434959
0.25553,-0.1260939513791
0.24944,-0.125494290434292
0.24327,-0.125089107828593
0.23703,-0.124890770358218
0.2307,-0.124920249496854
0.22428,-0.125189861408208
0.21777,-0.125704373745492
0.21115,-0.126476884211291
0.20442,-0.127511829322317
0.19756,-0.128821109490802
0.19059,-0.130392519746952
0.18347,-0.132238896186229
0.17621,-0.134355737759275
0.16879,-0.136746685642617
0.16121,-0.139406873158923
0.15345,-0.14233932518518
0.14551,-0.145538398556026
0.13737,-0.149006256823336
0.12902,-0.152743770345486
0.12045,-0.156750625021015
0.11165,-0.161025446521134
0.10262,-0.165558536440246
0.093326,-0.170358784265591
0.083773,-0.175420900676354
0.073946,-0.180743019497945
0.063836,-0.186321565590459
0.05343,-0.192154568369824
0.042719,-0.198238381019043
0.031693,-0.204568784007291
0.020343,-0.211140415055254
0.0086616,-0.21794590092461
-0.0033612,-0.224978321673541
-0.015728,-0.232225795067516
-0.028447,-0.239676860689098
-0.041522,-0.247317419404323
-0.054956,-0.255131006494906
-0.06875,-0.263098193346444
-0.082903,-0.271196190899733
-0.097416,-0.27940158615957
-0.11228,-0.287683700749789
-0.1275,-0.296017190248524
-0.14305,-0.304358792540631
-0.15894,-0.312678619020846
-0.17514,-0.320928836112938
-0.19166,-0.329078079401176
-0.20846,-0.337072218751752
-0.22554,-0.344869909745686
-0.24287,-0.352419162196087
-0.26043,-0.35966834066132
-0.2782,-0.366567645025599
-0.29616,-0.373070284802655
-0.31428,-0.379125976737879
-0.33252,-0.384675811009828
-0.35087,-0.389677937702202
-0.36929,-0.394083478235012
-0.38775,-0.397846898045868
-0.40621,-0.400919497395345
-0.42464,-0.403259052717304
-0.44301,-0.404830039000759
-0.46128,-0.40559625488978
-0.47942,-0.405529695335142
-0.49738,-0.404595304271906
-0.51512,-0.402761052689628
-0.53262,-0.400013378602322
-0.54983,-0.396332181013887
-0.56671,-0.391700412559226
-0.58323,-0.386111717616382
-0.59934,-0.379554116007204
-0.61501,-0.372026568017442
-0.6302,-0.363529838826324
-0.64486,-0.354059072400256
-0.65896,-0.343620115610384
-0.67246,-0.332220192701082
-0.68533,-0.319875131348645
-0.69752,-0.3065927532969
-0.70901,-0.292396650098708
-0.71974,-0.277293139385352
-0.72969,-0.261304220972316
-0.73882,-0.244449331787974
-0.7471,-0.226752879031218
-0.7545,-0.208242762552979
-0.76098,-0.188941673916459
-0.7665,-0.168867583581166
-0.77105,-0.148056418588439
-0.77459,-0.126535485974453
-0.7771,-0.104339237244842
-0.77855,-0.0814995746606533
-0.77892,-0.0580528757639157
-0.77818,-0.0340307232996829
-0.7763,-0.00945992879465304
-0.77328,0.0156151579240077
-0.7691,0.0411521098994813
-0.76373,0.0671186787644055
-0.75716,0.0934770276853545
-0.74938,0.120185978747219
-0.74039,0.147195522799128
-0.73016,0.174472223169283
-0.71869,0.201974910673894
-0.70599,0.229650102835477
-0.69204,0.257458219925029
-0.67686,0.285342600023863
-0.66043,0.313264155231712
-0.64278,0.34116229897443
-0.62391,0.368983192696726
-0.60382,0.39668016265031
-0.58254,0.424191687428898
-0.56009,0.451453633270911
-0.53648,0.47840919399268
-0.51173,0.50500194720464
-0.48587,0.531170269431204
-0.45894,0.556842978743927
-0.43096,0.581958269101214
-0.40195,0.606463961395709
-0.37197,0.63028789629011
-0.34106,0.65335896789168
-0.30924,0.675624059853654
-0.27657,0.69701688193195
-0.24309,0.717477583468742
-0.20886,0.736938814619174
-0.17391,0.755351680594792
-0.13832,0.77264702611013
-0.10214,0.788763927686365
-0.065426,0.803645821182674
-0.028239,0.817238024157596
0.0093546,0.829485400963751
0.04729,0.840335671818002
0.085496,0.849736090327717
0.12391,0.857641873836183
0.16245,0.864002083523916
0.20105,0.868774582459302
0.23964,0.87192306969279
0.27814,0.87341010136878
0.31648,0.873206278983762
0.35457,0.871275246806849
0.39235,0.867598748990901
0.42975,0.8621667665894
0.46667,0.854954552140032
0.50306,0.845963642399323
0.53883,0.835187650682554
0.57391,0.822629258968162
0.60823,0.808298855896121
0.64173,0.792220615401209
0.67433,0.774414823575744
0.70596,0.754905883705709
0.73657,0.733736017498217
0.76609,0.710946231660986
0.79446,0.686583156278688
0.82162,0.660696965260661
0.84752,0.633346960266676
0.87211,0.60459839559544
0.89534,0.574519719619274
0.91717,0.543187614950119
0.93754,0.510668606153652
0.95643,0.477048820829252
0.97379,0.442405648475944
0.9896,0.406829454803775
1,0.367577645427872
1,0.318856065701839
1,0.263940837909186
1,0.205646606099214
1,0.146352328630177
1,0.0880296371421421
1,0.0322732004316329
1,-0.0196674793913091
1,-0.0668554028215757
1,-0.10863308137316
1,-0.14458972266316
1,-0.174529050836029
1,-0.198438168967251
1,-0.216457813938177
1,-0.228854296108201
1,-0.235993357722281
1,-0.238316126886712
0.99238,-0.241954631510513
0.97714,-0.251841199804217
0.9604,-0.267292293841143
0.94221,-0.287601621608825
0.9226,-0.312070056591354
0.90163,-0.33999369459979
0.87931,-0.37071457370063
0.85571,-0.403579996842237
0.83086,-0.437984481662362
0.80483,-0.473344003424849
0.77766,-0.509127206062776
0.7494,-0.54485028643976
0.72012,-0.580064848823795
0.68988,-0.614369901235517
0.65874,-0.647413345839476
0.62676,-0.678892299581498
0.59402,-0.708537601122097
0.56058,-0.736130282473941
0.52651,-0.761491553139677
0.4919,-0.784466435966331
0.4568,-0.804954429535409
0.4213,-0.822873702792806
0.38548,-0.838168752260248
0.3494,-0.850823267772741
0.31315,-0.86083247350342
0.27679,-0.868224850835838
0.24042,-0.873026925703599
0.2041,-0.875294005068655
0.1679,-0.875097116204917
0.1319,-0.872511964807257
0.096167,-0.867626796661085
0.060769,-0.86053792586775
0.02578,-0.85134209601011
-0.0087416,-0.840146157106929
-0.04273,-0.827057467577222
-0.076126,-0.812186379030143
-0.10887,-0.795642864274309
-0.14091,-0.77753961356624
-0.1722,-0.757993171554295
-0.20268,-0.737109861791991
-0.23232,-0.715007152163991
-0.26106,-0.69178612132675
-0.28888,-0.667561382690493
-0.31574,-0.642440402342624
-0.34161,-0.61652913869052
-0.36646,-0.589929162020529
-0.39027,-0.562742784486882
-0.41303,-0.535077126970493
-0.43472,-0.507032438208368
-0.45533,-0.47870760543896
-0.47485,-0.450197191546714
-0.49328,-0.421596520175885
-0.51062,-0.392998329198951
-0.52687,-0.364490114292767
-0.54204,-0.336159494597656
-0.55613,-0.308083721042026
-0.56917,-0.280351057592305
-0.58116,-0.253033343036343
-0.59213,-0.226208668281224
-0.60209,-0.199942500872911
-0.61107,-0.174302379916335
-0.61908,-0.149340117315019
-0.62615,-0.125107443956133
-0.63231,-0.101653836644917
-0.63758,-0.0790174445711499
-0.64199,-0.057232872798157
-0.64556,-0.0363227693525726
-0.64833,-0.0163135642421625
-0.65033,0.00277410176310395
-0.65157,0.0209403095423387
-0.65209,0.0381803595045144
-0.65192,0.0544938896429119
-0.65108,0.0698920685566177
-0.64961,0.084380869677665
-0.64752,0.0979846649270741
-0.64485,0.11072034734982
-0.64162,0.122613605006803
-0.63786,0.133689572376493
-0.6336,0.143972661569665
-0.62886,0.153493794250456
-0.62367,0.162281228607888
-0.61806,0.170360588397115
-0.61204,0.17776970550037
-0.60565,0.184533252231917
-0.59891,0.190679577157336
-0.59185,0.196231951225965
-0.58448,0.201223805396408
-0.57684,0.205673742735868
-0.56893,0.20961752977667
-0.5608,0.213066847034596
-0.55246,0.216043205905465
-0.54393,0.218568028773555
-0.53523,0.220662047220638
-0.52637,0.222352219520342
-0.51739,0.223647547498749
-0.50829,0.224571806072436
-0.4991,0.225137758565021
-0.48983,0.225363636843864
-0.4805,0.225264085372252
-0.47113,0.224850347337879
-0.46172,0.224145290637761
-0.45231,0.2231508402187
-0.44289,0.221888830283392
-0.43349,0.220366849198788
-0.42411,0.2186028565298
-0.41478,0.216600373036107
-0.40549,0.214380631684475
-0.39626,0.211956263207257
-0.38711,0.209332499088026
-0.37802,0.206537911526023
-0.36901,0.203589427140917
-0.36009,0.20050140945103
-0.35125,0.19730042960833
-0.3425,0.194007273593724
-0.33383,0.190652172979885
-0.32524,0.187264642181729
-0.31673,0.183872695910635
-0.30828,0.180517038987065
-0.2999,0.177225186433326
-0.29157,0.174035308414887
-0.28328,0.170985575354444
-0.27502,0.16811295906559
-0.26677,0.165459678779583
-0.25852,0.163063455925613
-0.25025,0.160964553942974
-0.24194,0.159203976112013
-0.23358,0.157814585069065
-0.22515,0.156828931095041
-0.21663,0.156278161101131
-0.20799,0.156198568192257
-0.19922,0.15661454525902
-0.19031,0.157539934256898
-0.18122,0.159001566371268
-0.17195,0.161006132782743
-0.16247,0.163565779997136
-0.15277,0.166681619127242
-0.14284,0.170345522033386
-0.13264,0.174564007641358
-0.12219,0.179310570694882
-0.11145,0.184576880718991
-0.10041,0.190347034055899
-0.089077,0.196586643346146
-0.077426,0.203270777052319
-0.065454,0.210366324980767
-0.053153,0.217838001847187
-0.04052,0.225645873649429
-0.02755,0.233748693266975
-0.01424,0.242103697422194
-0.00059224,0.250664119628985
0.013392,0.259381906405645
0.027712,0.268209676460759
0.04236,0.277096694894072
0.057327,0.285990035171741
0.072604,0.294836517957297
0.08818,0.303582831427986
0.10404,0.312174182137553
0.12017,0.320556971675325
0.13655,0.328675772258567
0.15316,0.336475398715663
0.16998,0.343902595577061
0.18698,0.350899973418166
0.20414,0.357416040793725
0.22142,0.363390967647831
0.2388,0.368774928764034
0.25625,0.373520460861839
0.27373,0.377576261131601
0.2912,0.38088969128093
0.30863,0.383416234615373
0.32598,0.38511213032385
0.34322,0.385943222352669
0.36029,0.385862262656243
0.37717,0.384842728830528
0.39381,0.382853775345485
0.41017,0.37986974432128
0.42621,0.375870291632464
0.44188,0.370832948502876
0.45714,0.364741961290901
0.47195,0.357587835516595
0.48627,0.349366798033505
0.50007,0.340087599903014
0.51328,0.329739674317633
0.52589,0.318341904351395
0.53786,0.30591458476685
0.54913,0.292464164451576
0.55969,0.27802303929865
0.5695,0.262621760709663
0.57852,0.246288846722297
0.58673,0.229065432661537
0.59409,0.210987134768697
0.60059,0.192106522353401
0.6062,0.172473776693822
0.6109,0.152143316766147
0.61466,0.131164191220511
0.61748,0.109602017297
0.61934,0.0875192201381996
0.62023,0.0649813408948141
0.62015,0.0420619977162754
0.61908,0.0188244482385662
0.61703,-0.00465606514734137
0.614,-0.0283042371718131
0.60999,-0.0520469468586002
0.60501,-0.0758076565320627
0.59907,-0.0995094171812122
0.59218,-0.123077334389795
0.58436,-0.1464331400574
0.57563,-0.169498329833653
0.566,-0.192204123684907
0.5555,-0.214477086335245
0.54415,-0.236249871360662
0.53197,-0.257462348406431
0.519,-0.278047553650905
0.50525,-0.297957536595524
0.49077,-0.317131939937675
0.47558,-0.335524776167827
0.45971,-0.353096056002002
0.4432,-0.369804893189552
0.42609,-0.385611357692656
0.40841,-0.400485330904887
0.3902,-0.414398591544673
0.3715,-0.427325774429087
0.35235,-0.439245052892951
0.33279,-0.450138581033208
0.31287,-0.459985332065928
0.29263,-0.468770178465844
0.27211,-0.476483642805799
0.25136,-0.483114137888568
0.23043,-0.488649138562129
0.20936,-0.493083521814741
0.18819,-0.496418684594931
0.16697,-0.498654251030571
0.14576,-0.499781406057785
0.12459,-0.499807295891731
0.10351,-0.498737284409063
0.082578,-0.496569554263253
0.061829,-0.493313839528867
0.041308,-0.488981799974896
0.021061,-0.483585853613626
0.0011327,-0.477139892204271
-0.018437,-0.469662384874841
-0.037602,-0.461170603277745
-0.05633,-0.45169076808083
-0.074577,-0.441247113670153
-0.092304,-0.42986545330275
-0.10948,-0.417578203955602
-0.12607,-0.404419368791492
-0.14204,-0.390424126266876
-0.15735,-0.375623261869832
-0.172,-0.360072792052022
-0.18594,-0.343810605258418
-0.19916,-0.326888520981125
-0.21164,-0.309360755022691
-0.22336,-0.291281935101379
-0.23431,-0.272712855409394
-0.24447,-0.253710132303168
-0.25384,-0.234340132560926
-0.26241,-0.214667729882204
-0.27018,-0.194762045831103
-0.27715,-0.174693539345885
-0.28332,-0.154531596150982
-0.2887,-0.134349978245475
-0.29329,-0.114216280648833
-0.29711,-0.0942057523976451
-0.30016,-0.0743826256226113
-0.30246,-0.0548149092517306
-0.30403,-0.0355713981212851
-0.30489,-0.0167192265177782
-0.30506,0.00167808018562206
-0.30456,0.0195621028800413
-0.30343,0.0368658260637328
-0.30168,0.0535398065485607
-0.29935,0.0695284471190839
-0.29648,0.0847732284984588
-0.29309,0.0992301803335536
-0.28921,0.112861409234261
-0.2849,0.125613323998899
-0.28019,0.137443853414851
-0.2751,0.148329291217678
-0.26969,0.158232364899292
-0.264,0.167121211701804
-0.25806,0.174977119354284
-0.25192,0.181778232115166
-0.24562,0.187508672620821
-0.2392,0.19215832306555
-0.2327,0.195722483897313
-0.22615,0.198208836700545
-0.21961,0.199613127639443
-0.21311,0.19994422051146
-0.20668,0.199221733168239
-0.20036,0.197466438767457
-0.19419,0.19469986112061
-0.18821,0.190943887751671
-0.18244,0.186235205159293
-0.17692,0.18060693591334
-0.17168,0.174096082576911
-0.16675,0.166741988323764
-0.16215,0.158592396227398
-0.15791,0.149693288071069
-0.15405,0.140095493804298
-0.15059,0.129852457390891
-0.14756,0.119010933461931
-0.14497,0.1076258087905
-0.14284,0.0957496142508925
-0.14117,0.0834462918770335
-0.13999,0.0707649822104765
-0.13929,0.0577710179866591
-0.13909,0.0445186808526391
-0.13938,0.0310738800530933
-0.14018,0.0174877212056797
-0.14148,0.00381993350616628
-0.14328,-0.00987208280165218
-0.14556,-0.023519850216944
-0.14834,-0.0370776944404258
-0.15158,-0.0504755259105586
-0.1553,-0.0636701876227873
-0.15946,-0.0765974059270352
-0.16405,-0.0892001906721912
-0.16906,-0.101429355970721
-0.17445,-0.11322156934448
-0.18022,-0.12453380718396
-0.18634,-0.135318841525644
-0.19277,-0.145520394438938
-0.1995,-0.155099047612875
-0.20648,-0.164000922828695
-0.21369,-0.172184589334683
-0.2211,-0.17961284611354
-0.22865,-0.186231200855861
-0.23634,-0.192017530669726
-0.2441,-0.196925124798193
-0.25191,-0.200926165428703
-0.25971,-0.203979705138759
-0.26748,-0.206065365221739
-0.27517,-0.207158186860955
-0.28274,-0.207238060477025
-0.29014,-0.206282390039261
-0.29733,-0.204275022767205
-0.30427,-0.201205871048083
-0.31092,-0.19707044126931
-0.31724,-0.191869294851768
-0.32318,-0.185600066144447
-0.3287,-0.178265870657011
-0.33377,-0.169881918051752
-0.33835,-0.16046572046903
-0.3424,-0.150036511774393
-0.34588,-0.138614700731409
-0.34877,-0.126236161990622
-0.35104,-0.112941141995758
-0.35265,-0.0987651727528157
-0.35357,-0.0837466172104207
-0.35379,-0.0679400355051719
-0.35328,-0.051396925944249
-0.35201,-0.0341650343810928
-0.34998,-0.0163100377490285
-0.34716,0.00211185407707123
-0.34354,0.0210387949435377
-0.33912,0.0403987137111871
-0.33388,0.0601281020559837
-0.32782,0.0801573935256794
-0.32093,0.100421566993958
-0.31322,0.12084642144986
-0.30469,0.141359971891327
-0.29534,0.16189421366536
-0.28518,0.182379083214493
-0.27423,0.202737672319417
-0.26248,0.222912159471937
-0.24997,0.2428250788385
-0.2367,0.26241519957049
-0.22271,0.281606871755507
-0.208,0.300344885987505
-0.19261,0.31856289193661
-0.17656,0.336202627511285
-0.15988,0.35320702822778
-0.14261,0.36951465473795
-0.12478,0.385070110954545
-0.10643,0.399817499204577
-0.087585,0.413713658511748
-0.068298,0.426706707808958
-0.048607,0.438750779063036
-0.02855,0.449806637974728
-0.0081767,0.459833361074041
0.012471,0.468796087828312
0.033347,0.476663229132965
0.054408,0.483409304003185
0.075605,0.489010771096327
0.096892,0.493449039906401
0.11822,0.496708315516425
0.13956,0.498790786313737
0.16085,0.499689184934892
0.18205,0.499405569087493
0.20311,0.497942517670934
0.22401,0.495325585479722
0.24469,0.49156901118794
0.26511,0.486692711710113
0.28524,0.480728394272505
0.30504,0.473709357086299
0.32448,0.465676985104153
0.34351,0.456663544894835
0.3621,0.446708091208804
0.38024,0.435869073865087
0.39787,0.424182193135652
0.41498,0.411700934024621
0.43153,0.398469562192242
0.44751,0.384545942967643
0.46288,0.369975166311415
0.47763,0.354812959918877
0.49173,0.3391072670948
0.50515,0.322898358782437
0.51789,0.306241276168097
0.52992,0.289179140560143
0.54123,0.27175890802058
0.55179,0.254014354413642
0.5616,0.235989662712897
0.57064,0.217721170309731
0.57889,0.199237641041793
0.58635,0.1805754566982
0.59299,0.161753677322785
0.59882,0.142806156203078
0.60382,0.123755268495486
0.60799,0.104628018722031
0.6113,0.085431916695282
0.61377,0.0661952080875541
0.61538,0.0469322085152291
0.61613,0.0276601117368795
0.61602,0.00839767181635303
0.61504,-0.0108432849765512
0.61321,-0.0300349292156835
0.61051,-0.0491671224453478
0.60696,-0.0682149420483128
0.60256,-0.0871572612501599
0.59731,-0.105976824695807
0.59123,-0.124645417304378
0.58432,-0.143141771940339
0.57659,-0.161443633042549
0.56806,-0.179521387432723
0.55874,-0.197347908064676
0.54864,-0.214899028943209
0.53779,-0.232139063193112
0.5262,-0.249039011592641
0.51388,-0.265576279037012
0.50087,-0.281712101379206
0.48717,-0.297425542084304
0.47281,-0.312688665306328
0.45782,-0.327468901708868
0.44222,-0.341738465716157
0.42604,-0.355467033853453
0.4093,-0.368630707619008
0.39202,-0.3812116817282
0.37424,-0.393183031193411
0.35598,-0.404526264937317
0.33728,-0.415215666574833
0.31816,-0.425235444084302
0.29865,-0.43457110672526
0.27878,-0.443209878731905
0.25858,-0.45114098150788
0.23809,-0.458348404120441
0.21733,-0.464827390439043
0.19633,-0.470575244257513
0.17513,-0.475583859171074
0.15375,-0.479856011090812
0.13223,-0.483388612930954
0.1106,-0.48618154576996
0.088881,-0.488243946047598
0.067111,-0.489579795405432
0.045317,-0.490197133098898
0.023528,-0.490105743238949
0.0017743,-0.489315749577046
-0.019922,-0.487843485054009
-0.041532,-0.485704953697365
-0.063024,-0.482913510467086
-0.084383,-0.479492462682574
-0.10558,-0.475462249039102
-0.12658,-0.470836078253607
-0.14738,-0.465644684054659
-0.16794,-0.459904778430617
-0.18824,-0.453636127658234
-0.20826,-0.446860421177678
-0.22799,-0.43960769818951
-0.24739,-0.431891714074332
-0.26645,-0.423734863141644
-0.28516,-0.415165840868702
-0.30347,-0.406188004358128
-0.32139,-0.396828468259098
-0.33888,-0.387095696032417
-0.35593,-0.377004968363187
-0.37252,-0.366569138784541
-0.38863,-0.355798642627757
-0.40423,-0.344694163626977
-0.41932,-0.333270557583687
-0.43387,-0.321531397678368
-0.44785,-0.309470939248212
-0.46126,-0.297098128358437
-0.47406,-0.284403809881204
-0.48624,-0.271386544751508
-0.49778,-0.258043639111178
-0.50866,-0.244371357636817
-0.51886,-0.230365129992985
-0.52835,-0.216012348962988
-0.53711,-0.201301570896541
-0.54513,-0.186229913281762
-0.55238,-0.170786625440661
-0.55885,-0.154969645834327
-0.56452,-0.138776543730442
-0.56936,-0.122197236869547
-0.57336,-0.105230509381076
-0.57652,-0.0878897116199004
-0.5788,-0.0701700094744035
-0.5802,-0.0520816217879137
-0.58072,-0.033646635698137
-0.58033,-0.0148739523982114
-0.57903,0.00421620143971045
-0.57682,0.0235950083774444
-0.5737,0.0432274856623555
-0.56966,0.0630820081041134
-0.5647,0.0831231264620444
-0.55883,0.103305898367256
-0.55206,0.123578974120019
-0.5444,0.143887267244902
-0.53584,0.164189026150422
-0.52643,0.184410110915692
-0.51616,0.204496752414984
-0.50506,0.224383615346354
-0.49314,0.244012774397588
-0.48044,0.26331186184389
-0.46698,0.282213835266366
-0.45279,0.300650611133311
-0.43791,0.318547993193104
-0.42235,0.335851357051038
-0.40617,0.352486708976276
-0.38939,0.368396389154637
-0.37206,0.383515671131818
-0.35422,0.397783692239181
-0.33591,0.41114478170396
-0.31717,0.42354941735487
-0.29805,0.434947456288371
-0.27859,0.445297495236392
-0.25885,0.454552004135215
-0.23887,0.462675087358515
-0.2187,0.469634310498706
-0.19839,0.475401421350936
-0.17799,0.479952815353973
-0.15755,0.48326978113074
-0.13712,0.485338559910246
-0.11676,0.486142852435081
-0.096514,0.485677054937387
-0.076426,0.483944800808879
-0.056552,0.480948655225521
-0.036939,0.476697341301643
-0.017633,0.471205458928428
0.0013203,0.46449256215001
0.019875,0.4565818873554
0.037987,0.447500678711156
0.055619,0.43728401094248
0.072729,0.425969128657496
0.089277,0.413595745668838
0.10523,0.400209880250093
0.12056,0.38586526759854
0.13523,0.370613906799189
0.14922,0.354517674627035
0.16249,0.337630021229508
0.17503,0.320018372380596
0.18682,0.301752200293796
0.19784,0.282900716046955
0.20807,0.263530969411842
0.2175,0.243713724456966
0.22613,0.223528062249286
0.23394,0.203042652575426
0.24094,0.182337869349092
0.24712,0.161486295203008
0.25249,0.140566762204211
0.25704,0.119645885336856
0.2608,0.0988078413092555
0.26376,0.0781187205868658
0.26594,0.0576500089107701
0.26736,0.0374751567146951
0.26804,0.0176667498524806
0.26799,-0.00171316571162103
0.26723,-0.0206058422367519
0.26579,-0.0389499253628095
0.2637,-0.056684162783608
0.26098,-0.0737569861051182
0.25766,-0.0901192016355485
0.25378,-0.105718042239928
0.24936,-0.120514651133777
0.24445,-0.134460832262726
0.23906,-0.147532324028203
0.23325,-0.15968842785093
0.22704,-0.170906449338098
0.22048,-0.181157201642479
0.2136,-0.190422399325814
0.20643,-0.198693587563003
0.19902,-0.205956219079276
0.19141,-0.212199138241982
0.18362,-0.217429508272764
0.17571,-0.22163997367464
0.1677,-0.224841708955628
0.15963,-0.227046170427604
0.15153,-0.228272547189237
0.14345,-0.228531341622051
0.13542,-0.227840905801815
0.12746,-0.22623313854368
0.11961,-0.223735515054024
0.11189,-0.220386267869464
0.10433,-0.216224118560239
0.09697,-0.211279950458011
0.089815,-0.205603539701672
0.082898,-0.199237984302037
0.076234,-0.192233256256873
0.069844,-0.184639154894833
0.063744,-0.176507732130317
0.057946,-0.167894412286804
0.052467,-0.158852115928265
0.04731,-0.149440606007263
0.04249,-0.139714580523347
0.03801,-0.129731923920288
0.033875,-0.119549887587233
0.030085,-0.109227177242937
0.026643,-0.0988196523624774
0.023548,-0.0883820830760181
0.020796,-0.0779688288321971
0.01838,-0.0676343748873464
0.0163,-0.0574263451143678
0.014544,-0.0473940803798935
0.013104,-0.0375836589584383
0.011973,-0.0280361745609518
0.011138,-0.0187916422408153
0.01059,-0.00988477047317471
0.010317,-0.00134686308404202
0.010307,0.00679478156091899
0.010548,0.0145172500119937
0.011028,0.021802202585585
0.011737,0.028637380464712
0.012659,0.0350117366559751
0.013788,0.0409233008195534
0.015106,0.0463689964065992
0.016609,0.0513556738994083
0.018281,0.0558894958116598
0.020116,0.0599836482512752
0.022105,0.0636547341712679
0.024237,0.0669204921305291
0.026508,0.0698045552567785
0.028907,0.0723297506016752
0.031429,0.0745223037107846
0.034071,0.0764121501721085
0.03682,0.0780241854296534
0.039679,0.0793905402004842
0.042637,0.0805380692052872
0.045694,0.081496866240075
0.048846,0.082295920860884
0.052087,0.0829611007952603
0.055418,0.0835202375086547
0.058834,0.0839975379389263
0.062329,0.0844128517143502
0.065904,0.0847870903027044
0.069553,0.0851361987849675
0.07327,0.0854715903909089
0.077056,0.0858057802423631
0.080899,0.0861420997123062
0.084796,0.0864829102915627
0.088739,0.0868258921185562
0.09272,0.0871648755150811
0.09673,0.0874898757871122
0.10076,0.0877879679397091
0.1048,0.08804333953497
0.10884,0.0882381615624762
0.11286,0.0883459604680254
0.11687,0.0883561022868265
0.12083,0.0882339695632945
0.12474,0.0879560644084613
0.12859,0.0875010496746181
0.13235,0.0868351036964509
0.13601,0.0859300362084953
0.13956,0.0847629711318313
0.14298,0.0833085840529795
0.14624,0.0815329231291268
0.14933,0.0794108498026805
0.15223,0.0769176978181873
0.15493,0.0740373526090373
0.15738,0.0707315708580494
0.15958,0.0669823922321714
0.16151,0.0627740387797058
0.16314,0.0580856857172747
0.16445,0.0529005570861353
0.16541,0.0471983604891534
0.16601,0.0409714739909986
0.16622,0.0342080863082574
0.16603,0.0269083044909674
0.16541,0.0190672409137795
0.16435,0.0106910912527009
0.16283,0.00178761070998003
0.16083,-0.00763421392865763
0.15833,-0.0175644772621365
0.15533,-0.0279778522158978
0.15181,-0.0388518938583517
0.14776,-0.0501595468397694
0.14317,-0.0618706476408302
0.13803,-0.0739532382207547
0.13234,-0.0863672988144857
0.12609,-0.0990747210091634
0.11929,-0.112025133167458
0.11192,-0.125181802594599
0.10399,-0.138497816094117
0.095507,-0.151921581916411
0.086472,-0.165403624438595
0.076891,-0.178893900669515
0.066772,-0.192341901781298
0.056132,-0.205691595218529
0.04498,-0.218890087880705
0.03333,-0.231884938604438
0.021204,-0.244619787986502
0.0086188,-0.257040721334699
-0.0044043,-0.269094181712595
-0.017839,-0.280724930974068
-0.031661,-0.291879645396214
-0.045843,-0.302506084523074
-0.060352,-0.312550413664369
-0.075159,-0.321962275654992
-0.090226,-0.330689187440074
-0.10552,-0.338682445913094
-0.121,-0.345892185897084
-0.13663,-0.352273052487803
-0.15237,-0.357782008896246
-0.16817,-0.362372078729437
-0.18399,-0.366002198015248
-0.19977,-0.368622815640787
-0.21549,-0.370208888858132
-0.23107,-0.370711887724299
-0.24648,-0.370103073442787
-0.26167,-0.368356091314819
-0.27658,-0.36544028063305
-0.29116,-0.36133017293536
-0.30537,-0.356013006172678
-0.31915,-0.349472261378811
-0.33245,-0.341696665536392
-0.34524,-0.332694693782189
-0.35745,-0.322461360083146
-0.36904,-0.311003546271641
-0.37997,-0.298337894380645
-0.3902,-0.284488840478681
-0.39968,-0.269479405078691
-0.40837,-0.253338562637439
-0.41624,-0.236106992462656
-0.42324,-0.217819190511213
-0.42936,-0.198533551585944
-0.43454,-0.178289393516183
-0.43876,-0.157139332196228
-0.44201,-0.135152799314566
-0.44424,-0.112381431121226
-0.44545,-0.0888981487051299
-0.44561,-0.0647688912814853
-0.44471,-0.0400669562952176
-0.44273,-0.0148621299096808
-0.43967,0.010765836114086
-0.43552,0.0367388486806786
-0.43027,0.0629824445345797
-0.42392,0.0894199353390511
-0.41649,0.115960385245825
-0.40797,0.142526299885858
-0.39836,0.169046054058751
-0.3877,0.195425488942981
-0.37599,0.221584791413389
-0.36325,0.247443500179685
-0.3495,0.272923269372825
-0.33477,0.297942669617866
-0.31909,0.322420494872833
-0.30249,0.346278442284197
-0.28501,0.369435822562035
-0.26669,0.391812772270909
-0.24757,0.413332838005989
-0.2277,0.433917592285917
-0.20712,0.453497152595773
-0.18588,0.472003661827186
-0.16405,0.489358594360978
-0.14167,0.505499782727403
-0.1188,0.520365807444281
-0.095509,0.533891541083931
-0.071844,0.546027577980142
-0.047876,0.556721468391488
-0.023663,0.565930036811594
0.00073129,0.573615223817001
0.025243,0.579744700021487
0.049808,0.584292124841253
0.074363,0.587237997089188
0.098843,0.588568257686579
0.12318,0.588272043893238
0.14732,0.586352342995972
0.17119,0.582809785925791
0.19473,0.577653279331337
0.21788,0.570898707922341
0.24058,0.562567674177918
0.26276,0.552678897340242
0.28437,0.541263499232112
0.30534,0.528347376727002
0.32562,0.513966671423807
0.34516,0.498165138893516
0.36389,0.480976999140242
0.38177,0.462450292343203
0.39875,0.442635719330841
0.41477,0.421577539263781
0.4298,0.39933593717633
0.44378,0.375960222745199
0.45669,0.351519244215025
0.46848,0.326073583566082
0.47912,0.299690301652604
0.48858,0.272439817316681
0.49684,0.244400665919218
0.50386,0.215640896006432
0.50963,0.186240282358442
0.51414,0.156285700473849
0.51737,0.125859787894304
0.51931,0.0950466639656908
0.51994,0.0639216635379097
0.51928,0.0325802332734827
0.51732,0.00110890166626367
0.51406,-0.0304083353035382
0.50952,-0.0618774457136892
0.50368,-0.0932288994263728
0.49659,-0.124363546061354
0.48824,-0.15520593135658
0.47866,-0.185672716208119
0.46787,-0.215684437918133
0.4559,-0.245160110198196
0.44277,-0.274027721203992
0.42851,-0.302217688735177
0.41316,-0.329657535813539
0.39676,-0.356275072942063
0.37934,-0.382008356417274
0.36095,-0.406791270043543
0.34162,-0.430571601437585
0.32141,-0.453288271011182
0.30036,-0.474890184761935
0.27853,-0.495321577618124
0.25596,-0.514539901621568
0.2327,-0.532507709031231
0.20882,-0.549178574299637
0.18437,-0.564515542481849
0.1594,-0.578490947061273
0.13397,-0.591078619525891
0.10815,-0.602247551073992
0.081983,-0.611984250225398
0.055546,-0.620265174575392
0.028893,-0.627076905947546
0.0020872,-0.632408306724953
-0.02481,-0.636252254429986
-0.051733,-0.63860247106732
-0.078621,-0.639457574556018
-0.10541,-0.638818273097692
-0.13204,-0.636690348181083
-0.15844,-0.63307580384389
-0.18456,-0.627989468683854
-0.21033,-0.621441694012243
-0.23569,-0.613446683890891
-0.26058,-0.60402167976235
-0.28494,-0.593186196969986
-0.30871,-0.580961321085152
-0.33184,-0.567376467806794
-0.35427,-0.552459796748617
-0.37595,-0.536245280230843
-0.39682,-0.518763425074693
-0.41684,-0.500056041815667
-0.43596,-0.4801656399193
-0.45412,-0.459126831612518
-0.4713,-0.436996553276145
-0.48744,-0.413818651682402
-0.50251,-0.389647422323253
-0.51646,-0.364529291369298
-0.52927,-0.338525206781425
-0.5409,-0.311691300743721
-0.55133,-0.2840929865753
-0.56051,-0.255779064256672
-0.56844,-0.226820415217745
-0.57509,-0.197281424972628
-0.58044,-0.167226680109076
-0.58447,-0.136718927961249
-0.58717,-0.105824847723881
-0.58853,-0.0746121803414257
-0.58853,-0.0431399671385912
-0.58718,-0.0114804659410263
-0.58447,0.0203005250886051
-0.5804,0.0521371888978678
-0.57498,0.0839584916773112
-0.56821,0.115698936539233
-0.5601,0.147292314480388
-0.55066,0.178674101700194
-0.53992,0.209768567180738
-0.52789,0.240508264732075
-0.51459,0.27082735639479
-0.50004,0.30066360688422
-0.48428,0.329945115906127
-0.46734,0.358602066672106
-0.44925,0.386568752340535
-0.43005,0.4137777215985
-0.40978,0.440162510711437
-0.38847,0.465667225342371
-0.36619,0.490217017173434
-0.34298,0.513746548897607
-0.31889,0.536193108452967
-0.29397,0.557498402635782
-0.26828,0.577602497849624
-0.24188,0.596446375239822
-0.21483,0.613973964853231
-0.1872,0.630126312342718
-0.15904,0.644859140643912
-0.13042,0.658127043882432
-0.10141,0.669885567109343
-0.072076,0.6800958041976
-0.042491,0.688719815565489
-0.012724,0.695725035386518
0.017156,0.701084714746534
0.047073,0.704772938705183
0.076959,0.70677166590427
0.10674,0.707065826415442
0.13634,0.705642232298747
0.16568,0.702487885057267
0.1947,0.697604854285213
0.22332,0.690993015435442
0.25148,0.682665754427846
0.27909,0.672625263061856
0.30609,0.660887258581092
0.33241,0.647470940018848
0.35797,0.632390774669342
0.38272,0.615679548606157
0.4066,0.597376860160748
0.42953,0.577512242497777
0.45146,0.556128754020351
0.47232,0.533264619896154
0.49207,0.508975506921371
0.51065,0.48331500936948
0.52801,0.456341125077684
0.54411,0.428121316313329
0.5589,0.398721512078205
0.57235,0.368219429215053
0.58441,0.336685374321698
0.59507,0.304211295156282
0.60428,0.270874423289387
0.61204,0.236774872051417
0.61832,0.20200613292512
0.62312,0.166675803169877
0.62643,0.130892293420038
0.62823,0.0947540431948989
0.62856,0.058392806460599
0.6274,0.0219188842309439
0.62477,-0.0145485517080386
0.62069,-0.0508868923742108
0.61519,-0.0869672032203433
0.60829,-0.122666897706267
0.60002,-0.157865046698825
0.59043,-0.192431206285248
0.57954,-0.226253679467104
0.56741,-0.259210080372103
0.55409,-0.291180902238296
0.53961,-0.322067804071392
0.52405,-0.351756066210879
0.50745,-0.380151339636361
0.48988,-0.407156981481301
0.47141,-0.432678052919454
0.45208,-0.456646693454011
0.43198,-0.478982716298207
0.41117,-0.499621333297237
0.38972,-0.518505505379649
0.36769,-0.535594366159777
0.34518,-0.550832593670196
0.32223,-0.564200031767055
0.29893,-0.575669394705203
0.27535,-0.58522410793894
0.25156,-0.592857573125073
0.22762,-0.598579679793301
0.20363,-0.60238460154489
0.17962,-0.604306550688294
0.15568,-0.604367484637259
0.13188,-0.602594390859368
0.10827,-0.599033017969213
0.084917,-0.593731040906849
0.061882,-0.586741393947532
0.039221,-0.578124012620821
0.016985,-0.56794699270144
-0.0047671,-0.556277707172025
-0.025996,-0.543195937018315
-0.046652,-0.528781879886411
-0.066695,-0.513121201722352
-0.08609,-0.496305570896758
-0.1048,-0.478427618254209
-0.12279,-0.459579741612964
-0.14005,-0.439870095753195
-0.15654,-0.419394335880482
-0.17225,-0.39825747983231
-0.18717,-0.376569036742025
-0.20129,-0.354438914834846
-0.21459,-0.331966657530172
-0.22709,-0.309269959252823
-0.23876,-0.28644056505134
-0.24963,-0.263590705704824
-0.25969,-0.24081598756921
-0.26896,-0.218217650779033
-0.27746,-0.195898136619964
-0.28518,-0.173935264906137
-0.29217,-0.152428587551258
-0.29843,-0.131454809273483
-0.30399,-0.111091600978483
-0.30887,-0.0914071599814481
-0.31311,-0.0724742244717763
-0.31673,-0.0543516647471211
-0.31975,-0.0370847925307839
-0.32223,-0.0207355451160487
-0.32417,-0.00533243722172618
-0.32563,0.00908014875565591
-0.32662,0.0224839918332623
-0.32719,0.0348536412159909
-0.32737,0.0461740446216952
-0.32719,0.0564396617052192
-0.32668,0.065653478178117
-0.32587,0.0738259579143838
-0.3248,0.0809665678321685
-0.3235,0.0870917173535457
-0.32199,0.0922309334805872
-0.32029,0.0964240651706873
-0.31844,0.0997039247551875
-0.31646,0.102112004281611
-0.31436,0.103703468315993
-0.31216,0.104535988663106
-0.30989,0.104660624400055
-0.30755,0.104144163979315
-0.30515,0.103057090355261
-0.30271,0.101463734960515
-0.30023,0.0994366274467474
-0.29771,0.0970530035899665
-0.29516,0.0943844240863634
-0.29258,0.0915032901938974
-0.28996,0.0884880222242285
-0.28731,0.0854048447756312
-0.2846,0.0823377537641469
-0.28184,0.0793530019841595
-0.27903,0.0765078714644424
-0.27613,0.073880121361849
-0.27314,0.0715320063883774
-0.27006,0.0695112333722791
-0.26686,0.0678742592761878
-0.26354,0.0666604503797331
-0.26006,0.0659234615189934
-0.25644,0.0656821857364738
-0.25264,0.0659708630966747
-0.24865,0.0668125047673775
-0.24446,0.0682199664004084
-0.24006,0.070197076647903
-0.23543,0.0727471890762607
-0.23057,0.0758579197963657
-0.22545,0.0795262588479347
-0.22009,0.0837194252168931
-0.21445,0.0884254735796838
-0.20854,0.0936122229976128
-0.20236,0.0992390937578979
-0.19589,0.105274290576022
-0.18915,0.111664094120817
-0.18212,0.118367888223454
-0.17481,0.125334323780853
-0.16722,0.13251201859996
-0.15936,0.139843428580771
-0.15124,0.147267505616712
-0.14285,0.154736767607961
-0.13423,0.162178979341036
-0.12537,0.169540905338298
-0.11629,0.176763953290467
-0.10701,0.183786915232214
-0.097538,0.190557150021494
-0.087903,0.197015002192127
-0.078122,0.20310586136012
-0.068218,0.208776463666585
-0.058211,0.213978560900845
-0.048127,0.218665114737205
-0.03799,0.222793134080807
-0.027827,0.226322173937054
-0.017662,0.229217510125603
-0.0075259,0.231445236965055
0.0025605,0.232980874210613
0.012563,0.233798682208656
0.022462,0.233883791074103
0.032223,0.233219871924063
0.041828,0.231802454920311
0.051245,0.229626787445002
0.060451,0.226695052725849
0.069424,0.223016072987067
0.07814,0.218602661988648
0.086575,0.213470843454294
0.09471,0.207642809001905
0.10253,0.201148376689537
0.11,0.194008188094964
0.11713,0.186268443802797
0.12389,0.177965344070264
0.13027,0.169141030941663
0.13625,0.159834049242202
0.14184,0.150101302182053
0.14701,0.139983466691814
0.15177,0.129536669110929
0.15611,0.118813200437985
0.16002,0.107860831925208
0.16351,0.0967371324456839
0.16656,0.0854837413621702
0.1692,0.0741651831981745
0.17141,0.0628255721110345
0.17319,0.0515059866674164
0.17456,0.0402585174093274
0.17552,0.0291277079143321
0.17606,0.0181431673229387
0.17621,0.00735095834091364
0.17597,-0.00321330897183547
0.17534,-0.0135237120670985
0.17434,-0.0235483732854355
0.17297,-0.0332665932807969
0.17126,-0.0426453881950739
0.16921,-0.0516652700358242
0.16684,-0.0603036929414746
0.16416,-0.0685439799184229
0.16119,-0.0763675663453357
0.15795,-0.0837551852278287
0.15444,-0.0907026252196945
0.1507,-0.0971886602631685
0.14674,-0.103201399359957
0.14257,-0.108737081843642
0.13823,-0.113776704174336
0.13372,-0.118319332994996
0.12909,-0.122341909074022
0.12433,-0.125848770694951
0.11947,-0.128836893880306
0.11455,-0.131290249000379
0.10958,-0.133205147129383
0.10459,-0.134573360826015
0.099589,-0.135398959902493
0.094618,-0.13567235421663
0.089691,-0.135393350039929
0.084832,-0.134562112371069
0.080066,-0.133178523340646
0.075415,-0.13124461889408
0.070901,-0.128764268092082
0.066545,-0.12574359773734
0.062367,-0.122191266349573
0.058389,-0.118116389652717
0.054626,-0.113533501319576
0.051099,-0.108456784321381
0.047818,-0.102907991576685
0.044807,-0.0969041289783959
0.042068,-0.0904742611426471
0.039621,-0.0836431443189566
0.037472,-0.0764417969278187
0.035629,-0.0689040026034233
0.034104,-0.0610619223247326
0.032899,-0.0529529311855037
0.032016,-0.0446175772177075
0.03146,-0.0360956156604438
0.03123,-0.0274294657317777
0.031327,-0.0186609871659501
0.031746,-0.00983479128325707
0.032483,-0.00099563952825175
0.033534,0.00781293892206299
0.034888,0.0165445740647829
0.036533,0.0251513018017784
0.038463,0.0335898056035651
0.040662,0.0418145142927041
0.043113,0.0497787712086014
0.045806,0.0574417361198183
0.048721,0.0647612417302927
0.051839,0.0716962200978954
0.055145,0.0782108590866022
0.058618,0.0842704324494881
0.062241,0.0898453161273839
0.065991,0.09490670247431
0.069854,0.0994342227357332
0.073807,0.103408560910721
0.077834,0.106817305563631
0.081915,0.109651345741744
0.086036,0.111909269579733
0.090177,0.113591823571926
0.094327,0.114708470602919
0.098462,0.115266159528038
0.10258,0.115286203795934
0.10666,0.114787167696383
0.1107,0.113799225513185
0.11467,0.112340640383781
0.11858,0.110449375940363
0.12242,0.108163661277759
0.12618,0.105521086174823
0.12985,0.102557846969181
0.13342,0.0993081355344699
0.13691,0.0958258565333541
0.14029,0.0921424265614716
0.14358,0.0883072686898237
0.14676,0.0843533837025855
0.14985,0.0803291698782129
0.15282,0.0762570742607011
0.1557,0.0721822690492268
0.15847,0.0681299177218881
0.16114,0.0641304040229296
0.16369,0.0601951288194276
0.16614,0.0563492548113543
0.16847,0.0525985673818754
0.17069,0.0489550377888604
0.17278,0.0454128848045338
0.17475,0.0419741215395661
0.17658,0.0386245744251778
0.17826,0.0353445688730906
0.1798,0.0321250933989377
0.18118,0.0289436000175647
0.18238,0.0257670567984147
0.1834,0.0225694856132678
0.18423,0.0193237585640933
0.18486,0.0160024463181179
0.18526,0.0125637400197738
0.18544,0.00898487587957947
0.18537,0.00522944465981652
0.18505,0.00127319941233637
0.18446,-0.00291241745346422
0.18359,-0.00735122623310017
0.18243,-0.0120625182429251
0.18096,-0.0170687187430096
0.17918,-0.0223792808136371
0.17707,-0.028007611274313
0.17463,-0.0339550164419881
0.17184,-0.0402276577092037
0.1687,-0.0468205068815889
0.1652,-0.053726895457937
0.16134,-0.0609314634705827
0.15711,-0.0684195032000441
0.15251,-0.0761696945589367
0.14755,-0.0841484352799555
0.14222,-0.0923277911234797
0.13652,-0.100677654878199
0.13046,-0.109159511781787
0.12404,-0.117736445212739
0.11727,-0.126366392493054
0.11015,-0.135011663488128
0.10271,-0.143616939828834
0.094931,-0.152150453829911
0.08684,-0.160566339189251
0.078445,-0.168822755628123
0.069751,-0.176884577495426
0.060778,-0.184712101784758
0.051533,-0.192272793637013
0.042026,-0.199538751800372
0.032273,-0.206482345357248
0.022283,-0.2130823150178
0.012073,-0.219317438924651
0.0016514,-0.22517370895832
-0.0089668,-0.230638687886442
-0.019769,-0.235703576441199
-0.030745,-0.240364780094348
-0.041879,-0.244619113993236
-0.053162,-0.248469088666094
-0.064582,-0.251919763117534
-0.076125,-0.254976868981583
-0.087785,-0.257652660838455
-0.099546,-0.259957133358248
-0.1114,-0.261904295003947
-0.12334,-0.263511923820604
-0.13535,-0.264793858694712
-0.14742,-0.265764958929347
-0.15955,-0.266448013318843
-0.17172,-0.266856899380012
-0.18392,-0.267005406092676
-0.19615,-0.266914326010139
-0.20839,-0.266594789516779
-0.22063,-0.266057252405283
-0.23287,-0.265318740924749
-0.24508,-0.264378927725063
-0.25726,-0.263245660417479
-0.2694,-0.261925733777861
-0.28148,-0.260417480364055
-0.29348,-0.258712403589482
-0.3054,-0.25681145932214
-0.31722,-0.254708358298476
-0.32893,-0.252398490818221
-0.34051,-0.249871285450949
-0.35194,-0.247111603910427
-0.36322,-0.244115782141383
-0.37432,-0.240867295520826
-0.38523,-0.237354466310959
-0.39594,-0.233569824903206
-0.40642,-0.229494707001156
-0.41666,-0.225116717125044
-0.42665,-0.220428859007719
-0.43637,-0.215421314807373
-0.44579,-0.210074895351232
-0.45491,-0.204385588891396
-0.46371,-0.198346986245728
-0.47215,-0.191936183896948
-0.48024,-0.185154616952759
-0.48794,-0.177986388813369
-0.49525,-0.170431707634557
-0.50213,-0.162474247446921
-0.50857,-0.154107043166871
-0.51456,-0.145330932169798
-0.52008,-0.13614571249234
-0.52509,-0.126535641921787
-0.5296,-0.116509916023006
-0.53357,-0.106060690540652
-0.537,-0.095196256344027
-0.53986,-0.083915580503799
-0.54213,-0.0722176086184185
-0.54381,-0.060116150709737
-0.54487,-0.047614516065036
-0.5453,-0.034722313868623
-0.54509,-0.0214540282421008
-0.54422,-0.00782034357174039
-0.54267,0.00617136648096467
-0.54044,0.020501779672154
-0.53752,0.0351498263691283
-0.53388,0.0501083620047712
-0.52954,0.0653446829694753
-0.52446,0.0808507298711176
-0.51866,0.0965941707115927
-0.51212,0.112553577675352
-0.50484,0.128702127344743
-0.49682,0.145009413791549
-0.48804,0.161457808003531
-0.47853,0.178003555830303
-0.46827,0.194620067672712
-0.45726,0.211280607715397
-0.44551,0.227951766905069
-0.43302,0.244603174736721
-0.41979,0.261207864731005
-0.40583,0.277735100665391
-0.39116,0.29414469869099
-0.37576,0.310419684434269
-0.35966,0.326525467413273
-0.34287,0.342429172542515
-0.32539,0.358107780660687
-0.30725,0.37352486397883
-0.28844,0.38866396191892
-0.269,0.403488406236218
-0.24892,0.417983430511555
-0.22824,0.432115583344078
-0.20697,0.445859671209425
-0.18513,0.459190672693604
-0.16274,0.472084621970451
-0.13982,0.484519295404679
-0.1164,0.496467323926414
-0.092497,0.507907784292865
-0.068143,0.518814666095477
-0.043366,0.529161760270014
-0.018192,0.538925122601865
0.0073489,0.548080491831705
0.033227,0.556604546812652
0.059404,0.564469237762431
0.085854,0.571652870384163
0.11254,0.578131496333041
0.13942,0.583876544619091
0.16647,0.588870040941025
0.19364,0.5930840602138
0.2209,0.596498445105273
0.24821,0.599092696261447
0.27552,0.600839445888933
0.30279,0.601714160637803
0.32998,0.601695491946609
0.35705,0.600765481709323
0.38394,0.598894847282016
0.41063,0.596075787919539
0.43705,0.592281307473104
0.46316,0.587492090456159
0.48892,0.581695769205982
0.51428,0.574878764501717
0.5392,0.56703453059488
0.56363,0.55815522095764
0.58753,0.548239790474455
0.61085,0.53728554797997
0.63355,0.525296172325071
0.6556,0.512287999415984
0.67696,0.498279964112643
0.69759,0.483292806179904
0.71747,0.467363153377915
0.73654,0.450510060833875
0.75479,0.432775030275024
0.77219,0.414201885760946
0.7887,0.394827867889016
0.80431,0.374706172043904
0.81897,0.353871894354782
0.83269,0.332388981488862
0.84541,0.310291142693483
0.85713,0.287631122359088
0.86782,0.264453318429155
0.87746,0.240801491957159
0.88603,0.216717568756399
0.89351,0.192240697039216
0.89988,0.167406537238211
0.90513,0.142254157966461
0.90923,0.1168093026446
0.91217,0.0911008157750407
0.91393,0.0651516025089394
0.9145,0.0389862859637614
0.91386,0.0126225395340271
0.91201,-0.0139135293148774
0.90893,-0.0406047784590974
0.90462,-0.0674272342045212
0.89906,-0.0943671194312311
0.89225,-0.121404726562665
0.88418,-0.148523757554457
0.87486,-0.175696564433328
0.86428,-0.202902122856204
0.85243,-0.230125553914728
0.83933,-0.257335394048701
0.82498,-0.284502673481236
0.80939,-0.311594033369631
0.79256,-0.338581090421666
0.77451,-0.365425672635615
0.75525,-0.39209036396263
0.73479,-0.418539591902627
0.71317,-0.444718275476319
0.69039,-0.470586896529654
0.66648,-0.496097605926413
0.64148,-0.521189989081142
0.61542,-0.545802772055548
0.58832,-0.569883296239414
0.56022,-0.593372772074285
0.53118,-0.616194568183634
0.50122,-0.638289620511035
0.47039,-0.659592772038988
0.43876,-0.680021281529973
0.40635,-0.699517802006934
0.37324,-0.718003035055661
0.33948,-0.735404726455632
0.30512,-0.751658681217776
0.27024,-0.766687213143165
0.23489,-0.780426516501143
0.19914,-0.792811406152553
0.16306,-0.803777867371553
0.12672,-0.813265090416132
0.090183,-0.821222217957412
0.053526,-0.827598006667437
0.016819,-0.83234804167981
-0.019866,-0.835433718465235
-0.056459,-0.836824231184753
-0.092887,-0.836494271181486
-0.12908,-0.834426458165926
-0.16497,-0.830612341646252
-0.20049,-0.825052221243204
-0.23557,-0.817751794653665
-0.27015,-0.808728903091274
-0.30416,-0.798003829620333
-0.33755,-0.78561356931914
-0.37025,-0.771593274115362
-0.40221,-0.755990884463188
-0.43338,-0.738863750504889
-0.4637,-0.720268221466907
-0.49313,-0.700273411923217
-0.52162,-0.678949722493695
-0.54913,-0.656374290789687
-0.57564,-0.632642550256757
-0.60108,-0.607825242514264
-0.62545,-0.582023093086237
-0.64871,-0.555328687340992
-0.67083,-0.527832881410808
-0.69181,-0.499644740442871
-0.71161,-0.470855312464785
-0.73023,-0.441568006538121
-0.74766,-0.411885719891852
-0.76388,-0.381900428732864
-0.77891,-0.351722009102488
-0.79273,-0.321441792359767
-0.80536,-0.291162798350027
-0.81679,-0.260971983154047
-0.82704,-0.230962628261246
-0.83613,-0.201230002550909
-0.84406,-0.171852999725483
-0.85086,-0.142916711673542
-0.85654,-0.114493458421481
-0.86113,-0.0866573992494196
-0.86465,-0.0594740598626778
-0.86713,-0.0330069013722533
-0.8686,-0.00731526819695497
-0.86909,0.0175471573392401
-0.86863,0.0415334517948762
-0.86726,0.0645967570814087
-0.86499,0.0867144602709984
-0.86188,0.107847876102262
-0.85795,0.12797670998323
-0.85324,0.147081955483802
-0.84778,0.165154246962598
-0.8416,0.18219291841068
-0.83474,0.198197594530328
-0.82723,0.213176160292046
-0.81911,0.227136138355017
-0.8104,0.24009989916425
-0.80113,0.252094311462712
-0.79135,0.263134845433826
-0.78106,0.273264776767442
-0.77031,0.282512063825357
-0.75911,0.290921509608224
-0.7475,0.29852842277288
-0.7355,0.305374569036153
-0.72312,0.311513417928393
-0.7104,0.316984445656947
-0.69735,0.321837112828643
-0.68399,0.326120302106424
-0.67032,0.32989597628394
-0.65638,0.333205432051338
-0.64216,0.336109156223355
-0.62769,0.338651848416959
-0.61297,0.340886379023208
-0.59799,0.342878063725578
-0.58278,0.344670784090868
-0.56733,0.346319366688429
-0.55165,0.34787098750055
-0.53572,0.349387346023619
-0.51955,0.350917765525109
-0.50313,0.352514790711357
-0.48646,0.354224460458752
-0.46952,0.356100808222885
-0.45229,0.358202539615603
-0.43477,0.360575431016397
-0.41695,0.363260641583979
-0.39879,0.366316307785288
-0.38029,0.369782735080468
-0.36143,0.373699168678513
-0.34218,0.37810992666325
-0.32252,0.383054421746755
-0.30243,0.388566638999437
-0.2819,0.394667449571746
-0.2609,0.401380938172804
-0.2394,0.408732695815939
-0.2174,0.416726228309983
-0.19487,0.425368891353311
-0.1718,0.434655723603429
-0.14817,0.444578944686401
-0.12397,0.455120910775953
-0.099199,0.466249454910149
-0.073837,0.47793524163706
-0.047887,0.490134654601519
-0.021348,0.502796381685967
0.0057809,0.51586392643246
0.033488,0.529268567125925
0.061768,0.54293809796899
0.090607,0.556792921978074
0.11999,0.570748696828094
0.14989,0.584710583514064
0.18028,0.598577812846316
0.21114,0.612252756435999
0.24243,0.62562825301861
0.27411,0.638592492805579
0.30615,0.651040529306666
0.3385,0.662861257402384
0.37109,0.673927131941056
0.40389,0.684130731482672
0.43683,0.693354601299533
0.46984,0.701476848209346
0.50286,0.708383202510977
0.53582,0.713961802883307
0.56864,0.718098979496721
0.60125,0.720690733639554
0.63355,0.721622191038484
0.66546,0.720788331944131
0.6969,0.718095682322906
0.72777,0.713448621046022
0.75798,0.706760607152235
0.78744,0.697955612964608
0.81604,0.686954228317233
0.8437,0.673699532740298
0.8703,0.658125594609952
0.89577,0.640198877687584
0.92,0.619884204328038
0.9429,0.597161728978794
0.96438,0.572025399882745
0.98435,0.544481335460973
1,0.512533882396889
1,0.466321167674379
1,0.409847392294598
1,0.346619884135681
1,0.279668287317199
1,0.211567731866161
1,0.14446537609685
1,0.0801096762700766
1,0.0198817254847634
1,-0.0351719877945048
1,-0.0843060255429531
1,-0.12704223506206
1,-0.163136308145169
1,-0.19254514278131
1,-0.215395423938877
1,-0.231953775761542
1,-0.242598772776324
1,-0.247795034121426
0.99804,-0.249519588737771
0.97788,-0.261487700614017
0.95575,-0.282516135922789
0.9317,-0.311411308702106
0.9058,-0.346975708585841
0.87812,-0.388029788436285
0.84873,-0.433430848051642
0.8177,-0.482088902930322
0.78514,-0.532950002127766
0.75111,-0.585049759221558
0.71572,-0.637481444098503
0.67905,-0.689429041414958
0.64122,-0.740140732299434
0.60232,-0.788958466948622
0.56245,-0.835310503024808
0.52171,-0.878711161322225
0.48022,-0.918744091209274
0.43808,-0.955076943860342
0.3954,-0.987449115063674
0.35229,-1.0156675999265
0.30885,-1.03960940834173
0.26519,-1.0592069486814
0.22142,-1.07444218286845
0.17765,-1.08534054572574
0.13397,-1.09197958387128
0.090488,-1.09446630527144
0.047311,-1.09293201608674
0.0045345,-1.08753506783801
-0.037745,-1.07845289010321
-0.079432,-1.06587630952415
-0.12043,-1.05000289061208
-0.16066,-1.03104482354713
-0.20003,-1.00921209908542
-0.23845,-0.984709855151755
-0.27585,-0.957749439708219
-0.31214,-0.928527364881795
-0.34725,-0.897238106716891
-0.38112,-0.864076889598418
-0.41368,-0.829226954875459
-0.44486,-0.79285684728996
-0.47462,-0.755140652274912
-0.50288,-0.716222269008031
-0.52962,-0.67626124839802
-0.55478,-0.635395281700851
-0.57832,-0.593754834072405
-0.60021,-0.551467655729377
-0.62042,-0.508655043284691
-0.63892,-0.46542895133839
-0.6557,-0.421904663126256
-0.67074,-0.3781887050135
-0.68402,-0.334376707215196
-0.69555,-0.290574131223709
-0.70532,-0.246875737284828
-0.71334,-0.203378894737878
-0.71962,-0.160179446138942
-0.72417,-0.117368415464676
-0.72701,-0.0750368748410573
-0.72817,-0.0332798699508582
-0.72767,0.00781530406154686
-0.72555,0.0481561598440289
-0.72185,0.0876495070045807
-0.71661,0.126205079950617
-0.70987,0.163738385551
-0.7017,0.200150657056986
-0.69214,0.235357433591126
-0.68125,0.269274242509818
-0.66911,0.301805059767065
-0.65577,0.332870276959097
-0.6413,0.362391838201909
-0.62578,0.390288618299618
-0.60928,0.416487557145292
-0.59189,0.440910227121982
-0.57367,0.463499119141935
-0.55472,0.484186508325287
-0.53511,0.502921385755411
-0.51493,0.519653734589654
-0.49426,0.534344006107034
-0.47319,0.546955671107867
-0.45179,0.557471304797838
-0.43015,0.565875447982284
-0.40835,0.572162898874677
-0.38647,0.576337693320365
-0.36459,0.578412003402691
-0.34279,0.578404992407756
-0.32114,0.576349057230898
-0.29971,0.572287071130162
-0.27858,0.566262438212275
-0.25779,0.558347983418832
-0.23743,0.54860185095297
-0.21754,0.537106229513331
-0.19818,0.523946095250078
-0.1794,0.50921412883743
-0.16123,0.493021799330032
-0.14374,0.475463359160757
-0.12694,0.456661146361334
-0.11087,0.436734728642637
-0.095567,0.415800439006179
-0.081047,0.393984308820781
-0.067329,0.371414415031269
-0.054432,0.348216806054443
-0.042367,0.324518110892053
-0.031139,0.300446076628275
-0.020757,0.276122510819084
-0.011216,0.251670996341138
-0.0025162,0.227208805261002
0.005351,0.202850847336384
0.012399,0.178709907478962
0.018636,0.154889455344797
0.024084,0.13149210588199
0.028757,0.108610305911045
0.032681,0.0863338586103228
0.035879,0.0647449431741221
0.038376,0.0439179838634512
0.040203,0.0239226949303808
0.041386,0.00481851939996667
0.041961,-0.0133384896803528
0.04196,-0.0305003802252594
0.041417,-0.0466264357635363
0.040372,-0.0616793142743669
0.038857,-0.0756321797026364
0.036916,-0.088459359489622
0.034584,-0.100144286240241
0.031905,-0.110672315850138
0.02892,-0.120033728926118
0.025666,-0.128226723881988
0.022191,-0.135248492827967
0.018531,-0.141105024758434
0.014731,-0.145803205964944
0.010835,-0.149351784499712
0.0068769,-0.151768786433867
0.002906,-0.15306835303804
-0.0010469,-0.153275262912062
-0.0049322,-0.152408730885613
-0.0087194,-0.150497483843927
-0.012365,-0.147567881813083
-0.015839,-0.143653966451037
-0.019099,-0.138786164523129
-0.022111,-0.132997620138774
-0.024851,-0.126330372730408
-0.027277,-0.118819363738917
-0.029364,-0.110505577524173
-0.031082,-0.101430167247964
-0.032405,-0.0916363409876108
-0.033308,-0.081168576395838
-0.033768,-0.0700726629142672
-0.033765,-0.0583964107102462
-0.033276,-0.0461857019398483
-0.032292,-0.0334939025922045
-0.030791,-0.0203692587919901
-0.028767,-0.00686629278680495
-0.026209,0.00696073281196375
-0.023111,0.0210557031491454
-0.019471,0.0353597619386761
-0.015288,0.049812907728243
-0.010564,0.0643538547133761
-0.0053038,0.0789201260433276
0.00048384,0.0934473252328777
0.0067876,0.107869656449736
0.013596,0.122122177732591
0.020891,0.136137884516312
0.028656,0.149851351134249
0.036869,0.163196587049035
0.045509,0.176110078008863
0.054547,0.188526535228535
0.063959,0.200385147186245
0.073714,0.211625643512139
0.083782,0.222191040589525
0.094132,0.232028302246376
0.10473,0.241087301854087
0.11553,0.249313258899589
0.12651,0.256667391764485
0.13762,0.26310469549891
0.14883,0.268591695037874
0.16009,0.273090865102089
0.17137,0.276577757653916
0.18262,0.279024875145976
0.19381,0.28041832716024
0.20488,0.280733906713533
0.2158,0.279962432760011
0.22653,0.278100185307652
0.23703,0.275148438719056
0.24726,0.271112931878338
0.25718,0.26600329805775
0.26676,0.259839872591837
0.27595,0.252636684221832
0.28473,0.244424855441778
0.29306,0.23523400718904
0.30092,0.225106863312454
0.30827,0.214081058128768
0.31509,0.202204147871361
0.32135,0.189523220469385
0.32703,0.176091284963363
0.33212,0.16197222705548
0.33659,0.147222294032719
0.34043,0.131904905957621
0.34363,0.116087569189606
0.34617,0.0998318463339644
0.34805,0.0832075686769952
0.34927,0.066289246366824
0.34982,0.0491456225887018
0.3497,0.0318461518493572
0.34892,0.0144661631441529
0.34748,-0.0029239546642001
0.34538,-0.020259981867011
0.34263,-0.0374773408108076
0.33925,-0.0545058705281053
0.33525,-0.0712805705934799
0.33064,-0.0877427549143289
0.32544,-0.103833448357307
0.31966,-0.119502883030928
0.31333,-0.134695739233899
0.30647,-0.149361589299534
0.2991,-0.163455797650695
0.29125,-0.176932708688668
0.28293,-0.189762375429418
0.27418,-0.201906658010093
0.26503,-0.213329748520716
0.25549,-0.22401397945878
0.24559,-0.233942513581284
0.23538,-0.243085357730401
0.22486,-0.251440178610443
0.21408,-0.258990511432543
0.20307,-0.265724197337537
0.19184,-0.271648106315764
0.18043,-0.276762520703712
0.16887,-0.281070218808165
0.15718,-0.28458369938249
0.1454,-0.287308540258235
0.13354,-0.289267117583927
0.12163,-0.290480282713928
0.1097,-0.290967398205395
0.097776,-0.290749324707062
0.085872,-0.289856675427954
0.074014,-0.288318440457929
0.062218,-0.286169102176992
0.050509,-0.283440141701116
0.038907,-0.280163591723566
0.027427,-0.276374852567958
0.016087,-0.272108930300797
0.0049078,-0.267397533975178
-0.0060981,-0.262275001288788
-0.016915,-0.256774476096326
-0.027527,-0.250927054605026
-0.037918,-0.244761126227821
-0.048082,-0.238309510578686
-0.058001,-0.231598734368351
-0.067664,-0.224654587619756
-0.077062,-0.217502906968192
-0.086183,-0.210166497932068
-0.095023,-0.202670859735493
-0.10357,-0.195036889102937
-0.11182,-0.187286946186722
-0.11976,-0.179437125511266
-0.1274,-0.171514853956688
-0.13472,-0.163533581870153
-0.14173,-0.155517120287392
-0.14842,-0.147482004711812
-0.15479,-0.139445658574085
-0.16084,-0.131425550487336
-0.16658,-0.123445914448494
-0.172,-0.11552080566264
-0.17711,-0.107670288872025
-0.18191,-0.0999111403435633
-0.18641,-0.0922642349727726
-0.19061,-0.0847456021522213
-0.19451,-0.077366736470801
-0.19812,-0.0701423583246828
-0.20145,-0.0630891944208257
-0.20451,-0.0562249507537372
-0.2073,-0.0495600651363328
-0.20983,-0.0431060374877508
-0.21211,-0.0368747214116897
-0.21415,-0.0308777507487086
-0.21596,-0.0251260879179948
-0.21755,-0.0196296810852129
-0.21893,-0.0143972175262982
-0.22012,-0.00944335908305739
-0.22112,-0.00477223665526969
-0.22196,-0.00040140342887986
-0.22263,0.00367097639027029
-0.22316,0.00743290053991161
-0.22356,0.0108764788036277
-0.22383,0.0140048894433104
-0.224,0.0168081167699601
-0.22408,0.0192807069282225
-0.22406,0.0214359547484673
-0.22398,0.0232650835328085
-0.22383,0.0247788639246482
-0.22363,0.0259814719892851
-0.2234,0.0268717722613907
-0.22312,0.0274740602593465
-0.22283,0.0277882189688824
-0.22252,0.0278315199476745
-0.22221,0.0276126768315218
-0.2219,0.0271481281637497
-0.2216,0.0264527585815535
-0.22131,0.0255472435385249
-0.22106,0.0244342175898995
-0.22083,0.0231386845577747
-0.22064,0.0216734362217094
-0.22049,0.0200558665591487
-0.22039,0.0182991983455942
-0.22034,0.0164203029375876
-0.22036,0.0144237078991076
-0.22043,0.0123333949115576
-0.22056,0.0101661522370822
-0.22077,0.00792506952538762
-0.22104,0.00563161199596773
-0.22138,0.00329922437326044
-0.2218,0.000934450009151979
-0.2223,-0.0014546073034963
-0.22286,-0.00384410598611196
-0.22351,-0.0062352151521743
-0.22424,-0.00861975606082135
-0.22504,-0.010982341016115
-0.22592,-0.0133170647080307
-0.22688,-0.0156185280443761
-0.22791,-0.0178745939674196
-0.22902,-0.0200829068374541
-0.2302,-0.0222343695697546
-0.23144,-0.0243147903030674
-0.23276,-0.0263285257977115
-0.23413,-0.0282578937197259
-0.23555,-0.0300901917861745
-0.23702,-0.0318171501308874
-0.23852,-0.0334195906768458
-0.24005,-0.0348849282421835
-0.24159,-0.0361915217939893
-0.24313,-0.0373184880878026
-0.24466,-0.0382461988501308
-0.24615,-0.0389418640208116
-0.2476,-0.0393852376864681
-0.24898,-0.0395446466522452
-0.25028,-0.0393949589694014
-0.25147,-0.0389023198369161
-0.25254,-0.0380416715767889
-0.25346,-0.0367810740900106
-0.25421,-0.0350914458510392
-0.25476,-0.032939556036482
-0.2551,-0.0303046850079386
-0.2552,-0.0271621590725879
-0.25503,-0.0234849828809464
-0.25456,-0.0192452136457564
-0.25377,-0.0144224942972745
-0.25263,-0.00899595192538247
-0.25112,-0.00295248087316588
-0.2492,0.00372896962796637
-0.24685,0.0110602724043208
-0.24404,0.0190527492710386
-0.24074,0.0277167420280001
-0.23693,0.0370539011262878
-0.23259,0.04705859254313
-0.22767,0.0577414171094236
-0.22217,0.0690885957797227
-0.21605,0.0810964395858299
-0.2093,0.0937471052324301
-0.20188,0.107033817786826
-0.19378,0.120936554734628
-0.18498,0.135432392658334
-0.17546,0.150496538239829
-0.16521,0.166095833404068
-0.15421,0.182198550725619
-0.14244,0.198774882298583
-0.12991,0.215775122487077
-0.11659,0.233164391300971
-0.10248,0.250898494609712
-0.087588,0.268921010840883
-0.071895,0.287187165630583
-0.055413,0.305639909151857
-0.038136,0.324227225977045
-0.020079,0.342887137383821
-0.0012457,0.361559789819348
0.018354,0.380184228362659
0.038701,0.398693637716396
0.059784,0.417024258817136
0.081575,0.435104404206087
0.10406,0.452868544445388
0.1272,0.470239684559735
0.15098,0.487151725179299
0.17535,0.503523592589467
0.20029,0.519286876940129
0.22576,0.534370827126101
0.2517,0.548690343920566
0.27809,0.562181066497845
0.30486,0.574760576428555
0.33197,0.586356787224752
0.35937,0.59690099121775
0.38698,0.606307397959625
0.41477,0.61451626478371
0.44265,0.621446647811457
0.47056,0.627025447477676
0.49844,0.631188434580338
0.52621,0.633866077329878
0.5538,0.634994452208879
0.58113,0.6345091054794
0.60812,0.632347521800793
0.6347,0.628458464848546
0.66078,0.622787032185351
0.68628,0.615284891865002
0.71112,0.605910962302732
0.73522,0.594631772313657
0.75849,0.581414150929558
0.78085,0.566234105374579
0.80223,0.549083726149675
0.82253,0.529946737479543
0.84169,0.508830754424561
0.85962,0.485740864202232
0.87625,0.460695351407029
0.89152,0.433730599088826
0.90535,0.404882349882298
0.91769,0.374207554173302
0.92846,0.341757001638821
0.93762,0.307605139707571
0.94511,0.271829060372126
0.95089,0.234521023766943
0.95491,0.195775903071199
0.95712,0.155688320914285
0.95751,0.114379857495028
0.95602,0.0719536496453993
0.95264,0.0285321587100764
0.94734,-0.0157647416777262
0.94011,-0.0608078421798886
0.93092,-0.106478890851183
0.91977,-0.152649760279217
0.90665,-0.199195566089046
0.89155,-0.245997823439046
0.87449,-0.292924700915417
0.85545,-0.33986727827299
0.83445,-0.386709065704954
0.81151,-0.433331266596987
0.78664,-0.479624507232187
0.75986,-0.525483296328155
0.73119,-0.570808893617367
0.70068,-0.615489282975011
0.66834,-0.659435164545481
0.63423,-0.702541831615033
0.59839,-0.744710630078617
0.56086,-0.785851312430048
0.5217,-0.825868942898386
0.48098,-0.864660863623173
0.43875,-0.902136636555982
0.39509,-0.938196828341114
0.35007,-0.972745734619879
0.30377,-1.00568674806263
0.25628,-1.03691865362177
0.20768,-1.06634755660925
0.15806,-1.09388152346085
0.10753,-1.11941882129949
0.056185,-1.14286457599063
0.004123,-1.16413071255416
-0.04855,-1.18313204511629
-0.10172,-1.1997830530874
-0.15528,-1.21400638254061
-0.20912,-1.22573209020557
-0.26311,-1.23488426508969
-0.31715,-1.2414073695895
-0.37112,-1.2452499565605
-0.4249,-1.24636622338758
-0.47837,-1.2447170945939
-0.53141,-1.24027089575548
-0.58391,-1.23301107641032
-0.63575,-1.22292722470694
-0.68681,-1.21001502724597
-0.73699,-1.19429082957028
-0.78617,-1.17577321281329
-0.83423,-1.15448282697411
-0.88108,-1.13046433122736
-0.9266,-1.10375902759067
-0.97071,-1.07443460667041
-1,-1.03271714755513
-1,-0.960359426147333
-1,-0.865114603294064
-1,-0.753843288390723
-1,-0.63253855699099
-1,-0.506359364396667
-1,-0.379671288111261
-1,-0.256093431345291
-1,-0.13855026957826
-1,-0.0293272147840306
-1,0.0698712999605613
-1,0.157862355911022
-1,0.233924765201447
-1,0.297739933370316
-1,0.349334224789837
-1,0.389023572743088
-1,0.417360957414736
-1,0.435087256660032
-1,0.443085858930102
-1,0.442341317485193
-1,0.433902221868684
-1,0.418848367948043
-1,0.398262222656311
-1,0.373204604528274
-1,0.344694436538096
-1,0.313692373649529
-1,0.281088063687767
-1,0.247690766237001
-1,0.214223029702618
-1,0.181317110769141
-1,0.149513812459545
-1,0.119263416020351
-1,0.0909283870463472
-1,0.0647875467323277
-1,0.0410414140188588
-1,0.0198184428318762
-1,0.001181899788891
-1,-0.0148628491040122
-0.96646,-0.00354766663056395
-0.9206,0.0387236383594469
-0.87307,0.106204523040086
-0.82397,0.193540708319006
-0.77337,0.295824753889926
-0.72139,0.408576558473979
-0.66811,0.527789551771661
-0.61363,0.649916889209439
-0.55806,0.771860656078469
-0.5015,0.890970428930291
-0.44406,1.0050191528715
-0.38584,1.11219031414551
-0.32694,1.21105177910908
-0.26749,1.300504238046
-0.20759,1.37977659310223
-0.14734,1.44839232547957
-0.086869,1.50611372174514
-0.02628,1.55293149289719
0.034311,1.58902146039009
0.094795,1.61471924424949
0.15506,1.63048774617563
0.21499,1.63688618762989
0.27447,1.63454553700118
0.3334,1.62415631657428
0.39167,1.60643782826378
0.44916,1.58211167275573
0.50577,1.55190160552485
0.56139,1.51651028415046
0.61593,1.47662241918255
0.66927,1.4328700067507
0.72133,1.38585671364796
0.77201,1.33613323206771
0.82121,1.28419299922668
0.86885,1.23048450654069
0.91484,1.17539976513505
0.9591,1.1192809060581
1,1.06127239979544
1,0.973005705626194
1,0.862669986435794
1,0.737462916483489
1,0.603625647470623
1,0.46648615045166
1,0.330509731190706
1,0.199355429316281
1,0.0759369765722552
1,-0.0375130018023039
1,-0.139376813865879
1,-0.228584753912566
1,-0.304548484181313
1,-0.367095736599929
1,-0.416407203802295
1,-0.452956360674172
1,-0.477452827812504
1,-0.49078975998139
1,-0.493995618785801
1,-0.488190571680649
1,-0.474547650894731
1,-0.454258707212607
1,-0.428505105733721
1,-0.398433034248886
1,-0.36513322993882
1,-0.329624876620297
1,-0.292843382413535
1,-0.255631715951779
1,-0.218734957414402
1,-0.182797707931804
1,-0.148363996391631
1,-0.115879325424674
1,-0.0856945073922359
1,-0.0580709555595075
1,-0.0331871143652192
1,-0.0111457348666704
1,0.00801827381827093
1,0.0243296597418536
0.96868,0.0146937172535185
0.92826,-0.0224317173241749
0.88655,-0.0818313900278632
0.84366,-0.158646147393577
0.79968,-0.248417682883077
0.75469,-0.347113373157597
0.7088,-0.451111482619057
0.6621,-0.557220623518291
0.61469,-0.662666447678915
0.56668,-0.765073799150712
0.51814,-0.862482027141542
0.4692,-0.953275116905918
0.41995,-1.03619235352663
0.37048,-1.1102995909998
0.32091,-1.17493649346715
0.27131,-1.22972673964008
0.2218,-1.27450525322137
0.17246,-1.30932067996866
0.1234,-1.33437986173389
0.074704,-1.35003999891425
0.026465,-1.35677198712816
-0.02123,-1.35513833557138
-0.068292,-1.34576630465497
-0.11463,-1.32932374385818
-0.16018,-1.30651915130447
-0.20484,-1.2780517269892
-0.24854,-1.24462226561416
-0.29121,-1.20691739323816
-0.33277,-1.16558905291604
-0.37316,-1.12126032083395
-0.41231,-1.074507980319
-0.45015,-1.02585646398442
-0.48663,-0.975788577538494
-0.52168,-0.924725172794736
-0.55527,-0.873054353833273
-0.58732,-0.821088975910598
-0.61781,-0.769115434492871
-0.64668,-0.717359515222692
-0.67391,-0.666019476113616
-0.69944,-0.615234164548164
-0.72326,-0.565125381894304
-0.74534,-0.515780700792594
-0.76566,-0.467262735982476
-0.7842,-0.419609927347182
-0.80093,-0.372830484184871
-0.81587,-0.3269427683867
-0.829,-0.281941146322256
-0.84032,-0.237813596177348
-0.84983,-0.194541395813684
-0.85754,-0.152106577195043
-0.86347,-0.110498052762066
-0.86762,-0.0696943192311253
-0.87003,-0.0296942837622352
-0.87072,0.00950267727956951
-0.8697,0.0479053014320032
-0.86703,0.0854926861395003
-0.86273,0.122251100957177
-0.85684,0.158159020834903
-0.84941,0.193182607454872
-0.84048,0.227287122431876
-0.83011,0.260423918891438
-0.81834,0.292549870066667
-0.80523,0.323613280122852
-0.79084,0.35355752773017
-0.77522,0.382331512505597
-0.75845,0.409868342148066
-0.74058,0.436112934322234
-0.72167,0.461014376957599
-0.7018,0.484512275949498
-0.68104,0.506548178971164
-0.65944,0.527082130064085
-0.63709,0.546061167799852
-0.61404,0.563453440334544
-0.59039,0.579208583198209
-0.56618,0.593307616008403
-0.54151,0.605713586084454
-0.51643,0.616413603119389
-0.49103,0.625385512537669
-0.46537,0.632623033728072
-0.43952,0.638126004617524
-0.41355,0.641899739692194
-0.38754,0.643946943136764
-0.36154,0.644290810062224
-0.33563,0.642948710144745
-0.30986,0.639955471677234
-0.2843,0.635344676436252
-0.25902,0.629148366209071
-0.23407,0.62141158826227
-0.20951,0.612181554141051
-0.1854,0.601506200181018
-0.16178,0.589447753842213
-0.13871,0.576063671289189
-0.11624,0.561413536453524
-0.094418,0.545558596010705
-0.073279,0.528569433508345
-0.052867,0.510515600974622
-0.033217,0.491470558432224
-0.014365,0.471508111539327
0.0036578,0.450703777581097
0.020825,0.429135799483929
0.037109,0.40688141472713
0.052493,0.38402271027884
0.066952,0.360637125674424
0.08048,0.336810000099877
0.093053,0.312617079919288
0.10467,0.288140958057876
0.11533,0.263467105404302
0.12503,0.238679095287619
0.13375,0.213843675395645
0.14152,0.189048692581278
0.14834,0.164373929907543
0.15421,0.139889982713124
0.15915,0.11567235261435
0.16317,0.0917904757162864
0.16629,0.068313817033855
0.16854,0.0453167713978215
0.16993,0.0228602911592931
0.1705,0.00101439620935458
0.17027,-0.0201609049255702
0.16927,-0.0406085484601355
0.16753,-0.0602760473152817
0.16509,-0.0791092898946814
0.16199,-0.0970549729512264
0.15827,-0.114062532833327
0.15396,-0.130093024130734
0.14911,-0.145103784406631
0.14376,-0.159058348328916
0.13796,-0.171919469995321
0.13175,-0.183658298648958
0.12517,-0.194254148963707
0.11829,-0.203671900132721
0.11113,-0.21190329827053
0.10376,-0.218925572570213
0.096219,-0.224728345593349
0.088553,-0.229306869414938
0.080812,-0.232658630005601
0.073047,-0.234782742996138
0.065299,-0.235687530816577
0.057623,-0.235378613025642
0.050053,-0.233875234191224
0.042646,-0.231190497527582
0.035437,-0.227348842176386
0.028473,-0.222374654517905
0.021793,-0.216297850713294
0.015438,-0.209150800134248
0.0094412,-0.200972995994191
0.0038425,-0.191803875425272
-0.0013254,-0.181687276717148
-0.0060351,-0.170673474591539
-0.010251,-0.158810633180805
-0.013956,-0.146157680938008
-0.017116,-0.132768114811326
-0.019718,-0.118705227892687
-0.02174,-0.10403182800262
-0.023168,-0.0888145010644011
-0.023987,-0.0731202530040935
-0.024189,-0.0570196715095828
-0.023766,-0.0405841673840306
-0.022715,-0.0238873921112257
-0.021031,-0.00700110869100276
-0.018721,0.00999776791892017
-0.015787,0.0270342351414328
-0.012239,0.0440312631525161
-0.0080833,0.0609153579391482
-0.00334,0.0776080396923184
0.0019783,0.0940348837344743
0.007852,0.110122003775927
0.014259,0.125796558105748
0.021174,0.140986634041231
0.028572,0.155623739253045
0.036426,0.169643039208772
0.044709,0.182984950730083
0.053382,0.195587427594985
0.062421,0.207399783874673
0.07179,0.218373580201631
0.081452,0.228463360972436
0.091376,0.237632345718785
0.10152,0.245844215096508
0.11185,0.253070523110017
0.12234,0.259296458540715
0.13293,0.26449405993628
0.14361,0.268663072675958
0.15431,0.271781783063758
0.16503,0.273864074491547
0.1757,0.274900920531217
0.1863,0.27490254739314
0.19679,0.273880107856499
0.20713,0.271845653876324
0.21728,0.26881205154722
0.2272,0.264792853868859
0.23687,0.259816940864138
0.24623,0.253895515684899
0.25525,0.247047693539095
0.2639,0.239298695992003
0.27214,0.230670819192025
0.27994,0.221190991878476
0.28725,0.210874525367007
0.29406,0.199756664126055
0.30032,0.187858308035991
0.30601,0.175210505443446
0.31109,0.161836921292643
0.31555,0.147776859252631
0.31935,0.133059015748807
0.32249,0.117732354492873
0.32494,0.101838673208744
0.32667,0.0854128414690862
0.3277,0.0685201214487112
0.32798,0.0511966914530591
0.32754,0.0335133768495443
0.32636,0.0155299440841799
0.32443,-0.00269709758843524
0.32177,-0.0210933724191937
0.31838,-0.0395870773278311
0.31427,-0.0581032276773867
0.30944,-0.0765739337628648
0.30393,-0.0949095522231378
0.29772,-0.113049988753132
0.29087,-0.130901771532944
0.28337,-0.148399169739057
0.27526,-0.165464010310154
0.26657,-0.182018024154118
0.25732,-0.197992817354023
0.24754,-0.21332289121901
0.23726,-0.227947363491117
0.22652,-0.241803854991857
0.21535,-0.25483840394559
0.2038,-0.266991058469392
0.19188,-0.278228805232023
0.17965,-0.288504856987307
0.16714,-0.297785362601852
0.15439,-0.306041004122052
0.14143,-0.313254897743323
0.12832,-0.319399041973114
0.11509,-0.324459976522887
0.10177,-0.328436880526583
0.088413,-0.33132268900125
0.075051,-0.333121547464716
0.061726,-0.333839631017644
0.048479,-0.333485799665893
0.035346,-0.332074981140879
0.022368,-0.329623311530663
0.0095769,-0.326154582424378
-0.002982,-0.321688562334641
-0.015281,-0.316254579104887
-0.027275,-0.309876296403552
-0.038939,-0.302587290567587
-0.050237,-0.294420312135236
-0.061133,-0.285406754469431
-0.071606,-0.275587317822867
-0.081622,-0.264999623838946
-0.091156,-0.253684551698709
-0.10018,-0.241682349883324
-0.10869,-0.229049460242388
-0.11664,-0.215822816274888
-0.12403,-0.202056622486281
-0.13084,-0.187802704947346
-0.13706,-0.173116902063572
-0.14268,-0.158056683439555
-0.14768,-0.142671760967284
-0.15207,-0.127026274606438
-0.15584,-0.111179296259144
-0.15899,-0.0951914112853254
-0.16153,-0.0791299540901764
-0.16344,-0.0630434418069611
-0.16475,-0.0470005933669032
-0.16546,-0.031062067041053
-0.16558,-0.0152874583398831
-0.16513,0.000259059077892767
-0.16412,0.0155191150703993
-0.16256,0.0304409856097417
-0.16048,0.044965328392857
-0.1579,0.059036080462706
-0.15484,0.0726017697002219
-0.15132,0.0856164692099432
-0.14737,0.0980330380517851
-0.14303,0.109797705989612
-0.13831,0.120875464797846
-0.13325,0.131225680215023
-0.12789,0.140804770727988
-0.12224,0.149590624258889
-0.11635,0.157549953164023
-0.11026,0.164649243317636
-0.10399,0.170870964261551
-0.097586,0.176192196567943
-0.091084,0.18059416020262
-0.084515,0.18406607159145
-0.077926,0.186592501060893
-0.071347,0.188167692089119
-0.064821,0.188784645169515
-0.058386,0.18843964665839
-0.052079,0.187132853247239
-0.045943,0.184863465247726
-0.040011,0.181637672627479
-0.034326,0.177460064733628
-0.028922,0.172340778662573
-0.023832,0.166295177962032
-0.019098,0.15933604094051
-0.014744,0.151487275703738
-0.01081,0.142769515726618
-0.0073158,0.133215345005115
-0.004299,0.122853127820447
-0.0017713,0.111726379888684
0.00023182,0.0998722163537955
0.0016982,0.0873389519681031
0.0026098,0.0741783669039947
0.0029465,0.0604421636115258
0.0027007,0.0461898739188674
0.0018603,0.0314824064493438
0.00042337,0.0163876262317401
-0.0016222,0.000969582793981235
-0.0042676,-0.0146971096944281
-0.0075165,-0.0305406955469551
-0.011363,-0.0464867509385436
-0.015795,-0.0624563306899536
-0.020806,-0.0783733540776732
-0.026375,-0.0941556539222058
-0.032493,-0.109727555428109
-0.039131,-0.125006213354731
-0.04627,-0.139913006199678
-0.053883,-0.154369327155206
-0.061941,-0.168297660619493
-0.070413,-0.181622448214657
-0.07926,-0.194266322669513
-0.088447,-0.206156015474551
-0.097938,-0.21722333565287
-0.10768,-0.227394012625265
-0.11764,-0.23660623952825
-0.12777,-0.244799425183879
-0.13802,-0.25191472521467
-0.14834,-0.257896906762
-0.15867,-0.262688362826335
-0.16896,-0.266239140293608
-0.17917,-0.268514827953604
-0.18923,-0.269472931557567
-0.19909,-0.269081011024488
-0.20869,-0.267308834878308
-0.21798,-0.264136782609872
-0.2269,-0.259547535671784
-0.2354,-0.253534095687944
-0.24343,-0.246098563049316
-0.25092,-0.237236099005919
-0.25783,-0.226959124163548
-0.26411,-0.215286761674335
-0.26971,-0.202243524139931
-0.27458,-0.187858075117046
-0.27869,-0.172176875420192
-0.28198,-0.155237699921631
-0.28442,-0.137092843913034
-0.28598,-0.117805213708007
-0.28662,-0.0974374621576446
-0.28631,-0.0760579743454387
-0.28502,-0.0537380888892006
-0.28274,-0.0305645219339986
-0.27945,-0.00662674522087918
-0.27512,0.0179933159828345
-0.26974,0.0432072713683473
-0.26332,0.0689091950448931
-0.25585,0.094996784691747
-0.24733,0.121366189698504
-0.23776,0.147915344031567
-0.22716,0.174531870024389
-0.21554,0.201105833734867
-0.20292,0.227525220386245
-0.18933,0.253672393380707
-0.1748,0.279428827018935
-0.15935,0.304686389274642
-0.14303,0.329326633572644
-0.12588,0.35323399984668
-0.10794,0.376299020192425
-0.089255,0.398417091283926
-0.069896,0.419471861052432
-0.04991,0.439359146138844
-0.02936,0.457976337547969
-0.0083091,0.475225611849482
0.013177,0.49101456698509
0.035025,0.505252913721616
0.057168,0.51786012121775
0.079528,0.528758393036259
0.10203,0.537877368227107
0.1246,0.54515623804453
0.14716,0.55054150477446
0.16962,0.553979058103048
0.19191,0.555431453926122
0.21395,0.554869205847296
0.23565,0.552263540269271
0.25694,0.547602694606296
0.27774,0.540882395136536
0.29797,0.532105351428283
0.31754,0.521273224638541
0.3364,0.508417115153855
0.35446,0.493562163755471
0.37165,0.476743499394336
0.38791,0.458011375304766
0.40316,0.437412674139005
0.41736,0.415020403596669
0.43044,0.390904960108107
0.44234,0.365140552486458
0.45302,0.337817599038746
0.46242,0.309022647832941
0.47051,0.278859201846616
0.47724,0.247427010790769
0.48258,0.214834989224727
0.4865,0.181196523060793
0.48897,0.146625500361935
0.48998,0.111247819106743
0.48949,0.0751732993513628
0.48751,0.0385325568317995
0.48401,0.00143955253740843
0.47901,-0.0359716554045622
0.4725,-0.073577039329235
0.46447,-0.111264495444895
0.45496,-0.148898144540998
0.44397,-0.186356779448973
0.43152,-0.223520141934295
0.41764,-0.260265287345492
0.40235,-0.296478554689989
0.3857,-0.332035425972865
0.36772,-0.366821584752187
0.34847,-0.400712671006244
0.32798,-0.433602630370352
0.30631,-0.465381742277749
0.28353,-0.495933821027262
0.2597,-0.525148926672313
0.23488,-0.552926069863153
0.20915,-0.579160388509371
0.18259,-0.603747712471954
0.15526,-0.626603023882431
0.12726,-0.647630476223845
0.098669,-0.666744626594932
0.069579,-0.683862126029824
0.04008,-0.6989060618565
0.010263,-0.711807066118118
-0.019774,-0.72249956855546
-0.049936,-0.730926061229305
-0.08013,-0.737039572184032
-0.11025,-0.740794274227518
-0.1402,-0.742154870908407
-0.16989,-0.741100903904046
-0.19922,-0.737617981951902
-0.22808,-0.731690515861278
-0.25639,-0.723325432324281
-0.28404,-0.712526286603139
-0.31096,-0.699324214790858
-0.33705,-0.683750346040039
-0.36221,-0.665835698720907
-0.38638,-0.645640615448913
-0.40946,-0.623218503617003
-0.43139,-0.59864589533237
-0.45208,-0.571994229772941
-0.47147,-0.543351545835017
-0.4895,-0.512817272131808
-0.50609,-0.480482867156569
-0.5212,-0.44646071278446
-0.53478,-0.41086980371974
-0.54677,-0.373823967682906
-0.55714,-0.335452000933179
-0.56585,-0.295883845875625
-0.57287,-0.255254137109793
-0.57818,-0.213704857813472
-0.58175,-0.171372421301323
-0.58357,-0.128399511850859
-0.58362,-0.0849222008839369
-0.58192,-0.0410966479081775
-0.57845,0.0029391294742577
-0.57324,0.0470290975779581
-0.56628,0.0910371608296259
-0.55759,0.134825524864072
-0.54721,0.178244755229508
-0.53515,0.22116308496486
-0.52145,0.263445250311463
-0.50614,0.304965153735859
-0.48927,0.345593676405051
-0.47087,0.38521854883467
-0.45101,0.423715578438552
-0.42972,0.460984955822159
-0.40707,0.496920733233966
-0.38311,0.531430773549904
-0.35792,0.564415488331626
-0.33155,0.595795268741575
-0.30407,0.625495095179478
-0.27557,0.653432007350086
-0.24611,0.679542168091564
-0.21577,0.703765186922658
-0.18462,0.726053572027411
-0.15277,0.746343004252117
-0.12027,0.764602740874789
-0.087231,0.780785851550756
-0.053727,0.794861980288411
-0.019844,0.806807040918485
0.014322,0.816596197941733
0.048692,0.824218155320696
0.083172,0.829662615147694
0.11767,0.83292267450504
0.15211,0.834006977684236
0.18638,0.832910604330809
0.22042,0.829656993311221
0.25413,0.82426291050696
0.28742,0.816747320229006
0.32021,0.807138418181534
0.35242,0.795471618350995
0.38395,0.781772901162645
0.41475,0.766097355537712
0.44472,0.748485483533807
0.4738,0.728994875019191
0.50191,0.70768085982112
0.52897,0.684595711865449
0.55494,0.659817615186987
0.57973,0.633406729762466
0.60331,0.605451553514997
0.62559,0.576016745638292
0.64654,0.545190388735577
0.66611,0.513062252719827
0.68424,0.479713584363407
0.70089,0.445231223847968
0.71602,0.409703992790511
0.72961,0.373234483636932
0.7416,0.335903784138561
0.75198,0.29781011441601
0.76073,0.259055105249115
0.76781,0.219725220758338
0.77321,0.179914107942988
0.77692,0.139718197527429
0.77893,0.0992330604119349
0.77923,0.0585504603622632
0.77781,0.017756041764764
0.77469,-0.0230502153493121
0.76987,-0.0637748769144391
0.76335,-0.104332945773216
0.75515,-0.144634405890944
0.74528,-0.184595713775909
0.73377,-0.224126717460007
0.72064,-0.263142484703227
0.70592,-0.301557919871298
0.68964,-0.339290839097562
0.67183,-0.376264384014541
0.65253,-0.412401443235054
0.63179,-0.447620165200345
0.60964,-0.481852652717627
0.58614,-0.515022694001695
0.56134,-0.547057613327982
0.53528,-0.577897727755648
0.50803,-0.607474052310272
0.47964,-0.635727545100381
0.45018,-0.662594766508051
0.41971,-0.688018616043352
0.38829,-0.711949417573186
0.35601,-0.734323404703855
0.32293,-0.755090102968556
0.28912,-0.774204460864024
0.25466,-0.791620364023399
0.21962,-0.80730021210253
0.18409,-0.82120021175319
0.14815,-0.833280851035299
0.11187,-0.843515212667998
0.075339,-0.851873889226731
0.038639,-0.85833209949704
0.0018505,-0.862871211921814
-0.034938,-0.865472765802728
-0.071647,-0.866126196622594
-0.10819,-0.864822999168986
-0.14448,-0.861556750625722
-0.18044,-0.856330811925906
-0.21597,-0.849139845362453
-0.251,-0.83999430975926
-0.28544,-0.828902784475214
-0.31921,-0.815879932335119
-0.35222,-0.800937931385691
-0.3844,-0.784101788630269
-0.41567,-0.765399132739688
-0.44596,-0.744866682438816
-0.47518,-0.722532997789802
-0.50327,-0.698441728106202
-0.53017,-0.672647736645264
-0.55579,-0.645191465625815
-0.58008,-0.61613037107159
-0.60299,-0.585534195098192
-0.62445,-0.553466014311584
-0.64441,-0.519996672018836
-0.66282,-0.485201367629942
-0.67964,-0.449164150437634
-0.69483,-0.411973873795475
-0.70835,-0.373720763784599
-0.72015,-0.334486167097785
-0.73023,-0.294378843173438
-0.73855,-0.253496902879597
-0.74509,-0.211941738841247
-0.74983,-0.169814317547632
-0.75277,-0.127226950157974
-0.75389,-0.0842828595045405
-0.7532,-0.0410968824823096
-0.75071,0.00221037384487859
-0.74641,0.0455322221812931
-0.74032,0.0887544750741839
-0.73247,0.131753206705087
-0.72288,0.174408019917267
-0.71157,0.216605291288716
-0.69858,0.258225862773787
-0.68395,0.299150088657084
-0.66771,0.339269341621041
-0.64993,0.378458052197477
-0.63064,0.41661080374522
-0.60991,0.453612565566561
-0.5878,0.489351955562484
-0.56436,0.523731851513276
-0.53967,0.556648014065976
-0.5138,0.588001636222496
-0.48682,0.617701926626819
-0.45882,0.645653201274071
-0.42987,0.671774192527465
-0.40006,0.695983656590517
-0.36948,0.718203564151764
-0.33821,0.738368976404874
-0.30634,0.756420870118615
-0.27397,0.772300190073113
-0.24119,0.785957825959839
-0.2081,0.797347582131735
-0.17478,0.806442604623035
-0.14134,0.8132111166636
-0.10786,0.817641334983012
-0.074449,0.819717360384628
-0.041195,0.819436794088181
-0.0081951,0.816802279423534
0.024462,0.811827456107945
0.056684,0.804532552273272
0.088378,0.794942829505744
0.11946,0.783094170248166
0.14984,0.769026230837999
0.17944,0.752790081223777
0.20818,0.734443654025404
0.23597,0.71404191977671
0.26274,0.691651164143134
0.28842,0.667345347459176
0.31295,0.641210311984651
0.33625,0.613324613114722
0.35827,0.583781167898578
0.37895,0.552674680603363
0.39823,0.520098794572044
0.41608,0.48616594531719
0.43245,0.450985837106309
0.44731,0.414677689197834
0.46061,0.377350204311922
0.47235,0.33913740299608
0.48249,0.300160227043251
0.49102,0.260547642598764
0.49794,0.220438583278825
0.50325,0.179975812258208
0.50693,0.139286022190717
0.50902,0.0985233151622776
0.50953,0.0578369247825364
0.50846,0.0173600674486669
0.50587,-0.0227469224151933
0.50176,-0.0623513282973891
0.4962,-0.10129535092924
0.48922,-0.139435686151096
0.48087,-0.176630711620963
0.47121,-0.212737562205363
0.46029,-0.247624632958638
0.44819,-0.281151814279108
0.43496,-0.313199187358078
0.42068,-0.343645281015513
0.40542,-0.372379196051119
0.38926,-0.399295322550162
0.37228,-0.424296351067946
0.35456,-0.447295487385724
0.33618,-0.468217965405921
0.31723,-0.48699455162465
0.29779,-0.503570942133648
0.27794,-0.517907533929277
0.25777,-0.529971439089576
0.23736,-0.53974462899155
0.2168,-0.547215276890318
0.19616,-0.552392760300224
0.17554,-0.555282168806722
0.15499,-0.555922977896423
0.1346,-0.554352704120322
0.11445,-0.550614572590444
0.094602,-0.544769379080296
0.075125,-0.53688603150441
0.05608,-0.527044733081294
0.037533,-0.515329553937053
0.019541,-0.501832608313276
0.0021552,-0.48665475606521
-0.014568,-0.469897717616369
-0.030587,-0.451672397820847
-0.045854,-0.432089736173035
-0.060331,-0.41126507784671
-0.07398,-0.389314247302928
-0.086772,-0.366356945703916
-0.098677,-0.34251191363882
-0.10967,-0.317897418580725
-0.11973,-0.292630846504789
-0.12884,-0.266828327505321
-0.13699,-0.240606622953209
-0.14416,-0.214071997758546
-0.15036,-0.18734105303255
-0.15558,-0.160520224048589
-0.15982,-0.133711664647582
-0.16308,-0.107010658642587
-0.16538,-0.0805184711872871
-0.16671,-0.0543155453089813
-0.16711,-0.028499582698722
-0.16657,-0.00314181129375354
-0.16513,0.0216736289314939
-0.16279,0.0458848545794708
-0.15959,0.0694208413951848
-0.15555,0.0922207321178512
-0.15068,0.114241733684976
-0.14504,0.135420635708889
-0.13863,0.155724661282568
-0.13149,0.175117690129029
-0.12367,0.193555295090187
-0.11518,0.211017903308261
-0.10607,0.227477693418388
-0.096381,0.242908343990348
-0.086139,0.257297253212364
-0.075385,0.270632821689923
-0.064162,0.282903762145996
-0.052508,0.294103674123804
-0.040468,0.304225694416089
-0.028079,0.313269257758179
-0.015385,0.321234255627351
-0.002428,0.32812294007284
0.010745,0.333936184053843
0.024098,0.338682303510938
0.037576,0.342361755067496
0.051143,0.344983078453398
0.064749,0.346551098712523
0.078353,0.347074498102783
0.091904,0.346557737247875
0.10536,0.345008679050266
0.11867,0.342431306905686
0.1318,0.338839165380052
0.14469,0.334234122581661
0.15729,0.328616156471328
0.16957,0.321998665865283
0.18147,0.314383475179797
0.19296,0.305785351557268
0.20397,0.296199639164301
0.21448,0.285643225754982
0.22444,0.27412782614095
0.2338,0.261660765269224
0.24253,0.248260495643358
0.25059,0.233946620422268
0.25794,0.218739209801219
0.26455,0.202665617941356
0.27038,0.185750982181597
0.27541,0.168032796088077
0.27961,0.149550132377276
0.28295,0.130342294125414
0.28541,0.110455091653117
0.28697,0.0899383145310454
0.28761,0.0688435681754042
0.28733,0.0472372509856267
0.28611,0.0251810229408096
0.28394,0.00273834204351055
0.28082,-0.0200203516369282
0.27674,-0.0430284612760072
0.27172,-0.0662023048903548
0.26574,-0.0894764937328284
0.25884,-0.112758046005924
0.251,-0.135978904219452
0.24225,-0.159056295942734
0.23262,-0.181898181429538
0.2221,-0.204437491421394
0.21074,-0.226585155965514
0.19855,-0.248266805847405
0.18556,-0.269407618585732
0.17181,-0.289927542213388
0.15733,-0.309752388519875
0.14215,-0.328815247403468
0.12631,-0.34705006586249
0.10985,-0.364393860587953
0.092811,-0.38078769050757
0.075237,-0.396175864247526
0.057172,-0.410507440474068
0.038664,-0.423734356913673
0.019758,-0.435815023482647
0.00050378,-0.44671129247248
-0.019047,-0.456388064426304
-0.038841,-0.464813026494564
-0.058832,-0.471962864642505
-0.078956,-0.477809606540081
-0.099167,-0.482336178297919
-0.1194,-0.485521274340926
-0.13961,-0.487356097635163
-0.15974,-0.487833840349979
-0.17973,-0.486947788924168
-0.19952,-0.484691981688581
-0.21906,-0.481069087167607
-0.2383,-0.476089112364266
-0.25718,-0.469760751841553
-0.27566,-0.462106607363253
-0.29367,-0.453138082255096
-0.31117,-0.442879776866898
-0.32812,-0.431366588782627
-0.34446,-0.418626290729395
-0.36016,-0.404702614348068
-0.37517,-0.389636424961224
-0.38946,-0.373480172684663
-0.40298,-0.356279613348368
-0.4157,-0.3380887905377
-0.42759,-0.318967062232941
-0.43863,-0.298983929605508
-0.44878,-0.278200438298444
-0.45803,-0.256691341431342
-0.46634,-0.234518185413026
-0.47372,-0.211767087683226
-0.48012,-0.18849715064393
-0.48557,-0.164803089069063
-0.49002,-0.140746407175104
-0.49349,-0.116411691108375
-0.49597,-0.0918773794473744
-0.49746,-0.0672219230160761
-0.49796,-0.0425213128505902
-0.49747,-0.0178471173155207
-0.49601,0.00672022262607212
-0.49358,0.0311105142401961
-0.4902,0.0552493986625018
-0.48587,0.079076452162271
-0.48062,0.102522454811839
-0.47447,0.125520894264913
-0.46742,0.148024574510363
-0.45951,0.169974144791355
-0.45076,0.191317428377518
-0.44118,0.212017418619361
-0.4308,0.232036153001333
-0.41965,0.251336527844932
-0.40775,0.269891120643926
-0.39513,0.287674248773379
-0.38182,0.30466290672718
-0.36783,0.320852228641728
-0.35321,0.336223089199336
-0.33798,0.350768104126332
-0.32217,0.364482668727577
-0.3058,0.377372437683796
-0.28891,0.389436873551947
-0.27153,0.400678302104221
-0.2537,0.411094307648881
-0.23543,0.420701283986283
-0.21677,0.429501133974079
-0.19774,0.437506548649657
-0.17839,0.444716690840427
-0.15874,0.451142295884677
-0.13883,0.456788597478248
-0.1187,0.461656479924014
-0.098375,0.465754588043964
-0.077896,0.469085943243429
-0.057297,0.471654296251255
-0.036611,0.473464772474674
-0.015876,0.474519906072608
0.0048712,0.474821081711781
0.025598,0.474371932294971
0.046268,0.473175093762468
0.066848,0.471234784423707
0.087302,0.46855439659329
0.1076,0.4651410781406
0.12769,0.460988608829689
0.14757,0.456117188952825
0.16717,0.450517547984949
0.18649,0.44420871861412
0.20548,0.437195107949619
0.22411,0.429484047102531
0.24234,0.421077653699453
0.26016,0.411995989680522
0.27752,0.402243488303172
0.29441,0.391841461601452
0.31079,0.380802081522873
0.32663,0.369137222058352
0.34192,0.356872976548005
0.35662,0.344024007196203
0.37071,0.33061013521325
0.38418,0.316662169900849
0.39699,0.302196732918356
0.40914,0.28724809195281
0.4206,0.271841576545945
0.43136,0.25600935358377
0.44141,0.239788157006572
0.45072,0.223202534908059
0.4593,0.206296020026222
0.46713,0.189103977781908
0.4742,0.171661505257416
0.48051,0.154009782594002
0.48605,0.136186230154274
0.49081,0.118224051885112
0.4948,0.100166751235234
0.49802,0.0820573685051725
0.50046,0.0639298068153817
0.50212,0.0458168472199633
0.50301,0.0277566234796757
0.50314,0.00979030366638639
0.5025,-0.0080546559931902
0.5011,-0.0257480852301636
0.49896,-0.0432513340670115
0.49607,-0.0605424276637284
0.49246,-0.0775841428534194
0.48812,-0.0943578458952614
0.48308,-0.110831115475568
0.47733,-0.126991176869879
0.4709,-0.142812170165939
0.46379,-0.158280878747667
0.45602,-0.173380150274799
0.44761,-0.188090423182056
0.43855,-0.202413199154777
0.42888,-0.216330245905567
0.41859,-0.229845175425049
0.4077,-0.24295720920513
0.39624,-0.255654928704628
0.3842,-0.267948470544175
0.37159,-0.279850536129566
0.35845,-0.29135361152454
0.34476,-0.302478665612974
0.33056,-0.313224894532537
0.31584,-0.323611122954992
0.30062,-0.33364947509654
0.28491,-0.343353898517444
0.26873,-0.352732168330787
0.25209,-0.361794373504926
0.235,-0.370552284103604
0.21747,-0.379018787235892
0.19953,-0.387192595211418
0.18118,-0.395083249268028
0.16243,-0.402701400825477
0.14332,-0.410036151931051
0.12385,-0.417089103938147
0.10404,-0.423857096556681
0.083916,-0.430328778096859
0.063491,-0.436496100111683
0.042792,-0.442343529327491
0.021836,-0.447857302448899
0.00065349,-0.453015470852911
-0.020736,-0.457798179794257
-0.042305,-0.462181930280366
-0.064022,-0.466137945378471
-0.085869,-0.469643981950091
-0.10781,-0.472670393481496
-0.12981,-0.475183154241469
-0.15184,-0.477150117808285
-0.17388,-0.478548252308948
-0.19587,-0.479333014247674
-0.2178,-0.479480795767461
-0.23962,-0.478956046381995
-0.2613,-0.477729479460454
-0.2828,-0.475770404955189
-0.30408,-0.473047996743026
-0.3251,-0.469532326777248
-0.34582,-0.465195185881121
-0.36622,-0.460025507548386
-0.38623,-0.45398959412725
-0.40583,-0.447073604058732
-0.42497,-0.439258113644484
-0.44362,-0.430534749206829
-0.46173,-0.420889719448678
-0.47926,-0.410312866925522
-0.49619,-0.398812260978953
-0.51245,-0.38637371337243
-0.52802,-0.373002669115058
-0.54286,-0.358705676960671
-0.55693,-0.343490216269556
-0.5702,-0.327371912485829
-0.58263,-0.310365334807029
-0.59418,-0.29248398302953
-0.60483,-0.273755075566609
-0.61454,-0.254201513945875
-0.62328,-0.233849625568957
-0.63102,-0.212727892419545
-0.63773,-0.190865848350982
-0.6434,-0.16830793485337
-0.648,-0.14509468074518
-0.65149,-0.121255000900885
-0.65388,-0.0968446316190131
-0.65513,-0.0719024353833608
-0.65523,-0.0464747634753942
-0.65417,-0.0206126763778867
-0.65194,0.00563043689792721
-0.64853,0.0322008631272854
-0.64392,0.0590536157628694
-0.63812,0.0861299495289302
-0.63112,0.113376594454532
-0.62293,0.14073155043976
-0.61354,0.168142473776969
-0.60297,0.195544289445063
-0.59121,0.222885876635647
-0.57828,0.25010686169872
-0.56421,0.277133963009159
-0.54898,0.303922768832269
-0.53264,0.330401938481045
-0.51519,0.356517697840248
-0.49667,0.38220269165224
-0.47709,0.407403024219102
-0.45649,0.432055342609362
-0.4349,0.456098209706937
-0.41234,0.479481231804224
-0.38886,0.502142562484515
-0.36449,0.524028054844537
-0.33927,0.54508431617167
-0.31324,0.565260498620556
-0.28645,0.5845022844574
-0.25894,0.602761922538098
-0.23075,0.619998757355377
-0.20194,0.636164684678002
-0.17256,0.651214803787121
-0.14264,0.665123314526441
-0.11226,0.677844066768404
-0.081455,0.689349542259324
-0.050281,0.699612967487623
-0.018796,0.708607929031244
0.012951,0.716316174792026
0.044899,0.72271814605105
0.076999,0.72780311642309
0.10919,0.731559367361975
0.14142,0.733981809148096
0.17363,0.735066096513045
0.20577,0.734815680085588
0.23778,0.733233212773089
0.2696,0.73032101397098
0.30117,0.726081421719658
0.33245,0.720531844786308
0.36337,0.713679504495694
0.39388,0.705538293500557
0.42391,0.696112573245559
0.45342,0.685421317110801
0.48233,0.673465394683366
0.51061,0.66026821509055
0.53819,0.645841317987666
0.56501,0.63019390950305
0.59103,0.613347977229268
0.61619,0.595320546330066
0.64044,0.576131678860491
0.66373,0.555803424777531
0.68601,0.534358908483862
0.70724,0.511828944288986
0.72738,0.48824975950124
0.74638,0.463653605891515
0.76421,0.438083460011126
0.78083,0.411582384462282
0.79621,0.384199722912693
0.81032,0.355988509506171
0.82313,0.327003260262545
0.83462,0.297305522434141
0.84477,0.266960742245957
0.85355,0.236028212907685
0.86097,0.20459008043206
0.86699,0.172707537450854
0.87161,0.140452586199289
0.87482,0.107896339519289
0.87662,0.0751143834130236
0.87701,0.0421835586005751
0.87597,0.00916450958696234
0.87352,-0.0238676204579712
0.86965,-0.0568506221711928
0.86436,-0.0897274330181572
0.85767,-0.122432356852212
0.84957,-0.154917172319923
0.84008,-0.187127361681997
0.8292,-0.219020107640212
0.81695,-0.250548914239181
0.80333,-0.281680895348112
0.78836,-0.312380771916793
0.77206,-0.342612822621604
0.75444,-0.372349850322009
0.73552,-0.401565388983323
0.71532,-0.430234789624357
0.69385,-0.45834343085699
0.67116,-0.485856079719046
0.64724,-0.512766670104797
0.62215,-0.539041504148415
0.5959,-0.564662924828456
0.56852,-0.589612306978225
0.54006,-0.613856364849721
0.51054,-0.63737345350984
0.48001,-0.660130077898082
0.4485,-0.682099240026801
0.41606,-0.70324546417497
0.38274,-0.723527732287039
0.34858,-0.7429093816179
0.31363,-0.76135118092629
0.27796,-0.778798421225498
0.2416,-0.795215286883003
0.20462,-0.81055291232443
0.16709,-0.824753565718134
0.12906,-0.837769040146728
0.090606,-0.849541222124078
0.051786,-0.860019243534814
0.012676,-0.869146503579155
-0.026652,-0.876866641569105
-0.066128,-0.883126875626082
-0.10567,-0.887870260661684
-0.14522,-0.891056196194758
-0.18467,-0.892621812709543
-0.22397,-0.892531309292991
-0.26303,-0.890742546910101
-0.30178,-0.887224678437501
-0.34013,-0.881942477994246
-0.37801,-0.874873406288179
-0.41534,-0.86599884435591
-0.45205,-0.85531171626303
-0.48807,-0.84281492907805
-0.52331,-0.828505048490319
-0.55771,-0.812396258357111
-0.5912,-0.794509607969059
-0.6237,-0.77486414360229
-0.65517,-0.75350675860978
-0.68552,-0.730468934672322
-0.71471,-0.705806194241391
-0.74266,-0.679562662315481
-0.76933,-0.651801923534616
-0.79467,-0.622594361372506
-0.81861,-0.591999336394391
-0.84112,-0.560095423415335
-0.86215,-0.526959858094882
-0.88167,-0.492681545336704
-0.89962,-0.457334203698963
-0.91599,-0.421014224569318
-0.93074,-0.383811381059763
-0.94385,-0.345822326089574
-0.95529,-0.307139048296194
-0.96504,-0.267854428401273
-0.9731,-0.228074042558368
-0.97945,-0.187895723691464
-0.98407,-0.14740803200855
-0.98699,-0.106726195042975
-0.98817,-0.0659315983427247
-0.98765,-0.0251347929077442
-0.98542,0.015570662774993
-0.98148,0.0561006181691782
-0.97588,0.0963444283614829
-0.96861,0.136218074901681
-0.95971,0.17562495948419
-0.94919,0.214483830250233
-0.9371,0.252699134621359
-0.92346,0.290189281940807
-0.9083,0.326879491904808
-0.89169,0.36267368083163
-0.87364,0.39750631428606
-0.85421,0.431302064320183
-0.83345,0.463987934511258
-0.81142,0.495488169135743
-0.78815,0.525749808092508
-0.76371,0.554710927620067
-0.73815,0.582319647141267
-0.71153,0.608526985767275
-0.68392,0.63328101857245
-0.65538,0.65653701554474
-0.62595,0.678272812751291
-0.59572,0.698448835900981
-0.56474,0.717042868034745
-0.53308,0.734033216486402
-0.5008,0.749407301145372
-0.46798,0.763146120534688
-0.43466,0.775256244406325
-0.40092,0.785735742446359
-0.36682,0.79459128669505
-0.33243,0.801829479655413
-0.2978,0.807472019628837
-0.26301,0.811530514614588
-0.22811,0.814030777660197
-0.19316,0.815002415050487
-0.15822,0.814477696836719
-0.12335,0.812490531618404
-0.088609,0.809076291073618
-0.054047,0.804277503791766
-0.019716,0.798140083927892
0.014328,0.790708683640435
0.048036,0.782031069993598
0.081365,0.772160790523299
0.11426,0.761145819931975
0.14669,0.749046139032735
0.17859,0.735904654695685
0.20995,0.721789991202649
0.2407,0.706745224176708
0.27083,0.690835941707262
0.30028,0.674107003635445
0.32903,0.656614762736817
0.35706,0.63842312375632
0.38432,0.619577965515143
0.41079,0.600131334085002
0.43645,0.580138568430599
0.46127,0.559648489836547
0.48524,0.538717833039636
0.50832,0.517385673428105
0.53051,0.495705027408657
0.55179,0.473723573585796
0.57214,0.451483038784224
0.59155,0.42902623726203
0.61001,0.406395313049018
0.62751,0.383630337948697
0.64403,0.360760832519521
0.65958,0.337828785170554
0.67415,0.314869907779258
0.68773,0.291913486439648
0.70032,0.268989818077453
0.71191,0.246121387889573
0.7225,0.223330757169862
0.73209,0.200639529865168
0.74069,0.178074954984719
0.74828,0.155645528194042
0.75487,0.133366192337784
0.76046,0.111248907184177
0.76505,0.0893025418426787
0.76863,0.067525482572559
0.77122,0.045929544821394
0.7728,0.0245071464566014
0.77339,0.00326453905124091
0.77297,-0.0178109195378382
0.77155,-0.0387248621045333
0.76913,-0.0594847823818898
0.76571,-0.0800997120773425
0.76129,-0.10057990057948
0.75586,-0.12094390287356
0.74943,-0.141201870304344
0.742,-0.161364463473389
0.73357,-0.181442600705826
0.72413,-0.201454629702452
0.71369,-0.221409712600561
0.70225,-0.241316839803704
0.68982,-0.261177284488184
0.67639,-0.281000895751888
0.66198,-0.300782018791525
0.6466,-0.320510059469393
0.63024,-0.340185513504636
0.61294,-0.359780829088742
0.59469,-0.379283545668934
0.57553,-0.398656712013399
0.55548,-0.41785939748798
0.53454,-0.436863336086505
0.51276,-0.455614269555593
0.49017,-0.474053249474775
0.46679,-0.492126547515607
0.44267,-0.509763960133976
0.41784,-0.526898760166522
0.39234,-0.54346153272226
0.36623,-0.559367918794248
0.33954,-0.574546136670225
0.31233,-0.58891450372537
0.28465,-0.602393202179343
0.25655,-0.614906353204094
0.22808,-0.626383629734712
0.19931,-0.63674665627699
0.17028,-0.645935265246348
0.14106,-0.653883842347652
0.11171,-0.660532012004659
0.082284,-0.66583017111395
0.052844,-0.669733336669888
0.023444,-0.672207914740963
-0.0058468,-0.673219706749017
-0.034975,-0.672747183298891
-0.063879,-0.670774097492813
-0.092498,-0.667290041836058
-0.12078,-0.662296645618608
-0.14865,-0.655788717156212
-0.17608,-0.647790968180434
-0.20299,-0.638313593084506
-0.22933,-0.627377454973162
-0.25505,-0.615011876247844
-0.2801,-0.601252608612905
-0.30443,-0.586139992010411
-0.32798,-0.569709909731572
-0.35073,-0.552023548783515
-0.37261,-0.533124126214259
-0.39359,-0.513068991819345
-0.41363,-0.491918103871455
-0.4327,-0.469739427559175
-0.45075,-0.446590841791072
-0.46776,-0.422542746245336
-0.4837,-0.397666328884927
-0.49854,-0.372031445429405
-0.51226,-0.345712293336274
-0.52484,-0.318784434272801
-0.53626,-0.291322318750419
-0.54652,-0.263412073020793
-0.55559,-0.235124485404406
-0.56348,-0.206545362684842
-0.57017,-0.17774779763965
-0.57567,-0.148814491024803
-0.57998,-0.119825876888542
-0.58311,-0.0908653778933592
-0.58507,-0.0620161385760222
-0.58585,-0.0333435759712052
-0.58549,-0.00493351543005876
-0.58399,0.0231441828205188
-0.58138,0.050812769502123
-0.57767,0.078007368803773
-0.57288,0.104667622351688
-0.56705,0.130724261802401
-0.5602,0.156118102195708
-0.55236,0.180792906676269
-0.54356,0.204696964855319
-0.53383,0.22778424935238
-0.5232,0.250015200884137
-0.51172,0.271342394444996
-0.49941,0.291736157914452
-0.48632,0.311160375248986
-0.47249,0.329582723063299
-0.45795,0.346982804350432
-0.44275,0.363336196063178
-0.42694,0.378616466221898
-0.41054,0.392819016913519
-0.39362,0.405920552660964
-0.37621,0.417913435584935
-0.35835,0.42879596371427
-0.3401,0.438556968684497
-0.32149,0.447200595877793
-0.30256,0.454736273496245
-0.28337,0.461163072639424
-0.26395,0.466494314158684
-0.24434,0.470747421519918
-0.22458,0.473943010779259
-0.20472,0.476096643713499
-0.1848,0.477227065816303
-0.16483,0.477377528063
-0.14488,0.476565750686832
-0.12497,0.474825572120045
-0.10513,0.472195685629444
-0.085396,0.468713372937318
-0.065804,0.464413890862043
-0.046378,0.459338868123653
-0.027152,0.453526606282502
-0.0081506,0.447018666834932
0.010598,0.439855450172867
0.029069,0.432077811834233
0.04724,0.423727586295334
0.065084,0.414842781078725
0.082582,0.40546309611272
0.09971,0.395624690918448
0.11645,0.385364174755605
0.13278,0.374714396309813
0.14869,0.363712966965461
0.16415,0.352385326264997
0.17915,0.34076097772579
0.19368,0.328871668220047
0.20771,0.316735067035729
0.22123,0.304371548648783
0.23423,0.291802853481985
0.2467,0.279050980777959
0.25861,0.26612249733169
0.26996,0.253033266664718
0.28073,0.23979116477571
0.29091,0.226404555103425
0.30049,0.212881717055058
0.30945,0.199223001955771
0.31779,0.185436913328464
0.32549,0.171523284985635
0.33254,0.157482147157971
0.33894,0.143320877986856
0.34467,0.129037606057411
0.34972,0.1146302693427
0.3541,0.100111328163121
0.35779,0.0854822867673427
0.36079,0.0707504305164191
0.36309,0.0559199802376967
0.36469,0.0409998429391053
0.36559,0.0260023485726644
0.36579,0.0109421517411508
0.36529,-0.00416471059795047
0.36408,-0.0193090132117357
0.36218,-0.0344651892692124
0.35958,-0.0496174663333728
0.3563,-0.0647363018960137
0.35233,-0.0798041315356046
0.34768,-0.0947988400309758
0.34236,-0.109695360606971
0.33638,-0.124467041647903
0.32976,-0.139079397307532
0.3225,-0.153507468920022
0.31461,-0.167727398887415
0.30611,-0.181709625750633
0.29702,-0.195420945493301
0.28735,-0.20883366786712
0.27711,-0.221925471762636
0.26633,-0.234664369978527
0.25502,-0.247026428621764
0.24319,-0.258995056083689
0.23088,-0.270538061114911
0.21809,-0.281641336154963
0.20485,-0.292283768947026
0.19117,-0.302454191118655
0.17708,-0.312135193718892
0.1626,-0.321312429180592
0.14774,-0.329982024874792
0.13253,-0.338134100201722
0.117,-0.345754419059199
0.10115,-0.352848011341764
0.085009,-0.359414077474515
0.068608,-0.365445873378454
0.051961,-0.370944803035349
0.035094,-0.375910107959925
0.018026,-0.380344657863757
0.00078064,-0.384250902960421
-0.016619,-0.387631457137528
-0.034151,-0.390489994529547
-0.051793,-0.392830750048665
-0.069522,-0.394657943388164
-0.087317,-0.395977256724439
-0.10515,-0.396790320079622
-0.12301,-0.397108112066492
-0.14087,-0.396937105042723
-0.15871,-0.396285217182622
-0.1765,-0.39515398404891
-0.19422,-0.393547194169007
-0.21186,-0.391477784976423
-0.22939,-0.388950975376261
-0.24679,-0.38597304944801
-0.26404,-0.382551000472016
-0.28112,-0.378692221036796
-0.29801,-0.374404237512299
-0.31467,-0.369679690571039
-0.3311,-0.364528982054154
-0.34727,-0.358954358184292
-0.36315,-0.352951421521266
-0.37872,-0.346517906381232
-0.39397,-0.339660699837255
-0.40885,-0.332364287666751
-0.42336,-0.324632462278079
-0.43746,-0.316454876605814
-0.45112,-0.307817438865204
-0.46432,-0.298710783758645
-0.47704,-0.289129594986088
-0.48923,-0.279049775284047
-0.50089,-0.268469702953273
-0.51197,-0.257368952373517
-0.52245,-0.245734688846303
-0.5323,-0.233553164136436
-0.5415,-0.220817693737311
-0.55001,-0.207512723941713
-0.5578,-0.193623410250317
-0.56485,-0.179143322467644
-0.57113,-0.164065657863292
-0.57662,-0.148390969605662
-0.58128,-0.1321110181249
-0.5851,-0.115232962195544
-0.58805,-0.0977614790398735
-0.5901,-0.0796992089544698
-0.59123,-0.061054550779221
-0.59142,-0.0418403952228596
-0.59064,-0.0220655863053791
-0.58888,-0.00175032192275113
-0.58612,0.0190839230663765
-0.58233,0.0404225627609114
-0.5775,0.0622421356819345
-0.57162,0.0845126323788572
-0.56466,0.107214343561406
-0.55662,0.13031421292756
-0.54747,0.153791517989919
-0.53722,0.177606490601233
-0.52583,0.201742101093205
-0.51332,0.226155806797864
-0.49966,0.250822695380485
-0.48486,0.275703247513988
-0.4689,0.300769525589636
-0.45178,0.325989015838237
-0.4335,0.351326533513267
-0.41406,0.376745835305664
-0.39345,0.402218356684584
-0.37168,0.427707883520818
-0.34875,0.453180594110532
-0.32468,0.478590907347977
-0.29946,0.50390737098403
-0.2731,0.529096198168045
-0.24563,0.554108071889304
-0.21704,0.578912289656244
-0.18737,0.60345724922284
-0.15662,0.627705718123797
-0.12483,0.651603726109007
-0.092025,0.675096615050883
-0.058227,0.698133124606469
-0.023474,0.720654565108262
0.012199,0.742600350726733
0.048747,0.763902905630994
0.086129,0.784494110335025
0.12429,0.804297216644555
0.16319,0.823242025358763
0.20275,0.841237032901322
0.24292,0.858197846096964
0.28363,0.874033683651512
0.32482,0.888658886537343
0.3664,0.901972506881129
0.40829,0.913871860853702
0.45042,0.924263525033501
0.4927,0.933049813142044
0.53502,0.940118016595382
0.5773,0.945369122712424
0.61944,0.948703661661218
0.66133,0.950017744137638
0.70287,0.949214797674837
0.74394,0.946192673521187
0.78444,0.940863008800761
0.82426,0.93314431337228
0.86326,0.922941448064718
0.90135,0.910188613185215
0.9384,0.89481668869374
0.97431,0.876778785178666
1,0.849404595759147
1,0.796124668156754
1,0.723255460056286
1,0.636407130563764
1,0.54050038154395
1,0.439790316307486
1,0.337896483543829
1,0.237838183770011
1,0.142074066590483
1,0.0525450335502473
1,-0.0292805225354702
1,-0.102360070641183
1,-0.166029756495106
1,-0.219957475118368
1,-0.264096912433218
1,-0.298643176620966
1,-0.32399054570474
1,-0.340692763029897
1,-0.349426219280649
1,-0.350956270358367
1,-0.34610685642179
1,-0.335733509859978
1,-0.320699769814671
1,-0.301856958673034
1,-0.280027222034099
1,-0.25598968810166
1,-0.230469565164292
1,-0.204129966514754
1,-0.177566230425694
1,-0.151302488118767
1,-0.125790224441519
1,-0.101408573546326
0.96745,-0.10254686714596
0.92511,-0.131418807816518
0.88068,-0.183442667768918
0.83423,-0.25429364770102
0.78589,-0.339893881434525
0.73575,-0.436477924697227
0.68392,-0.540598445924639
0.63051,-0.649142160770582
0.57565,-0.75932343136858
0.51945,-0.868703844304101
0.46204,-0.975172521753427
0.40355,-1.07693916578115
0.3441,-1.17252967220422
0.28383,-1.26075391289198
0.22287,-1.34069589180966
0.16136,-1.411684843336
0.099422,-1.47328690272893
0.037199,-1.52526373577506
-0.025177,-1.56755787037305
-0.087562,-1.60025903412177
-0.14984,-1.62360248111939
-0.21186,-1.63791682516045
-0.2735,-1.64362634028101
-0.33462,-1.64121491819904
-0.39511,-1.63123027001366
-0.45482,-1.61423314280001
-0.51365,-1.59082185389703
-0.57146,-1.56158376851985
-0.62813,-1.52710011071579
-0.68357,-1.48795668240125
-0.73764,-1.44469255561554
-0.79024,-1.39782586398921
-0.84127,-1.34784497104623
-0.89062,-1.29519422168051
-0.93821,-1.24029272707384
-0.98394,-1.18351278496136
-1,-1.10467805118732
-1,-0.998192374709091
-1,-0.872165312179269
-1,-0.733687392360755
-1,-0.588869346731854
-1,-0.442889816534809
-1,-0.300050203849004
-1,-0.163835269322543
-1,-0.0369780649992458
-1,0.0784721813157873
-1,0.181080551460946
-1,0.269956524243585
-1,0.344684787440083
-1,0.405257773587768
-1,0.452010786127877
-1,0.485560445625536
-1,0.506747048674602
-1,0.516581298051348
-1,0.516195734471274
-1,0.506801080126348
-1,0.489647593715063
-1,0.465991437130729
-1,0.437065966124046
-1,0.404057781506726
-1,0.368087313887347
-1,0.330193663321497
-1,0.29132337517378
-1,0.25232280429703
-1,0.21393370055268
-1,0.17679163883349
-1,0.14142691513782
-1,0.108267535871015
-1,0.0776439393854914
-1,0.0497951057954402
-1,0.0248757323213693
-1,0.00296417588581189
-1,-0.0159291084953408
-0.98602,-0.021510351252759
-0.94488,0.00395097908014194
-0.90247,0.054828621433692
-0.85888,0.125881346040549
-0.81422,0.212268019931005
-0.76858,0.309586177162218
-0.72206,0.413875949686987
-0.67476,0.521624777135318
-0.62679,0.629757066289892
-0.57825,0.735633458479025
-0.52924,0.837035003304882
-0.47986,0.932142351971792
-0.43021,1.01951089537251
-0.3804,1.09803535113474
-0.33053,1.16692847451351
-0.28069,1.2256964966255
-0.23099,1.27409000838506
-0.18152,1.31208777198158
-0.13239,1.33984804900927
-0.08367,1.35770875064689
-0.03547,1.36612320992812
0.012126,1.36565356536297
0.059034,1.3569425951313
0.10516,1.34068068365754
0.15044,1.31760665372388
0.19478,1.28846189793615
0.23812,1.25399977221671
0.28038,1.21495203394701
0.32149,1.17202369629828
0.3614,1.12589617470671
0.40003,1.07719272649524
0.43734,1.02650320810294
0.47327,0.974359925669058
0.50777,0.921241335615786
0.5408,0.867575974528767
0.57232,0.813739156843203
0.60229,0.760051393171635
0.63066,0.706770899347724
0.65742,0.654125977880804
0.68254,0.602297411931346
0.70598,0.55141284597529
0.72774,0.501580590641678
0.7478,0.452873026166849
0.76615,0.405336412462644
0.78277,0.358984762206524
0.79767,0.313825430914369
0.81085,0.269850465014554
0.82231,0.227037568359835
0.83206,0.1853587931915
0.84012,0.144787844838575
0.8465,0.105291290589454
0.85123,0.0668439960369422
0.85434,0.0294267042613292
0.85584,-0.00699072496754443
0.85578,-0.0424180493585965
0.85419,-0.0768642327383471
0.85111,-0.110330957822058
0.8466,-0.142800100361675
0.84069,-0.1742610438811
0.83343,-0.204695460805706
0.82489,-0.234065195870064
0.81511,-0.262339941188657
0.80416,-0.289474929352518
0.79209,-0.315430287951024
0.77897,-0.340156908591761
0.76486,-0.363607474135763
0.74981,-0.385745294455753
0.7339,-0.406521570304363
0.7172,-0.425886956446332
0.69975,-0.4438156824141
0.68164,-0.46026522334951
0.66292,-0.475210788975297
0.64365,-0.488635674081565
0.6239,-0.500523272102603
0.60372,-0.510872808825785
0.58318,-0.519682013093905
0.56234,-0.52695535421001
0.54124,-0.532717876955893
0.51995,-0.536988818075
0.49851,-0.539804834530881
0.47697,-0.541208651242369
0.45539,-0.541239714983928
0.4338,-0.539956280187363
0.41226,-0.537408299896188
0.39079,-0.53366751643298
0.36944,-0.528799327224246
0.34825,-0.522869804517061
0.32725,-0.515951273158943
0.30647,-0.508119198207298
0.28595,-0.499442147765566
0.2657,-0.490003413252973
0.24576,-0.479873630806486
0.22615,-0.469125973883533
0.20689,-0.457833490383053
0.18801,-0.446059523962174
0.16952,-0.433872392634279
0.15145,-0.421327472264228
0.1338,-0.408490044060706
0.11659,-0.395416450530072
0.099842,-0.382152431385956
0.083563,-0.368744604442007
0.067767,-0.355233413155724
0.052463,-0.341656472525672
0.037666,-0.328043198158748
0.023382,-0.314421782800771
0.0096262,-0.300811393268933
-0.0035969,-0.287230840783536
-0.016276,-0.273692646411393
-0.028399,-0.260202872941779
-0.039961,-0.246767088457189
-0.050951,-0.233385370087655
-0.061357,-0.220052213423803
-0.071173,-0.206761803344625
-0.080391,-0.193506381001435
-0.088996,-0.180271307950449
-0.096985,-0.167045344602765
-0.10435,-0.153816303561208
-0.11108,-0.140569081135308
-0.11716,-0.127283430774326
-0.1226,-0.113953777343727
-0.12737,-0.100556763097465
-0.13148,-0.0870847422512046
-0.13493,-0.0735354149463403
-0.1377,-0.059895966584972
-0.13979,-0.046160149522576
-0.1412,-0.0323271012161892
-0.14194,-0.0184076704593431
-0.14199,-0.0043996408876141
-0.14138,0.00967272837503382
-0.14009,0.0238014755458807
-0.13813,0.0379698221053941
-0.13553,0.0521395627317915
-0.13228,0.0662858272085911
-0.12839,0.0803803935863127
-0.12389,0.0943783470961718
-0.1188,0.108229951483839
-0.11312,0.121897755187273
-0.10689,0.135325715884023
-0.10013,0.148459194349863
-0.092874,0.16123590391961
-0.085142,0.173599553624885
-0.076969,0.185489272656083
-0.068394,0.196839371185991
-0.05945,0.207586693025498
-0.050176,0.217667630906749
-0.040616,0.227016502013848
-0.030807,0.235573194335987
-0.020799,0.243274420261481
-0.010635,0.250061565606231
-0.00036342,0.255877730193646
0.0099678,0.260669683378225
0.020307,0.264386255508805
0.030607,0.266983067408783
0.040816,0.26841944840778
0.050879,0.268656914335506
0.060751,0.267667649996655
0.070373,0.265423320793723
0.079699,0.261906034440892
0.088674,0.25710062624526
0.097248,0.250998715114652
0.10537,0.243597343378403
0.11299,0.234899201722218
0.12006,0.224913382336383
0.12653,0.213652837205822
0.13235,0.201133679803188
0.13749,0.187389303792469
0.1419,0.172451704273307
0.14553,0.156351213701905
0.14836,0.139138476375631
0.15034,0.120857223226738
0.15145,0.101566845018887
0.15165,0.081323154350754
0.15091,0.0601851155645115
0.14922,0.0382275351832927
0.14656,0.0155286544766066
0.14289,-0.00784738445704491
0.13822,-0.0318125918544805
0.13253,-0.0562843751414201
0.12582,-0.0811720304552138
0.11806,-0.106403102976239
0.10928,-0.131877647387383
0.099451,-0.157520130115647
0.0886,-0.18323561630953
0.076724,-0.20893861071061
0.063831,-0.234545769645746
0.049944,-0.259967055631392
0.035067,-0.28512395944273
0.019232,-0.30992915900316
0.0024507,-0.33430610534596
-0.015243,-0.358173120611159
-0.033822,-0.381452186160941
-0.053255,-0.404067812456002
-0.073508,-0.425947192013797
-0.094536,-0.447014128370669
-0.1163,-0.467196813308235
-0.13876,-0.486428815383904
-0.16186,-0.50463865447426
-0.18556,-0.521765201971616
-0.20979,-0.537735805963094
-0.23451,-0.55249333702949
-0.25965,-0.565973210463945
-0.28514,-0.578107247682026
-0.31093,-0.588841667111508
-0.33694,-0.598114236071911
-0.36311,-0.605873054291153
-0.38937,-0.612069233440071
-0.41564,-0.616650917048715
-0.44185,-0.619573318339191
-0.46793,-0.620799224349515
-0.4938,-0.620291804716959
-0.51938,-0.618016187319847
-0.54461,-0.61395545503165
-0.5694,-0.608086082634122
-0.59368,-0.600395269913613
-0.61738,-0.590879816979564
-0.64042,-0.579537553082043
-0.66273,-0.566375163570384
-0.68425,-0.551414239040786
-0.7049,-0.53467354724744
-0.72461,-0.516176963259681
-0.74332,-0.495959682843257
-0.76097,-0.474065504166495
-0.7775,-0.450544373742809
-0.79283,-0.42543540431529
-0.80693,-0.398805184812248
-0.81972,-0.370703938849714
-0.83116,-0.34119712744999
-0.84121,-0.310360888345652
-0.84981,-0.278263249147243
-0.85692,-0.244978720673219
-0.8625,-0.210585042469337
-0.86651,-0.175160428365308
-0.86892,-0.138788680285524
-0.8697,-0.101555722200189
-0.86882,-0.0635467050906739
-0.86625,-0.0248436434448666
-0.86198,0.0144616625813738
-0.85597,0.0542944878164932
-0.84824,0.0945518639966315
-0.83874,0.135162969510687
-0.8275,0.176026064606788
-0.8145,0.217054645216898
-0.79973,0.258169898870906
-0.78321,0.299279675516959
-0.76495,0.34029148572538
-0.74495,0.381123005678958
-0.72324,0.421680726780194
-0.69985,0.46186524292386
-0.67478,0.50159787029815
-0.64808,0.540782428295999
-0.61978,0.579326678812389
-0.58992,0.617137324972983
-0.55853,0.654130823489896
-0.52566,0.690219679781725
-0.49138,0.725301514326975
-0.45571,0.759302414222727
-0.41873,0.792129801218193
-0.38049,0.823701505634106
-0.34105,0.853939348620092
-0.30049,0.882756482064286
-0.25886,0.91008439172214
-0.21625,0.935842420035594
-0.17272,0.959965292060433
-0.12836,0.982380523079655
-0.083245,1.0030236774211
-0.037454,1.02183639992144
0.0089254,1.03876126813913
0.055808,1.05374574481938
0.10311,1.06674448594531
0.15073,1.07770694899467
0.1986,1.08660524407446
0.2466,1.09339281671536
0.29466,1.09804704792886
0.34268,1.10054377850225
0.39055,1.10085158765517
0.43819,1.09895691803889
0.4855,1.09484686108621
0.53239,1.08851743224735
0.57874,1.07995038881779
0.62447,1.06914664845101
0.66949,1.05611572031955
0.71368,1.04085214741183
0.75697,1.02337603351036
0.79926,1.0037058466529
0.84045,0.981858699582244
0.88046,0.95786535737454
0.9192,0.931759756749157
0.95658,0.903577835641154
0.99252,0.873363889205973
1,0.821237593162467
1,0.747264316048752
1,0.657601067447543
1,0.557645349325219
1,0.452063111012717
1,0.344823092369266
1,0.239236594196868
1,0.138001657758829
1,0.043250616927502
1,-0.0433999993613278
1,-0.120798196015104
1,-0.188204792079298
1,-0.24524209485376
1,-0.291843721252268
1,-0.328206223429736
1,-0.354743075452788
1,-0.372041476735021
1,-0.380822328673769
1,-0.381903645537894
1,-0.376167570873067
1,-0.364531087828913
1,-0.347920436831365
1,-0.327249187561901
1,-0.303399854615299
1,-0.277208897591388
1,-0.249454906621834
1,-0.220849743147949
1,-0.192032382710548
1,-0.163565191032359
1,-0.135932356124675
1,-0.109540196828919
1,-0.0847190713693959
1,-0.0617266173885234
1,-0.0407520668048567
0.97023,-0.0439454983917231
0.93131,-0.0733247161482242
0.89072,-0.124343748396895
0.84855,-0.192723616664714
0.80489,-0.274485423345955
0.75983,-0.365975099719261
0.71346,-0.463880169341003
0.66588,-0.565231633066453
0.6172,-0.667400610863381
0.56752,-0.768105067102789
0.51694,-0.865401772742108
0.46556,-0.957673476611126
0.41351,-1.04358988310618
0.36089,-1.12211465511027
0.30781,-1.19247499064975
0.25438,-1.25413846399315
0.20071,-1.30678860795272
0.14691,-1.35029984365987
0.09309,-1.38471230134285
0.039358,-1.41020848933704
-0.014181,-1.42709115809861
-0.06742,-1.43575813571852
-0.12026,-1.43668636995101
-0.17259,-1.43040154377952
-0.22432,-1.41747600280116
-0.27536,-1.39850959762492
-0.3256,-1.37409798663913
-0.37496,-1.34484342555956
-0.42336,-1.31134038635415
-0.47069,-1.2741412998337
-0.51689,-1.2337885539518
-0.56188,-1.19078818744438
-0.60558,-1.14560389747141
-0.64792,-1.09866022148832
-0.68884,-1.05034570193157
-0.72827,-1.00100122629716
-0.76616,-0.950933755300997
-0.80244,-0.900398438987374
-0.83707,-0.849622334465928
-0.86999,-0.798787128982468
-0.90115,-0.748038483377325
-0.93053,-0.697509233871639
-0.95806,-0.647279245948021
-0.98374,-0.597433194532414
-1,-0.542454938601901
-1,-0.472989056727689
-1,-0.393906868570437
-1,-0.309401070442753
-1,-0.223022980026743
-1,-0.137723610009363
-1,-0.0558977569550462
-1,0.0205697285022984
-1,0.0902563153414719
-1,0.152153602642445
-1,0.205619308990177
-1,0.250330118031288
-1,0.286235982545727
-1,0.313516408094618
-1,0.332539152698513
-1,0.343821693762371
-1,0.347995729844352
-1,0.34577490471229
-1,0.337925865916449
-1,0.325242700955862
-1,0.308524731839149
-1,0.28855759396796
-1,0.266097478080819
-1,0.241858374549108
-0.99716,0.218603184147472
-0.9747,0.21098948705015
-0.95084,0.217002436563986
-0.92565,0.234659866939805
-0.89917,0.26206162806786
-0.87149,0.297371056531654
-0.84265,0.33887512090704
-0.81274,0.384958258324297
-0.78182,0.434140216337218
-0.74997,0.485068105655986
-0.71725,0.536538093384395
-0.68375,0.587473624535543
-0.64954,0.63694290527148
-0.61469,0.684155594488945
-0.57927,0.728457426576926
-0.54339,0.76929352168708
-0.50709,0.806258171795402
-0.47047,0.839035389792204
-0.4336,0.867415527572205
-0.39657,0.89126908710857
-0.35944,0.910560573889734
-0.3223,0.925312815516418
-0.28522,0.935613555671784
-0.24828,0.941596711723257
-0.21154,0.943448030536435
-0.17508,0.941378449457659
-0.13898,0.935616459101879
-0.10329,0.926423353894804
-0.068087,0.914062192887329
-0.033433,0.89880346978226
0.00060838,0.880916864687048
0.033983,0.860672512044227
0.066632,0.838331208222935
0.098505,0.814146240731553
0.12954,0.788349925234076
0.15971,0.761177538010854
0.18895,0.732832324768371
0.21723,0.703511926530175
0.24451,0.673396371324051
0.27074,0.642638711621619
0.2959,0.611387635701635
0.31996,0.579776128792689
0.3429,0.547927465380271
0.36468,0.515938041463454
0.38529,0.48390116694068
0.40471,0.451896712357155
0.42292,0.41999050161085
0.43992,0.388248977684063
0.45568,0.356714038733341
0.47023,0.325449977647219
0.48353,0.294484615600175
0.49561,0.263866376152013
0.50646,0.233628427148802
0.51607,0.203789799127261
0.52448,0.174393663115854
0.53167,0.145456249161237
0.53767,0.117007769274512
0.5425,0.0890806980386882
0.54615,0.0616855195757272
0.54867,0.0348583408543803
0.55006,0.00861728542365374
0.55036,-0.0170055839279985
0.54958,-0.041990644850407
0.54776,-0.0663072489667088
0.54492,-0.0899320502885675
0.5411,-0.112833977824659
0.53634,-0.134977093004144
0.53066,-0.156337789436526
0.52411,-0.176881346330243
0.51673,-0.19657288780943
0.50855,-0.215386203747752
0.49962,-0.233288442186477
0.48999,-0.250242723799531
0.47969,-0.266225132879193
0.46877,-0.281208491321861
0.45729,-0.295156753631714
0.44527,-0.308057686579154
0.43278,-0.319882026170772
0.41985,-0.330617557060733
0.40654,-0.340244351621179
0.39289,-0.348751984989057
0.37896,-0.35612356323462
0.36477,-0.362367385066576
0.3504,-0.367467836178741
0.33587,-0.371435163296633
0.32124,-0.374270940325012
0.30655,-0.37598482216393
0.29184,-0.376593021198612
0.27716,-0.376109494425817
0.26255,-0.374553663506776
0.24805,-0.371949072506809
0.2337,-0.368322175403328
0.21953,-0.363708653909829
0.20559,-0.35813605425695
0.1919,-0.351646951541836
0.17851,-0.344272822831343
0.16544,-0.336057622476368
0.15272,-0.327046845389911
0.14039,-0.317278645029769
0.12846,-0.306806413948252
0.11697,-0.295672184388588
0.10593,-0.283929831721181
0.095364,-0.271630896694409
0.0853,-0.258820587863151
0.075751,-0.245548741381008
0.066733,-0.231865196453565
0.058261,-0.217819005669314
0.050346,-0.20346001453015
0.042999,-0.188837134495199
0.036227,-0.173999914269551
0.030039,-0.158995333427635
0.024437,-0.143871923847687
0.019426,-0.12867563991935
0.015001,-0.113456198947891
0.011166,-0.09825802955925
0.0079098,-0.0831310005780643
0.005234,-0.0681182077668818
0.0031273,-0.0532653035329802
0.0015805,-0.0386168466529642
0.00058288,-0.0242160607143935
0.0001197,-0.0101065162768615
0.00018148,0.00367339174426071
0.00074371,0.0170797592429311
0.0017969,0.0300769312033997
0.0033185,0.0426276117916771
0.0052902,0.0546977341565353
0.0076849,0.0662506618923397
0.010486,0.0772568471725014
0.013668,0.0876870824074301
0.017201,0.0975103778733021
0.021066,0.106703606020676
0.025226,0.11523769132371
0.029666,0.123096211827137
0.034347,0.130256035382727
0.039244,0.136699982919579
0.04433,0.142415034863523
0.049574,0.147389291516623
0.054944,0.151611699619559
0.060411,0.155074753141207
0.065954,0.157780264306001
0.071531,0.159722312220929
0.077125,0.160907702804304
0.082703,0.161341788024018
0.088239,0.16103406891232
0.093706,0.159996664225755
0.09908,0.158245946515442
0.10434,0.155803729642409
0.10945,0.152684747874862
0.1144,0.148917043713625
0.11917,0.144531408287734
0.12372,0.139545379413242
0.12806,0.134002427735711
0.13214,0.127921488645651
0.13597,0.121345648161434
0.13951,0.114299370968022
0.14276,0.106821051500166
0.1457,0.0989444847132757
0.14832,0.0907062209352151
0.15061,0.0821440012957238
0.15254,0.0732806492574
0.15412,0.0641558241952662
0.15533,0.054799391751427
0.15616,0.0452397855386779
0.15661,0.0355107634285168
0.15666,0.0256345159619955
0.15631,0.0156379214572411
0.15555,0.0055433265585407
0.15437,-0.00463137683217385
0.15277,-0.0148651855784501
0.15073,-0.0251501591539825
0.14826,-0.0354671388838111
0.14534,-0.0458108424003121
0.14196,-0.0561801440396213
0.13813,-0.0665627359530126
0.13383,-0.076960019812751
0.12905,-0.0873772237527284
0.12379,-0.0978153341614311
0.11805,-0.108272079357704
0.11181,-0.118757582331766
0.10508,-0.129269666016047
0.09784,-0.139818631421155
0.090097,-0.150404732909761
0.081841,-0.161032814426004
0.073072,-0.171704001968886
0.063789,-0.182417229379031
0.05399,-0.193170512348124
0.043676,-0.203959032314404
0.03285,-0.214774397921286
0.021511,-0.225608574539985
0.0096687,-0.236446167454338
-0.0026741,-0.247271407964933
-0.015511,-0.258066029036603
-0.028832,-0.268807623429698
-0.042624,-0.27946880160574
-0.056878,-0.290021973848482
-0.07158,-0.300436490890119
-0.08671,-0.310675691373687
-0.10226,-0.320708003595788
-0.11819,-0.330483233233875
-0.1345,-0.339967199576471
-0.15116,-0.349117486455137
-0.16814,-0.357886322588224
-0.18542,-0.366230449688257
-0.20297,-0.374104188793632
-0.22076,-0.381461331971636
-0.23875,-0.388249300004183
-0.25692,-0.394426804393454
-0.27524,-0.399955626880939
-0.29366,-0.404786538527564
-0.31215,-0.408877825982291
-0.33068,-0.412195249955472
-0.34921,-0.414704442199992
-0.36769,-0.416364787239886
-0.3861,-0.417154239736933
-0.40438,-0.417037081749181
-0.4225,-0.415990063832913
-0.44041,-0.413986167360581
-0.45807,-0.411003804619617
-0.47545,-0.407034091422939
-0.49249,-0.40205679500188
-0.50916,-0.396065606699643
-0.52542,-0.389058556489369
-0.54121,-0.381022770003297
-0.5565,-0.371959423468454
-0.57124,-0.361866498214297
-0.58539,-0.350747140472331
-0.5989,-0.338601453227854
-0.61172,-0.325427335099633
-0.62381,-0.311228588889463
-0.63513,-0.296013895841284
-0.64564,-0.279795852615504
-0.65528,-0.262575282657623
-0.66402,-0.244365852430772
-0.67182,-0.225183980482782
-0.67864,-0.20504802022521
-0.68444,-0.183977531363409
-0.68919,-0.162000038301049
-0.69284,-0.139134062854952
-0.69539,-0.115427435612955
-0.69677,-0.0908986446431304
-0.69699,-0.0656012394055013
-0.69599,-0.0395638628536676
-0.69377,-0.0128386908044523
-0.6903,0.0145267303972556
-0.68556,0.0424824981237224
-0.67954,0.0709708173069754
-0.67221,0.0999439592882684
-0.66358,0.129334129694314
-0.65363,0.15908149957709
-0.64235,0.189127035989939
-0.62976,0.219391944850562
-0.61583,0.249820806749445
-0.60059,0.28033441547222
-0.58402,0.31087377248886
-0.56615,0.341361087105293
-0.54697,0.371735425611099
-0.52652,0.401914464356808
-0.50479,0.431838203872938
-0.48181,0.461437085081581
-0.45761,0.490636148879144
-0.43219,0.519380730378453
-0.40561,0.547590101208158
-0.37786,0.5752169454475
-0.34899,0.60219830026708
-0.31904,0.628468207333822
-0.28803,0.653975380033631
-0.256,0.678667495292883
-0.22299,0.702493361792048
-0.18905,0.725397238333071
-0.15421,0.747336559415646
-0.11852,0.768266300391491
-0.082025,0.788144930463783
-0.044777,0.80693023651434
-0.0068264,0.824582328234369
0.031773,0.841062293732362
0.070968,0.856334041769562
0.1107,0.870361267455774
0.1509,0.883101302132395
0.19152,0.89452353270865
0.23249,0.904592126932707
0.27375,0.913275906425821
0.31522,0.920533980968192
0.35683,0.926326595275759
0.39851,0.930616434933615
0.44019,0.933369615032062
0.4818,0.934556387444824
0.52324,0.934129407435866
0.56445,0.932058431246593
0.60533,0.928298665360031
0.64582,0.922824803388643
0.68582,0.91559878375142
0.72524,0.90658110854561
0.76401,0.895747389018837
0.80203,0.883064313701295
0.83922,0.868507486974789
0.87549,0.852053379426929
0.91075,0.833680209526163
0.94492,0.813375996394889
0.97792,0.791137396175582
1,0.759814584627178
1,0.705632601901969
1,0.634412082642867
1,0.551297692532976
1,0.46077824129216
1,0.366712952209161
1,0.272363091164444
1,0.180428083735908
1,0.0930852124070249
1,0.0120319812899923
1,-0.0614697423398885
1,-0.126548657118645
1,-0.182678814692467
1,-0.229634979782675
1,-0.267449197028929
1,-0.296369112011766
1,-0.316818505103778
1,-0.329360408224333
1,-0.334663088288359
1,-0.333469098873869
1,-0.326567524754686
1,-0.31476947349201
1,-0.298886804986739
1,-0.279714034228938
1,-0.258013294666945
1,-0.234502209674201
1,-0.209844487357287
1,-0.184643029117373
1,-0.159435324523275
1,-0.134690893659356
1,-0.110810532589243
1,-0.0881271172945443
1,-0.0669077257486293
1,-0.0473568460029697
0.96855,-0.0528874326754834
0.93153,-0.0826204870168109
0.89278,-0.132416885476103
0.85237,-0.198378885453074
0.81037,-0.276880425381566
0.76686,-0.364582453251258
0.7219,-0.45846480994733
0.67558,-0.555810908737512
0.62798,-0.654220786195653
0.57919,-0.75160178388755
0.5293,-0.846163148040559
0.47839,-0.936413471318157
0.42657,-1.02112308873426
0.37392,-1.09933276618223
0.32054,-1.17031776766844
0.26654,-1.23356094873387
0.21201,-1.28874832257138
0.15707,-1.33572344683897
0.1018,-1.37449834742139
0.04631,-1.40520600967714
-0.0092885,-1.42807970754537
-0.064894,-1.4434417953358
-0.1204,-1.45168073843933
-0.1757,-1.45323399068849
-0.2307,-1.44858153280215
-0.28527,-1.43820303148128
-0.33933,-1.4226062542638
-0.39277,-1.40228942405039
-0.44549,-1.37774008403552
-0.49738,-1.34941905846398
-0.54836,-1.31777723971231
-0.59831,-1.28321708982016
-0.64716,-1.2461289635507
-0.69479,-1.20684632027518
-0.74113,-1.16568469789756
-0.78609,-1.12292150709836
-0.82958,-1.07879527374938
-0.87152,-1.03351321331171
-0.91183,-0.987250583478395
-0.95044,-0.940158264799754
-0.98728,-0.892362022974756
-1,-0.827479576260064
-1,-0.741197014474677
-1,-0.640013157026566
-1,-0.529583664218151
-1,-0.414758170470506
-1,-0.299623637360945
-1,-0.187552863859279
-1,-0.0812570457371294
-1,0.0171587292169855
-1,0.106138135777351
-1,0.184615446832602
-1,0.251957505918728
-1,0.307906702188132
-1,0.352525712118232
-1,0.386144664743314
-1,0.409311276978216
-1,0.422744395827459
-1,0.427291277560248
-1,0.423888832416198
-1,0.413528968772067
-1,0.397228084213074
-1,0.376000673502397
-1,0.350836955579722
-1,0.322684363696854
-1,0.292432694609801
-1,0.260902674167948
-1,0.228837667266064
-1,0.196898239402051
-1,0.165659264348411
-1,0.135609266952111
-1,0.107151691025501
-1,0.080607788850784
-1,0.0562208401550975
-0.97634,0.0516652971041713
-0.94171,0.0713301260082269
-0.90575,0.111036000656017
-0.86856,0.16683941202178
-0.83021,0.235086767924132
-0.7908,0.31241154192373
-0.75042,0.395758975819558
-0.70916,0.482394798319245
-0.66711,0.569907693799645
-0.62438,0.656191349359805
-0.58105,0.739461779996092
-0.53722,0.818228220302406
-0.49301,0.891263889702536
-0.44849,0.957628779060141
-0.40378,1.0166076974195
-0.35897,1.0677144269339
-0.31416,1.11066000427391
-0.26945,1.1453296507235
-0.22494,1.17175965236561
-0.18072,1.19012201721996
-0.13689,1.20069346399979
-0.093555,1.203830952156
-0.050783,1.19998039338919
-0.0086831,1.18962299948775
0.032671,1.17328704951214
0.073186,1.1515147922812
0.11278,1.12485765274989
0.15139,1.09387700183952
0.18892,1.05910548546447
0.22531,1.02106700703268
0.2605,0.980265852336571
0.29442,0.93717051079189
0.327,0.892208466935941
0.35821,0.845792211843197
0.38799,0.798288454713214
0.41629,0.750023753203473
0.44308,0.701297203876046
0.46832,0.652368972532171
0.49198,0.603466673327859
0.51404,0.554791216385478
0.53448,0.506514724240024
0.55328,0.458779537734045
0.57044,0.411712947201752
0.58595,0.365417267775565
0.5998,0.319969902553928
0.61202,0.27545366098994
0.62259,0.23191455254985
0.63155,0.189410145929455
0.63891,0.147981759069112
0.64469,0.107662138942504
0.64892,0.0684819515833083
0.65164,0.0304751582646182
0.65288,-0.00633143648972949
0.65268,-0.0419115484548772
0.65109,-0.0762339720111605
0.64816,-0.109265635656027
0.64393,-0.140981436827408
0.63847,-0.171342315023209
0.63182,-0.200322254811972
0.62405,-0.227885280398493
0.61521,-0.254004104602186
0.60539,-0.278630505828161
0.59462,-0.301745911621388
0.58299,-0.323312615740956
0.57056,-0.343301488177315
0.55739,-0.361691859440114
0.54356,-0.378456392276611
0.52913,-0.393578612192611
0.51418,-0.407037138985955
0.49877,-0.418822660484379
0.48296,-0.428936482318866
0.46683,-0.43737426720625
0.45043,-0.444150019566495
0.43384,-0.449270530026785
0.41712,-0.452751907418017
0.40032,-0.454625226242696
0.38352,-0.454911072884795
0.36676,-0.453651029153037
0.3501,-0.450888085702655
0.33359,-0.446672968607347
0.3173,-0.441046795237651
0.30126,-0.434071666817278
0.28553,-0.425802963645326
0.27014,-0.416311521980198
0.25515,-0.405656678471827
0.24058,-0.393916564050515
0.22649,-0.381152812863739
0.21289,-0.367449061780356
0.19984,-0.35286739943835
0.18734,-0.337495134715087
0.17544,-0.321400435892279
0.16416,-0.304656198063337
0.15351,-0.287344318722649
0.14352,-0.269536693264679
0.13421,-0.251302304725141
0.12559,-0.232712973823719
0.11767,-0.213840498238116
0.11047,-0.194746925949661
0.10397,-0.175513924672813
0.098195,-0.156203062670029
0.093146,-0.136875325254399
0.088808,-0.117600917526529
0.085189,-0.098438075438919
0.082276,-0.0794488271627861
0.080065,-0.0606893960726204
0.078535,-0.0422218406716806
0.077684,-0.0240966531720919
0.07749,-0.0063678717529509
0.077936,0.0109133256225384
0.079006,0.0277007504360036
0.080673,0.0439459162646292
0.082922,0.059609233178309
0.085727,0.0746517865877627
0.089057,0.0890331259978568
0.092895,0.102723564631117
0.097205,0.115689399954532
0.10196,0.127901803549918
0.10713,0.139334969828814
0.11269,0.14997045245582
0.11859,0.159778264751195
0.12481,0.168742602864955
0.13131,0.176845214908598
0.13805,0.184066838696798
0.14499,0.190388363038324
0.15209,0.195791740859626
0.15932,0.200268079740861
0.16663,0.203801724983301
0.17398,0.206379775140394
0.18133,0.207992263991969
0.18863,0.20862482059747
0.19583,0.20826024389208
0.20291,0.206902019694429
0.20981,0.204540962869997
0.2165,0.201180418675516
0.22292,0.196811851448418
0.22904,0.191439836545033
0.23482,0.185072264866653
0.24022,0.177719749141716
0.24519,0.169387656966561
0.24971,0.160099388255036
0.25374,0.149877675586844
0.25725,0.138751701563924
0.2602,0.126747847076557
0.26257,0.113904467760111
0.26432,0.100253881943671
0.26545,0.0858523610676116
0.26592,0.0707444872366948
0.26571,0.0549790708567686
0.26482,0.0386218306811161
0.26323,0.0217355670705152
0.26091,0.00437161384892289
0.25788,-0.013392424304135
0.25411,-0.0314969275541295
0.24961,-0.0498689350449519
0.24437,-0.0684416611004453
0.23838,-0.0871553081517911
0.23167,-0.105927993636069
0.22422,-0.124699477877023
0.21604,-0.143406713586755
0.20714,-0.161986438095069
0.19753,-0.180377286937046
0.18723,-0.198514071592959
0.17624,-0.216345474375295
0.16457,-0.233825787616383
0.15225,-0.250900732343685
0.13929,-0.26752583629083
0.12571,-0.283658809402421
0.11152,-0.299268144722103
0.09676,-0.314310187372369
0.081438,-0.328756815486424
0.065583,-0.342578144519846
0.049212,-0.355753039197915
0.032355,-0.368258858716328
0.015039,-0.380075051249196
-0.002716,-0.391188939525723
-0.02088,-0.401587594598142
-0.039423,-0.411258671565535
-0.058325,-0.420198444044864
-0.077554,-0.428401769015043
-0.09708,-0.435864369259399
-0.11688,-0.442588324945638
-0.13691,-0.448565604256879
-0.15716,-0.453805706548459
-0.17759,-0.458310135772361
-0.19817,-0.462081598106954
-0.21886,-0.465116561669266
-0.23965,-0.467428986542433
-0.26049,-0.469017211546154
-0.28136,-0.469889423016046
-0.30222,-0.470046923768219
-0.32303,-0.469485601350662
-0.34378,-0.468219422460789
-0.36442,-0.466247122887556
-0.38491,-0.463562718200434
-0.40524,-0.460178870552037
-0.42535,-0.456086068567494
-0.44523,-0.451294251910067
-0.46483,-0.445799281203014
-0.48412,-0.439600649269932
-0.50307,-0.432700858337385
-0.52164,-0.425097443016848
-0.5398,-0.416791455330072
-0.55753,-0.407794210587287
-0.57478,-0.398102874506265
-0.59153,-0.387725519440942
-0.60775,-0.376671446023564
-0.6234,-0.364943349372097
-0.63846,-0.35255335356237
-0.65289,-0.339506100244698
-0.66668,-0.325822288856205
-0.67979,-0.31151285269938
-0.69219,-0.296587972253157
-0.70388,-0.281079139136543
-0.7148,-0.264989819535022
-0.72496,-0.248352549002678
-0.73433,-0.231192830948585
-0.74287,-0.213522402847727
-0.75059,-0.195378516913162
-0.75745,-0.176780972355532
-0.76345,-0.157764491273921
-0.76855,-0.138345236991293
-0.77275,-0.118553462451517
-0.77603,-0.0984150699193139
-0.77837,-0.077951646573849
-0.77976,-0.0571879846721298
-0.78019,-0.0361506561028909
-0.77964,-0.014859415031824
-0.77811,0.00665737612249283
-0.77557,0.0283875249951347
-0.77202,0.0503101943987253
-0.76745,0.0724057147043065
-0.76185,0.094656062203139
-0.75521,0.117045206207078
-0.74754,0.139544544236567
-0.73882,0.162138465097184
-0.72904,0.18481503853222
-0.71822,0.207543629886325
-0.70635,0.230301707294437
-0.69343,0.253066652979281
-0.67946,0.275816572592929
-0.66445,0.298523534635777
-0.64841,0.321155672343874
-0.63134,0.343686377131546
-0.61325,0.366086789772221
-0.59417,0.388312415103701
-0.5741,0.410329717733195
-0.55306,0.432100305260739
-0.53107,0.453583113977292
-0.50814,0.474743644656075
-0.48431,0.495531663920709
-0.45959,0.51590802321488
-0.43402,0.53582162130493
-0.40762,0.55522814116886
-0.38042,0.574082800707702
-0.35245,0.592341936717817
-0.32375,0.609956867253931
-0.29435,0.626883876361379
-0.2643,0.643069954472273
-0.23363,0.658471140297078
-0.20238,0.673044895017255
-0.1706,0.686743933769301
-0.13832,0.699533571921452
-0.1056,0.711368408225125
-0.072492,0.722201916020122
-0.039036,0.731997160046457
-0.0052865,0.740715597509786
0.028702,0.748318823649298
0.062879,0.754772932814045
0.097184,0.760041563884761
0.13157,0.764097739866672
0.16596,0.766900991864587
0.20033,0.768440656348929
0.23459,0.768681987894801
0.26869,0.767601740104879
0.30258,0.765186947394686
0.3362,0.761426286102015
0.36949,0.756310455687731
0.40239,0.749832416309061
0.43484,0.741987504603715
0.4668,0.732788244188802
0.4982,0.722238844915561
0.529,0.710359219995701
0.55913,0.697159532851418
0.58856,0.682671682964274
0.61722,0.666914924590287
0.64507,0.649920226395713
0.67208,0.631734778655999
0.69818,0.612388201892171
0.72334,0.591924892493531
0.74753,0.570400089924344
0.77069,0.547854211030842
0.7928,0.524344276339825
0.81381,0.499916997499377
0.83371,0.474639094923066
0.85245,0.448562011983887
0.87001,0.421745606312317
0.88637,0.394254799612169
0.9015,0.366149322883421
0.91537,0.337482943031774
0.92798,0.308325147184203
0.93929,0.278726415555924
0.9493,0.248749863419913
0.95799,0.218452012620528
0.96535,0.187889634131548
0.97136,0.157110437698697
0.97603,0.126175368124422
0.97935,0.0951392427807149
0.98131,0.0640500840423497
0.98192,0.0329635296371202
0.98117,0.00192465600444513
0.97907,-0.0290168235376428
0.97562,-0.0598166270911096
0.97083,-0.0904290899832124
0.96471,-0.120809108626901
0.95727,-0.150913693397067
0.94853,-0.180695770497074
0.9385,-0.210114083879822
0.9272,-0.239126234913274
0.91465,-0.267690499768593
0.90087,-0.295767274706416
0.88588,-0.323320186353879
0.8697,-0.350316903604166
0.85237,-0.37671489075279
0.83391,-0.402479763088022
0.81435,-0.427577677432547
0.79371,-0.451983979924333
0.77204,-0.475660348301662
0.74936,-0.498581087732458
0.72571,-0.520717009574518
0.70112,-0.542044714443218
0.67564,-0.562531724617974
0.6493,-0.582154308960229
0.62213,-0.600896825402668
0.59419,-0.618728789792139
0.56551,-0.635631137562092
0.53614,-0.651580102140925
0.50613,-0.666549128091153
0.47552,-0.680517868452592
0.44436,-0.693464478759274
0.4127,-0.705366834953343
0.3806,-0.716196114171958
0.34809,-0.725941371714832
0.31524,-0.734577113535131
0.28211,-0.742074506881489
0.24874,-0.74841788398228
0.2152,-0.753580724727508
0.18153,-0.757550954621805
0.1478,-0.760306578966372
0.11407,-0.761825879042483
0.080386,-0.76209857161264
0.046815,-0.761108622395992
0.013406,-0.758849383109827
-0.01978,-0.755313352456532
-0.052687,-0.750496512092186
-0.085263,-0.744400980338736
-0.11745,-0.737029586663475
-0.1492,-0.728393301475918
-0.18047,-0.718513303669195
-0.21119,-0.707398699146656
-0.24133,-0.695078402559768
-0.27084,-0.681581924477612
-0.29967,-0.66693864424452
-0.32778,-0.651184590606898
-0.35514,-0.634367709193409
-0.3817,-0.616529586258463
-0.40743,-0.597720432151938
-0.43229,-0.577988709300756
-0.45627,-0.557402373281237
-0.47932,-0.536013684471031
-0.50142,-0.513882984797076
-0.52256,-0.491082819976938
-0.5427,-0.467671333607687
-0.56184,-0.443722928741752
-0.57995,-0.419300749796786
-0.59703,-0.394479139564838
-0.61306,-0.369324433119625
-0.62804,-0.343909239088359
-0.64196,-0.318301566740765
-0.65482,-0.292570945820753
-0.66662,-0.266785894999841
-0.67736,-0.241011883109431
-0.68705,-0.215317137216921
-0.69569,-0.189762439669365
-0.70328,-0.164400470882788
-0.70985,-0.139297659512996
-0.7154,-0.114507055760602
-0.71994,-0.0900763871891836
-0.72349,-0.0660546732386184
-0.72605,-0.0424753303104984
-0.72765,-0.0193799360044576
-0.72831,0.0031924063289271
-0.72803,0.0252209624434408
-0.72684,0.046678723590046
-0.72475,0.0675496770210286
-0.7218,0.0878054393383571
-0.71798,0.107445895487596
-0.71334,0.126449849671256
-0.70787,0.144824531798906
-0.70162,0.162555984439373
-0.6946,0.179643560305527
-0.68684,0.19608297351166
-0.67835,0.211882300919067
-0.66915,0.227052350476495
-0.65928,0.241591406570525
-0.64876,0.255502805737242
-0.63761,0.268794151706917
-0.62585,0.281476556819404
-0.61351,0.293556522601476
-0.60062,0.305036883472886
-0.58719,0.315932430441712
-0.57327,0.326237799615544
-0.55887,0.335961258446115
-0.54401,0.345114588614527
-0.52874,0.353690040361465
-0.51307,0.36169401251016
-0.49703,0.369129444580937
-0.48065,0.375996504013613
-0.46396,0.382293197525687
-0.44699,0.388015909882706
-0.42976,0.393167271745874
-0.41231,0.397740149059323
-0.39465,0.401741968824882
-0.37683,0.405162172696633
-0.35886,0.408005615261186
-0.34078,0.410267306851723
-0.32261,0.411949293790769
-0.30437,0.413059287045423
-0.2861,0.413594619633607
-0.2678,0.413573956406499
-0.24952,0.412995731983808
-0.23126,0.41187913073586
-0.21306,0.410230004275812
-0.19493,0.408065514823998
-0.17689,0.405404109706118
-0.15896,0.402264799782697
-0.14115,0.398673947468745
-0.12349,0.394648346546418
-0.10598,0.390218797347634
-0.088641,0.385411013050588
-0.071487,0.380251058735183
-0.05453,0.374766007682663
-0.037779,0.368985170082071
-0.021245,0.3629373143557
-0.004943,0.356646946892183
0.011124,0.350143241535413
0.02694,0.343448613121221
0.042498,0.336585941774832
0.057789,0.329576235601725
0.0728,0.322435308264092
0.087524,0.315178623310024
0.10195,0.307817807110246
0.11606,0.300355715702924
0.12985,0.292798215037132
0.1433,0.28514141356437
0.1564,0.277380860648404
0.16913,0.269504188957335
0.18149,0.26150759180781
0.19344,0.253364520172529
0.20498,0.245060221885738
0.21609,0.236574916062501
0.22675,0.227885181592234
0.23694,0.218965186626765
0.24665,0.20979516014701
0.25585,0.200345899107657
0.26453,0.190596130360691
0.27267,0.18052413190244
0.28025,0.170108410859163
0.28726,0.159335657555372
0.29369,0.148199569431321
0.29951,0.136684944203109
0.30471,0.124784675972694
0.30929,0.112505855383035
0.31323,0.0998521440149743
0.31652,0.0868318434428429
0.31915,0.0734568729208456
0.32112,0.0597492431941058
0.32243,0.0457386120249843
0.32306,0.0314453105984911
0.32303,0.0169112587451802
0.32232,0.0021651358822978
0.32094,-0.0127535978493488
0.31889,-0.0278052328998691
0.31619,-0.0429361337923259
0.31284,-0.0580976830760437
0.30885,-0.0732392611704609
0.30423,-0.0883100719275148
0.299,-0.103253250771743
0.29318,-0.118008694322948
0.28678,-0.132522848510866
0.27983,-0.146734272328965
0.27235,-0.160584422405896
0.26436,-0.174018900407199
0.2559,-0.186973587193224
0.24698,-0.199400721962276
0.23765,-0.21123774968792
0.22794,-0.22242699038897
0.21787,-0.23292398616133
0.20749,-0.242674328695346
0.19683,-0.251632232965517
0.18592,-0.259760502618559
0.1748,-0.267022900375247
0.16352,-0.273377976186082
0.15211,-0.278796411903596
0.1406,-0.283259899698481
0.12905,-0.286737767554608
0.11749,-0.289212822175721
0.10596,-0.290672234430764
0.094502,-0.291105992896519
0.083153,-0.290510746692856
0.071952,-0.288887537165531
0.060939,-0.286240577041264
0.050148,-0.282581339322748
0.039621,-0.277921286595322
0.029385,-0.272282996468464
0.019478,-0.265689584600613
0.0099286,-0.258171225484262
0.00076855,-0.249760910169204
-0.0079767,-0.240497911031253
-0.016279,-0.230423720243192
-0.024118,-0.219586448886702
-0.031471,-0.208036657235434
-0.03832,-0.195829107005013
-0.04465,-0.183022767936959
-0.050443,-0.16967623666736
-0.055693,-0.155855107124198
-0.060385,-0.141622158064575
-0.06452,-0.127047968108761
-0.06809,-0.11220074010488
-0.071094,-0.097149956470734
-0.073535,-0.0819670332773501
-0.075413,-0.0667205841225901
-0.076738,-0.0514822547449952
-0.077511,-0.0363172606940498
-0.077749,-0.0212953860002907
-0.07746,-0.00648121123789218
-0.076658,0.00806255902128851
-0.075359,0.0222753499353707
-0.073576,0.036102584491543
-0.071334,0.0494875695089602
-0.068644,0.0623842540495881
-0.065531,0.0747465399863582
-0.062014,0.086534468651226
-0.058114,0.0977131337808026
-0.053854,0.108251676206303
-0.049255,0.118125323702922
-0.044339,0.127314652257417
-0.039132,0.135802623009945
-0.033652,0.143580993029184
-0.027925,0.150643404789423
-0.021969,0.156991582365338
-0.015809,0.162628999081302
-0.009465,0.167564578386945
-0.0029546,0.171813584724136
0.0036934,0.175388089552499
0.010469,0.178311524893755
0.017347,0.180604941111551
0.024311,0.18229371098482
0.031342,0.183404353127577
0.038424,0.183966050758601
0.04554,0.184008814467536
0.052672,0.183561946201292
0.05981,0.182659443047299
0.066937,0.181333106904402
0.074039,0.179614413303751
0.081103,0.17753451551608
0.088116,0.175123489180677
0.095071,0.172414164475103
0.10195,0.169432547272025
0.10875,0.166209482553216
0.11545,0.162765501724878
0.12205,0.159127703805881
0.12854,0.155320249944095
0.1349,0.151356767034376
0.14114,0.147264068010757
0.14724,0.14305654819861
0.15318,0.138738050125532
0.15897,0.134325815596151
0.16459,0.129825073312453
0.17004,0.125245852973353
0.1753,0.120586826481235
0.18036,0.115844768027938
0.18523,0.11102963049079
0.18988,0.106131994891295
0.19431,0.10114911384061
0.19851,0.0960761502922128
0.20248,0.0909139809712953
0.2062,0.0856531613745423
0.20967,0.0802908613253386
0.21289,0.0748295631146068
0.21584,0.0692610974473293
0.21852,0.0635836402905638
0.22093,0.0578004636423997
0.22306,0.0519114144339077
0.2249,0.0459135340911353
0.22646,0.0398164251898956
0.22774,0.0336321348083744
0.22873,0.0273669427888396
0.22943,0.0210296764307762
0.22984,0.0146309447053299
0.22996,0.00818247445185541
0.2298,0.00170394143099815
0.22936,-0.00478652288772607
0.22863,-0.0112799519350611
0.22761,-0.0177676742304063
0.22632,-0.0242267668670455
0.22475,-0.0306456767756037
0.22291,-0.0370076025585094
0.22078,-0.0433142318619215
0.21838,-0.0495526312282493
0.21571,-0.0557133138785896
0.21276,-0.0617973120182285
0.20955,-0.0677920262853496
0.20606,-0.0737038837989309
0.2023,-0.0795323953543938
0.19826,-0.0852864073476814
0.19396,-0.090959966810192
0.18939,-0.0965576166804712
0.18454,-0.102092318147051
0.17943,-0.107561370389729
0.17404,-0.112979166740594
0.16837,-0.118358770568202
0.16243,-0.12370449187142
0.1562,-0.129035698382524
0.14969,-0.13436123310389
0.14289,-0.139696038635099
0.13581,-0.145044797166612
0.12843,-0.150425981194624
0.12075,-0.15585389560378
0.11277,-0.161339098148354
0.10449,-0.166888818385126
0.095897,-0.172516987018528
0.087003,-0.178224035643218
0.077796,-0.184017197803862
0.068279,-0.189897845264747
0.058452,-0.195864746290106
0.048314,-0.201915276451978
0.037867,-0.208043473986913
0.02711,-0.214243000010492
0.016048,-0.22050288259826
0.0046822,-0.226811460610246
-0.006981,-0.2331529307311
-0.018937,-0.239509857990357
-0.031179,-0.245862293061097
-0.043701,-0.25218935742436
-0.056494,-0.258467748111928
-0.069552,-0.264675047673687
-0.082863,-0.27078572776064
-0.096418,-0.276774679873719
-0.11021,-0.282619326092274
-0.12422,-0.288290916183237
-0.13845,-0.293772094179577
-0.15288,-0.299038974841712
-0.16749,-0.304063148703715
-0.18227,-0.308820814880062
-0.19721,-0.313292640639691
-0.21228,-0.317448753355871
-0.22748,-0.321273903716877
-0.24278,-0.324743001561375
-0.25815,-0.327823846088897
-0.27359,-0.330501698593498
-0.28906,-0.332746876866747
-0.30453,-0.334526007553098
-0.32,-0.335825983880918
-0.33542,-0.336613598519206
-0.35077,-0.336862700207937
-0.36602,-0.3365463129918
-0.38114,-0.3356377135341
-0.39611,-0.334118696569166
-0.41089,-0.331963836377837
-0.42544,-0.329142780124876
-0.43975,-0.325644411655276
-0.45376,-0.321436669510433
-0.46745,-0.316501266880168
-0.48079,-0.310824338090648
-0.49373,-0.304381397977034
-0.50624,-0.297155070979038
-0.51828,-0.289127005194253
-0.52981,-0.280278778644448
-0.5408,-0.270600026128007
-0.5512,-0.260072592502911
-0.56098,-0.248687542098111
-0.57009,-0.23642903945087
-0.57851,-0.223298515360954
-0.58619,-0.2092893191156
-0.59309,-0.194396074680641
-0.59918,-0.178622174192448
-0.60442,-0.161970794024227
-0.60878,-0.144452443557128
-0.61223,-0.126083452532487
-0.61473,-0.106877192241559
-0.61625,-0.0868518476456025
-0.61677,-0.066036538611315
-0.61625,-0.0444537668111726
-0.61469,-0.0221497959570037
-0.61204,0.000848063904886859
-0.60831,0.0244840629794763
-0.60346,0.0487179355717221
-0.59748,0.0735007614503705
-0.59037,0.0987705630395519
-0.58211,0.124471305686485
-0.5727,0.150538508520052
-0.56215,0.176895296153099
-0.55044,0.20347915293033
-0.5376,0.230203987314504
-0.52362,0.256996768392299
-0.50852,0.283774980155432
-0.49231,0.310458324290424
-0.47502,0.336955939829354
-0.45666,0.363185996734573
-0.43726,0.389061709258815
-0.41685,0.414495022022198
-0.39546,0.439399644672513
-0.37313,0.46368608925335
-0.34989,0.487272577349164
-0.32578,0.510078872137898
-0.30085,0.532021295708146
-0.27513,0.553031012313706
-0.24868,0.573031423284646
-0.22155,0.591949748141479
-0.19378,0.609726270334864
-0.16544,0.626291882484055
-0.13657,0.641594613677036
-0.10723,0.655583591265463
-0.077492,0.668202005010393
-0.047404,0.67940820492772
-0.017029,0.689163466451361
0.013574,0.697436103772615
0.044337,0.704194973627085
0.075201,0.709417521171156
0.1061,0.71308419010182
0.13698,0.715187874102836
0.16777,0.715719741372202
0.19841,0.714678534602508
0.22883,0.712062304880592
0.25898,0.707883925206234
0.28879,0.702153595987248
0.3182,0.694886967344197
0.34715,0.68610410784741
0.37559,0.675835921104297
0.40344,0.664099413796557
0.43067,0.650937247311593
0.4572,0.636374952680036
0.483,0.620460813947501
0.508,0.603230817079649
0.53215,0.584725053949195
0.55541,0.564993395258681
0.57773,0.544084986037416
0.59906,0.522047155277037
0.61937,0.49893933508279
0.63861,0.474814347161114
0.65675,0.44973303848825
0.67374,0.423746244194582
0.68957,0.396924850930455
0.70419,0.369324308468418
0.71759,0.341015562732571
0.72972,0.312050378800643
0.74059,0.282507819203032
0.75016,0.252449614707126
0.75841,0.221936386205231
0.76535,0.191048108338028
0.77095,0.159848313296956
0.77522,0.128414808097089
0.77815,0.0968196576941035
0.77973,0.0651279686070006
0.77997,0.0334118492785264
0.77888,0.00174667108142309
0.77646,-0.0297994407261142
0.77273,-0.0611517234369283
0.76769,-0.0922473635677431
0.76138,-0.123005807030938
0.75379,-0.15337186820541
0.74497,-0.183268476808423
0.73492,-0.212640530407383
0.72367,-0.241430511506244
0.71125,-0.269581101305836
0.6977,-0.297029880471047
0.68303,-0.323734775912409
0.66729,-0.349642278677334
0.6505,-0.374713897232283
0.6327,-0.398910103132645
0.61393,-0.422192206304366
0.59422,-0.444531227613803
0.57362,-0.465892600132084
0.55216,-0.486253553441648
0.5299,-0.505579821653432
0.50687,-0.523851526658532
0.48312,-0.54104667045399
0.4587,-0.55714266326829
0.43365,-0.572124944478668
0.40804,-0.585964118939478
0.38191,-0.598642265822704
0.35532,-0.610136847198567
0.32831,-0.62043743352862
0.30095,-0.629521875442093
0.2733,-0.637366965791274
0.2454,-0.643964437332945
0.21732,-0.649296484438146
0.18911,-0.653353248483243
0.16084,-0.656117101749721
0.13256,-0.657579752174144
0.10433,-0.657733587464039
0.076206,-0.656575027118476
0.048243,-0.654104887261656
0.020503,-0.650322629621074
-0.0069673,-0.645238237841629
-0.034104,-0.638857463623549
-0.060858,-0.631193693324796
-0.087177,-0.622263980790805
-0.11301,-0.612089065440524
-0.1383,-0.600687868012476
-0.16301,-0.588092306391396
-0.18708,-0.574327074463651
-0.21047,-0.559425307576928
-0.23314,-0.543426170326562
-0.25504,-0.526365337119353
-0.27613,-0.508282170148544
-0.29638,-0.489225380047666
-0.31575,-0.469242530700187
-0.33421,-0.448386373190294
-0.35173,-0.426712388715225
-0.36827,-0.404269309178223
-0.38383,-0.381128600206306
-0.39837,-0.357348442364031
-0.41187,-0.332989388008973
-0.42433,-0.308126881128038
-0.43573,-0.28283135661907
-0.44606,-0.257174486995196
-0.45532,-0.231234147931329
-0.4635,-0.205083437528782
-0.4706,-0.178796708267747
-0.47664,-0.152461762494769
-0.48161,-0.126152329508203
-0.48553,-0.0999505906935985
-0.48841,-0.0739354990886484
-0.49027,-0.0481882179858073
-0.49113,-0.022789024852852
-0.49101,0.00218518507184778
-0.48992,0.0266702475081887
-0.48792,0.0505775789568327
-0.485,0.0738536305796322
-0.48122,0.0964233733026415
-0.47661,0.118219278395518
-0.47118,0.139197088430762
-0.465,0.159288775723892
-0.45808,0.17845399365632
-0.45047,0.196646866646779
-0.4422,0.213833748268649
-0.43333,0.22997022226296
-0.42388,0.245034604142501
-0.41389,0.259009970033153
-0.40342,0.271869537208903
-0.39249,0.283609482853025
-0.38116,0.294215610625362
-0.36945,0.303695899959968
-0.35741,0.312054365645173
-0.34508,0.319299646780738
-0.3325,0.325444372218808
-0.3197,0.330511908657331
-0.30673,0.334519298047334
-0.29363,0.337485814012613
-0.28042,0.339447155736428
-0.26715,0.340429451477764
-0.25386,0.340458095080608
-0.24057,0.33957223813576
-0.22733,0.337799101920189
-0.21417,0.335170523369736
-0.20112,0.331721340028148
-0.18821,0.327487983405469
-0.17547,0.322507273743806
-0.16293,0.316815407039345
-0.15062,0.310447123372286
-0.13857,0.303435044155351
-0.1268,0.295816562908143
-0.11532,0.287639258185272
-0.10418,0.278927992438113
-0.09338,0.269725516543241
-0.082947,0.26006776288013
-0.072899,0.249990722696076
-0.063253,0.239530048322546
-0.054021,0.228723685281742
-0.045223,0.217604305460929
-0.036869,0.206206642765507
-0.028967,0.194567423449725
-0.021532,0.182718593661354
-0.014567,0.170696026271685
-0.0080806,0.158533411093946
-0.0020756,0.146265812186274
0.0034453,0.133928276021118
0.0084822,0.1215567013669
0.013039,0.109189252361438
0.017119,0.0968641796327201
0.020728,0.0846203484108705
0.023879,0.0725011180242967
0.026581,0.060549063648852
0.028849,0.0488091311692298
0.030696,0.0373251919700131
0.032145,0.0261461606305032
0.033213,0.0153189530407373
0.033926,0.00489394731888253
0.034304,-0.00508181015441517
0.034378,-0.0145574319719333
0.034173,-0.0234850922630859
0.033716,-0.0318196050108424
0.033042,-0.0395135903296219
0.032181,-0.0465232577154591
0.031162,-0.0528100243211491
0.030024,-0.0583335576756502
0.028798,-0.0630595298778661
0.027516,-0.0669590585125968
0.026218,-0.0700029405361742
0.024933,-0.0721710625063598
0.0237,-0.0734442136960527
0.022551,-0.0738100310172597
0.02152,-0.0732609459628241
0.020639,-0.0717953527851064
0.019939,-0.0694176405542915
0.019453,-0.0661358261556634
0.019206,-0.0619669264638991
0.01923,-0.0569299368378989
0.019546,-0.0510534063143601
0.020183,-0.0443672125536122
0.021158,-0.0369106579789922
0.022494,-0.0287254029783786
0.024209,-0.0198578079050637
0.026315,-0.0103613985108824
0.028827,-0.00029197221925565
0.031753,0.0102890505768963
0.035105,0.0213202509032221
0.038885,0.0327344342749656
0.043094,0.0444608237581414
0.047734,0.0564284414871971
0.052799,0.0685622274951201
0.058283,0.0807859770351577
0.06418,0.0930247798479991
0.070471,0.105197379686288
0.077146,0.117226490047966
0.084186,0.129033731516432
0.09157,0.14054079571675
0.099274,0.151669675302305
0.10727,0.162342133722571
0.11554,0.172489670133426
0.12405,0.182042101155649
0.13276,0.190925820693586
0.14165,0.199081732637107
0.15067,0.206442369626766
0.1598,0.212958061224822
0.16899,0.218573199783052
0.17821,0.223244255066806
0.18742,0.226931795018643
0.19658,0.229601347742504
0.20565,0.231223961267796
0.21459,0.23177650285184
0.22337,0.231249135555051
0.23193,0.229621399857091
0.24026,0.226902357085704
0.24829,0.2230808009742
0.25599,0.218159584005597
0.26333,0.212153300956966
0.27026,0.205071305583174
0.27675,0.196933706437126
0.28275,0.187754357821054
0.28823,0.177556860357834
0.29314,0.166357582002898
0.29746,0.154189107226962
0.30115,0.141081705480889
0.30417,0.127063214338986
0.30648,0.112158963776812
0.30806,0.0964065367988638
0.30887,0.0798377377387505
0.30888,0.0624863659186429
0.30806,0.0443869982471284
0.3064,0.0255887555295984
0.30386,0.00612901762319297
0.30042,-0.0139505102679121
0.29606,-0.0346057870206652
0.29077,-0.0557847247807703
0.28454,-0.0774302113478983
0.27735,-0.0994900977490225
0.26921,-0.121895565536349
0.2601,-0.14458852638942
0.25002,-0.167506479926074
0.239,-0.19056305795399
0.22702,-0.213692149280455
0.21411,-0.236809014595031
0.20028,-0.259831238005091
0.18556,-0.282665994747857
0.16996,-0.305229680474235
0.15352,-0.327426551208916
0.13626,-0.349168839661629
0.11824,-0.370348416233828
0.099481,-0.390872936486285
0.080031,-0.410645790630335
0.059943,-0.429566366457828
0.039259,-0.447542226858384
0.018035,-0.464480257348683
-0.003673,-0.480289934566128
-0.025807,-0.494884438650114
-0.048306,-0.508180738246574
-0.071112,-0.520104019976894
-0.094158,-0.530582188441323
-0.11738,-0.539550249957536
-0.14071,-0.546948490740356
-0.16408,-0.552723833195271
-0.18742,-0.556829275568666
-0.21067,-0.559232153709617
-0.23375,-0.559898231418852
-0.25659,-0.558801086603662
-0.27913,-0.555929450894347
-0.30129,-0.551270524755173
-0.32299,-0.544811327500387
-0.34418,-0.536561940847025
-0.36478,-0.526529242557306
-0.38473,-0.514732764628621
-0.40395,-0.501187515363659
-0.42238,-0.485919789078223
-0.43997,-0.468972176745518
-0.45663,-0.450370160198346
-0.47232,-0.430162138421818
-0.48698,-0.40839927316242
-0.50055,-0.385133923224345
-0.51299,-0.360433087811076
-0.52424,-0.334359226959425
-0.53426,-0.306984449455581
-0.543,-0.278379451290086
-0.55043,-0.24862677193626
-0.55651,-0.217808930952688
-0.56122,-0.186021004111432
-0.56452,-0.153350794930829
-0.56639,-0.119892567166958
-0.56682,-0.0857504932887126
-0.56577,-0.0510115420046102
-0.56326,-0.0157905798868533
-0.55926,0.0198154036035677
-0.55379,0.0556898110411067
-0.54683,0.0917333508164522
-0.5384,0.127834219920439
-0.52851,0.163881423573765
-0.51717,0.199768131138481
-0.50442,0.23537212708031
-0.49026,0.270592262504541
-0.47474,0.305310765764239
-0.45789,0.339415104321457
-0.43975,0.37279330750374
-0.42036,0.405337615319452
-0.39977,0.436939945097271
-0.37805,0.467480872564615
-0.35522,0.496872839483279
-0.33138,0.524998033756598
-0.30657,0.551762666430216
-0.28086,0.577073543786132
-0.25434,0.600826586881159
-0.22706,0.622942238857803
-0.19912,0.643326814585295
-0.17058,0.661908287393498
-0.14154,0.678605401769629
-0.11207,0.693354790870323
-0.082273,0.706085765357806
-0.052224,0.716745291406321
-0.022015,0.725284371361966
0.0082596,0.731657748540214
0.038517,0.735833903441812
0.068659,0.73778276300814
0.098598,0.737484958638273
0.12825,0.734933801831888
0.15751,0.730118320250294
0.18631,0.723052551324103
0.21455,0.713747431904574
0.24215,0.702226636885743
0.26904,0.688531566754774
0.29513,0.672702673014577
0.32035,0.654793954541858
0.34462,0.634862036242591
0.36788,0.612979424036839
0.39006,0.589222523686882
0.41111,0.563684005812267
0.43096,0.536452694142707
0.44956,0.507626961704834
0.46687,0.477317807055046
0.48285,0.445643542928597
0.49746,0.41272525118556
0.51066,0.378682964309088
0.52243,0.34364732437562
0.53275,0.307753839451084
0.5416,0.271138056686676
0.54896,0.233931591659079
0.55484,0.19628114328968
0.55922,0.158318986317644
0.56212,0.120191267448573
0.56354,0.0820360109403384
0.56348,0.0439803327444348
0.56198,0.00616799876985178
0.55905,-0.0312706110301831
0.55471,-0.0682128270977536
0.549,-0.104531571777885
0.54195,-0.140107927327492
0.53359,-0.174833690116273
0.52397,-0.208598391461469
0.51313,-0.241301101920355
0.50112,-0.272844919560889
0.48798,-0.303147229716625
0.47378,-0.332118025413339
0.45857,-0.359679600461842
0.4424,-0.38576730560114
0.42534,-0.410315025985389
0.40745,-0.433265685116767
0.38879,-0.454572059932005
0.36943,-0.474189767500439
0.34944,-0.492078906283725
0.32889,-0.508205229353429
0.30783,-0.522555707306901
0.28636,-0.535098718371276
0.26453,-0.545826359159494
0.24241,-0.554736119093815
0.22008,-0.561823333006663
0.19761,-0.567089892558858
0.17507,-0.570543652440282
0.15252,-0.572205151452316
0.13004,-0.572090468020983
0.10768,-0.570234447810765
0.08552,-0.566664511687129
0.063619,-0.561417404161397
0.042037,-0.55453612282306
0.020835,-0.546067233201847
7.3611e-05,-0.536059585013721
-0.020198,-0.52457134012438
-0.039924,-0.51166195004643
-0.059055,-0.497395299577421
-0.077546,-0.481840550705001
-0.095351,-0.465068647941361
-0.11243,-0.447154579132147
-0.12875,-0.428179780388077
-0.14427,-0.40822276254235
-0.15896,-0.387365630434602
-0.17281,-0.365705852066463
-0.18577,-0.343320925055031
-0.19783,-0.320299527305561
-0.20897,-0.296729302687645
-0.21918,-0.272701799417856
-0.22844,-0.248301514061262
-0.23676,-0.22362678839683
-0.24411,-0.1987544833704
-0.2505,-0.17377119091781
-0.25593,-0.148761122575688
-0.2604,-0.123803783870342
-0.26392,-0.0989795893924443
-0.26649,-0.0743595487638124
-0.26813,-0.0500193649317312
-0.26885,-0.026028472630409
-0.26866,-0.0024487495952568
-0.26759,0.020651547078902
-0.26565,0.0432163014357518
-0.26285,0.0652013668535836
-0.25924,0.0865445380503065
-0.25483,0.107200971419425
-0.24964,0.127134298215592
-0.24372,0.146294450512634
-0.23708,0.164651898292633
-0.22975,0.182180326700692
-0.22177,0.198849979144182
-0.21318,0.214629749003601
-0.204,0.229503669373877
-0.19427,0.243454213851916
-0.18404,0.256456251545693
-0.17334,0.268494527622779
-0.16221,0.279555287499481
-0.15071,0.289612069870055
-0.13885,0.298666332113475
-0.12671,0.306690701193556
-0.11432,0.313672708871154
-0.10174,0.319590457843895
-0.089,0.324437620192412
-0.076164,0.328195833178103
-0.063286,0.3308452867635
-0.050411,0.332372532468282
-0.037593,0.332763291714857
-0.024886,0.332003327665868
-0.012343,0.330079872812286
-1.8895e-05,0.326980589028113
0.012037,0.322698236999518
0.02377,0.317226200196079
0.035133,0.310564429721269
0.046068,0.302710389563257
0.056536,0.293673920954377
0.06648,0.283461524008988
0.075857,0.272087427355441
0.084626,0.259573416059397
0.092737,0.245940345138753
0.10016,0.231222749683802
0.10684,0.215446959128956
0.11275,0.198652840756412
0.11786,0.180888019039886
0.12214,0.162205212748992
0.12556,0.142659923191277
0.12808,0.122301061371181
0.12971,0.101207902496164
0.1304,0.0794376973649328
0.13015,0.057065333548717
0.12896,0.0341778212935197
0.1268,0.0108473159950762
0.12368,-0.0128385193319032
0.1196,-0.0367894682598272
0.11456,-0.0609159077793183
0.10857,-0.0851239801578186
0.10164,-0.109319251156895
0.093789,-0.133403058136742
0.085031,-0.157280072324968
0.075393,-0.180851036069579
0.064893,-0.204023323004133
0.053571,-0.226696386902921
0.041453,-0.248776898090088
0.028581,-0.270168599314405
0.01499,-0.290781248983175
0.00072508,-0.310525068615622
-0.014162,-0.329308794786872
-0.02963,-0.347050888226661
-0.045622,-0.363668960099497
-0.062086,-0.379086524779013
-0.078961,-0.393228004462945
-0.096197,-0.406029481991349
-0.11372,-0.417421185519551
-0.13148,-0.427349025171634
-0.14942,-0.435768619237378
-0.16745,-0.442620995523875
-0.18553,-0.447874753744356
-0.20359,-0.451500157199373
-0.22156,-0.453470387447503
-0.23936,-0.453755051233379
-0.25696,-0.452359391392847
-0.27426,-0.449266196553926
-0.29122,-0.444485678542128
-0.30777,-0.438028358190155
-0.32384,-0.429905359406616
-0.33938,-0.420143373343673
-0.35432,-0.408766689928048
-0.36862,-0.395819714811331
-0.3822,-0.381332774862071
-0.39503,-0.365361434600845
-0.40705,-0.347958311762524
-0.41822,-0.329187370973805
-0.42847,-0.309098106452384
-0.43779,-0.287771614241957
-0.44611,-0.265268102882352
-0.45342,-0.241673828985756
-0.45967,-0.217064232570052
-0.46483,-0.191518827885864
-0.46887,-0.165118243365375
-0.47177,-0.137949152620947
-0.47352,-0.110108045969361
-0.47409,-0.0816817812230281
-0.47347,-0.052761685971965
-0.47164,-0.0234325648027
-0.46861,0.00620645096748366
-0.46436,0.0360698857274382
-0.45889,0.06607118214683
-0.45222,0.0961108919301145
-0.44434,0.126104498585338
-0.43526,0.155967512736157
-0.42501,0.185603492911245
-0.41358,0.214939097941027
-0.401,0.243892603632374
-0.3873,0.272378352209339
-0.3725,0.300317843382731
-0.35663,0.327633714527031
-0.33972,0.35425227329515
-0.3218,0.380105456377274
-0.30291,0.405124876779472
-0.2831,0.429237036291904
-0.2624,0.452381786462541
-0.24086,0.474497283996833
-0.21853,0.49552270350276
-0.19546,0.515400390508014
-0.1717,0.534077511343869
-0.14729,0.551514653707618
-0.1223,0.567662822714827
-0.096793,0.582472495161943
-0.07081,0.595912006215382
-0.044415,0.60794862071969
-0.017675,0.618548083613926
0.0093576,0.627687289608409
0.036616,0.63534274006223
0.064041,0.641497501686348
0.091567,0.646136266029446
0.11914,0.649254615757945
0.14668,0.650838375300551
0.17414,0.650890826855783
0.20146,0.649420146907666
0.22857,0.646431348486364
0.25542,0.641942019528943
0.28194,0.635965063573157
0.30809,0.62853185821503
0.3338,0.619666031259089
0.35903,0.609406865517626
0.38372,0.597790736070042
0.40783,0.584865770924135
0.43131,0.570681132130293
0.45411,0.555285702617149
0.47621,0.538749178137376
0.49755,0.52112671586424
0.51811,0.502489938461621
0.53786,0.482914468003588
0.55675,0.462462335224837
0.57477,0.441212473445651
0.59189,0.419240438263839
0.60808,0.396616900839707
0.62331,0.37340650640265
0.63758,0.349689256609844
0.65087,0.325540337752201
0.66314,0.301013951106882
0.67441,0.276189948543183
0.68463,0.251114581126519
0.69381,0.225849735684154
0.70193,0.20044562281389
0.70898,0.174948641377239
0.71496,0.149407799926856
0.71985,0.123857630715048
0.72365,0.0983343700339876
0.72634,0.0728593659391861
0.72792,0.0474556774273877
0.72839,0.0221466263292206
0.72773,-0.0030601522145099
0.72594,-0.0281555652771704
0.72302,-0.0531300564573158
0.71896,-0.0779817885403662
0.71375,-0.102715623623066
0.70739,-0.127334711794639
0.69988,-0.151841122676327
0.69121,-0.176243747873374
0.68139,-0.20054227875786
0.67041,-0.22474408694676
0.65827,-0.248855417706118
0.64497,-0.272881697185908
0.63053,-0.296812980140492
0.61494,-0.320649571765068
0.5982,-0.344392815923035
0.58033,-0.368030239814003
0.56134,-0.391546104820795
0.54124,-0.414922583530501
0.52004,-0.438140760961473
0.49776,-0.461174073725389
0.47443,-0.483983216668062
0.45005,-0.506541953264093
0.42466,-0.528805821564107
0.39827,-0.550739169367042
0.37093,-0.572284951675706
0.34265,-0.593400125628652
0.31349,-0.614017267247695
0.28346,-0.634088250164261
0.25261,-0.653552411221094
0.22098,-0.672348227100502
0.18861,-0.690415369622557
0.15555,-0.707688962231604
0.12185,-0.724102487816756
0.087561,-0.739589457660665
0.052732,-0.754087001245275
0.017419,-0.76753203656398
-0.018318,-0.779860430540602
-0.054423,-0.791012285370603
-0.090828,-0.800924274618965
-0.12747,-0.809536144035764
-0.16429,-0.816795147805941
-0.20121,-0.822642435425008
-0.23817,-0.82702961287828
-0.2751,-0.829911120926321
-0.31191,-0.831230629377483
-0.34854,-0.830947326804294
-0.38491,-0.829019732506911
-0.42096,-0.825422260324721
-0.45659,-0.820113777613583
-0.49173,-0.813064426237134
-0.52631,-0.804254748994225
-0.56024,-0.793659923163396
-0.59345,-0.781266761424701
-0.62586,-0.767064909721073
-0.65739,-0.751047061516471
-0.68796,-0.733209028852529
-0.71751,-0.713564491726115
-0.74594,-0.692112026237594
-0.77319,-0.668868057915823
-0.79918,-0.643848552380093
-0.82384,-0.617076434944105
-0.8471,-0.588579961326785
-0.8689,-0.558398633204664
-0.88917,-0.52657285053943
-0.90784,-0.49314290402087
-0.92486,-0.458162914207541
-0.94018,-0.42169688190901
-0.95373,-0.383800418679949
-0.96547,-0.344543167893383
-0.97535,-0.303996881611902
-0.98335,-0.262255303421212
-0.9894,-0.219390409397821
-0.99348,-0.175491604279537
-0.99556,-0.130652430370649
-0.99562,-0.0849745018701098
-0.99364,-0.0385630217209091
-0.9896,0.00847697701907126
-0.98349,0.0560363164456175
-0.97531,0.103998355361003
-0.96505,0.152251349149366
-0.95272,0.200676149371047
-0.93833,0.249151323246333
-0.92189,0.297557384639019
-0.90342,0.345772807636956
-0.88295,0.393670911504182
-0.8605,0.441132317226055
-0.83611,0.488032654160385
-0.80982,0.534247612917367
-0.78167,0.579657050792285
-0.75171,0.624140834271744
-0.71998,0.667590315666742
-0.68656,0.709880333987056
-0.6515,0.750898866646882
-0.61486,0.790541026350846
-0.57672,0.828696670567344
-0.53715,0.865262750931079
-0.49624,0.900130903216614
-0.45405,0.933214575717143
-0.4107,0.96440377410994
-0.36627,0.993603151806658
-0.32084,1.02073274747826
-0.27453,1.04569861082982
-0.22744,1.06841385546874
-0.17968,1.08879324346601
-0.13134,1.10677096837633
-0.082559,1.12226344861433
-0.033435,1.1352063486345
0.015908,1.14553434986961
0.065357,1.15319223003101
0.11479,1.15812872090946
0.16409,1.16030179203739
0.21313,1.15967155206369
0.2618,1.15621441592442
0.30998,1.14991410633347
0.35755,1.14076157796909
0.4044,1.1287621256379
0.4504,1.11391851088262
0.49546,1.09626175732761
0.53946,1.07582342179406
0.5823,1.05265016088469
0.62388,1.02680022464612
0.6641,0.998340268613694
0.70286,0.967342494454429
0.74008,0.93389691901639
0.77568,0.898105939027794
0.80956,0.860064759770142
0.84166,0.819890092833985
0.87192,0.77771306506227
0.90025,0.733650863000417
0.9266,0.68783591248924
0.95093,0.640416726317392
0.97317,0.5915285103176
0.99328,0.541314098515892
1,0.481617696050806
1,0.411061579449665
1,0.333803457095822
1,0.253394521937766
1,0.172815143797333
1,0.0945138110659055
1,0.0204485462573724
1,-0.047869983508546
1,-0.109334419368613
1,-0.163196445288141
1,-0.209022967899252
1,-0.246653339396166
1,-0.276158148062438
1,-0.297800023420665
1,-0.311996823707909
1,-0.319287494654648
0.99109,-0.326892507617889
0.97108,-0.342271536526633
0.94907,-0.364541784716118
0.9251,-0.392816915821303
0.89924,-0.42619897299226
0.87156,-0.463795759486994
0.84212,-0.50474341503247
0.811,-0.548202937345757
0.77827,-0.593380079067548
0.74402,-0.639519095972043
0.70832,-0.685927260591714
0.67127,-0.731956875655183
0.63296,-0.777019963337522
0.59348,-0.820591831832084
0.55292,-0.862212898931143
0.51138,-0.901481575585568
0.46896,-0.938054828953791
0.42576,-0.971647441941654
0.38189,-1.00202277187204
0.33744,-1.02900641380649
0.29252,-1.05246614059828
0.24723,-1.07231689616104
0.20168,-1.08850881523173
0.15597,-1.10103141670551
0.11021,-1.10990110242289
0.064499,-1.11516581857896
0.018937,-1.11689899805783
-0.026374,-1.11519313794498
-0.071336,-1.11015840678719
-0.11585,-1.10191719459353
-0.15982,-1.09060218360858
-0.20316,-1.07635952374132
-0.24576,-1.05932571493285
-0.28756,-1.03966377503959
-0.32846,-1.01752497115794
-0.36838,-0.993062490917921
-0.40725,-0.966434847975981
-0.44498,-0.937786152149598
-0.48152,-0.907274813833952
-0.51679,-0.875044407885419
-0.55074,-0.841244833092123
-0.5833,-0.806012107192868
-0.61442,-0.769481923662166
-0.64406,-0.731793098962264
-0.67216,-0.693068005550834
-0.6987,-0.653441529286015
-0.72362,-0.613024851291343
-0.74691,-0.57194337851721
-0.76852,-0.530300330551435
-0.78845,-0.488214491988898
-0.80666,-0.445783636373218
-0.82316,-0.40312212976474
-0.83791,-0.360316820824034
-0.85092,-0.3174661398195
-0.86219,-0.274666919022853
-0.87171,-0.232003809626271
-0.8795,-0.189570639387167
-0.88555,-0.147443007220725
-0.88988,-0.105701039120715
-0.89251,-0.0644254235313598
-0.89346,-0.0236942138434584
-0.89274,0.0164270734623059
-0.89038,0.055870926375635
-0.88642,0.0945635603653977
-0.88087,0.132451200721638
-0.87378,0.169468967778191
-0.86518,0.205560449178872
-0.85511,0.2406710468698
-0.8436,0.274757349547895
-0.8307,0.307772193453547
-0.81645,0.339674885577828
-0.80089,0.370431856461788
-0.78407,0.400009586176331
-0.76605,0.428368872297044
-0.74686,0.455489911661317
-0.72656,0.481347617477218
-0.7052,0.505921421910874
-0.68283,0.529195630117257
-0.65951,0.551152155138466
-0.63528,0.57178688284846
-0.6102,0.591092889165421
-0.58432,0.609069144786035
-0.55769,0.625719947878938
-0.53038,0.641039502937761
-0.50243,0.655036694702716
-0.47389,0.667725062373757
-0.44484,0.679099776733561
-0.4153,0.689186084022817
-0.38534,0.697996190324099
-0.35501,0.705546594115645
-0.32437,0.711849713252233
-0.29347,0.716922002577757
-0.26236,0.720782967336862
-0.23109,0.723454265303939
-0.19971,0.724958901328357
-0.16828,0.725313117851326
-0.13684,0.724542192588674
-0.10545,0.722663328900099
-0.074145,0.719705336146176
-0.04298,0.715690888277566
-0.012002,0.710643071944556
0.018744,0.704586190772974
0.049216,0.697547104572365
0.079369,0.689551788579308
0.10916,0.680626263365588
0.13855,0.670798804761649
0.16751,0.660106091695806
0.19599,0.648575002970828
0.22395,0.636231105314719
0.25136,0.623105507452384
0.2782,0.609240235164956
0.30442,0.594662688872257
0.32999,0.579402393897182
0.35489,0.563497031018433
0.37909,0.546982289709201
0.40256,0.529891126265046
0.42528,0.512260616511858
0.44722,0.494122568259627
0.46836,0.47551087153577
0.48869,0.456467359828045
0.50818,0.437024135189747
0.52681,0.417211748328757
0.54458,0.397073215943247
0.56147,0.376645411892678
0.57746,0.355959011234327
0.59254,0.335045984638364
0.60671,0.313945600479789
0.61995,0.292686885028369
0.63226,0.271304327970555
0.64362,0.24982080641072
0.65403,0.228263702075801
0.66349,0.206662982175081
0.67198,0.185034797527254
0.67949,0.163390801619496
0.68603,0.141753174204157
0.69159,0.120136889037062
0.69616,0.0985504092941621
0.69973,0.0769964158898964
0.70231,0.0554873461849138
0.70388,0.0340207019096095
0.70444,0.0125965259937045
0.70398,-0.00879075590734023
0.70251,-0.0301365562085128
0.70002,-0.0514432331114909
0.69651,-0.0727114933549853
0.69197,-0.0939482874828108
0.68642,-0.115143410024533
0.67984,-0.1363028371147
0.67225,-0.157415995512535
0.66365,-0.17847417578482
0.65406,-0.19945572250806
0.64347,-0.220351409042383
0.63192,-0.241125397078206
0.61941,-0.261751020891035
0.60596,-0.282195016888181
0.5916,-0.302412393997635
0.57635,-0.32235740002939
0.56024,-0.341977602559864
0.54329,-0.361224106133172
0.52555,-0.380030133024487
0.50704,-0.39833861990882
0.4878,-0.416087256215889
0.46787,-0.433211386672111
0.44729,-0.449646436186804
0.4261,-0.465329891527434
0.40434,-0.480202875942698
0.38206,-0.494203955895228
0.3593,-0.507279030950005
0.3361,-0.519381743216464
0.31251,-0.530466234129665
0.28858,-0.540488701488463
0.26435,-0.549416004849326
0.23986,-0.55722494086522
0.21517,-0.563886614638672
0.19031,-0.569390964219389
0.16533,-0.573729053687581
0.14027,-0.576900953176828
0.11517,-0.578914442064072
0.090071,-0.579783005325987
0.065019,-0.579521084822762
0.040041,-0.578157946687842
0.01518,-0.575722558683804
-0.009533,-0.572252084196304
-0.034065,-0.567788121251623
-0.058384,-0.5623757359981
-0.082464,-0.556066248958408
-0.10627,-0.548908180365706
-0.12979,-0.540963647523789
-0.15298,-0.532280505654748
-0.17584,-0.522926427568558
-0.19833,-0.512953687220429
-0.22044,-0.50242290488765
-0.24214,-0.491384941394457
-0.26343,-0.479903503071914
-0.28427,-0.468021219950927
-0.30467,-0.455799381944662
-0.32459,-0.443275490554863
-0.34403,-0.430496200530558
-0.36297,-0.417499230137572
-0.3814,-0.404321188076146
-0.3993,-0.390989100811549
-0.41666,-0.377528612434064
-0.43346,-0.363955829718985
-0.4497,-0.350293185140978
-0.46535,-0.336545082179202
-0.48041,-0.322723113703438
-0.49486,-0.308829229558948
-0.5087,-0.294872021914415
-0.52189,-0.280835313836967
-0.53444,-0.266720059869326
-0.54633,-0.25251852701144
-0.55755,-0.238223323649418
-0.56808,-0.223819891277339
-0.5779,-0.209288052385224
-0.58701,-0.194618216875583
-0.59539,-0.179794616377317
-0.60303,-0.164804165674278
-0.60992,-0.14963615938583
-0.61603,-0.134267193451263
-0.62137,-0.118693733299572
-0.6259,-0.102891304628823
-0.62964,-0.0868635206149942
-0.63256,-0.0705995310167897
-0.63466,-0.0540992873587546
-0.63592,-0.0373566481352511
-0.63634,-0.020375512914409
-0.63591,-0.0031603838069714
-0.63462,0.0142838559510946
-0.63247,0.0319447359683044
-0.62946,0.0498039815543935
-0.62558,0.067846498920786
-0.62084,0.086045355766638
-0.61522,0.104386974350749
-0.60874,0.122839332237303
-0.6014,0.141371196476078
-0.59319,0.159960220043277
-0.58413,0.17856967713516
-0.57423,0.197159680012105
-0.56349,0.215696312774353
-0.55192,0.234144072296064
-0.53955,0.252452439715527
-0.52636,0.270597234213605
-0.5124,0.288524533202077
-0.49767,0.306195011325163
-0.4822,0.323560140804688
-0.466,0.340580254409291
-0.4491,0.357209308441289
-0.43153,0.373397576041444
-0.41331,0.389101321362578
-0.39447,0.404275669741763
-0.37504,0.418876305112499
-0.35505,0.432860836869551
-0.33455,0.446175069891868
-0.31355,0.458786630665281
-0.2921,0.470652354202581
-0.27024,0.481729269936231
-0.24799,0.491990849877241
-0.22541,0.501395314967964
-0.20253,0.509912258705643
-0.17939,0.517514226133967
-0.15605,0.524162458398505
-0.13252,0.529847465173991
-0.10887,0.534539615551904
-0.085136,0.538219353922741
-0.061362,0.540870213912464
-0.037596,0.542476064870898
-0.013877,0.543028489472596
0.0097397,0.542513807764981
0.033215,0.540926778686408
0.056502,0.538263661041183
0.079554,0.534522487424777
0.10233,0.529707290550346
0.12478,0.523820466083464
0.14686,0.516867734496908
0.16853,0.508860555540452
0.18975,0.499814951918936
0.21048,0.489750425279798
0.23067,0.478681572264359
0.25029,0.46663361554687
0.26931,0.453639834780921
0.28768,0.439724475615476
0.30537,0.424918760116357
0.32236,0.409266187534358
0.3386,0.392796883975301
0.35409,0.375566414379253
0.36878,0.357612418161053
0.38267,0.338994055783769
0.39573,0.319764044221658
0.40794,0.299975841063004
0.4193,0.27969677480604
0.42977,0.258973861966326
0.43938,0.237888105447986
0.4481,0.216501203211378
0.45592,0.194872232381948
0.46287,0.173085914028274
0.46892,0.151200749273892
0.47411,0.129304014513654
0.47841,0.107451760978062
0.48187,0.0857321771845089
0.48448,0.0642122523651728
0.48627,0.04296927620663
0.48726,0.0220789472107532
0.48746,0.00160580789776214
0.4869,-0.0183820177258376
0.48562,-0.0378084522988677
0.48363,-0.0566157427178984
0.48098,-0.0747334126451261
0.47768,-0.0921127539638908
0.47378,-0.108694905676731
0.46931,-0.124429774066742
0.4643,-0.139276263228425
0.45879,-0.1531948393458
0.45282,-0.166148889072629
0.44641,-0.178120524507634
0.43961,-0.189085852106473
0.43244,-0.199039557974809
0.42495,-0.207969844456506
0.41716,-0.215882751728064
0.40912,-0.22277689331815
0.40084,-0.228675031185476
0.39236,-0.23359709782371
0.38371,-0.237568076606414
0.37492,-0.240616778915586
0.36601,-0.242782115131
0.357,-0.244110452853233
0.34793,-0.244638457669712
0.3388,-0.244423839075323
0.32965,-0.243510371811716
0.32048,-0.241959187402153
0.31132,-0.239821723050379
0.30217,-0.237162503114211
0.29305,-0.234040134418722
0.28397,-0.230514286162176
0.27493,-0.226651241452925
0.26594,-0.222513370677148
0.25701,-0.218158102494153
0.24813,-0.21365197292448
0.23931,-0.209052096424696
0.23055,-0.204413629864383
0.22185,-0.199788407151687
0.21321,-0.195223898459846
0.20462,-0.190769858731204
0.19608,-0.186468818850501
0.18758,-0.182363386103984
0.17913,-0.178479921956845
0.17071,-0.174852775762106
0.16232,-0.171506627381553
0.15395,-0.168464698182608
0.1456,-0.165740613666324
0.13726,-0.163346890295707
0.12891,-0.161301816654344
0.12056,-0.159605282791674
0.11219,-0.158264161352073
0.1038,-0.157275616762415
0.095367,-0.156645730956765
0.086891,-0.156370284055922
0.078362,-0.156443957364958
0.069767,-0.15686261828277
0.061097,-0.157619978214
0.052342,-0.158708674559863
0.043492,-0.160120450773776
0.034541,-0.161843385691747
0.025472,-0.163870869150377
0.016283,-0.166189489830979
0.0069629,-0.168787291517904
-0.0024956,-0.171650864693645
-0.012097,-0.174763798022166
-0.021849,-0.178109961328278
-0.031756,-0.181671353919703
-0.041818,-0.185425621635517
-0.05204,-0.189351135437391
-0.062418,-0.193420727816673
-0.072957,-0.197610118317413
-0.083646,-0.201886156642924
-0.094488,-0.206219782013117
-0.10547,-0.210574191790432
-0.11659,-0.21491549547082
-0.12783,-0.219201274779909
-0.13918,-0.223389353643359
-0.15063,-0.227438963753079
-0.16217,-0.231311674564833
-0.17378,-0.234964709899352
-0.18544,-0.238353087240598
-0.19713,-0.241431414811772
-0.20882,-0.244147972151754
-0.2205,-0.246462310721616
-0.23215,-0.24833698599123
-0.24373,-0.249723441382457
-0.25522,-0.250580510105385
-0.26659,-0.250866960313937
-0.27781,-0.25054290178799
-0.28886,-0.249578293997455
-0.2997,-0.247937373183437
-0.3103,-0.245588441958317
-0.32063,-0.242504259821791
-0.33065,-0.238654851298839
-0.34034,-0.234023969876784
-0.34965,-0.228585032477871
-0.35856,-0.222326363211612
-0.36704,-0.215241565742636
-0.37506,-0.207329023444398
-0.38257,-0.198576564103889
-0.38955,-0.188986331611453
-0.39598,-0.178572262423403
-0.40182,-0.167342947644834
-0.40705,-0.155317519217632
-0.41164,-0.142515967380538
-0.41557,-0.128966084252528
-0.41882,-0.114701436037551
-0.42136,-0.0997521547668385
-0.42318,-0.0841597596237531
-0.42427,-0.0679739869605899
-0.42461,-0.051242598664486
-0.42418,-0.0340105735919138
-0.423,-0.0163490740661806
-0.42104,0.00168847870985731
-0.41831,0.0200348235609519
-0.41481,0.0386207893211784
-0.41054,0.0573775973263929
-0.40551,0.0762313538541338
-0.39973,0.095106178626784
-0.39321,0.113926815921038
-0.38598,0.132605968521518
-0.37803,0.151078815890564
-0.36941,0.16925633508886
-0.36013,0.187062298605844
-0.35022,0.204418414539244
-0.3397,0.221254632947557
-0.32861,0.237495080681017
-0.31698,0.253069088377253
-0.30484,0.26791256938089
-0.29222,0.281968987532286
-0.27916,0.295182565081073
-0.2657,0.307500194043067
-0.25187,0.318880309357116
-0.23772,0.329277559277119
-0.22327,0.338667529645898
-0.20857,0.34702175176561
-0.19366,0.354317239464259
-0.17856,0.360551413276125
-0.16333,0.365709212499033
-0.148,0.369788656417448
-0.1326,0.372798890694478
-0.11716,0.374758307759504
-0.10174,0.375670570196998
-0.08635,0.375564791963364
-0.071038,0.374462144839799
-0.05583,0.372393492532657
-0.040758,0.369392599149042
-0.025858,0.365492020399256
-0.011149,0.360735311524477
0.0033293,0.355158658113698
0.017558,0.348806912705173
0.031506,0.341721845644671
0.045152,0.333948988399999
0.058466,0.325529327859088
0.071433,0.316510221086225
0.084023,0.306931804039086
0.096218,0.296836159491684
0.108,0.286265748185634
0.11934,0.275253971672388
0.13023,0.263841440031462
0.14065,0.252064469491032
0.15058,0.239954780574204
0.16,0.227539350912151
0.1689,0.214847799654665
0.17726,0.201903469650457
0.18508,0.18873858520974
0.19233,0.175369253411781
0.199,0.161812703923521
0.20508,0.148086355839511
0.21056,0.134207067294104
0.21542,0.120183151685235
0.21967,0.106037752215767
0.22329,0.0917829314661231
0.22626,0.0774212658416591
0.22859,0.06296956122451
0.23027,0.0484406337791138
0.23129,0.0338435330690768
0.23165,0.019191216510298
0.23135,0.00449924600926492
0.23039,-0.0102153198400555
0.22878,-0.0249274540463364
0.22651,-0.03962133591265
0.2236,-0.0542669761281806
0.22005,-0.0688387237542691
0.21588,-0.08330048399838
0.21109,-0.0976236652927759
0.2057,-0.111771874240156
0.19975,-0.125688786696611
0.19323,-0.139340662544605
0.18618,-0.15267608834334
0.17863,-0.165638382395432
0.1706,-0.178175735945893
0.16211,-0.190241891721392
0.15321,-0.201774383237811
0.14393,-0.212714407216251
0.13431,-0.223000572313331
0.12437,-0.232586144798429
0.11417,-0.241408217727447
0.10375,-0.249407670487274
0.093148,-0.256531856740285
0.082406,-0.26273219152517
0.071573,-0.267959901029439
0.060694,-0.272170748105588
0.049813,-0.275326514199731
0.038983,-0.27738865021117
0.028249,-0.278325743463199
0.017657,-0.278112695995967
0.0072551,-0.27672908607713
-0.0029078,-0.274158681895129
-0.012784,-0.270390409443473
-0.022331,-0.265421945155675
-0.031501,-0.259254605024362
-0.04025,-0.251895842113618
-0.048538,-0.243361225265347
-0.056322,-0.233670622259441
-0.063563,-0.222850160340536
-0.070225,-0.210932872311191
-0.076274,-0.197958265726948
-0.08167,-0.183965853397244
-0.086391,-0.169007648433745
-0.090403,-0.153135683605679
-0.093682,-0.136408181126916
-0.096202,-0.118885442910098
-0.097947,-0.100635315404495
-0.098895,-0.0817255200885974
-0.099028,-0.0622248238672645
-0.098341,-0.0422105641223662
-0.096816,-0.0217552188791972
-0.094447,-0.000934152136864701
-0.091235,0.0201719616178518
-0.087171,0.0414879333450085
-0.082261,0.0629341709182339
-0.076506,0.0844336553242554
-0.069917,0.10590643751781
-0.062504,0.127273448503447
-0.05428,0.14845662045203
-0.045262,0.169378250406934
-0.03547,0.189961245892593
-0.024931,0.210126373418793
-0.013668,0.229798254618779
-0.0017151,0.248898953385233
0.010897,0.267353618072725
0.024132,0.285088310897815
0.037949,0.302028992054263
0.052308,0.318104785445327
0.067164,0.333246178894867
0.082468,0.347384289483917
0.098178,0.360458400576078
0.11423,0.372400384648711
0.13059,0.383160805042346
0.14718,0.392674742431492
0.16396,0.400895299650731
0.18086,0.407769842398509
0.19783,0.413257979917446
0.2148,0.417316147934515
0.23172,0.419914842885428
0.24851,0.42101515537795
0.26511,0.420587063113826
0.28146,0.418609134721643
0.2975,0.415068060348359
0.31315,0.409943251554159
0.32836,0.40323157055187
0.34306,0.394929806700485
0.35718,0.38503532262754
0.37068,0.373568717509882
0.38347,0.360532296764932
0.39551,0.345950996270756
0.40674,0.32985297184709
0.4171,0.312268634674855
0.42655,0.293244564917109
0.43502,0.272817285782478
0.44249,0.251051510350822
0.44889,0.227996232577944
0.45419,0.203716259916671
0.45836,0.178287581525534
0.46136,0.151785908853465
0.46317,0.124299580910965
0.46375,0.0959099971548396
0.46309,0.0667129485993891
0.46117,0.0368057976098597
0.45797,0.00628444680914134
0.4535,-0.0247369362876869
0.44773,-0.0561623206406116
0.44067,-0.0878835735428369
0.43233,-0.119786043429322
0.42272,-0.151753269343421
0.41183,-0.183685671664615
0.3997,-0.21546346535683
0.38634,-0.246976502911686
0.37178,-0.278111135616747
0.35604,-0.308761951374567
0.33916,-0.338818873793353
0.32117,-0.368179109348386
0.30211,-0.396741827755594
0.28204,-0.424396455049067
0.26098,-0.451057888690171
0.239,-0.476627684868232
0.21615,-0.501014912673019
0.19248,-0.524137983334027
0.16806,-0.545911106908115
0.14294,-0.566263075893827
0.11719,-0.585122447408693
0.090881,-0.602419659318446
0.064076,-0.618095334995004
0.036846,-0.632094875189731
0.0092647,-0.644367886997259
-0.018598,-0.654872406677843
-0.046667,-0.663571411803881
-0.074865,-0.670432080049748
-0.10312,-0.675430604569602
-0.13136,-0.678551896859201
-0.15951,-0.679786875529603
-0.18749,-0.679128611180107
-0.21523,-0.676580217683508
-0.24266,-0.672153518598369
-0.26971,-0.665867709303964
-0.29631,-0.65774804372027
-0.32239,-0.647824569828492
-0.34788,-0.6361309337438
-0.37272,-0.622710665957543
-0.39685,-0.607614546121423
-0.42021,-0.590898240387866
-0.44274,-0.572620213226432
-0.46439,-0.552847309091936
-0.48511,-0.53165158191268
-0.50485,-0.509107548086497
-0.52356,-0.485289846881482
-0.54121,-0.460286084190878
-0.55775,-0.434177209390894
-0.57316,-0.407058795755439
-0.5874,-0.379020776624992
-0.60045,-0.350160788971384
-0.61228,-0.320572481942338
-0.62289,-0.290365730799393
-0.63225,-0.259638083154939
-0.64035,-0.228488989975081
-0.6472,-0.197031172684521
-0.65278,-0.165362420976129
-0.65711,-0.133594974593658
-0.66019,-0.101834410290271
-0.66202,-0.0701775495082718
-0.66263,-0.0387331413449064
-0.66202,-0.00759381515870014
-0.66023,0.0231343658178858
-0.65727,0.0533602344419193
-0.65317,0.0829930128229601
-0.64796,0.111945430354511
-0.64167,0.140136161957544
-0.63434,0.167484257821904
-0.626,0.19391944656568
-0.61669,0.219375379530473
-0.60645,0.243791485061318
-0.59533,0.267106912290587
-0.58336,0.289277838675155
-0.57058,0.31026878725568
-0.55706,0.330030607155516
-0.54282,0.348542220745076
-0.52792,0.36577696153149
-0.51241,0.381712546979852
-0.49633,0.39633896715172
-0.47973,0.409649707035166
-0.46266,0.421641945121368
-0.44518,0.432309179535463
-0.42733,0.44165752642036
-0.40916,0.449696306212486
-0.39071,0.456445133092539
-0.37205,0.4619097350893
-0.35321,0.466114549810927
-0.33425,0.469076697787235
-0.31521,0.470822138533787
-0.29615,0.471368833608075
-0.27709,0.470757722887786
-0.25809,0.469017894207119
-0.2392,0.466175756761134
-0.22045,0.462269851311559
-0.20188,0.457340255326906
-0.18354,0.451419970930065
-0.16544,0.444565109488235
-0.14764,0.436812026537045
-0.13017,0.428202413595401
-0.11304,0.418795948401646
-0.096285,0.408646724771858
-0.079937,0.397805075066573
-0.064009,0.386330927765313
-0.048527,0.374280627216056
-0.033501,0.361717822625824
-0.01895,0.348703533285798
-0.0048825,0.335302601499526
0.008696,0.321583216807659
0.021777,0.307611980560405
0.03436,0.293458074291046
0.046446,0.279191715905838
0.058042,0.264886190841995
0.06915,0.250611247235032
0.079784,0.236440409902438
0.089957,0.222447137607965
0.099684,0.208703923896783
0.10899,0.195287491005517
0.11788,0.182260654998901
0.1264,0.169703162422356
0.13456,0.157679139903096
0.14239,0.146252664086613
0.14992,0.13548549721175
0.15718,0.125435312443348
0.16421,0.116161757186627
0.17104,0.107716491773546
0.17769,0.100135358511
0.18421,0.093462055200565
0.19064,0.0877374371422194
0.19699,0.0829761858936082
0.20332,0.0792078503705962
0.20965,0.0764429916311057
0.21602,0.0746907866607222
0.22246,0.0739510799082334
0.229,0.074215640870567
0.23567,0.0754694128982396
0.24251,0.0776991274564186
0.24953,0.0808706544288823
0.25676,0.0849483001960934
0.26423,0.0898956495944004
0.27196,0.0956689203899132
0.27995,0.102204445076781
0.28823,0.109446117081589
0.29682,0.117337789050524
0.3057,0.125795016953605
0.3149,0.13474962631321
0.32442,0.144126100465084
0.33425,0.153837596117068
0.34439,0.163797863295577
0.35484,0.173923497240668
0.3656,0.184135743236639
0.37663,0.194332298481248
0.38795,0.204439198499735
0.39952,0.214363203081973
0.41133,0.224020533858224
0.42336,0.233330243561088
0.43558,0.242208843828556
0.44797,0.250580867011156
0.46049,0.258365014213282
0.47311,0.265485356386608
0.4858,0.27187285149659
0.49851,0.277451621872918
0.51122,0.282165069165481
0.52387,0.285944668272364
0.53641,0.288722112499567
0.54881,0.290446494666542
0.561,0.291053341622945
0.57295,0.29049918075065
0.58459,0.288729688108947
0.59588,0.28570607101844
0.60675,0.281381545367324
0.61716,0.275726955550989
0.62704,0.268706581696736
0.63633,0.260288382474975
0.64499,0.25045953486242
0.65294,0.239194075745205
0.66014,0.226486309453696
0.66653,0.212332811040752
0.67205,0.196732636201058
0.67665,0.179694790201403
0.68028,0.161236566437335
0.68289,0.141381964079451
0.68443,0.120160203050279
0.68485,0.097604350489323
0.68413,0.0737722632704268
0.6822,0.0487036171893442
0.67906,0.0224744471038076
0.67464,-0.00486343315430451
0.66894,-0.0332271373148771
0.66192,-0.0625403602212278
0.65356,-0.0927192291966538
0.64385,-0.123668556327012
0.63277,-0.155293957246362
0.62031,-0.187496867849075
0.60646,-0.220178097437763
0.59123,-0.253225975125458
0.5746,-0.286544157856645
0.55658,-0.32002933444047
0.53719,-0.35356828504868
0.51643,-0.387057999229562
0.49432,-0.4203920959419
0.47087,-0.453472207714283
0.44611,-0.486194804657354
0.42006,-0.518462936356661
0.39277,-0.550165972132185
0.36425,-0.581215430001
0.33454,-0.611521545941865
0.3037,-0.640981848968165
0.27177,-0.669501874307809
0.23879,-0.696996879350954
0.20483,-0.72337081264981
0.16993,-0.748544045165659
0.13417,-0.772423534764165
0.097611,-0.794922771953067
0.06032,-0.815959200929469
0.022367,-0.835454271804573
-0.016171,-0.853330427667121
-0.055212,-0.869510131053927
-0.094683,-0.883925433188628
-0.1345,-0.896510648972178
-0.17457,-0.907197871144132
-0.21482,-0.915934852599266
-0.25515,-0.922664247481161
-0.29549,-0.927349162286364
-0.33574,-0.929948831952696
-0.37581,-0.930428682429753
-0.41562,-0.928768255098335
-0.45507,-0.924945020256276
-0.49408,-0.91895094085976
-0.53256,-0.910783228289415
-0.57043,-0.900451518166619
-0.6076,-0.887968502113282
-0.64399,-0.873357047339477
-0.67951,-0.856640830846006
-0.71408,-0.837851511230834
-0.74763,-0.817034252504626
-0.78007,-0.794229590083291
-0.81134,-0.769495859685116
-0.84137,-0.742897176262889
-0.87007,-0.714486143092214
-0.8974,-0.684341918946703
-0.92328,-0.652533592326532
-0.94767,-0.619150037344558
-0.97049,-0.584264231355533
-0.9917,-0.547964012250112
-1,-0.502016593907749
-1,-0.443457458739683
-1,-0.37637339953438
-1,-0.304300170216863
-1,-0.230249628729339
-1,-0.156740539050391
-1,-0.0858323383252112
-1,-0.0191611541652909
-1,0.0420226390309523
-1,0.0968160118633893
-1,0.144624666826372
-1,0.185124814863858
-1,0.218225874730071
-1,0.244034560972971
-1,0.262820755745189
-1,0.274985488033094
-1,0.281031273211761
-1,0.281534997682184
-1,0.277123469015362
-1,0.2684516925154
-1,0.256183881155292
-0.99392,0.245475194715327
-0.9725,0.247326259644701
-0.94935,0.260255987004709
-0.92451,0.282792811888617
-0.89803,0.313489228951505
-0.86994,0.350957348238887
-0.84031,0.393853751723726
-0.80916,0.440934653714187
-0.77656,0.491025604580411
-0.74255,0.543056059102876
-0.70721,0.596034202456214
-0.67058,0.649085054395119
-0.63273,0.701427485881803
-0.59372,0.752383798478047
-0.55361,0.801378160765515
-0.51247,0.847925967210871
-0.47038,0.891623411656939
-0.4274,0.932159568739046
-0.38361,0.969294429519117
-0.33908,1.00286173985842
-0.29388,1.03276208141519
-0.2481,1.05894079680348
-0.20181,1.08139857532428
-0.15509,1.10017626652537
-0.10803,1.11534146188602
-0.060712,1.12699011899578
-0.013218,1.13524101747063
0.034366,1.14022752696195
0.081953,1.14209258529892
0.12946,1.14098786776328
0.17678,1.13705194737864
0.22385,1.13044309535507
0.27056,1.12129769068209
0.31682,1.1097466140503
0.36256,1.09592840851451
0.40767,1.07995514826559
0.45206,1.06192982891281
0.49565,1.04195307673713
0.53835,1.02011371373486
0.58007,0.996488753389067
0.62071,0.971136212349576
0.66021,0.944126715187828
0.69846,0.915502024561288
0.7354,0.885316280695423
0.77093,0.853602316599886
0.80498,0.82039680969729
0.83748,0.78573824723519
0.86835,0.749657840958684
0.89752,0.712187176107405
0.92491,0.673349566634732
0.95047,0.633182886061112
0.97413,0.591720619129347
0.99584,0.549006295201113
1,0.493586046106726
1,0.426470364108112
1,0.351864589137938
1,0.273376397543971
1,0.194049212705275
1,0.116399039034892
1,0.0424539627997411
1,-0.0262044467209764
1,-0.0883985874282698
1,-0.143311842906751
1,-0.190445835886207
1,-0.229578521356165
1,-0.260723653961999
1,-0.284092089241709
1,-0.300055300892759
1,-0.309111418897149
1,-0.311854017912106
1,-0.308943813430194
0.99936,-0.301556833628242
0.97851,-0.305263099695304
0.95585,-0.318759134993555
0.93148,-0.340710301519579
0.90547,-0.369800231668821
0.87792,-0.404727863614996
0.84891,-0.444243566020896
0.81854,-0.487149133834007
0.7869,-0.53232030171419
0.75409,-0.578709694438644
0.72023,-0.625341178818748
0.6854,-0.671349052389895
0.64972,-0.715948674721359
0.6133,-0.758448603540622
0.57623,-0.798266137727299
0.53863,-0.83490070745803
0.5006,-0.867947804703205
0.46225,-0.897085936589776
0.42368,-0.922079051584716
0.38501,-0.942754288559569
0.34633,-0.959019491471498
0.30773,-0.970853082291158
0.26932,-0.978279247790944
0.2312,-0.981368834335783
0.19346,-0.980238701593267
0.15617,-0.975057222710276
0.11944,-0.966002791110784
0.08334,-0.953289031680534
0.047945,-0.937150657101482
0.013335,-0.917831254287688
-0.020426,-0.895588458962112
-0.053267,-0.870680470561593
-0.085132,-0.843371166159524
-0.11596,-0.813919017018819
-0.14571,-0.782586534795814
-0.17433,-0.749624616289055
-0.20176,-0.715262218739524
-0.22799,-0.679741293083977
-0.25298,-0.643285260603066
-0.27669,-0.606096112132018
-0.29911,-0.568374655292541
-0.32022,-0.530307156715205
-0.34001,-0.492069641944169
-0.35846,-0.453816738874176
-0.37557,-0.415695348749868
-0.39135,-0.377848412242
-0.4058,-0.340403219870271
-0.41893,-0.303477155988115
-0.43076,-0.267182562795408
-0.44129,-0.231608593449138
-0.45057,-0.19685895775186
-0.4586,-0.163008019659567
-0.46543,-0.130140150007202
-0.47108,-0.0983220342157736
-0.4756,-0.0676252187514299
-0.47902,-0.0381072052224216
-0.48139,-0.00982619475947616
-0.48275,0.0171692016230262
-0.48316,0.0428257794471193
-0.48267,0.0670965743388263
-0.48133,0.0899419956150877
-0.4792,0.111323118514265
-0.47633,0.131211014375646
-0.4728,0.149564385123471
-0.46865,0.166363586348404
-0.46396,0.181578282174474
-0.45878,0.19519338914498
-0.45317,0.207199968136918
-0.44721,0.217580292227497
-0.44096,0.226325573250887
-0.43447,0.233442581752151
-0.42781,0.238936361730326
-0.42104,0.242818489351831
-0.41422,0.245106115937237
-0.40741,0.245821008540453
-0.40067,0.244988610462273
-0.39406,0.242637140202771
-0.38762,0.238811539902592
-0.38141,0.233554658141032
-0.37548,0.226914276059022
-0.36987,0.218948587559773
-0.36463,0.209715505872143
-0.35979,0.199286188786585
-0.3554,0.187725958743426
-0.35148,0.175116001695735
-0.34806,0.161540808402401
-0.34516,0.147092709603722
-0.34281,0.131860476647993
-0.341,0.115957149456363
-0.33976,0.0994826152844983
-0.33909,0.0825454994060276
-0.33898,0.0652657256427681
-0.33943,0.0477614451504415
-0.34042,0.0301606771737943
-0.34194,0.0125881872676101
-0.34396,-0.00482287476937371
-0.34646,-0.0219440597471496
-0.3494,-0.0386399119620463
-0.35275,-0.054780959523218
-0.35646,-0.0702318936937179
-0.36048,-0.0848570342907848
-0.36478,-0.0985395853617829
-0.36928,-0.111144945267103
-0.37394,-0.122558198425189
-0.37868,-0.132654686899282
-0.38346,-0.141335750547719
-0.38819,-0.148490324114005
-0.39281,-0.154023496107208
-0.39726,-0.157856934310912
-0.40145,-0.159906629770772
-0.40531,-0.160102082236708
-0.40878,-0.158394012924391
-0.41178,-0.154737844550795
-0.41423,-0.149095038131821
-0.41606,-0.141441377837743
-0.4172,-0.131765852459623
-0.41758,-0.120069379535013
-0.41714,-0.106370823370469
-0.41581,-0.0906965407644426
-0.41352,-0.0730790967660374
-0.41022,-0.0535707929707861
-0.40585,-0.0322318075146804
-0.40037,-0.00914255262316612
-0.39371,0.015623949163556
-0.38585,0.0419650552633941
-0.37672,0.0697934889246819
-0.36632,0.0989845321897337
-0.3546,0.129423273585303
-0.34155,0.160975956547294
-0.32713,0.193519250386254
-0.31134,0.226911895897788
-0.29417,0.261009389593839
-0.27561,0.295668593197587
-0.25567,0.330736716279716
-0.23435,0.366064962585965
-0.21166,0.401504720257888
-0.18763,0.4368971744221
-0.16228,0.472087459677303
-0.13564,0.506921246143529
-0.10773,0.541256844722582
-0.078623,0.574928107779377
-0.048342,0.607791393065554
-0.016949,0.639697065099698
0.015501,0.670500763733543
0.048945,0.700061298776128
0.083313,0.728239654372257
0.11853,0.754899645236047
0.15453,0.779918760669284
0.19122,0.803169955931506
0.22851,0.824529300354551
0.26633,0.843894649041946
0.30457,0.861155772129438
0.34315,0.876222268625654
0.38195,0.88899377489025
0.42088,0.899387977893061
0.45983,0.907325735622355
0.49871,0.912748582467892
0.53738,0.915580511342453
0.57575,0.915771555266797
0.6137,0.913273043206183
0.65112,0.908047186096704
0.6879,0.90006708893003
0.72391,0.889301647948982
0.75905,0.875740420803316
0.79319,0.859368715440334
0.82622,0.840184555498464
0.85804,0.818204579048719
0.88852,0.793438681315594
0.91757,0.765921465649025
0.94506,0.735677722977663
0.97092,0.702768765834596
0.99501,0.66723261444031
1,0.616370768412353
1,0.550794624927239
1,0.475084257006143
1,0.393224299969787
1,0.308629484200863
1,0.224174787228367
1,0.142229416844034
1,0.0646938084974967
1,-0.00696118006043463
1,-0.0716536709371726
1,-0.12864951744516
1,-0.177521100858898
1,-0.218106801943822
1,-0.250471702454113
1,-0.274869993324229
1,-0.291709486100562
1,-0.301518544494499
1,-0.304915675640018
1,-0.302581947215643
1,-0.295236328228259
0.98179,-0.29708590493647
0.95433,-0.312758222578757
0.92457,-0.340530615226685
0.89258,-0.378683287467673
0.85842,-0.425535472207131
0.82218,-0.479446517254077
0.78393,-0.538855066950041
0.74376,-0.602281188457406
0.70177,-0.668335371006209
0.65805,-0.735740029021686
0.61271,-0.803323360399521
0.56586,-0.870027871580704
0.51761,-0.93491552276369
0.46808,-0.997162446055506
0.41741,-1.05604521979301
0.3657,-1.11097230412709
0.3131,-1.16143998177796
0.25974,-1.20704678437604
0.20574,-1.24749538342794
0.15126,-1.28255464269153
0.096431,-1.31207844198202
0.041388,-1.33599424599548
-0.013728,-1.35429044855658
-0.068775,-1.36700815992721
-0.12361,-1.37423303219042
-0.1781,-1.37609542203656
-0.23211,-1.37276022932532
-0.2855,-1.36441530777243
-0.33813,-1.3512649172676
-0.38989,-1.33354589405795
-0.44064,-1.3114951527933
-0.49026,-1.28536015473709
-0.53863,-1.25539196209163
-0.58564,-1.22184664492332
-0.63119,-1.18498600156151
-0.67515,-1.14504813301586
-0.71746,-1.10229803932361
-0.75799,-1.056963922369
-0.79668,-1.00929012443987
-0.83344,-0.959505211073605
-0.8682,-0.907833460463637
-0.9009,-0.854496669477823
-0.93147,-0.799700735262933
-0.95987,-0.743654701494849
-0.98605,-0.686556327515726
-1,-0.621219547524843
-1,-0.540817094191597
-1,-0.450573469488897
-1,-0.354983170902126
-1,-0.257849997168695
-1,-0.162330736557225
-1,-0.0709823165813765
-1,0.0141885231290547
-1,0.0916739592682262
-1,0.160413100133685
-1,0.219740114569246
-1,0.269333227797535
-1,0.309165253241612
-1,0.339456238640182
-1,0.360628710662804
-1,0.373265907713882
-1,0.378073298099918
-1,0.375843592210573
-1,0.367425374410631
-1,0.353695404161948
-1,0.335534567355736
-0.99149,0.320103170374094
-0.96862,0.317478197029982
-0.94421,0.326023880865621
-0.91834,0.344121895913023
-0.89107,0.370209298158948
-0.8625,0.402765786490537
-0.83269,0.440363802682597
-0.80175,0.481642057331416
-0.76975,0.525350963357679
-0.73677,0.570351114506721
-0.70289,0.615618157147684
-0.66822,0.660222898054337
-0.63282,0.703373136807359
-0.59678,0.744385665499437
-0.56019,0.782683900873015
-0.52314,0.817793873340596
-0.4857,0.849353651485279
-0.44796,0.87708884924445
-0.40999,0.900820475035323
-0.37189,0.920431964082119
-0.33373,0.935885426342557
-0.29558,0.947210499646288
-0.25752,0.95448614372133
-0.21962,0.957839334545007
-0.18195,0.957435177434715
-0.14458,0.953467721729585
-0.10757,0.946158946516775
-0.070997,0.935736973868889
-0.034912,0.922449863906585
0.00062832,0.906552499325397
0.035566,0.888298811775627
0.06985,0.867941324437009
0.10343,0.845725965801371
0.13625,0.8218830732898
0.16829,0.796651139709162
0.19948,0.770231925868424
0.22981,0.742836395441553
0.25922,0.714639968840919
0.28769,0.685813796107333
0.31519,0.656512961814257
0.34169,0.626874691953888
0.36717,0.597024679438985
0.39161,0.567075019682429
0.41498,0.537115453380872
0.43728,0.507236436021525
0.45848,0.477503321067649
0.47858,0.447980574391367
0.49757,0.418721735602834
0.51544,0.389769027117913
0.53219,0.361160749762444
0.54781,0.332922583780065
0.56231,0.305083129751653
0.57568,0.277656816257757
0.58794,0.250667517002974
0.59908,0.224123011417016
0.60912,0.198039240588847
0.61807,0.172430108074793
0.62594,0.14730675935668
0.63274,0.122677112162752
0.63849,0.0985529975992376
0.64321,0.0749484615077315
0.64692,0.0518783795689732
0.64964,0.0293573537363016
0.65139,0.00739885875261747
0.6522,-0.0139779930963018
0.65209,-0.0347579107871487
0.65108,-0.0549295325750226
0.64921,-0.0744706010894299
0.64649,-0.0933732553808107
0.64297,-0.111612252983144
0.63866,-0.129178959982746
0.6336,-0.14605652940963
0.62782,-0.162229682430572
0.62134,-0.177692535384042
0.6142,-0.192432469447967
0.60643,-0.206439477704376
0.59806,-0.219706218575721
0.58911,-0.232235378630396
0.57963,-0.244015751916868
0.56963,-0.255055075159481
0.55915,-0.26535421664608
0.54822,-0.274916123001489
0.53687,-0.283745557848008
0.52511,-0.291863625268485
0.51299,-0.299274663704683
0.50051,-0.306006540818347
0.48771,-0.312075937033533
0.47462,-0.317497613778053
0.46123,-0.322314095033958
0.4476,-0.326537501408723
0.43372,-0.330206973284791
0.41962,-0.333352869632913
0.40532,-0.336005103825581
0.39083,-0.338199841445809
0.37616,-0.339977321643374
0.36134,-0.341365180771971
0.34638,-0.342394890364054
0.33128,-0.343107488349427
0.31607,-0.343528353316178
0.30074,-0.343699029659917
0.28533,-0.343635873984882
0.26983,-0.343371319005984
0.25426,-0.342927531874242
0.23862,-0.34233242653989
0.22292,-0.34161022255233
0.20718,-0.34077392347124
0.19139,-0.339849118972315
0.17557,-0.33884846695763
0.15972,-0.337788441574858
0.14384,-0.33668793896529
0.12795,-0.335552302939226
0.11205,-0.334390381054884
0.096135,-0.333217091106069
0.080221,-0.332036115358666
0.064312,-0.330850651962603
0.048408,-0.3296661790421
0.03252,-0.328481540911698
0.016652,-0.327295256035193
0.0008117,-0.326102703584502
-0.014998,-0.324900236138503
-0.030765,-0.323678126851075
-0.046481,-0.322424668152956
-0.06214,-0.3211284291283
-0.077731,-0.319774685248821
-0.093243,-0.318346339351836
-0.10867,-0.316828438918791
-0.12399,-0.315196246182119
-0.13919,-0.313424379206391
-0.15427,-0.311497172439626
-0.16922,-0.309399793277647
-0.184,-0.307096284757686
-0.19862,-0.304571589064381
-0.21304,-0.301790933056338
-0.22727,-0.298741586935739
-0.24128,-0.295399403095803
-0.25506,-0.29174653798915
-0.26859,-0.287763390759567
-0.28184,-0.283422160975488
-0.29481,-0.278711459115661
-0.30747,-0.273611355662688
-0.31981,-0.26811048383716
-0.3318,-0.262190019970775
-0.34344,-0.255847951862089
-0.35469,-0.249066434788117
-0.36554,-0.241837661797663
-0.37599,-0.23416966306808
-0.38599,-0.226046200487459
-0.39554,-0.217469018559532
-0.40462,-0.2084396525242
-0.41321,-0.198959567586669
-0.4213,-0.189037659478942
-0.42886,-0.178673910531171
-0.43589,-0.167883417070257
-0.44237,-0.156678376035735
-0.44828,-0.145068424546324
-0.45361,-0.133068356686286
-0.45835,-0.120696802267568
-0.46248,-0.107967655430108
-0.466,-0.094905461610199
-0.4689,-0.0815353437793189
-0.47117,-0.0678822520417596
-0.4728,-0.0539703422541482
-0.47378,-0.039822475250675
-0.47411,-0.0254672255318041
-0.47379,-0.0109369743825949
-0.47282,0.0037337367213444
-0.4712,0.018509605550172
-0.46891,0.0333705324038272
-0.46598,0.0482723425581041
-0.46239,0.0631897237117234
-0.45817,0.0780763940476476
-0.4533,0.0929075208389583
-0.4478,0.107646805796793
-0.44168,0.122257251323856
-0.43494,0.1367098623514
-0.4276,0.150968281082914
-0.41966,0.165006189737625
-0.41114,0.178791502597893
-0.40205,0.192295971819044
-0.3924,0.205495439575818
-0.38222,0.218355149572573
-0.37152,0.230847765992783
-0.3603,0.242960315915315
-0.3486,0.25466244452922
-0.33643,0.265933045680534
-0.32381,0.276751896617653
-0.31077,0.28709289643639
-0.29731,0.296948350891301
-0.28347,0.306296299179634
-0.26927,0.315118919631181
-0.25474,0.323395055913256
-0.23989,0.331116468065901
-0.22476,0.338263615386327
-0.20937,0.344823404282993
-0.19374,0.350788526469212
-0.17791,0.356141982292149
-0.16191,0.360867032944868
-0.14576,0.364955205701423
-0.12948,0.368405140016615
-0.11312,0.371199282070298
-0.096702,0.373328400653161
-0.080247,0.374791153770513
-0.063791,0.375581704621309
-0.047359,0.375699077894888
-0.030986,0.375139031642108
-0.014695,0.373903853286917
0.0014824,0.371994841415163
0.017517,0.369414398653728
0.033385,0.366169897197498
0.049054,0.362266301685531
0.064498,0.357711367302084
0.079693,0.352516490211236
0.094612,0.346693590828206
0.10923,0.34025627335176
0.12352,0.333217743379575
0.13746,0.325594302617773
0.15103,0.317405853898126
0.1642,0.308667326386525
0.17696,0.299404065706942
0.18928,0.289634370658344
0.20114,0.279377772860349
0.21254,0.268669058930791
0.22344,0.257524791917381
0.23384,0.245975948979919
0.24372,0.234049459571226
0.25307,0.221775609482119
0.26188,0.209186508489228
0.27013,0.196307396661601
0.27782,0.18317198546054
0.28495,0.169819800768726
0.29149,0.156271691249977
0.29745,0.142562321293164
0.30283,0.128729010603924
0.30763,0.114810065634933
0.31183,0.10082859922764
0.31545,0.0868242395799001
0.31848,0.0728264788067104
0.32093,0.0588704296714814
0.32281,0.0449945767026158
0.32412,0.0312314752335191
0.32486,0.017607789732191
0.32505,0.0041592565466087
0.32469,-0.00908707855055165
0.32379,-0.0221047690814992
0.32237,-0.0348614377602005
0.32043,-0.0473358548188352
0.31799,-0.0595018346680318
0.31507,-0.0713301782385774
0.31167,-0.0828051053543093
0.30781,-0.0939075735207244
0.30351,-0.104616709241409
0.29879,-0.114910998113338
0.29366,-0.124776652252139
0.28815,-0.134191964174713
0.28227,-0.143144480170854
0.27604,-0.151622409800058
0.26949,-0.15960768126664
0.26265,-0.167077888000393
0.25552,-0.174030151032372
0.24814,-0.180448077478177
0.24054,-0.18631245134631
0.23272,-0.191624702911528
0.22473,-0.196366124229941
0.21657,-0.200539472590815
0.20829,-0.204127974195825
0.19988,-0.2071441407014
0.1914,-0.209572198164812
0.18285,-0.211418556018642
0.17425,-0.212692729590206
0.16565,-0.213384484268253
0.15703,-0.213519865995973
0.14844,-0.213101871501502
0.1399,-0.212137172821255
0.13141,-0.210650140094504
0.123,-0.208656702593745
0.11469,-0.206173066129757
0.10649,-0.203222706992145
0.098422,-0.199825534633702
0.090499,-0.196004762952847
0.082735,-0.191784947177181
0.075142,-0.187192569716334
0.067731,-0.18225570550496
0.060517,-0.176999994576914
0.053508,-0.171453575035706
0.046709,-0.165648019282401
0.040131,-0.159612328987361
0.03378,-0.153376279542985
0.027659,-0.146971599114526
0.021775,-0.140427676878349
0.016127,-0.133777024933
0.010721,-0.127048491406589
0.0055563,-0.120272004108448
0.00062897,-0.113479787048683
-0.0040525,-0.106695696143099
-0.0085004,-0.0999513831048555
-0.012709,-0.0932704160451899
-0.016686,-0.0866789438566473
-0.020432,-0.0801990315523078
-0.023955,-0.0738541148907625
-0.027258,-0.0676641861014061
-0.030344,-0.0616456978163149
-0.033227,-0.0558197109813245
-0.035908,-0.0502005947653894
-0.038394,-0.0448011450965397
-0.0407,-0.0396382307937685
-0.042833,-0.0347254127664238
-0.044802,-0.0300744816062006
-0.046622,-0.0256997038961775
-0.048299,-0.0216100921897927
-0.049852,-0.0178195872546443
-0.051291,-0.0143388720538934
-0.052632,-0.0111799592702589
-0.053886,-0.00835172217615732
-0.055069,-0.00586377444227641
-0.056195,-0.00372440541309671
-0.057278,-0.00194043522351127
-0.058339,-0.000522319252862478
-0.059385,0.000527357167990839
-0.060441,0.00119927608115147
-0.061516,0.00149093259582668
-0.062631,0.00139666006326854
-0.0638,0.000913720210324057
-0.065037,4.19517947579445e-05
-0.066359,-0.00121880251103692
-0.067782,-0.00286781943415317
-0.069318,-0.00490060056598481
-0.070982,-0.00731182094242846
-0.072788,-0.0100947767636477
-0.074746,-0.0132387669327862
-0.076868,-0.0167315325821321
-0.079168,-0.0205612748005767
-0.081648,-0.0247079270118634
-0.084321,-0.0291533562378903
-0.08719,-0.0338740164153143
-0.09026,-0.0388440582915997
-0.093536,-0.0440364312280101
-0.097015,-0.0494179030819441
-0.1007,-0.0549555779033735
-0.10458,-0.0606073660657111
-0.10867,-0.0663441478638466
-0.11294,-0.0721148126176901
-0.11739,-0.0778741377424251
-0.12201,-0.0835755404041807
-0.12679,-0.0891726989635787
-0.13172,-0.0946208791445208
-0.13676,-0.0998557939685404
-0.14192,-0.104836257808525
-0.14716,-0.109504034677534
-0.15246,-0.113803716459747
-0.1578,-0.117683894673127
-0.16316,-0.121098031445982
-0.1685,-0.123990265590113
-0.17381,-0.126321210365179
-0.17904,-0.128036564118245
-0.18418,-0.12910138097486
-0.18918,-0.129468033758578
-0.19403,-0.12910990353047
-0.19868,-0.12798882730134
-0.20311,-0.126080938796196
-0.20729,-0.123367541163825
-0.21118,-0.11982761968588
-0.21477,-0.115461444202808
-0.21801,-0.110257262423799
-0.22089,-0.104223921345994
-0.22337,-0.0973648345175748
-0.22545,-0.0897088996129778
-0.22709,-0.0812755674533877
-0.22827,-0.0720912786861087
-0.22898,-0.0621950951865262
-0.2292,-0.0516280924393664
-0.22892,-0.0404395144437531
-0.22812,-0.0286766880947938
-0.22679,-0.0163916909757906
-0.22493,-0.00364655894626304
-0.22253,0.00949760497548325
-0.21959,0.0229746364010748
-0.2161,0.0367234500937708
-0.21207,0.0506739395256963
-0.2075,0.0647580759527463
-0.20239,0.0789114454238339
-0.19676,0.0930596450714763
-0.19061,0.107137197172136
-0.18396,0.121073014859663
-0.17681,0.134808456458725
-0.16919,0.148274607411169
-0.16111,0.161411243842681
-0.1526,0.17415232940357
-0.14367,0.186444086449203
-0.13435,0.198229682143004
-0.12467,0.209451775126446
-0.11465,0.220061987643393
-0.10432,0.230013531471117
-0.093726,0.239250793994412
-0.082889,0.247731497013563
-0.071846,0.255413895069697
-0.060636,0.26225680602809
-0.049293,0.268224795684063
-0.037856,0.273284810803895
-0.026366,0.277405619497241
-0.014862,0.280560264101956
-0.0033818,0.282727328868769
0.0080291,0.283885227098522
0.019334,0.284019791903965
0.030489,0.283118354788223
0.041453,0.281172315385713
0.05219,0.27818079076759
0.062658,0.274145130507158
0.072816,0.269069593619894
0.082633,0.262968450984923
0.092069,0.255857375587107
0.10109,0.247757534164966
0.10967,0.238700192297752
0.11778,0.228722001868564
0.12539,0.21786250983765
0.13247,0.206162774389055
0.13901,0.193678963338376
0.14499,0.180470700931865
0.15038,0.166591544545253
0.15519,0.152118397583841
0.15939,0.137115401848455
0.16299,0.121664289487935
0.16598,0.105843964639486
0.16835,0.0897288650249944
0.17011,0.0734024932573191
0.17127,0.0569532532678636
0.17182,0.040456132645959
0.1718,0.0240100107903004
0.17119,0.00768571204111535
0.17002,-0.00843382509006333
0.16831,-0.0242659057560327
0.16608,-0.0397306604165748
0.16334,-0.0547604850770988
0.16012,-0.0692851795584871
0.15646,-0.0832274533559622
0.15238,-0.0965216864047517
0.1479,-0.109113979073345
0.14306,-0.120947121118071
0.1379,-0.131963359624358
0.13245,-0.142114038638532
0.12673,-0.151367142315135
0.1208,-0.159675968833176
0.11468,-0.167013419644291
0.10841,-0.173354742410133
0.10203,-0.17867834797163
0.095577,-0.182968585197142
0.089085,-0.186217805033946
0.082589,-0.188424839545255
0.076127,-0.189592105056164
0.069735,-0.189726842423692
0.063443,-0.188844918635767
0.057287,-0.186964760725086
0.0513,-0.184109020713287
0.045511,-0.180306508561379
0.039947,-0.175592074243526
0.034643,-0.16999892026466
0.029617,-0.163570895233185
0.024896,-0.156352856177788
0.020503,-0.148392448464801
0.016456,-0.139742162297018
0.012772,-0.130457864261961
0.009468,-0.120596744146777
0.0065526,-0.110221795054347
0.0040386,-0.0993959129113999
0.0019358,-0.088182425211733
0.00024424,-0.0766504624646756
-0.0010299,-0.0648673385948377
-0.0018854,-0.0529006262147583
-0.0023263,-0.0408200039348465
-0.0023531,-0.028692145914879
-0.0019759,-0.0165863638942329
-0.0011966,-0.00456588763280945
-3.197e-05,0.00730197361921026
0.0015106,0.0189557100834992
0.0034172,0.0303356890524158
0.005673,0.041385111769773
0.0082583,0.0520478081726157
0.011159,0.0622742027328209
0.014352,0.072015167979654
0.01782,0.0812280159914874
0.021535,0.0898689631568927
0.025478,0.0979016588082887
0.029625,0.105293513768331
0.033948,0.112013383344294
0.038424,0.118036312567658
0.043026,0.123340537016593
0.047728,0.127908672021678
0.052503,0.131727065634342
0.057323,0.134785165441653
0.062161,0.137076389533023
0.066995,0.138601666173327
0.071791,0.139359499253097
0.076526,0.139355010181148
0.081175,0.138597414475431
0.085714,0.137100078663778
0.090111,0.134873774448889
0.094349,0.131938289931801
0.098401,0.128313037409689
0.10224,0.124016861154138
0.10585,0.119076001177927
0.10921,0.113518460821326
0.1123,0.107373832546497
0.11509,0.100664947460641
0.11757,0.0934234752697637
0.11972,0.0856800548810336
0.12152,0.077463738986602
0.12297,0.0688163537094202
0.12404,0.0597667394794835
0.12473,0.050354675287112
0.12502,0.0406128704717053
0.12491,0.0305821975698058
0.12439,0.0203015480966188
0.12346,0.00981448164686348
0.1221,-0.000847748787916436
0.12032,-0.0116426037751143
0.11812,-0.0225271346651701
0.11551,-0.0334519778234863
0.11247,-0.0443862855798321
0.10904,-0.0552707978000481
0.1052,-0.0660695194394838
0.10097,-0.0767368250337547
0.096363,-0.0872259795945368
0.091391,-0.0974916043437209
0.086077,-0.107482767869316
0.08043,-0.117156065295863
0.074478,-0.126461573157196
0.068237,-0.135354639881542
0.06173,-0.143791211703251
0.054982,-0.151727762133451
0.048018,-0.159122709656372
0.040862,-0.165938258800365
0.033536,-0.172142535419767
0.026072,-0.177702286002738
0.018493,-0.182591083007294
0.010823,-0.186788366140759
0.003091,-0.190275559840809
-0.0046828,-0.193043093748115
-0.012469,-0.195082507031396
-0.020248,-0.196394097122695
-0.027997,-0.196983228242546
-0.03569,-0.196857207844218
-0.04331,-0.196031718754115
-0.050837,-0.19452688822199
-0.058249,-0.192364718526706
-0.065534,-0.189575812391816
-0.072674,-0.186192707425902
-0.079653,-0.182250337932853
-0.086466,-0.177792966189946
-0.093093,-0.172860263667746
-0.099537,-0.16750427988075
-0.10578,-0.161770218378467
-0.11183,-0.155715844953292
-0.11767,-0.149389045954736
-0.12331,-0.142848418412274
-0.12875,-0.136152185718012
-0.13399,-0.129356637371997
-0.13903,-0.122514881193326
-0.14388,-0.115683279936339
-0.14855,-0.108919129958012
-0.15304,-0.102271342279629
-0.15737,-0.0957953070465726
-0.16153,-0.0895276989574609
-0.16555,-0.0835184041017622
-0.16943,-0.0778041212190311
-0.17318,-0.0724169982735309
-0.17681,-0.0673842969715485
-0.18034,-0.0627356409515756
-0.18377,-0.0584866081416192
-0.18711,-0.0546480552310078
-0.19037,-0.0512263592655781
-0.19356,-0.048223740437033
-0.19668,-0.0456312471161963
-0.19975,-0.0434455957708136
-0.20275,-0.0416382403138182
-0.20571,-0.0401976825618376
-0.20861,-0.039089199620998
-0.21145,-0.0382747884346101
-0.21425,-0.0377293539241212
-0.21698,-0.0374016945574641
-0.21965,-0.0372503295037804
-0.22225,-0.0372277806707958
-0.22477,-0.0372828973382149
-0.22721,-0.037370258586852
-0.22954,-0.0374280582990711
-0.23176,-0.0374051156603065
-0.23387,-0.0372602237653787
-0.23583,-0.0369318267898621
-0.23763,-0.0363659020179395
-0.23926,-0.0355160769241931
-0.24071,-0.0343435691254181
-0.24195,-0.032802179577815
-0.24296,-0.0308485933131847
-0.24374,-0.0284580211972582
-0.24426,-0.0255993727477223
-0.2445,-0.0222450034902975
-0.24444,-0.0183710851067048
-0.24406,-0.01395781007768
-0.24335,-0.00899685271345225
-0.24229,-0.00348229590980245
-0.24086,0.0025893538182726
-0.23903,0.00922663014712307
-0.2368,0.0164194236645216
-0.23415,0.0241573644523064
-0.23105,0.0324372639006501
-0.2275,0.0412393703478286
-0.22348,0.05054565796712
-0.21898,0.060332352340461
-0.21398,0.0705788760378667
-0.20847,0.0812602119456966
-0.20245,0.0923408882613715
-0.1959,0.103792610929099
-0.18882,0.115578734501166
-0.18121,0.12765678238254
-0.17305,0.139995446881093
-0.16435,0.152551055796076
-0.1551,0.165285933726182
-0.14531,0.178153484453874
-0.13498,0.191108612940976
-0.12411,0.204108715526847
-0.11271,0.217107047261854
-0.10079,0.230054902510126
-0.088354,0.24290788300886
-0.075415,0.255619770210023
-0.061993,0.268139134260051
-0.048097,0.280420065749464
-0.03375,0.292412212963115
-0.018969,0.304067679125654
-0.0037812,0.315334552128358
0.011791,0.326162904064296
0.027718,0.336500715471268
0.043969,0.346295097823319
0.060511,0.355492575286135
0.077312,0.364041708952231
0.094327,0.371884818802024
0.11153,0.378975154188472
0.12886,0.385250524653164
0.14629,0.390663490296444
0.16376,0.395155770111541
0.18123,0.398677109378697
0.19866,0.401185497649274
0.21598,0.40262495680985
0.23315,0.402952377323076
0.25011,0.402121838830877
0.26681,0.400094243892089
0.2832,0.396837513882776
0.29922,0.392319173608086
0.31482,0.386515173697601
0.32994,0.379401984992888
0.34453,0.370964998161056
0.35854,0.361197657467546
0.37192,0.350100544803586
0.38461,0.337673041865908
0.39657,0.323928804670108
0.40776,0.308893053504188
0.41812,0.292585273452217
0.42763,0.275049760632595
0.43622,0.25631299834172
0.44388,0.236431080605321
0.45057,0.215460564337086
0.45625,0.193457115502843
0.46091,0.170496574196559
0.4645,0.146639589352183
0.46703,0.121977417052802
0.46845,0.0965792347333913
0.46877,0.0705389483307764
0.46798,0.0439530542970884
0.46606,0.0169100787882406
0.46303,-0.0104808105154849
0.45887,-0.0381265007741252
0.45359,-0.0659273804600404
0.44721,-0.0937741798657532
0.43974,-0.121560507962989
0.4312,-0.149178139666479
0.4216,-0.176528111519371
0.41098,-0.203499889400453
0.39936,-0.229991898454583
0.38677,-0.25590568938783
0.37324,-0.281148596104337
0.35882,-0.305620967544551
0.34355,-0.329228268503984
0.32745,-0.351898123908271
0.31059,-0.373541741392122
0.293,-0.394089820852501
0.27473,-0.413476624846181
0.25584,-0.431634455727702
0.23637,-0.44851143973338
0.21637,-0.464063264648433
0.19589,-0.478253720199789
0.17499,-0.491047512384347
0.15372,-0.502419218168423
0.13214,-0.512345430843737
0.1103,-0.520813144036215
0.088243,-0.527823995396614
0.066034,-0.533375831727775
0.043725,-0.537473793556944
0.021367,-0.540130140245952
-0.00098579,-0.541360772022729
-0.023286,-0.541189722718662
-0.045474,-0.539638397839698
-0.067506,-0.536737703238323
-0.089333,-0.532521959525428
-0.1109,-0.527023279014203
-0.13217,-0.520284791512269
-0.15309,-0.512345826776044
-0.17362,-0.503251472893597
-0.19371,-0.493043071060828
-0.21333,-0.481772796101456
-0.23243,-0.469485501506657
-0.25098,-0.456233818915523
-0.26894,-0.442067896311167
-0.28629,-0.427049344952346
-0.30298,-0.41122516543263
-0.31899,-0.39465144580457
-0.3343,-0.377390002675946
-0.34889,-0.359505502711583
-0.36271,-0.34104084339367
-0.37578,-0.322071795639933
-0.38806,-0.302654023244495
-0.39953,-0.282840043861517
-0.4102,-0.262700338816427
-0.42005,-0.242295512549841
-0.42907,-0.221683670343778
-0.43726,-0.200926397988866
-0.44461,-0.180078679110298
-0.45112,-0.159195711462396
-0.4568,-0.138338378634187
-0.46164,-0.117555313391934
-0.46564,-0.096890927521143
-0.46882,-0.0763993747246288
-0.47117,-0.0561185700860805
-0.47272,-0.0361014385594407
-0.47345,-0.0163741413634092
-0.4734,0.00301554587021473
-0.47256,0.0220411570521516
-0.47096,0.0406650076112357
-0.46859,0.0588714385631939
-0.4655,0.0766190696541946
-0.46167,0.0938991198526052
-0.45715,0.110678012302982
-0.45194,0.126940500294713
-0.44605,0.142679560195548
-0.43952,0.157873236232007
-0.43236,0.172510715081856
-0.4246,0.186576052225902
-0.41625,0.200064761927409
-0.40734,0.212967293038211
-0.3979,0.225270616165147
-0.38794,0.23697436381045
-0.3775,0.248066518287082
-0.36659,0.25854847890732
-0.35525,0.268410524179742
-0.34349,0.2776566854316
-0.33134,0.286287443520057
-0.31884,0.294293255237136
-0.30599,0.301686554226353
-0.29284,0.308460400085524
-0.2794,0.314622201896548
-0.26569,0.320183531016728
-0.25175,0.325144398641877
-0.2376,0.329510443315955
-0.22326,0.33329182946683
-0.20876,0.336494838326947
-0.19411,0.339137366246246
-0.17936,0.341216723390971
-0.16451,0.342750759181241
-0.14959,0.343751297559315
-0.13463,0.344225063474961
-0.11964,0.344189334254093
-0.10465,0.343654688275369
-0.089681,0.342632711481943
-0.074746,0.34114142930001
-0.05987,0.339194719223809
-0.045064,0.336813104689328
-0.030355,0.334010082174876
-0.015749,0.33080863729119
-0.0012656,0.327228710422471
0.01308,0.323290476664201
0.027279,0.319018448679617
0.041317,0.31443578660544
0.055185,0.309567871558054
0.068872,0.304439642589823
0.082374,0.299080107422095
0.09568,0.293515507060857
0.10879,0.287777179487295
0.12169,0.281889262423428
0.13438,0.275879663524688
0.14686,0.269778438606325
0.15913,0.263616423275673
0.17119,0.257424100395902
0.18304,0.251230684914662
0.19469,0.245070805083112
0.20613,0.238967549304083
0.21737,0.232948671879292
0.22842,0.227044733212306
0.23928,0.221280130857576
0.24997,0.215688212222291
0.26048,0.210286236766189
0.27083,0.205099980557924
0.28102,0.200146360038072
0.29106,0.195441844986237
0.30096,0.191001852173992
0.31073,0.186840288630513
0.32036,0.182954430775097
0.32987,0.179350147182592
0.33927,0.176032432984725
0.34854,0.172983025259947
0.3577,0.170194737741701
0.36675,0.16765448782081
0.3757,0.165351985916055
0.38452,0.163249699901911
0.39324,0.161333326661526
0.40183,0.159563142840997
0.41031,0.157916840330517
0.41866,0.156357059761604
0.42688,0.154850020051946
0.43495,0.153350876710888
0.44288,0.15182921761726
0.45065,0.150244894861546
0.45826,0.148565809010936
0.46567,0.146737676379084
0.4729,0.14473421835019
0.47992,0.142515561649027
0.48671,0.14003946479562
0.49326,0.137270437121528
0.49954,0.134164747088145
0.50554,0.130688155110529
0.51123,0.126800392932158
0.5166,0.122472413397334
0.52161,0.117663035493655
0.52623,0.112330025842574
0.53044,0.10643906258091
0.53421,0.0999559814339458
0.53751,0.092847932114548
0.5403,0.0850768853542861
0.54254,0.0766019312419774
0.54421,0.0673960042335334
0.54526,0.0574220376140126
0.54565,0.046643591650985
0.54535,0.0350334035638218
0.54432,0.0225652604506803
0.54252,0.00921482386332191
0.5399,-0.00504715382618059
0.53644,-0.0202305871340488
0.53208,-0.0363587894464553
0.52679,-0.0534427403841886
0.52054,-0.0714828605584804
0.51329,-0.0904781097065924
0.50499,-0.11043337333471
0.49564,-0.131320903946376
0.4852,-0.153116657630785
0.47363,-0.175799919939145
0.46093,-0.199323371519522
0.44708,-0.223634046573561
0.43206,-0.248675606442695
0.41585,-0.27439030916731
0.39848,-0.300683695248378
0.37991,-0.327485866240719
0.36017,-0.35469674943371
0.33926,-0.382216784363996
0.3172,-0.4099347104529
0.294,-0.437740282125583
0.26969,-0.465512367888878
0.24429,-0.493131895574228
0.21783,-0.520477507901767
0.19036,-0.547414790374582
0.16191,-0.573817570521165
0.13252,-0.599562750459223
0.10224,-0.624526132183922
0.071115,-0.6485902328149
0.039209,-0.671632711152459
0.0065732,-0.693540731479196
-0.026731,-0.714205327631117
-0.060639,-0.733521979927789
-0.095088,-0.751394695823526
-0.13001,-0.76773392992661
-0.16533,-0.782453430829281
-0.20098,-0.795477982064403
-0.23687,-0.806727914081013
-0.27295,-0.816152596373101
-0.30912,-0.823690118347756
-0.34531,-0.82929424492969
-0.38144,-0.83292613275474
-0.41743,-0.834554845819726
-0.45318,-0.834142745947635
-0.48863,-0.831678235766134
-0.52369,-0.827149677976778
-0.55827,-0.820546533165428
-0.5923,-0.811874994679813
-0.62569,-0.801140534650754
-0.65836,-0.788355999768224
-0.69023,-0.773540499181628
-0.72121,-0.75671090143795
-0.75125,-0.737911971681706
-0.78024,-0.71716593312716
-0.80813,-0.694521095085296
-0.83483,-0.670016352815968
-0.86029,-0.643711941827001
-0.88443,-0.615661846172908
-0.90718,-0.585921250614594
-0.92849,-0.554559849958693
-0.94829,-0.521642566826519
-0.96653,-0.487243664586412
-0.98317,-0.451450431166903
-0.99814,-0.414336176801884
-1,-0.367549326601506
-1,-0.312941388285799
-1,-0.25359630667494
-1,-0.192145315361071
-1,-0.13079360628473
-1,-0.0713494688669769
-1,-0.0152553057761235
-1,0.0363800679139288
-1,0.0827484179788244
-1,0.123308920888543
-1,0.157755331853569
-1,0.185983942118963
-1,0.208062720599409
-1,0.224201975900013
-1,0.23472681460616
-0.9889,0.248263488498599
-0.97234,0.267534490888377
-0.95397,0.291910298898926
-0.93383,0.320741368758008
-0.91195,0.353379569929693
-0.88838,0.389174231043903
-0.86317,0.427484751724296
-0.83636,0.46769878610784
-0.808,0.509232207022564
-0.77816,0.55152171257989
-0.74689,0.594048598031047
-0.71425,0.636335198268089
-0.68033,0.677926723001948
-0.64517,0.718435674065499
-0.60887,0.75749497195162
-0.57148,0.794801367065025
-0.5331,0.830075109251784
-0.49379,0.863093641637777
-0.45365,0.893658290933794
-0.41274,0.921626111604803
-0.37117,0.946867634589193
-0.329,0.969306476800102
-0.28633,0.988883341108598
-0.24324,1.00557092196513
-0.19982,1.01936285173373
-0.15616,1.0302715781623
-0.11233,1.03834087188845
-0.06843,1.04361801833083
-0.024539,1.04616891620953
0.019271,1.04607928397392
0.062905,1.04343280631854
0.10629,1.03832671645918
0.14936,1.03087277378361
0.19202,1.02117091908708
0.23421,1.00933554131163
0.27585,0.995475462429473
0.31689,0.979714811160301
0.35725,0.9621649560163
0.39688,0.942946475894485
0.43571,0.922169536888263
0.47369,0.899947829571093
0.51076,0.876387426354556
0.54687,0.851592704786327
0.58197,0.825663689797651
0.61601,0.798693954749666
0.64897,0.770791226110916
0.68078,0.742034404892781
0.71143,0.712520976377572
0.74087,0.682330735102225
0.76908,0.651548747187131
0.79603,0.620254101832103
0.82169,0.588518371861723
0.84605,0.556419335334316
0.86908,0.524022275232758
0.89076,0.491387402989333
0.91109,0.458583356423006
0.93005,0.425668277975
0.94763,0.392697020926559
0.96381,0.359712241797735
0.9786,0.326767122685551
0.99198,0.293899046265646
1,0.258223532458815
1,0.215526364781981
1,0.168527348618632
1,0.119537038570875
1,0.0704835105242121
1,0.0229407729013578
1,-0.021841655031873
1,-0.0629084717152357
1,-0.0995680889061703
1,-0.131362328565774
1,-0.158036719802284
1,-0.179511752376618
1,-0.195855396424445
1,-0.207257148620607
1,-0.214003814717225
1,-0.216457188671671
1,-0.215033740637201
0.98798,-0.219078881226904
0.97413,-0.228473574590464
0.95889,-0.242686238749502
0.94225,-0.261192416753036
0.92422,-0.283465813663237
0.90484,-0.308964614074681
0.8841,-0.337180848882148
0.86203,-0.367613530068159
0.83865,-0.399784530088315
0.814,-0.433229257779274
0.78808,-0.467533778391008
0.76093,-0.502304811247264
0.73259,-0.537175091054108
0.70308,-0.571822230715227
0.67245,-0.605946162979396
0.64073,-0.639287685734567
0.60798,-0.671605639052577
0.57423,-0.702702644451259
0.53953,-0.7324079213816
0.50394,-0.760570290950773
0.4675,-0.787074317026796
0.43029,-0.81180808486124
0.39235,-0.834696349157335
0.35375,-0.855674548779332
0.31456,-0.874689776492833
0.27483,-0.89171602655039
0.23465,-0.906721379945415
0.19408,-0.919693431708658
0.15319,-0.930629638070315
0.11206,-0.939529226017087
0.070757,-0.946403568343929
0.029363,-0.951263452410054
-0.012054,-0.954130212442419
-0.053411,-0.955022907863279
-0.094637,-0.953967946346585
-0.13566,-0.950996964731509
-0.1764,-0.946139742672143
-0.21678,-0.939426604350389
-0.25673,-0.930893231309227
-0.29618,-0.920579167298338
-0.33506,-0.908526457720853
-0.3733,-0.894778431296196
-0.41083,-0.879378627844452
-0.44758,-0.862369872794833
-0.4835,-0.843808292311229
-0.5185,-0.82372984149338
-0.55254,-0.80219036225014
-0.58555,-0.779238142303404
-0.61747,-0.754921541659516
-0.64825,-0.729295092629969
-0.67784,-0.702416828195854
-0.70618,-0.674338608087819
-0.73322,-0.645113233363667
-0.75892,-0.614800121335948
-0.78323,-0.583454889505099
-0.80612,-0.551143219474243
-0.82755,-0.517929556087026
-0.84746,-0.483860603312466
-0.86585,-0.44901161479072
-0.88268,-0.413448988200671
-0.8979,-0.377222512531712
-0.91151,-0.340403886694547
-0.92348,-0.303058014545695
-0.93378,-0.265242217790804
-0.9424,-0.227020560051917
-0.94933,-0.188460410369065
-0.95454,-0.149614781974026
-0.95804,-0.110552825197719
-0.95981,-0.0713322020121424
-0.95984,-0.0320066897057713
-0.95815,0.00735281353802571
-0.95473,0.0466861780955607
-0.94958,0.0859366686176926
-0.94272,0.125037533243435
-0.93417,0.163916245829602
-0.92392,0.202520268658547
-0.91202,0.240770751002368
-0.89848,0.278599856622516
-0.88332,0.315943588951427
-0.86658,0.352728532939485
-0.84829,0.388883605989042
-0.8285,0.424327284572387
-0.80724,0.458987173468016
-0.78455,0.492793370086815
-0.76049,0.525665672746248
-0.7351,0.557533127588859
-0.70844,0.588319970010015
-0.68056,0.617956620200437
-0.65153,0.646366204507041
-0.62142,0.673468677302307
-0.59027,0.699206421398265
-0.55816,0.723512548383378
-0.52516,0.746322576252803
-0.49134,0.76757637702123
-0.45678,0.78721223969774
-0.42154,0.805184315589197
-0.38572,0.821431891170011
-0.34937,0.835921566742693
-0.31259,0.848606578688698
-0.27545,0.859453520736613
-0.23803,0.868433933206068
-0.20041,0.875524782998719
-0.16268,0.880701292608973
-0.1249,0.883960768390584
-0.087176,0.885285003118789
-0.049573,0.884674690887267
-0.012174,0.882133007628892
0.024939,0.877666341292925
0.061692,0.871289937858707
0.098003,0.863020354284094
0.1338,0.852882617751893
0.169,0.840900204617022
0.20354,0.827109891634723
0.23733,0.811538578081466
0.27032,0.794234372033978
0.30243,0.775239283920294
0.3336,0.754604316554642
0.36377,0.732386555491108
0.39286,0.708631829873504
0.42085,0.683420150879709
0.44764,0.656797864062313
0.47322,0.628849523196821
0.49752,0.599643842832895
0.52049,0.569249675497093
0.54211,0.537756225959156
0.56232,0.505237008380819
0.58109,0.471772927627433
0.59838,0.437441055293739
0.61418,0.402335231868158
0.62844,0.36653042864344
0.64115,0.330113638622116
0.65228,0.293164044750031
0.66182,0.255766792388057
0.66975,0.218001713821181
0.67605,0.179941742992095
0.68073,0.141673975296461
0.68376,0.103264482257613
0.68515,0.0647896412438327
0.68491,0.0263315172653907
0.68303,-0.0120408049779261
0.67952,-0.0502563683015017
0.67439,-0.0882452299023941
0.66765,-0.125940769100911
0.65933,-0.163266675372621
0.64943,-0.200163696722652
0.638,-0.236551594689028
0.62504,-0.272372989189733
0.6106,-0.307554148124586
0.5947,-0.342032983334472
0.57739,-0.375736933737482
0.55871,-0.408594996587562
0.53869,-0.440547384989736
0.51739,-0.471523446585622
0.49486,-0.501453730186467
0.47116,-0.530264882062081
0.44633,-0.557897827418691
0.42045,-0.584277684965854
0.39357,-0.609341700245267
0.36577,-0.633017066601826
0.33712,-0.655232895704172
0.30768,-0.675929816579827
0.27754,-0.695037838776413
0.24677,-0.71249576507845
0.21545,-0.728244420698905
0.18368,-0.742213748468379
0.15152,-0.754357060907572
0.11907,-0.764618877892918
0.086409,-0.772954348938588
0.053633,-0.779316515472785
0.020826,-0.783667540486186
-0.011923,-0.78597493979278
-0.044527,-0.786213574253323
-0.076893,-0.784361132598074
-0.10894,-0.78040771135934
-0.14057,-0.774341744369965
-0.1717,-0.766162345484445
-0.20225,-0.755880076481622
-0.23214,-0.74351502635337
-0.26126,-0.729072789437032
-0.28957,-0.71259939542395
-0.31695,-0.694113557955366
-0.34335,-0.673663672456471
-0.36868,-0.651291577587502
-0.39288,-0.627055250456877
-0.41588,-0.601017044555905
-0.43761,-0.57324144312058
-0.458,-0.543793132003867
-0.477,-0.512750175373062
-0.49456,-0.480199447626573
-0.51062,-0.446225276666883
-0.52514,-0.410922483424632
-0.53807,-0.374384371624523
-0.54937,-0.336707820459856
-0.55903,-0.29801203344803
-0.56699,-0.258393852279417
-0.57325,-0.217973613024026
-0.5778,-0.176879668974821
-0.58061,-0.135228266555751
-0.58168,-0.0931445507275513
-0.58102,-0.0507644143331753
-0.57862,-0.00821347440608737
-0.5745,0.0343726845364014
-0.56869,0.0768472963499602
-0.56118,0.119088752124482
-0.55202,0.160955338045412
-0.54124,0.202308491027273
-0.52887,0.243016704722689
-0.51495,0.28295115083788
-0.49953,0.321982122829589
-0.48265,0.359991018803587
-0.46438,0.396850158865155
-0.44477,0.432443757462906
-0.42387,0.466669751794326
-0.40177,0.499411360850658
-0.37851,0.530581116866087
-0.35417,0.560089043487995
-0.32883,0.587846665437279
-0.30256,0.613777585195262
-0.27544,0.637810898155322
-0.24754,0.659890528872969
-0.21894,0.679967567299374
-0.18973,0.69799388445096
-0.15998,0.713939122870988
-0.12978,0.727774316260925
-0.0992,0.739488202492333
-0.068339,0.749063630086379
-0.037263,0.756504503971258
-0.0060583,0.761817489714212
0.025197,0.765018227671004
0.056423,0.76612865447419
0.087548,0.765182020777138
0.11849,0.762212900331581
0.14919,0.757273670677251
0.17957,0.750416210076175
0.20955,0.741689662724942
0.23908,0.731162301114648
0.26808,0.718894211709294
0.29651,0.704967200902606
0.32429,0.689449100168058
0.35137,0.672417061349165
0.3777,0.6539538318664
0.40322,0.634137153221525
0.4279,0.613060867827593
0.45166,0.590792283368162
0.47449,0.567427186264671
0.49633,0.543044638630236
0.51714,0.517722703347846
0.5369,0.491551087701144
0.55557,0.464611412290303
0.57312,0.436983663853803
0.58952,0.40874399648715
0.60475,0.379970419317836
0.61879,0.350739907535199
0.63162,0.321126074787966
0.64323,0.291204754763041
0.6536,0.261043627792384
0.66272,0.230708841129345
0.67057,0.200255570860332
0.67716,0.169750270750241
0.68248,0.13925132922932
0.68652,0.108808475789645
0.68928,0.0784699102845898
0.69076,0.048280691249057
0.69097,0.0182889211654325
0.68989,-0.0114789269401575
0.68755,-0.0409781641205352
0.68394,-0.0701807935545241
0.67908,-0.0990514235113013
0.67297,-0.127565015901591
0.66562,-0.155698719924681
0.65705,-0.183425219618414
0.64728,-0.210714858778066
0.63632,-0.237544788776232
0.6242,-0.263883962226272
0.61094,-0.289703421031284
0.59657,-0.314969723973791
0.58111,-0.339654546649452
0.56461,-0.363712689591254
0.54709,-0.387109153303889
0.52859,-0.40980371033956
0.50916,-0.431746001363207
0.48883,-0.452894025695009
0.46764,-0.473206645755894
0.44565,-0.492630133851463
0.42289,-0.511124633547257
0.39943,-0.52863335974135
0.37529,-0.545124785930948
0.35054,-0.560552041079252
0.32522,-0.574879757464489
0.29939,-0.588068427704166
0.2731,-0.600084095726371
0.24639,-0.610906024920756
0.21931,-0.620517751089874
0.19193,-0.628892357563736
0.16428,-0.63602523678308
0.13642,-0.641908137583651
0.10839,-0.646545314037702
0.080246,-0.649939570291356
0.052037,-0.652098038725031
0.023803,-0.653038177456261
-0.0044056,-0.652777966043225
-0.032543,-0.651339054967848
-0.060568,-0.648749175838731
-0.088441,-0.645041677974971
-0.11611,-0.640244621283247
-0.14355,-0.634401225695747
-0.17072,-0.62755412592105
-0.19757,-0.619737838003249
-0.22408,-0.611001698297766
-0.2502,-0.601383557510553
-0.27591,-0.590933218947015
-0.30116,-0.579686606204739
-0.32594,-0.567697043620493
-0.35022,-0.555015614491634
-0.37395,-0.541675360413809
-0.39713,-0.527730746478204
-0.41971,-0.513214930617922
-0.44169,-0.498179815866292
-0.46302,-0.482653860321578
-0.4837,-0.466682621858242
-0.50369,-0.450294409567067
-0.52299,-0.433532205531681
-0.54156,-0.416419830771619
-0.5594,-0.398994331368068
-0.57647,-0.381272558676171
-0.59277,-0.363283920361452
-0.60829,-0.345059471737079
-0.62299,-0.326608293689636
-0.63688,-0.307958182128669
-0.64993,-0.289121397863435
-0.66213,-0.270111847942912
-0.67347,-0.250944099149312
-0.68394,-0.231632578726495
-0.69352,-0.212183545655737
-0.7022,-0.192603627598962
-0.70998,-0.172906702701476
-0.71683,-0.153089688636808
-0.72277,-0.133172646597398
-0.72777,-0.113156559089291
-0.73183,-0.0930489730241839
-0.73495,-0.0728623137201101
-0.73712,-0.0526050207976872
-0.73834,-0.0322893065556382
-0.7386,-0.0119225239999044
-0.7379,0.00848486742425821
-0.73626,0.0289055562730957
-0.73365,0.0493364989901036
-0.7301,0.0697500802905173
-0.7256,0.0901293455113371
-0.72015,0.110459136993245
-0.71377,0.130711516173146
-0.70646,0.150863924458405
-0.69823,0.170891495242494
-0.68908,0.190775720388427
-0.67904,0.210481690774326
-0.66811,0.229984553649323
-0.65631,0.249253601333529
-0.64364,0.268269197345466
-0.63014,0.286991761690152
-0.6158,0.305403858785333
-0.60065,0.323476991202831
-0.58471,0.341182112786461
-0.56799,0.358498114687371
-0.55053,0.375388881956435
-0.53233,0.391836965207215
-0.51343,0.407811073719389
-0.49384,0.423292013408777
-0.47359,0.438256299810922
-0.45271,0.452677857648254
-0.43122,0.466536850386461
-0.40916,0.479804448454749
-0.38654,0.49246776749517
-0.36341,0.504497784678949
-0.33979,0.515875668352933
-0.3157,0.526591546516457
-0.29119,0.536621100556425
-0.26629,0.545944043422647
-0.24102,0.554551506607307
-0.21542,0.562429517256255
-0.18953,0.569560599636052
-0.16337,0.575939938832922
-0.13698,0.58155849638779
-0.1104,0.586404297205941
-0.083656,0.590473884553582
-0.056786,0.593762097934783
-0.029828,0.596262746625867
-0.0028156,0.597972421060399
0.024209,0.59888386820356
0.05122,0.598999233644944
0.078171,0.598313118750034
0.10503,0.596824997164832
0.13176,0.594534736832605
0.15832,0.591439713286877
0.18467,0.587536233681437
0.21078,0.582827360156538
0.2366,0.577306846711552
0.26211,0.570983407107192
0.28727,0.56386290374758
0.31203,0.555941455543319
0.33636,0.547222304925167
0.36023,0.537714430274594
0.38361,0.527431281428507
0.40645,0.516374843879512
0.42873,0.504560056351235
0.45041,0.49199716611761
0.47147,0.47870720911448
0.49188,0.464712010289864
0.5116,0.450026091806572
0.53061,0.434672507831445
0.54888,0.418673184631811
0.56639,0.402055946618559
0.58311,0.384845219783085
0.59903,0.367076801234209
0.61412,0.348779870402734
0.62837,0.32999222980571
0.64174,0.310735362462201
0.65423,0.291046502464176
0.66581,0.2709522871779
0.67649,0.250499560942214
0.68623,0.229713100616833
0.69503,0.208628660036133
0.70287,0.187274921449408
0.70974,0.165681311104052
0.71564,0.143884267619512
0.72054,0.121902520679915
0.72445,0.0997693837425133
0.72736,0.0775140223405759
0.72926,0.0551612561116952
0.73014,0.032731498888091
0.72999,0.0102408158812388
0.72883,-0.0122767277588066
0.72664,-0.0348032838283538
0.72342,-0.0573200057023672
0.71919,-0.0797932035139951
0.71393,-0.102207937483708
0.70767,-0.124528044671184
0.70039,-0.146738433812532
0.69212,-0.168804667337158
0.68286,-0.190700056485867
0.67263,-0.212390313300538
0.66145,-0.2338361729075
0.64932,-0.255010430622924
0.63628,-0.275866995272184
0.62233,-0.296375609722191
0.60752,-0.316482864377562
0.59186,-0.336147945863771
0.57538,-0.355326756198521
0.55811,-0.373974010039066
0.54008,-0.392044964868039
0.52132,-0.409496814037364
0.50188,-0.426274977086242
0.48178,-0.442339342873473
0.46107,-0.457640684190917
0.43978,-0.472138879494893
0.41796,-0.485787786899713
0.39564,-0.498552804095338
0.37286,-0.510402544735571
0.34967,-0.521302054977819
0.32612,-0.531214829231893
0.30224,-0.540119264962258
0.27807,-0.547999359131261
0.25366,-0.554837066723865
0.22905,-0.56062097405016
0.20429,-0.565338311675234
0.17941,-0.568990729119903
0.15446,-0.571577039993461
0.12947,-0.573108957840191
0.10449,-0.573593839233004
0.079559,-0.573043790964766
0.054709,-0.571479901353534
0.029982,-0.56892282312522
0.0054122,-0.565398331882134
-0.01896,-0.560931287208598
-0.0431,-0.55554963306024
-0.066975,-0.549284552647172
-0.090547,-0.542165302950605
-0.11378,-0.534220394164057
-0.13665,-0.525485925872481
-0.15911,-0.515986196757226
-0.18113,-0.505747935049528
-0.20269,-0.494806502162147
-0.22375,-0.483188466280741
-0.24429,-0.470927347538265
-0.26426,-0.458039123095935
-0.28366,-0.4445620884544
-0.30245,-0.430521832351728
-0.3206,-0.415940304705578
-0.3381,-0.400850594352756
-0.35491,-0.385271563878238
-0.37103,-0.369239537195698
-0.38641,-0.352766811175853
-0.40106,-0.335890186619099
-0.41494,-0.31862808503189
-0.42805,-0.301013024342738
-0.44037,-0.283073043337759
-0.45188,-0.264831635089128
-0.46257,-0.246315193925876
-0.47243,-0.227551541852136
-0.48146,-0.208576100601275
-0.48963,-0.189407080237627
-0.49697,-0.170092484465832
-0.50345,-0.150658471635889
-0.50907,-0.131134856908744
-0.51384,-0.111560762645521
-0.51776,-0.0919741429128537
-0.52083,-0.0724107607641523
-0.52305,-0.0529034063072481
-0.52444,-0.0334961265883191
-0.525,-0.0142258157395076
-0.52475,0.00486286032992128
-0.52369,0.0237352325700397
-0.52185,0.0423437199768588
-0.51923,0.060654085315264
-0.51585,0.0786292814737167
-0.51174,0.0962239110098228
-0.50692,0.113394766550959
-0.5014,0.130109277819653
-0.49521,0.146329871916184
-0.48837,0.162023692255453
-0.48091,0.177155518211633
-0.47286,0.191689517063154
-0.46425,0.205590670385186
-0.45509,0.218840700554694
-0.44543,0.2314061040835
-0.4353,0.243257150103174
-0.42471,0.254383088570094
-0.41371,0.264759547227019
-0.40233,0.274366973226862
-0.3906,0.283190564678005
-0.37855,0.291220090181954
-0.36621,0.298449618848565
-0.35361,0.30487718149367
-0.3408,0.310489585669079
-0.3278,0.315287426121325
-0.31464,0.31927528979183
-0.30136,0.322453749170797
-0.28799,0.324827783031748
-0.27456,0.326406033947662
-0.26111,0.32719270202489
-0.24766,0.327203294818156
-0.23425,0.3264474274394
-0.22091,0.324937281129097
-0.20767,0.322686935154764
-0.19455,0.31971916049878
-0.18159,0.316048465835345
-0.16881,0.311697208979732
-0.15624,0.30668616972938
-0.14391,0.301034370702109
-0.13183,0.294773751030719
-0.12004,0.287923663272313
-0.10855,0.280515000183113
-0.097376,0.272582697561522
-0.08655,0.264152177103251
-0.076085,0.255254525729673
-0.065993,0.245925250570853
-0.056294,0.236196491873627
-0.046998,0.226104127703694
-0.038114,0.21568672924705
-0.029658,0.204978716345808
-0.02163,0.194021940719901
-0.01404,0.182855583954057
-0.0068931,0.171519088857906
-0.00018952,0.160054481727481
0.0060688,0.148503281151089
0.011879,0.136904595391187
0.017249,0.125302288472083
0.022181,0.113738417018723
0.026674,0.102249837151163
0.030745,0.0908812685081701
0.034399,0.0796734232924737
0.037644,0.0686646266241254
0.040491,0.0578921697347327
0.042956,0.0473948979076113
0.045052,0.0372093336391417
0.046791,0.0273680843661999
0.048198,0.0179090086486847
0.04928,0.00885953729528751
0.050067,0.000254626808942407
0.050576,-0.00787559206064808
0.050824,-0.0155060285342403
0.050844,-0.0226048428961058
0.050654,-0.029147042633425
0.050283,-0.0351060303860027
0.049761,-0.0404542275787147
0.049118,-0.0451643352055012
0.048376,-0.0492162572187785
0.047575,-0.0525832633643951
0.046746,-0.0552409711748562
0.045917,-0.0571700803414304
0.045128,-0.0583473497763244
0.044408,-0.0587554327814061
0.043792,-0.0583780730223344
0.043319,-0.0571976789665309
0.043015,-0.0552059690302013
0.042917,-0.0523945553336777
