-0.50275,0
-0.51347,-0.100121632766894
-0.52327,-0.143194451558632
-0.53214,-0.162612758779485
-0.5401,-0.17075181211901
-0.54713,-0.170378773785767
-0.55322,-0.161621312954683
-0.55839,-0.145577961886086
-0.56264,-0.12468829754407
-0.56597,-0.101484523758902
-0.56838,-0.0776894207338714
-0.56989,-0.0542353624739843
-0.57052,-0.0315187881569881
-0.57026,-0.00958055017503357
-0.56914,0.0115909351477238
-0.56717,0.0320644167647685
-0.56438,0.0518852836571393
-0.56077,0.0711329991862132
-0.55639,0.0898166156321732
-0.55124,0.107981853119948
-0.54536,0.125634969968898
-0.53876,0.142797505267787
-0.53149,0.159450673982724
-0.52357,0.175585691173021
-0.51502,0.19119794057636
-0.50588,0.206264379102636
-0.49619,0.220750021832194
-0.48598,0.234620610751432
-0.47527,0.247850127639346
-0.46411,0.260392664339554
-0.45252,0.27221315106064
-0.44055,0.283260875260347
-0.42823,0.293490639769646
-0.41558,0.302870495146496
-0.40265,0.311357604482996
-0.38947,0.318918318812438
-0.37607,0.325528505903759
-0.36248,0.331173797743207
-0.34873,0.335849566966569
-0.33486,0.339553083526398
-0.32089,0.342299238089215
-0.30685,0.344110107219383
-0.29277,0.345013541566807
-0.27868,0.34504160629892
-0.2646,0.344236450554324
-0.25054,0.342654633731607
-0.23654,0.340340365369956
-0.22262,0.337341466294903
-0.20878,0.333722109213696
-0.19505,0.329535477554299
-0.18144,0.32483927637425
-0.16797,0.319685814151188
-0.15463,0.314143886946335
-0.14145,0.30826401626506
-0.12842,0.302110301633937
-0.11555,0.295741177075426
-0.10285,0.289208882604575
-0.090302,0.282579882542962
-0.077918,0.275907958002528
-0.065693,0.269247620789384
-0.05362,0.262653741077291
-0.041694,0.256178244273125
-0.029904,0.249873411208578
-0.018242,0.24378784128676
-0.0066983,0.237966747993296
0.0047398,0.232453226645872
0.016085,0.227287099595956
0.027351,0.222504802862722
0.038551,0.218138268933743
0.049702,0.214217323835626
0.060817,0.210765907049942
0.071912,0.207804360974011
0.083002,0.205348417614148
0.094103,0.203409991593052
0.10523,0.201996451293589
0.11639,0.201104984318577
0.12761,0.200739047303473
0.13889,0.20088671726379
0.15024,0.201531029547156
0.16168,0.202658459256936
0.17322,0.204250908627873
0.18485,0.206271999213327
0.19659,0.208693500332435
0.20844,0.211479471256875
0.2204,0.214588512022838
0.23248,0.217983148050923
0.24467,0.221615142570685
0.25696,0.225428762709055
0.26935,0.229371033463049
0.28184,0.233392579036445
0.2944,0.237426061742472
0.30704,0.241421075572442
0.31972,0.245305303891473
0.33243,0.249012984809253
0.34515,0.252478132071757
0.35785,0.255629120598605
0.37051,0.258399295161135
0.38309,0.260713238203201
0.39557,0.262505547126828
0.40791,0.263706158675896
0.42008,0.264250863182083
0.43204,0.264074861943894
0.44374,0.263107613756661
0.45517,0.261305833477398
0.46626,0.258605449905565
0.47699,0.254964795249855
0.48732,0.250347073439756
0.4972,0.244713516554108
0.5066,0.238040105328039
0.51548,0.230308475962455
0.5238,0.221505838170458
0.53154,0.211639546070407
0.53865,0.200711327121112
0.54511,0.188741008396258
0.55088,0.175748159217814
0.55595,0.161774254146416
0.56027,0.146848158365095
0.56384,0.131025156733619
0.56662,0.114351115348427
0.56861,0.096892964658179
0.56978,0.0787108970714981
0.57011,0.0598656624189313
0.56961,0.0404391663072585
0.56824,0.0204913069664859
0.56602,0.000107055502217832
0.56292,-0.0206476606377718
0.55896,-0.0416871091066985
0.55412,-0.0629415722877056
0.5484,-0.0843414756259299
0.54181,-0.105812040251471
0.53436,-0.12727653663063
0.52605,-0.148666388199114
0.51688,-0.169921750229762
0.50687,-0.190976996159214
0.49604,-0.21176398254824
0.48439,-0.232229556241845
0.47194,-0.25231972038975
0.45872,-0.27197430831208
0.44473,-0.291152442227075
0.43,-0.309808192603823
0.41456,-0.327893286159584
0.39842,-0.345374137426457
0.38162,-0.362208219601223
0.36417,-0.378369627375417
0.3461,-0.39383226672887
0.32745,-0.408563701358888
0.30824,-0.422542526912907
0.2885,-0.435749891219936
0.26826,-0.448169982161095
0.24754,-0.459797724296315
0.2264,-0.470607705014434
0.20484,-0.480603592177939
0.18292,-0.489768441063071
0.16065,-0.498106517783731
0.13808,-0.505609870259737
0.11523,-0.512283456948289
0.092151,-0.518119923614846
0.068863,-0.523125426989317
0.045406,-0.527302357751047
0.021811,-0.530656945438933
-0.0018842,-0.53319357890954
-0.025647,-0.534919130809807
-0.049442,-0.535840441051634
-0.073237,-0.535966708573906
-0.096997,-0.53530690182947
-0.12069,-0.533871949400955
-0.14428,-0.531671259270037
-0.16773,-0.528712152667445
-0.19101,-0.525005360516087
-0.21409,-0.520564175374661
-0.23694,-0.515403691174999
-0.25952,-0.509532732643033
-0.28181,-0.50296968447348
-0.30376,-0.495718007031913
-0.32536,-0.487798647973675
-0.34657,-0.479223931131942
-0.36735,-0.46999891288707
-0.38769,-0.460144834320829
-0.40755,-0.449673225573783
-0.4269,-0.438594862037853
-0.44572,-0.42692698796965
-0.46398,-0.414684175639548
-0.48164,-0.40187101756214
-0.49869,-0.388506066868276
-0.5151,-0.37460379072913
-0.53084,-0.360174921305327
-0.54587,-0.345219423784418
-0.56019,-0.32975808128051
-0.57376,-0.313798250227765
-0.58656,-0.297350983935515
-0.59855,-0.280415141391256
-0.60973,-0.263009270677061
-0.62006,-0.245137633472779
-0.62952,-0.22680756849852
-0.63809,-0.208028607688012
-0.64574,-0.188804314421043
-0.65245,-0.169140650029322
-0.65821,-0.149052657842558
-0.66299,-0.128547434272627
-0.66676,-0.107625396954196
-0.66952,-0.0863036625801309
-0.67124,-0.0645900885838019
-0.6719,-0.0424921763628625
-0.6715,-0.0200316480676556
-0.67001,0.00278114772768204
-0.66742,0.0259305943676052
-0.66372,0.0493973301949832
-0.6589,0.073159571281639
-0.65296,0.0971868459086268
-0.64588,0.121457363519426
-0.63765,0.145949615836226
-0.62829,0.170620818922433
-0.61778,0.195441860556393
-0.60613,0.220373353213462
-0.59334,0.245376202500881
-0.57942,0.270405335439706
-0.56438,0.29541221148362
-0.54822,0.320354349728996
-0.53096,0.345180685457467
-0.51262,0.369834798758192
-0.49322,0.394257667892834
-0.47278,0.418389976774415
-0.45132,0.442174008146979
-0.42886,0.465555155699954
-0.40544,0.488468293251319
-0.3811,0.510841866274928
-0.35585,0.532623562796513
-0.32975,0.553741367480913
-0.30283,0.574131869837863
-0.27514,0.593725890422286
-0.24671,0.612466655517029
-0.21761,0.630279767176225
-0.18789,0.647093843360242
-0.15759,0.662849692975265
-0.12678,0.677477838028853
-0.095516,0.690913219696635
-0.063863,0.703089934975205
-0.031889,0.713941468464958
0.00034072,0.723405136519549
0.032754,0.731418482205574
0.065277,0.737920220174859
0.097837,0.742853046471638
0.13036,0.746164033818109
0.16276,0.747796913743587
0.19496,0.747701474174226
0.22689,0.745839500846715
0.25846,0.742169291317393
0.2896,0.736662843917352
0.32022,0.729289764282092
0.35025,0.720033931247211
0.37961,0.708884358521604
0.40822,0.695835077657502
0.43601,0.680892286051086
0.4629,0.664064976430446
0.48883,0.645379472111493
0.51372,0.624861076492795
0.53751,0.602548854761917
0.56013,0.578484958242903
0.58153,0.552728085470756
0.60165,0.52534166840222
0.62043,0.496391571528733
0.63783,0.465958905904573
0.6538,0.434127718178618
0.6683,0.400989725065032
0.68128,0.366633070457581
0.69272,0.331162874298614
0.70259,0.294687711127474
0.71086,0.257315958114469
0.7175,0.219152783280031
0.72251,0.180319921878997
0.72587,0.140934149910509
0.72758,0.101119588371693
0.72763,0.0609951772302805
0.72603,0.0206868425079695
0.72278,-0.0196851242253772
0.7179,-0.0599939567857694
0.7114,-0.10011906223144
0.70331,-0.139933913825072
0.69365,-0.179318680482687
0.68245,-0.218155483405518
0.66975,-0.256324563843273
0.65559,-0.293708670763053
0.64001,-0.330196563450753
0.62305,-0.365685712346675
0.60476,-0.40007688349629
0.58521,-0.433262308225162
0.56444,-0.465153357378854
0.54251,-0.495665386897399
0.51949,-0.524712829615814
0.49544,-0.552220051392674
0.47043,-0.578115049243423
0.44453,-0.602331670069087
0.41781,-0.624811237060729
0.39034,-0.645503655781522
0.3622,-0.664360671147163
0.33347,-0.681337756574709
0.30421,-0.696410307744246
0.27452,-0.709541779132755
0.24448,-0.720702650685234
0.21416,-0.729878097681841
0.18364,-0.737058976407413
0.15301,-0.742234377158723
0.12235,-0.745400413626567
0.09175,-0.746552288181661
0.06128,-0.745700068295736
0.031027,-0.742853613755244
0.0010687,-0.738029844558919
-0.028512,-0.731247644072322
-0.057641,-0.722534009788351
-0.08624,-0.711919140479624
-0.11424,-0.699442333737923
-0.14156,-0.685140702379636
-0.16813,-0.669057096491452
-0.1939,-0.651252949350118
-0.21879,-0.631781128299059
-0.24275,-0.610708598970687
-0.26572,-0.588104688529493
-0.28764,-0.564038910907742
-0.30847,-0.538593945170928
-0.32816,-0.511853517176884
-0.34668,-0.483914744113638
-0.36397,-0.454860699787216
-0.38002,-0.424797775486209
-0.39478,-0.393818568825058
-0.40824,-0.362031446518428
-0.42037,-0.329539529895901
-0.43116,-0.296453428433188
-0.4406,-0.262886463646995
-0.44867,-0.228943303014105
-0.45537,-0.194733155271244
-0.46071,-0.160372845917748
-0.46468,-0.125966871927775
-0.4673,-0.0916285802571183
-0.46857,-0.0574599857334918
-0.46852,-0.0235727439653765
-0.46716,0.00993220786453053
-0.46452,0.0429512273431946
-0.46062,0.0753894365640402
-0.45549,0.107154971924118
-0.44917,0.138154292192323
-0.4417,0.168295846416766
-0.43311,0.197500386361661
-0.42345,0.225686785988695
-0.41277,0.252775457824201
-0.40111,0.278698461418847
-0.38852,0.303392561484698
-0.37506,0.326793508828512
-0.36078,0.348846236844681
-0.34574,0.369498038443286
-0.33,0.388700388921378
-0.3136,0.406425084866691
-0.29663,0.422624937149228
-0.27913,0.437276513134387
-0.26117,0.450354775673638
-0.2428,0.461849646303586
-0.2241,0.471741953336088
-0.20513,0.480021223365293
-0.18594,0.486692362827793
-0.1666,0.491758430142877
-0.14717,0.495228946963334
-0.12772,0.497111590298672
-0.1083,0.497427689952343
-0.088967,0.496204358359324
-0.069791,0.493463519350314
-0.050827,0.489233856484889
-0.03213,0.483549126999644
-0.013759,0.476443671961402
0.0042329,0.46795605916873
0.02179,0.458125578032443
0.038861,0.446994529460802
0.055396,0.43460773189167
0.071344,0.421010167887613
0.086658,0.40624881363836
0.10129,0.390370323753444
0.11521,0.373433190816039
0.12836,0.355483183463485
0.1407,0.33656785999833
0.15221,0.316749662240043
0.16284,0.29607908061789
0.17258,0.274625078119623
0.18137,0.252432534451101
0.18921,0.22956989417301
0.19607,0.206100368643691
0.20193,0.182088426428408
0.20678,0.157604959524258
0.21059,0.132709065350051
0.21336,0.107470618216535
0.21509,0.0819659719393433
0.21577,0.0562669166606389
0.21541,0.0304540581826942
0.214,0.00459776147816868
0.21156,-0.0212199895641878
0.2081,-0.0469178816224608
0.20364,-0.0724103855269336
0.1982,-0.0976113478164456
0.1918,-0.122436926703499
0.18448,-0.146793131585691
0.17625,-0.170603047194146
0.16717,-0.193769190854758
0.15726,-0.216210291158297
0.14657,-0.23783875832648
0.13514,-0.258572299844916
0.12302,-0.278328368765223
0.11027,-0.297019711301533
0.096917,-0.314582718218598
0.083036,-0.330939775714164
0.068676,-0.346024022840195
0.053898,-0.359770921503121
0.038761,-0.372121764246909
0.023327,-0.383022652477391
0.007656,-0.392427244885471
-0.0081858,-0.4002927064937
-0.024136,-0.406583738589338
-0.040129,-0.411270440323966
-0.056102,-0.414330866797585
-0.071988,-0.415747686908378
-0.087724,-0.415511410421435
-0.10325,-0.413622019342281
-0.11849,-0.410075953828095
-0.13339,-0.404883781730649
-0.14789,-0.398063330236081
-0.16192,-0.389630968532791
-0.17543,-0.379616762340746
-0.18836,-0.368054103196051
-0.20066,-0.354986014183664
-0.21227,-0.340455141565297
-0.22314,-0.324510437977566
-0.23323,-0.307212334512583
-0.24248,-0.288614375160444
-0.25087,-0.268792916311745
-0.25834,-0.247811253568231
-0.26487,-0.225750161656254
-0.27041,-0.202680224842429
-0.27496,-0.178698918868011
-0.27846,-0.153878392090341
-0.28092,-0.128320127054599
-0.28231,-0.102116826975827
-0.28261,-0.0753588569907976
-0.28183,-0.0481542280770564
-0.27994,-0.0205924279277335
-0.27697,0.00721033991092003
-0.27289,0.0351641879297886
-0.26774,0.0631515026738753
-0.2615,0.0910803031926059
-0.25421,0.118837870934701
-0.24587,0.146327918719493
-0.23651,0.173448385161242
-0.22615,0.200103311891083
-0.21482,0.226197495316105
-0.20256,0.251632184301033
-0.18939,0.276323915807357
-0.17535,0.30018974384742
-0.16048,0.323150134582704
-0.14483,0.345123822562048
-0.12844,0.366038508203664
-0.11135,0.385831861051904
-0.093625,0.404433586481132
-0.07531,0.421784453503164
-0.056463,0.437826930970725
-0.037139,0.452509427183237
-0.017398,0.465783625900968
0.0026985,0.477604830722186
0.023089,0.487933242541869
0.043708,0.496731886857206
0.064492,0.503969288512152
0.085374,0.509617396433328
0.10629,0.513654607901712
0.12717,0.516061358401936
0.14794,0.516817965239108
0.16855,0.515923573794675
0.18892,0.513370978525287
0.20898,0.509156044962959
0.22868,0.503292583043725
0.24795,0.49579426088363
0.26671,0.486667389630356
0.28492,0.475942232946268
0.30251,0.463645817574379
0.31943,0.449817049223422
0.33561,0.434488955828443
0.35101,0.417711462870396
0.36558,0.399539685795288
0.37926,0.380024316508218
0.39202,0.359233520016507
0.40381,0.337233103069311
0.41461,0.314107526830707
0.42437,0.289931931445803
0.43307,0.264794150196367
0.44069,0.238789879292759
0.4472,0.212011135413775
0.45259,0.184559176202897
0.45684,0.156532428424717
0.45996,0.12804636380919
0.46192,0.099197250519876
0.46274,0.0700999408657956
0.46241,0.0408586227267491
0.46095,0.0115878527587873
0.45835,-0.0176151896665942
0.45463,-0.0466482894569658
0.44982,-0.075401096095864
0.44392,-0.103782449954572
0.43696,-0.131697575052659
0.42896,-0.159059410559904
0.41996,-0.185775375607529
0.40998,-0.211766448257568
0.39906,-0.236952625740379
0.38722,-0.261270833818323
0.37452,-0.284644554585009
0.36099,-0.307011465928467
0.34667,-0.328315764398842
0.33161,-0.348501812562476
0.31585,-0.36752379722268
0.29943,-0.385345854761003
0.28242,-0.401919712669001
0.26484,-0.417226136215599
0.24677,-0.431226206489728
0.22825,-0.443896496907834
0.20933,-0.455220013179475
0.19007,-0.465178706616941
0.17052,-0.473762227796937
0.15073,-0.480967356630142
0.13077,-0.486782535335735
0.11069,-0.49120516300201
0.090542,-0.494238997999464
0.070383,-0.4958896546583
0.050268,-0.496166068888158
0.03025,-0.495081557755341
0.010385,-0.492650827312584
-0.0092786,-0.488895329702295
-0.028686,-0.483837016964132
-0.047789,-0.477502873071336
-0.06654,-0.469923962451677
-0.08489,-0.461133043186871
-0.1028,-0.45117099467289
-0.12021,-0.440068821984831
-0.13711,-0.427885882743182
-0.15343,-0.414658573794019
-0.16915,-0.40044088477501
-0.18424,-0.385292210088944
-0.19865,-0.369259959449095
-0.21237,-0.352410184286211
-0.22537,-0.334807369136219
-0.23762,-0.316512943799431
-0.2491,-0.297591513763984
-0.2598,-0.278115763605921
-0.2697,-0.258155377018653
-0.27879,-0.237782940583203
-0.28707,-0.217078591495103
-0.29452,-0.196111347359645
-0.30115,-0.174961289256966
-0.30696,-0.153707538551097
-0.31195,-0.132425960228682
-0.31613,-0.111194757748682
-0.31951,-0.0900914970233704
-0.32211,-0.0691980961981326
-0.32394,-0.0485899180594368
-0.32502,-0.0283419138352647
-0.32538,-0.00853356184845403
-0.32503,0.0107694759726916
-0.32401,0.0294928219603931
-0.32233,0.0475798424181652
-0.32004,0.0649607537245215
-0.31717,0.0815724456113761
-0.31374,0.0973668937326505
-0.30979,0.112295377392883
-0.30537,0.126303172515515
-0.3005,0.13935500400311
-0.29522,0.151418077591004
-0.28957,0.16246312940806
-0.28359,0.172465162662666
-0.27731,0.181411311077311
-0.27078,0.189284657093065
-0.26403,0.19608085455567
-0.2571,0.201798986992827
-0.25003,0.206441481634333
-0.24284,0.210028715677144
-0.23558,0.212573314681414
-0.22827,0.214103976998635
-0.22094,0.214654636059273
-0.21363,0.214255551808152
-0.20636,0.212948363934288
-0.19916,0.210775696856803
-0.19204,0.207794903913928
-0.18503,0.204059135268939
-0.17815,0.199624325639229
-0.17141,0.194554700377047
-0.16483,0.188912160700945
-0.15841,0.182769929719675
-0.15217,0.176193625637242
-0.14611,0.16925573909988
-0.14024,0.162024885629224
-0.13455,0.154579389661488
-0.12905,0.146988355194375
-0.12374,0.139318791304236
-0.1186,0.131648763178279
-0.11364,0.124040694119919
-0.10884,0.116564592927834
-0.1042,0.109279563351429
-0.099699,0.102249482115461
-0.095331,0.095528860891791
-0.091081,0.0891694242470596
-0.086936,0.0832173278693626
-0.082882,0.0777132672541584
-0.078903,0.0726934373726685
-0.074983,0.0681889401220495
-0.071107,0.0642246997216935
-0.067262,0.0608180121262304
-0.06343,0.0579827579968776
-0.059597,0.0557262436556299
-0.055749,0.0540498006739395
-0.051871,0.0529501826222978
-0.047951,0.0524178744377879
-0.043975,0.0524396165158945
-0.039932,0.052996867162328
-0.035811,0.0540669505561608
-0.031603,0.0556226426549218
-0.027297,0.0576349489124836
-0.022886,0.0600709883832177
-0.018363,0.0628953847296933
-0.013723,0.066070009447047
-0.0089601,0.0695560286603009
-0.0040709,0.0733130943025049
0.00094647,0.0772994858490768
0.0060924,0.0814723320535397
0.011367,0.0857887410885691
0.01677,0.0902066716381856
0.022297,0.094682871565555
0.027944,0.0991746273746106
0.033705,0.103639412373358
0.039573,0.108035364000469
0.04554,0.112321675509207
0.051597,0.116458906908539
0.05773,0.120406261622612
0.063928,0.1241253604836
0.070177,0.127578799635761
0.076463,0.130731197665261
0.082765,0.133544822072172
0.08907,0.135987229228747
0.095356,0.13802472196924
0.1016,0.139623033802086
0.10779,0.140756776189736
0.1139,0.141398341871466
0.1199,0.14151641688452
0.12577,0.141085227763835
0.13149,0.140084458622611
0.13704,0.138499049595515
0.14239,0.136311501624446
0.14753,0.133517920414502
0.15241,0.130096210378907
0.15703,0.126047462525295
0.16137,0.121376934624486
0.1654,0.116086008271752
0.1691,0.110180575416066
0.17246,0.10367766225409
0.17546,0.0965956750007519
0.17809,0.0889612756388618
0.18033,0.0807998922736965
0.18217,0.0721428665960141
0.18361,0.0630330340856889
0.18464,0.0535141081670194
0.18525,0.0436294642394143
0.18544,0.033428524975435
0.18521,0.0229643198972949
0.18456,0.0122913918687158
0.1835,0.00147143117371525
0.18204,-0.00942979802510653
0.18018,-0.0203524729335831
0.17794,-0.0312284840271688
0.17531,-0.0420072034321376
0.17234,-0.0526092719109624
0.16901,-0.0629862741929931
0.16536,-0.0730719194105181
0.16141,-0.0828023580150943
0.15716,-0.0921325137616961
0.15266,-0.100997021562749
0.14791,-0.109353248010464
0.14295,-0.117148828405888
0.13779,-0.124347547935685
0.13247,-0.130905415669264
0.12701,-0.136788570125396
0.12143,-0.141972660031738
0.11577,-0.146427312688362
0.11005,-0.150133348544004
0.1043,-0.153074170491807
0.098546,-0.1552391060637
0.092812,-0.156624456423867
0.087125,-0.157230449843883
0.081512,-0.157060884314609
0.075998,-0.156124202892074
0.070605,-0.15443495590472
0.065358,-0.152010358689005
0.060278,-0.148872597132655
0.055385,-0.145048308284713
0.050698,-0.140568016069093
0.046234,-0.135466282908353
0.042008,-0.129781693658658
0.038033,-0.12355670407685
0.034322,-0.116835903492494
0.030882,-0.109668960310088
0.027721,-0.102107651043799
0.024844,-0.0942063327928503
0.022253,-0.0860222192075302
0.01995,-0.0776132727864838
0.017932,-0.0690401473296528
0.016197,-0.0603632094449715
0.014738,-0.0516445471976759
0.013548,-0.0429458115344556
0.012619,-0.0343271938343549
0.01194,-0.0258480857695236
0.0115,-0.0175653826101909
0.011285,-0.00953437142148399
0.011284,-0.00180502529313289
0.011481,0.00557495208781425
0.011862,0.0125628102385543
0.012413,0.0191213226161044
0.013115,0.0252154172649088
0.013955,0.0308175473910929
0.014916,0.035904432591709
0.015982,0.0404580200234869
0.017138,0.0444661183466927
0.018368,0.0479212693578119
0.019656,0.0508204429170647
0.020987,0.0531653993835193
0.022347,0.0549628386849773
0.02372,0.0562221520346902
0.025093,0.0569572133540337
0.02645,0.0571832424941986
0.027779,0.0569193912254117
0.029066,0.0561862589835514
0.030295,0.0550038231583695
0.031458,0.0533971523691517
0.032537,0.0513875377360729
0.033523,0.0489994658751144
0.034402,0.0462557729220369
0.035161,0.0431781930242696
0.035789,0.0397885421923947
0.036276,0.0361089084169356
0.03661,0.0321595588335878
0.036779,0.0279587592118322
0.036773,0.0235241408322034
0.036581,0.0188715844445271
0.036196,0.0140180516964957
0.035605,0.00897643239122096
0.034801,0.00376036198328616
0.033775,-0.00161784001578725
0.032521,-0.00714510433863353
0.03103,-0.0128104087763071
0.029297,-0.0186018061443732
0.027318,-0.0245062743063421
0.025088,-0.0305111033048536
0.022603,-0.0366035284299408
0.019862,-0.0427689591028614
0.016865,-0.0489910788225911
0.01361,-0.0552541907691442
0.010101,-0.0615391786252745
0.0063404,-0.0678259633578137
0.0023329,-0.0740926268787052
-0.001917,-0.0803166079022293
-0.0064001,-0.0864720642304827
-0.01111,-0.0925333851687293
-0.016037,-0.0984735128123209
-0.021168,-0.104262561340217
-0.026492,-0.109870853143668
-0.031994,-0.115266858575389
-0.037661,-0.120420031959673
-0.043474,-0.125297165611748
-0.049417,-0.129866186923293
-0.055472,-0.13409550198895
-0.061619,-0.137953465865224
-0.067839,-0.141410185804632
-0.07411,-0.144435980398695
-0.080414,-0.147005318594913
-0.086726,-0.14909175929522
-0.093025,-0.150672037481643
-0.099289,-0.151725581088897
-0.1055,-0.152237754959358
-0.11162,-0.152184570971763
-0.11764,-0.151556842872464
-0.12354,-0.150349688794147
-0.12929,-0.148554700454447
-0.13487,-0.146168502013067
-0.14025,-0.14318471285069
-0.14541,-0.139602328267574
-0.15034,-0.135432326796809
-0.15501,-0.130680491581101
-0.15939,-0.125348472236919
-0.16347,-0.119449516577317
-0.16723,-0.112998650966046
-0.17065,-0.106012104068666
-0.17371,-0.0985067900141565
-0.17639,-0.0904998524760912
-0.17867,-0.082008269859695
-0.18053,-0.0730485206220274
-0.18197,-0.0636511029332229
-0.18296,-0.0538348811719246
-0.1835,-0.0436310677764615
-0.18356,-0.0330578328382698
-0.18314,-0.0221445344320515
-0.18224,-0.010928754311843
-0.18083,0.000568503771462627
-0.17892,0.0123106278086784
-0.17649,0.0242716521982333
-0.17355,0.0364127790266171
-0.17009,0.048700783716151
-0.16611,0.0611005316709159
-0.16162,0.0735690148821701
-0.15661,0.0860729512415407
-0.15109,0.0985731533268122
-0.14507,0.111026892131156
-0.13856,0.123389903181374
-0.13157,0.135618058346088
-0.1241,0.1476761262159
-0.11618,0.159515037431529
-0.10782,0.1710909093382
-0.099029,0.182366205172661
-0.089838,0.193293512977113
-0.080264,0.203829361621693
-0.070328,0.213931950843269
-0.060056,0.223558554218691
-0.049473,0.232667897703689
-0.038607,0.241219089656598
-0.027486,0.249172976304425
-0.016141,0.256490977950581
-0.0046051,0.263134807735389
0.0070885,0.269067720845582
0.018904,0.27425363638069
0.030804,0.278657154990366
0.042752,0.282245406449901
0.054707,0.284985481121024
0.066629,0.286846428743114
0.078477,0.287799338648331
0.090208,0.287816611200509
0.10178,0.286873553142884
0.11315,0.284948105996779
0.12428,0.282024993816368
0.13512,0.278086312257357
0.14564,0.273127671203297
0.15579,0.267141263107078
0.16553,0.260124480629002
0.17482,0.252079313328356
0.18362,0.243011728085857
0.1919,0.23293844681121
0.19962,0.221877321372733
0.20674,0.209846918086492
0.21325,0.196888326205076
0.2191,0.183030357702785
0.22426,0.168306157173337
0.22873,0.152773835316373
0.23246,0.136473260461935
0.23544,0.119458228698989
0.23765,0.101785006836459
0.23909,0.0835251939938298
0.23972,0.0647312745041072
0.23955,0.0454758654508495
0.23857,0.0258310147836105
0.23677,0.00586628926705943
0.23415,-0.0143453541802529
0.23071,-0.0347303614222474
0.22646,-0.0552094878298561
0.2214,-0.0757086690910819
0.21555,-0.0961454973671743
0.2089,-0.116455556030619
0.20149,-0.13655404659198
0.19332,-0.156371981314487
0.18442,-0.175833197197533
0.1748,-0.194873028694158
0.16451,-0.213408703217087
0.15355,-0.231382532961607
0.14196,-0.24872953659203
0.12978,-0.265381136537075
0.11704,-0.281275630442369
0.10378,-0.29635167350832
0.090032,-0.310556342492192
0.075839,-0.323837373874538
0.061247,-0.336142811710258
0.046297,-0.347426630537454
0.031036,-0.357644977893418
0.01551,-0.366758264964621
-0.00023422,-0.374731419331361
-0.016146,-0.381531671844437
-0.032178,-0.387132028015903
-0.048279,-0.391508579147344
-0.064399,-0.394642013163199
-0.080489,-0.396518533888623
-0.096497,-0.397127482717402
-0.11237,-0.396460797755819
-0.12807,-0.394524322231047
-0.14353,-0.391313993287376
-0.15872,-0.38684569229629
-0.17357,-0.381121807176612
-0.18805,-0.374163770289549
-0.20211,-0.365993382872504
-0.21571,-0.356639915958938
-0.22881,-0.34613820787746
-0.24135,-0.334512155375015
-0.25331,-0.321806023684392
-0.26465,-0.308064745545275
-0.27533,-0.293332785467173
-0.28532,-0.277660586620867
-0.29459,-0.261102176084438
-0.30312,-0.243720501638561
-0.31087,-0.225569273532961
-0.31783,-0.206715503991056
-0.32398,-0.187227705606408
-0.32929,-0.167166302975064
-0.33375,-0.146598254342104
-0.33735,-0.125593836853651
-0.34009,-0.104231336795511
-0.34194,-0.0825710016921068
-0.34292,-0.0606936404549755
-0.34301,-0.0386646046536646
-0.34221,-0.0165495034730534
-0.34053,0.0055805694673461
-0.33798,0.0276523797942333
-0.33455,0.0496081186456866
-0.33027,0.0713748136988067
-0.32514,0.0928918585337324
-0.31918,0.114095915811121
-0.31239,0.134938428167088
-0.30481,0.155354985934978
-0.29644,0.175300223699696
-0.28731,0.194723687747322
-0.27744,0.213580111011583
-0.26685,0.231830162612528
-0.25558,0.249426105839666
-0.24363,0.26634482881806
-0.23105,0.282547263917931
-0.21787,0.297997855059968
-0.2041,0.312680140927976
-0.18979,0.326564443233629
-0.17497,0.33962652568167
-0.15967,0.351847678217021
-0.14393,0.36320723538824
-0.12779,0.373683974872375
-0.11127,0.383272034796226
-0.094435,0.391945256844002
-0.077309,0.399692555896059
-0.059936,0.406500901887777
-0.04236,0.412356436422283
-0.024622,0.417247592688791
-0.0067658,0.421163245151939
0.011166,0.424094150639288
0.02913,0.426032567165674
0.047083,0.42697263339427
0.064983,0.426911351311853
0.082785,0.425846183445097
0.10045,0.423779745895378
0.11793,0.420712347825111
0.13519,0.416652293352695
0.1522,0.41161804809414
0.1689,0.405613821167868
0.18526,0.39865460239842
0.20126,0.390771251741094
0.21685,0.38198459725599
0.23199,0.372314372869889
0.24667,0.361801212312376
0.26085,0.350479444503551
0.27451,0.338392287733505
0.28762,0.325581644363033
0.30015,0.31208727440732
0.3121,0.297968341877612
0.32343,0.283268481231722
0.33415,0.268054577889383
0.34422,0.252373427796291
0.35364,0.236283856171015
0.3624,0.219845276193783
0.37049,0.203115824771317
0.37791,0.186158257487224
0.38464,0.16902236087672
0.39069,0.151768061403139
0.39605,0.134446782707094
0.40072,0.117108807233439
0.40469,0.0997944204300844
0.40798,0.0825565997563035
0.41059,0.0654419862302967
0.4125,0.048475699571473
0.41374,0.031701408499838
0.4143,0.0151465814769929
0.41418,-0.00116812000022524
0.4134,-0.0172137043922593
0.41196,-0.0329704378348553
0.40985,-0.0484343786368605
0.4071,-0.0635852526590375
0.4037,-0.0784201337793347
0.39966,-0.0929357474858193
0.39499,-0.107128997921287
0.38968,-0.121012159487674
0.38376,-0.134580327931126
0.37721,-0.147852170818826
0.37005,-0.160835574520891
0.36229,-0.173537193032342
0.35393,-0.185970142135421
0.34497,-0.198152619299879
0.33543,-0.210091847016844
0.32532,-0.221793572392485
0.31463,-0.233277133757753
0.30339,-0.2445428627777
0.2916,-0.255598053208264
0.27928,-0.266440708342185
0.26643,-0.27707625731402
0.25307,-0.287501242173936
0.23921,-0.297712580606831
0.22488,-0.307692821236138
0.21008,-0.317435606364071
0.19483,-0.326928931283219
0.17915,-0.336156597182682
0.16306,-0.345099488960355
0.14658,-0.353736684659744
0.12973,-0.362046404552058
0.11253,-0.370006809003664
0.095011,-0.377588517291578
0.077194,-0.384764312968898
0.059103,-0.391507307766457
0.040769,-0.397786510610716
0.022219,-0.403571509687851
0.003483,-0.408831066415764
-0.015408,-0.413533497270599
-0.034421,-0.417646266415431
-0.053522,-0.421136431629399
-0.072677,-0.423971766430689
-0.091849,-0.42611943981882
-0.111,-0.427546458507232
-0.1301,-0.428226696194366
-0.1491,-0.428126423886676
-0.16798,-0.42722835511717
-0.18668,-0.425499575583212
-0.20517,-0.422917875045238
-0.22342,-0.419470508327614
-0.24138,-0.415138171304211
-0.25902,-0.409911837186363
-0.27629,-0.403776470566623
-0.29317,-0.396735035114109
-0.30961,-0.388782997327886
-0.32558,-0.379924943438025
-0.34105,-0.370172930352808
-0.35597,-0.359530159653777
-0.37032,-0.348015007612563
-0.38406,-0.335643002742258
-0.39717,-0.322441943935599
-0.40961,-0.308434161445831
-0.42135,-0.293644523563006
-0.43237,-0.278106796005327
-0.44264,-0.261853724762625
-0.45213,-0.244916438944422
-0.46084,-0.227346172843373
-0.46873,-0.209179459981941
-0.47578,-0.190454804252333
-0.48198,-0.171218632668205
-0.48732,-0.151522473277192
-0.49177,-0.131405731367276
-0.49534,-0.110926466072763
-0.498,-0.0901265188590229
-0.49975,-0.0690555735386333
-0.50058,-0.0477607311013125
-0.50049,-0.026292948366968
-0.49947,-0.00469731326669749
-0.49752,0.0169798710647384
-0.49464,0.0386928244219479
-0.49083,0.0603976920162789
-0.4861,0.0820462431326977
-0.48045,0.103595709526716
-0.47389,0.125001794414339
-0.46643,0.146220485841466
-0.45807,0.167216917133765
-0.44883,0.18795009517026
-0.43872,0.208382943313999
-0.42777,0.228468104732038
-0.41598,0.24817374924633
-0.40338,0.267459602220142
-0.38999,0.286287432148644
-0.37584,0.304614653889941
-0.36095,0.322404079789036
-0.34534,0.339624248853652
-0.32906,0.356227359068052
-0.31212,0.372183671915257
-0.29457,0.387449607199111
-0.27644,0.401986765305001
-0.25776,0.415762330205275
-0.23858,0.428734463731647
-0.21894,0.440862951159979
-0.19887,0.452117738870335
-0.17842,0.462463372457969
-0.15764,0.471861384153064
-0.13656,0.480287082466244
-0.11524,0.487705750917884
-0.093728,0.494084783357657
-0.072061,0.499402664008552
-0.050292,0.503635953072314
-0.028467,0.506765854929881
-0.0066336,0.508777022183182
0.015159,0.509656495013022
0.036864,0.509395732140552
0.058433,0.50798916289034
0.079821,0.505436628114594
0.10098,0.501740458730816
0.12187,0.496911175702056
0.14243,0.49095040232341
0.16263,0.483875757010361
0.18243,0.4757101599939
0.20178,0.466473059913442
0.22064,0.456188211850077
0.23897,0.444882407927854
0.25673,0.432584349126016
0.27389,0.419331055647349
0.29041,0.405157999636358
0.30627,0.390113352901731
0.32142,0.374232129737368
0.33584,0.357560027431673
0.34951,0.340150144844
0.36239,0.322045329482884
0.37447,0.30330115968884
0.38572,0.283967126630951
0.39613,0.264101182317284
0.40569,0.243766425508518
0.41437,0.223013477776228
0.42217,0.2019035456591
0.42907,0.180489723643122
0.43508,0.158839093011823
0.44018,0.137005770526326
0.44437,0.115046475615452
0.44766,0.09302558731042
0.45003,0.0709894200900732
0.45151,0.0490051042448243
0.45208,0.027117406106412
0.45175,0.00537365518867994
0.45054,-0.0161710429912237
0.44845,-0.0374719957213909
0.44548,-0.0584945344405213
0.44166,-0.0791912666868353
0.43699,-0.0995284446188397
0.43148,-0.119477281616685
0.42515,-0.13900683101972
0.41801,-0.158093086810703
0.41008,-0.17671133856167
0.40138,-0.194837414303208
0.39191,-0.212463450574735
0.38171,-0.229565796252713
0.37078,-0.246138703954928
0.35915,-0.262169231523772
0.34684,-0.277646769672194
0.33387,-0.292563241795399
0.32026,-0.306913184671487
0.30604,-0.320686332226384
0.29123,-0.333876534373912
0.27585,-0.346481426762406
0.25993,-0.358494657612035
0.2435,-0.369907102390568
0.22658,-0.380715292115129
0.2092,-0.390913256715095
0.19138,-0.400500797526257
0.17316,-0.409467803297313
0.15457,-0.417804036921145
0.13563,-0.425507013365937
0.11637,-0.432573354808145
0.09683,-0.43899183816951
0.077036,-0.444755730414565
0.057024,-0.449854855607407
0.036826,-0.45427964046393
0.016475,-0.458020655686616
-0.0039922,-0.461066168433507
-0.024539,-0.463403183046282
-0.045131,-0.465019788467794
-0.065728,-0.465901104426573
-0.086291,-0.466031266720666
-0.10678,-0.465393424356084
-0.12716,-0.463974202930084
-0.14739,-0.461759080859901
-0.16743,-0.458733872487538
-0.18724,-0.454885175739176
-0.20677,-0.450193316474957
-0.22599,-0.444649012358036
-0.24485,-0.438236954797843
-0.26332,-0.430952321311602
-0.28135,-0.422784228964376
-0.2989,-0.413724741985539
-0.31594,-0.403776052352624
-0.33243,-0.392941217055968
-0.34833,-0.381224062460335
-0.3636,-0.368629075158722
-0.37821,-0.355168682936795
-0.39211,-0.340846719177915
-0.40529,-0.325689683502315
-0.41769,-0.309704775703872
-0.4293,-0.292920517320864
-0.44007,-0.275352355977275
-0.44999,-0.257034437931946
-0.45902,-0.237992941091274
-0.46714,-0.218261751823411
-0.47433,-0.197880085317389
-0.48055,-0.176875617202658
-0.48579,-0.155288138269176
-0.49003,-0.13315870116982
-0.49326,-0.110535618780175
-0.49545,-0.0874568985180748
-0.49661,-0.0639807027356074
-0.4967,-0.0401427892849168
-0.49574,-0.0160041217687176
-0.4937,0.00839279125617929
-0.49059,0.0329920633570986
-0.48641,0.0577361250354776
-0.48115,0.0825752093379287
-0.47482,0.107452634899724
-0.46742,0.132315333453483
-0.45896,0.157107466964265
-0.44945,0.181772770379234
-0.43891,0.206249069540778
-0.42734,0.230486221536305
-0.41477,0.254423303342193
-0.40121,0.278007502255673
-0.3867,0.301172160727767
-0.37124,0.32387122682639
-0.35487,0.346047336797519
-0.33762,0.367643377136848
-0.31952,0.388604402889363
-0.3006,0.408879140725513
-0.28091,0.428406322395379
-0.26047,0.447140914718813
-0.23934,0.465023076658872
-0.21756,0.481997903593344
-0.19517,0.498016422567747
-0.17221,0.513036256072798
-0.14875,0.526999802649582
-0.12482,0.539868813407046
-0.10049,0.551592592273827
-0.075802,0.562132984944197
-0.050814,0.571451649594233
-0.025581,0.579513857028836
-0.0001591,0.586288421293256
0.025395,0.591747916298423
0.051025,0.595869484987985
0.076672,0.598633144428194
0.10228,0.600024400622443
0.1278,0.600039233794567
0.15316,0.598665641195722
0.17832,0.59590962319099
0.20322,0.591777182010374
0.2278,0.58627458369812
0.25201,0.579415925424101
0.27581,0.571229007323039
0.29914,0.561737498128803
0.32194,0.550961421313917
0.34418,0.538939788108705
0.3658,0.525703942491912
0.38676,0.511293222266625
0.40702,0.495752542781388
0.42653,0.479122875031127
0.44524,0.46144102559255
0.46313,0.442761715649759
0.48015,0.423130508258729
0.49625,0.402584376160518
0.51142,0.38118192433737
0.5256,0.358960599186862
0.53876,0.335961882813837
0.55089,0.312244066673635
0.56193,0.287840324023902
0.57187,0.262799497487544
0.58068,0.237166770067089
0.58834,0.210990358732737
0.59482,0.184312016701717
0.60009,0.157166919103375
0.60415,0.129605911361245
0.60698,0.10167605142196
0.60857,0.07342720669935
0.6089,0.0449024877540718
0.60796,0.0161454876171554
0.60575,-0.0127939089438498
0.60227,-0.041862405817133
0.59752,-0.0710057112437284
0.5915,-0.100170523211054
0.58422,-0.129298722105042
0.57569,-0.15833022222974
0.56591,-0.187212730859941
0.55491,-0.215879844483064
0.5427,-0.244270750257793
0.52931,-0.272316385767864
0.51475,-0.299958100097333
0.49906,-0.327125461196805
0.48226,-0.353755669543359
0.46439,-0.37977943564381
0.44548,-0.405131970222926
0.42557,-0.429746946778676
0.4047,-0.453559086579008
0.38291,-0.476506227274406
0.36024,-0.498530923888667
0.33675,-0.519566834759023
0.31248,-0.539557567176989
0.28747,-0.558456827181566
0.26179,-0.576206102189951
0.23547,-0.592768761125539
0.20858,-0.608097804543999
0.18117,-0.62215451501981
0.15329,-0.634908472868818
0.12501,-0.646322558109859
0.096381,-0.656369865976682
0.067458,-0.66503005333465
0.038303,-0.672283996918097
0.0089762,-0.678115946171314
-0.020462,-0.682513670250998
-0.049952,-0.685469204351677
-0.079434,-0.686978579691388
-0.10884,-0.687035560972002
-0.13812,-0.685646009188824
-0.16721,-0.682815454664151
-0.19605,-0.678552377713067
-0.22457,-0.672860388306593
-0.25272,-0.665754206276207
-0.28043,-0.657242642503004
-0.30765,-0.647344593512203
-0.33432,-0.636079456717658
-0.36038,-0.623466763253408
-0.38576,-0.609518448295214
-0.41042,-0.594262371692413
-0.43429,-0.577716464840667
-0.45733,-0.559912505254729
-0.47946,-0.540863118424331
-0.50065,-0.520602215942286
-0.52084,-0.499157847709579
-0.53997,-0.476552643515945
-0.558,-0.45281907092824
-0.57488,-0.427989272775326
-0.59057,-0.402101661781327
-0.60502,-0.375191260116838
-0.6182,-0.347304168404701
-0.63006,-0.318479335188928
-0.64058,-0.288771007999506
-0.64971,-0.258222032845197
-0.65744,-0.226894379534328
-0.66373,-0.194841453353538
-0.66856,-0.162122957188837
-0.67192,-0.128809282381322
-0.67378,-0.0949625612477815
-0.67414,-0.0606585597985509
-0.67298,-0.0259669597623047
-0.67031,0.00902742176412917
-0.66612,0.0442449306952047
-0.66041,0.0796051455126683
-0.6532,0.115014756585754
-0.6445,0.15038034360464
-0.63432,0.185611312041044
-0.62269,0.220607432938971
-0.60963,0.25527126960865
-0.59517,0.289503361554999
-0.57935,0.323198429947721
-0.56222,0.356242496621356
-0.5438,0.38854040354188
-0.52415,0.419985775680312
-0.50333,0.450466717603634
-0.48139,0.479877962939982
-0.45838,0.508123133837602
-0.43438,0.535094176822887
-0.40945,0.560692089948573
-0.38366,0.584821226077058
-0.35709,0.607384638955871
-0.32981,0.628295173287532
-0.30191,0.64746197558401
-0.27346,0.664809313961751
-0.24454,0.680269178414608
-0.21526,0.693760329152243
-0.18568,0.705230911718869
-0.1559,0.71462547914596
-0.12601,0.721895482133207
-0.096102,0.726998647523116
-0.066256,0.729908654106409
-0.036565,0.730604010937567
-0.0071169,0.729072329395492
0.022002,0.725310907389705
0.050705,0.719325434317259
0.078909,0.711131647508949
0.10653,0.700753033425825
0.13349,0.688223828084124
0.15971,0.673585926659104
0.18512,0.65689353449516
0.20965,0.638209881717802
0.23323,0.617604278319625
0.25579,0.595149511952733
0.27728,0.570934381079531
0.29764,0.545051126335128
0.31682,0.517599932469127
0.33477,0.488684877332716
0.35146,0.458425284204671
0.36684,0.426934818441484
0.38088,0.394334290205321
0.39357,0.360761710882803
0.40487,0.326342904088942
0.41476,0.29120503183702
0.42324,0.255487380800199
0.43031,0.219334889891883
0.43595,0.18287792964051
0.44017,0.146253285127483
0.44298,0.109598647575326
0.4444,0.0730554963374262
0.44443,0.0367490790411237
0.44312,0.000824413687054637
0.44048,-0.0345918146989616
0.43654,-0.069377158390616
0.43136,-0.103394586027494
0.42496,-0.136529489126835
0.4174,-0.168659793072614
0.40872,-0.19967646915514
0.39899,-0.229462765812902
0.38825,-0.257922063727918
0.37658,-0.284948046427734
0.36402,-0.310460089967176
0.35066,-0.334364560575324
0.33656,-0.356583124488363
0.32179,-0.377045575125816
0.30642,-0.395691236558409
0.29052,-0.412469835347109
0.27417,-0.42733451827443
0.25745,-0.440243502765678
0.24042,-0.451176037196942
0.22317,-0.460107711325954
0.20576,-0.467034990325185
0.18828,-0.471950026478872
0.17078,-0.47487219759717
0.15335,-0.475813603132936
0.13605,-0.474803160338306
0.11895,-0.471875942254422
0.10212,-0.467071762503927
0.08561,-0.460448638557457
0.069492,-0.452062044672193
0.053821,-0.44197702958715
0.038652,-0.430265086777981
0.024037,-0.417003614799277
0.010025,-0.402275256993821
-0.0033401,-0.386168714119459
-0.016015,-0.368775841855912
-0.027963,-0.350193594889323
-0.039146,-0.330519472595517
-0.049537,-0.309857008584658
-0.059107,-0.288310281955043
-0.067834,-0.265986069761082
-0.075697,-0.242991008526393
-0.082679,-0.219431465826057
-0.088772,-0.195417081858837
-0.093964,-0.171053869055459
-0.098253,-0.146449045311665
-0.10164,-0.121709670889387
-0.10412,-0.0969348511391509
-0.10571,-0.0722303223986413
-0.10642,-0.0476985521106793
-0.10626,-0.0234359890539183
-0.10525,0.000461637180323148
-0.10341,0.0239024510475837
-0.10076,0.0468008819305492
-0.097337,0.0690669233068714
-0.093166,0.0906190522732122
-0.088283,0.111377424136499
-0.08272,0.131269451067827
-0.076518,0.150224502410372
-0.069715,0.168178461106124
-0.062353,0.185072049381363
-0.054475,0.200851569871087
-0.046126,0.215468611155375
-0.037351,0.228881141876946
-0.0282,0.241050514554335
-0.018716,0.251947820374834
-0.0089499,0.26154771886862
0.0010498,0.269830966425288
0.011235,0.276784788479972
0.021557,0.28240224307387
0.031965,0.286680414505248
0.042411,0.289622440925389
0.052847,0.291236883441976
0.063223,0.291535559145286
0.073493,0.290536106361208
0.083609,0.288259421668522
0.093524,0.28472968550925
0.10319,0.279972773363914
0.11257,0.274023763120548
0.12162,0.266919394089581
0.13029,0.258692641048988
0.13854,0.249380221839408
0.14635,0.23903590733626
0.15366,0.227696395878947
0.16046,0.215420770663161
0.16671,0.202262512702254
0.17238,0.188276636085185
0.17745,0.173525351276637
0.1819,0.158075010239761
0.18572,0.142000897298759
0.18887,0.125361231555001
0.19136,0.108235775376768
0.19316,0.0906897897279547
0.19429,0.0728118901945812
0.19472,0.0546699540509664
0.19447,0.0363500415582144
0.19353,0.0179280856491983
0.19191,-0.000515715395018273
0.18961,-0.0189076366113779
0.18665,-0.0371667568661398
0.18303,-0.0552237418756531
0.17878,-0.0729987295602264
0.1739,-0.090428180800401
0.16841,-0.10744914292025
0.16233,-0.124001367605577
0.15569,-0.140021560131271
0.14849,-0.155468418221666
0.14076,-0.170297882762423
0.13254,-0.184458055818389
0.12383,-0.197922276865601
0.11466,-0.210663360138426
0.10507,-0.222647631076495
0.095066,-0.23386280829235
0.084687,-0.244290357007171
0.073956,-0.253919592403382
0.062902,-0.262742545074742
0.051555,-0.270753427861698
0.039943,-0.277950341118548
0.028097,-0.284332821230221
0.016046,-0.289903497691794
0.0038219,-0.29466569571818
-0.0085443,-0.298624267488769
-0.021022,-0.301785823845507
-0.033579,-0.304157368709598
-0.046183,-0.305746270064947
-0.058805,-0.306562715377806
-0.071412,-0.306616194173093
-0.083972,-0.305916354570351
-0.096456,-0.304475144603741
-0.10883,-0.302302540020642
-0.12107,-0.299414225567424
-0.13314,-0.295821347466684
-0.14502,-0.29154306193348
-0.15666,-0.286582398255701
-0.16806,-0.280966371843043
-0.17916,-0.274696321889726
-0.18996,-0.267797286922673
-0.20042,-0.260283210575523
-0.21052,-0.252173553960927
-0.22022,-0.243476935286887
-0.22952,-0.234222588509834
-0.23837,-0.224418610786521
-0.24677,-0.214092806481631
-0.25468,-0.203258517037538
-0.2621,-0.191946617072202
-0.269,-0.180179064642124
-0.27536,-0.167977387335455
-0.28118,-0.155376912453948
-0.28644,-0.142408290300847
-0.29112,-0.129097501403262
-0.29522,-0.115480754362489
-0.29873,-0.101594030558979
-0.30165,-0.0874794463854534
-0.30397,-0.0731754141185635
-0.30569,-0.0587235814755796
-0.3068,-0.0441595280660117
-0.30732,-0.0295349928347523
-0.30724,-0.0148909827311041
-0.30657,-0.000273340509106925
-0.30532,0.0142696461919005
-0.30348,0.0287040433581961
-0.30109,0.0429716841534439
-0.29814,0.0570336656796073
-0.29464,0.0708531512115402
-0.29062,0.0843814778666183
-0.28609,0.0975768511911595
-0.28107,0.110397054480375
-0.27557,0.122808391485845
-0.26961,0.134777893290098
-0.26321,0.146274421910657
-0.25641,0.157254716785312
-0.24921,0.1676968358363
-0.24164,0.177574792097388
-0.23374,0.186853010428576
-0.22551,0.195519077660883
-0.21699,0.203550373933884
-0.20821,0.210924418231489
-0.19919,0.217627187085757
-0.18996,0.223644804757587
-0.18054,0.228971628320652
-0.17096,0.23360174882678
-0.16126,0.237522132351999
-0.15144,0.24074423934259
-0.14155,0.243262301777308
-0.13161,0.245079291321614
-0.12164,0.246205410812819
-0.11167,0.246649284795786
-0.10173,0.246418274299783
-0.091825,0.245537232194126
-0.081992,0.244020994467587
-0.072251,0.241888684512607
-0.062621,0.239163267911931
-0.053123,0.235868855715971
-0.043776,0.232031436646355
-0.034596,0.227680134404763
-0.025601,0.222844418845918
-0.016806,0.217555523252911
-0.0082258,0.211845445691211
0.0001276,0.205748024168939
0.0082429,0.199298179907943
0.01611,0.192531627255656
0.023722,0.185486076855217
0.031071,0.178199026449231
0.038152,0.170708849310132
0.044962,0.163054962714684
0.051501,0.155278657883613
0.057768,0.14742074402325
0.063764,0.139521862020396
0.069496,0.131625682119116
0.074965,0.123772511408531
0.080182,0.116006045779455
0.085152,0.108366874571194
0.089887,0.10089692642372
0.094397,0.0936363468923844
0.098694,0.0866239739754716
0.10279,0.0798962632178886
0.1067,0.0734886912075316
0.11045,0.0674428228598928
0.11403,0.0617770809299016
0.11748,0.0565273800219682
0.1208,0.051712856754984
0.12402,0.0473604602065254
0.12714,0.0434801889833845
0.1302,0.040097349401055
0.13319,0.0372115995682659
0.13614,0.0348311735687376
0.13907,0.0329632715324653
0.14198,0.031598965137025
0.1449,0.0307384389130706
0.14783,0.0303667391012947
0.15078,0.0304642224051901
0.15377,0.0310151161701538
0.15681,0.0319995570278289
0.1599,0.033387307161392
0.16305,0.0351477710560934
0.16627,0.0372507102839781
0.16956,0.0396594479217895
0.17292,0.0423329822267531
0.17635,0.0452278293409042
0.17986,0.0483070028287613
0.18343,0.0515175328573845
0.18706,0.0548097673474356
0.19074,0.0581306818574216
0.19447,0.061433404937151
0.19823,0.0646625818118742
0.20201,0.0677650144242284
0.20579,0.0706834148319478
0.20956,0.0733662987288227
0.2133,0.0757610469589434
0.21698,0.0778083684479214
0.22059,0.0794602189113159
0.2241,0.080664393722094
0.22749,0.081374429958884
0.23074,0.0815500610221113
0.23381,0.0811426477123151
0.23669,0.0801206426771506
0.23934,0.0784453071452667
0.24175,0.0760957128626382
0.24388,0.0730440592764476
0.24571,0.0692729382133079
0.24722,0.0647741824200212
0.24837,0.0595329025258967
0.24916,0.0535591589190113
0.24955,0.0468536637590165
0.24953,0.0394321353521711
0.24908,0.0313149291067148
0.24818,0.0225259348888804
0.2468,0.0130841653389176
0.24495,0.00303404946604262
0.24259,-0.00759740173955281
0.23973,-0.0187607424999725
0.23635,-0.0304117598694915
0.23244,-0.0425040881701587
0.228,-0.0549833575717432
0.22301,-0.0678049123306397
0.21748,-0.0809109013969529
0.21141,-0.0942417753592009
0.2048,-0.107738232152889
0.19764,-0.121350218921032
0.18995,-0.135014405062901
0.18173,-0.14867338049151
0.17299,-0.162268816890925
0.16374,-0.175743410886907
0.15398,-0.189049850902584
0.14375,-0.202120832121516
0.13304,-0.214911989696732
0.12189,-0.227361969764887
0.1103,-0.239427276347476
0.098301,-0.251057399160801
0.085914,-0.262205291025733
0.07316,-0.272828334779546
0.060063,-0.282886802829429
0.04665,-0.292342549486642
0.032945,-0.301162358258322
0.018977,-0.309314598141008
0.0047729,-0.316771739078033
-0.0096384,-0.323509238107352
-0.024228,-0.3295060392918
-0.038965,-0.334743399872256
-0.053819,-0.339205723674261
-0.068759,-0.342880326421502
-0.083756,-0.345759082110944
-0.098775,-0.347833701045687
-0.11378,-0.349095608141049
-0.12875,-0.349547668342827
-0.14365,-0.349191879750264
-0.15843,-0.348018716210246
-0.17308,-0.346039487479315
-0.18756,-0.34326009637527
-0.20183,-0.339682199490819
-0.21586,-0.33531161861863
-0.22962,-0.330157597634089
-0.24309,-0.324239498921394
-0.25622,-0.317562337009424
-0.26899,-0.310141780749421
-0.28138,-0.302001821176832
-0.29335,-0.293157873012271
-0.30487,-0.283625538217671
-0.31593,-0.273435037288461
-0.32648,-0.262598071102109
-0.33652,-0.251148134487808
-0.34601,-0.239105860387116
-0.35493,-0.226495780447249
-0.36327,-0.213352313548246
-0.37099,-0.199694738581773
-0.37809,-0.185559165753376
-0.38454,-0.170972079213998
-0.39033,-0.155966228609163
-0.39544,-0.140571066148273
-0.39986,-0.124819902041097
-0.40358,-0.108748160513709
-0.40658,-0.0923845088458608
-0.40886,-0.0757660528668147
-0.41042,-0.0589355632966661
-0.41124,-0.0419242916536038
-0.41132,-0.0247679808272015
-0.41066,-0.00750484423486251
-0.40926,0.00982613396691252
-0.40713,0.0271792024165351
-0.40426,0.0445193851540439
-0.40066,0.0618067752441967
-0.39634,0.0789988096135269
-0.3913,0.0960595748916078
-0.38556,0.112944959939217
-0.37912,0.129620495813729
-0.37199,0.146053308476504
-0.36418,0.162213001484043
-0.35572,0.17805751251219
-0.34661,0.193558995015187
-0.33687,0.208687337007642
-0.32652,0.223411736034721
-0.31557,0.237709380751124
-0.30404,0.251557452339834
-0.29195,0.264934073526513
-0.27932,0.277819042531436
-0.26617,0.290194375794895
-0.25252,0.302044682619641
-0.23839,0.313357393986087
-0.22381,0.324115468646903
-0.20881,0.334299011708887
-0.1934,0.343901434500947
-0.17761,0.352912549136051
-0.16147,0.361319820541911
-0.145,0.369116816689314
-0.12824,0.37628766228778
-0.11121,0.382824325224731
-0.093942,0.38871666918582
-0.076467,0.393954099800778
-0.058815,0.398526892423117
-0.041019,0.402424273343609
-0.02311,0.405636590935479
-0.0051253,0.40815089007249
0.012902,0.409955188935277
0.030938,0.411038197070321
0.048943,0.411385368520926
0.066881,0.410982825769208
0.084716,0.409817765116752
0.10241,0.407877275982985
0.11992,0.405145170751968
0.1372,0.401600988368384
0.15423,0.39724075052453
0.17096,0.392051854179891
0.18735,0.386022642564336
0.20336,0.3791426896033
0.21896,0.371410394616209
0.2341,0.362816687287895
0.24876,0.353369064556856
0.26288,0.343058756865271
0.27644,0.331893845845973
0.2894,0.319881135786966
0.30173,0.307033762074108
0.3134,0.29336975170653
0.32439,0.278918123794674
0.33465,0.263693921126547
0.34417,0.247730195318812
0.35293,0.231066322251192
0.3609,0.213738407811527
0.36806,0.195786401005556
0.37441,0.177267097155194
0.37993,0.158234578695939
0.3846,0.138739281050395
0.38842,0.118842085280683
0.39138,0.0986031873424832
0.39349,0.078095305119926
0.39473,0.0573769844323878
0.39512,0.036523185571708
0.39466,0.0156051002530352
0.39335,-0.00531125678361492
0.3912,-0.0261586947879837
0.38824,-0.0468563897309366
0.38446,-0.0673445975813278
0.37989,-0.0875529531195238
0.37455,-0.107412203931221
0.36846,-0.126856259080388
0.36164,-0.14582378421509
0.35412,-0.164251990305167
0.34593,-0.182079076390779
0.33709,-0.19925358283105
0.32764,-0.215719489626178
0.31761,-0.231426520346311
0.30703,-0.246330906982002
0.29593,-0.26039584711684
0.28436,-0.273576900143729
0.27235,-0.28583999008962
0.25994,-0.297153453088546
0.24716,-0.307496356509284
0.23405,-0.316850127072088
0.22066,-0.325191727288408
0.20703,-0.332503039146741
0.19318,-0.338785680717477
0.17917,-0.344028050472868
0.16502,-0.348238253006696
0.15078,-0.351418327295258
0.13649,-0.353573191089401
0.12218,-0.354717742034099
0.10789,-0.354867506577118
0.093657,-0.354040672549839
0.079509,-0.352264063383094
0.065481,-0.349565866727261
0.051606,-0.345976361909382
0.037914,-0.341529154486865
0.024434,-0.336260570942505
0.011192,-0.330210545384543
-0.0017849,-0.323420173854214
-0.014473,-0.315933005981582
-0.026848,-0.30779302854229
-0.03889,-0.299046692479457
-0.05058,-0.28974186110576
-0.061897,-0.279924748521518
-0.072826,-0.269643378610352
-0.08335,-0.258944378547736
-0.093455,-0.247874100080853
-0.10313,-0.236479503231778
-0.11236,-0.224803650850794
-0.12114,-0.212892509244109
-0.12946,-0.200789240130123
-0.13731,-0.188533352041985
-0.14468,-0.176160090376545
-0.15158,-0.163714835016126
-0.15799,-0.151227454011811
-0.16392,-0.138736399305348
-0.16937,-0.126278312110681
-0.17433,-0.113879688923857
-0.17882,-0.101580002558908
-0.18283,-0.089405624447411
-0.18638,-0.0773935218635378
-0.18947,-0.0655731000423002
-0.1921,-0.053966553594852
-0.1943,-0.0426115201648577
-0.19606,-0.0315271727822304
-0.19741,-0.020746538782206
-0.19835,-0.0102904163587667
-0.19891,-0.00019105146093076
-0.19909,0.00953345096616086
-0.19891,0.0188624034755929
-0.1984,0.0277665179880193
-0.19756,0.0362328512056321
-0.19641,0.0442475083688669
-0.19498,0.0517891211053071
-0.19329,0.0588385588675788
-0.19134,0.0653940885144792
-0.18917,0.0714387670627445
-0.18678,0.076973712866493
-0.18421,0.0819852711611363
-0.18146,0.0864780911887292
-0.17856,0.0904495267848808
-0.17552,0.0939061639791989
-0.17237,0.096847299698153
-0.16912,0.0992813826310094
-0.16579,0.101216823109527
-0.1624,0.102661969419213
-0.15896,0.103632467873376
-0.1555,0.104134800506187
-0.15203,0.104182817407063
-0.14856,0.103796061956744
-0.14511,0.102990866849071
-0.14169,0.101788033767118
-0.13833,0.100196696568076
-0.13503,0.0982385767519385
-0.13181,0.0959302124842214
-0.12867,0.0932983449725717
-0.12564,0.0903550581376135
-0.12271,0.0871298767230609
-0.11991,0.0836360015602338
-0.11723,0.0799026749996275
-0.11469,0.0759490644522038
-0.11229,0.0718004441817344
-0.11004,0.067478874878531
-0.10794,0.0630105570939705
-0.10599,0.0584242442126488
-0.1042,0.0537424910294146
-0.10257,0.0489895369985374
-0.1011,0.044190207512381
-0.099785,0.0393727048365088
-0.098626,0.0345626271510068
-0.097622,0.0297841219233674
-0.096769,0.0250615812170437
-0.096063,0.0204187752389716
-0.0955,0.0158781635154963
-0.095073,0.0114625861829399
-0.094777,0.00719291426094907
-0.094606,0.00308842083339675
-0.094553,-0.000832882950949045
-0.094608,-0.00455246709044216
-0.094765,-0.00805503855430886
-0.095013,-0.0113248286552439
-0.095346,-0.0143500091839138
-0.095754,-0.0171194922759444
-0.096226,-0.0196225484862655
-0.096753,-0.0218507033025188
-0.097324,-0.0237962441741027
-0.097927,-0.0254517314836772
-0.098551,-0.0268110694637219
-0.099185,-0.0278695883914264
-0.099815,-0.02862184830465
-0.10043,-0.0290643184651173
-0.10101,-0.0291886033638697
-0.10154,-0.028986453298787
-0.10202,-0.0284611899404699
-0.10241,-0.0275959346751628
-0.1027,-0.0263802831546233
-0.10289,-0.0248168390489929
-0.10294,-0.0228891704254615
-0.10283,-0.0205808404739722
-0.10256,-0.0178907385176195
-0.10209,-0.0148006728769196
-0.1014,-0.011294065320236
-0.10049,-0.00737097374842229
-0.099318,-0.00301392543217141
-0.097872,0.00178591831303012
-0.096129,0.00703822618118583
-0.094069,0.012750742793596
-0.091672,0.0189293378638209
-0.088919,0.0255773540649267
-0.08579,0.0326966268685586
-0.082268,0.0402853893826743
-0.078335,0.0483396387056767
-0.073976,0.0568513411766389
-0.069175,0.065810055176162
-0.063918,0.0752020911359166
-0.058194,0.0850091893962411
-0.05199,0.0952112824498138
-0.045298,0.105783604913483
-0.038113,0.116695980037241
-0.030428,0.12791609846635
-0.02224,0.139407798230916
-0.013548,0.151131279319747
-0.004356,0.16304117355526
0.0053341,0.175090407340483
0.015515,0.187227837919358
0.026178,0.19939943958922
0.037311,0.211547882611179
0.048898,0.223611937909475
0.060923,0.235529011625283
0.073367,0.247235035382739
0.086206,0.258662968292147
0.099415,0.26974465488055
0.11297,0.280413861400341
0.12683,0.290595390220802
0.14098,0.300228369993021
0.15536,0.309232173125059
0.16996,0.31754974678014
0.18472,0.325107992474403
0.1996,0.331838045250911
0.21457,0.337684129068904
0.22956,0.342573401028566
0.24454,0.346451269692378
0.25946,0.349265028636694
0.27425,0.350950634005145
0.28888,0.351466719447924
0.30328,0.350762267069898
0.31741,0.348802582099524
0.3312,0.345545426399541
0.3446,0.340958955432586
0.35756,0.335021107599901
0.37002,0.327711461193697
0.38192,0.319012010382348
0.39322,0.308922503170684
0.40385,0.297435348696352
0.41377,0.284559936075813
0.42293,0.2703121855779
0.43127,0.254705932805964
0.43876,0.237775586269876
0.44534,0.219549446637382
0.45097,0.200065301234579
0.45562,0.179375307136284
0.45924,0.157527329170029
0.4618,0.134579544805419
0.46328,0.110604504006943
0.46364,0.0856697975315512
0.46285,0.0598447343053344
0.46091,0.0332204138954905
0.45778,0.00587352142847398
0.45346,-0.022103368161697
0.44793,-0.0506222127719208
0.44119,-0.079586312466313
0.43322,-0.108909544637426
0.42404,-0.138487270104955
0.41365,-0.168217785471939
0.40204,-0.198012189211778
0.38923,-0.227772478136128
0.37523,-0.257403757727465
0.36006,-0.286809246412899
0.34373,-0.315901130988622
0.32627,-0.344586933405019
0.30771,-0.372773465678518
0.28806,-0.400384855321123
0.26737,-0.427332280546766
0.24566,-0.453541705514985
0.22298,-0.478931489119134
0.19937,-0.503424133755691
0.17486,-0.526955657360634
0.14951,-0.54945322834987
0.12337,-0.570846954471135
0.096488,-0.591073388675292
0.068919,-0.610071537572341
0.040723,-0.627781060589673
0.01196,-0.644144494338027
-0.017308,-0.659107486092882
-0.047013,-0.67261593674085
-0.077091,-0.684621079101675
-0.10747,-0.695074548836033
-0.13808,-0.70393178718598
-0.16884,-0.711145056287686
-0.19969,-0.71668154716944
-0.23054,-0.72049985766146
-0.26132,-0.722568221615116
-0.29195,-0.722856745111166
-0.32236,-0.721345880941025
-0.35245,-0.718003386485417
-0.38215,-0.712810430791336
-0.41138,-0.705752684032227
-0.44006,-0.69682040213578
-0.46811,-0.686008352829493
-0.49545,-0.673315613758307
-0.52201,-0.658752668749125
-0.5477,-0.642324616092188
-0.57244,-0.624039925942661
-0.59617,-0.603924772773
-0.61881,-0.582004520556765
-0.64029,-0.55831097610251
-0.66054,-0.532880630084804
-0.67949,-0.505753078512196
-0.69708,-0.476977024853468
-0.71325,-0.446607446451531
-0.72794,-0.414703107206013
-0.74109,-0.381324407171073
-0.75265,-0.346538953971153
-0.76258,-0.310425822447432
-0.77082,-0.273056458029672
-0.77734,-0.234516410529232
-0.7821,-0.194892852421271
-0.78505,-0.154264428030763
-0.78618,-0.112730217979789
-0.78546,-0.0703881367821691
-0.78285,-0.0273249019026475
-0.77836,0.0163474409004083
-0.77195,0.0605367374696404
-0.76363,0.105132740952383
-0.75339,0.150028785587793
-0.74123,0.195117012317959
-0.72715,0.240291996537478
-0.71118,0.285431459833683
-0.69332,0.330425570629064
-0.67359,0.375163299643533
-0.65203,0.419521496698137
-0.62865,0.463393411470552
-0.6035,0.506659521390663
-0.57662,0.549201362986313
-0.54804,0.590912679102579
-0.51783,0.631671141735323
-0.48602,0.671375170847667
-0.45269,0.709906531675162
-0.41788,0.747167209170226
-0.38168,0.783042056035211
-0.34415,0.817428315631362
-0.30536,0.85022952434981
-0.2654,0.881343057803889
-0.22434,0.91067984305396
-0.18227,0.938150318975221
-0.13928,0.963667931044955
-0.095466,0.987147427893587
-0.050922,1.00850936788146
-0.0057473,1.02767819809119
0.039954,1.04458096939501
0.086077,1.05914918144836
0.13252,1.07132310240882
0.17916,1.0810368898613
0.22589,1.08823432379418
0.2726,1.09286716776562
0.31917,1.09488845055249
0.36549,1.09426178879702
0.41143,1.0909464129913
0.45688,1.08491476810765
0.50171,1.07613674356997
0.54582,1.06460398372367
0.58907,1.05029711622612
0.63136,1.03321875764365
0.67257,1.01337513288608
0.71258,0.990775924858223
0.75127,0.965434012836325
0.78854,0.9373799246452
0.82427,0.906643401450245
0.85836,0.873268095937628
0.8907,0.83730081658662
0.92118,0.798790117737333
0.94972,0.75780724801512
0.9762,0.714410620539428
1,0.668277117649813
1,0.603618156179866
1,0.525804622375729
1,0.439524819390628
1,0.348813267360234
1,0.257084610551981
1,0.167171802154518
1,0.0813676919780462
1,0.00146913051101499
1,-0.0711772812459402
1,-0.135628628238034
1,-0.191299079969642
1,-0.237913957628465
1,-0.275465097208787
1,-0.304168051384317
1,-0.324421585315866
1,-0.336769833794864
1,-0.341867401312828
1,-0.340447604606977
0.98463,-0.344664839829115
0.95779,-0.361324810458602
0.92859,-0.388899258570745
0.89711,-0.425852146079953
0.86342,-0.470674128264559
0.82763,-0.521874961732274
0.78981,-0.578038204537903
0.75008,-0.637798821185604
0.70855,-0.699870006715351
0.66532,-0.763064437123734
0.6205,-0.826295536891178
0.57422,-0.888569830147805
0.52661,-0.948994311264201
0.47778,-1.0067955734981
0.42787,-1.06129600376475
0.37701,-1.11192239978816
0.32533,-1.15820337113219
0.27297,-1.19975764512175
0.22008,-1.23628261480482
0.16677,-1.26758025378952
0.11321,-1.29350144820867
0.059512,-1.31398715724151
0.0058306,-1.3290247959049
-0.047703,-1.33866058000755
-0.10095,-1.34298485073572
-0.15378,-1.34213072941158
-0.20606,-1.33626354484397
-0.25765,-1.32556795099992
-0.30843,-1.31025671984394
-0.35828,-1.29056201240643
-0.40707,-1.26672014667042
-0.45468,-1.23897369674111
-0.50101,-1.20758012004335
-0.54593,-1.17278106151632
-0.58934,-1.13482211880375
-0.63114,-1.09394621873882
-0.67124,-1.05039551025531
-0.70954,-1.00439789519599
-0.74595,-0.956171122156599
-0.78038,-0.905918758401805
-0.81277,-0.853849332952744
-0.84304,-0.800154516620607
-0.87112,-0.745014030960361
-0.89695,-0.688599793437641
-0.92049,-0.631086763850491
-0.94167,-0.572624549939162
-0.96047,-0.513374275254059
-0.97684,-0.453478770902516
-0.99076,-0.393083358482372
-1,-0.330695331986932
-1,-0.261813602496635
-1,-0.189832393396557
-1,-0.117590312119287
-1,-0.0474107334679601
-1,0.0188559642177061
-1,0.0797890079669076
-1,0.134353363467107
-1,0.181856035236144
-0.99341,0.226778464557118
-0.98031,0.272733397759116
-0.96493,0.319479025978773
-0.9473,0.366781370509611
-0.9275,0.41438052338747
-0.90558,0.462023556527163
-0.88162,0.509446754048574
-0.8557,0.556384019464428
-0.82789,0.602581353048913
-0.79828,0.647786259615161
-0.76696,0.691754185698718
-0.73403,0.734246304083975
-0.69959,0.775035158785874
-0.66373,0.813916485978161
-0.62657,0.850688710916869
-0.58822,0.885166063131153
-0.54879,0.917181447150567
-0.50838,0.946595769166535
-0.46713,0.973267826524293
-0.42514,0.997089311298157
-0.38253,1.01796783202754
-0.33943,1.03582023969934
-0.29596,1.05058179685801
-0.25224,1.06220568286516
-0.20838,1.07066951051531
-0.16451,1.07595772606422
-0.12075,1.07806938353913
-0.077218,1.07701805172751
-0.03402,1.07283869688304
0.0087252,1.06557426439441
0.050907,1.05528010643664
0.092419,1.04202417914882
0.13316,1.02588752374401
0.17303,1.00696126205476
0.21193,0.985343665236311
0.24977,0.961143417882672
0.28647,0.934482615913587
0.32195,0.905491338769305
0.35613,0.874302961797446
0.38895,0.841064975537129
0.42034,0.805925046769935
0.45023,0.769027066184259
0.47858,0.730530138289163
0.50534,0.69059381324915
0.53047,0.649380871937471
0.55392,0.607044594155363
0.57568,0.563755629544284
0.5957,0.519663952233993
0.61397,0.474927816593936
0.63047,0.429699819900656
0.6452,0.384137941972645
0.65816,0.338399451714371
0.66933,0.292621162882249
0.67873,0.246948363145818
0.68636,0.201513486851676
0.69225,0.156456205177556
0.69641,0.111902417984081
0.69886,0.0679698363554282
0.69964,0.0247800620899827
0.69877,-0.0175613742856383
0.6963,-0.0589437168724751
0.69225,-0.0992783402276553
0.68668,-0.138468454462516
0.67962,-0.17643666899022
0.67113,-0.213102317927855
0.66126,-0.248392840362644
0.65005,-0.282252722782947
0.63756,-0.314628062662481
0.62385,-0.345468849453512
0.60898,-0.37473066366743
0.59301,-0.402375865905145
0.57599,-0.428381742537558
0.55799,-0.452724461570662
0.53908,-0.475380916060409
0.51931,-0.496344932945023
0.49876,-0.51560287565854
0.47748,-0.533158502797256
0.45555,-0.549008126501241
0.43303,-0.563157713945182
0.40999,-0.575614179138447
0.38649,-0.586393086004543
0.3626,-0.595509792255463
0.33839,-0.602979662254649
0.31392,-0.608825582285209
0.28926,-0.613068984654794
0.26447,-0.615737397306723
0.23963,-0.616848133775908
0.21478,-0.616439743543139
0.19,-0.614537604122639
0.16534,-0.611178263060788
0.14086,-0.606399140134209
0.11663,-0.600230167909409
0.092708,-0.592703473231614
0.069139,-0.583861827327706
0.045983,-0.5737444463217
0.023293,-0.56239187791689
0.0011188,-0.549847059099417
-0.02049,-0.536153858004118
-0.041488,-0.521358803819969
-0.061831,-0.505510165070393
-0.081477,-0.488657873841512
-0.10039,-0.470856205184701
-0.11853,-0.452158401878917
-0.13586,-0.432617517505784
-0.15237,-0.412304826712691
-0.16801,-0.391274617464744
-0.18276,-0.36958799386513
-0.19661,-0.347317060901464
-0.20954,-0.324533205430394
-0.22154,-0.301312436943508
-0.23258,-0.277717350216114
-0.24268,-0.253834676112649
-0.25181,-0.229730938041979
-0.25999,-0.205491170910153
-0.26721,-0.181190450814343
-0.27347,-0.156900766506345
-0.2788,-0.13271140078559
-0.28319,-0.108693121192939
-0.28666,-0.0849215437514729
-0.28923,-0.061473622798522
-0.29091,-0.0384173770798692
-0.29174,-0.0158334074326355
-0.29172,0.0062198729020202
-0.2909,0.0276671380476346
-0.28929,0.0484516500619875
-0.28692,0.0685190223406952
-0.28384,0.0878040820217767
-0.28006,0.106264931670612
-0.27563,0.123850635247516
-0.27058,0.140519783835426
-0.26495,0.156233012968754
-0.25878,0.17095430831711
-0.25209,0.184666754391738
-0.24495,0.197332949345607
-0.23737,0.208944964660884
-0.22941,0.219482472120216
-0.2211,0.228938467056588
-0.21248,0.237310042495636
-0.2036,0.244590823848325
-0.19449,0.250787116459773
-0.18519,0.255908376568966
-0.17574,0.259966818125703
-0.16619,0.262969589928512
-0.15657,0.264934751332242
-0.14691,0.265889044340421
-0.13726,0.265851052639637
-0.12765,0.264847382737393
-0.11812,0.262903271164275
-0.1087,0.260049809601661
-0.099423,0.256319968306934
-0.090323,0.251746789240485
-0.081432,0.246364110890182
-0.072778,0.240208577218404
-0.064392,0.233315975755362
-0.056301,0.225723454539737
-0.04853,0.217469764661034
-0.041105,0.20859316813026
-0.034046,0.199134914887338
-0.027376,0.189135286246858
-0.021114,0.178635583749407
-0.015274,0.167680421774403
-0.0098745,0.156312442265793
-0.0049251,0.144577994870485
-0.00043868,0.132522589609945
0.0035777,0.120193964481106
0.007118,0.107640930323498
0.010178,0.0949129854123889
0.012755,0.0820597459436674
0.014851,0.0691328173952636
0.016467,0.0561830181573371
0.017608,0.0432618428550388
0.01828,0.0304203881576563
0.018493,0.0177107005422751
0.018256,0.00518312498033234
0.017581,-0.00711284432513254
0.016483,-0.0191278701758743
0.014977,-0.0308144395239687
0.013081,-0.0421259518435192
0.010814,-0.0530174495153217
0.0081948,-0.0634470596619686
0.0052447,-0.073375086911236
0.0019881,-0.0827627868281371
-0.0015524,-0.0915749786613666
-0.0053511,-0.0997784358757233
-0.0093835,-0.107343718522766
-0.013623,-0.114244109071224
-0.01804,-0.120454013884736
-0.022609,-0.125952889611621
-0.027302,-0.130723388374652
-0.032088,-0.134749401200132
-0.036939,-0.138018873626869
-0.041826,-0.140522998369126
-0.04672,-0.142256206496343
-0.051589,-0.143213841042528
-0.056404,-0.143394677276222
-0.061137,-0.14280136744789
-0.065756,-0.1414369824126
-0.070232,-0.139307369397796
-0.074536,-0.136420739914824
-0.078638,-0.132786515890601
-0.082509,-0.128415825342056
-0.086122,-0.123322575354872
-0.089447,-0.117520525423542
-0.09246,-0.111027567084217
-0.095132,-0.103860909194899
-0.09744,-0.0960413295043629
-0.099359,-0.0875905706867967
-0.10087,-0.0785351138527019
-0.10194,-0.068894282926391
-0.10256,-0.0586989241911642
-0.10271,-0.0479802593395605
-0.10237,-0.0367690104805115
-0.10152,-0.0250946818118208
-0.10016,-0.0129997833069504
-0.098274,-0.00052431729199518
-0.095848,0.0122933684178331
-0.092879,0.0254092219445431
-0.089361,0.0387780797209482
-0.085293,0.0523514997957821
-0.080677,0.0660776016472515
-0.075516,0.0799025268505437
-0.069817,0.0937694719527224
-0.06359,0.107618748652853
-0.056846,0.121389410319514
-0.049602,0.13501692254785
-0.041878,0.148433621766596
-0.033693,0.161572149039891
-0.025073,0.174362319946475
-0.016043,0.186734618610032
-0.0066346,0.198617401316369
0.0031217,0.209940418412576
0.013193,0.220635053467403
0.023543,0.23063375945183
0.034137,0.239873297553797
0.044936,0.248292893683962
0.055901,0.255835887528998
0.066994,0.26245170974661
0.078173,0.268093632352979
0.089397,0.272720561686007
0.10062,0.27629390214565
0.11182,0.278796414600652
0.12293,0.280195828803081
0.13392,0.280476537173071
0.14476,0.279637327598329
0.15539,0.277666986918584
0.16579,0.274576642224928
0.17591,0.270373450808215
0.18571,0.265069054184969
0.19517,0.258693635871824
0.20424,0.25126976275537
0.21289,0.242828438609651
0.2211,0.233414385573083
0.22882,0.223060324751557
0.23604,0.211818282643088
0.24273,0.199739904373099
0.24886,0.186875347827292
0.25441,0.173279773786819
0.25937,0.159018403581725
0.2637,0.144140707627748
0.26741,0.128719129634327
0.27047,0.112813097110768
0.27288,0.096492085226203
0.27461,0.0798095197992886
0.27567,0.0628338902150003
0.27605,0.0456290249366812
0.27574,0.0282530771083424
0.27475,0.0107726087363361
0.27307,-0.0067558872138214
0.2707,-0.0242784599980975
0.26764,-0.041744995463336
0.26391,-0.0590953846924247
0.25952,-0.0762708316549326
0.25446,-0.0932303444248117
0.24876,-0.109919213504207
0.24242,-0.126295744081338
0.23547,-0.142308091896319
0.2279,-0.157927639507651
0.21975,-0.173108738383834
0.21103,-0.187815871271799
0.20176,-0.202015691400683
0.19196,-0.215677950505134
0.18165,-0.228776162834058
0.17086,-0.241280640161036
0.15961,-0.253167742881414
0.14792,-0.264419776131036
0.13582,-0.275017350055159
0.12334,-0.284940647590486
0.1105,-0.294177837684529
0.09734,-0.302709448831687
0.083876,-0.310528500364883
0.070143,-0.317624588382453
0.05617,-0.323989625188406
0.04199,-0.329614988990163
0.027631,-0.334495880737191
0.013125,-0.338628064940931
-0.0014979,-0.34200957691479
-0.016206,-0.344639434872559
-0.030969,-0.346518779154351
-0.045757,-0.347650979738911
-0.06054,-0.348041279633124
-0.075288,-0.347696516331136
-0.089971,-0.346624838593825
-0.10456,-0.344836166097282
-0.11903,-0.342344716087631
-0.13335,-0.339163515891039
-0.1475,-0.33531256647949
-0.16144,-0.330802293966111
-0.17517,-0.325664817750701
-0.18863,-0.319904611476101
-0.20183,-0.313555579734444
-0.21473,-0.306637528374857
-0.22731,-0.299173205157981
-0.23955,-0.291187138179331
-0.25143,-0.282704639073349
-0.26294,-0.273758360723854
-0.27404,-0.264363790446829
-0.28474,-0.25455909029132
-0.29501,-0.244370043911557
-0.30483,-0.233819091358333
-0.31419,-0.222932672139625
-0.32309,-0.211747032894308
-0.3315,-0.200283063083596
-0.33942,-0.188570769262804
-0.34684,-0.176639166849712
-0.35374,-0.164508151301652
-0.36011,-0.152196957435304
-0.36596,-0.13973838401631
-0.37127,-0.127152930015472
-0.37603,-0.114457842665755
-0.38023,-0.101667083085412
-0.38388,-0.0888061762126561
-0.38696,-0.075886904807342
-0.38947,-0.0629242468933074
-0.39141,-0.0499351490825182
-0.39276,-0.0369226987695033
-0.39353,-0.0239007047035758
-0.39371,-0.0108762565814332
-0.39329,0.00214935773455328
-0.39228,0.0151649680358162
-0.39067,0.0281667082274737
-0.38845,0.041156879982412
-0.38563,0.0541280822479945
-0.3822,0.067080242044784
-0.37817,0.0800045546504294
-0.37352,0.092907740339233
-0.36827,0.105779413994843
-0.36241,0.118617990781406
-0.35595,0.131414344954419
-0.34888,0.144168416893177
-0.3412,0.156880173048642
-0.33293,0.169534918609356
-0.32406,0.182128806033969
-0.31461,0.19464473246467
-0.30456,0.20708503233054
-0.29393,0.219438158661051
-0.28274,0.231681768913415
-0.27097,0.243815065976574
-0.25865,0.255817752248653
-0.24577,0.267684021401715
-0.23236,0.279390407778532
-0.21842,0.290922105283163
-0.20397,0.302256975373289
-0.18901,0.313382442461923
-0.17357,0.32427188904549
-0.15766,0.334902977402356
-0.14128,0.345264916452414
-0.12447,0.355327053650607
-0.10724,0.3650658460417
-0.089601,0.374463490289948
-0.07158,0.383495592371302
-0.053196,0.392139155152348
-0.03447,0.400371587346296
-0.015425,0.408169902229536
0.0039161,0.415511641238607
0.023529,0.422374500937605
0.043389,0.42873677344813
0.063471,0.434577691016088
0.083747,0.439875834676027
0.10419,0.444610756011856
0.12477,0.448761303188204
0.14546,0.452308730363234
0.16623,0.455234706879766
0.18704,0.457514525158989
0.20787,0.459133978632711
0.22867,0.460065714801442
0.24941,0.460287495578825
0.27006,0.459781990247898
0.29056,0.458514298534636
0.3109,0.456473456669403
0.33101,0.453623919247209
0.35087,0.449948451410986
0.37043,0.445423057156964
0.38963,0.440011745220473
0.40845,0.433699596930388
0.42683,0.426459715948385
0.44473,0.418271284243583
0.46211,0.409119164298784
0.4789,0.398971246312124
0.49508,0.387819794148642
0.51059,0.375647579556709
0.52539,0.36244521466414
0.53943,0.348202722357734
0.55268,0.332924945761962
0.56507,0.316599201634895
0.57658,0.299236215266143
0.58716,0.280843330480038
0.59677,0.261432583909848
0.60537,0.241019674612812
0.61292,0.219623021968889
0.61939,0.197270313802204
0.62474,0.173988733298908
0.62894,0.14981186415529
0.63196,0.124777668398665
0.63377,0.0989267182854776
0.63434,0.0723006738365436
0.63366,0.0449557912385815
0.63169,0.0169364243414847
0.62844,-0.0116868873594672
0.62387,-0.0408613905955761
0.61798,-0.0705205691189079
0.61077,-0.100588694645505
0.60224,-0.130984756926459
0.59238,-0.161633202616139
0.58121,-0.192442909009603
0.56872,-0.223335057365413
0.55495,-0.254206149969204
0.5399,-0.284965444125497
0.5236,-0.31551306047666
0.50607,-0.34575220849539
0.48735,-0.375576809814989
0.46748,-0.404876592639719
0.44649,-0.43354874000387
0.42443,-0.461484942862108
0.40134,-0.488583337642386
0.37728,-0.514735808694128
0.3523,-0.539840138551513
0.32646,-0.563794887718068
0.29981,-0.5865100747536
0.27242,-0.607893329290451
0.24436,-0.627853605961247
0.21569,-0.646311553535757
0.18647,-0.663200194870603
0.15679,-0.678442980052973
0.12671,-0.691980719431719
0.096309,-0.703756599614096
0.065652,-0.713728454283062
0.034817,-0.72185829736262
0.0038782,-0.728116189877235
-0.02709,-0.732480166565128
-0.058015,-0.734937425032172
-0.088823,-0.735482799228633
-0.11944,-0.734118036692472
-0.14979,-0.730849665433561
-0.17981,-0.725698202686991
-0.20943,-0.718690381105471
-0.23857,-0.709850454479282
-0.26717,-0.699215384569509
-0.29516,-0.686824511120898
-0.32248,-0.672725905719199
-0.34907,-0.656973815865946
-0.37485,-0.63961159422338
-0.39979,-0.620709933129099
-0.42381,-0.600322960567887
-0.44688,-0.578527190849957
-0.46892,-0.555378316019665
-0.48991,-0.530958221295692
-0.50979,-0.505338186654191
-0.52852,-0.478593830810857
-0.54605,-0.450794793854051
-0.56237,-0.422033510805639
-0.57742,-0.392381206338637
-0.59118,-0.361919491206373
-0.60363,-0.330735926150374
-0.61474,-0.298912863791971
-0.6245,-0.266540736620068
-0.63287,-0.233691533916699
-0.63987,-0.200464427986758
-0.64546,-0.16693306056678
-0.64965,-0.133185042114122
-0.65244,-0.0993090151488463
-0.65382,-0.0653841809065317
-0.6538,-0.0314942578814511
-0.65239,0.00227620131646462
-0.6496,0.0358448174521797
-0.64544,0.0691337747245498
-0.63994,0.10205685623444
-0.63311,0.13453881049912
-0.62497,0.166508506682914
-0.61557,0.197878533987716
-0.60493,0.228573557330406
-0.59308,0.258523285560787
-0.58006,0.287656692247094
-0.56592,0.315897379463265
-0.5507,0.343174770741366
-0.53444,0.369425591613198
-0.5172,0.394580089257495
-0.49902,0.418580677022674
-0.47995,0.441374460199524
-0.46007,0.462892295921876
-0.43942,0.483084093744072
-0.41806,0.501902395247491
-0.39605,0.519303866704047
-0.37346,0.535242985259675
-0.35036,0.549674384683307
-0.3268,0.562569519551284
-0.30285,0.573900070304065
-0.27859,0.583631941602889
-0.25407,0.591750132352208
-0.22936,0.598241290740608
-0.20453,0.603094385002415
-0.17965,0.606301151240255
-0.15478,0.607863749476382
-0.12999,0.607785845384832
-0.10534,0.606080145409043
-0.0809,0.602759409037527
-0.05672,0.597851357377129
-0.032863,0.591385860647414
-0.0093853,0.583399088617503
0.013658,0.573932579586915
0.036215,0.563033786306018
0.058239,0.550757797007639
0.079682,0.537163671332571
0.1005,0.522315254876288
0.12066,0.506286838953103
0.14012,0.4891526105663
0.15884,0.470986232107579
0.1768,0.451873771967211
0.19396,0.431894170361654
0.21031,0.411140608399097
0.22582,0.389700330535618
0.24047,0.367660672301878
0.25425,0.345113860955531
0.26715,0.322153317729771
0.27915,0.298863204579831
0.29024,0.275324979758539
0.30043,0.251630106070929
0.30971,0.227860421736861
0.31808,0.204094723540015
0.32553,0.18039932062864
0.33209,0.1568576993812
0.33774,0.133527407862622
0.3425,0.110472521877756
0.34638,0.0877526448251899
0.3494,0.0654289507190619
0.35155,0.0435394218168875
0.35287,0.0221386521878832
0.35335,0.00125554079588091
0.35304,-0.0190587739482616
0.35194,-0.0387742006430468
0.35007,-0.0578642527978742
0.34747,-0.0762918913208253
0.34415,-0.09403534245899
0.34015,-0.111064117124152
0.3355,-0.127349474579353
0.33021,-0.142880186966973
0.32433,-0.157630405174224
0.3179,-0.171571092001113
0.31093,-0.184694085231277
0.30347,-0.196979172177825
0.29555,-0.208412223375014
0.28721,-0.218977436479206
0.27848,-0.228665904794526
0.2694,-0.237467535797253
0.26,-0.245379343992344
0.25032,-0.252397140129575
0.24039,-0.258523637581296
0.23026,-0.263752596163329
0.21995,-0.268093231870993
0.2095,-0.271552492591624
0.19895,-0.274135605155448
0.18833,-0.275853929023078
0.17768,-0.276716313658054
0.16702,-0.276744366620266
0.15639,-0.275954825822766
0.14582,-0.274367643026665
0.13534,-0.272004991679278
0.12498,-0.268890387214081
0.11477,-0.265047919033009
0.10474,-0.260501591682478
0.094921,-0.255274031443834
0.085326,-0.249399511197552
0.075982,-0.242910463994324
0.066913,-0.235839214171912
0.058137,-0.228221567660559
0.049672,-0.220095156536331
0.041535,-0.211498776345844
0.033739,-0.202474018629913
0.026298,-0.19306279461322
0.019221,-0.18330974693404
0.012518,-0.17325966326713
0.0061958,-0.16295847269094
0.00025771,-0.152454212132661
-0.0052913,-0.141793921441453
-0.010451,-0.131025879221417
-0.015222,-0.120198468087449
-0.019604,-0.109357943932212
-0.023604,-0.0985527462770508
-0.027226,-0.087829281512024
-0.030475,-0.0772315194790744
-0.033363,-0.0668051532939386
-0.035896,-0.0565912803552069
-0.038087,-0.0466310315538172
-0.039947,-0.0369626344576703
-0.04149,-0.0276228122803232
-0.042731,-0.0186464650583522
-0.043685,-0.0100657165898719
-0.044369,-0.00191069480245706
-0.044801,0.00579052772183205
-0.044999,0.0130126664958976
-0.044982,0.0197330012164668
-0.044769,0.0259318643791424
-0.04438,0.0315922105206577
-0.043835,0.0366999330385755
-0.043155,0.0412432942344776
-0.042362,0.0452123931036613
-0.041474,0.0486023743551555
-0.040512,0.0514106945658494
-0.039495,0.0536385428763199
-0.038444,0.0552889140662808
-0.037376,0.0563694285157595
-0.036311,0.0568892892150573
-0.035264,0.0568626853858631
-0.034253,0.05630546879639
-0.033292,0.0552375872341511
-0.032398,0.0536797385923759
-0.031581,0.0516580266102742
-0.030855,0.0491994133459834
-0.030229,0.0463346633323946
-0.029712,0.0430968937632017
-0.029311,0.039521798556315
-0.029035,0.0356447761735727
-0.028886,0.0315052507674272
-0.028869,0.0271426279122719
-0.028987,0.0225967068639214
-0.029239,0.0179094544400778
-0.029628,0.0131204361912979
-0.03015,0.00827130641574519
-0.030806,0.0034004733453782
-0.03159,-0.00145226360533372
-0.032499,-0.00624942925585181
-0.033529,-0.0109558673336404
-0.034673,-0.0155372151561862
-0.035925,-0.0199616267096354
-0.03728,-0.0242011092180569
-0.038728,-0.0282280742913491
-0.040263,-0.032019211707777
-0.041876,-0.0355533289980304
-0.043559,-0.0388125176692643
-0.045305,-0.0417830091033052
-0.047104,-0.0444527978793457
-0.048948,-0.0468133741987501
-0.05083,-0.0488602837244257
-0.052742,-0.0505919873725766
-0.054674,-0.0520081165920458
-0.056622,-0.0531139406747117
-0.058576,-0.0539149327412317
-0.06053,-0.0544197652883502
-0.062478,-0.0546396656906266
-0.064412,-0.0545863340935904
-0.066326,-0.0542731919132642
-0.068215,-0.0537155844490672
-0.070072,-0.0529286567081826
-0.071891,-0.0519278453791173
-0.073668,-0.050729987824412
-0.075394,-0.0493489839026067
-0.077066,-0.0478004925732949
-0.078677,-0.0460982588567306
-0.080221,-0.0442548860505858
-0.081693,-0.0422824728530846
-0.083086,-0.0401909088676654
-0.084394,-0.037988765652472
-0.085612,-0.0356840397221776
-0.086732,-0.0332818008690886
-0.087749,-0.030786804105494
-0.088657,-0.0282026406270545
-0.089449,-0.025531081788712
-0.09012,-0.0227738148852281
-0.090665,-0.0199323657361051
-0.091077,-0.0170065629131193
-0.091351,-0.0139963034726917
-0.091483,-0.0109022371054553
-0.091466,-0.00772334304158385
-0.091298,-0.00446093996942296
-0.090976,-0.00111742365231095
-0.090492,0.0023077335324781
-0.089848,0.00581003619677502
-0.089039,0.00938626185486011
-0.088063,0.0130321040766915
-0.086919,0.0167417809761875
-0.085607,0.0205077571442391
-0.084124,0.024323524147993
-0.082473,0.0281791608693633
-0.080654,0.032064501987568
-0.078668,0.0359687421698827
-0.076517,0.0398801385843066
-0.074205,0.0437850601347753
-0.071735,0.0476694932427224
-0.06911,0.0515195315744649
-0.066337,0.0553188161133699
-0.06342,0.059051718415701
-0.060363,0.0627036756474013
-0.057175,0.0662577429869322
-0.053861,0.0696985389144321
-0.050427,0.0730116931443436
-0.046883,0.0761811638394846
-0.043233,0.0791945198830185
-0.039487,0.0820382352725148
-0.035652,0.0847005862005638
-0.031736,0.0871709839171892
-0.027745,0.0894416302727042
-0.023688,0.0915050841357359
-0.019573,0.0933552493231686
-0.015407,0.0949881346161068
-0.011195,0.0964031506758172
-0.0069489,0.0975974822424576
-0.0026732,0.0985721805734096
0.0016253,0.0993297942682172
0.0059383,0.0998730080766961
0.010258,0.100205013283784
0.014579,0.100331190169114
0.018892,0.100255740226784
0.023191,0.0999843188046181
0.027467,0.0995214506921247
0.031714,0.0988729057827984
0.035923,0.0980431357017611
0.040087,0.0970369322531382
0.0442,0.095860008582119
0.048251,0.0945149998984992
0.052236,0.0930071883004291
0.056146,0.0913401680594922
0.059972,0.0895160892450212
0.063707,0.0875373648740107
0.067346,0.0854080374136491
0.070878,0.083128919418561
0.074298,0.0807026326369141
0.077597,0.0781302240626324
0.080768,0.0754129159648004
0.083802,0.0725505515047629
0.086691,0.0695425953890698
0.089427,0.0663882099828647
0.092001,0.0630855853571146
0.094405,0.059632904325269
0.096631,0.0560283822005525
0.098667,0.0522673409004562
0.10051,0.0483495420280487
0.10214,0.0442657544108745
0.10356,0.0400167465318016
0.10476,0.0356017148199814
0.10573,0.0310186190687403
0.10646,0.0262644824081382
0.10694,0.0213356566554048
0.10716,0.0162280541752775
0.10712,0.0109447457496906
0.10682,0.00549451088893954
0.10623,-0.00013166578904814
0.10537,-0.00591991678384163
0.10422,-0.011867861488381
0.10277,-0.017975029859776
0.10102,-0.0242351068551462
0.098975,-0.0306335273067674
0.096622,-0.03716275945712
0.09396,-0.0438122615360474
0.090989,-0.0505686099711515
0.087708,-0.0574171596665863
0.084116,-0.0643426806716444
0.080214,-0.0713284158025334
0.076004,-0.0783561086403185
0.071491,-0.0854045935397483
0.066678,-0.0924524409459841
0.061572,-0.0994756685399711
0.056181,-0.106448191765866
0.050512,-0.1133437311205
0.044579,-0.120131449380263
0.038391,-0.126781440189963
0.031963,-0.133261004975503
0.025311,-0.139535436500584
0.018451,-0.145569454900408
0.011401,-0.151326915729409
0.0041812,-0.156770464460889
-0.0031881,-0.161862857353906
-0.010685,-0.166566928978496
-0.018285,-0.170844839320217
-0.025966,-0.174661196596831
-0.0337,-0.177979385934148
-0.041462,-0.180765236867544
-0.049225,-0.182986229232938
-0.056959,-0.184610081541997
-0.064638,-0.185608792517001
-0.072231,-0.185955138877924
-0.079708,-0.185624275563522
-0.087039,-0.18459422681043
-0.094195,-0.182846949624569
-0.10114,-0.180363171744868
-0.10786,-0.17713971047604
-0.11431,-0.173163814510543
-0.12046,-0.168426742728033
-0.12629,-0.162930892416674
-0.13177,-0.156680460874396
-0.13687,-0.149681256885189
-0.14157,-0.141947884954986
-0.14585,-0.133501897349426
-0.14967,-0.124355312602329
-0.15303,-0.114541927921277
-0.1559,-0.104090199871261
-0.15826,-0.0930310856329212
-0.16009,-0.0813968657160005
-0.16139,-0.069234926965859
-0.16214,-0.0565888729050502
-0.16233,-0.0435055539529377
-0.16194,-0.0300258171016232
-0.16098,-0.0162067565638639
-0.15944,-0.00210222025975844
-0.15732,0.0122306575417929
-0.15461,0.026741107162264
-0.15132,0.041370183931262
-0.14745,0.0560614791438448
-0.14301,0.0707549215488312
-0.13801,0.085389300967045
-0.13246,0.099904358034464
-0.12638,0.11423507492386
-0.11977,0.128329412764537
-0.11265,0.142132718227883
-0.10504,0.155590039944718
-0.096973,0.168638399191504
-0.088457,0.18122888681986
-0.079519,0.19331158766577
-0.070185,0.204838267404259
-0.06048,0.215764502616237
-0.050432,0.22604834977202
-0.040071,0.235649954298087
-0.029425,0.244534143135846
-0.018527,0.252667217544986
-0.0074074,0.260019949915009
0.0038986,0.266564406265716
0.015358,0.272276523017389
0.026936,0.277135117146818
0.038596,0.281121004597651
0.050302,0.284218001066557
0.062018,0.286413194391139
0.073705,0.287694846704159
0.085327,0.288055095081337
0.096844,0.287486834042401
0.10822,0.285987082993355
0.11942,0.283557357634666
0.1304,0.280196438788897
0.14112,0.275904206599448
0.15155,0.270689118759433
0.16165,0.264559208300863
0.17139,0.257529613054045
0.18073,0.249613646133457
0.18963,0.240823017220766
0.19806,0.231175421370397
0.20599,0.220693084876472
0.21339,0.209401458254677
0.22022,0.197320658835997
0.22647,0.184488270760926
0.23209,0.170925474590703
0.23708,0.156676713249459
0.2414,0.141774470835556
0.24504,0.126262945084217
0.24797,0.110179811639614
0.25018,0.0935712541372161
0.25166,0.0764890400787041
0.2524,0.0589879991859231
0.25239,0.0411238838103068
0.25162,0.0229515883118732
0.25009,0.00453110027481752
0.2478,-0.014075258481559
0.24475,-0.0328051429532266
0.24095,-0.0515906812241289
0.23639,-0.0703764004238799
0.2311,-0.0890890078235379
0.22509,-0.107657893909241
0.21836,-0.12602421487683
0.21095,-0.144110961833607
0.20285,-0.161865895541619
0.19411,-0.179214176540459
0.18473,-0.196102149985427
0.17476,-0.21245814004821
0.1642,-0.22823529956275
0.15311,-0.24336415996106
0.1415,-0.257796342505115
0.1294,-0.271487481133508
0.11687,-0.284375973036323
0.10392,-0.296425461283041
0.090596,-0.307594822993958
0.07694,-0.317843694717224
0.062989,-0.327137634852403
0.048783,-0.335446210870939
0.034364,-0.342742088515746
0.019772,-0.349003166501283
0.0050502,-0.354210304232565
-0.0097589,-0.358348284158184
-0.024614,-0.361406839140716
-0.039471,-0.363378376241606
-0.054288,-0.364259750558888
-0.069024,-0.364052596409044
-0.083636,-0.362761302963466
-0.098084,-0.360394984067329
-0.11233,-0.356968177906101
-0.12632,-0.352487928172243
-0.14004,-0.346984953517032
-0.15343,-0.340474525307925
-0.16646,-0.332981513606637
-0.1791,-0.324538100507729
-0.19131,-0.315174327561097
-0.20306,-0.304925290763877
-0.21432,-0.293829378641022
-0.22506,-0.281926735974436
-0.23524,-0.269250547903585
-0.24486,-0.255857142375718
-0.25387,-0.241783061971625
-0.26226,-0.227077507251931
-0.27002,-0.211798539425706
-0.27711,-0.195987578815685
-0.28354,-0.179708413882424
-0.28927,-0.16300407119642
-0.29431,-0.145936523484192
-0.29865,-0.128566402544732
-0.30227,-0.110944057091888
-0.30517,-0.0931247622361049
-0.30735,-0.0751660323836705
-0.30882,-0.057132778301576
-0.30956,-0.0390716656563648
-0.3096,-0.0210500625955305
-0.30892,-0.00311291355210281
-0.30755,0.0146774957984399
-0.30548,0.0322765229565229
-0.30274,0.0496257515349044
-0.29934,0.066672415538911
-0.29528,0.0833775226116935
-0.29059,0.0996924800798076
-0.28529,0.115570091977669
-0.27939,0.130973385988017
-0.27292,0.145860283952433
-0.2659,0.160193568236624
-0.25835,0.173941390802605
-0.2503,0.187070149759988
-0.24177,0.199553581110559
-0.23279,0.211365098959145
-0.2234,0.22247162072721
-0.21361,0.232858330882707
-0.20346,0.242503787527306
-0.19298,0.251389605843657
-0.18219,0.259508167482559
-0.17114,0.266838960129824
-0.15984,0.27338159650441
-0.14834,0.279122722162968
-0.13666,0.284061436959797
-0.12483,0.288199858401
-0.11289,0.291535423910599
-0.10087,0.294069574356385
-0.088794,0.295811670501839
-0.076694,0.296771575777837
-0.064602,0.296959561236593
-0.052546,0.296389151574695
-0.040555,0.29507561417102
-0.028656,0.293036893246071
-0.016875,0.290293531551081
-0.0052419,0.286864892768129
0.0062187,0.282772926908107
0.017482,0.278041046993706
0.028523,0.272693164344507
0.039318,0.266753985009151
0.049844,0.260248762336196
0.06008,0.25320402412919
0.070006,0.245647366612814
0.0796,0.237605022613522
0.088845,0.229105094627901
0.097721,0.220174177329639
0.10621,0.21083835524449
0.1143,0.201126962504027
0.12198,0.191071819443027
0.12922,0.180691746020749
0.13602,0.170016638223242
0.14237,0.159076993303117
0.14825,0.14789544658781
0.15365,0.136494928958151
0.15856,0.124897825881036
0.16299,0.113140104798027
0.16691,0.101237971536204
0.17033,0.0892206645335138
0.17324,0.077112163811153
0.17564,0.0649387736282232
0.17753,0.052727770996489
0.17891,0.0405062884779598
0.17978,0.0283004120823941
0.18015,0.0161418728009237
0.18001,0.00405110071959839
0.17939,-0.00793176897471709
0.17828,-0.0197815853347079
0.1767,-0.0314639845381487
0.17466,-0.0429457201960511
0.17217,-0.0541955667914896
0.16924,-0.0651850063819046
0.1659,-0.0758739255489264
0.16216,-0.0862289720768745
0.15804,-0.0962159930516217
0.15355,-0.105808766817006
0.14872,-0.114973655254564
0.14357,-0.123679616102867
0.13812,-0.131898810374599
0.1324,-0.139599618706563
0.12643,-0.14675590433746
0.12022,-0.153354343097932
0.11381,-0.159370422238165
0.10721,-0.164793756997625
0.10046,-0.169603745442389
0.093573,-0.173792363639184
0.086577,-0.177351141692368
0.079494,-0.180276206086812
0.072349,-0.182565556165776
0.065169,-0.184217547479711
0.057976,-0.185234822009869
0.050796,-0.185620693902839
0.043652,-0.185381381173759
0.036569,-0.184524014348046
0.029568,-0.183059428987683
0.022676,-0.180996906923235
0.015912,-0.17835031421403
0.0093011,-0.175132483017479
0.0028628,-0.171359346211843
-0.0033808,-0.167047106335632
-0.0094113,-0.162214589234808
-0.015209,-0.156881357493977
-0.020755,-0.151067706432293
-0.026035,-0.144797434675002
-0.03103,-0.138093091451789
-0.035727,-0.130980074498741
-0.040112,-0.123484664389956
-0.044171,-0.115633140550361
-0.047894,-0.107454009679498
-0.051268,-0.0989745502624214
-0.054286,-0.0902246994435756
-0.056935,-0.0812312252921416
-0.05921,-0.0720234503866413
-0.061101,-0.0626281687494106
-0.062604,-0.0530737370030505
-0.06371,-0.0433851822730092
-0.064415,-0.0335877294097309
-0.064715,-0.0237059298662507
-0.064607,-0.0137637089242654
-0.064087,-0.00378293304979509
-0.063153,0.00621547981378648
-0.061804,0.0162113858922313
-0.060041,0.0261845184131504
-0.057862,0.0361174680170851
-0.05527,0.0459920963340734
-0.052267,0.055791102522611
-0.048855,0.0654985237464108
-0.04504,0.0750971449587377
-0.040826,0.0845708792656107
-0.036217,0.0939051764789288
-0.031224,0.103082133957746
-0.025852,0.112086254178748
-0.020115,0.120897925762548
-0.014022,0.129498627944516
-0.0075872,0.137867550805428
-0.00082392,0.14598342727994
0.0062492,0.153821435173016
0.013615,0.161355821657052
0.021254,0.16855923380956
0.029145,0.175402668344973
0.037266,0.181856158961844
0.045592,0.187887733900475
0.0541,0.193466332601075
0.062763,0.198559703528138
0.071555,0.203136447463506
0.080449,0.207166171610466
0.089418,0.210620336632624
0.098436,0.21347363977619
0.10747,0.215699135867174
0.1165,0.217279144592655
0.1255,0.218199755966576
0.13444,0.218447787452439
0.14329,0.218011265353089
0.15203,0.216887171500955
0.16063,0.215072658967439
0.16906,0.212565354250981
0.17731,0.209378368569684
0.18534,0.205515006091466
0.19314,0.200992992727387
0.20068,0.19582663066119
0.20793,0.190027276267074
0.21488,0.183618567376968
0.2215,0.176618776566455
0.22776,0.169041495921188
0.23365,0.160911074505179
0.23914,0.152245180974723
0.24421,0.143063091198325
0.24884,0.133384907560473
0.25301,0.123230892437219
0.2567,0.112620910224349
0.25988,0.101566573274249
0.26253,0.0900798977556415
0.26465,0.0781876565131351
0.2662,0.0658981867509746
0.26718,0.0532342711708006
0.26756,0.0402074808120772
0.26734,0.026842158822015
0.26649,0.0131500349152285
0.265,-0.000852936647886813
0.26288,-0.0151331211332004
0.26009,-0.0296805860287151
0.25664,-0.0444678944646494
0.25252,-0.0594691290067309
0.24773,-0.0746529945017018
0.24226,-0.0899922016786825
0.2361,-0.105463544840711
0.22927,-0.121025682716355
0.22176,-0.136646078342924
0.21358,-0.152285513344987
0.20473,-0.167907986104932
0.19523,-0.183466429055386
0.18507,-0.198928478534021
0.17427,-0.214252506815955
0.16285,-0.229390746830367
0.15082,-0.244299370631454
0.13819,-0.258939132844574
0.12498,-0.273268395550582
0.11122,-0.28723757904815
0.096917,-0.300809309941828
0.082102,-0.313939598574081
0.066796,-0.326588000031535
0.051026,-0.338713885273376
0.034819,-0.350277888637594
0.018202,-0.361243049665938
0.0012085,-0.371570870791892
-0.016133,-0.381226689926937
-0.033789,-0.390176519904847
-0.051724,-0.398386706260375
-0.069905,-0.405826971909192
-0.088293,-0.412466498007886
-0.10685,-0.418275955491881
-0.12554,-0.42322984152152
-0.14432,-0.427301605852935
-0.16315,-0.430467141771016
-0.182,-0.432712710735179
-0.20081,-0.434011473356898
-0.21954,-0.434341879568977
-0.23816,-0.433694948491517
-0.25663,-0.432065022963623
-0.27489,-0.429434826520212
-0.2929,-0.425793281519366
-0.31064,-0.421149699374641
-0.32804,-0.415492915156211
-0.34507,-0.408825424238222
-0.3617,-0.401160939399275
-0.37787,-0.392499936117603
-0.39355,-0.38285463612725
-0.40871,-0.372246631769228
-0.4233,-0.360689924121952
-0.43728,-0.348199607960419
-0.45063,-0.33480621343862
-0.46331,-0.320537267269139
-0.47528,-0.305417277019157
-0.48652,-0.289482556994027
-0.49699,-0.272763264582522
-0.50666,-0.2552912426396
-0.51552,-0.237113665873889
-0.52352,-0.218259245564625
-0.53065,-0.19877060656439
-0.53689,-0.178693015359944
-0.54222,-0.158072607275875
-0.54661,-0.136947509462203
-0.55005,-0.115363050926626
-0.55254,-0.0933764196876917
-0.55405,-0.0710305099298411
-0.55458,-0.048377561020923
-0.55411,-0.0254609595177039
-0.55266,-0.00234516123821767
-0.55021,0.0209199215211305
-0.54676,0.0442828928718197
-0.54233,0.0676780207203652
-0.5369,0.0910596392246049
-0.53049,0.114370213698521
-0.5231,0.137559307904239
-0.51476,0.160561715908217
-0.50547,0.183324608463115
-0.49525,0.205792128906018
-0.48412,0.227907868864858
-0.4721,0.249616888341703
-0.45921,0.270867319711693
-0.44548,0.291604197565207
-0.43094,0.311771969578108
-0.41561,0.331323939875079
-0.39952,0.350214872768427
-0.38272,0.368387603449049
-0.36524,0.385792134703678
-0.34711,0.402386055997752
-0.32837,0.418127302350655
-0.30907,0.432968310088073
-0.28925,0.446866234675984
-0.26894,0.459791065832939
-0.2482,0.471702256732775
-0.22707,0.482567133116407
-0.20559,0.492360727179006
-0.18382,0.501050650144961
-0.16179,0.508622061998869
-0.13957,0.515045559432126
-0.11718,0.520318225372265
-0.094685,0.524425754572135
-0.072124,0.527364721241034
-0.049543,0.529135813670229
-0.026988,0.529743436048444
-0.0045022,0.52919733835354
0.017872,0.527512287799985
0.040092,0.524706908277471
0.062116,0.520803355261246
0.083909,0.51583136949741
0.10543,0.50982185009005
0.12664,0.502807526561286
0.14751,0.494829333407609
0.16801,0.485933167865756
0.1881,0.476160456506637
0.20776,0.465562814932404
0.22695,0.454183976405477
0.24566,0.442082374834504
0.26385,0.429304552768277
0.28152,0.415915775190044
0.29864,0.401972412649656
0.31519,0.387529462389791
0.33116,0.37264660332729
0.34654,0.35738553002653
0.36131,0.341800326006966
0.37547,0.325952056902343
0.38901,0.309898136286692
0.40193,0.293698618569742
0.41423,0.277413782295893
0.4259,0.261094757247095
0.43695,0.244798369840525
0.44737,0.22856935642496
0.45718,0.212463306028075
0.46638,0.196527879823744
0.47497,0.180802661484446
0.48297,0.165334022652203
0.49039,0.150164738638813
0.49722,0.135318311129381
0.50349,0.120831197049639
0.50921,0.106734078765598
0.51438,0.0930443233194953
0.51901,0.079775037087353
0.52313,0.0669498796420444
0.52673,0.0545703737962343
0.52982,0.0426345158865036
0.53243,0.0311518794654097
0.53455,0.0201111432379214
0.5362,0.00950625250695131
0.53738,-0.00067959306936595
0.53809,-0.0104717481204046
0.53835,-0.0198873162030773
0.53816,-0.0289513648215574
0.53752,-0.0376949622627021
0.53644,-0.0461460162500282
0.5349,-0.0543515246290673
0.53292,-0.0623432116464235
0.5305,-0.0701545626175294
0.52761,-0.0778418652355854
0.52428,-0.0854339894873639
0.52048,-0.0929813345769276
0.51622,-0.100520723600893
0.51148,-0.108099208428851
0.50627,-0.115748579953649
0.50057,-0.123509566558444
0.49439,-0.131406701275089
0.48771,-0.139472839581203
0.48053,-0.147731706202875
0.47284,-0.156206241911369
0.46465,-0.164903146155727
0.45594,-0.173837809314073
0.44671,-0.183017202909793
0.43696,-0.192441104541364
0.42669,-0.202103269288608
0.4159,-0.211992535674989
0.40458,-0.222101254720522
0.39274,-0.232409823443944
0.38038,-0.242896732339334
0.3675,-0.253539333766431
0.3541,-0.264314517267102
0.34019,-0.275191894496343
0.32577,-0.286143309374938
0.31085,-0.297135677717689
0.29544,-0.308132765062034
0.27955,-0.319096723929289
0.26319,-0.329989401068628
0.24637,-0.340773427227835
0.2291,-0.351413103623393
0.21139,-0.36187510054199
0.19328,-0.372106790142563
0.17477,-0.382071068365535
0.15588,-0.39172966791196
0.13663,-0.401044562318254
0.11705,-0.409971710100704
0.097157,-0.418473193642046
0.076977,-0.426510591212963
0.056536,-0.434046323162611
0.035861,-0.441043988495706
0.01498,-0.447468618402656
-0.0060773,-0.453286337026157
-0.02728,-0.458464438839019
-0.048598,-0.462972907818084
-0.069996,-0.466781141045386
-0.091443,-0.469862353800423
-0.1129,-0.472187936756182
-0.13434,-0.473737750068407
-0.15572,-0.4744874938031
-0.177,-0.474412686189069
-0.19815,-0.473497046630015
-0.21912,-0.471716851036116
-0.23989,-0.469065492840376
-0.26041,-0.465528457065294
-0.28063,-0.461085533746451
-0.30054,-0.455742320141289
-0.32007,-0.449480981401508
-0.33921,-0.44230991368739
-0.3579,-0.434221721227887
-0.37611,-0.425218913644524
-0.39381,-0.41531215496273
-0.41095,-0.4045038409042
-0.42751,-0.392812037969158
-0.44344,-0.380244978173754
-0.45872,-0.366825116143397
-0.47331,-0.352571149797737
-0.48718,-0.337505796439144
-0.5003,-0.321654534935115
-0.51264,-0.305044499539792
-0.52418,-0.28771091995616
-0.53488,-0.269679890943672
-0.54473,-0.250991675362954
-0.55369,-0.231674717736307
-0.56177,-0.211784154447154
-0.56892,-0.191350782513593
-0.57514,-0.170421887990488
-0.58041,-0.149041922459596
-0.58473,-0.127266571358334
-0.58807,-0.105136794838434
-0.59044,-0.0827100300692101
-0.59184,-0.0600479110285696
-0.59225,-0.0371988472392552
-0.59167,-0.0142138717429604
-0.59012,0.00884067966250548
-0.58759,0.0319103382960941
-0.5841,0.0549297405287391
-0.57965,0.0778415710937316
-0.57425,0.100589457932322
-0.56793,0.123104848689837
-0.56069,0.145333743641968
-0.55256,0.167213510469921
-0.54356,0.188684025588807
-0.53372,0.209681807909083
-0.52306,0.230150186918582
-0.5116,0.250039945358632
-0.49939,0.269287471971774
-0.48645,0.287841905783543
-0.47281,0.305657109890281
-0.45851,0.322685096085035
-0.4436,0.338870771883062
-0.4281,0.354177473466942
-0.41205,0.368570097810829
-0.3955,0.382008868030828
-0.37848,0.39446660744848
-0.36105,0.405905348564368
-0.34323,0.416309525340795
-0.32507,0.425660368300115
-0.30662,0.433937529547968
-0.28792,0.441127805136306
-0.269,0.447231967354311
-0.24992,0.452240312489795
-0.23072,0.456150177209625
-0.21143,0.458972452738746
-0.1921,0.460714280945199
-0.17277,0.461387365554847
-0.15348,0.461007124208702
-0.13427,0.459591881479672
-0.11518,0.457162113378042
-0.096233,0.453752328158181
-0.077475,0.449390667719146
-0.058936,0.444111441483054
-0.040647,0.437952457752641
-0.022638,0.430954230400169
-0.0049363,0.423160492519451
0.012432,0.414617383140814
0.029442,0.405372694588918
0.046074,0.395478146705823
0.062305,0.384984797365201
0.078118,0.373946204173427
0.093496,0.362416436133658
0.10843,0.350454343607561
0.12289,0.338105394089004
0.13688,0.325428022275401
0.15038,0.312471607590761
0.1634,0.29929887746076
0.1759,0.285944421594974
0.1879,0.272463311255933
0.19938,0.258895774064497
0.21034,0.245283472643612
0.22078,0.23166777683658
0.23068,0.21807357647869
0.24006,0.204541026286136
0.2489,0.191091566291092
0.2572,0.177745393691504
0.26496,0.164520779194773
0.27218,0.1514335759976
0.27885,0.13848949850954
0.28499,0.125707756680602
0.29058,0.113087999591318
0.29562,0.10062856543271
0.30011,0.0883264401698926
0.30406,0.0761846811030488
0.30746,0.0641960796638393
0.31032,0.0523598633654204
0.31263,0.0406654241801264
0.31439,0.0291016652006596
0.31561,0.0176645653182973
0.31629,0.00634832876249926
0.31643,-0.00485428479218181
0.31602,-0.0159590408543161
0.31509,-0.0269587189702816
0.31362,-0.0378648511256636
0.31163,-0.0486742972447022
0.30911,-0.0593944517686346
0.30608,-0.0700188964532673
0.30255,-0.0805377071222392
0.29852,-0.0909458394174727
0.294,-0.101234972298397
0.28901,-0.111387018454422
0.28354,-0.12139872907759
0.27763,-0.131241976579004
0.27128,-0.140898951009348
0.2645,-0.150353284152715
0.25732,-0.159575478376563
0.24975,-0.168541089181036
0.24182,-0.177215672048858
0.23354,-0.185572507004663
0.22493,-0.193584512595417
0.21603,-0.20121035758448
0.20685,-0.208420623212642
0.19742,-0.215181617785359
0.18777,-0.22145725367508
0.17793,-0.22721063133414
0.16792,-0.232412748414878
0.15778,-0.237027143723792
0.14753,-0.24102731054553
0.13721,-0.244380900147352
0.12685,-0.247059339492076
0.11648,-0.249038095364264
0.10614,-0.250289395712746
0.095844,-0.250803079655457
0.085637,-0.250560796700994
0.075549,-0.24954944506634
0.065611,-0.247760024765339
0.055853,-0.245188085165649
0.046306,-0.241832483349051
0.037001,-0.237695028232355
0.027966,-0.232782324240635
0.019229,-0.227104901439423
0.010819,-0.220675658026164
0.0027627,-0.213510965790699
-0.0049144,-0.205630637749049
-0.012188,-0.19705779264011
-0.019034,-0.187817898525675
-0.025431,-0.177939766663873
-0.031359,-0.16745528054215
-0.036798,-0.156398037886977
-0.041731,-0.144804404538571
-0.046143,-0.132713526516294
-0.050021,-0.120167242244469
-0.053353,-0.10720917629795
-0.056131,-0.0938861548627126
-0.058347,-0.0802462786064945
-0.059995,-0.0663387883970911
-0.061074,-0.052216118899345
-0.061581,-0.0379302675248623
-0.061521,-0.0235372491266624
-0.060897,-0.00909316092331972
-0.059713,0.00534679801146936
-0.05798,0.0197246828762388
-0.05571,0.0339813981488581
-0.052912,0.0480609940659014
-0.049606,0.0619037175759333
-0.045805,0.0754538443089249
-0.04153,0.0886548128916909
-0.0368,0.101452741342839
-0.031639,0.113794031391428
-0.026069,0.125628623362871
-0.020116,0.136908104146859
-0.013807,0.147586370250651
-0.0071683,0.157621368607604
-0.00023091,0.166972400712149
0.0069762,0.175602911131135
0.014422,0.183479597113873
0.022075,0.190572790359508
0.029902,0.196855742977075
0.037872,0.202306862900581
0.045951,0.206907528966523
0.054106,0.210643201494597
0.062303,0.213502719511435
0.07051,0.215479851269534
0.078692,0.216570701813998
0.086817,0.216775981812499
0.094851,0.216098998130793
0.10276,0.214545423954401
0.11051,0.212123027529931
0.11808,0.208850991539892
0.12543,0.204743439539869
0.13252,0.199810310966698
0.13934,0.194080330880497
0.14585,0.187574641296142
0.15202,0.180315302470303
0.15783,0.17233208683206
0.16325,0.163652939235261
0.16826,0.154311101384588
0.17283,0.144335895519087
0.17694,0.133760161116805
0.18057,0.122618734293514
0.18371,0.110954545540492
0.18633,0.0988011130327308
0.18841,0.0861908330846427
0.18995,0.0731690595843859
0.19093,0.0597755176908664
0.19133,0.0460442386643247
0.19116,0.0320258165260516
0.19039,0.0177531291638352
0.18903,0.00327331643446392
0.18707,-0.0113712122491461
0.1845,-0.026143185511531
0.18132,-0.0410032937080092
0.17754,-0.0559044705848427
0.17315,-0.0708096823203723
0.16816,-0.0856764371476197
0.16258,-0.100459247195676
0.1564,-0.115126492030185
0.14964,-0.129636688004673
0.1423,-0.143956607274527
0.13439,-0.158053484875123
0.12593,-0.171888733265464
0.11693,-0.185427818107167
0.1074,-0.19864072124226
0.097355,-0.211498507353787
0.086812,-0.22397274993278
0.075786,-0.236038012614164
0.064295,-0.247670072561534
0.052358,-0.258845933990348
0.039993,-0.269545282236363
0.02722,-0.279749363086614
0.01406,-0.289440773028734
0.00053347,-0.298604379429067
-0.013336,-0.307225295688005
-0.027527,-0.315291153622312
-0.042013,-0.322788460554304
-0.05677,-0.329705339439038
-0.071773,-0.336031073953752
-0.086992,-0.341752743237356
-0.1024,-0.346858471646206
-0.11797,-0.351337792086472
-0.13367,-0.355178196258597
-0.14946,-0.358360176506778
-0.16533,-0.360881507414637
-0.18122,-0.362717197410756
-0.19712,-0.363861752339263
-0.21298,-0.364296162418003
-0.22877,-0.36400601951686
-0.24446,-0.362981200449116
-0.26001,-0.36120810707682
-0.27537,-0.358663494104694
-0.29053,-0.355346718546493
-0.30542,-0.351231189299021
-0.32003,-0.346314657835813
-0.3343,-0.340577759801033
-0.3482,-0.334010213257947
-0.3617,-0.326609505509329
-0.37474,-0.318357448432569
-0.3873,-0.309253451406072
-0.39934,-0.299296505476485
-0.41081,-0.288478070240649
-0.42168,-0.276798709638664
-0.43191,-0.264259070325804
-0.44147,-0.250867398497086
-0.45032,-0.236630601915912
-0.45843,-0.221561862933694
-0.46576,-0.205671806222367
-0.47229,-0.188983622207697
-0.47799,-0.17152273200544
-0.48282,-0.153308384145318
-0.48677,-0.134376601885986
-0.4898,-0.114753849768606
-0.49189,-0.0944730153269794
-0.49302,-0.0735713055632907
-0.49318,-0.0520958203452687
-0.49234,-0.0300855789373577
-0.49049,-0.00758679777795024
-0.48762,0.0153498021117139
-0.48372,0.0386713026416493
-0.47877,0.0623319304850363
-0.47277,0.0862782454512466
-0.46572,0.110452217302666
-0.45761,0.134801240961381
-0.44845,0.159263907290261
-0.43825,0.183773576724266
-0.427,0.208276209505116
-0.41472,0.232707462381923
-0.40143,0.256996706481437
-0.38714,0.281077839459406
-0.37186,0.304890515845509
-0.35563,0.328358828992338
-0.33846,0.351418925202773
-0.32039,0.373996592018028
-0.30145,0.396019069761902
-0.28166,0.417424553544707
-0.26108,0.438132612525713
-0.23973,0.458080013554838
-0.21766,0.477197394749066
-0.19491,0.495420230347031
-0.17154,0.512675363582606
-0.14759,0.52889997094355
-0.12312,0.544027008005982
-0.098174,0.558000229301645
-0.072812,0.570762357770906
-0.047091,0.582259637026055
-0.021071,0.592440972432759
0.005189,0.601260130250747
0.031626,0.608673685838188
0.058176,0.614641512539229
0.084776,0.61912856305685
0.11136,0.622103207612198
0.13787,0.623543932872902
0.16422,0.623417839129523
0.19036,0.621710918814385
0.21622,0.618410538659255
0.24173,0.613506063910025
0.26682,0.606989281789559
0.29142,0.598854653467342
0.31548,0.589114217982969
0.33891,0.577764750532436
0.36165,0.564813425417516
0.38364,0.550276009205652
0.40482,0.534175163120307
0.42512,0.516531470773053
0.44448,0.497371015000574
0.46285,0.476731307563303
0.48017,0.454650950884968
0.49638,0.431168635518517
0.51144,0.406337080321382
0.52531,0.380219080322307
0.53793,0.352869231610629
0.54926,0.324348946097539
0.55929,0.294745729407436
0.56796,0.264128840894457
0.57525,0.232580539882309
0.58115,0.200198691331057
0.58562,0.167068838196326
0.58867,0.133301126304879
0.59027,0.0989928117826351
0.59042,0.0642500962193975
0.58912,0.0291832468179874
0.58638,-0.00609009095451754
0.5822,-0.0414572572498929
0.5766,-0.0767982797227055
0.56959,-0.11199839177969
0.5612,-0.146935847540823
0.55146,-0.181487119326866
0.54038,-0.215545970791933
0.52802,-0.248986658998108
0.5144,-0.281701382234593
0.49957,-0.313578259879586
0.48358,-0.344505916055722
0.46647,-0.37438458214626
0.44829,-0.403119984349725
0.42911,-0.430610901347996
0.40897,-0.456776307436055
0.38794,-0.481532365366446
0.36608,-0.504803550395254
0.34345,-0.526524003963455
0.32013,-0.546623581359305
0.29617,-0.565053688868249
0.27165,-0.581763165829139
0.24663,-0.596715880618059
0.22119,-0.609874915636372
0.1954,-0.621212003337608
0.16932,-0.630714878262658
0.14303,-0.638370573877419
0.1166,-0.644174127900676
0.090095,-0.648131649920572
0.063591,-0.65025063333287
0.037156,-0.650546116005598
0.010856,-0.649040962879356
-0.015241,-0.645762884998537
-0.04107,-0.640745557721292
-0.066565,-0.634026354735574
-0.091666,-0.62564954844137
-0.11631,-0.61566199935285
-0.14044,-0.604116215745572
-0.16399,-0.5910615214952
-0.18691,-0.576555452395262
-0.20915,-0.560660842558883
-0.23066,-0.543443290928064
-0.25138,-0.524961596276395
-0.27128,-0.505289752879377
-0.2903,-0.484489860426676
-0.30841,-0.462634926021793
-0.32557,-0.439797327688201
-0.34175,-0.416054285537761
-0.35691,-0.391477308761799
-0.37102,-0.366138584436732
-0.38406,-0.340116067709001
-0.39601,-0.313490007481482
-0.40685,-0.286340054412114
-0.41655,-0.258735510209747
-0.4251,-0.230749884709341
-0.4325,-0.202465096201523
-0.43873,-0.173952431862538
-0.44379,-0.145287033463643
-0.44768,-0.116544654532963
-0.45038,-0.0877842170618572
-0.45191,-0.0590785393815225
-0.45226,-0.0304869560676402
-0.45145,-0.00207796755363428
-0.44949,0.0260823358819268
-0.44637,0.0539469462528967
-0.44212,0.0814565219344449
-0.43676,0.108551365868917
-0.43029,0.135188479246008
-0.42274,0.161317902623941
-0.41413,0.186893409868384
-0.40449,0.211866226769694
-0.39385,0.236187422575501
-0.38222,0.259824629138238
-0.36966,0.282723312265247
-0.35618,0.304850078857025
-0.34182,0.326167857722394
-0.32663,0.346630779384806
-0.31065,0.366195047447768
-0.29391,0.384827638445669
-0.27645,0.402498245329986
-0.25834,0.419157912114261
-0.23961,0.434774048057933
-0.22031,0.449313842002468
-0.20049,0.462745693774983
-0.18021,0.47503292680619
-0.15952,0.486143630718029
-0.13848,0.496043668941339
-0.11714,0.504705886579603
-0.095556,0.512105511638856
-0.07379,0.518216379997624
-0.051898,0.523016791306164
-0.02994,0.526486705835047
-0.007976,0.52860839007639
0.013933,0.529366124562973
0.035728,0.528748121842243
0.057349,0.526745738507438
0.078732,0.523350524834042
0.099819,0.518559220328316
0.12055,0.512371712297235
0.14086,0.504787072608052
0.16069,0.495808498589019
0.17999,0.485449389177225
0.19869,0.473716512551152
0.21674,0.460626171146231
0.23409,0.446202168861364
0.25067,0.430459165777043
0.26644,0.413426449175587
0.28135,0.395137105891045
0.29535,0.375626572791507
0.3084,0.354938773363608
0.32046,0.333123419532688
0.33149,0.310233656944079
0.34145,0.286324041290548
0.35032,0.261463626257029
0.35806,0.235716518178939
0.36467,0.209170671832834
0.3701,0.181893876297858
0.37437,0.153987511078507
0.37744,0.125532809078642
0.37933,0.0966367775993831
0.38001,0.0673871319288656
0.37951,0.037897782917013
0.37782,0.00827081145123977
0.37495,-0.0213895431114571
0.37092,-0.0509731170268692
0.36575,-0.0803683775785868
0.35947,-0.109458775542577
0.35209,-0.138142170031885
0.34365,-0.166309180991732
0.33418,-0.193855554994178
0.32373,-0.220669840826032
0.31233,-0.246653259099528
0.30003,-0.271705837666375
0.28687,-0.295737488385238
0.27291,-0.318654512648252
0.2582,-0.340371023667245
0.24279,-0.36081056861389
0.22674,-0.379899811654873
0.2101,-0.397578161420299
0.19294,-0.413783013037741
0.17532,-0.428460086350374
0.15729,-0.441571533268152
0.13893,-0.453072454111355
0.12028,-0.462943906193998
0.10143,-0.47115224801315
0.082418,-0.477692164831646
0.063318,-0.482555496930422
0.044189,-0.485743879535515
0.025094,-0.487264578661228
0.006088,-0.487135823964842
-0.012767,-0.485379684629356
-0.031414,-0.482025054477295
-0.049797,-0.477106869880285
-0.067862,-0.470666010049162
-0.085559,-0.462750488038599
-0.10283,-0.453407294240702
-0.11964,-0.442698719187168
-0.13594,-0.43068769412979
-0.15168,-0.417435516530796
-0.16682,-0.403008128759983
-0.18133,-0.387481001557936
-0.19517,-0.370927980006872
-0.2083,-0.353419673679875
-0.2207,-0.335036975727991
-0.23234,-0.31585945571037
-0.2432,-0.295970783338482
-0.25325,-0.275448149093939
-0.26247,-0.254368645389796
-0.27085,-0.232814365459857
-0.27836,-0.210854155541502
-0.28502,-0.188580985711464
-0.29079,-0.166060057497483
-0.29568,-0.143369018747389
-0.29968,-0.120578244223351
-0.3028,-0.0977646965952553
-0.30503,-0.0749933187449974
-0.30639,-0.052339306579844
-0.30687,-0.0298613987397868
-0.3065,-0.00763253189219596
-0.30528,0.0142876046178041
-0.30323,0.0358373753377289
-0.30037,0.0569558087456157
-0.29672,0.0775846866064807
-0.29231,0.0976627646533564
-0.28715,0.117143385788418
-0.28128,0.135971324004195
-0.27472,0.154101323289463
-0.26751,0.171483191451778
-0.25968,0.188072098346759
-0.25127,0.203821937279545
-0.2423,0.21870219352911
-0.23282,0.232674152971341
-0.22287,0.245701510895901
-0.21249,0.257751445562809
-0.20172,0.268795384097803
-0.19059,0.278816898036326
-0.17916,0.287788156533596
-0.16747,0.295688200623212
-0.15555,0.30251007855672
-0.14346,0.3082366395419
-0.13124,0.312858243981446
-0.11893,0.316372026336431
-0.10658,0.318773713073039
-0.094224,0.320070271496684
-0.081908,0.320269082037419
-0.069672,0.319382489254456
-0.057557,0.317426134251212
-0.045604,0.314418235908812
-0.033847,0.310384091922789
-0.022327,0.305349138914656
-0.011074,0.299346636723624
-0.00012498,0.292410328354288
0.01049,0.284578758713922
0.020741,0.27589356632239
0.030601,0.266400063334369
0.040042,0.256144687679971
0.049043,0.245178786332628
0.057579,0.233553366029949
0.065633,0.221323710793203
0.073185,0.208544821304011
0.080222,0.195275108077347
0.086729,0.181572588904701
0.092697,0.167497718059433
0.098117,0.153111133385706
0.10298,0.138471804233125
0.10729,0.123645166649278
0.11105,0.108699133835086
0.11424,0.0936845165019826
0.11688,0.0786662449448821
0.11897,0.0637037692929361
0.12051,0.0488501792491417
0.12152,0.034166426494471
0.12201,0.019710382693818
0.12199,0.00553548289193727
0.12147,-0.00831027334472652
0.12047,-0.0217776053661984
0.119,-0.0348253724080653
0.1171,-0.0473983749791132
0.11476,-0.0594689983650493
0.11203,-0.0709887120212432
0.10891,-0.0819308792531376
0.10544,-0.0922581235209637
0.10164,-0.101940679560978
0.097536,-0.110951746588769
0.093152,-0.119269580636868
0.088518,-0.126873124499284
0.083662,-0.133744372327822
0.078613,-0.139867963243867
0.073399,-0.145232250793062
0.068051,-0.149827095121476
0.062598,-0.153645725557852
0.057069,-0.156684657617641
0.051494,-0.158942783524792
0.045902,-0.160422037186745
0.040322,-0.161127091161874
0.034783,-0.161065020222764
0.029312,-0.16024642510538
0.023936,-0.158684745482858
0.018681,-0.156396349440354
0.013573,-0.153399765895741
0.008636,-0.14971646417711
0.0038927,-0.145370863347471
-0.00063397,-0.140389106397095
-0.0049233,-0.134799813260431
-0.008956,-0.128634005423918
-0.012715,-0.121925548822213
-0.016183,-0.114709598994052
-0.019344,-0.107022418994677
-0.022185,-0.0989024339593439
-0.024694,-0.0903895199134206
-0.02686,-0.0815243674927036
-0.028675,-0.072349401679473
-0.03013,-0.0629064947913905
-0.031219,-0.0532380711018242
-0.03194,-0.0433886990312535
-0.032287,-0.0334003804973572
-0.032261,-0.0233169343712079
-0.031862,-0.0131815451946297
-0.03109,-0.00303552511317201
-0.029951,0.00707821630007513
-0.028448,0.0171190888842519
-0.026587,0.0270474958924523
-0.024376,0.0368244934468609
-0.021824,0.0464122500103194
-0.018943,0.055772918265902
-0.015742,0.0648721725760714
-0.012237,0.0736745807781274
-0.0084409,0.0821473783960637
-0.0043695,0.090259008028377
-4.0449e-05,0.0979786921228001
0.004528,0.105276990573247
0.0093172,0.112126371531531
0.014305,0.118499321762846
0.019473,0.124372187742422
0.024797,0.129721105982513
0.030254,0.134523902392448
0.035823,0.138762166459146
0.041479,0.142418384345983
0.047199,0.14547803692954
0.052959,0.147928987029081
0.058736,0.149762395467043
0.064507,0.150972625424101
0.070248,0.151556332317497
0.07594,0.151516096580428
0.081559,0.150855789311822
0.087084,0.1495827047465
0.092496,0.147708432641349
0.097777,0.145248693317334
0.10291,0.142223078858317
0.10787,0.138648064747691
0.11265,0.134550662666308
0.11722,0.129948803719021
0.12158,0.124874937573552
0.12572,0.119365071834288
0.12961,0.113442427809333
0.13324,0.1071341448813
0.13662,0.10048461741993
0.13971,0.093514009354581
0.14252,0.0862593752658951
0.14504,0.0787555686803073
0.14725,0.0710272925200502
0.14916,0.0631125121763637
0.15075,0.0550365896866891
0.15202,0.0468287260151594
0.15296,0.0385129053086958
0.15357,0.0301155121202714
0.15385,0.0216640027977086
0.15379,0.0131784032558195
0.1534,0.0046868270681786
0.15267,-0.00379181676195969
0.1516,-0.0122393412086242
0.1502,-0.0206314323317359
0.14846,-0.0289544748460368
0.1464,-0.0371818574493062
0.14401,-0.0452995882789772
0.1413,-0.0532896344601867
0.13828,-0.0611313939461526
0.13495,-0.0688103395272281
0.13132,-0.0763100381331979
0.12741,-0.0836057655287701
0.12321,-0.0906891542799729
0.11875,-0.0975358665090885
0.11403,-0.104131723084342
0.10906,-0.110463912962766
0.10386,-0.1165138767858
0.098438,-0.122267985249228
0.092813,-0.127709004008179
0.086996,-0.132823359602274
0.081002,-0.137598023945358
0.074847,-0.142020207758244
0.068545,-0.146079323161849
0.062112,-0.149765547648839
0.055564,-0.153070122946888
0.048917,-0.155985563837988
0.042186,-0.158506528688873
0.035386,-0.160629721518426
0.028536,-0.162350795647438
0.021647,-0.163670753157305
0.014737,-0.164589863625009
0.0078197,-0.165111131669215
0.00090802,-0.165240407960117
-0.0059849,-0.164985657168489
-0.012847,-0.16435726451168
-0.019665,-0.163366507041196
-0.026431,-0.162029167081123
-0.033134,-0.160362043424161
-0.039765,-0.158383870975848
-0.046319,-0.156117475299201
-0.052787,-0.153585471093424
-0.059166,-0.150814179645981
-0.065451,-0.14783075557351
-0.071637,-0.144662310530489
-0.077724,-0.141338886429868
-0.083707,-0.137888361319858
-0.089589,-0.134341995978537
-0.095366,-0.130727704356477
-0.10104,-0.127074313382315
-0.10661,-0.1234082982624
-0.11208,-0.119757114181129
-0.11746,-0.116152584171664
-0.12273,-0.112606877458459
-0.12791,-0.109145411484373
-0.133,-0.105788643989555
-0.138,-0.102552318482243
-0.14291,-0.0994477729925703
-0.14773,-0.0964822969579101
-0.15247,-0.0936669203369511
-0.15713,-0.0910078089235805
-0.16171,-0.0885068557393925
-0.1662,-0.0861548715941658
-0.17062,-0.0839559739644445
-0.17495,-0.0818951413379279
-0.1792,-0.0799643417836222
-0.18337,-0.0781538381851156
-0.18744,-0.0764378465648173
-0.19142,-0.0748003819749097
-0.19531,-0.0732262740536168
-0.19909,-0.071686533969376
-0.20276,-0.0701565139418039
-0.20632,-0.0686156590022915
-0.20976,-0.0670398332252804
-0.21308,-0.0654100402190724
-0.21626,-0.0636971468364492
-0.21929,-0.0618720336061851
-0.22218,-0.0599211882631074
-0.22492,-0.0578293142239969
-0.22749,-0.0555727707775822
-0.22988,-0.0531292935708941
-0.2321,-0.0504932001094253
-0.23413,-0.0476502546040709
-0.23597,-0.0445946182658591
-0.2376,-0.0413127068642573
-0.23903,-0.0378073635391826
-0.24023,-0.0340651440690049
-0.24121,-0.030089536769835
-0.24195,-0.0258755216775566
-0.24245,-0.021426266176293
-0.24271,-0.0167515717770915
-0.24272,-0.0118590536427268
-0.24247,-0.00675447154163083
-0.24195,-0.00144202748091849
-0.24118,0.00405317367602086
-0.24013,0.00972673479806665
-0.23881,0.0155614198946762
-0.23722,0.0215374461024418
-0.23536,0.0276334527626222
-0.23323,0.0338273387456442
-0.23082,0.0401043716653408
-0.22814,0.0464413643082337
-0.22519,0.0528163405203268
-0.22197,0.0592089088881933
-0.21849,0.0655931421815821
-0.21475,0.0719467853255562
-0.21076,0.0782438021996469
-0.20651,0.0844706711313803
-0.20201,0.0906096276411503
-0.19728,0.0966326723995082
-0.19231,0.102526590880381
-0.1871,0.10828316695487
-0.18168,0.113876385193592
-0.17603,0.119303681671138
-0.17018,0.12454462796955
-0.16412,0.129594663378132
-0.15787,0.134440096191733
-0.15143,0.139075174986966
-0.14481,0.143493450621868
-0.13802,0.147688228325814
-0.13106,0.151660330102108
-0.12395,0.155401964989197
-0.11669,0.158913528545635
-0.1093,0.162187338497557
-0.10176,0.165239110542188
-0.094111,0.168058018046849
-0.08634,0.170652170769922
-0.078461,0.173024859474915
-0.070481,0.175180680870296
-0.062408,0.177124510458659
-0.054247,0.178863617902041
-0.046008,0.180403384718036
-0.037695,0.18175202819493
-0.029315,0.182917670266594
-0.020875,0.183908188319705
-0.012378,0.184734050502686
-0.003832,0.185403869408942
0.0047592,0.185927662015169
0.013391,0.186315733886756
0.02206,0.186579244542815
0.030761,0.186728414309762
0.039491,0.186774053648605
0.048247,0.186727145799411
0.057025,0.186597759603583
0.065824,0.186397148562886
0.07464,0.186134968330938
0.083472,0.185821507297364
0.092318,0.185466504156906
0.10118,0.185081903563757
0.11005,0.184673661037095
0.11892,0.184242680776286
0.12781,0.183806407973712
0.13671,0.183372913966449
0.14561,0.182942437329875
0.15451,0.182516210911049
0.16342,0.182103552453711
0.17234,0.181712588277036
0.18125,0.181335410926828
0.19016,0.180973502580368
0.19907,0.180628402646178
0.20797,0.180294194921093
0.21686,0.179966437113267
0.22573,0.179634530030495
0.23459,0.179297923483736
0.24341,0.178934548825735
0.2522,0.178535105013398
0.26095,0.178085994739724
0.26964,0.177563094158088
0.27827,0.176949196539603
0.28682,0.176218321564251
0.29529,0.175352897378267
0.30364,0.174313026260567
0.31188,0.173078867617636
0.31997,0.171610334792355
0.32791,0.169881721281538
0.33568,0.167864877616913
0.34325,0.165523134047371
0.3506,0.16282142266298
0.35772,0.159734411164593
0.36457,0.156223243800618
0.37115,0.152268931950762
0.37742,0.147839598735092
0.38337,0.142916199097469
0.38896,0.13746854544499
0.39419,0.131488056000692
0.39901,0.124947031833726
0.40342,0.117840294116776
0.40739,0.110158993046413
0.4109,0.10189918325075
0.41392,0.093053805023432
0.41644,0.0836284826239213
0.41843,0.0736243381312986
0.41988,0.0630538317447398
0.42076,0.051923636499925
0.42106,0.0402505548132202
0.42075,0.0280444814700474
0.41982,0.015324417299352
0.41825,0.00210893329307496
0.41603,-0.0115767265874628
0.41313,-0.0257173034054337
0.40954,-0.0402911314405744
0.40525,-0.0552719046983753
0.40024,-0.0706376301053493
0.39449,-0.0863703586592711
0.388,-0.10244109288899
0.38076,-0.118820106582404
0.37276,-0.135477896621118
0.36398,-0.152393363320185
0.35442,-0.169538020267611
0.34408,-0.186878263305426
0.33295,-0.204384735543048
0.32104,-0.222017591978768
0.30835,-0.239737095166258
0.29488,-0.257504770262044
0.28063,-0.275284326152171
0.26562,-0.293027567057703
0.24985,-0.310692942295962
0.23335,-0.3282233586162
0.21612,-0.345573093700325
0.19819,-0.362684836785034
0.17958,-0.379501089564714
0.16031,-0.395965980820467
0.14042,-0.412011917731366
0.11993,-0.42757873367442
0.09887,-0.44260676559473
0.077286,-0.457026850545748
0.055213,-0.470772494250134
0.032691,-0.48377779642681
0.0097653,-0.495975566863348
-0.013519,-0.507299929197037
-0.037113,-0.517685447245645
-0.06097,-0.527070867454028
-0.085036,-0.535395019566252
-0.10926,-0.542601144493257
-0.13359,-0.548637323869847
-0.15797,-0.553454494947707
-0.18234,-0.557004783405024
-0.20666,-0.559257885100112
-0.23085,-0.560169442160244
-0.25488,-0.559722479126046
-0.27867,-0.557886124123374
-0.30219,-0.554656653669607
-0.32537,-0.550023292358297
-0.34815,-0.543977793147918
-0.37049,-0.536529459299533
-0.39234,-0.527694593390347
-0.41363,-0.517480389428727
-0.43433,-0.505916522030646
-0.45438,-0.493028219826853
-0.47374,-0.478851625505669
-0.49237,-0.4634310593611
-0.51021,-0.446801769236887
-0.52723,-0.429013191951631
-0.54339,-0.410117706450165
-0.55865,-0.390168849823941
-0.57298,-0.369227197828033
-0.58635,-0.34735748219113
-0.59871,-0.324611319614365
-0.61005,-0.301057955530744
-0.62034,-0.276764170575966
-0.62956,-0.251800302546221
-0.63768,-0.226230168931735
-0.64468,-0.200117860329765
-0.65055,-0.173533168956319
-0.65527,-0.146540993215334
-0.65884,-0.119215081650213
-0.66123,-0.091611867840716
-0.66245,-0.0638015694744327
-0.66249,-0.0358484944573025
-0.66135,-0.00781749065992446
-0.65902,0.0202356898474004
-0.6555,0.0482571540826854
-0.65081,0.0761816071046238
-0.64495,0.103951547640228
-0.63792,0.131517758951931
-0.62973,0.158832114804716
-0.62041,0.185834362100939
-0.60996,0.21247875942662
-0.59839,0.238725596707332
-0.58574,0.264519420706467
-0.57202,0.289816259673406
-0.55724,0.314583081831228
-0.54145,0.338767498070773
-0.52466,0.36233300102723
-0.50691,0.385235177019213
-0.48822,0.40743972037097
-0.46863,0.428907101148007
-0.44818,0.44959512870432
-0.42689,0.469475870290321
-0.40481,0.488511937639118
-0.38197,0.506674593258421
-0.35842,0.523928523723827
-0.33421,0.540234518814543
-0.30936,0.555573910502456
-0.28394,0.569908570261037
-0.25799,0.583208328234785
-0.23155,0.595450665226632
-0.20468,0.606605474721928
-0.17742,0.616652551772758
-0.14984,0.62555843969239
-0.12197,0.633309875325719
-0.093887,0.639875868729366
-0.065629,0.645241196621258
-0.037257,0.649387122311287
-0.0088264,0.652297095445397
0.019606,0.653956097373922
0.047983,0.654350802636802
0.076248,0.653470393353896
0.10434,0.651303440361919
0.13221,0.647847522887251
0.15979,0.643093809046383
0.18703,0.637042144434664
0.21386,0.629684866192174
0.24024,0.621030918914566
0.26609,0.611073074551988
0.29138,0.599828480724868
0.31604,0.58730413224677
0.34001,0.573506268977137
0.36325,0.558455339474445
0.3857,0.5421680974173
0.40731,0.524665437275962
0.42804,0.505978579654956
0.44782,0.48612418398751
0.46663,0.46514380881505
0.48442,0.443075884611555
0.50114,0.419955373450455
0.51675,0.395820942249857
0.53123,0.37072801925174
0.54454,0.344729281313911
0.55665,0.317881157745707
0.56752,0.2902341431566
0.57715,0.261862091600815
0.5855,0.232826028047387
0.59256,0.203197052677479
0.59831,0.173044915564534
0.60275,0.142451001714233
0.60587,0.111496275737127
0.60767,0.0802663350858996
0.60814,0.0488405298992144
0.6073,0.0173129017119326
0.60514,-0.0142357318155036
0.60169,-0.0457081959725973
0.59696,-0.0770119506713164
0.59096,-0.108061129257143
0.58373,-0.138755860219558
0.57528,-0.169010368139339
0.56565,-0.198730911758524
0.55486,-0.227835222167118
0.54296,-0.256230916243422
0.52998,-0.283835362607095
0.51595,-0.310576670949725
0.50093,-0.336372047598573
0.48496,-0.361147620498851
0.46808,-0.384839403895271
0.45034,-0.40738644079099
0.4318,-0.428725200423587
0.41251,-0.448799915411538
0.39252,-0.467563314240309
0.37189,-0.484969594814209
0.35067,-0.500983506673873
0.32893,-0.515565195732623
0.30671,-0.528695072971009
0.2841,-0.540334144884776
0.26113,-0.550473875942456
0.23788,-0.559094209520283
0.21441,-0.566181781861742
0.19077,-0.571736998276736
0.16703,-0.575757169442027
0.14325,-0.578245154446831
0.11948,-0.579216147368366
0.095798,-0.578674690079916
0.07225,-0.576640756193797
0.048895,-0.57313705543998
0.02579,-0.568189792668616
0.0029918,-0.561827815469886
-0.019448,-0.554085515637787
-0.041476,-0.544999806799591
-0.063042,-0.534611280510321
-0.084097,-0.522963521781025
-0.10459,-0.510100071164473
-0.12449,-0.496078208764741
-0.14373,-0.480938250389571
-0.16229,-0.464740582977042
-0.18013,-0.447545404011871
-0.1972,-0.429403759283571
-0.21347,-0.410372695169971
-0.22892,-0.390519883857663
-0.24351,-0.369904860390558
-0.25721,-0.348586259633145
-0.27001,-0.326635030526645
-0.28188,-0.304115157757394
-0.2928,-0.281090460172029
-0.30275,-0.257622641314525
-0.31173,-0.233784539114181
-0.31973,-0.209648309035136
-0.32674,-0.185283290375075
-0.33275,-0.160754326608008
-0.33776,-0.136127894760623
-0.34178,-0.111476983289816
-0.3448,-0.0868626500242429
-0.34685,-0.0623638240248399
-0.34792,-0.0380416779649332
-0.34804,-0.0139705244465963
-0.34721,0.00978941543000783
-0.34545,0.0331766302951406
-0.34279,0.0561233661538095
-0.33924,0.0785739891328043
-0.33484,0.10046250110259
-0.32961,0.121731673080105
-0.32357,0.142333454143316
-0.31676,0.16221428314054
-0.30921,0.181325579127959
-0.30095,0.199624668077652
-0.29203,0.217060583187549
-0.28247,0.233599808399707
-0.27232,0.249202195985412
-0.26161,0.26383870418485
-0.25038,0.277483206705322
-0.23869,0.2900984070486
-0.22657,0.301661732786226
-0.21406,0.312156229490453
-0.20121,0.321563068593055
-0.18808,0.329855532126028
-0.17469,0.337031326077892
-0.16111,0.343071415281897
-0.14737,0.34797382445341
-0.13353,0.351728641405204
-0.11964,0.354327638905236
-0.10573,0.355779357651601
-0.091853,0.356089013280655
-0.078061,0.355260114759542
-0.064394,0.353303915765488
-0.050898,0.35023349518481
-0.037615,0.346066311921612
-0.024585,0.340824645203164
-0.011849,0.334533579890067
0.00055537,0.327222513748953
0.012592,0.318924862879361
0.024229,0.30967968793948
0.035432,0.299527872649058
0.046174,0.288516248872428
0.056427,0.276694543338384
0.066165,0.264115026352927
0.075368,0.250835085013628
0.084017,0.236915431763746
0.092092,0.222417059018231
0.09958,0.207404655600262
0.10647,0.191945529669984
0.11275,0.176106418177248
0.11841,0.159953110708973
0.12345,0.143556051292624
0.12786,0.126979907889822
0.13164,0.110290073443407
0.13479,0.0935504584295758
0.13732,0.0768291213598275
0.13922,0.060180486100599
0.14051,0.0436683165169436
0.14118,0.0273395935041175
0.14126,0.0112556520744814
0.14074,-0.00454227665913602
0.13963,-0.0200159547221342
0.13796,-0.0351162806423565
0.13573,-0.049809375643947
0.13296,-0.0640602355148219
0.12966,-0.0778417755909626
0.12585,-0.0911271175460284
0.12155,-0.103890754775813
0.11677,-0.116116840424875
0.11153,-0.127790816742902
0.10585,-0.138900017838714
0.099757,-0.149428907747222
0.093269,-0.159367128817806
0.086409,-0.168705481931766
0.0792,-0.177436338320765
0.071665,-0.185553911619432
0.063831,-0.193051451677355
0.055722,-0.199924164972502
0.047367,-0.206165581440963
0.03879,-0.211772047619993
0.030021,-0.216738122368135
0.021087,-0.221059552448088
0.012017,-0.224731925905418
0.0028409,-0.227750390172836
-0.0064129,-0.230111197381086
-0.015714,-0.231810320352124
-0.025033,-0.232844551690599
-0.034341,-0.233211987795042
-0.043607,-0.232910452342121
-0.052801,-0.231938515018814
-0.061894,-0.230296283280772
-0.070857,-0.227985252495271
-0.079662,-0.225008880378196
-0.08828,-0.221371510919764
-0.096683,-0.217078953395301
-0.10484,-0.212135941454261
-0.11274,-0.206561115481965
-0.12033,-0.200352872839862
-0.12761,-0.193532614654337
-0.13455,-0.18611760982415
-0.14113,-0.17812881096824
-0.14732,-0.169582245004148
-0.1531,-0.160496974660389
-0.15846,-0.150901422087078
-0.16338,-0.1408234229511
-0.16785,-0.130297003727228
-0.17184,-0.119345474178393
-0.17535,-0.108005035319513
-0.17836,-0.0963064751616811
-0.18087,-0.0842901267066921
-0.18287,-0.0719954707591887
-0.18434,-0.0594527581891515
-0.18529,-0.0467060555701877
-0.18572,-0.0338018650490995
-0.18561,-0.020772478618826
-0.18497,-0.00765988176640189
-0.1838,0.00549483361622953
-0.1821,0.018652593518929
-0.17988,0.0317698165895653
-0.17715,0.0448006794473926
-0.1739,0.0577138075455118
-0.17015,0.0704683942327605
-0.16592,0.0830173942100916
-0.1612,0.0953324510798365
-0.15602,0.107371749662825
-0.15038,0.119106236903552
-0.14431,0.130496050879317
-0.13781,0.141516186410601
-0.13091,0.152132423959715
-0.12362,0.162319151757956
-0.11597,0.172043920062917
-0.10796,0.18129215265142
-0.099632,0.190033350087008
-0.090994,0.19825046774065
-0.082074,0.205923299331813
-0.072894,0.213034394989164
-0.063477,0.219568573303599
-0.053848,0.225511723407502
-0.044033,0.230850542479098
-0.034055,0.235575252142402
-0.02394,0.239677250199559
-0.013713,0.243150136187674
-0.0034012,0.245988102380816
0.0069708,0.248188159508388
0.017377,0.249748887041681
0.027792,0.250670852223611
0.038189,0.250955403280927
0.048544,0.250606768677461
0.05883,0.249629370448887
0.069024,0.248030816426474
0.0791,0.245819037190359
0.089036,0.243005132547335
0.098807,0.239600390846785
0.10839,0.235617563741905
0.11776,0.231068879983344
0.12691,0.225979236506427
0.1358,0.220358768628319
0.14442,0.214227698362115
0.15275,0.207606497269448
0.16076,0.200507938852114
0.16845,0.192960457874508
0.1758,0.184989582741375
0.18279,0.176617825578535
0.1894,0.167864646896582
0.19563,0.15876128160327
0.20146,0.149332790311978
0.20689,0.139613325362036
0.2119,0.12962859832797
0.21648,0.119404137667638
0.22062,0.108964532578073
0.22433,0.0983476317914566
0.2276,0.0875860558776429
0.23041,0.0766998125031149
0.23277,0.0657202315692089
0.23468,0.0546793723515926
0.23612,0.0435940652764305
0.2371,0.0324904068432196
0.23763,0.0214010701435039
0.23769,0.0103407802900732
0.23729,-0.000668624765406371
0.23643,-0.0116077711192157
0.23511,-0.0224600044749664
0.23334,-0.0332041308708639
0.23112,-0.0438234728175891
0.22846,-0.0542982576016887
0.22536,-0.0646143550208348
0.22183,-0.0747553809891787
0.21789,-0.0846963874365774
0.21353,-0.0944285767423963
0.20876,-0.103941828798026
0.20361,-0.11321065189855
0.19808,-0.122220222179666
0.19219,-0.130950111469655
0.18594,-0.139390907356435
0.17936,-0.147520342458903
0.17245,-0.155328761701302
0.16524,-0.162794941701187
0.15775,-0.169896481865938
0.14998,-0.176625601882129
0.14196,-0.182964524058583
0.13371,-0.188895472876509
0.12524,-0.194408727580884
0.11659,-0.199479320272403
0.10776,-0.204100418443321
0.098785,-0.208254291520505
0.08968,-0.211929873119978
0.080471,-0.215113809584587
0.071176,-0.217797357646886
0.061818,-0.219972207319728
0.052421,-0.221630059909009
0.043004,-0.22276671985577
0.03359,-0.223378626113236
0.024199,-0.223465212477349
0.014852,-0.223027767132669
0.0055694,-0.222069641426788
-0.0036319,-0.2205985009852
-0.012732,-0.21862321195476
-0.021714,-0.216155726707463
-0.030561,-0.213210291828562
-0.039258,-0.209804142282847
-0.047792,-0.205958043149895
-0.056147,-0.201692921106156
-0.064314,-0.197034523648048
-0.07228,-0.192008895977287
-0.080036,-0.18664462602792
-0.087573,-0.180971609335221
-0.094884,-0.175021479304916
-0.10196,-0.168824929826243
-0.1088,-0.162416957297701
-0.1154,-0.155832820075942
-0.12176,-0.149109934326882
-0.12787,-0.142278970030151
-0.13373,-0.135371617938208
-0.13935,-0.128426805673828
-0.14472,-0.121473320763583
-0.14984,-0.114538236644752
-0.15472,-0.107653730681021
-0.15936,-0.100847648860059
-0.16376,-0.094143399604673
-0.16793,-0.0875673675433393
-0.17186,-0.0811326163257672
-0.17557,-0.0748630726843498
-0.17905,-0.0687683595744203
-0.18232,-0.0628682614175758
-0.18536,-0.0571604052478211
-0.18819,-0.0516539554519998
-0.19082,-0.0463595005560579
-0.19323,-0.0412660881806376
-0.19544,-0.0363750455162525
-0.19745,-0.0316825565913964
-0.19926,-0.0271805659655989
-0.20088,-0.0228650242701589
-0.2023,-0.0187202574080963
-0.20353,-0.0147362671223891
-0.20456,-0.0108929582476784
-0.20541,-0.00718468888559488
-0.20606,-0.00358793064238372
-0.20653,-9.48526645164493e-05
-0.20681,0.00331177277349028
-0.20691,0.00664155141752903
-0.20682,0.00991252050499038
-0.20654,0.0131416692354775
-0.20607,0.0163447118604215
-0.20543,0.0195211251317295
-0.20459,0.0226942654724341
-0.20357,0.025869121476308
-0.20237,0.0290505038785679
-0.20099,0.032242901564858
-0.19942,0.0354577715194724
-0.19767,0.038697047239454
-0.19574,0.0419622762088252
-0.19364,0.0452471944387342
-0.19135,0.0485615310177061
-0.18889,0.0518980153581878
-0.18626,0.0552506020972698
-0.18346,0.0586143324860321
-0.18048,0.0619926036646604
-0.17734,0.065373235857441
-0.17404,0.0687465649949979
-0.17058,0.072105169134852
-0.16695,0.0754510024498864
-0.16317,0.0787713289664593
-0.15923,0.0820640835446759
-0.15515,0.0853136606197026
-0.15091,0.0885235317999682
-0.14652,0.0916902790402831
-0.14199,0.0948050394168134
-0.13731,0.0978695978142917
-0.13248,0.100886901562604
-0.12751,0.103853390215017
-0.1224,0.106767767445929
-0.11715,0.109630614001055
-0.11175,0.112451428383571
-0.10621,0.115231884995093
-0.10052,0.117982123000337
-0.094696,0.120699625719495
-0.088723,0.123394677021085
-0.082605,0.126073564129459
-0.076344,0.128740673951326
-0.069937,0.131402441295185
-0.063386,0.134063077772554
-0.056689,0.136727839560518
-0.049848,0.139399712900122
-0.042861,0.142082715125365
-0.03573,0.144778608820074
-0.028454,0.147489487194445
-0.021034,0.150216149592692
-0.01347,0.15295904418946
-0.0057626,0.155717853325576
0.0020877,0.158491697579123
0.010081,0.161279685804946
0.018215,0.164079141537611
0.026489,0.166887179490016
0.034899,0.169698358981527
0.043447,0.172509740005387
0.052125,0.17531306346259
0.060932,0.178101162319778
0.069861,0.180863488461997
0.078908,0.183589256744622
0.088063,0.186263333321101
0.09732,0.188870436212881
0.10667,0.191393354919462
0.1161,0.193810834748364
0.1256,0.196101161650259
0.13515,0.198235457789016
0.14475,0.200194664228373
0.15437,0.201946009601431
0.164,0.203461391580388
0.17362,0.204709893872944
0.18321,0.205659242003741
0.19274,0.20626962751727
0.2022,0.206511127996059
0.21157,0.206355325310819
0.22081,0.205761133663942
0.22991,0.204700693055196
0.23884,0.203142932197028
0.24756,0.20104781464407
0.25607,0.198398921576875
0.26432,0.195162554693036
0.2723,0.191321796085796
0.27998,0.186859153077589
0.28733,0.181757386458559
0.29432,0.176000166279654
0.30094,0.169587369260953
0.30715,0.162510010610108
0.31294,0.154774639205454
0.31828,0.14638560688419
0.32315,0.137353013260785
0.32753,0.127691546333573
0.3314,0.117419413806852
0.33474,0.106557370717101
0.33753,0.0951278467282942
0.33977,0.0831689705859802
0.34142,0.0707010683972876
0.34248,0.0577592588679066
0.34295,0.0443897312996309
0.3428,0.0306242535794696
0.34202,0.0164969410116871
0.34063,0.00206507658146043
0.33859,-0.0126412898466723
0.33593,-0.02756314118834
0.33262,-0.04266412640272
0.32868,-0.057890256145361
0.3241,-0.0731970746316326
0.3189,-0.0885269551919725
0.31307,-0.10383554490799
0.30662,-0.119075781798908
0.29958,-0.13418510725354
0.29194,-0.149119949832232
0.28373,-0.163823883700239
0.27495,-0.178254095957265
0.26563,-0.192358006431048
0.25578,-0.206091674838165
0.24543,-0.219404840111851
0.23459,-0.232258625571534
0.22329,-0.244609942726718
0.21155,-0.256421229409778
0.19939,-0.267660765673292
0.18684,-0.27829538894575
0.17392,-0.288299453015721
0.16067,-0.297639663021445
0.1471,-0.306300027685348
0.13324,-0.314264542219725
0.11913,-0.321510622878441
0.10479,-0.328026155555887
0.090245,-0.333804466933316
0.075528,-0.338837905114271
0.060667,-0.343122288611835
0.04569,-0.346656686082175
0.030625,-0.349443138573579
0.015502,-0.351484861119572
0.00034658,-0.352789491276022
-0.014813,-0.353366321954024
-0.029948,-0.353225634497323
-0.04503,-0.352378703763003
-0.060035,-0.350840786558419
-0.074934,-0.348626439083065
-0.0897,-0.345750915722791
-0.10431,-0.342232734797998
-0.11873,-0.338084546439747
-0.13294,-0.333324391655649
-0.14692,-0.327974265069374
-0.16064,-0.322051443623343
-0.17407,-0.315568993025007
-0.18719,-0.308543658708937
-0.19998,-0.300994722002061
-0.21241,-0.29293560572314
-0.22446,-0.284382036485264
-0.23612,-0.275358553293413
-0.24735,-0.265873933539805
-0.25814,-0.255946155054988
-0.26848,-0.245600079597945
-0.27834,-0.234850614932649
-0.2877,-0.223711574073857
-0.29655,-0.212202830445737
-0.30488,-0.20034853147502
-0.31266,-0.188160751337532
-0.3199,-0.175670993931907
-0.32656,-0.162888509558465
-0.33265,-0.149841227294517
-0.33816,-0.136556483321313
-0.34307,-0.123052900009556
-0.34737,-0.109348840104837
-0.35106,-0.0954692174598484
-0.35414,-0.0814434224150422
-0.3566,-0.0672961361085174
-0.35844,-0.0530548307208311
-0.35965,-0.0387409385934085
-0.36024,-0.0243850716212886
-0.36021,-0.0100168584706801
-0.35955,0.00434322690381667
-0.35828,0.0186606419348054
-0.35639,0.0329128024022081
-0.3539,0.047065377843278
-0.3508,0.0610978759045771
-0.34711,0.0749795347010432
-0.34282,0.0886945440242729
-0.33796,0.102210216197833
-0.33252,0.1155109400574
-0.32653,0.128565936475436
-0.31998,0.141362836216061
-0.31289,0.153882496493241
-0.30527,0.16610846694919
-0.29714,0.178019748300526
-0.28851,0.189599861657033
-0.2794,0.20082924598863
-0.26981,0.211701399750192
-0.25977,0.222198572296728
-0.24929,0.232309436781824
-0.2384,0.242013572283817
-0.2271,0.251306169383275
-0.21542,0.260173160967585
-0.20339,0.268593599539304
-0.19101,0.276563927917692
-0.17832,0.284065320542427
-0.16533,0.291089525329498
-0.15208,0.297615031561255
-0.13857,0.303639976420281
-0.12484,0.309148989828463
-0.11092,0.314123797421096
-0.096825,0.318555527572528
-0.082586,0.322431463370976
-0.068229,0.325739996318968
-0.053784,0.328467927836516
-0.039279,0.330602769989749
-0.024745,0.332130880333611
-0.010211,0.333039684595158
0.004293,0.333317220363453
0.018735,0.332951013136395
0.033083,0.331928660838109
0.047305,0.330238301066115
0.06137,0.327869712494825
0.075244,0.324812200948657
0.088896,0.321057343932264
0.10229,0.316595224732993
0.1154,0.31142252833415
0.12818,0.305526704426001
0.14062,0.29891485739793
0.15267,0.291580311605748
0.16431,0.283527788065559
0.17551,0.274763807607283
0.18623,0.265288905066105
0.19646,0.255121081414398
0.20616,0.244269871179844
0.21531,0.23275263018342
0.22388,0.22058525447811
0.23185,0.207789517307618
0.23921,0.194398817900726
0.24592,0.180432916072536
0.25198,0.165929670947333
0.25736,0.150918360055396
0.26205,0.135435359246152
0.26605,0.119529178471612
0.26934,0.103242003302533
0.27192,0.0866245394999586
0.27378,0.0697255396747856
0.27491,0.052590780993588
0.27533,0.0352844787429198
0.27504,0.0178690706207927
0.27404,0.000403736634236784
0.27235,-0.0170419533058774
0.26997,-0.0344069219270235
0.26692,-0.0516240303135588
0.26322,-0.0686233266081224
0.25889,-0.0853347602951745
0.25396,-0.101683002982464
0.24844,-0.117605627861634
0.24236,-0.133037877082782
0.23576,-0.147907866595528
0.22865,-0.162162506972563
0.22108,-0.175736160218323
0.21306,-0.188584891196057
0.20464,-0.200654356786885
0.19584,-0.211905979391244
0.1867,-0.222300657311979
0.17724,-0.231815241138686
0.16752,-0.240411018823041
0.15754,-0.248082669802831
0.14736,-0.254808096546133
0.137,-0.260582372214351
0.12649,-0.265407653527179
0.11587,-0.269284852421428
0.10516,-0.272229115098035
0.094394,-0.274256755442492
0.083606,-0.275385016466336
0.072823,-0.27563699121305
0.062073,-0.275039484901361
0.051381,-0.273624119570032
0.040776,-0.271422884982608
0.030282,-0.268471160172814
0.019924,-0.264805583860887
0.009724,-0.260465226131413
-0.00029405,-0.255488770894978
-0.010108,-0.249914990892025
-0.0197,-0.243784941152994
-0.029048,-0.237137348054479
-0.038136,-0.230012501916498
-0.046946,-0.222449369547123
-0.055462,-0.214486231948691
-0.063669,-0.206160449641089
-0.071553,-0.19750827340821
-0.079101,-0.188564698694229
-0.086303,-0.179364840780664
-0.093147,-0.169941325231772
-0.099625,-0.160326671356748
-0.10573,-0.150552984025573
-0.11145,-0.140647266844723
-0.11678,-0.130636640043247
-0.12171,-0.120543658545042
-0.12625,-0.110401143932783
-0.13038,-0.100226891564823
-0.13411,-0.0900480454247365
-0.13744,-0.0798909151480041
-0.14035,-0.0697653950351478
-0.14286,-0.0596971996835717
-0.14496,-0.0497016680426615
-0.14665,-0.0397925088370595
-0.14794,-0.0299888901228423
-0.14883,-0.0203062291487491
-0.14931,-0.010748869031385
-0.1494,-0.00133404719268202
-0.1491,0.0079260887089766
-0.14841,0.0170240411293409
-0.14734,0.0259490908641721
-0.14589,0.0346958206980837
-0.14408,0.0432486497185974
-0.1419,0.0516066029056415
-0.13937,0.0597585152086162
-0.1365,0.0676928870328466
-0.13329,0.0754058243429692
-0.12976,0.0828850511469518
-0.12592,0.0901194209400691
-0.12176,0.0971139449350412
-0.11732,0.103849714646579
-0.11259,0.110326168486165
-0.10759,0.116535506751599
-0.10234,0.122464445678059
-0.096833,0.12811573299379
-0.091093,0.133482179614425
-0.085129,0.138560005036668
-0.078956,0.143343962430855
-0.072585,0.14783084003101
-0.066028,0.15201852802416
-0.059299,0.155904494595951
-0.052411,0.159486781599294
-0.045377,0.162764046854642
-0.038209,0.165736317206413
-0.030922,0.168402596580645
-0.023528,0.170763396396147
-0.01604,0.172819772175922
-0.008472,0.174572528134554
-0.00083691,0.176023122387304
0.0068519,0.177173227604007
0.014581,0.178024661957177
0.022339,0.178580877838065
0.030111,0.178844009840935
0.037886,0.178818004725872
0.04565,0.178505988616899
0.05339,0.177911119654511
0.061093,0.177036529024952
0.068746,0.175885269444943
0.076338,0.174461750877177
0.083855,0.172769160970385
0.091283,0.170809631798189
0.098608,0.168584396194351
0.10582,0.166096892412521
0.1129,0.163345592359897
0.11984,0.160333139167966
0.12663,0.15706398908548
0.13324,0.153529149940685
0.13967,0.149731202406897
0.1459,0.145667188541508
0.15192,0.141337157707322
0.1577,0.13672878453673
0.16322,0.131827474804655
0.16849,0.126639365914591
0.17346,0.121142778550455
0.17813,0.115331164170488
0.18247,0.109188159077412
0.18647,0.102704726687097
0.19011,0.0958706032476969
0.19337,0.0886748415955108
0.19622,0.0810988728969218
0.19864,0.073125905180116
0.20063,0.064755859446226
0.20215,0.055972615527855
0.20319,0.0467698029329899
0.20373,0.0371417511085027
0.20374,0.0270761841665365
0.20323,0.0165854864856048
0.20215,0.00565730930783946
0.20051,-0.00569584960711946
0.19827,-0.017478692955817
0.19544,-0.0296726054055869
0.19199,-0.0422701706081639
0.18792,-0.0552509324676961
0.18321,-0.0685991913085905
0.17786,-0.0822886492551567
0.17186,-0.096292510979802
0.1652,-0.110584255912428
0.15789,-0.12512348033509
0.14992,-0.139874444728674
0.14129,-0.154798735389576
0.13202,-0.169842047257932
0.12211,-0.184953542629885
0.11157,-0.200079201880627
0.10041,-0.215163977116825
0.088652,-0.23014470745362
0.076317,-0.244954259458842
0.063423,-0.259526474459971
0.049997,-0.273791289897628
0.036065,-0.287678337802628
0.021659,-0.301114707280742
0.0068102,-0.314028268394583
-0.0084453,-0.326346146652843
-0.024071,-0.337996872051364
-0.040029,-0.348911364838546
-0.056276,-0.35902073788144
-0.07277,-0.368259500378164
-0.089467,-0.376565634042669
-0.10632,-0.383879845855665
-0.12328,-0.390145651012676
-0.14031,-0.395319736589513
-0.15734,-0.399346702132936
-0.17433,-0.40218560981688
-0.19124,-0.403808824980566
-0.208,-0.404178556812032
-0.22456,-0.403265180381622
-0.24088,-0.401054384924858
-0.2569,-0.397530348618987
-0.27257,-0.392684389369592
-0.28785,-0.38652173161093
-0.30266,-0.379029597555354
-0.31698,-0.370225884251059
-0.33075,-0.36012361860449
-0.34392,-0.348739391851448
-0.35644,-0.336092625981448
-0.36827,-0.322212270880838
-0.37937,-0.307134527927718
-0.38969,-0.290893396376382
-0.3992,-0.273535257170032
-0.40785,-0.255100680908396
-0.4156,-0.23563205927862
-0.42242,-0.215179662564641
-0.42827,-0.193791488884619
-0.43313,-0.171527292282052
-0.43697,-0.148447360128546
-0.43975,-0.12460341365886
-0.44146,-0.100061033210804
-0.44207,-0.0748803572459207
-0.44156,-0.0491228199847602
-0.43991,-0.0228491109181621
-0.43712,0.00386768956541787
-0.43318,0.0309540576140603
-0.42807,0.0583456990045455
-0.42179,0.0859729605025325
-0.41434,0.113764034661986
-0.40572,0.141647622868539
-0.39594,0.169547699588807
-0.385,0.197394233788787
-0.37291,0.225116911748146
-0.3597,0.25263271296971
-0.34537,0.279873223046556
-0.32994,0.30676931646475
-0.31345,0.333238854282222
-0.29592,0.359206698358973
-0.27737,0.384605889189517
-0.25785,0.409356220196585
-0.23739,0.43338430254108
-0.21604,0.456609986340057
-0.19383,0.478965193809604
-0.17082,0.500371821347873
-0.14706,0.520753783967434
-0.1226,0.540039281875437
-0.097493,0.55816031418556
-0.07181,0.575041104981123
-0.045608,0.590612646936708
-0.018955,0.60480576401483
0.008083,0.617555149062692
0.035436,0.628798085471155
0.06303,0.638473353898645
0.090795,0.646526230537828
0.11865,0.652901253447704
0.14653,0.657556379501735
0.17435,0.660447418716879
0.20203,0.661534025508248
0.22949,0.660780714040887
0.25666,0.65816493688609
0.28346,0.653668459321483
0.30982,0.647285071937509
0.33565,0.639004282024427
0.36088,0.628827832511141
0.38544,0.616767876408143
0.40925,0.602837812107731
0.43226,0.587074413711327
0.45439,0.569510650412001
0.47558,0.550190813159819
0.49577,0.529167567462507
0.51491,0.506506710715206
0.53295,0.482283219786609
0.54984,0.456577770939943
0.56552,0.429466322908612
0.57997,0.401048754130831
0.59315,0.371426889775469
0.60502,0.340701470756393
0.61555,0.308977055827796
0.62472,0.276365802625402
0.6325,0.242975460391189
0.63888,0.208921926983637
0.64383,0.174309507007775
0.64736,0.139259614574412
0.64945,0.103881635725236
0.6501,0.0682866809785324
0.64931,0.0325837739861098
0.64709,-0.00311581553884524
0.64343,-0.0387173720257954
0.63836,-0.0741131256344755
0.63189,-0.109203134302103
0.62403,-0.143897146899015
0.61481,-0.178101096192193
0.60426,-0.211721121990648
0.5924,-0.244674218558097
0.57926,-0.27688176400283
0.56489,-0.308256807910655
0.54932,-0.338723625494436
0.53258,-0.368218402985273
0.51474,-0.396659904714281
0.49582,-0.423992839098613
0.47588,-0.450155573245093
0.45498,-0.475083856629975
0.43316,-0.498728663773249
0.41047,-0.521047989295946
0.38698,-0.541992648050079
0.36274,-0.561524575937256
0.33781,-0.579609083643397
0.31225,-0.596215905512611
0.28612,-0.611319906588939
0.25947,-0.624908893514699
0.23238,-0.636959964705538
0.2049,-0.647465067731148
0.17709,-0.656421598091926
0.14901,-0.663832052148096
0.12072,-0.669703579493965
0.092294,-0.674037106336133
0.063777,-0.676850491160037
0.035233,-0.678161213952059
0.0067223,-0.677989187636051
-0.021699,-0.676359286042168
-0.049974,-0.673299514826766
-0.078045,-0.668839415627202
-0.10586,-0.663013505812573
-0.13336,-0.655854487957001
-0.16049,-0.647395916982561
-0.18722,-0.637689822190204
-0.21347,-0.626764927560294
-0.23921,-0.614667497086117
-0.2644,-0.601449387292479
-0.28897,-0.587143452921611
-0.31291,-0.571810738555682
-0.33615,-0.555489000654462
-0.35867,-0.538233146211379
-0.38043,-0.52009557414526
-0.40139,-0.501125164213349
-0.42152,-0.481373913769467
-0.44078,-0.460887384432153
-0.45916,-0.439726729215118
-0.47661,-0.417934248399419
-0.49313,-0.395572657444328
-0.50867,-0.372682222720048
-0.52323,-0.349320735529377
-0.53678,-0.325536087431239
-0.54932,-0.301388789734637
-0.56081,-0.276918004563925
-0.57126,-0.252181264949423
-0.58065,-0.227226831137681
-0.58898,-0.202108625164431
-0.59624,-0.176875917890958
-0.60242,-0.151572521190816
-0.60753,-0.126251057358351
-0.61157,-0.10096204088998
-0.61453,-0.0757451267557663
-0.61643,-0.050651909541354
-0.61727,-0.025727007759861
-0.61706,-0.00101518569080083
-0.6158,0.0234477123918813
-0.61352,0.0476122563480927
-0.61022,0.0714420157020499
-0.60592,0.0948976703843888
-0.60064,0.117939074708143
-0.59439,0.140534334034523
-0.5872,0.162644718298133
-0.5791,0.184227464299423
-0.57009,0.205260321082563
-0.56022,0.225701637405025
-0.54951,0.245517855577431
-0.53798,0.264683263532425
-0.52567,0.283164803371695
-0.5126,0.300939594341871
-0.49882,0.317971802381335
-0.48435,0.33423870014589
-0.46923,0.349714344647091
-0.45349,0.364378691505032
-0.43717,0.378209986465276
-0.42031,0.391186063421935
-0.40295,0.403285387920285
-0.38511,0.414502667936914
-0.36685,0.424816634224783
-0.3482,0.434216241775329
-0.3292,0.442691922316429
-0.30989,0.450235885582356
-0.2903,0.456849699963769
-0.27048,0.462527959429713
-0.25047,0.467267468295143
-0.23031,0.471067169423614
-0.21002,0.47394281343965
-0.18966,0.475893959228688
-0.16927,0.476922146566592
-0.14886,0.47705286533676
-0.12849,0.476293468465772
-0.10819,0.47465886513445
-0.087998,0.472163898494869
-0.067938,0.468833461695636
-0.048048,0.464689665465133
-0.028359,0.459757078148439
-0.0088998,0.454063310393815
0.010298,0.447635688400665
0.029208,0.440504474122072
0.047802,0.432700184949908
0.066054,0.424254363390647
0.083942,0.415201480384471
0.10144,0.405574456223449
0.11852,0.395402546910337
0.13518,0.38473042457169
0.15138,0.3735858071996
0.16712,0.362011476709665
0.18237,0.35003890145256
0.19713,0.337711632166778
0.21137,0.325059450353488
0.22509,0.312122248862417
0.23829,0.298946816431236
0.25094,0.285561870978522
0.26306,0.272017553137312
0.27462,0.258342728458462
0.28564,0.244585074642998
0.29611,0.230783722807358
0.30603,0.216977005455337
0.31541,0.203208705312545
0.32424,0.189510753366155
0.33254,0.175926559553982
0.3403,0.162485134306889
0.34755,0.149232371736009
0.35428,0.136196652215966
0.3605,0.123405940766624
0.36623,0.110894172224451
0.37147,0.0986840591287103
0.37624,0.0868031087805142
0.38056,0.0752816186641001
0.38443,0.064136202606609
0.38786,0.0533790501327025
0.39089,0.0430402995285582
0.39351,0.0331264535894097
0.39574,0.023646646445597
0.3976,0.0146115590720576
0.39911,0.00603252574627331
0.40028,-0.00208658495510856
0.40113,-0.00974091919198933
0.40167,-0.0169326336010247
0.40192,-0.0236623522715247
0.40189,-0.0299370984779016
0.4016,-0.0357617125204547
0.40106,-0.0411467660411034
0.40029,-0.0460999810841835
0.39929,-0.0506415593877487
0.39809,-0.0547792159559664
0.39668,-0.0585401324033118
0.39509,-0.0619370182777405
0.39333,-0.0649854857971464
0.3914,-0.0677105564166205
0.38932,-0.0701294608205541
0.38709,-0.0722675425887374
0.38471,-0.0741560565520466
0.3822,-0.0758154340215439
0.37956,-0.0772716332011665
0.37679,-0.0785543615468871
0.3739,-0.0796881368340973
0.37089,-0.0806999891726368
0.36775,-0.0816255880473495
0.3645,-0.082484359594797
0.36111,-0.0833190027868054
0.35761,-0.0841453646087015
0.35397,-0.0850014730962382
0.35019,-0.0859199045519095
0.34627,-0.0869278362485462
0.3422,-0.0880546029042729
0.33797,-0.0893303234163962
0.33358,-0.0907773683604533
0.32901,-0.0924258604821842
0.32425,-0.0943037739491708
0.31929,-0.096436402564263
0.31411,-0.0988533881091087
0.30871,-0.101572077753203
0.30307,-0.104614004036564
0.29717,-0.108003263714764
0.291,-0.111757753027312
0.28454,-0.115897053658684
0.27778,-0.120433950502623
0.2707,-0.125382563558793
0.26328,-0.130757474607871
0.25551,-0.136565621357909
0.24737,-0.14281475629548
0.23885,-0.149505455082803
0.22993,-0.156639661221834
0.2206,-0.164212754483804
0.21084,-0.172222132565587
0.20063,-0.180666694325196
0.18998,-0.189524209227244
0.17886,-0.19878540329975
0.16727,-0.208429340992609
0.15519,-0.218440890291845
0.14263,-0.228787684028301
0.12956,-0.239453789736664
0.116,-0.250399878738503
0.10194,-0.261590917052234
0.087375,-0.272992504910459
0.072309,-0.284564985246843
0.056747,-0.296264772591055
0.040696,-0.308044808972322
0.024165,-0.319855047069817
0.0071671,-0.331641390956204
-0.010284,-0.343347563644966
-0.028172,-0.354915218880924
-0.046474,-0.366281156241786
-0.065171,-0.377382997445302
-0.084234,-0.388153490098052
-0.10364,-0.398527907673513
-0.12335,-0.408433706551482
-0.14334,-0.417805349528188
-0.16357,-0.426573174752507
-0.184,-0.434666394404936
-0.2046,-0.442022962558644
-0.22532,-0.448575143247489
-0.24613,-0.454267635042972
-0.26698,-0.459042294865243
-0.28782,-0.462840708729167
-0.30861,-0.465613676268796
-0.3293,-0.467313839235457
-0.34985,-0.467904497050779
-0.37022,-0.467359048787689
-0.39034,-0.465638094215106
-0.41018,-0.46272306886371
-0.4297,-0.458605829733892
-0.44883,-0.45326519540267
-0.46754,-0.446700121680292
-0.48578,-0.438911523872964
-0.50351,-0.429909749034261
-0.52068,-0.419705533746862
-0.53725,-0.408317467398658
-0.55318,-0.395770375371031
-0.56842,-0.382086424718429
-0.58294,-0.367300173701682
-0.59669,-0.351440758998623
-0.60966,-0.334562021516747
-0.62178,-0.316692148637522
-0.63305,-0.29788985542192
-0.64341,-0.278192682262804
-0.65286,-0.257664589382956
-0.66135,-0.236352232918148
-0.66886,-0.214309300413453
-0.67537,-0.19159370747823
-0.68087,-0.168272596110742
-0.68532,-0.144396503489924
-0.68872,-0.120030700910169
-0.69105,-0.0952356584466454
-0.69229,-0.0700661858286205
-0.69245,-0.0445930391115004
-0.69151,-0.0188755221850514
-0.68946,0.0070307458438046
-0.68631,0.0330601130491447
-0.68204,0.0591630997494905
-0.67668,0.0852679531313616
-0.67021,0.111324216158444
-0.66264,0.137278144358765
-0.65399,0.163067792879163
-0.64427,0.188634064655748
-0.63348,0.213929555950811
-0.62164,0.238903216530574
-0.60877,0.263502882443244
-0.5949,0.287669949189755
-0.58003,0.311364835363075
-0.56419,0.334542651640755
-0.54741,0.357155922299541
-0.52971,0.379164235280543
-0.51112,0.400527047160413
-0.49167,0.421205284290521
-0.47138,0.441169989251368
-0.4503,0.46037944073147
-0.42845,0.478805409570881
-0.40587,0.496416983844936
-0.38259,0.513189787609292
-0.35864,0.529105837486292
-0.33407,0.544138460154373
-0.30892,0.558262529229085
-0.28321,0.571470057900329
-0.257,0.583737941035082
-0.23033,0.595046704350096
-0.20323,0.605388105778231
-0.17575,0.614748777569086
-0.14793,0.623119348134231
-0.11982,0.630486878219269
-0.091469,0.636836974482616
-0.062912,0.642165129483382
-0.034202,0.646461928949375
-0.0053842,0.649720324350621
0.023496,0.651935499328861
0.052387,0.653100253783575
0.081245,0.653211685006512
0.11002,0.652266093710772
0.13867,0.650265390237724
0.16714,0.647206567727709
0.19539,0.643094039843194
0.22337,0.637930889288061
0.25104,0.631726630104014
0.27834,0.624481093069372
0.30524,0.616208652138181
0.33169,0.606920381934737
0.35765,0.596631940252397
0.38308,0.585362388638538
0.40793,0.573125741095765
0.43216,0.559939053410531
0.45575,0.545836245471387
0.47864,0.530834418496543
0.5008,0.514958890666394
0.52221,0.498248348861568
0.54281,0.480721663086449
0.56259,0.462418191514198
0.5815,0.443363148991291
0.59953,0.423599215277053
0.61664,0.403159766328934
0.63281,0.382084503338293
0.64801,0.360409672934832
0.66222,0.338175047988307
0.67542,0.315422047634288
0.68759,0.292192163366083
0.69871,0.268525669504715
0.70877,0.244467993289955
0.71775,0.220059907680846
0.72565,0.195351920324544
0.73245,0.170386019270945
0.73815,0.145210748750306
0.74274,0.119870984262668
0.74622,0.0944145654358454
0.74859,0.0688901545645012
0.74984,0.0433380792120397
0.74998,0.01780533863216
0.74902,-0.00765727477464261
0.74694,-0.0330197908860942
0.74378,-0.0582258133232093
0.73952,-0.0832438795223994
0.73418,-0.108034256514291
0.72777,-0.132559386410561
0.7203,-0.156784849769819
0.71179,-0.180672667741465
0.70225,-0.204190787684158
0.6917,-0.227305783346259
0.68016,-0.249984402836385
0.66764,-0.272202205837736
0.65417,-0.293928108978286
0.63977,-0.315134283879648
0.62446,-0.33579664710172
0.60826,-0.355895157441086
0.59121,-0.375399151735277
0.57333,-0.394285371733456
0.55464,-0.412537503884421
0.53518,-0.430130836148959
0.51498,-0.447042284602118
0.49405,-0.463265820689325
0.47245,-0.478772689498911
0.45019,-0.493553881142483
0.42732,-0.507587273510938
0.40386,-0.520863257968597
0.37985,-0.533368078485505
0.35532,-0.545092693498246
0.33031,-0.556024991511668
0.30486,-0.566150980238595
0.279,-0.575463177192023
0.25278,-0.583945007201603
0.22623,-0.591588036309938
0.19938,-0.598390853336677
0.17229,-0.604335794220087
0.14499,-0.609414962185933
0.11752,-0.613621352695531
0.089927,-0.616943894748597
0.062252,-0.619373163545314
0.03454,-0.620898537683588
0.0068326,-0.621511406913138
-0.020823,-0.62120104361865
-0.048384,-0.619958720992594
-0.075805,-0.617775798447682
-0.10304,-0.61464365184921
-0.13004,-0.610551836191372
-0.15676,-0.605491823791979
-0.18316,-0.599460705358082
-0.20918,-0.592445535231872
-0.23479,-0.584447948187247
-0.25994,-0.575466641394598
-0.28457,-0.565490723490481
-0.30865,-0.554524173144001
-0.33214,-0.542575584339414
-0.35498,-0.529642385436324
-0.37714,-0.515735374005874
-0.39857,-0.500861156040818
-0.41924,-0.485037680707516
-0.4391,-0.468276871969762
-0.45811,-0.450592959883588
-0.47625,-0.432016517393361
-0.49347,-0.412568363367111
-0.50974,-0.392275743046527
-0.52503,-0.371170387995934
-0.5393,-0.349279424195701
-0.55254,-0.326647728176067
-0.56471,-0.303311093570888
-0.57578,-0.279304399343531
-0.58574,-0.25467558388903
-0.59456,-0.229466969492077
-0.60222,-0.203722521165413
-0.60872,-0.177501026214213
-0.61403,-0.15084933536285
-0.61814,-0.123818056588726
-0.62105,-0.0964666819476724
-0.62275,-0.0688526813203163
-0.62323,-0.0410301358711891
-0.6225,-0.0130634888540575
-0.62056,0.0149838469633668
-0.61741,0.0430512702699343
-0.61307,0.0710675879560338
-0.60754,0.0989700916339141
-0.60083,0.126697550934062
-0.59297,0.154177157551526
-0.58397,0.181343900534389
-0.57386,0.208126415239081
-0.56265,0.23446535104025
-0.55038,0.260290904474265
-0.53708,0.285534581066617
-0.52278,0.31013125574415
-0.50752,0.334013368599138
-0.49134,0.357113719298017
-0.47427,0.379375119822884
-0.45636,0.400735743557778
-0.43765,0.421139634879633
-0.4182,0.440522842154464
-0.39805,0.458832036001782
-0.37727,0.476002262822949
-0.35589,0.491991094060332
-0.33398,0.506746405717224
-0.3116,0.520217642452958
-0.28881,0.532357448747076
-0.26567,0.543122900382175
-0.24224,0.552476381709154
-0.21858,0.560386152889429
-0.19475,0.566826649623175
-0.17084,0.571756361561256
-0.14688,0.575166961698647
-0.12296,0.577033284293052
-0.09914,0.577339994195394
-0.075483,0.576078392885796
-0.052053,0.573245138747222
-0.028917,0.568839576231163
-0.0061399,0.562865259138565
0.016217,0.555332151245455
0.03809,0.546253769263916
0.05942,0.535649935996863
0.080146,0.523543996941374
0.10021,0.509964076359436
0.11956,0.494946150109454
0.13814,0.47852888846252
0.15591,0.460764185993029
0.1728,0.441691243519129
0.18879,0.421375131506018
0.20383,0.399877995298627
0.21787,0.377258070517156
0.23089,0.353591124417005
0.24286,0.328957660133618
0.25374,0.303432438490238
0.26352,0.277105711167262
0.27217,0.250062905071944
0.27967,0.222390512262983
0.28602,0.19418815338122
0.29121,0.16555573186945
0.29523,0.136590422851878
0.29807,0.10738426019474
0.29975,0.0780444642497639
0.30028,0.0486798134418491
0.29965,0.0193821833255676
0.2979,-0.00973617356048429
0.29503,-0.0385797103493959
0.29107,-0.0670473040605193
0.28605,-0.0950366682501997
0.28,-0.122447964700057
0.27294,-0.149194079940557
0.26493,-0.175171627944214
0.25599,-0.200297187402132
0.24617,-0.224484239969342
0.23552,-0.247646872879764
0.22407,-0.269717549507316
0.21189,-0.290616594004025
0.19902,-0.310279685928724
0.18551,-0.328650039062093
0.17142,-0.345671907683817
0.1568,-0.36130010860474
0.14172,-0.375485220655431
0.12621,-0.388206129089759
0.11035,-0.399428945393462
0.094181,-0.40914003061076
0.077768,-0.417325460469044
0.061166,-0.42397960133178
0.044431,-0.429103633990206
0.027619,-0.432704891423763
0.010785,-0.434796865180609
-0.0060169,-0.435398934238659
-0.022733,-0.434535579141989
-0.039312,-0.432237048650707
-0.055701,-0.428536740507753
-0.07185,-0.423472286512485
-0.08771,-0.417084860983311
-0.10323,-0.409416261670633
-0.11838,-0.40052350318144
-0.13309,-0.390445020382502
-0.14733,-0.379233022313987
-0.16107,-0.366949580191955
-0.17425,-0.353640993753306
-0.18684,-0.339361861317894
-0.19881,-0.324172030674944
-0.21012,-0.308126576147356
-0.22073,-0.291275195973658
-0.23063,-0.273684014133832
-0.23978,-0.255408322960081
-0.24815,-0.236500444568521
-0.25573,-0.217023502103047
-0.26248,-0.197025234164144
-0.2684,-0.17656903327644
-0.27346,-0.155706760458465
-0.27765,-0.134494092666438
-0.28096,-0.112987977174538
-0.28337,-0.0912371341478986
-0.28488,-0.0692967827364925
-0.28548,-0.0472181391414615
-0.28517,-0.0250548374668724
-0.28395,-0.00286063381850467
-0.28181,0.0193198551653983
-0.27876,0.041436206481167
-0.27481,0.0634350929362453
-0.26996,0.0852700952037825
-0.26421,0.106902047578269
-0.25758,0.128284347134364
-0.25008,0.149373492151946
-0.24173,0.170122699814585
-0.23253,0.190499039328201
-0.22251,0.2104599066001
-0.21168,0.229971292786874
-0.20006,0.249000093010389
-0.18768,0.267507881971477
-0.17455,0.285468215069499
-0.1607,0.302850675763016
-0.14615,0.319630304854001
-0.13092,0.335787654259754
-0.11505,0.351293887071524
-0.098552,0.366134498030032
-0.081462,0.380289591213036
-0.063807,0.393742520838683
-0.045614,0.406480098463634
-0.026914,0.418489700809813
-0.0077361,0.429761273565263
0.011887,0.440284796463513
0.031922,0.450050441829922
0.052338,0.459050899633341
0.073103,0.467280583416534
0.09418,0.474732046523043
0.11554,0.481402740723704
0.13714,0.487284050045905
0.15895,0.492372562869577
0.18093,0.496661996685447
0.20305,0.50015154537438
0.22526,0.502830263195714
0.24753,0.504694310698584
0.26982,0.505738471648342
0.29209,0.505956741642743
0.31428,0.505328015643386
0.33637,0.503849307399649
0.3583,0.501502885391968
0.38003,0.498274541701362
0.40152,0.494153426345394
0.42272,0.489124435139752
0.44357,0.483162179631456
0.46403,0.476248574992175
0.48405,0.46836464366404
0.50358,0.459491337915904
0.52256,0.44960280972556
0.54095,0.43868335315474
0.55868,0.426703822354382
0.57572,0.413654751885437
0.592,0.399513380518577
0.60748,0.384269196395461
0.6221,0.367907227894616
0.63581,0.350416883876391
0.64857,0.331798965409291
0.66033,0.312056235671909
0.67103,0.291185762983589
0.68064,0.269202468098364
0.6891,0.246113257210421
0.69639,0.221948145817867
0.70246,0.196732961446185
0.70727,0.170497018075797
0.7108,0.143286579790827
0.71301,0.115145670038624
0.71388,0.0861302190623716
0.71339,0.0563043334264345
0.71153,0.0257444448046628
0.70827,-0.00547989284255579
0.70362,-0.0372769723468234
0.69757,-0.0695545273971267
0.69012,-0.102215007319699
0.68128,-0.135151961419898
0.67106,-0.168254802593665
0.65948,-0.201405411290431
0.64655,-0.23449044392375
0.6323,-0.267389002663282
0.61676,-0.299977742755439
0.59996,-0.332135105384082
0.58193,-0.363744742063043
0.56272,-0.394683403218084
0.54236,-0.424840988079062
0.5209,-0.454106828242393
0.49838,-0.482380881631628
0.47486,-0.509560325927824
0.45038,-0.535558439607453
0.42501,-0.560282446532884
0.39878,-0.583667609807529
0.37176,-0.605644833640864
0.344,-0.626159048538058
0.31555,-0.645168868475046
0.28648,-0.662631162863637
0.25684,-0.678518230483596
0.22669,-0.692809030465389
0.19608,-0.705496711815714
0.16507,-0.71657949080754
0.13371,-0.726067921332126
0.10206,-0.733975597837728
0.070174,-0.740323366930407
0.038104,-0.745139521348026
0.0059029,-0.748457565543221
-0.026377,-0.750315332591902
-0.058682,-0.750752621323781
-0.090964,-0.749814357981261
-0.12317,-0.747545186765961
-0.15526,-0.743998299163787
-0.18717,-0.739214905878589
-0.21886,-0.733243443155984
-0.25028,-0.726129664530363
-0.28138,-0.717916074468402
-0.31212,-0.708648904705978
-0.34244,-0.69836141016358
-0.37232,-0.687105080560506
-0.40169,-0.674907728219316
-0.43052,-0.661806852126524
-0.45877,-0.647839267321819
-0.48639,-0.633032748201447
-0.51334,-0.617414293629989
-0.53959,-0.601016791598457
-0.56509,-0.583862041449897
-0.58981,-0.565976928645327
-0.61371,-0.547384131121439
-0.63676,-0.528109526477641
-0.65893,-0.508180679455564
-0.68018,-0.487618180198844
-0.70048,-0.466443627412383
-0.7198,-0.444678635450468
-0.73811,-0.422344034190486
-0.75539,-0.399466641542997
-0.77161,-0.376069777139934
-0.78674,-0.352173100596485
-0.80076,-0.327799966223688
-0.81365,-0.302975860505423
-0.82538,-0.277719692781505
-0.83595,-0.252066529437299
-0.84532,-0.226033727870275
-0.8535,-0.199660662531311
-0.86045,-0.172966208581576
-0.86618,-0.145988963904657
-0.87066,-0.118752584960616
-0.8739,-0.091297403304057
-0.87588,-0.0636536975389945
-0.87661,-0.0358647858641854
-0.87607,-0.00796091446669102
-0.87427,0.0200170820725954
-0.8712,0.0480359763227934
-0.86688,0.0760476391542596
-0.86131,0.10400826834395
-0.8545,0.131871592542927
-0.84645,0.159598267137739
-0.83719,0.187133695282694
-0.82671,0.214442328891408
-0.81505,0.241468268657108
-0.80222,0.268163212873638
-0.78825,0.294471810459469
-0.77315,0.320349640012117
-0.75696,0.345740451157289
-0.73969,0.370602517177707
-0.72139,0.394877735704456
-0.70208,0.418518929468674
-0.6818,0.441474593911743
-0.66058,0.463698918808996
-0.63846,0.485144933988288
-0.61547,0.505773816935637
-0.59166,0.525540001107453
-0.56706,0.544408935006401
-0.54172,0.562341527711826
-0.51568,0.579303919044247
-0.48897,0.595275218000448
-0.46165,0.610223821335475
-0.43376,0.62412557290995
-0.40535,0.636956005205671
-0.37645,0.648706279029048
-0.34712,0.659358638948906
-0.3174,0.66890382690632
-0.28735,0.677325291292819
-0.257,0.684623614078617
-0.22641,0.690791364950339
-0.19563,0.695822607867785
-0.1647,0.699720500489515
-0.13369,0.70247358217621
-0.10262,0.704096189599769
-0.071569,0.704579729757242
-0.040573,0.70392942013255
-0.009685,0.702149142447346
0.021044,0.699243311461085
0.051561,0.695215387879971
0.08182,0.690073343178882
0.11177,0.683825057104031
0.14136,0.676478292941024
0.17054,0.668041402050905
0.19926,0.658523120490411
0.22747,0.647932379890665
0.25514,0.636292931365751
0.28221,0.623617759541836
0.30865,0.609933099786625
0.3344,0.595253055478856
0.35944,0.579611210690089
0.38371,0.563026419414491
0.4072,0.545542164053349
0.42985,0.527183660529226
0.45165,0.507997701017155
0.47256,0.488025016566679
0.49256,0.467315122250569
0.51163,0.445923236153818
0.52973,0.423892830875458
0.54687,0.40129361605124
0.56301,0.378177488165053
0.57815,0.354610024564273
0.59228,0.330658498691687
0.60539,0.306389549442149
0.61748,0.281874682112051
0.62854,0.257179752185502
0.63858,0.232378792781487
0.6476,0.207542731253928
0.65561,0.182745141481889
0.66261,0.158051988813984
0.66862,0.133535721983312
0.67366,0.109271649881429
0.67774,0.0853275334581698
0.68087,0.061762760207465
0.68309,0.0386500602675348
0.68441,0.0160482770836246
0.68486,-0.00598225283758596
0.68448,-0.0273747531335036
0.68328,-0.0480817769606824
0.68131,-0.0680437164481245
0.67859,-0.0872155159430985
0.67517,-0.105543447960429
0.67107,-0.122990999056296
0.66634,-0.139514910211025
0.661,-0.155090416684288
0.6551,-0.169686728794599
0.64868,-0.183276998505482
0.64177,-0.195846231500602
0.6344,-0.20738995348288
0.62662,-0.217898055534608
0.61846,-0.227371475122745
0.60996,-0.235813137998085
0.60114,-0.24324277181084
0.59206,-0.249664003878624
0.58272,-0.255112184531336
0.57317,-0.259610722267879
0.56344,-0.2631879369199
0.55354,-0.265890469051097
0.54351,-0.267756600766364
0.53336,-0.268839302724967
0.52312,-0.269187401799749
0.5128,-0.268860050915224
0.50242,-0.267915888799197
0.49199,-0.266419063900779
0.48152,-0.264436503595227
0.47103,-0.262028197809509
0.46051,-0.259269083366035
0.44997,-0.256229275191883
0.43941,-0.252980405699497
0.42883,-0.249593251562929
0.41822,-0.246143199592269
0.40758,-0.242699702989574
0.39691,-0.239325292471767
0.3862,-0.23608231404667
0.37543,-0.233038337018871
0.3646,-0.23024816821391
0.3537,-0.22776184671904
0.34271,-0.225631186784274
0.33163,-0.223892804678602
0.32043,-0.222591801452077
0.30911,-0.221756249448503
0.29765,-0.221414048008292
0.28604,-0.221584322846029
0.27427,-0.222278124819497
0.26233,-0.223499209515319
0.2502,-0.225252267163622
0.23787,-0.227534764129967
0.22533,-0.230337974969404
0.21258,-0.233640599006479
0.1996,-0.237426155063909
0.18638,-0.241674725116274
0.17292,-0.246356427188054
0.15921,-0.251441234839186
0.14525,-0.256892137468251
0.13102,-0.26268203757892
0.11654,-0.268762775943036
0.10178,-0.275107312311356
0.086753,-0.28167443147215
0.071458,-0.288422859863306
0.055893,-0.295313055643916
0.040061,-0.302304205176426
0.023964,-0.309356305273668
0.0076071,-0.316428817506856
-0.0090047,-0.323481992162902
-0.025865,-0.330476831481129
-0.042963,-0.337372845677542
-0.06029,-0.344131111469746
-0.077837,-0.350714942390451
-0.095588,-0.3570854355916
-0.11353,-0.363205351646108
-0.13165,-0.369039994659506
-0.14993,-0.374554173257276
-0.16835,-0.379711994060525
-0.18689,-0.384478201064582
-0.20553,-0.388819247961534
-0.22425,-0.39270412827094
-0.24302,-0.396097590143561
-0.26182,-0.398969573865295
-0.28062,-0.401287896901887
-0.29941,-0.403034610088389
-0.31814,-0.404174440201145
-0.3368,-0.404688969672346
-0.35535,-0.404551974161194
-0.37377,-0.403746731500528
-0.39202,-0.402250136985433
-0.41007,-0.400042249538419
-0.42789,-0.39710650093312
-0.44545,-0.393429776504473
-0.46272,-0.389002387722229
-0.47965,-0.383803159593638
-0.49621,-0.377817277295257
-0.51237,-0.37103570585022
-0.5281,-0.363454575315103
-0.54335,-0.355059752012613
-0.55809,-0.345844237251876
-0.57229,-0.335807203920897
-0.58592,-0.324953059577478
-0.59893,-0.3132757524058
-0.61129,-0.30077595705944
-0.62298,-0.287467344269219
-0.63395,-0.273351708668607
-0.64419,-0.258450986719579
-0.65365,-0.242773356342949
-0.66232,-0.226345423229866
-0.67016,-0.209185892741807
-0.67714,-0.19131411936919
-0.68325,-0.172764351605822
-0.68846,-0.153567230116561
-0.69274,-0.133749738127803
-0.69608,-0.113350018065279
-0.69846,-0.0924068172267772
-0.69986,-0.0709583408766269
-0.70027,-0.0490487103302939
-0.69967,-0.0267181977698082
-0.69805,-0.00401022114626587
-0.69541,0.0190231234629366
-0.69175,0.0423242399816223
-0.68705,0.0658475525156944
-0.68132,0.0895363684038964
-0.67456,0.113334128083833
-0.66679,0.137171296835799
-0.658,0.160992140073087
-0.64821,0.184731601245403
-0.63743,0.208326521407403
-0.62568,0.231709861362881
-0.61298,0.254813565875599
-0.59934,0.277578319853847
-0.5848,0.299931627654083
-0.56937,0.321814883276792
-0.55308,0.343167871066597
-0.53597,0.363923733506152
-0.51806,0.384027286163229
-0.49939,0.40341991043581
-0.48,0.422042272809114
-0.45991,0.439851336637816
-0.43917,0.456796686397796
-0.41783,0.472823827083136
-0.39591,0.48789913400082
-0.37347,0.50197765817208
-0.35054,0.51502924460185
-0.32718,0.527014815229132
-0.30343,0.537904458090346
-0.27933,0.547676968804533
-0.25495,0.556297060941219
-0.23031,0.563756515393168
-0.20547,0.570040073147493
-0.18049,0.575127698654188
-0.15541,0.57901128994035
-0.13027,0.581693033112662
-0.10513,0.583169005244315
-0.080037,0.583440495919143
-0.055038,0.582513354005707
-0.03018,0.580397321736721
-0.005509,0.577106112342145
0.018929,0.57265660363997
0.043087,0.567067337884801
0.066924,0.560362417178625
0.090395,0.552567074081374
0.11346,0.543710698927098
0.13608,0.533826182945299
0.15821,0.522944089659801
0.17981,0.511096118165956
0.20086,0.498328929541142
0.22131,0.484677898605046
0.24113,0.470183196749117
0.2603,0.454895200284652
0.27877,0.438848975709691
0.29653,0.422095850509159
0.31355,0.404684034137936
0.32979,0.386650450612899
0.34525,0.368051394490696
0.3599,0.348934946611348
0.37371,0.329341119603394
0.38668,0.309324340284135
0.39879,0.288934201681671
0.41003,0.268222247036016
0.42038,0.247232569216457
0.42984,0.22601659392028
0.4384,0.204622600891757
0.44606,0.183102139442132
0.45283,0.161515101930341
0.4587,0.139911397802457
0.46368,0.118346006629078
0.46777,0.0968687718073438
0.471,0.075545882373813
0.47337,0.0544323794045058
0.47489,0.0335798530669949
0.47559,0.0130501102631057
0.4755,-0.00708886964184621
0.47461,-0.0267959497521446
0.47298,-0.0460014167632284
0.47062,-0.0646518144515677
0.46756,-0.0826938902383944
0.46383,-0.10007646397993
0.45947,-0.11674448925849
0.45451,-0.132649162724398
0.44898,-0.147748521907437
0.44293,-0.161992964797148
0.43638,-0.175350756829671
0.42939,-0.187776354153615
0.42199,-0.199236998658506
0.41422,-0.209704231602884
0.40613,-0.219146942135921
0.39775,-0.22754801079326
0.38913,-0.234887769101268
0.3803,-0.24116030845361
0.37132,-0.246349269817135
0.36223,-0.250445557782016
0.35305,-0.253461409798339
0.34385,-0.255389398915918
0.33464,-0.256251229140108
0.32548,-0.256054925422737
0.31639,-0.254827224585048
0.30742,-0.252587389480844
0.29859,-0.249370644127334
0.28994,-0.245209633654302
0.2815,-0.240141702167256
0.27329,-0.234214597377516
0.26535,-0.227468575146705
0.25769,-0.219959109265543
0.25034,-0.21173778174169
0.24331,-0.202866529159465
0.23663,-0.193399228985302
0.23031,-0.183396607833077
0.22434,-0.172938042431891
0.21876,-0.16207878343874
0.21355,-0.150897412609452
0.20873,-0.139459485059221
0.20429,-0.127840302054379
0.20023,-0.116113387908464
0.19655,-0.104348610875094
0.19323,-0.0926255182251192
0.19026,-0.0810216168938789
0.18764,-0.0696029484213172
0.18533,-0.0584537338876644
0.18333,-0.0476406038722891
0.18162,-0.037228571630157
0.18016,-0.0272939191914352
0.17894,-0.0178972988295073
0.17792,-0.00910681508831952
0.17708,-0.000979435622354362
0.17639,0.00643152826043576
0.17581,0.0130703109922121
0.17531,0.0188886253824452
0.17485,0.023838685011726
0.1744,0.0278823627905213
0.17392,0.0309835303402987
0.17338,0.0331166218186756
0.17274,0.0342584632252444
0.17197,0.0343964064667695
0.17102,0.0335124061874495
0.16986,0.0315998865357885
0.16846,0.0286622250276211
0.16678,0.0247038588000977
0.16479,0.0197378518486469
0.16246,0.0137843431531451
0.15976,0.00686908167182707
0.15666,-0.00097793675150561
0.15314,-0.00971632120050661
0.14918,-0.0192980336850227
0.14474,-0.0296846389461984
0.13982,-0.0408166344638882
0.1344,-0.0526336952975755
0.12845,-0.0650836609839584
0.12197,-0.078100041766652
0.11496,-0.0916064914570856
0.10739,-0.105542898112413
0.099279,-0.119827619576293
0.090611,-0.134389777978017
0.081389,-0.149155115669041
0.071619,-0.164046568555744
0.061306,-0.178987799423669
0.050457,-0.193903850346184
0.039085,-0.208718715701695
0.027202,-0.223358627644721
0.014825,-0.237750243279553
0.0019721,-0.251822089517858
-0.011335,-0.265503859081474
-0.025075,-0.278728798082269
-0.039222,-0.291431864501013
-0.053748,-0.303550069213402
-0.068624,-0.315023527860603
-0.083821,-0.325796982913172
-0.099302,-0.335815005717284
-0.11504,-0.345031455129671
-0.13099,-0.353396157326249
-0.14711,-0.360859805442906
-0.16338,-0.36739193775728
-0.17974,-0.372949088880898
-0.19617,-0.377508620096694
-0.21261,-0.381036267901522
-0.22902,-0.383504654302514
-0.24536,-0.384893217117803
-0.26158,-0.38518057245877
-0.27764,-0.38435315651085
-0.29351,-0.382411974543902
-0.30912,-0.379340666659421
-0.32444,-0.375139356604085
-0.33944,-0.36982189978038
-0.35405,-0.363383709725022
-0.36825,-0.355842832980545
-0.38199,-0.347213271461549
-0.39524,-0.337520544353373
-0.40795,-0.326784313356928
-0.42009,-0.315034080438885
-0.43162,-0.302299361592233
-0.4425,-0.28860912943158
-0.45271,-0.27400613440362
-0.46221,-0.258528476765181
-0.47098,-0.242224425256076
-0.47897,-0.225127076085764
-0.48618,-0.207293451929245
-0.49256,-0.18876140179137
-0.49811,-0.1695892887421
-0.50279,-0.149820845362433
-0.5066,-0.12951636634985
-0.50951,-0.108725614147941
-0.51151,-0.0875032044188594
-0.51259,-0.0659060547083935
-0.51274,-0.0439912441541975
-0.51194,-0.0218068577959061
-0.51019,0.000593003173263442
-0.50749,0.0231510929025645
-0.50383,0.0458168291861178
-0.49922,0.0685318601878465
-0.49364,0.0912556348829043
-0.48711,0.113933799871878
-0.47963,0.1365174747658
-0.4712,0.158963862024976
-0.46185,0.181214406702137
-0.45157,0.203229378973521
-0.44038,0.224963499763535
-0.42831,0.246361241452046
-0.41536,0.267382887381323
-0.40156,0.287980760511172
-0.38694,0.308102464784074
-0.37151,0.327708410638376
-0.35532,0.346741239765112
-0.33839,0.365153415416415
-0.32076,0.382892226471246
-0.30245,0.399917432038366
-0.28352,0.416170788857038
-0.264,0.431603728944966
-0.24393,0.446169834947791
-0.22336,0.459818731657062
-0.20233,0.472506059268013
-0.18088,0.484193965720523
-0.15907,0.494836548320524
-0.13693,0.504405307193836
-0.11454,0.512850038328589
-0.09192,0.52014922823914
-0.069136,0.526271529461364
-0.046237,0.531191561040407
-0.023275,0.534887681317928
-0.0002994,0.537344231406444
0.022636,0.538548000735199
0.045479,0.538489738237947
0.068178,0.537164510907092
0.090684,0.534573342893828
0.11294,0.530716522445363
0.13491,0.525609653427673
0.15654,0.519267331280697
0.17777,0.511698859338431
0.19857,0.502931523663428
0.21888,0.492984484630874
0.23868,0.481899691445325
0.2579,0.46969961161351
0.27653,0.456434988578298
0.29451,0.442141209115898
0.31181,0.426862668018707
0.3284,0.410649941181482
0.34426,0.393564716541978
0.35933,0.375646462004208
0.37361,0.356960049242741
0.38706,0.337559483501617
0.39966,0.317503297840728
0.41139,0.296852009371126
0.42223,0.275665986223265
0.43215,0.253996299465351
0.44115,0.231907139856783
0.44921,0.209456540638518
0.45631,0.186695766015531
0.46244,0.1636763555828
0.46759,0.140448375938076
0.47176,0.117066430914089
0.47494,0.0935795829104857
0.47713,0.0700381503612532
0.47831,0.046476947165634
0.4785,0.0229465380163496
0.47768,-0.000521152047973926
0.47587,-0.0238809073273592
0.47306,-0.0471006078201841
0.46925,-0.0701525743099556
0.46447,-0.092991687752201
0.4587,-0.115597363451518
0.45198,-0.13792538703969
0.4443,-0.159951060486179
0.43567,-0.181651695148319
0.42613,-0.202985054371612
0.41568,-0.223924238213147
0.40435,-0.244433624340807
0.39216,-0.264479287285616
0.37914,-0.284022551373056
0.3653,-0.30303710596333
0.35069,-0.321478103819742
0.33533,-0.339309501354329
0.31926,-0.356488881268714
0.30251,-0.3729775785879
0.28512,-0.388733954242917
0.26713,-0.403715450303226
0.24858,-0.417880271864934
0.22951,-0.431188728233833
0.20998,-0.443589470116385
0.19001,-0.45505307834906
0.16968,-0.465524614886027
0.14901,-0.474974796938005
0.12806,-0.483366622353851
0.10689,-0.490658262806223
0.085543,-0.496818085248661
0.064072,-0.501816530660445
0.04253,-0.505626915497973
0.020969,-0.508226739350166
-0.00055631,-0.509595896873191
-0.021996,-0.509720678235741
-0.043298,-0.50859171689374
-0.064409,-0.506202878362934
-0.085281,-0.502555110844438
-0.10586,-0.497650984234761
-0.12611,-0.491507980162608
-0.14597,-0.484136994581836
-0.16539,-0.475551778343391
-0.18435,-0.465790496080289
-0.20278,-0.454873282082493
-0.22066,-0.44284242482585
-0.23793,-0.429727578221879
-0.25457,-0.415577186708024
-0.27053,-0.40043151700174
-0.28579,-0.384345477533721
-0.30031,-0.367369612655929
-0.31405,-0.349549650038681
-0.327,-0.330948405266122
-0.33912,-0.311618586497217
-0.35039,-0.291618081470489
-0.36079,-0.271007312196576
-0.37029,-0.249839608684571
-0.37889,-0.228183184036237
-0.38656,-0.206094055741806
-0.39329,-0.183631485241336
-0.39907,-0.16085551177859
-0.40389,-0.137824921593037
-0.40774,-0.114595617854135
-0.41062,-0.0912267537174597
-0.41252,-0.0677707789396971
-0.41345,-0.0442877612238554
-0.41339,-0.020819732995331
-0.41236,0.00257776285282432
-0.41036,0.0258549840322738
-0.40738,0.0489760140772241
-0.40345,0.0718879069608075
-0.39858,0.0945406319334747
-0.39276,0.116903073547687
-0.38602,0.138931077035576
-0.37837,0.160586406614281
-0.36983,0.181829675902463
-0.36041,0.202629473993262
-0.35015,0.222939926290697
-0.33905,0.24273474961059
-0.32715,0.261975022374436
-0.31448,0.280620510984165
-0.30106,0.298638820364654
-0.28692,0.315997776778569
-0.27211,0.332651882483154
-0.25664,0.348576110354546
-0.24057,0.363726046822109
-0.22392,0.378072832164654
-0.20675,0.391571742360498
-0.18909,0.40418904817725
-0.17099,0.415886394287425
-0.15249,0.426630520957141
-0.13365,0.436378775229047
-0.11451,0.445097257293227
-0.095119,0.452753771884685
-0.075534,0.459312846479232
-0.055803,0.464744369697558
-0.03598,0.469019318980331
-0.01612,0.472109985891399
0.0037252,0.473993225480216
0.023501,0.474648515729221
0.043153,0.474058539082316
0.062626,0.472208820096909
0.081869,0.469091048583788
0.10083,0.464701742834872
0.11945,0.459036596180777
0.13769,0.452105894554249
0.15549,0.443916225703719
0.17282,0.434493535362055
0.18961,0.423849412113845
0.20584,0.412020822199059
0.22147,0.399049680700379
0.23645,0.384973629949864
0.25074,0.369833462421304
0.26433,0.353693775688848
0.27718,0.336614600018206
0.28927,0.318665589465842
0.30056,0.299907572140697
0.31105,0.280422236299798
0.32072,0.260291098507303
0.32955,0.239593305540555
0.33754,0.218418660447878
0.34469,0.196863008078994
0.35097,0.175002122004623
0.35641,0.152937684614711
0.36101,0.130767070586714
0.36476,0.108573857002617
0.36768,0.0864500575818002
0.36978,0.0644841990902639
0.37107,0.0427591637081187
0.37158,0.021365351921503
0.37132,0.00038148425149292
0.37031,-0.0201184122823923
0.36856,-0.0400740775280884
0.36612,-0.0594090130901798
0.36299,-0.0780732915468418
0.35921,-0.0960108185990529
0.3548,-0.113177493995227
0.34978,-0.129540744105417
0.3442,-0.145056655862437
0.33806,-0.15971099462608
0.33141,-0.173477523877328
0.32427,-0.186343874110008
0.31667,-0.198302420810721
0.30864,-0.209350184420536
0.30021,-0.219488598152978
0.29141,-0.228723173527152
0.28227,-0.237063090454212
0.27281,-0.244528133794452
0.26307,-0.251131785860371
0.25308,-0.256889907435371
0.24286,-0.261827630569651
0.23245,-0.265962451511045
0.22186,-0.269327744896802
0.21113,-0.271946892578421
0.20029,-0.273842236124545
0.18936,-0.275042276627719
0.17837,-0.275572496713328
0.16733,-0.27547020219602
0.15629,-0.274751770762367
0.14525,-0.273453327525468
0.13424,-0.271603823331714
0.12329,-0.269225689474625
0.11241,-0.26635029440791
0.10162,-0.263007964719141
0.090939,-0.259228088922041
0.080392,-0.255034024361034
0.069992,-0.250452439654637
0.059755,-0.245509649688852
0.049697,-0.240230878668763
0.039832,-0.234641160370032
0.030171,-0.22876679718204
0.020729,-0.222631316394014
0.011514,-0.216260408835719
0.0025363,-0.209678966882611
-0.0061967,-0.202912557376418
-0.014678,-0.195986735171508
-0.022901,-0.188926483725616
-0.030863,-0.181758361340045
-0.038563,-0.174510558515711
-0.046,-0.167211640608131
-0.053173,-0.15988951873156
-0.060085,-0.152573588729947
-0.066739,-0.145293452401164
-0.07314,-0.138079355241739
-0.079295,-0.130962516619222
-0.085209,-0.123972406010035
-0.090892,-0.117139763168063
-0.096354,-0.110495295369804
-0.1016,-0.104064924110908
-0.10665,-0.0978808635127242
-0.11151,-0.0919689346631346
-0.11619,-0.0863518144478999
-0.12071,-0.0810561664918419
-0.12508,-0.0761034941597364
-0.12932,-0.0715176943398974
-0.13344,-0.0673162903503954
-0.13745,-0.0635109252245433
-0.14138,-0.0601227042621616
-0.14524,-0.0571647416901422
-0.14903,-0.0546356992092112
-0.15279,-0.0525519316533718
-0.15652,-0.0509137843164654
-0.16024,-0.0497232320451835
-0.16396,-0.0489758691705579
-0.16769,-0.0486620273694762
-0.17146,-0.0487826199907324
-0.17526,-0.0493172817396353
-0.17911,-0.0502510248916201
-0.18302,-0.051566014645306
-0.18701,-0.0532498352133368
-0.19106,-0.0552650504209078
-0.1952,-0.057591896255392
-0.19943,-0.0602030897261049
-0.20374,-0.0630585414681839
-0.20815,-0.0661310257085422
-0.21265,-0.0693821894483592
-0.21724,-0.072773115771182
-0.22192,-0.0762654764509645
-0.22669,-0.0798224748803531
-0.23154,-0.0834021966442835
-0.23646,-0.0869597993725191
-0.24145,-0.090456770981692
-0.24649,-0.0938460650712823
-0.25158,-0.0970899480197807
-0.25671,-0.100151977570446
-0.26187,-0.102997925293177
-0.26703,-0.105581682544809
-0.27219,-0.107871197596254
-0.27733,-0.109832052837464
-0.28244,-0.11143649665226
-0.28749,-0.112648368812878
-0.29248,-0.113448155023739
-0.29738,-0.113808381065439
-0.30217,-0.113703574719264
-0.30683,-0.113110841690623
-0.31135,-0.112017663559682
-0.3157,-0.110405728698915
-0.31986,-0.108260232209693
-0.32381,-0.105569875240118
-0.32753,-0.102326770025783
-0.33099,-0.0985188706402017
-0.33417,-0.0941387594379956
-0.33705,-0.0891832031312043
-0.33962,-0.0836600790842867
-0.34184,-0.0775640761965627
-0.3437,-0.0709018084877294
-0.34518,-0.063682147195283
-0.34625,-0.0559083592743281
-0.34691,-0.0476014820444836
-0.34713,-0.0387743137244158
-0.3469,-0.0294476268615313
-0.3462,-0.0196408171200455
-0.34502,-0.00937917546914775
-0.34335,0.00130781960421868
-0.34117,0.0123954038839448
-0.33847,0.0238558152908768
-0.33525,0.0356521785693012
-0.3315,0.047748620732928
-0.3272,0.0601184233920629
-0.32235,0.0727282000804725
-0.31696,0.0855327304960999
-0.311,0.0985080985477311
-0.30449,0.111611312444174
-0.29742,0.124807441685313
-0.28979,0.138061709512658
-0.28159,0.15134793450671
-0.27284,0.164625544249824
-0.26353,0.177865806968132
-0.25367,0.191035698616972
-0.24327,0.204099817959635
-0.23232,0.21703679265677
-0.22084,0.229815173705605
-0.20883,0.242411255095569
-0.19631,0.254793651896048
-0.18328,0.266940658548642
-0.16975,0.278831806218927
-0.15575,0.290433633452181
-0.14127,0.30173292588151
-0.12634,0.312703819075779
-0.11097,0.323325989988357
-0.095184,0.333574020773074
-0.078991,0.34343040752201
-0.062412,0.352875871672505
-0.04547,0.3618889928504
-0.028187,0.370448180383168
-0.010586,0.378531783783531
0.007309,0.386118181813725
0.025472,0.393185112498269
0.043876,0.39970988772993
0.062492,0.405668836110014
0.081293,0.411039837220443
0.10025,0.41580136667343
0.11932,0.419922834408944
0.13848,0.423382175415849
0.1577,0.426159842129178
0.17694,0.428231685377861
0.19617,0.429578125383984
0.21535,0.430176631760402
0.23444,0.430003133900591
0.2534,0.429033193720857
0.27221,0.42725775636714
0.29082,0.42465847388425
0.30919,0.421217637404927
0.32729,0.416926156576227
0.34508,0.411774977412964
0.36252,0.405755556952462
0.37957,0.39886022243777
0.3962,0.391089827237061
0.41237,0.382444903643483
0.42806,0.372940722697188
0.44322,0.362582059397978
0.45782,0.351380086533944
0.47183,0.339351011582773
0.48522,0.326514835958546
0.49797,0.312901637653674
0.51004,0.298534166633526
0.5214,0.283436166289039
0.53204,0.267646423983509
0.54193,0.251200106554566
0.55104,0.234128577506372
0.55936,0.216474107587763
0.56685,0.198264442950969
0.57351,0.179544429610106
0.57931,0.160349263995609
0.58424,0.14072014378295
0.58827,0.120687113785305
0.5914,0.100292487199408
0.59361,0.0795724076609585
0.59489,0.0585643218573376
0.59524,0.0373129502936321
0.59463,0.0158453121414915
0.59307,-0.00579719419966313
0.59055,-0.0275776957071654
0.58708,-0.0494493829664208
0.58264,-0.0713811054015026
0.57724,-0.0933332356408342
0.57088,-0.115268033697766
0.56358,-0.137135764212914
0.55533,-0.158900805200028
0.54616,-0.180510564818364
0.53607,-0.20192265112787
0.52507,-0.223096932923167
0.5132,-0.243974304744775
0.50046,-0.264511837379537
0.48689,-0.284651532433569
0.4725,-0.304347317862341
0.45733,-0.323542130976783
0.44141,-0.342179329010168
0.42477,-0.360204487001062
0.40744,-0.377566807818864
0.38947,-0.394205386430737
0.3709,-0.410060595115794
0.35177,-0.425075839923888
0.33211,-0.439206314639743
0.31198,-0.452396184136627
0.29142,-0.464597465989029
0.27048,-0.475762861035571
0.24921,-0.485847362829275
0.22765,-0.49481689698491
0.20584,-0.5026476147521
0.18385,-0.509302871352399
0.16171,-0.514766761887218
0.13947,-0.519026231173937
0.11717,-0.522078766663726
0.094862,-0.523922036462153
0.072589,-0.524561041940169
0.05039,-0.524009969258212
0.028307,-0.522288243217924
0.0063783,-0.519422137022048
-0.015358,-0.515443269414049
-0.036866,-0.510388697320651
-0.058111,-0.504300070128076
-0.079059,-0.497222417113425
-0.099679,-0.489204739581035
-0.11994,-0.480298121598551
-0.13982,-0.470560765779869
-0.15928,-0.460042592621784
-0.1783,-0.448799619397198
-0.19686,-0.436891295111123
-0.21494,-0.424378228221735
-0.23251,-0.411312887328554
-0.24955,-0.397747063842211
-0.26605,-0.383737867173814
-0.28199,-0.369337600245487
-0.29736,-0.354600487808911
-0.31214,-0.339573228067044
-0.32633,-0.324309735873955
-0.33991,-0.308853233427639
-0.35288,-0.293251657690685
-0.36522,-0.2775403522332
-0.37695,-0.261772808601627
-0.38805,-0.245985798860871
-0.39853,-0.230223470211526
-0.40838,-0.214519579163247
-0.41761,-0.198913020859069
-0.42623,-0.183445417399262
-0.43424,-0.168151709866174
-0.44165,-0.153067535207486
-0.44847,-0.138227753979987
-0.45471,-0.123665284856102
-0.46038,-0.109410214910877
-0.4655,-0.0954965532212247
-0.47008,-0.0819527846552014
-0.47413,-0.0688017963282166
-0.47766,-0.056060960413422
-0.48071,-0.0437645398700801
-0.48328,-0.0319295532319485
-0.48539,-0.0205730898041118
-0.48706,-0.00971147063897489
-0.4883,0.000647792568841972
-0.48914,0.0104900522282122
-0.48959,0.0198104279239016
-0.48967,0.0286049753889084
-0.4894,0.0368709295044154
-0.48879,0.0446142492267819
-0.48787,0.051833268604485
-0.48664,0.0585426789314888
-0.48512,0.0647554383711993
-0.48332,0.070490408514087
-0.48127,0.0757561394888607
-0.47897,0.0805750203837258
-0.47644,0.0849653834511492
-0.47368,0.0889567523148089
-0.47071,0.0925722338464585
-0.46753,0.0958440523372651
-0.46416,0.0987962214720496
-0.46059,0.101467747165717
-0.45684,0.103886540339657
-0.45291,0.106085633285732
-0.44879,0.108108695397667
-0.4445,0.10998460130527
-0.44003,0.111751663809803
-0.43538,0.113447311624235
-0.43054,0.115114570420542
-0.42552,0.116784931030828
-0.4203,0.11850179705604
-0.41488,0.120302076331444
-0.40924,0.122231083143512
-0.40339,0.124317330358911
-0.3973,0.126604400153818
-0.39097,0.129124454191866
-0.38439,0.131906751485801
-0.37753,0.134991969529433
-0.37038,0.138413865902353
-0.36293,0.142199460294755
-0.35517,0.146369337576997
-0.34707,0.150952843975337
-0.33862,0.155970527193219
-0.32981,0.161435002220593
-0.32061,0.167366642499707
-0.31101,0.173776449527405
-0.301,0.180667285484281
-0.29057,0.188035075754241
-0.27968,0.195892159098779
-0.26834,0.204226535598816
-0.25652,0.213036227820824
-0.24422,0.222304952990349
-0.23143,0.232012488402215
-0.21812,0.242150542319265
-0.20429,0.252698288344637
-0.18994,0.263625179036379
-0.17505,0.274908271387455
-0.15962,0.2865164388891
-0.14365,0.298412677697668
-0.12713,0.310563535658475
-0.11007,0.322924460559117
-0.092462,0.33545641121623
-0.074315,0.348113245361803
-0.055636,0.360845820721393
-0.03643,0.373605404079065
-0.01671,0.386339043062013
0.0035131,0.398993444584398
0.024222,0.411511851170642
0.0454,0.423836818905669
0.067028,0.435910283715353
0.089084,0.447673290216406
0.11154,0.459063530241864
0.13438,0.470026785630641
0.15756,0.480496383993106
0.18107,0.490422842445393
0.20485,0.499735209722784
0.22888,0.508377047517166
0.25311,0.516283299112407
0.27751,0.523398875046555
0.30203,0.529663808486109
0.32662,0.535016225612543
0.35123,0.539394798044075
0.37581,0.542740719718261
0.4003,0.54499185343011
0.42465,0.546092903883858
0.4488,0.545988661162411
0.47268,0.544618562993898
0.49625,0.541942042103254
0.51943,0.537906678331817
0.54216,0.532467216657135
0.56438,0.525585914811833
0.58603,0.517232636928048
0.60704,0.507377335628014
0.62735,0.495998774044302
0.6469,0.483083922059908
0.66562,0.468619850203456
0.68346,0.452609364016136
0.70036,0.435060992485895
0.71626,0.415988145475334
0.73111,0.395415672664502
0.74486,0.373377426908045
0.75745,0.349906634912344
0.76884,0.325050295799987
0.77899,0.298865595727858
0.78785,0.271409315836151
0.79539,0.242751440657057
0.80156,0.212956144926683
0.80635,0.182110942532033
0.80971,0.150290353432522
0.81162,0.117578669490131
0.81207,0.0840731971497619
0.81102,0.0498568991839007
0.80847,0.0150284255477422
0.80439,-0.0203259206153285
0.79879,-0.0561027367464999
0.79166,-0.0922026563691269
0.78299,-0.128532535028867
0.77278,-0.1649997137484
0.76105,-0.201500031480192
0.74781,-0.237930681823307
0.73305,-0.274207977960418
0.71682,-0.310222054032921
0.69911,-0.3458898163798
0.67997,-0.381108204833895
0.65943,-0.41577623680054
0.6375,-0.449812741793538
0.61423,-0.483125804813499
0.58967,-0.515618019253424
0.56385,-0.547205663092939
0.53682,-0.577804239926097
0.50863,-0.607331657236474
0.47934,-0.635703336870375
0.44899,-0.662850536210396
0.41766,-0.688690337650627
0.3854,-0.71315360139504
0.35227,-0.736177555535153
0.31833,-0.757707065151977
0.28367,-0.777673262120478
0.24834,-0.796028434244098
0.21242,-0.81272181824074
0.17598,-0.827709747330755
0.1391,-0.84094883522674
0.10185,-0.852405251294278
0.064302,-0.862053057540627
0.026542,-0.869863770206438
-0.011353,-0.875814994720612
-0.049308,-0.879892022486766
-0.087242,-0.882082978198546
-0.12508,-0.882383682093107
-0.16273,-0.880784325041919
-0.20013,-0.877293601617099
-0.23719,-0.871914753593187
-0.27384,-0.864661870799114
-0.31,-0.85555052078967
-0.34559,-0.844597517272714
-0.38054,-0.831828055516121
-0.41477,-0.817266416013638
-0.44822,-0.800950646067329
-0.48081,-0.782914413875063
-0.51247,-0.763194642016473
-0.54314,-0.741837530179863
-0.57275,-0.718888339581577
-0.60123,-0.694390536352968
-0.62852,-0.668392496783494
-0.65457,-0.64095274717581
-0.67932,-0.612129099457977
-0.70271,-0.581977268361358
-0.72469,-0.550557161544238
-0.74522,-0.517937803987495
-0.76424,-0.484178848488263
-0.78171,-0.449345458536479
-0.7976,-0.413512727966597
-0.81186,-0.376746769297032
-0.82446,-0.339119250096217
-0.83538,-0.300711534821944
-0.84459,-0.261602955250158
-0.85205,-0.221861372587109
-0.85776,-0.181572808100254
-0.8617,-0.140820454405929
-0.86386,-0.0996899978275629
-0.86423,-0.0582664132251028
-0.8628,-0.0166313672563467
-0.85959,0.0251166284252603
-0.8546,0.0668834095647168
-0.84783,0.108581362577396
-0.8393,0.150116276208594
-0.82902,0.191399130057737
-0.81703,0.232325897728175
-0.80335,0.27279865598184
-0.78802,0.31271287727247
-0.77105,0.351984371646696
-0.75251,0.390503938593958
-0.73243,0.428175441699431
-0.71085,0.464909194938146
-0.68784,0.500601701620713
-0.66345,0.535156671587233
-0.63774,0.568479599444625
-0.61077,0.600480766856598
-0.5826,0.631077555383312
-0.55332,0.660173948784915
-0.52299,0.687688736736735
-0.49169,0.713540890078134
-0.45949,0.73765997000251
-0.42648,0.759972057008743
-0.39274,0.780410684744726
-0.35836,0.798910659785631
-0.32343,0.815410436833143
-0.28802,0.829868724129455
-0.25223,0.84224035862613
-0.21616,0.852479130946641
-0.17989,0.860554852454332
-0.14352,0.866437094013491
-0.10713,0.870111650034324
-0.070826,0.871559337842274
-0.034692,0.870774507379505
0.0011789,0.867756571614178
0.036697,0.862512261327
0.071773,0.855054993502774
0.10632,0.845405626526401
0.14026,0.8335976407617
0.1735,0.819663264782107
0.20597,0.803650378913842
0.23758,0.785603876864023
0.26827,0.765587647821167
0.29797,0.743672164262124
0.3266,0.719924251329713
0.35411,0.694428451573691
0.38043,0.667266743598301
0.40552,0.638539182482509
0.42931,0.608335624953374
0.45177,0.576764909665163
0.47284,0.543926043313399
0.49249,0.509929542655492
0.5107,0.474899481559838
0.52741,0.438937750515659
0.54262,0.402169712706652
0.55629,0.364706370394008
0.56842,0.326673358897833
0.57898,0.288182103284189
0.58798,0.249358659019874
0.59541,0.210322151248154
0.60126,0.171182321219962
0.60554,0.132052529019875
0.60827,0.0930527069792089
0.60946,0.0542967501735792
0.60912,0.0158898691559475
0.60728,-0.0220585646061617
0.60397,-0.059439589371273
0.59922,-0.0961483447060552
0.59306,-0.132086964206319
0.58553,-0.167159351798926
0.57668,-0.201266938609684
0.56655,-0.234320125901877
0.5552,-0.266225095199108
0.54268,-0.296895479991344
0.52905,-0.326246790100956
0.51436,-0.354206666889846
0.49868,-0.380700647517612
0.48207,-0.405662928249633
0.4646,-0.42903001216059
0.44634,-0.450742914451181
0.42736,-0.470748807164362
0.40773,-0.489002170170915
0.38752,-0.505465512831817
0.36681,-0.520102329683593
0.34566,-0.532893559562902
0.32414,-0.543828187843586
0.30233,-0.552895433954119
0.28031,-0.560085798203387
0.25813,-0.565414017495624
0.23587,-0.568892529683791
0.2136,-0.570539685384828
0.19138,-0.570386157828459
0.16928,-0.568464949641906
0.14735,-0.564825415036438
0.12567,-0.559507100917152
0.10429,-0.552563230523588
0.083263,-0.54405480917329
0.062649,-0.534042660887422
0.042497,-0.522594264515904
0.022857,-0.50978015383415
0.0037791,-0.495671542719088
-0.014695,-0.480344618797532
-0.032522,-0.463876421199288
-0.049663,-0.446345877393766
-0.066083,-0.427834164479764
-0.081747,-0.408422004878788
-0.096626,-0.388191884673478
-0.1107,-0.367231967455502
-0.12393,-0.345618346983625
-0.1363,-0.32343206945881
-0.14781,-0.300767508678234
-0.15842,-0.277697323000461
-0.16814,-0.254311296232697
-0.17695,-0.230687994926235
-0.18486,-0.206916566695563
-0.19185,-0.183069626354204
-0.19793,-0.159226177082322
-0.2031,-0.135460307763154
-0.20738,-0.11185438490039
-0.21077,-0.0884798706441579
-0.21328,-0.0654043133748436
-0.21494,-0.0427044613758644
-0.21576,-0.0204470047486779
-0.21577,0.00129711000683481
-0.21498,0.0224708497452798
-0.21342,0.0430158041806369
-0.21113,0.0628672963916417
-0.20813,0.0819727850422599
-0.20446,0.100276798656351
-0.20015,0.117731057502273
-0.19524,0.134287647455636
-0.18978,0.149893500618216
-0.18379,0.164515654407127
-0.17733,0.178109313321914
-0.17043,0.190644176304703
-0.16315,0.202080886847121
-0.15553,0.212389252406211
-0.14761,0.221547883956826
-0.13944,0.229536272819766
-0.13108,0.236328360002934
-0.12257,0.241909658142578
-0.11395,0.246275943575612
-0.10529,0.249409731311232
-0.096619,0.251314139836643
-0.087993,0.251989335504507
-0.079458,0.251440967930069
-0.071062,0.249677918640274
-0.06285,0.24671407231449
-0.054865,0.242568845405854
-0.047152,0.237264479943809
-0.039751,0.230828933257303
-0.032701,0.2232950667411
-0.026041,0.214699090951532
-0.019804,0.205083626586827
-0.014025,0.194494051506752
-0.0087312,0.182982695117239
-0.003953,0.170603863742137
0.00028623,0.157417305415326
0.0039637,0.143486048941232
0.0070587,0.128875644678317
0.0095575,0.113657068310378
0.011443,0.0979012234198614
0.012707,0.0816835442553464
0.01334,0.0650800011065269
0.013338,0.048168854586729
0.012699,0.0310293799444768
0.011423,0.013740772555401
0.0095165,-0.00361544297110451
0.0069848,-0.0209592630493998
0.0038402,-0.0382092395076967
9.4501e-05,-0.0552857069781758
-0.0042361,-0.0721097492864408
-0.0091325,-0.0886034791632871
-0.014574,-0.104691232900334
-0.020536,-0.120298795762233
-0.026994,-0.135355721814461
-0.033918,-0.149792984031182
-0.041279,-0.163545867657211
-0.049044,-0.17655250610128
-0.057179,-0.188754856934953
-0.065649,-0.200099396896778
-0.074416,-0.210536090544168
-0.083442,-0.220019688565422
-0.092686,-0.228508429138526
-0.10211,-0.235967333807562
-0.11167,-0.242364024259819
-0.12132,-0.247668229531381
-0.13102,-0.251857235229831
-0.14073,-0.254915628542363
-0.15039,-0.256820093093788
-0.15998,-0.257571711452775
-0.16943,-0.257154783695153
-0.17871,-0.255570608722839
-0.18778,-0.252827262268647
-0.19659,-0.248931162832401
-0.20509,-0.243887675464342
-0.21325,-0.237716381723321
-0.22102,-0.230433406817462
-0.22837,-0.222066818790434
-0.23525,-0.212639110252098
-0.24164,-0.202190169386149
-0.24748,-0.190743533540979
-0.25276,-0.178346139479543
-0.25742,-0.16502575542172
-0.26146,-0.150838491173246
-0.26483,-0.135824963931173
-0.2675,-0.120027105114344
-0.26945,-0.103494228539242
-0.27066,-0.0862803059739862
-0.27111,-0.0684416216013466
-0.27076,-0.0500199905164406
-0.26962,-0.0310813407080367
-0.26765,-0.011672196282214
-0.26486,0.00814096104296348
-0.26122,0.0283070821186021
-0.25673,0.0487669303754982
-0.25139,0.069456475478769
-0.2452,0.0903097704283623
-0.23815,0.111268743772192
-0.23026,0.132261333261889
-0.22152,0.153228624329856
-0.21196,0.17409463286474
-0.20157,0.194801586237815
-0.19038,0.215278742854331
-0.17841,0.235454599570599
-0.16568,0.255259366657602
-0.15221,0.274626942729553
-0.13803,0.293489037963183
-0.12318,0.311770509453969
-0.10768,0.3294079804474
-0.091561,0.346341637313075
-0.074875,0.362501148395941
-0.057654,0.377824915341579
-0.03994,0.392253185028085
-0.021778,0.405727641845243
-0.0032133,0.418193045032596
0.015709,0.429598844219626
0.034941,0.439898146120848
0.054432,0.449046788244492
0.074132,0.457005107457568
0.093989,0.463737247269656
0.11395,0.469211233670436
0.13396,0.473398185890472
0.15397,0.476277505436426
0.17392,0.477828257396137
0.19375,0.478030348983378
0.21342,0.476880229733157
0.23287,0.474373519378462
0.25204,0.470505797116301
0.27088,0.465280602263248
0.28933,0.458700857321714
0.30734,0.450776735555974
0.32485,0.44151699208456
0.34182,0.430944173696209
0.35819,0.419076908229548
0.37391,0.405937887214086
0.38893,0.391552760734674
0.4032,0.375949137747212
0.41669,0.359170491627646
0.42934,0.341249947452752
0.44112,0.322233762077573
0.45198,0.30216288868899
0.4619,0.281095203610326
0.47083,0.259078570700514
0.47874,0.236166331948829
0.48562,0.212429611954271
0.49143,0.187929766982818
0.49615,0.162733371078304
0.49976,0.136909321322938
0.50225,0.110533806181735
0.50361,0.083686690713412
0.50383,0.0564484714553994
0.50289,0.0288903653084636
0.50082,0.00111089784345721
0.49759,-0.0268167017542536
0.49322,-0.0548049276061362
0.48773,-0.0827574913217874
0.48111,-0.110596190662561
0.4734,-0.138222968881919
0.4646,-0.165556447139373
0.45474,-0.192509194694869
0.44385,-0.218991787100098
0.43195,-0.24492354623212
0.41908,-0.27021880958809
0.40527,-0.294798203493549
0.39056,-0.318582792563555
0.37499,-0.341496767860721
0.35859,-0.363476944951241
0.34142,-0.384450522522383
0.32352,-0.404354388913513
0.30494,-0.423128245260284
0.28571,-0.440731188732583
0.26591,-0.457102804487107
0.24556,-0.472213658258965
0.22474,-0.486016427406254
0.20349,-0.498480926370328
0.18185,-0.509592291600825
0.1599,-0.519319528302084
0.13768,-0.527649713849835
0.11525,-0.534570692949313
0.092652,-0.540085197753358
0.069955,-0.544188531183656
0.047207,-0.546886237785478
0.024461,-0.548188814028114
0.0017714,-0.548109948020595
-0.02081,-0.546667938382979
-0.043235,-0.543887419917132
-0.065454,-0.539796854840287
-0.087417,-0.534427110938154
-0.10908,-0.527814944251664
-0.1304,-0.52000191476177
-0.15133,-0.511029648477156
-0.17183,-0.500944107729481
-0.19186,-0.489793699645896
-0.21138,-0.47762764628887
-0.23037,-0.46450940219313
-0.24879,-0.450497479645834
-0.2666,-0.435644869071565
-0.28378,-0.420013456249796
-0.30031,-0.403670584483904
-0.31616,-0.38667871383448
-0.33132,-0.369109361384732
-0.34576,-0.351024479424211
-0.35946,-0.332483842125115
-0.37243,-0.313565812116288
-0.38464,-0.294331802066225
-0.39608,-0.274842412026434
-0.40676,-0.255170421317343
-0.41667,-0.235381344059661
-0.4258,-0.215532712077644
-0.43416,-0.195688464915428
-0.44174,-0.175900778641934
-0.44856,-0.156232689847746
-0.45463,-0.136746454863726
-0.45994,-0.117486781535027
-0.46451,-0.0985047268801619
-0.46836,-0.0798545983177334
-0.47149,-0.0615765817796612
-0.47393,-0.0437200788064319
-0.47569,-0.026325295447636
-0.47679,-0.00943083179147226
-0.47725,0.00692755751326565
-0.47709,0.0227178836538029
-0.47632,0.0379199609711453
-0.47498,0.052501988311357
-0.47308,0.0664463353438819
-0.47066,0.0797255661031049
-0.46772,0.0923351306978143
-0.46429,0.10426733971569
-0.4604,0.115512643003839
-0.45606,0.126075472556309
-0.45131,0.13594964851689
-0.44615,0.145150581237507
-0.44062,0.153681474363351
-0.43473,0.16155814840919
-0.4285,0.168799106852819
-0.42195,0.175424832968599
-0.4151,0.181457139047262
-0.40795,0.186933370501457
-0.40053,0.191880444372421
-0.39285,0.196331138476514
-0.38492,0.200322237716416
-0.37675,0.20389290816696
-0.36836,0.207075894627221
-0.35974,0.209920142376664
-0.35091,0.212464206275675
-0.34187,0.214752037285002
-0.33263,0.216823341872189
-0.32318,0.218728083626417
-0.31354,0.22050089782586
-0.30369,0.222192611284114
-0.29365,0.223836032949749
-0.2834,0.225477994826187
-0.27295,0.22715301771146
-0.26228,0.228906766735519
-0.25139,0.230777670025689
-0.24028,0.232797067367939
-0.22894,0.234996887283292
-0.21735,0.237415810783847
-0.20552,0.240074475175813
-0.19342,0.243007717643573
-0.18104,0.246245816449294
-0.16839,0.249799488198745
-0.15544,0.253692665055294
-0.14218,0.25794419881999
-0.1286,0.262568049347597
-0.1147,0.267566163771849
-0.10047,0.272937839893951
-0.085889,0.278688092090095
-0.070958,0.284809859504182
-0.055669,0.291292919944104
-0.040018,0.298121552873284
-0.024003,0.305274296857403
-0.0076205,0.312726512382327
0.0091242,0.320444935765825
0.026229,0.328392413331787
0.043689,0.336527408380235
0.061494,0.344801900780105
0.079633,0.353163222678597
0.098094,0.361555545548404
0.11686,0.369918240420194
0.13592,0.378192856477896
0.15524,0.386307280322921
0.1748,0.394190723415236
0.19458,0.401775452803402
0.21455,0.40899075900635
0.23468,0.415765608117863
0.25495,0.422038223046564
0.2753,0.427726622369518
0.29572,0.432771991776403
0.31617,0.437113909318395
0.33659,0.440677849552888
0.35697,0.443417265854614
0.37725,0.445272852537881
0.39739,0.446191835458076
0.41736,0.44613596408313
0.4371,0.445058010885387
0.45657,0.442920046004442
0.47573,0.439693134167041
0.49453,0.435349467905256
0.51293,0.429870786053723
0.53087,0.423232712977553
0.54832,0.415429261959465
0.56522,0.406447719259535
0.58153,0.396285539553646
0.59721,0.384948886688757
0.6122,0.372436421140761
0.62647,0.358763378808132
0.63996,0.343936145444755
0.65264,0.327976343148596
0.66445,0.310895441021414
0.67537,0.292726299496748
0.68533,0.273481444314556
0.69431,0.253193889783464
0.70227,0.231897707422797
0.70916,0.209619708847172
0.71494,0.186387679558924
0.71959,0.162244353839094
0.72306,0.137221288421496
0.72533,0.111362440852104
0.72637,0.0847132377571171
0.72614,0.0573116992827189
0.72462,0.0292036290556278
0.72179,0.000439836255140443
0.71764,-0.0289188556109959
0.71213,-0.0588274431354576
0.70527,-0.0892180214204487
0.69704,-0.120028362624467
0.68743,-0.151195243213671
0.67644,-0.182649128938385
0.66408,-0.214310079821322
0.65034,-0.246106934189613
0.63524,-0.277955598415679
0.61879,-0.309771500485582
0.60101,-0.341464875821993
0.58192,-0.372944533662273
0.56154,-0.404120965708746
0.53992,-0.434886654187844
0.51707,-0.465152470565721
0.49305,-0.494810009694665
0.46789,-0.523760936627571
0.44165,-0.551896032124143
0.41437,-0.579115603345407
0.38611,-0.605316137757908
0.35692,-0.630401870138672
0.32687,-0.654271745545383
0.29602,-0.676831262796162
0.26444,-0.697987081040973
0.2322,-0.717650062313876
0.19937,-0.735737633681659
0.16602,-0.752175539556939
0.13223,-0.766891655771576
0.09807,-0.779825746720094
0.063625,-0.790918532783744
0.028969,-0.80012208015973
-0.0058188,-0.807395891031112
-0.040661,-0.812708727057784
-0.075478,-0.81603686291174
-0.11019,-0.817363939648214
-0.14473,-0.816690243588148
-0.17901,-0.814014724663477
-0.21296,-0.809349342095576
-0.24652,-0.802724331043922
-0.27959,-0.794154950734159
-0.31213,-0.783688975316176
-0.34405,-0.771362719050619
-0.3753,-0.757232402230951
-0.40581,-0.74135447610322
-0.43553,-0.723799287094947
-0.4644,-0.704639477750905
-0.49236,-0.683947908136388
-0.51935,-0.661795899687579
-0.54535,-0.638281378860456
-0.57029,-0.613484250998589
-0.59414,-0.587497396193701
-0.61686,-0.560414264093202
-0.6384,-0.532318800797235
-0.65875,-0.503314491766058
-0.67786,-0.473488041885682
-0.6957,-0.442924855081619
-0.71226,-0.411721485643157
-0.72751,-0.379965762702974
-0.74143,-0.347743141229477
-0.754,-0.315134438850194
-0.76521,-0.282221491543767
-0.77505,-0.249084260281625
-0.78349,-0.215783725890545
-0.79055,-0.182400338468405
-0.79621,-0.148997926025238
-0.80048,-0.1156467989348
-0.80334,-0.0823978080395527
-0.8048,-0.0493063037671198
-0.80488,-0.0164365356496991
-0.80356,0.0161720045053496
-0.80088,0.0484571108594923
-0.79683,0.0803775422738601
-0.79143,0.111888507995139
-0.7847,0.142944189398852
-0.77666,0.173499782817401
-0.76732,0.203520507396618
-0.75672,0.232959013814348
-0.74488,0.261774466086948
-0.73182,0.28993294810387
-0.71759,0.317385417792195
-0.7022,0.344102087993273
-0.6857,0.370040461302137
-0.66812,0.395164264302797
-0.6495,0.419436343847566
-0.62989,0.442812955789383
-0.60931,0.465268906876601
-0.58782,0.486765563457297
-0.56546,0.507269781795525
-0.54228,0.526746819137585
-0.51831,0.545176846870843
-0.49361,0.562530889171828
-0.46824,0.57877383968649
-0.44222,0.593896619114146
-0.41562,0.607874854996772
-0.38848,0.620695131691557
-0.36086,0.632338861286504
-0.33281,0.642791592011068
-0.30437,0.6520503885807
-0.27559,0.660114682931478
-0.24654,0.666971423361882
-0.21726,0.672620378946511
-0.1878,0.677064600646779
-0.15821,0.680310033401221
-0.12855,0.682357709269767
-0.098864,0.683216786943564
-0.069207,0.682894860553782
-0.03963,0.681401263574508
-0.010182,0.678748184381115
0.019084,0.674947033505203
0.048118,0.670010691361424
0.07687,0.66395304158753
0.10529,0.656788549441059
0.13333,0.648533366903945
0.16094,0.639203202683646
0.18808,0.628820475255767
0.2147,0.61740509677572
0.24075,0.604974486909036
0.26619,0.59155102304269
0.29098,0.577160506674892
0.31508,0.561830826872656
0.33845,0.545590812839114
0.36105,0.528469266008055
0.38285,0.510501558814039
0.40381,0.491719974809063
0.4239,0.472160776646234
0.44309,0.451862384524399
0.46136,0.430871233851539
0.47868,0.409231480782283
0.49503,0.386991535576012
0.51039,0.36420179934315
0.52475,0.340920165572853
0.53808,0.317194049425072
0.55038,0.293083128442594
0.56163,0.268640349917349
0.57183,0.243926362127237
0.58097,0.218998734792876
0.58905,0.19391812259329
0.59607,0.168745734433338
0.60202,0.143533861145366
0.60691,0.118340635327067
0.61074,0.0932195701549632
0.61352,0.0682260264234374
0.61526,0.0434149667854832
0.61596,0.0188317469949141
0.61564,-0.00547288424767964
0.61431,-0.0294530313825049
0.61197,-0.0530757916561271
0.60865,-0.0762979048120065
0.60437,-0.0990767803548154
0.59913,-0.121386758625682
0.59295,-0.143202203224477
0.58587,-0.164483867874174
0.57788,-0.185220016904419
0.56902,-0.205384892065988
0.55931,-0.224957363888304
0.54877,-0.243921030842247
0.53743,-0.262256771056886
0.5253,-0.279958985011494
0.51242,-0.297011343465296
0.49882,-0.313397082108546
0.48451,-0.329114685387037
0.46953,-0.344153144680184
0.4539,-0.358509226998276
0.43767,-0.37216418725192
0.42086,-0.385109755926071
0.40349,-0.397346613620225
0.38562,-0.408853339120519
0.36726,-0.419628497438066
0.34846,-0.429657467350976
0.32925,-0.438930416089516
0.30967,-0.44743445908358
0.28976,-0.455154808848244
0.26956,-0.462075740374886
0.2491,-0.468188785754739
0.22843,-0.473476961431172
0.2076,-0.477917059356835
0.18664,-0.481496438023565
0.16559,-0.484204100260283
0.14451,-0.486016065800253
0.12342,-0.486928287877064
0.10239,-0.486916103206034
0.081439,-0.485976783400272
0.060624,-0.484097436274092
0.039985,-0.481270078659672
0.019563,-0.477490336319829
-0.00059985,-0.472756191646915
-0.020463,-0.467068942648886
-0.039988,-0.460434253463267
-0.059135,-0.452860291732787
-0.077867,-0.44435929546259
-0.096148,-0.434947349822774
-0.11394,-0.424641874560717
-0.13122,-0.413472122501008
-0.14794,-0.40145773362145
-0.16409,-0.388638273172296
-0.17962,-0.375038811866036
-0.19451,-0.360694306959803
-0.20874,-0.345646781754121
-0.22228,-0.329935456699309
-0.23512,-0.313611030515627
-0.24722,-0.296709884654031
-0.25857,-0.279278007462391
-0.26916,-0.261367812778621
-0.27897,-0.243027996395779
-0.28798,-0.224302823023023
-0.29619,-0.205246428585601
-0.30358,-0.185904486578795
-0.31015,-0.166329212614526
-0.31588,-0.146561678838422
-0.32078,-0.126654808319888
-0.32484,-0.106654604691009
-0.32807,-0.0866147748006875
-0.33046,-0.0665787126401858
-0.33201,-0.0465874149751046
-0.33273,-0.0266859051199181
-0.33262,-0.00691350704817959
-0.3317,0.0126816637822131
-0.32996,0.0320682366901795
-0.32743,0.0511999699205724
-0.32411,0.0700424308489044
-0.32002,0.0885572144347979
-0.31518,0.106704123726241
-0.3096,0.124450368091375
-0.30329,0.141770396192143
-0.29629,0.15862338801582
-0.28862,0.174972477482018
-0.28029,0.190792742671371
-0.27133,0.206055157873969
-0.26176,0.220735952666827
-0.25163,0.234794423007627
-0.24094,0.248214645308629
-0.22973,0.260971893064849
-0.21803,0.273042777765969
-0.20587,0.284405976473431
-0.19327,0.295050156998463
-0.18028,0.304950516231341
-0.16693,0.314087183490336
-0.15324,0.322452518411784
-0.13926,0.330027091221218
-0.12501,0.336804993140433
-0.11053,0.342776894259514
-0.095859,0.347931999323605
-0.081032,0.352261862528477
-0.066085,0.355759691294405
-0.051057,0.358418252333598
-0.035983,0.360233360424904
-0.020903,0.361199943175499
-0.0058563,0.361313095585311
0.0091188,0.360569134300612
0.023985,0.358966405020512
0.0387,0.35650143252503
0.053225,0.353172139322014
0.067523,0.348979135489406
0.081553,0.343922390420211
0.095275,0.338002254236818
0.10865,0.331220259763177
0.12165,0.32358712699409
0.13422,0.315100863331843
0.14634,0.305775283989333
0.15797,0.295621902326463
0.16907,0.284650178093269
0.17962,0.272882546567386
0.18959,0.260344000532672
0.19894,0.247053614583943
0.20766,0.233047429783715
0.21571,0.218352066559645
0.22308,0.2030080591049
0.22975,0.187058696851367
0.2357,0.17054833762488
0.24092,0.153528388656389
0.24538,0.136039727109582
0.24909,0.118143150434044
0.25203,0.0998916068588731
0.2542,0.0813449726493903
0.2556,0.0625669585875523
0.25621,0.0436076957997327
0.25604,0.0245269951226407
0.2551,0.00539062950649952
0.25338,-0.013747627427723
0.25089,-0.0328306148054343
0.24765,-0.0517928915420656
0.24365,-0.070586607894092
0.23892,-0.0891501542240225
0.23346,-0.107435040631593
0.2273,-0.125382857436618
0.22044,-0.142951355926619
0.21291,-0.160090687230359
0.20472,-0.176761440510114
0.19591,-0.192911932451146
0.18648,-0.208511997389773
0.17647,-0.223520501535494
0.1659,-0.23790382279338
0.15479,-0.251635752857555
0.14317,-0.264689832569114
0.13107,-0.277040568719576
0.11851,-0.288671774887549
0.10553,-0.299560855627558
0.092154,-0.309692917140438
0.078409,-0.319057874262495
0.064325,-0.327647984678037
0.049933,-0.335457263227892
0.035264,-0.342481684032883
0.020349,-0.348719272419505
0.00522,-0.354169365959628
-0.010091,-0.35883270366406
-0.025553,-0.362712180431082
-0.041134,-0.36581189997275
-0.056798,-0.368134140234625
-0.072517,-0.369685808703026
-0.088254,-0.370470932902313
-0.10398,-0.370497237059223
-0.11966,-0.369770973660917
-0.13526,-0.36829795543988
-0.15076,-0.366093997243216
-0.1661,-0.363153118051051
-0.18128,-0.359496417579219
-0.19624,-0.355122003536562
-0.21097,-0.350046575776979
-0.22542,-0.344271878411262
-0.23958,-0.337817209286479
-0.2534,-0.330685985926463
-0.26686,-0.322890970331766
-0.27991,-0.314429963300773
-0.29255,-0.305325764069777
-0.30473,-0.295583766846947
-0.31643,-0.285217397031558
-0.32761,-0.274231406461471
-0.33826,-0.262645610030661
-0.34834,-0.25046924622533
-0.35783,-0.237717559674042
-0.3667,-0.224402810556952
-0.37493,-0.210541892558184
-0.38249,-0.196147552748948
-0.38936,-0.181236206764281
-0.39553,-0.165834137769589
-0.40097,-0.149960047088144
-0.40566,-0.133633362212426
-0.40958,-0.116873502321484
-0.41272,-0.0997066759401422
-0.41506,-0.0821563864872819
-0.41659,-0.0642506337828275
-0.4173,-0.0460201960405838
-0.41718,-0.0274971652497735
-0.41621,-0.00870632227707386
-0.41439,0.0103194537056394
-0.41172,0.0295417756411363
-0.40819,0.0489263803731386
-0.4038,0.0684360081446404
-0.39855,0.0880321526239909
-0.39245,0.107669117609982
-0.38551,0.127296818072198
-0.37772,0.14687795895352
-0.36912,0.166349797413988
-0.3597,0.185667955547623
-0.34948,0.204782107215039
-0.33849,0.223631352289513
-0.32675,0.242155560991802
-0.31427,0.260304517343262
-0.3011,0.278008076580814
-0.28725,0.295211811990314
-0.27276,0.311853585453008
-0.25766,0.327874472291026
-0.24199,0.343212705071042
-0.22578,0.357813676909881
-0.20909,0.371608248839445
-0.19194,0.384547427443511
-0.17439,0.396570641343223
-0.15647,0.407632262353027
-0.13823,0.417685623732838
-0.11973,0.42667757089762
-0.101,0.434573820610225
-0.082105,0.441330844064267
-0.063083,0.44691930275703
-0.043985,0.451312982512427
-0.024864,0.454487928038768
-0.0057682,0.45642670374593
0.013255,0.457118689126543
0.032155,0.456557169006696
0.050886,0.454742786027687
0.069401,0.451681674304614
0.087654,0.447385416699103
0.1056,0.441870841454049
0.1232,0.435163391040801
0.14041,0.427291447402421
0.1572,0.418295700711312
0.17351,0.408203799041109
0.18933,0.397069379189618
0.20462,0.384943647467689
0.21934,0.371874687354337
0.23347,0.357921720307564
0.24699,0.343151478441285
0.25987,0.327627650778334
0.27209,0.311417197537059
0.28364,0.294595306373596
0.2945,0.277234339812476
0.30465,0.25940234788833
0.3141,0.241184122055362
0.32284,0.222660715911475
0.33085,0.203900389857447
0.33815,0.184988573360699
0.34472,0.165992364550902
0.35058,0.146991525995497
0.35573,0.128058727833958
0.36018,0.10926597008419
0.36395,0.0906897463844126
0.36703,0.0723854796974767
0.36945,0.0544192064694573
0.37123,0.036855841886854
0.37239,0.0197571426563984
0.37293,0.00316533587067542
0.3729,-0.0128578134236151
0.3723,-0.0282739822181154
0.37117,-0.043035759360671
0.36953,-0.0571050421754166
0.3674,-0.0704528245052453
0.36483,-0.0830365983379187
0.36183,-0.094834246686391
0.35844,-0.105819051024343
0.35468,-0.115976640884664
0.3506,-0.125281335029362
0.34622,-0.133721721087947
0.34157,-0.141291300703001
0.33669,-0.147980808529414
0.33161,-0.153786858165556
0.32636,-0.158711337878715
0.32098,-0.162753368336974
0.3155,-0.165917656233471
0.30996,-0.168206262305958
0.30437,-0.169641597240618
0.29878,-0.170232635742163
0.29322,-0.169992378453589
0.28771,-0.168944390623361
0.28227,-0.167120384987712
0.27695,-0.164535847125077
0.27175,-0.161229940982602
0.26671,-0.157230465964101
0.26184,-0.152577653944549
0.25717,-0.147306011608562
0.2527,-0.14146678705051
0.24846,-0.135101237554354
0.24445,-0.128263687165086
0.24068,-0.121010154463776
0.23718,-0.113381713458389
0.23392,-0.105450598895939
0.23093,-0.0972677812708475
0.2282,-0.0888951926263807
0.22574,-0.080386996738602
0.22353,-0.07181164834445
0.22158,-0.0632248976949529
0.21987,-0.0546927092131859
0.2184,-0.0462724577218394
0.21715,-0.0380275549787856
0.21611,-0.0300168677705794
0.21527,-0.0222936796388704
0.2146,-0.0149197671051019
0.21409,-0.0079469257503153
0.21371,-0.0014319076376586
0.21345,0.00458127011450644
0.21327,0.0100382865355221
0.21315,0.0148932026497214
0.21307,0.0191085196055267
0.21298,0.022632828246006
0.21286,0.0254275275836385
0.21269,0.0274658436444617
0.21241,0.0287021554572199
0.21201,0.0291143145436269
0.21144,0.0286705769139679
0.21068,0.0273549720705352
0.20968,0.0251429534218962
0.20841,0.0220189636561541
0.20683,0.0179681546737403
0.2049,0.0129770794083667
0.20261,0.0070563889061948
0.1999,0.000199323401199403
0.19674,-0.00759215066768766
0.19311,-0.0163013218336835
0.18896,-0.0259218635312959
0.18427,-0.0364334720544067
0.17901,-0.0478122055839681
0.17315,-0.0600315385032672
0.16666,-0.0730633121522583
0.15953,-0.086863782623874
0.15171,-0.10140718752288
0.14321,-0.116638411409722
0.13399,-0.132516984424323
0.12404,-0.148993029906043
0.11335,-0.166010353455784
0.1019,-0.183516523902665
0.089702,-0.20143987423323
0.076735,-0.219719571398749
0.063002,-0.238287454486449
0.048505,-0.257072121314428
0.033247,-0.276000861767918
0.017238,-0.294996851117488
0.00048738,-0.3139826682436
-0.01699,-0.332878672934807
-0.035178,-0.351604899933582
-0.054053,-0.370078044400828
-0.073594,-0.388216623656771
-0.093772,-0.405937270198753
-0.11456,-0.423159222790054
-0.13591,-0.439790896629932
-0.15781,-0.455761526101124
-0.1802,-0.470984035248975
-0.20306,-0.485390648130182
-0.22632,-0.498894544330172
-0.24995,-0.511426030714585
-0.27389,-0.522909494821422
-0.2981,-0.533281986098462
-0.32251,-0.542470895073955
-0.34709,-0.550427997734552
-0.37176,-0.557089708006187
-0.39647,-0.562404610075146
-0.42117,-0.566333142104693
-0.44578,-0.568824850205274
-0.47026,-0.569852099529048
-0.49453,-0.569377476278067
-0.51854,-0.567379529418879
-0.54222,-0.563836105464571
-0.56552,-0.558740505068971
-0.58836,-0.552077100803977
-0.61068,-0.543838866632507
-0.63244,-0.534041256092126
-0.65355,-0.522681012860777
-0.67397,-0.509777379286678
-0.69362,-0.495338122002899
-0.71247,-0.479398980822424
-0.73044,-0.461980743039787
-0.74749,-0.443121558920239
-0.76355,-0.422850716810439
-0.77858,-0.40121207151488
-0.79252,-0.378245525607565
-0.80532,-0.353994352593669
-0.81695,-0.328518364764475
-0.82735,-0.301867081638971
-0.83648,-0.274095303746341
-0.84431,-0.245268084205643
-0.85078,-0.215434846618219
-0.85588,-0.184668052339367
-0.85957,-0.153034564223272
-0.86182,-0.12060226097802
-0.8626,-0.0874378972238053
-0.86189,-0.0536127639362381
-0.85967,-0.0191997017232783
-0.85593,0.015721982579189
-0.85065,0.0510775464245925
-0.84381,0.0867982268937646
-0.83542,0.122800075529622
-0.82546,0.15901169491888
-0.81395,0.195344522921374
-0.80087,0.231728525385335
-0.78624,0.26808134485069
-0.77007,0.304320762029771
-0.75237,0.340367357296888
-0.73316,0.376139214058345
-0.71246,0.411555133067088
-0.6903,0.446529827496745
-0.66669,0.480992366277109
-0.64167,0.514863711498983
-0.61528,0.548061026656524
-0.58755,0.58050864988369
-0.55852,0.6121319778935
-0.52823,0.642859922119678
-0.49673,0.672619410815346
-0.46408,0.701331012838843
-0.43031,0.728935164267845
-0.39548,0.755368430821183
-0.35966,0.780559273118533
-0.3229,0.804447021727891
-0.28526,0.826974704196694
-0.2468,0.848090570573472
-0.20759,0.867741787717429
-0.16771,0.885869373348502
-0.12721,0.902433845067415
-0.086164,0.917395449326925
-0.044656,0.930708580657512
-0.002754,0.94233664233858
0.039465,0.952245286424177
0.081923,0.960402812476571
0.12454,0.966779662645479
0.16724,0.971352379039728
0.20995,0.974105880032062
0.25257,0.975012869449647
0.29504,0.974067083725101
0.33727,0.971257751623976
0.37917,0.966571292401586
0.42067,0.960007516452495
0.46169,0.951570128098697
0.50215,0.941266345214719
0.54197,0.929106470564586
0.58107,0.915103434040143
0.61937,0.899272322398777
0.6568,0.881637308693024
0.69329,0.862229577903926
0.72877,0.841085444316613
0.76316,0.818237267193229
0.7964,0.79372837716186
0.82843,0.767609994591652
0.85918,0.739931111581095
0.8886,0.710752540249466
0.91662,0.680128301991158
0.94321,0.648135139221122
0.9683,0.614836504239234
0.99186,0.580313003916928
1,0.534403116979593
1,0.474604156133661
1,0.405286814624611
1,0.330240215421705
1,0.252699761846251
1,0.175378927278786
1,0.100504261608751
1,0.0298528660381144
1,-0.0352084115893121
1,-0.0936827863352863
1,-0.144903036086042
1,-0.188491323951001
1,-0.224319911997252
1,-0.252473265276966
1,-0.273211971388516
1,-0.28693882572503
1,-0.294167358184524
1,-0.295493005170703
1,-0.291567062599546
1,-0.283073492434043
1,-0.270708597806645
1,-0.255163530611079
1,-0.237109550880375
1,-0.217185919446022
1,-0.195990274252763
0.98709,-0.183622246178647
0.963,-0.186757265550749
0.93735,-0.20330430959439
0.91015,-0.231256582667491
0.88146,-0.268673363160713
0.85133,-0.313711025763034
0.8198,-0.364648256862934
0.78693,-0.419883511929332
0.75277,-0.477954287264015
0.71739,-0.537528845420994
0.68083,-0.59743488379276
0.64317,-0.656628252034003
0.60446,-0.714217478004973
0.56479,-0.769428875273189
0.52421,-0.82163541154717
0.48279,-0.870332496649941
0.44062,-0.915115826724753
0.39777,-0.955690874635303
0.35431,-0.991863141124145
0.31033,-1.02351304123335
0.2659,-1.05060332224176
0.22111,-1.07315325504432
0.17603,-1.09124581378021
0.13075,-1.10500202864592
0.085353,-1.11457905196163
0.039919,-1.120164421534
-0.0054672,-1.1219645804386
-0.050722,-1.12019925548865
-0.095764,-1.11509699866345
-0.14051,-1.10688808672132
-0.18487,-1.09579474128952
-0.22878,-1.08204741376435
-0.27214,-1.06585156233639
-0.31489,-1.04741746849371
-0.35694,-1.02693212880085
-0.39821,-1.00456656942134
-0.43864,-0.980489351923602
-0.47814,-0.95484037766788
-0.51665,-0.92775474500088
-0.55409,-0.899344994658491
-0.5904,-0.869716868389
-0.62552,-0.83896731342428
-0.65938,-0.807175646410917
-0.69191,-0.77440422956806
-0.72308,-0.74072900367164
-0.75281,-0.706197169193358
-0.78106,-0.670860374881263
-0.80778,-0.634764364646826
-0.83292,-0.597948193984011
-0.85645,-0.560458574126957
-0.87831,-0.522324270571159
-0.89848,-0.483587720076127
-0.91692,-0.444285802442556
-0.9336,-0.404456699360564
-0.94849,-0.364138006970096
-0.96158,-0.323380042418586
-0.97284,-0.282226675635328
-0.98226,-0.240729643910319
-0.98982,-0.198937703395796
-0.99551,-0.156902761471443
-0.99933,-0.114684742100693
-1,-0.0714009571162612
-1,-0.0282119549437646
-0.99958,0.0137539093554397
-0.99595,0.0556713489850232
-0.99047,0.0974730375652827
-0.98317,0.13907768244958
-0.97407,0.1804027725668
-0.96318,0.221374900904529
-0.95055,0.261900893546552
-0.93619,0.30190423823271
-0.92016,0.341287468291846
-0.90248,0.379968974972206
-0.88319,0.417867914525975
-0.86235,0.454892052344816
-0.84,0.490957855949491
-0.81621,0.525969499384585
-0.79102,0.559846655371957
-0.76449,0.592509536253849
-0.7367,0.623866843235272
-0.70771,0.653835939596003
-0.67759,0.682336710153995
-0.64642,0.70928656379064
-0.61427,0.734611270243529
-0.58122,0.758238696047786
-0.54736,0.780093708439217
-0.51277,0.800108937040829
-0.47754,0.818218456545229
-0.44175,0.834367453499348
-0.40551,0.848490142187801
-0.3689,0.860536616014106
-0.33202,0.870457090461279
-0.29496,0.878211384772616
-0.25782,0.883761510069137
-0.22069,0.887080416995446
-0.18368,0.888136554730562
-0.14687,0.886918500328112
-0.11036,0.883417287587661
-0.074242,0.877632786830483
-0.038612,0.869569707117729
-0.0035547,0.859245529805618
0.030842,0.846685811517586
0.064492,0.831923847242598
0.097319,0.815006068812079
0.12925,0.795991201743929
0.1602,0.774937898241908
0.1901,0.751915416111232
0.2189,0.727014109022458
0.24654,0.700331833232895
0.27295,0.671962728582224
0.29809,0.64201777411766
0.32191,0.610611260743282
0.34438,0.577871920677073
0.36545,0.54392186098391
0.38511,0.508904052389902
0.40333,0.472959491580599
0.42008,0.436223558669947
0.43536,0.398845326957623
0.44916,0.360973114807682
0.46148,0.322757582730442
0.47232,0.284346697011984
0.48168,0.245881666572165
0.48959,0.207515963656098
0.49605,0.169385902834908
0.5011,0.131639088262609
0.50475,0.0944052220796797
0.50704,0.0578173692147422
0.508,0.0219993801080826
0.50767,-0.0129292480534098
0.50609,-0.0468567679967682
0.50331,-0.0796743453945681
0.49936,-0.111294292357466
0.4943,-0.141627251411834
0.48818,-0.170593436431591
0.48106,-0.19811664212817
0.47297,-0.224148902607349
0.46399,-0.248630457358623
0.45416,-0.271524330322601
0.44354,-0.292799202469517
0.43218,-0.312437623363602
0.42016,-0.330412641591306
0.40751,-0.346728335432595
0.3943,-0.361385069347259
0.38058,-0.374395917803278
0.36642,-0.38576992504409
0.35185,-0.395543036226877
0.33694,-0.403743107044716
0.32174,-0.410406224993873
0.3063,-0.415574786222564
0.29066,-0.419303118670633
0.27488,-0.421639453549489
0.259,-0.422641066445068
0.24306,-0.422371387004432
0.22712,-0.420882654546666
0.2112,-0.418246536759954
0.19535,-0.414526474046472
0.17961,-0.409785128827809
0.16401,-0.404090344998263
0.14859,-0.397504972641085
0.13338,-0.39009353662785
0.1184,-0.381927520827626
0.1037,-0.373059819399541
0.089285,-0.363560050036548
0.075197,-0.35348189702675
0.061456,-0.342880806450928
0.048086,-0.331808936145291
0.035109,-0.320315585063443
0.022545,-0.308447590580006
0.010414,-0.296248214731529
-0.0012634,-0.283755879527841
-0.012471,-0.271006958265026
-0.023192,-0.25803437260921
-0.033407,-0.244865067429683
-0.043107,-0.231527743136225
-0.052273,-0.218043957320892
-0.060893,-0.204433715238989
-0.068956,-0.190715583568772
-0.076449,-0.176904611048608
-0.083361,-0.163013712214321
-0.089684,-0.149055589363903
-0.095407,-0.135039863722242
-0.10052,-0.120973814920632
-0.10502,-0.106867489671484
-0.10891,-0.0927370278448757
-0.11216,-0.0785783561095549
-0.11479,-0.0644079037327323
-0.11678,-0.0502283391073944
-0.11814,-0.0360531018791909
-0.11887,-0.0218963236795692
-0.11896,-0.00776470112421073
-0.11843,0.0063192717490618
-0.11728,0.0203359546347147
-0.1155,0.0342761173001875
-0.11312,0.0481097838707912
-0.11014,0.0618134219803113
-0.10658,0.0753547029552899
-0.10244,0.0887100384147724
-0.097747,0.10184373253402
-0.09251,0.114724780470452
-0.086748,0.127319582288228
-0.080483,0.139591325765906
-0.073733,0.151504756202607
-0.066524,0.163021115056363
-0.058875,0.174105256288787
-0.050813,0.184720205737097
-0.042363,0.194830230751644
-0.03355,0.204401812296424
-0.024405,0.213399943378436
-0.014952,0.22179480688435
-0.0052215,0.229557046712428
0.0047559,0.23665868427383
0.01495,0.243074193613261
0.025331,0.248781307094936
0.035864,0.253757513495097
0.046519,0.257984635972986
0.057264,0.261447304049531
0.068062,0.264129426992183
0.078881,0.266018758394787
0.089688,0.267106030841235
0.10045,0.267384914589233
0.11112,0.266841541796574
0.12168,0.265478048222062
0.13209,0.263293406746572
0.14232,0.260291720953123
0.15232,0.256466568092881
0.16208,0.251833012117329
0.17155,0.246393670279479
0.1807,0.240156046874692
0.18951,0.233138960372236
0.19794,0.225355232963919
0.20597,0.2168274597305
0.21356,0.207570858677699
0.22069,0.197609202450069
0.22733,0.186965228035176
0.23347,0.175675107379189
0.23906,0.163755364704531
0.2441,0.151243258670416
0.24856,0.138169603422617
0.25242,0.124566598311903
0.25566,0.110466678392868
0.25826,0.0959015603447785
0.26022,0.0809162663921605
0.2615,0.0655356888807635
0.26211,0.0498047037063113
0.26203,0.0337607969510865
0.26124,0.0174343670625467
0.25974,0.000863917133834744
0.25753,-0.0159067130272824
0.25459,-0.0328455179056916
0.25093,-0.0499088986563448
0.24655,-0.0670526776138489
0.24144,-0.0842410005448378
0.2356,-0.101438526171397
0.22905,-0.118596734694648
0.22179,-0.135672820131307
0.21383,-0.152622591136345
0.20518,-0.169402198237809
0.19585,-0.185969529428597
0.18585,-0.202285303755742
0.17521,-0.21829909667108
0.16395,-0.233960555509375
0.15207,-0.249235843331901
0.13961,-0.264076108485245
0.12659,-0.27843684264379
0.11303,-0.292278580810178
0.098958,-0.30556143220628
0.084406,-0.318243647692264
0.069403,-0.330285691959582
0.053981,-0.341649034418855
0.03817,-0.352298851863792
0.022004,-0.362201677050698
0.0055187,-0.371325170955018
-0.011252,-0.379640497396182
-0.028271,-0.387120446869123
-0.045501,-0.393740098098821
-0.062906,-0.399478396538508
-0.080447,-0.404316140778468
-0.098084,-0.408235782812637
-0.11578,-0.411224172623761
-0.1335,-0.413273907969417
-0.1512,-0.414376127236295
-0.16884,-0.414524336749869
-0.18638,-0.413714457769045
-0.20379,-0.411952184597898
-0.22102,-0.409236459473678
-0.23804,-0.405575892402418
-0.25481,-0.400979536513232
-0.2713,-0.395464217787419
-0.28745,-0.389030631904104
-0.30325,-0.381703638216246
-0.31865,-0.373497528142515
-0.33361,-0.364425266477015
-0.34811,-0.354513340400123
-0.3621,-0.343776380388337
-0.37555,-0.332233968205507
-0.38844,-0.319916636662869
-0.40074,-0.30685561953443
-0.4124,-0.293067152457122
-0.42341,-0.278584552759975
-0.43374,-0.263439239815105
-0.44335,-0.2476528676077
-0.45224,-0.231268191701542
-0.46037,-0.214314219258759
-0.46773,-0.196830231778875
-0.4743,-0.178855273510506
-0.48005,-0.160419667575576
-0.48498,-0.141567964046073
-0.48907,-0.122340072934584
-0.49231,-0.10277835182834
-0.49468,-0.0829184390439484
-0.49618,-0.0628042080819217
-0.4968,-0.0424774049189119
-0.49654,-0.0219841315204605
-0.4954,-0.00137254797889778
-0.49336,0.01932384240157
-0.49044,0.040054930371195
-0.48663,0.0607810168155627
-0.48195,0.0814499479344322
-0.47639,0.102023399854269
-0.46997,0.122453342169329
-0.46269,0.142700314010615
-0.45457,0.162718355926458
-0.44562,0.182465231478201
-0.43586,0.201895782847501
-0.42529,0.220978851095738
-0.41395,0.239666183838532
-0.40185,0.257919590897637
-0.38902,0.275695590082693
-0.37546,0.292970161696207
-0.36122,0.309699034305886
-0.34631,0.325852762125001
-0.33076,0.341400232905404
-0.31461,0.356302818045164
-0.29787,0.370539430167905
-0.28058,0.384081891871555
-0.26278,0.39689745150352
-0.24449,0.408965708820717
-0.22576,0.42025495445044
-0.20661,0.430747764470477
-0.18708,0.440424274262082
-0.16721,0.449263549218708
-0.14704,0.457244702639722
-0.1266,0.464355183012764
-0.10593,0.470582441124955
-0.085082,0.475905723735982
-0.06408,0.480319240321961
-0.04297,0.483813460997835
-0.021792,0.48638084104237
-0.00058585,0.488016040000112
0.020607,0.488714734534316
0.041745,0.488473730955856
0.062787,0.487291382092333
0.083691,0.485166944649317
0.10442,0.482104351252887
0.12492,0.478098843222651
0.14517,0.473163386966489
0.16512,0.467303640970888
0.18472,0.460519402263319
0.20395,0.452828089911059
0.22275,0.444231433782643
0.2411,0.434748186865519
0.25896,0.424395659181667
0.27629,0.413189653700132
0.29307,0.401159225713169
0.30925,0.388321239524947
0.32481,0.374704532471134
0.33972,0.360339476453793
0.35396,0.345264305092839
0.36749,0.329507799265383
0.3803,0.313112531467337
0.39237,0.296123638922532
0.40367,0.278579689418109
0.41418,0.260520248818635
0.4239,0.241999325910549
0.4328,0.223058837983703
0.44087,0.203744491062453
0.4481,0.184103659903284
0.45449,0.164191016111375
0.46002,0.144050667599266
0.46469,0.123731595423535
0.4685,0.103285155296644
0.47143,0.082748192995067
0.4735,0.0621741661703792
0.47469,0.0415986157306887
0.47502,0.0210709574835921
0.47449,0.000635358181319142
0.4731,-0.0196697565303462
0.47086,-0.0398045704758967
0.46779,-0.0597221702387545
0.46389,-0.0793863189702655
0.45918,-0.0987559295323827
0.45368,-0.117787473657134
0.4474,-0.136444383002732
0.44036,-0.154689661558458
0.43259,-0.172479945928502
0.42411,-0.189775671518362
0.41494,-0.206541774950755
0.40511,-0.222740754578999
0.39465,-0.238334536394941
0.38359,-0.253285990130232
0.37196,-0.267560127644032
0.35979,-0.281125015642422
0.34712,-0.29394503628156
0.33398,-0.305990339861299
0.3204,-0.317236918199578
0.30643,-0.327651719860939
0.2921,-0.337210462549828
0.27745,-0.345889568847472
0.26251,-0.353674440941347
0.24733,-0.360543702836534
0.23194,-0.366486248789048
0.21638,-0.371492519668878
0.20069,-0.375554819530105
0.18491,-0.378667506305219
0.16908,-0.380827076191114
0.15324,-0.382032159894949
0.13742,-0.382290845540727
0.12166,-0.381611530149249
0.10601,-0.379995516576815
0.090482,-0.377466707259751
0.07513,-0.374035767937506
0.059982,-0.369721857787271
0.045074,-0.36454474705833
0.030437,-0.358528043231872
0.016103,-0.351697229999932
0.0021032,-0.344079345341742
-0.011536,-0.335705615244054
-0.024785,-0.326607526934264
-0.037618,-0.316818809079149
-0.050014,-0.306377684060775
-0.061949,-0.295322774636854
-0.073404,-0.283695686176675
-0.084362,-0.271540766240919
-0.094806,-0.258903336019081
-0.10473,-0.245836350923283
-0.11411,-0.232384097210551
-0.12295,-0.218603270092275
-0.13123,-0.204541155176961
-0.13896,-0.190258202253322
-0.14614,-0.175816271905269
-0.15275,-0.161261706205603
-0.15881,-0.146656427453693
-0.16432,-0.132058202420005
-0.16929,-0.117527015978211
-0.17372,-0.103115331841469
-0.17763,-0.0888826028570616
-0.18102,-0.0748771809914374
-0.18392,-0.0611589886380852
-0.18632,-0.0477657020004355
-0.18826,-0.0347526208693761
-0.18975,-0.0221651693394411
-0.19079,-0.0100317730661577
-0.19143,0.00159708026633905
-0.19166,0.0126992838353392
-0.19152,0.0232396765795473
-0.19103,0.0331887586531512
-0.1902,0.0425302223271797
-0.18906,0.0512444934136198
-0.18763,0.0593177284494189
-0.18593,0.0667415061491928
-0.18399,0.0735050284763865
-0.18183,0.0796036687711182
-0.17946,0.0850456854784188
-0.17691,0.089835098165044
-0.17421,0.0939727608436164
-0.17137,0.0974720698995434
-0.16841,0.10034909262947
-0.16536,0.102614519610501
-0.16223,0.104289474159368
-0.15904,0.105395770990233
-0.15581,0.105955418837594
-0.15256,0.105990182825097
-0.14931,0.105521207689837
-0.14606,0.104583497712465
-0.14283,0.103207625182087
-0.13965,0.101412469245108
-0.13651,0.0992366116565835
-0.13344,0.0967039426682767
-0.13044,0.0938480715020441
-0.12752,0.0907021393142892
-0.12469,0.0872979998506412
-0.12197,0.0836581695956141
-0.11936,0.0798117448002085
-0.11686,0.0757922543210996
-0.11448,0.0716284101682038
-0.11223,0.067344155017146
-0.11011,0.0629662010998621
-0.10812,0.0585226290765869
-0.10628,0.0540269213295229
-0.10457,0.0495098352062125
-0.10301,0.0449854730040347
-0.10159,0.040476135301203
-0.10031,0.0360025492462769
-0.099184,0.0315730748454048
-0.098199,0.0272056417978937
-0.097358,0.0229133821164265
-0.09666,0.0187079725712637
-0.096104,0.0145994069318484
-0.095685,0.0105988181792961
-0.095403,0.00671407235193635
-0.095253,0.00295370262993178
-0.095232,-0.000675109343858832
-0.095336,-0.00416590020507236
-0.09556,-0.00751238999079303
-0.095899,-0.0107087790813186
-0.096346,-0.0137484887894731
-0.096898,-0.0166275975899688
-0.097546,-0.0193401400673038
-0.098286,-0.021882500422464
-0.099109,-0.0242494901649625
-0.10001,-0.0264378784441118
-0.10098,-0.0284432639278847
-0.10202,-0.0302679345786577
-0.10311,-0.0319040963285178
-0.10425,-0.0333509317947855
-0.10543,-0.034605973924145
-0.10665,-0.0356729880382916
-0.10789,-0.0365459692383422
-0.10915,-0.0372260732250025
-0.11043,-0.0377202806733896
-0.1117,-0.0380179794747356
-0.11298,-0.0381317037155846
-0.11424,-0.038055405719832
-0.11548,-0.0377904693678274
-0.1167,-0.0373442862064975
-0.11788,-0.036714162267607
-0.11902,-0.0359041835629757
-0.12011,-0.0349164392609303
-0.12115,-0.0337587914792467
-0.12212,-0.0324287942055578
-0.12303,-0.0309379731782619
-0.12386,-0.029286653244616
-0.12461,-0.0274809357176412
-0.12527,-0.0255240353817719
-0.12584,-0.02342416392898
-0.12631,-0.0211859585153484
-0.12668,-0.0188184542205001
-0.12694,-0.0163265981850405
-0.12708,-0.0137119053303114
-0.12711,-0.0109878622628661
-0.12701,-0.00815505278222066
-0.12679,-0.00522581585139696
-0.12643,-0.00219943200367118
-0.12594,0.000913164160437234
-0.12531,0.00410675138065594
-0.12454,0.00737348273658342
-0.12362,0.0107110315148369
-0.12256,0.0141068273869696
-0.12134,0.0175625981597858
-0.11998,0.021062009354381
-0.11845,0.0246116177485271
-0.11677,0.0281993288152306
-0.11493,0.0318205672455614
-0.11293,0.0354695852902461
-0.11076,0.0391472879061285
-0.10842,0.0428525785143332
-0.1059,0.0465902290693426
-0.10321,0.0503548787724445
-0.10035,0.054140578964021
-0.097294,0.0579603323477723
-0.094055,0.0618132849369542
-0.090623,0.0657044931088858
-0.086996,0.0696377633633078
-0.083168,0.0736187871670475
-0.079135,0.0776531757188903
-0.074894,0.0817456124186563
-0.070439,0.085902145841101
-0.065768,0.0901268197960848
-0.060877,0.0944234410492634
-0.055763,0.0987947856715056
-0.050423,0.103242721625529
-0.044855,0.107767587790097
-0.039058,0.112367729983097
-0.033031,0.117039915910707
-0.026774,0.121778970090444
-0.020288,0.126577530550644
-0.013573,0.131427390628398
-0.0066329,0.136316981823749
0.00052965,0.141233245214533
0.0079117,0.146162037644448
0.015506,0.151085536337261
0.023308,0.15598542716391
0.031311,0.160841909375429
0.039506,0.165632832009469
0.047885,0.170335509955674
0.056438,0.174925994511466
0.065152,0.179377790738946
0.074018,0.183666078916417
0.083021,0.187763691077597
0.092148,0.191643859009187
0.10138,0.19527651319142
0.11071,0.198638711357078
0.12012,0.201705863748414
0.12958,0.204443974062913
0.13908,0.206827300231785
0.14861,0.208837597355937
0.15814,0.210448538442421
0.16765,0.21163555785979
0.17712,0.21237634495289
0.18653,0.212651192397375
0.19586,0.212443216672779
0.20509,0.211738467589935
0.21419,0.210518545086917
0.22314,0.208769552108274
0.23193,0.206489194972127
0.24052,0.203662624098702
0.2489,0.200287655200084
0.25705,0.196365179079776
0.26495,0.191898748621919
0.27257,0.18688676792104
0.2799,0.181338503533251
0.28692,0.175264510469871
0.2936,0.168668870771747
0.29993,0.161565273534729
0.3059,0.153974923132507
0.31148,0.145909856429759
0.31666,0.137389295645111
0.32143,0.128437831618394
0.32576,0.119069013708957
0.32966,0.109316765097389
0.33309,0.0991935938370167
0.33606,0.0887314076988507
0.33855,0.0779547202380538
0.34054,0.0668814207003217
0.34203,0.0555383327234212
0.34301,0.0439513238150477
0.34348,0.0321521424755862
0.34341,0.020154174448439
0.34281,0.00798512965687569
0.34168,-0.00432397273279064
0.34,-0.0167551667546956
0.33777,-0.0292868251647674
0.335,-0.0418876890342466
0.33168,-0.0545344927714358
0.32782,-0.0671963868035663
0.32342,-0.0798447769424673
0.31848,-0.0924538082163411
0.31301,-0.104993300145596
0.30701,-0.117437964742418
0.3005,-0.129752527404166
0.29348,-0.141909583159904
0.28598,-0.153866809460223
0.278,-0.165593369960531
0.26955,-0.177061326511706
0.26066,-0.188231262255278
0.25134,-0.199070577127063
0.24161,-0.209545876276794
0.23149,-0.219624264594645
0.22101,-0.229266985995714
0.21018,-0.23844664292842
0.19902,-0.247138605646391
0.18756,-0.255314027075368
0.17582,-0.262949112771785
0.16383,-0.270017668950436
0.15161,-0.276499951989443
0.13917,-0.282389638016641
0.12656,-0.287662114068503
0.11378,-0.292315948472917
0.10086,-0.296346541515106
0.08783,-0.29974715522135
0.074707,-0.302519394007349
0.061516,-0.304665892853173
0.048279,-0.306192521069272
0.035018,-0.307107838864115
0.021754,-0.307423312462738
0.008508,-0.307152654353834
-0.0046993,-0.30631143564459
-0.017848,-0.30491707450353
-0.03092,-0.302989497682649
-0.043895,-0.300548629100455
-0.056758,-0.297617891137957
-0.069491,-0.294220776220739
-0.082079,-0.290382498427336
-0.094509,-0.286130519169518
-0.10677,-0.281494893371449
-0.11884,-0.276498844797776
-0.13072,-0.271176470782068
-0.14239,-0.26555416964249
-0.15385,-0.259666177504006
-0.16509,-0.253544680512287
-0.17609,-0.247211879750174
-0.18686,-0.240703415965139
-0.19739,-0.234049910494439
-0.20766,-0.227269599848811
-0.21769,-0.220399680016833
-0.22745,-0.213454506088024
-0.23696,-0.206466444394584
-0.2462,-0.199451756580865
-0.25517,-0.192427890616421
-0.26386,-0.185405184904756
-0.27229,-0.178409953212899
-0.28043,-0.171443512486217
-0.2883,-0.164523765277108
-0.29589,-0.157659116923748
-0.30319,-0.150849894746497
-0.31021,-0.144104490673164
-0.31694,-0.137422589294903
-0.32338,-0.130804073036899
-0.32953,-0.124248805057652
-0.33539,-0.11775646823924
-0.34095,-0.11131905418795
-0.34621,-0.104929808181599
-0.35117,-0.0985830220519611
-0.35583,-0.0922738576837882
-0.36018,-0.0859907992237478
-0.36422,-0.0797245439099736
-0.36795,-0.0734677272411147
-0.37136,-0.0672072705317552
-0.37445,-0.0609331634961994
-0.37722,-0.0546380800387309
-0.37966,-0.0483096174687253
-0.38177,-0.0419389736591581
-0.38356,-0.0355278599950297
-0.385,-0.0290568321362982
-0.3861,-0.0225194800909947
-0.38687,-0.0159200715519932
-0.38729,-0.00924920630530111
-0.38736,-0.00250152516391606
-0.38708,0.00432491602163461
-0.38644,0.0112366282159778
-0.38546,0.0182214149705403
-0.38412,0.0252818644647561
-0.38242,0.0324175889118995
-0.38037,0.0396183914549162
-0.37796,0.0468811966379098
-0.37519,0.0542013292550659
-0.37205,0.0615803298144289
-0.36856,0.0690025107529002
-0.36471,0.0764608805180954
-0.36049,0.0839556306108354
-0.3559,0.0914853515500595
-0.35095,0.0990399964464227
-0.34562,0.106625015616917
-0.33993,0.114228639450537
-0.33386,0.121855125229829
-0.32741,0.12950676469856
-0.32058,0.13718423273015
-0.31336,0.144894301499572
-0.30576,0.152633709265406
-0.29777,0.160405997164987
-0.28938,0.168220109708094
-0.2806,0.176074337141852
-0.27142,0.183973225094557
-0.26184,0.191918848165076
-0.25186,0.199911236201801
-0.24148,0.207948765315461
-0.23071,0.216021115008153
-0.21953,0.224133400825758
-0.20797,0.232266060755753
-0.19601,0.240417123583551
-0.18366,0.248576655950757
-0.17094,0.256721173824357
-0.15784,0.264839069358002
-0.14437,0.272913829706472
-0.13056,0.280910649253447
-0.11639,0.288817888169624
-0.10189,0.296605946192578
-0.087074,0.304243409269879
-0.071951,0.311701978612204
-0.056539,0.318950028292839
-0.040857,0.325953432428773
-0.024922,0.332678529337692
-0.0087579,0.339087932329397
0.0076148,0.345144883591385
0.024173,0.350812325949728
0.040891,0.356052180261358
0.057745,0.360828133962825
0.074708,0.365104087383041
0.091753,0.368845278383449
0.10885,0.372016948664705
0.12598,0.374593637195328
0.1431,0.376540555848861
0.1602,0.377840985741132
0.17723,0.378463905737801
0.19418,0.37839744528987
0.21101,0.377623579919711
0.2277,0.376134879802782
0.24421,0.373918142717511
0.26053,0.370978327835328
0.27663,0.367320391217581
0.29247,0.362942030810695
0.30803,0.357850189735251
0.32329,0.352059311587248
0.33822,0.345582333614155
0.3528,0.338438238040972
0.36701,0.330650564358984
0.38081,0.322231276594592
0.3942,0.313212408980231
0.40715,0.303619261071446
0.41963,0.293471133851094
0.43164,0.282804235171103
0.44315,0.271645309839731
0.45414,0.260020191856163
0.46461,0.247968089459353
0.47452,0.235508357885968
0.48387,0.222673375202598
0.49265,0.209497702156136
0.50083,0.196001880797963
0.50841,0.182216694741794
0.51537,0.168165460909031
0.5217,0.153872127718228
0.52738,0.139352977051005
0.53242,0.124639711385254
0.53678,0.109738488477526
0.54048,0.0946789134623448
0.54349,0.0794715569443737
0.54581,0.0641333767605849
0.54743,0.0486784495761377
0.54835,0.0331253728634836
0.54856,0.0174883229775675
0.54806,0.0017847554671995
0.54685,-0.0139658687227877
0.54492,-0.0297505562474646
0.54227,-0.0455546548629693
0.53891,-0.0613553456712591
0.53484,-0.0771313939212412
0.53006,-0.0928635707796939
0.52458,-0.10852755052306
0.5184,-0.12410311179176
0.51154,-0.139559260392512
0.50399,-0.154879501520726
0.49577,-0.170037464752859
0.48689,-0.185007103595384
0.47736,-0.199763510152783
0.46719,-0.214283549949342
0.4564,-0.228538936995205
0.44499,-0.242512978550369
0.43299,-0.256176796557345
0.4204,-0.269514857696252
0.40724,-0.282508227492573
0.39352,-0.295143356092621
0.37926,-0.307404225355317
0.36448,-0.319273475954286
0.34919,-0.330740741518133
0.33341,-0.341794392659006
0.31715,-0.352429706468419
0.30044,-0.362633077396388
0.28328,-0.372406494405624
0.26569,-0.381749881594558
0.2477,-0.390654307337747
0.22932,-0.399118908899156
0.21057,-0.407142127164675
0.19146,-0.414729448562929
0.17202,-0.421877264237715
0.15226,-0.428589667153551
0.1322,-0.434869591345605
0.11187,-0.440711690743014
0.091278,-0.446120466621241
0.070453,-0.451092812874665
0.049415,-0.455626325820776
0.028187,-0.459717097229044
0.0067916,-0.463360484338999
-0.014747,-0.466550265376579
-0.036402,-0.469277256012941
-0.05815,-0.471532705385863
-0.079962,-0.47330436473366
-0.10181,-0.47457829070164
-0.12368,-0.475349961068211
-0.14552,-0.475594535032046
-0.16732,-0.475302576411361
-0.18904,-0.474455199276513
-0.21066,-0.473041272356858
-0.23215,-0.471048901563874
-0.25348,-0.468465989073512
-0.27461,-0.465273292520302
-0.29552,-0.461461204527408
-0.31617,-0.457013448841724
-0.33654,-0.451923703455741
-0.3566,-0.446186557821634
-0.37632,-0.439797602612373
-0.39566,-0.432746074862934
-0.41461,-0.425038675413731
-0.43312,-0.416666541540833
-0.45117,-0.407630797217544
-0.46873,-0.397933295100281
-0.48577,-0.387576532525168
-0.50227,-0.376570957166743
-0.5182,-0.364925852984456
-0.53353,-0.352649411067294
-0.54824,-0.339756197440521
-0.5623,-0.326258205084265
-0.57569,-0.312172489752658
-0.58838,-0.297512387457552
-0.60035,-0.282295311050112
-0.61158,-0.266541519975632
-0.62204,-0.250265647653087
-0.63172,-0.233492191918826
-0.64058,-0.216230750509432
-0.64862,-0.198508206062263
-0.65581,-0.180342437021415
-0.66214,-0.161758335875999
-0.66758,-0.142770937251881
-0.67211,-0.123394248019078
-0.67573,-0.103655775874271
-0.67842,-0.0835783071504392
-0.68015,-0.0631727287671091
-0.68092,-0.0424621168608181
-0.68072,-0.0214712498923105
-0.67953,-0.000218112596423302
-0.67735,0.0212705984957585
-0.67417,0.0429693970009004
-0.66997,0.0648619791083946
-0.66476,0.0869178394067248
-0.65854,0.109103375435252
-0.65129,0.131398316437589
-0.64302,0.153771656593475
-0.63374,0.176184729728591
-0.62344,0.198608678179103
-0.61213,0.221008709307123
-0.59981,0.243353762697994
-0.5865,0.265602023318262
-0.5722,0.287719115619254
-0.55693,0.309663000775559
-0.5407,0.331394203344832
-0.52352,0.352876602617269
-0.50542,0.37406320514718
-0.48641,0.394914550670704
-0.46651,0.41539117593991
-0.44576,0.435440157537194
-0.42416,0.455028997211671
-0.40176,0.474105854322204
-0.37858,0.492627173348078
-0.35465,0.51055015782313
-0.33001,0.527826700616989
-0.30469,0.544413428220571
-0.27873,0.56026489104274
-0.25217,0.575335534752579
-0.22504,0.589588696705004
-0.1974,0.602974051520882
-0.16928,0.615454165532995
-0.14074,0.626981192792829
-0.11181,0.637522747417369
-0.082542,0.647043903711424
-0.052991,0.655506812423839
-0.023204,0.662878596567477
0.0067679,0.669128637526701
0.036872,0.674228179436389
0.067058,0.67815291793683
0.097271,0.68087979058961
0.12746,0.682390638899398
0.15756,0.682661784291183
0.18754,0.681691262052722
0.21732,0.679458814795335
0.24685,0.67595253306832
0.27609,0.671175301064267
0.30497,0.665120020959117
0.33345,0.657794261303328
0.36145,0.649187947314144
0.38894,0.639314320442566
0.41586,0.628183163287859
0.44215,0.615801483089652
0.46776,0.60218150003761
0.49263,0.587332135593371
0.51671,0.571267008167309
0.53995,0.554003339642119
0.56231,0.535568362250002
0.58371,0.515967220579381
0.60413,0.495231604578414
0.62351,0.473384281626231
0.6418,0.450447706651956
0.65896,0.426450940105244
0.67494,0.401420242168466
0.68971,0.375393734486496
0.70323,0.348410705227607
0.71546,0.320510335733258
0.72637,0.29173804606524
0.73593,0.262143028891919
0.74411,0.23177614125419
0.75089,0.200695532220301
0.75625,0.16896356895611
0.76017,0.136644223307106
0.76264,0.103808289050389
0.76365,0.0705299842124177
0.76319,0.0368840922651695
0.76126,0.00295100404461962
0.75787,-0.0311793953557394
0.75301,-0.0654270603441051
0.74669,-0.0997075705946517
0.73893,-0.133928222044356
0.72973,-0.168007308615107
0.71912,-0.20185243423993
0.70711,-0.235380323666219
0.69373,-0.268502998668259
0.67901,-0.301131579905756
0.66296,-0.333194193279325
0.64564,-0.36459821842307
0.62706,-0.395274377512025
0.60727,-0.425145119935785
0.58631,-0.454136356089496
0.56422,-0.482179435264982
0.54104,-0.509212613661108
0.51683,-0.535167274624866
0.49164,-0.559979186523068
0.46551,-0.583597463897249
0.43851,-0.605961866355975
0.41069,-0.627021718670159
0.3821,-0.646736114387849
0.35282,-0.665051635856766
0.3229,-0.68192908084979
0.29241,-0.697327642788141
0.26142,-0.711206984792062
0.22998,-0.723543676304758
0.19818,-0.734299615243388
0.16607,-0.743456105569874
0.13374,-0.750981630379759
0.10124,-0.756865361209225
0.068658,-0.761085919584232
0.036061,-0.763630087923899
0.0035217,-0.764487903188122
-0.028886,-0.763651926526323
-0.06109,-0.761118782817186
-0.09302,-0.756890271416558
-0.1246,-0.750968554688064
-0.15577,-0.743368293508206
-0.18645,-0.734099452285035
-0.21658,-0.723183115713336
-0.24609,-0.710641728478732
-0.27491,-0.696498558201741
-0.30298,-0.680784600459325
-0.33024,-0.663536516188491
-0.35662,-0.644787392968721
-0.38208,-0.624588938675913
-0.40655,-0.602984477301909
-0.42999,-0.580031740655655
-0.45233,-0.555776444495407
-0.47354,-0.530283034514824
-0.49356,-0.503607170101127
-0.51237,-0.475825512905648
-0.52991,-0.446999983833665
-0.54615,-0.417201065636004
-0.56105,-0.386496730520337
-0.5746,-0.354973132900025
-0.58676,-0.322706407394469
-0.59751,-0.289777137985924
-0.60684,-0.256274465019853
-0.61472,-0.22227695119345
-0.62116,-0.187881771388534
-0.62613,-0.153168552500755
-0.62964,-0.118229814952151
-0.63168,-0.0831507594564868
-0.63227,-0.0480301190871801
-0.6314,-0.0129522079695043
-0.62909,0.0219908896310874
-0.62535,0.0567112530364094
-0.62021,0.0911124684294818
-0.61367,0.125116654045198
-0.60577,0.158634017687712
-0.59653,0.191583026836776
-0.58598,0.223884277153107
-0.57416,0.25545551385361
-0.5611,0.286222495015147
-0.54685,0.316105361653767
-0.53143,0.345044789221803
-0.51491,0.37296337335495
-0.49731,0.39980893852266
-0.4787,0.425514828822406
-0.45912,0.450027445766522
-0.43863,0.473291114180068
-0.41727,0.49526552126148
-0.39509,0.515917181923121
-0.37217,0.535197578552463
-0.34855,0.553077675690589
-0.32429,0.569530840799944
-0.29944,0.584541195126268
-0.27407,0.598087852969015
-0.24824,0.610154505381056
-0.222,0.620736995327551
-0.19542,0.629826896414697
-0.16854,0.637435339739949
-0.14144,0.643559906962823
-0.11418,0.64820263390426
-0.0868,0.651384366007971
-0.059374,0.653115878373792
-0.031958,0.653413280701093
-0.0046086,0.652296495030557
0.022616,0.649787157505121
0.04966,0.645909805357995
0.076467,0.640690503527796
0.10298,0.634155662201781
0.12915,0.626337400452847
0.15492,0.617265855072856
0.18025,0.60698149160531
0.20507,0.595509964158591
0.22935,0.582893973456392
0.25304,0.569174097545584
0.27609,0.554388164164872
0.29845,0.538570778104383
0.32011,0.521782582160483
0.341,0.504059187861406
0.36109,0.485444589040227
0.38036,0.465995653310454
0.39877,0.445763208327703
0.41628,0.424791716869059
0.43288,0.403141335337087
0.44853,0.380860890186545
0.46321,0.358003347204245
0.4769,0.334623352634334
0.48958,0.310775190188588
0.50122,0.286503724220284
0.51182,0.261866905716856
0.52136,0.23691657973301
0.52982,0.211697951928699
0.5372,0.186264101088086
0.54348,0.160657876469281
0.54864,0.134912349221409
0.55269,0.1090736028319
0.55562,0.083181787595541
0.55741,0.0572633988976
0.55807,0.0313549804199394
0.55759,0.00548499138261116
0.55596,-0.0203258021126222
0.55318,-0.0460564187398041
0.54926,-0.0716792826828347
0.54418,-0.0971848233387282
0.53796,-0.122549056542532
0.5306,-0.147752190899998
0.52209,-0.172786103352824
0.51245,-0.197630473417011
0.50168,-0.222270827386535
0.4898,-0.246683326701012
0.4768,-0.270859721011052
0.46271,-0.294775275766606
0.44754,-0.318407712934735
0.43129,-0.341745004778388
0.414,-0.364754408636859
0.39569,-0.387402406570205
0.37636,-0.409670788454917
0.35606,-0.431517455015169
0.3348,-0.452912005111702
0.31262,-0.473812340240399
0.28954,-0.494183100764096
0.26561,-0.513973373440538
0.24085,-0.533143510391323
0.21531,-0.551642086517471
0.18902,-0.569424627212046
0.16204,-0.586431550546887
0.1344,-0.602615168914323
0.10616,-0.617916782099168
0.077365,-0.632281799607328
0.048068,-0.645654824822984
0.018325,-0.657979430671476
-0.011807,-0.669199498847871
-0.042269,-0.679259566258654
-0.073,-0.688105102039216
-0.10394,-0.695684939782129
-0.13502,-0.701945767350111
-0.16618,-0.706841064489195
-0.19735,-0.710324087940939
-0.22847,-0.712357025149562
-0.25946,-0.712895957053846
-0.29026,-0.711908481362126
-0.32078,-0.709350634935884
-0.35098,-0.705207761752432
-0.38076,-0.699445336982089
-0.41008,-0.692058595499837
-0.43884,-0.683022994799014
-0.46699,-0.672336145596488
-0.49444,-0.659984447194531
-0.52115,-0.645983039824971
-0.54703,-0.630333283032147
-0.57203,-0.61305538349966
-0.59607,-0.594162398872792
-0.6191,-0.573683819643662
-0.64105,-0.551647137322192
-0.66186,-0.528085196333661
-0.68149,-0.503049340844857
-0.69987,-0.476582520482392
-0.71696,-0.448742165463969
-0.7327,-0.419581221318673
-0.74705,-0.389162520515512
-0.75996,-0.357547874616869
-0.77141,-0.324818853400725
-0.78134,-0.291041205460878
-0.78973,-0.256295709193144
-0.79654,-0.220658220798916
-0.80176,-0.184220661149505
-0.80535,-0.147063093244364
-0.80729,-0.109268454886664
-0.80757,-0.0709269121632813
-0.80618,-0.0321317501680141
-0.80311,0.00702405761047282
-0.79834,0.0464580482538896
-0.79189,0.0860692805679069
-0.78374,0.125774650686046
-0.7739,0.165485963750474
-0.76239,0.205106413641864
-0.74921,0.244550177639758
-0.73438,0.283728371779096
-0.71791,0.322560029859987
-0.69984,0.360951183359564
-0.68018,0.39882273020758
-0.65897,0.436088154065868
-0.63623,0.472672760022189
-0.61201,0.508491903978304
-0.58635,0.543463296344033
-0.55928,0.577516865024426
-0.53086,0.610572819561361
-0.50114,0.642553810139472
-0.47017,0.673387268069371
-0.43801,0.702999780408328
-0.40472,0.731319976999852
-0.37037,0.758273407458738
-0.33502,0.783793283805136
-0.29874,0.807814150915183
-0.2616,0.830274148817746
-0.22369,0.851101944216961
-0.18508,0.870236017439936
-0.14585,0.8876177622452
-0.10608,0.903193247310105
-0.065857,0.91690933152088
-0.025267,0.928716419819553
0.015604,0.938569842161729
0.056666,0.94642786875499
0.09783,0.952253719354261
0.139,0.956011121636305
0.1801,0.95768067218856
0.22103,0.957240029597437
0.26169,0.954665753009031
0.302,0.949949573264978
0.34186,0.943081508577033
0.3812,0.9340732587836
0.4199,0.922917300161443
0.4579,0.909635734062865
0.4951,0.894244896084559
0.53142,0.876771326682565
0.56677,0.857242143628444
0.60108,0.835699415504027
0.63427,0.812189130832138
0.66626,0.786759557730219
0.69698,0.759467205907052
0.72637,0.730381370989761
0.75435,0.699565229814817
0.78087,0.667097685974975
0.80587,0.63306093164859
0.82929,0.597537681453091
0.8511,0.560631059824451
0.87124,0.522435672596299
0.88967,0.483051430507084
0.90636,0.442587091548106
0.92128,0.401155438276955
0.93441,0.358876627813396
0.94572,0.315865849184532
0.95521,0.27225302792115
0.96285,0.228153891025268
0.96865,0.18369872712305
0.97262,0.139025552841134
0.97474,0.094252169164704
0.97503,0.0495058705170475
0.97352,0.00492490631395058
0.9702,-0.0393776421322572
0.96512,-0.0832684149930796
0.95829,-0.126631671647576
0.94975,-0.169347639310429
0.93953,-0.21130478970134
0.92768,-0.252387356620504
0.91423,-0.292494993762469
0.89922,-0.331536056398842
0.88272,-0.369407187286734
0.86476,-0.406028940638367
0.8454,-0.441322111134916
0.8247,-0.475210843054278
0.80272,-0.507625036667746
0.77951,-0.538509526827871
0.75514,-0.567808897205199
0.72966,-0.595484815023156
0.70315,-0.621492555656044
0.67566,-0.645806595301481
0.64727,-0.668396332006239
0.61803,-0.689250993519255
0.58803,-0.708347386769499
0.55731,-0.725690750901934
0.52596,-0.741272945763386
0.49404,-0.755098223078522
0.46161,-0.767181437268739
0.42874,-0.777538893748327
0.3955,-0.786188279515771
0.36196,-0.793148514344796
0.32818,-0.798446942764961
0.29422,-0.802117470704081
0.26015,-0.804191451005973
0.22604,-0.80469774388653
0.19193,-0.803684967240175
0.15789,-0.801194502556738
0.12398,-0.797268462334767
0.090255,-0.791952338963362
0.056766,-0.785296269016396
0.023567,-0.777350713499262
-0.0092926,-0.768168545886681
-0.041764,-0.757803671270559
-0.073802,-0.746312065067287
-0.10536,-0.733748818849516
-0.1364,-0.720173140296381
-0.16687,-0.705635523824999
-0.19675,-0.690201622861496
-0.22599,-0.673925212841321
-0.25456,-0.65686365663649
-0.28243,-0.639075450602504
-0.30956,-0.62061079627488
-0.33594,-0.601533774564163
-0.36153,-0.581895462610527
-0.38631,-0.561749561472067
-0.41026,-0.541150107526878
-0.43337,-0.520157004269869
-0.4556,-0.498810728611925
-0.47695,-0.477164198796146
-0.49741,-0.455271147104233
-0.51695,-0.433169327892655
-0.53558,-0.41091175841725
-0.55328,-0.388539726412304
-0.57005,-0.366098317221282
-0.58588,-0.343626633477438
-0.60078,-0.321172255994351
-0.61473,-0.29876569776831
-0.62773,-0.276437230216341
-0.6398,-0.254230450858153
-0.65093,-0.2321759085104
-0.66112,-0.210299769392233
-0.67039,-0.188638310017953
-0.67873,-0.16721236744142
-0.68616,-0.146051528865368
-0.69268,-0.125176427032513
-0.69831,-0.10461429949537
-0.70304,-0.0843743842544308
-0.7069,-0.0644803357518926
-0.7099,-0.0449516172503217
-0.71204,-0.0257960251346783
-0.71334,-0.0070261573180969
-0.71381,0.0113496124786101
-0.71348,0.0293120902336627
-0.71234,0.0468637768783875
-0.71043,0.0639879382187619
-0.70774,0.0806900621857218
-0.70431,0.0969567190261665
-0.70015,0.112782045579836
-0.69526,0.128174085800967
-0.68967,0.143129954243505
-0.6834,0.157645665242163
-0.67646,0.171724060380118
-0.66886,0.185373617267213
-0.66062,0.198599938444989
-0.65176,0.211406343273597
-0.64229,0.223801780273984
-0.63222,0.235799650826453
-0.62158,0.247401940001315
-0.61038,0.258616284076197
-0.59863,0.269454773253182
-0.58635,0.279925468415846
-0.57355,0.290040446394966
-0.56025,0.299807373856961
-0.54646,0.309237609856137
-0.5322,0.318337835957375
-0.51747,0.327125611041477
-0.5023,0.335604637469162
-0.4867,0.343782151535403
-0.47069,0.351660645713006
-0.45427,0.359253505900983
-0.43746,0.36656774791208
-0.42028,0.373605054505456
-0.40274,0.380370133148164
-0.38485,0.386869976494327
-0.36664,0.393098413833271
-0.34811,0.399060974971453
-0.32928,0.404757648771453
-0.31017,0.410183926067939
-0.2908,0.415331750691784
-0.27118,0.420197775665692
-0.25133,0.424775111488887
-0.23126,0.429061567255002
-0.211,0.433043986850704
-0.19056,0.436715494584212
-0.16997,0.440059651445952
-0.14923,0.443074923399946
-0.12838,0.445742253304737
-0.10743,0.448051155909883
-0.086399,0.449991688064941
-0.065313,0.451549455615095
-0.044191,0.452712062864694
-0.023055,0.453466869264437
-0.0019292,0.453799787479073
0.019164,0.453697316178228
0.040202,0.453146690667744
0.06116,0.45213451312946
0.082011,0.450645670032663
0.10273,0.448665614332244
0.1233,0.44618663507144
0.14369,0.44319647103475
0.16386,0.439672949149302
0.18381,0.435616159800908
0.20349,0.431007259238298
0.22288,0.425834925916343
0.24195,0.420086900311245
0.26068,0.413757992087759
0.27905,0.406848961436569
0.29701,0.399343275599383
0.31455,0.391240585163577
0.33165,0.382546307880647
0.34827,0.373255694716741
0.36439,0.363370822660107
0.38,0.352906712893295
0.39505,0.341858945687803
0.40954,0.330244612484414
0.42345,0.318082987244006
0.43674,0.305379887764553
0.44941,0.29215977378317
0.46143,0.278439351188699
0.47279,0.264243469216365
0.48347,0.249595516135159
0.49345,0.234517096625985
0.50272,0.219035194266004
0.51128,0.203187793769196
0.5191,0.186998531004087
0.52617,0.1704935872204
0.53249,0.153707821112763
0.53805,0.136674686853152
0.54284,0.119425525709511
0.54684,0.101981629834721
0.55007,0.0843850689761625
0.55251,0.0666638238430137
0.55416,0.0488484132392682
0.55501,0.030963019116433
0.55507,0.0130406762328954
0.55434,-0.00488690772087483
0.5528,-0.0228049278101861
0.55048,-0.0406758400686302
0.54736,-0.0584819615260254
0.54345,-0.0762001263708442
0.53876,-0.0938035989670053
0.53329,-0.111271099425944
0.52704,-0.128586546129768
0.52003,-0.145723925502839
0.51227,-0.162657535755977
0.50375,-0.179377630221963
0.49451,-0.195850846183786
0.48455,-0.212055479498368
0.47388,-0.227972629792029
0.46252,-0.243579001442972
0.4505,-0.258841209053504
0.43782,-0.273741028570358
0.42451,-0.288250987600926
0.4106,-0.302337121608475
0.39611,-0.315968752588463
0.38105,-0.32912629455826
0.36547,-0.341770287487687
0.34937,-0.353883518737184
0.3328,-0.365430439456898
0.31578,-0.376384103071174
0.29834,-0.386718068706229
0.28051,-0.396407268543998
0.26232,-0.40542867404957
0.24381,-0.413754384720065
0.22501,-0.421360973972084
0.20595,-0.428229511569438
0.18667,-0.434338073138716
0.16721,-0.439663172509443
0.14759,-0.44419574620689
0.12786,-0.447916685899876
0.10805,-0.450814353375945
0.088194,-0.452880745265974
0.068338,-0.454102387599342
0.048513,-0.454473096768054
0.028756,-0.453988536482181
0.0091038,-0.452646363213873
-0.010407,-0.45044628087613
-0.029742,-0.447391499885719
-0.048865,-0.443486852279128
-0.067742,-0.438740175837618
-0.086339,-0.433161710270961
-0.10462,-0.426762053597639
-0.12256,-0.419560104708348
-0.14012,-0.411570744407728
-0.15727,-0.402812001926381
-0.17398,-0.393304071561519
-0.19021,-0.383061048822842
-0.20595,-0.372113993109064
-0.22115,-0.360477288952895
-0.2358,-0.348181114809276
-0.24987,-0.335252808136294
-0.26332,-0.32170929993793
-0.27614,-0.307580844665684
-0.2883,-0.292892807641581
-0.29978,-0.277673289374401
-0.31056,-0.261951785678556
-0.32062,-0.245758058083397
-0.32995,-0.229128598853006
-0.33852,-0.212089464454759
-0.34632,-0.19467227465581
-0.35334,-0.176912156040565
-0.35958,-0.158853385104922
-0.36502,-0.140531500918697
-0.36965,-0.121981281919105
-0.37347,-0.103243173803073
-0.37649,-0.0843683167689642
-0.37869,-0.0653927267758523
-0.38009,-0.0463686302242072
-0.38068,-0.0273375099631517
-0.38048,-0.00835302352745571
-0.37948,0.0105452356808005
-0.3777,0.0293081628284352
-0.37516,0.0478805883021498
-0.37186,0.0662190119199702
-0.36783,0.0842686326524918
-0.36307,0.101989520535472
-0.35761,0.119332963310144
-0.35148,0.136244827952802
-0.34468,0.152690603678075
-0.33724,0.168630721881766
-0.3292,0.184015595723178
-0.32057,0.198811460453614
-0.31138,0.21298382007455
-0.30166,0.226498925625033
-0.29144,0.23932494322228
-0.28075,0.251432843702571
-0.26962,0.262797045156561
-0.25807,0.273403236879032
-0.24615,0.283224804537249
-0.23387,0.292255908506281
-0.22128,0.300478427535533
-0.20841,0.307879997330461
-0.19529,0.314453588402946
-0.18195,0.320197019781101
-0.16844,0.325097632905027
-0.15477,0.329164566797824
-0.141,0.332387627184228
-0.12715,0.334771181595655
-0.11326,0.336316702800717
-0.099359,0.337031690720432
-0.085488,0.336919675987892
-0.071678,0.33598851732001
-0.057963,0.334247342528384
-0.044378,0.331705512721777
-0.030955,0.328374720727033
-0.017725,0.324269125271125
-0.0047212,0.319403011646149
0.0080272,0.313793470325858
0.020491,0.307459507198945
0.032641,0.300421259775118
0.044451,0.292701536805384
0.055895,0.284324901358144
0.066948,0.275317460136547
0.077588,0.265708114317116
0.087793,0.255527258246704
0.097546,0.244809371779795
0.10682,0.233583889626085
0.11561,0.221891619523604
0.1239,0.209773257215938
0.13167,0.197265291644098
0.13892,0.184414538988086
0.14562,0.171252587439844
0.15179,0.157834742336614
0.1574,0.144196823263832
0.16246,0.13038739359425
0.16696,0.116449006037871
0.17091,0.102432814102091
0.17431,0.0883879206516143
0.17715,0.0743528271048998
0.17945,0.0603783764832055
0.18121,0.0465089328514934
0.18244,0.032789557140822
0.18315,0.0192643593195144
0.18335,0.00597518308290068
0.18305,-0.00703940823435273
0.18227,-0.0197374777966462
0.18103,-0.0320758397018022
0.17934,-0.0440192040795865
0.17721,-0.0555399596957507
0.17468,-0.0665956182860006
0.17176,-0.0771553901894623
0.16847,-0.0871917169296156
0.16484,-0.0966733695240656
0.16089,-0.105574767675508
0.15665,-0.113868548129595
0.15213,-0.121541808632598
0.14737,-0.128571843069488
0.1424,-0.134936410785649
0.13722,-0.140636782280729
0.13188,-0.145656536772174
0.1264,-0.149987964086967
0.12079,-0.153638307896399
0.11509,-0.156604821431421
0.10931,-0.158899278547659
0.10348,-0.160530351517444
0.097607,-0.161521274932369
0.091724,-0.161887441459844
0.085842,-0.161654021796972
0.079981,-0.160846955462106
0.074153,-0.15949821872076
0.068373,-0.157641749714396
0.062653,-0.155314521861651
0.057004,-0.152555819529324
0.051434,-0.149408042506347
0.045951,-0.145915023604012
0.040563,-0.142120603320546
0.03527,-0.138073365652718
0.030079,-0.133819208017013
0.024989,-0.129406485645684
0.02,-0.124883407449042
0.015111,-0.120297392692051
0.010319,-0.115695284672556
0.0056183,-0.111124030149097
0.001005,-0.10662787275174
-0.003528,-0.10224983658634
-0.0079872,-0.0980301225729133
-0.012381,-0.0940067205091322
-0.016719,-0.0902154269430823
-0.02101,-0.0866884252155027
-0.025264,-0.0834547037582479
-0.029493,-0.0805410606005181
-0.033706,-0.0779692679025665
-0.037916,-0.0757590922769596
-0.042134,-0.073926344718228
-0.046369,-0.0724814151633815
-0.050635,-0.0714334143563578
-0.054942,-0.070786898468133
-0.059301,-0.0705430570906854
-0.063722,-0.0706992912327629
-0.068214,-0.0712489863372081
-0.072787,-0.0721829294312354
-0.077449,-0.0734883190882504
-0.082208,-0.0751495604384863
-0.08707,-0.077147520693582
-0.092043,-0.0794620023810339
-0.097128,-0.0820671318172653
-0.10233,-0.0849359486547483
-0.10765,-0.0880382410365724
-0.1131,-0.0913500081244135
-0.11866,-0.0948291495517364
-0.12434,-0.0984422164581251
-0.13014,-0.102156190786835
-0.13605,-0.105931882316423
-0.14206,-0.10972618341664
-0.14817,-0.113501406321621
-0.15438,-0.117225303918503
-0.16066,-0.120848784165976
-0.16702,-0.12434017339995
-0.17343,-0.127653233954672
-0.17989,-0.130753559798754
-0.18637,-0.133595183597174
-0.19286,-0.136139020453277
-0.19935,-0.138352780244826
-0.20582,-0.140203349110915
-0.21223,-0.141643282902768
-0.21858,-0.14264467188746
-0.22484,-0.143174173319988
-0.23099,-0.143202629238881
-0.23699,-0.142690521479681
-0.24283,-0.141613500201723
-0.24847,-0.139938197579476
-0.2539,-0.137647352715697
-0.25907,-0.13470787335555
-0.26397,-0.131104672201293
-0.26857,-0.126823096268597
-0.27283,-0.121842152552913
-0.27673,-0.116151387884474
-0.28023,-0.109734629990597
-0.28332,-0.102594008111488
-0.28596,-0.0947244578727497
-0.28812,-0.086122931549582
-0.28978,-0.0767957498935189
-0.29091,-0.0667494831430878
-0.29149,-0.055998373230575
-0.29149,-0.0445553064182438
-0.29088,-0.0324319459720078
-0.28965,-0.0196536394732724
-0.28777,-0.00624147864304785
-0.28523,0.00777248593856361
-0.28202,0.022348080316262
-0.2781,0.0374617161018402
-0.27349,0.053059345517444
-0.26815,0.0691081108403283
-0.26209,0.0855560953079631
-0.2553,0.102352183180201
-0.24778,0.119439880500436
-0.23952,0.136767302676354
-0.23054,0.154265553681404
-0.22083,0.171876146939943
-0.21039,0.189543289617167
-0.19925,0.207192841294402
-0.1874,0.224767627299657
-0.17486,0.242203723244949
-0.16166,0.259426340740057
-0.1478,0.276376397546729
-0.13331,0.29298718345517
-0.11822,0.309187967577772
-0.10254,0.324921821643398
-0.08631,0.340122676447373
-0.069557,0.354728890413437
-0.052316,0.368678553187394
-0.03462,0.381913122588909
-0.016508,0.394374367151362
0.0019818,0.406006936574639
0.020807,0.416756671487423
0.039926,0.426572917711487
0.059295,0.435408089476269
0.078867,0.443216503871727
0.098597,0.44995724049644
0.11844,0.455594845318024
0.13834,0.460091619112503
0.15825,0.463416244757034
0.17813,0.465549090991435
0.19792,0.466466211363072
0.21757,0.466148732132996
0.23704,0.464590270523465
0.25627,0.461780390237911
0.27523,0.457728334069815
0.29385,0.452429847386871
0.3121,0.445899929061756
0.32992,0.438146926769871
0.34729,0.429203580221432
0.36415,0.419092212534001
0.38047,0.407848683141287
0.3962,0.395504318970973
0.41132,0.382108413441075
0.42579,0.367708878125665
0.43958,0.352358833351041
0.45266,0.33611434092901
0.465,0.319032455437088
0.47658,0.301176978153811
0.48738,0.282615481572124
0.49737,0.263409373255162
0.50654,0.243628186674298
0.51487,0.223338657723579
0.52235,0.202610746019346
0.52897,0.181514967934222
0.5347,0.160105399293149
0.53955,0.138450735331341
0.5435,0.116607143859806
0.54655,0.0946336653874781
0.5487,0.0725897313617603
0.54993,0.0505183409606342
0.55024,0.0284624844518563
0.54964,0.00647096940524898
0.54812,-0.0154192234053908
0.54568,-0.0371746754164672
0.54233,-0.0587587840239361
0.53806,-0.0801485930678572
0.53289,-0.101311021990095
0.5268,-0.122235737637716
0.51982,-0.142894487491212
0.51195,-0.163267941505217
0.50319,-0.183344889501584
0.49356,-0.203106586720991
0.48306,-0.222543899253895
0.47171,-0.241641272902923
0.45952,-0.260386150999731
0.4465,-0.278769073798429
0.43268,-0.296768871664975
0.41807,-0.314370598627396
0.40268,-0.331565022156986
0.38655,-0.348325869327414
0.3697,-0.364628889745458
0.35215,-0.380452363267819
0.33393,-0.395770049390741
0.31507,-0.410553014005376
0.2956,-0.424771167195872
0.27556,-0.438387135556676
0.25498,-0.451366304539102
0.23389,-0.463677452119574
0.21235,-0.475270990961777
0.19038,-0.486113681207826
0.16804,-0.496157026036747
0.14535,-0.505371378315066
0.12238,-0.513706386703808
0.099158,-0.521127704888235
0.075738,-0.527595878376672
0.052164,-0.533076101170271
0.028485,-0.53753487029935
0.004748,-0.540942441109503
-0.018998,-0.543271755263335
-0.042706,-0.54450046904344
-0.066325,-0.544608028927774
-0.089813,-0.543582881707612
-0.11312,-0.541415476519691
-0.13619,-0.538094042895942
-0.15899,-0.533622680412655
-0.18147,-0.528005935602207
-0.20359,-0.521256317230107
-0.2253,-0.513385332732874
-0.24656,-0.504411057700495
-0.26733,-0.494356645520639
-0.28757,-0.483248971337502
-0.30725,-0.471124812644583
-0.32632,-0.45801335662041
-0.34475,-0.443951845899429
-0.36251,-0.428983154328302
-0.37957,-0.413153660807265
-0.3959,-0.396511411965769
-0.41147,-0.379104561433319
-0.42627,-0.36099486709866
-0.44026,-0.342231204786613
-0.45342,-0.322865493780412
-0.46575,-0.302965416589009
-0.47722,-0.28258725928251
-0.48782,-0.261791261408526
-0.49754,-0.240639054997201
-0.50637,-0.219191536740518
-0.5143,-0.197507141358422
-0.52133,-0.175647880723424
-0.52745,-0.153669300976702
-0.53266,-0.131627322144668
-0.53696,-0.10957632152371
-0.54036,-0.0875750091764136
-0.54286,-0.0656762448834622
-0.54446,-0.0439263603589991
-0.54518,-0.0223795570244861
-0.54502,-0.00107971479177623
-0.544,0.0199244259657291
-0.54212,0.0405967482303457
-0.53941,0.0608905472089939
-0.53588,0.0807670770883749
-0.53154,0.100195500986529
-0.52642,0.119137858800139
-0.52054,0.137559316313498
-0.51391,0.155436338813868
-0.50657,0.172733401181827
-0.49854,0.189421495643372
-0.48985,0.205470679606502
-0.48051,0.22086628103592
-0.47057,0.235577182627588
-0.46004,0.249589840737991
-0.44896,0.262883464179302
-0.43736,0.275439771952056
-0.42527,0.287243379210803
-0.41271,0.298289421793672
-0.39974,0.308552435679688
-0.38637,0.318028351191438
-0.37264,0.326708605503219
-0.35858,0.334588973204981
-0.34424,0.341654360888686
-0.32963,0.347911192903452
-0.3148,0.353353778414923
-0.29979,0.35797448196812
-0.28461,0.361786741919885
-0.26932,0.364783901666349
-0.25393,0.366980492143233
-0.23849,0.368378372109496
-0.22302,0.368991525063062
-0.20756,0.368828729845004
-0.19213,0.36790929836728
-0.17676,0.36625328203794
-0.16149,0.363873540352209
-0.14633,0.360799094036353
-0.13131,0.357056533411931
-0.11646,0.352669870719999
-0.10179,0.347675253105258
-0.087331,0.342102163628484
-0.073092,0.335990223481634
-0.059094,0.329377301060017
-0.045352,0.322303264153763
-0.031881,0.314808487208364
-0.018692,0.306935569159295
-0.0057954,0.298728122148984
0.0067995,0.290230115743112
0.019085,0.281485685235101
0.031056,0.272539689681919
0.042708,0.263436642346305
0.054039,0.2542212424456
0.065046,0.24493619045699
0.075731,0.23562489803715
0.086094,0.226328459761161
0.09614,0.217088434809428
0.10587,0.207942406453275
0.1153,0.19893454779922
0.12442,0.190093632840749
0.13326,0.181464516198461
0.14181,0.173073913858018
0.15009,0.164955059396877
0.15812,0.157145213603388
0.16589,0.149661367008829
0.17344,0.142540343061477
0.18076,0.135796648044738
0.18788,0.129455645002658
0.19481,0.123535634170661
0.20156,0.118048394482135
0.20815,0.113007186509183
0.21459,0.108418381883172
0.2209,0.10428969914301
0.22709,0.10062202678679
0.23318,0.0974178163711406
0.23917,0.0946656313813018
0.24508,0.0923576511482759
0.25091,0.0904741174402512
0.25668,0.0890007149803963
0.26239,0.0879128783370937
0.26805,0.0871856229073927
0.27365,0.0867793118942305
0.27921,0.0866655710031329
0.28471,0.0867961423941324
0.29016,0.0871300996847817
0.29556,0.0876260408372124
0.30089,0.0882284507912948
0.30615,0.0888866863873392
0.31133,0.089547997471056
0.31641,0.0901519946605687
0.32139,0.0906486091055155
0.32625,0.0909827544774692
0.33098,0.0911043189478368
0.33555,0.0909539279585493
0.33995,0.0904813189010618
0.34416,0.0896377545291888
0.34816,0.0883772948765775
0.35193,0.0866577710862817
0.35544,0.0844340937409069
0.35867,0.0816677395288893
0.3616,0.0783268449586281
0.36421,0.0743861249890327
0.36646,0.0698118499245527
0.36835,0.0645943312130368
0.36984,0.058714316757485
0.3709,0.0521531282433622
0.37152,0.0449081967327112
0.37168,0.0369829785329812
0.37135,0.0283786633080622
0.37051,0.0191023179197801
0.36914,0.00916587918124898
0.36723,-0.0014074057634803
0.36475,-0.0126002918215689
0.36169,-0.0243857799624033
0.35804,-0.0367294920601894
0.35379,-0.0495917995314083
0.34893,-0.0629297064906457
0.34345,-0.0766984916294359
0.33733,-0.0908605142098271
0.33059,-0.105355186589771
0.32321,-0.120134564799027
0.31519,-0.135147367244844
0.30654,-0.150333620160012
0.29725,-0.165642786406327
0.28734,-0.181011188337012
0.2768,-0.196388562722801
0.26566,-0.211707375040798
0.25391,-0.226917735151677
0.24158,-0.241955943046412
0.22868,-0.25676390091261
0.21522,-0.271289845288939
0.20124,-0.285466613361419
0.18674,-0.299246315516602
0.17175,-0.312576034229651
0.15631,-0.325393181505924
0.14043,-0.337651599200359
0.12414,-0.34930521156061
0.10749,-0.360294863300992
0.090499,-0.370575770332291
0.073205,-0.380102304048969
0.055644,-0.38883129606168
0.037855,-0.396720943011814
0.019878,-0.403731370850587
0.0017521,-0.409826446609039
-0.016479,-0.414971074763994
-0.034772,-0.419132687398674
-0.053083,-0.422281636248975
-0.071366,-0.424390319246136
-0.089577,-0.425435449893839
-0.10767,-0.425396809190736
-0.12559,-0.424250972543027
-0.14331,-0.421993691314109
-0.16076,-0.418604914291664
-0.17791,-0.414082375644033
-0.1947,-0.408416413997762
-0.2111,-0.401614233038469
-0.22705,-0.393674623027215
-0.2425,-0.384597365856532
-0.25743,-0.37440555735516
-0.27178,-0.363111211028131
-0.28551,-0.35073217227449
-0.29857,-0.337283374574856
-0.31094,-0.322799428034734
-0.32257,-0.307307918505435
-0.33342,-0.29083762356169
-0.34346,-0.273425065564695
-0.35267,-0.255119568893004
-0.36101,-0.235964791465503
-0.36845,-0.216006136342246
-0.37497,-0.195296639706538
-0.38056,-0.173901491004544
-0.38518,-0.151871745728416
-0.38882,-0.12926783639124
-0.39148,-0.106163449952842
-0.39313,-0.0826186986264522
-0.39378,-0.058710579970954
-0.39342,-0.0345126771676823
-0.39204,-0.0100936444439179
-0.38966,0.0144617389963413
-0.38627,0.0390804243158072
-0.38189,0.0636788977239083
-0.37653,0.0881751824562298
-0.3702,0.112491106735405
-0.36292,0.136546674172218
-0.35471,0.160263000371024
-0.3456,0.183557280378108
-0.33562,0.206346253266972
-0.32479,0.228556427597429
-0.31314,0.250117308796808
-0.30071,0.270955886918612
-0.28754,0.290999666611049
-0.27366,0.310186504475748
-0.25911,0.328457495332492
-0.24394,0.34575116544083
-0.22819,0.362013651430991
-0.21189,0.377206713081244
-0.1951,0.391284208950977
-0.17787,0.404202913947172
-0.16024,0.41593114741732
-0.14227,0.426433233858931
-0.12399,0.435694051958372
-0.10547,0.443686502135143
-0.086757,0.450392169054568
-0.0679,0.455799233210065
-0.048955,0.459896901708334
-0.029971,0.462681222717864
-0.011006,0.464147733873801
0.0078926,0.46430001879832
0.02667,0.463143053957987
0.045275,0.460685917303023
0.063658,0.456942354362995
0.081767,0.451928124535718
0.099555,0.445664250747759
0.11698,0.438179470973232
0.13398,0.429493490518196
0.15053,0.419645837651185
0.16658,0.408672720999526
0.1821,0.396621715511383
0.19703,0.383526281555472
0.21135,0.369437322715354
0.22502,0.354403756073045
0.23802,0.338486458975558
0.2503,0.321732179239514
0.26185,0.304204603061325
0.27264,0.285964543081258
0.28264,0.267068803146018
0.29183,0.247576718444065
0.3002,0.22755532730052
0.30772,0.20706112212076
0.31439,0.18616256021541
0.32018,0.164913488365714
0.32509,0.143376448092542
0.32911,0.121611621971344
0.33222,0.09966796362511
0.33444,0.077613294718086
0.33573,0.0554840959428141
0.33612,0.0333419795732423
0.3356,0.0112371852787148
0.33416,-0.0107909682658802
0.33181,-0.03269866701094
0.32857,-0.0544326897976701
0.32443,-0.075956273060481
0.3194,-0.0972325611275903
0.31351,-0.118211274645653
0.30676,-0.138855283158028
0.29916,-0.159132100836132
0.29075,-0.178992124035486
0.28154,-0.198395898144325
0.27155,-0.217306244780053
0.26082,-0.235674465902052
0.24936,-0.253466497650995
0.23721,-0.270639236101541
0.2244,-0.287151275330654
0.21096,-0.302964116588833
0.19694,-0.318028275107925
0.18235,-0.332316742494011
0.16725,-0.345784815514165
0.15167,-0.35839734428687
0.13565,-0.370120855157636
0.11924,-0.380917161054665
0.10247,-0.390760516966043
0.085389,-0.399622280054943
0.06804,-0.407477108251417
0.050466,-0.414303423438672
0.032713,-0.42008146190818
0.014821,-0.424798303996209
-0.0031636,-0.428442570043834
-0.021199,-0.431008229059531
-0.039242,-0.432493077092807
-0.05725,-0.432898874909187
-0.075184,-0.432233556532601
-0.093001,-0.430507208339361
-0.11066,-0.427733186355584
-0.12813,-0.423934824197399
-0.14537,-0.41913576577579
-0.16235,-0.413367669734982
-0.17903,-0.406660647714953
-0.19537,-0.399042958425235
-0.21136,-0.390562963271652
-0.22696,-0.381261900690468
-0.24215,-0.371189075115184
-0.25689,-0.360384262611879
-0.27117,-0.348900719300429
-0.28497,-0.33679376059234
-0.29825,-0.324104074747016
-0.31101,-0.310888986403492
-0.32323,-0.297202818615849
-0.33489,-0.283095909570485
-0.34597,-0.268613884673556
-0.35646,-0.253804556026926
-0.36634,-0.238708609693313
-0.37561,-0.223374452112561
-0.38426,-0.207847772852184
-0.39227,-0.192163186657939
-0.39963,-0.176352551660373
-0.40635,-0.16045912924164
-0.41241,-0.144511720735101
-0.4178,-0.128533770389255
-0.42253,-0.112558226456045
-0.42659,-0.0966096949753007
-0.42998,-0.0807124626995165
-0.4327,-0.0648895739343109
-0.43475,-0.0491621234605257
-0.43612,-0.0335413431389403
-0.43682,-0.0180446700049884
-0.43686,-0.00269375671027837
-0.43623,0.0125020185669189
-0.43494,0.0275289374979469
-0.43299,0.0423778447538653
-0.43039,0.057036400135178
-0.42714,0.0714976977805172
-0.42325,0.0857522692053946
-0.41873,0.0997890885466149
-0.41358,0.113603806340506
-0.40782,0.127183015580782
-0.40144,0.140528775761173
-0.39447,0.153626196699077
-0.38691,0.166469510729385
-0.37877,0.17905325372047
-0.37006,0.191372543715049
-0.3608,0.2034158832814
-0.35099,0.215181707542401
-0.34065,0.226661875174728
-0.32979,0.237850715051136
-0.31842,0.248744848755087
-0.30656,0.259335587409514
-0.29422,0.269617724801789
-0.28141,0.279589133307381
-0.26814,0.28925035826891
-0.25444,0.298589422287991
-0.24031,0.307606870701213
-0.22577,0.316298649833168
-0.21083,0.324664614709891
-0.1955,0.332707883073025
-0.1798,0.34042683036149
-0.16374,0.347823543534149
-0.14734,0.354895737769037
-0.1306,0.361652538512085
-0.11353,0.368104717227844
-0.096156,0.374252335777081
-0.07848,0.380104632806062
-0.060515,0.385669919645057
-0.042272,0.390957071707857
-0.023759,0.395977445563991
-0.0049893,0.400740212531006
0.014031,0.40525788972525
0.03329,0.409541087242546
0.052782,0.413603190746757
0.072494,0.417454069346329
0.09242,0.42110566226631
0.11255,0.424568283393812
0.13288,0.42785507478421
0.15339,0.430969243136707
0.17408,0.433920646364063
0.19494,0.436716797556028
0.21595,0.43935567271345
0.23712,0.441849739431702
0.25841,0.444185779495537
0.27984,0.446374526499511
0.30137,0.448401300710579
0.323,0.450260844184416
0.34471,0.451940775096508
0.36648,0.453423239885019
0.3883,0.454693787883557
0.41014,0.455726259719946
0.43198,0.456493108683344
0.45379,0.456958973283743
0.47555,0.457090509332251
0.49723,0.456849491557955
0.5188,0.456194799216302
0.54021,0.455069316396175
0.56144,0.453426787806208
0.58245,0.451216234026684
0.60319,0.448376941579483
0.62362,0.444849490035696
0.6437,0.440577240026983
0.66338,0.43550009976914
0.68261,0.429557015145446
0.70133,0.422680629613839
0.71949,0.41480796047921
0.73704,0.405881524823057
0.75391,0.39583534302733
0.77005,0.384613483707951
0.7854,0.372162586158962
0.79989,0.358425790803037
0.81347,0.343360140748763
0.82606,0.326913282124212
0.83761,0.309049315639373
0.84804,0.289724836764713
0.8573,0.268914202901529
0.86533,0.246599859197318
0.87205,0.222756937817343
0.87741,0.197377999499044
0.88136,0.17047032781333
0.88382,0.142031170673973
0.88476,0.112087187897597
0.8841,0.0806514977480156
0.88182,0.0477707382972367
0.87786,0.0134881373317626
0.87218,-0.0221418226524178
0.86474,-0.0590567214141521
0.85551,-0.097181730436948
0.84446,-0.136433778033228
0.83156,-0.176725176682773
0.81681,-0.217944537850958
0.80018,-0.259986438863713
0.78166,-0.302738270843347
0.76126,-0.346069900841883
0.73898,-0.389848044796891
0.71482,-0.433940611045855
0.6888,-0.478205460740854
0.66094,-0.522496475520464
0.63127,-0.566661225297801
0.59982,-0.610546721862482
0.56662,-0.654004146910831
0.53173,-0.696870440457621
0.49518,-0.738998272927857
0.45704,-0.780228089899867
0.41736,-0.820410338492349
0.37621,-0.859393594373062
0.33366,-0.8970298902768
0.28978,-0.933178970050323
0.24466,-0.967696771992522
0.19837,-1.00045586860066
0.151,-1.03133196372064
0.10265,-1.06020035473914
0.053413,-1.08694567953731
0.0033819,-1.11146444450111
-0.047343,-1.13366122495326
-0.098653,-1.15344465942939
-0.15044,-1.17073076594047
-0.20261,-1.18545540112736
-0.25503,-1.19754450472251
-0.30761,-1.20695099872563
-0.36022,-1.2136224160093
-0.41275,-1.21751929729091
-0.4651,-1.21862224934032
-0.51713,-1.21690010070493
-0.56874,-1.21234365856208
-0.61981,-1.204947921218
-0.67023,-1.19471977811061
-0.71989,-1.18167645737672
-0.76866,-1.1658291557942
-0.81645,-1.14721431176548
-0.86314,-1.12586632602039
-0.90862,-1.10182514967993
-0.9528,-1.07514958115452
-0.99555,-1.04588305329109
-1,-0.986875385192029
-1,-0.902052568248128
-1,-0.798546291690599
-1,-0.682625722202904
-1,-0.55972623553289
-1,-0.434485905771255
-1,-0.31078863796273
-1,-0.191812758969263
-1,-0.0800838561912084
-1,0.0224693334741397
-1,0.114457138074042
-1,0.194970353250267
-1,0.263521830053934
-1,0.319989143268159
-1,0.364559124899042
-1,0.397674931869447
-1,0.419986199947997
-1,0.432302720596065
-1,0.435551966231438
-1,0.430740684416649
-1,0.418920684259207
-1,0.401158850022522
-1,0.378511338378078
-1,0.352001847335092
-1,0.322603786824368
-1,0.291226133096754
-1,0.258702711219258
-1,0.2257846215344
-1,0.193135506372615
-1,0.161329341849869
-1,0.130850435444463
-1,0.102095312382427
-1,0.0753761818014501
-1,0.0509256863395035
-1,0.0289026553539877
-1,0.00939860160126624
-0.98935,0.000323685580229794
-0.94229,0.0268682259951173
-0.89327,0.0829753920745596
-0.8424,0.162943101177681
-0.78977,0.26148174760833
-0.73548,0.373735764095388
-0.67964,0.495296818213581
-0.62237,0.62220908641587
-0.56378,0.750982000422795
-0.50399,0.878578348909009
-0.44312,1.00240429614759
-0.38129,1.12029313220175
-0.31862,1.23048376961792
-0.25526,1.33157279531981
-0.19131,1.4225272835535
-0.12692,1.50261266448426
-0.06222,1.57137931445125
0.002669,1.62863654607263
0.067606,1.67440350964339
0.13246,1.70888612483146
0.1971,1.73244578955791
0.2614,1.74557320310258
0.32522,1.74884910541679
0.38844,1.74293458938735
0.45092,1.72853070781945
0.51254,1.7063735153202
0.57317,1.67720601797018
0.63269,1.64176923602392
0.69099,1.60079414222417
0.74793,1.55496497586567
0.80341,1.50494184146192
0.85731,1.45133442804191
0.90953,1.39471105358948
0.95995,1.33557684439985
1,1.26812066709384
1,1.16596573277611
1,1.03840087375728
1,0.893610258421131
1,0.738708244973169
1,0.579784319459118
1,0.421956727253377
1,0.269433305139556
1,0.125577978669071
1,-0.00701860277182749
1,-0.126465771703721
1,-0.231498285488564
1,-0.321401795170843
1,-0.395939502562775
1,-0.455281028936434
1,-0.499934372496639
1,-0.530681683075609
1,-0.548519435192686
1,-0.554603438076772
1,-0.550198986146989
1,-0.536636327897259
1,-0.515271516705587
1,-0.487452604875452
1,-0.454491052866539
1,-0.417638149454499
1,-0.378066175413372
1,-0.336853992898607
1,-0.294976704451144
1,-0.253298998686637
1,-0.21257178337943
1,-0.173431699797232
1,-0.136403113721882
1,-0.101902187502414
1,-0.0702426526210821
1,-0.0416429225213158
1,-0.01623420979769
1,0.00593066071405468
1,0.0248680218116633
1,0.0406539647231913
1,0.0534149873304318
0.97127,0.042064171576378
0.9296,0.00188027214456839
0.88705,-0.0613016739636702
0.84373,-0.142101695608746
0.79973,-0.235632560395564
0.75515,-0.337502417406828
0.71008,-0.443825228605166
0.66462,-0.551206764660777
0.61885,-0.656747441258614
0.57287,-0.758006123602844
0.52677,-0.852984472452112
0.48064,-0.94009801444579
0.43454,-1.01816626807173
0.38858,-1.08633659687071
0.34282,-1.14408926423318
0.29734,-1.19118165881039
0.25222,-1.22761115309418
0.20751,-1.25360102554155
0.1633,-1.26953113058645
0.11965,-1.27592916429768
0.076601,-1.2734509323712
0.034229,-1.26282035994021
-0.0074176,-1.24482474845253
-0.048289,-1.22028688639864
-0.088338,-1.19004362727029
-0.12752,-1.15492727759381
-0.1658,-1.11575493696258
-0.20313,-1.07330267489286
-0.23949,-1.02831525091266
-0.27483,-0.981471078762131
-0.30915,-0.933414169696858
-0.34241,-0.884713582702622
-0.37459,-0.835876517425665
-0.40568,-0.787352605223294
-0.43566,-0.739523694014985
-0.46452,-0.692711863674703
-0.49225,-0.64717981198359
-0.51884,-0.603132549860972
-0.5443,-0.560734965482674
-0.56861,-0.520090010272557
-0.59178,-0.48126711272428
-0.61381,-0.444296424316404
-0.63472,-0.409187496782065
-0.65449,-0.375900624583887
-0.67316,-0.344399135662947
-0.69071,-0.314602880398153
-0.70717,-0.2864334159815
-0.72255,-0.25979880095986
-0.73686,-0.234596689857364
-0.75012,-0.210724688538095
-0.76234,-0.188074106520921
-0.77353,-0.16653266903178
-0.78372,-0.146001768615345
-0.79292,-0.126380610266495
-0.80116,-0.107583238213333
-0.80845,-0.089522437286676
-0.81481,-0.0721191099022992
-0.82026,-0.0553023421513511
-0.82483,-0.0390167510221979
-0.82853,-0.0232059108560894
-0.83138,-0.00782128494879757
-0.83341,0.0071707171153247
-0.83463,0.0218055674136619
-0.83508,0.0360971084963704
-0.83476,0.0500709023761539
-0.8337,0.0637390122735209
-0.83191,0.0771169961281383
-0.82943,0.0902005152796114
-0.82627,0.102991362180474
-0.82244,0.11549609249658
-0.81798,0.127702622245064
-0.81289,0.139613621091581
-0.8072,0.151221280840969
-0.80092,0.162524245039737
-0.79408,0.173511508315107
-0.78669,0.184179283167374
-0.77876,0.194529627853362
-0.77033,0.204547013937172
-0.7614,0.214231669272784
-0.752,0.223574279793155
-0.74213,0.232580238115313
-0.73182,0.241244437917173
-0.72108,0.249568216320222
-0.70993,0.25755065387887
-0.69839,0.265189021007409
-0.68647,0.272486581209031
-0.67419,0.279443937613547
-0.66156,0.28606692252043
-0.6486,0.292358028660666
-0.63532,0.298324381091304
-0.62174,0.303969247714088
-0.60787,0.309300086689312
-0.59372,0.314327526272584
-0.57931,0.319057063495316
-0.56466,0.323489893344449
-0.54977,0.327638474019718
-0.53466,0.331509199005182
-0.51934,0.335110774898893
-0.50381,0.33846090952361
-0.4881,0.341561883643055
-0.4722,0.34443302549792
-0.45613,0.34708466670913
-0.4399,0.34952696542658
-0.4235,0.351784409661511
-0.40696,0.353862758679274
-0.39027,0.355782041357861
-0.37343,0.357565796411318
-0.35646,0.359224913471673
-0.33936,0.360774504202698
-0.32212,0.362239987241268
-0.30475,0.36363954037726
-0.28725,0.36499232433402
-0.26962,0.366317676976379
-0.25186,0.367634453260418
-0.23396,0.368967896894739
-0.21593,0.370332819926844
-0.19777,0.3717424923427
-0.17947,0.373215837293057
-0.16102,0.374775691677298
-0.14243,0.376432510346598
-0.12368,0.378208524781106
-0.10479,0.380105131212018
-0.085735,0.382140008364238
-0.066523,0.384318922766968
-0.047147,0.386648819190212
-0.027607,0.389132066134854
-0.0079042,0.391766229680287
0.011967,0.394549936062668
0.032004,0.397476484090469
0.052204,0.400534760440148
0.072566,0.403711578998852
0.093085,0.406989342973495
0.11376,0.41035020683191
0.13458,0.413769098923003
0.15553,0.417212736942549
0.17662,0.42066051392231
0.19783,0.424080354050826
0.21915,0.427439156723795
0.24056,0.430696462761005
0.26205,0.433814353906507
0.28361,0.43675799654916
0.30521,0.439481235549856
0.32685,0.441952278574805
0.34851,0.444137072987206
0.37015,0.445985989179295
0.39177,0.447467877355664
0.41334,0.448545289827638
0.43484,0.449184282344878
0.45625,0.449354839498732
0.47752,0.449008939042024
0.49865,0.448122513005644
0.5196,0.44666210017949
0.54034,0.444595207711848
0.56083,0.441883843098856
0.58105,0.438501638657699
0.60096,0.43441777949655
0.62053,0.429606361687816
0.63971,0.42403161880598
0.65847,0.417665853942153
0.67676,0.410474100805855
0.69456,0.402438937147708
0.71181,0.393528263161984
0.72847,0.383714086333736
0.74449,0.372965359281227
0.75985,0.361271878249477
0.77448,0.348603843341927
0.78834,0.33493893375834
0.80139,0.320261738936743
0.81359,0.304563129225186
0.82489,0.287832188796646
0.83523,0.270049746693999
0.8446,0.251227742246671
0.85293,0.231358791422421
0.86019,0.210449987551946
0.86634,0.188512768041068
0.87135,0.165569420328522
0.87518,0.141643235541196
0.87781,0.116772713789642
0.8792,0.0909930100846147
0.87933,0.0643506203431036
0.87817,0.0368927005137033
0.87572,0.00868799479450112
0.87195,-0.0202012649738582
0.86686,-0.0496975038437113
0.86043,-0.0797276153536527
0.85267,-0.110201878599144
0.84357,-0.141034424629056
0.83312,-0.172144893020272
0.82135,-0.203430096812373
0.80826,-0.234793589110358
0.79385,-0.266147180513128
0.77816,-0.297382423339438
0.76118,-0.328414762175244
0.74295,-0.359144588206555
0.72349,-0.389478058297801
0.70283,-0.41932157008129
0.681,-0.448584739837833
0.65803,-0.477182754810066
0.63396,-0.505030761563325
0.60883,-0.532046765531931
0.58267,-0.558161313114582
0.55554,-0.583295407581588
0.52748,-0.607379947121999
0.49853,-0.630356353109164
0.46875,-0.652162026039882
0.43818,-0.672748313048889
0.40689,-0.69205764454269
0.37493,-0.710042310339793
0.34234,-0.726671935416889
0.3092,-0.741902074307983
0.27555,-0.75570841296292
0.24147,-0.768054623933284
0.207,-0.778925921174917
0.17222,-0.788296356227649
0.13718,-0.796154499279675
0.10194,-0.802494151172496
0.066577,-0.807301521556946
0.031145,-0.810574639506983
-0.0042919,-0.812314181968893
-0.03967,-0.812523753580845
-0.074928,-0.811211482699109
-0.11,-0.808385980598811
-0.14483,-0.804063763376835
-0.17935,-0.798258798875665
-0.21351,-0.790996302818726
-0.24724,-0.782295427948864
-0.28049,-0.772185018173365
-0.3132,-0.760693831514102
-0.34531,-0.747850025030338
-0.37676,-0.733680715707401
-0.40752,-0.718233810772726
-0.43751,-0.701535869033675
-0.4667,-0.683632614346289
-0.49503,-0.664561887764311
-0.52246,-0.644369005498669
-0.54894,-0.623096720618861
-0.57443,-0.600791961543858
-0.5989,-0.577511126814873
-0.6223,-0.553301893593424
-0.64461,-0.528225730224631
-0.66578,-0.502331275881163
-0.68579,-0.475677562870613
-0.70462,-0.448330248049717
-0.72224,-0.420350988109066
-0.73864,-0.391811138566487
-0.75378,-0.362765531316233
-0.76767,-0.333290905098023
-0.78029,-0.30345712122568
-0.79163,-0.273333704933415
-0.80169,-0.242995092757635
-0.81046,-0.212509917519991
-0.81794,-0.181947287267317
-0.82414,-0.151381808978015
-0.82907,-0.12089008325448
-0.83272,-0.0905330135583395
-0.83512,-0.0603863035693072
-0.83627,-0.0305128650030465
-0.83619,-0.000977876500588062
-0.83489,0.0281613459314702
-0.83239,0.0568485290004662
-0.82872,0.0850229258248619
-0.8239,0.112629777638948
-0.81794,0.139628597896518
-0.81088,0.165969904662058
-0.80273,0.191621074037071
-0.79354,0.216534960420325
-0.78332,0.240684141045209
-0.7721,0.264043622154615
-0.75992,0.286584228140968
-0.74681,0.308282150522634
-0.73279,0.329126489261434
-0.71791,0.349095399385033
-0.70219,0.368181501998916
-0.68566,0.386382385633101
-0.66836,0.403692804957168
-0.65033,0.42010583036165
-0.63158,0.435635979120437
-0.61217,0.450278114561751
-0.59211,0.464048759466533
-0.57145,0.476952237220361
-0.55021,0.489005445872687
-0.52844,0.500213089686983
-0.50615,0.510599777963737
-0.48338,0.520183584370049
-0.46017,0.528977067344746
-0.43655,0.536995592575738
-0.41254,0.544263944199391
-0.38819,0.550791805126259
-0.36352,0.556598733668468
-0.33856,0.561704431500924
-0.31335,0.566120880379814
-0.28792,0.56986097115827
-0.2623,0.572938020063094
-0.23652,0.575365356480483
-0.21062,0.577148580692418
-0.18462,0.578301698876529
-0.15856,0.578830318147436
-0.13247,0.578740500104187
-0.10638,0.578038479361766
-0.080337,0.576717853687159
-0.054356,0.574785821715815
-0.028476,0.572242563972406
-0.002729,0.56908773849061
0.022853,0.565320548684594
0.048238,0.560939812368745
0.073396,0.555945509833189
0.098293,0.550335567253869
0.1229,0.544109976591617
0.14719,0.537271848071529
0.17112,0.529814867769912
0.19468,0.521749674242826
0.21782,0.513070691756743
0.24053,0.503788988892254
0.26277,0.493906557824266
0.28452,0.483432802318896
0.30575,0.472375442238223
0.32643,0.46074062100148
0.34653,0.448533025402752
0.36605,0.435778208575795
0.38494,0.422480876738717
0.40319,0.408658363270842
0.42077,0.394322891789024
0.43768,0.379504395059291
0.45388,0.364216670751659
0.46935,0.348474883003041
0.4841,0.332317015794951
0.49809,0.315761407363485
0.51131,0.298832184954055
0.52375,0.281557406166515
0.5354,0.263967455632359
0.54625,0.246093683157666
0.55629,0.22796726805161
0.56551,0.20961829323887
0.5739,0.191075011935181
0.58146,0.17237068723448
0.58818,0.153534173330015
0.59405,0.134589821701191
0.59908,0.115572301985048
0.60327,0.0965160901610605
0.6066,0.0774395971998402
0.60909,0.0583771524568073
0.61072,0.0393451945886429
0.61152,0.0203820490645877
0.61147,0.00150545771983006
0.61058,-0.017261955078157
0.60887,-0.0358870831838847
0.60633,-0.054351674139432
0.60298,-0.0726279934962176
0.59882,-0.0906964414640213
0.59386,-0.108537352494971
0.58813,-0.126116991017965
0.58163,-0.143413600220645
0.57438,-0.160401108874777
0.56639,-0.177058306884147
0.55769,-0.19335392459508
0.54829,-0.209264449787618
0.53821,-0.224766100823144
0.52748,-0.239828368403083
0.51611,-0.254431170896827
0.50414,-0.268541432952611
0.49159,-0.282131524244227
0.47848,-0.295179188380663
0.46483,-0.307667358400183
0.45069,-0.319561685903502
0.43606,-0.330852039879974
0.42098,-0.341518767081075
0.40548,-0.351542728227086
0.38958,-0.360913363404152
0.37331,-0.369620179457996
0.3567,-0.377653279363147
0.33977,-0.385011160960125
0.32255,-0.39169198740696
0.30507,-0.397693945536332
0.28735,-0.403022915508103
0.26942,-0.407683649969843
0.2513,-0.411687472817104
0.23302,-0.41504350537615
0.2146,-0.417766426786362
0.19606,-0.419875171330831
0.17743,-0.421384355127811
0.15874,-0.422304848670971
0.14,-0.422659104550086
0.12125,-0.422456215764411
0.10249,-0.421723914924414
0.08376,-0.420474697794569
0.065073,-0.418728450971856
0.046452,-0.416503111444821
0.027918,-0.413816052703452
0.0094885,-0.410686310359549
-0.0088142,-0.407130181527801
-0.026973,-0.40316513224471
-0.04497,-0.398808467489756
-0.062788,-0.394077363884458
-0.08041,-0.388988520195732
-0.097819,-0.383557731218767
-0.115,-0.377801038869432
-0.13194,-0.371735647355323
-0.14862,-0.365374708006572
-0.16503,-0.358734308214196
-0.18116,-0.351832368323622
-0.19699,-0.344680306365542
-0.21251,-0.337291272858521
-0.22771,-0.329679342758229
-0.24257,-0.321851443210163
-0.25708,-0.313815819829495
-0.27124,-0.30558882753413
-0.28502,-0.297170614384617
-0.29843,-0.288577713371235
-0.31144,-0.279809718919135
-0.32404,-0.270867244176709
-0.33623,-0.261758970100645
-0.348,-0.252492340453454
-0.35932,-0.243058701518256
-0.37019,-0.233458716399508
-0.3806,-0.223693030633031
-0.39054,-0.213762161023908
-0.39999,-0.203659017769716
-0.40895,-0.193385266722891
-0.41739,-0.182927316850339
-0.42531,-0.172281743824341
-0.4327,-0.161445943313562
-0.43953,-0.150403193374671
-0.44581,-0.139155360339039
-0.45152,-0.127697019652114
-0.45664,-0.116016985809023
-0.46116,-0.104107088063362
-0.46508,-0.0919691761171143
-0.46838,-0.0795983334883567
-0.47105,-0.0669917149566346
-0.47307,-0.0541408214133197
-0.47445,-0.0410550098307697
-0.47517,-0.0277356132971125
-0.47521,-0.0141774782298938
-0.47458,-0.000392551270313065
-0.47327,0.0136085252235869
-0.47127,0.0278164182366169
-0.46858,0.0422156883203751
-0.46519,0.0567937692042969
-0.46109,0.0715407445259136
-0.4563,0.0864269192297481
-0.4508,0.101437028297275
-0.44459,0.11655307200311
-0.43769,0.131740568480643
-0.43009,0.146974882212663
-0.4218,0.162225223432013
-0.41283,0.177456722302935
-0.40318,0.192639614950352
-0.39286,0.207741743051049
-0.38189,0.22272258693703
-0.37028,0.237543474879162
-0.35804,0.252168384794046
-0.34519,0.266557147457501
-0.33175,0.280667487045648
-0.31775,0.294449335539014
-0.30319,0.307870053666984
-0.28812,0.320875160634046
-0.27254,0.333431225225125
-0.2565,0.345485943242657
-0.24003,0.356988235740071
-0.22314,0.367904426619467
-0.20588,0.378186481385918
-0.18829,0.387783769209598
-0.17039,0.396660010642278
-0.15222,0.404777003224319
-0.13382,0.412096360489982
-0.11524,0.418573522251462
-0.0965,0.424182675963148
-0.077654,0.428889034311753
-0.058739,0.432664448440306
-0.039797,0.435483544850357
-0.020868,0.437325719849653
-0.0019962,0.438172035227821
0.016778,0.43800858431909
0.035411,0.436823889532684
0.053861,0.434610430266132
0.072088,0.43136575997115
0.090046,0.427087492501131
0.1077,0.421781816451541
0.12499,0.415443489695167
0.1419,0.408091023629339
0.15837,0.399729324524498
0.17437,0.390374646738264
0.18985,0.380037401545317
0.20478,0.368738016396952
0.21912,0.356497247480247
0.23283,0.343335738361832
0.24587,0.329273638791096
0.25822,0.314345079505442
0.26984,0.298579874899709
0.28071,0.28201844973369
0.29078,0.264686584196719
0.30005,0.246634578097405
0.30848,0.227901594493577
0.31607,0.208546358046057
0.32278,0.188612190938299
0.32861,0.168158368827699
0.33355,0.147247969030381
0.33759,0.125945351463435
0.34073,0.104321456768091
0.34296,0.08244307911128
0.3443,0.0603938781053353
0.34474,0.038246468735543
0.34429,0.016077154469409
0.34298,-0.00602233193988961
0.34081,-0.0279727719495475
0.33781,-0.0496853204348774
0.33399,-0.0710809309753048
0.32939,-0.0920688106129363
0.32404,-0.112558972446242
0.31796,-0.132472360391297
0.31119,-0.151726576939375
0.30377,-0.170239286649334
0.29573,-0.187938375038803
0.28712,-0.204747708377089
0.27798,-0.220597966424448
0.26835,-0.235427815325945
0.25829,-0.249169867967897
0.24783,-0.261776511488671
0.23702,-0.273203240901787
0.22591,-0.283409943198815
0.21455,-0.292361807706831
0.20299,-0.300029910682649
0.19127,-0.306398918081416
0.17944,-0.311458136567653
0.16755,-0.315201554647387
0.15565,-0.317627722741566
0.14377,-0.318754301159662
0.13197,-0.318592280976603
0.12028,-0.31716971642867
0.10875,-0.314513386854083
0.097425,-0.310652495662454
0.08633,-0.305632633505449
0.07551,-0.299496982308742
0.064998,-0.292294847196036
0.054826,-0.28408018432681
0.045027,-0.274908764861689
0.035626,-0.264842446868006
0.026652,-0.253943534641004
0.018128,-0.242277565892349
0.010075,-0.229912464962397
0.0025116,-0.216918046159435
-0.004545,-0.203364776935218
-0.01108,-0.189323456462285
-0.017085,-0.174867861545731
-0.022545,-0.16006714456482
-0.027456,-0.144992800865819
-0.031814,-0.129716049490912
-0.035613,-0.114304215828224
-0.038856,-0.0988260181443743
-0.041544,-0.0833476269090705
-0.043679,-0.0679317466468556
-0.045267,-0.0526391581898574
-0.046317,-0.0375292506152904
-0.046838,-0.0226582501634639
-0.04684,-0.00807859884571817
-0.046339,0.00615776310406211
-0.045347,0.0200041433177828
-0.04388,0.0334168768171323
-0.041957,0.0463542022326146
-0.039594,0.0587797446622577
-0.036813,0.0706585255876424
-0.033634,0.081959623415695
-0.030078,0.0926559870477993
-0.026169,0.102722698183555
-0.02193,0.112138462628983
-0.017385,0.120885226272034
-0.012559,0.128947767676136
-0.0074777,0.136313502033591
-0.0021668,0.142972754891074
0.0033478,0.148918740919044
0.0090368,0.154145085226123
0.014874,0.158648600757986
0.020832,0.162428242840494
0.026881,0.16548330263987
0.032993,0.167815026119529
0.039137,0.169424295677502
0.045286,0.170314926722112
0.051406,0.170488091838453
0.057469,0.169947488960739
0.063443,0.168696025342774
0.069298,0.166737585320957
0.075003,0.164076193213837
0.080527,0.160716058379684
0.085839,0.1566615908918
0.090911,0.151919613605396
0.095712,0.146496632201551
0.10021,0.140398108628277
0.10439,0.133641203731518
0.10821,0.126232192773242
0.11166,0.118192167826875
0.1147,0.109531499479216
0.11732,0.100273895101727
0.1195,0.0904458466904394
0.12122,0.0800754409803493
0.12246,0.0691913385231581
0.12321,0.0578293118199019
0.12346,0.0460299178986721
0.1232,0.0338364808648994
0.12242,0.0212933702780701
0.12111,0.00844455889979484
0.11927,-0.00466016044651128
0.1169,-0.0179677339400161
0.114,-0.0314240165754243
0.11058,-0.0449681789257185
0.10664,-0.0585431904331364
0.10218,-0.0720968056997477
0.097231,-0.0855593372029926
0.091787,-0.0988765053948654
0.085868,-0.111988948797915
0.079489,-0.12483879973706
0.072668,-0.13736904766408
0.065424,-0.149524504876246
0.057778,-0.161251817657551
0.049752,-0.172500185095406
0.041372,-0.183219668431624
0.032659,-0.193366475376394
0.023642,-0.202897456518143
0.014347,-0.211773796374066
0.0047999,-0.219961735657013
-0.0049694,-0.227429993578174
-0.014933,-0.234152062568797
-0.025063,-0.240106451126024
-0.035329,-0.24527489482832
-0.045704,-0.249645185027228
-0.056157,-0.253207806617719
-0.066662,-0.255959800100041
-0.07719,-0.257901770489819
-0.087713,-0.259038323026588
-0.098203,-0.259377547618212
-0.10864,-0.25893640640974
-0.11898,-0.257721151723617
-0.12923,-0.25576726250304
-0.13934,-0.253090974130714
-0.14929,-0.249715022754173
-0.15907,-0.245674394201129
-0.16866,-0.241005828332073
-0.17804,-0.235746680402859
-0.18719,-0.229933948278402
-0.1961,-0.223610857176656
-0.20474,-0.216809782273118
-0.21312,-0.209583108214315
-0.22121,-0.201968386499194
-0.22901,-0.194012379304657
-0.23651,-0.185760581349731
-0.2437,-0.177256178379586
-0.25058,-0.168546633450679
-0.25713,-0.159666668743858
-0.26336,-0.150661832243478
-0.26926,-0.141570211039095
-0.27483,-0.132430057620006
-0.28006,-0.123271117562
-0.28497,-0.114137430860104
-0.28954,-0.105053558173542
-0.29377,-0.0960422251395686
-0.29767,-0.0871311798275593
-0.30125,-0.078351199827809
-0.30449,-0.0697122192079229
-0.3074,-0.0612289918303631
-0.30999,-0.0529194631713373
-0.31226,-0.0447959945919204
-0.3142,-0.0368584378914267
-0.31583,-0.0291184640471993
-0.31714,-0.0215745033723726
-0.31814,-0.0142288848914767
-0.31883,-0.00707937140237374
-0.3192,-0.000112469173514894
-0.31926,0.00667947449352903
-0.31901,0.0133068096900691
-0.31845,0.0197819756762011
-0.31757,0.0261263368828127
-0.31638,0.0323532559533472
-0.31487,0.0384842192061878
-0.31304,0.0445394125051026
-0.31088,0.050544934156847
-0.30838,0.0565310400728604
-0.30556,0.062508409650433
-0.30239,0.0685086618022272
-0.29887,0.0745572838576425
-0.295,0.0806741469352327
-0.29077,0.0868814352674578
-0.28618,0.0931951669387332
-0.28122,0.0996332967959766
-0.27588,0.106214789688126
-0.27016,0.112951443349644
-0.26406,0.119848865845948
-0.25757,0.126914808784742
-0.25069,0.134151034567574
-0.24342,0.141554312070389
-0.23575,0.149124744702217
-0.22768,0.156857612013056
-0.21921,0.164744322201688
-0.21035,0.17276588625134
-0.20109,0.180910122456639
-0.19144,0.189155777549611
-0.1814,0.197482168061568
-0.17097,0.205869555060863
-0.16018,0.214277249266077
-0.14901,0.222685687723856
-0.13749,0.231055863095381
-0.12562,0.239356320595091
-0.11341,0.247555154639214
-0.10088,0.255613596547073
-0.088042,0.263494353588472
-0.074909,0.271161655900386
-0.061496,0.278580540004756
-0.047821,0.285715531806653
-0.033899,0.292534054281778
-0.019748,0.299004679172038
-0.0053847,0.305098884965605
0.0091728,0.310790415358014
0.023906,0.316055454710538
0.038797,0.320873454554685
0.053827,0.325226612303313
0.068977,0.329099901576685
0.084227,0.332480433820059
0.099557,0.335357626165354
0.11495,0.33772549256427
0.13038,0.339575490747265
0.14583,0.340904127195847
0.16128,0.34171007205137
0.1767,0.341986591207468
0.19208,0.341737761910939
0.20739,0.34096166904847
0.22261,0.339659194157914
0.23772,0.337833616293886
0.25269,0.335482821684758
0.26751,0.332615340403276
0.28214,0.329226004942289
0.29656,0.325313651888829
0.31075,0.320880480502878
0.32468,0.315924050023923
0.33833,0.310445733787502
0.35168,0.304450032501568
0.36469,0.297929141820214
0.37734,0.290880403996794
0.3896,0.283298045050379
0.40146,0.275188787465637
0.41288,0.266547131126337
0.42385,0.257380119495134
0.43432,0.247675194910236
0.4443,0.237448755895434
0.45374,0.226695791916571
0.46262,0.215416405010127
0.47093,0.203622249544284
0.47864,0.191319242050581
0.48574,0.178523354966028
0.49219,0.165236094722441
0.49799,0.151476874228208
0.50312,0.137264259831065
0.50756,0.12261566837188
0.51129,0.107547134978319
0.51431,0.0920879418461201
0.51658,0.0762476789264478
0.51812,0.0600641515081877
0.51889,0.0435524985577646
0.51889,0.0267387173346837
0.51812,0.00965680001930557
0.51655,-0.00767597477909183
0.51419,-0.0252267713044416
0.51104,-0.0429585800818104
0.50707,-0.0608543005108115
0.5023,-0.0788764904645038
0.49672,-0.096994630090027
0.49032,-0.115184735695695
0.48312,-0.133406709061508
0.4751,-0.151638277876175
0.46628,-0.169842732428172
0.45667,-0.187980285115908
0.44626,-0.206024705544852
0.43507,-0.223939415849257
0.42311,-0.241688085719614
0.4104,-0.259228374697263
0.39693,-0.276536641661211
0.38275,-0.293560825084573
0.36786,-0.310264560530934
0.35228,-0.326610566538618
0.33603,-0.342562091682207
0.31916,-0.358061880883245
0.30167,-0.373074923780101
0.2836,-0.387555785368239
0.26499,-0.40145214484826
0.24586,-0.414722620232029
0.22626,-0.427313885864096
0.20621,-0.439186928804063
0.18577,-0.450286077860691
0.16496,-0.460573652445985
0.14384,-0.469998263832903
0.12245,-0.478514007844132
0.10083,-0.486081004511047
0.079034,-0.492655336578929
0.057105,-0.498199540274404
0.035092,-0.502678325074611
0.013044,-0.506059511191276
-0.0089886,-0.508313669689047
-0.030959,-0.509417458693478
-0.052813,-0.509348016456167
-0.074506,-0.508090997534249
-0.095986,-0.505634248667604
-0.1172,-0.501967377673455
-0.13811,-0.497093179857968
-0.15866,-0.491012086603607
-0.17881,-0.483734820804412
-0.19851,-0.475273077390882
-0.21772,-0.465646756285248
-0.23639,-0.454874759477685
-0.2545,-0.442997157912292
-0.27198,-0.43003331173525
-0.28882,-0.416029971838498
-0.30498,-0.401032742487947
-0.32043,-0.385092668226586
-0.33513,-0.368256563117066
-0.34906,-0.350581470149194
-0.3622,-0.332131220450347
-0.37453,-0.312973450456248
-0.38603,-0.293177056984545
-0.39668,-0.272810066502407
-0.40647,-0.25194528996734
-0.41538,-0.230649920887447
-0.42342,-0.209006841394991
-0.43057,-0.187086975801688
-0.43684,-0.16497165570457
-0.44221,-0.142725956525467
-0.44669,-0.120421965402691
-0.45029,-0.0981351319010309
-0.453,-0.0759264240871019
-0.45485,-0.053872668053734
-0.45582,-0.0320240010093821
-0.45594,-0.0104442066636165
-0.45523,0.0108015214678796
-0.45368,0.0316712772114736
-0.45133,0.0521065966653762
-0.44819,0.0720599464829242
-0.44428,0.0914870103290763
-0.43962,0.110347793797261
-0.43424,0.128600005093824
-0.42815,0.1462159640399
-0.4214,0.163151470111334
-0.414,0.179380295224539
-0.40599,0.194869736301425
-0.39739,0.209598054736549
-0.38824,0.223538650546889
-0.37858,0.236662209612578
-0.36843,0.248953278649022
-0.35783,0.260393673812342
-0.34682,0.270963957793657
-0.33542,0.280659435799839
-0.32369,0.28945827529627
-0.31164,0.297362799885494
-0.29933,0.304358167155843
-0.28678,0.310446056310296
-0.27403,0.315626994125973
-0.26112,0.319900917088066
-0.24807,0.323282408406702
-0.23494,0.325768202555722
-0.22174,0.32737799511011
-0.20852,0.328120153031337
-0.1953,0.328016125131593
-0.18212,0.327082769923299
-0.169,0.325347793769047
-0.15599,0.322824903614128
-0.14309,0.319553285105072
-0.13035,0.315554778307137
-0.11779,0.310858953260989
-0.10543,0.305500899313685
-0.093295,0.2995155843569
-0.081405,0.292940681994334
-0.069779,0.285815794639023
-0.058435,0.278181751884521
-0.047388,0.270081466378399
-0.03665,0.261560544627632
-0.026234,0.252664726582883
-0.016147,0.243442970692249
-0.0063968,0.233944803301752
0.0030122,0.22422125001509
0.012078,0.21432478354267
0.020801,0.204309221118995
0.029182,0.194228104681294
0.037226,0.184136189792509
0.044938,0.174087485633254
0.052326,0.164135892056249
0.059399,0.154334215897601
0.066168,0.144734126837825
0.072647,0.135386873281205
0.078848,0.126340156360824
0.084785,0.117638645247714
0.090475,0.109325197091911
0.095932,0.101437439724481
0.10118,0.0940147609336099
0.10622,0.0870794832076253
0.11108,0.0806591070378024
0.11578,0.0747782214665977
0.12032,0.0694431929738409
0.12474,0.064674676504563
0.12903,0.0604668971900584
0.13321,0.0568146963645971
0.1373,0.0537131391522832
0.14131,0.0511498287917246
0.14525,0.0491063267738488
0.14911,0.0475446819170216
0.15292,0.0464414807356799
0.15667,0.0457557864699333
0.16036,0.0454407710365712
0.164,0.0454532746980365
0.16758,0.0457392738953115
0.17111,0.0462520783714476
0.17457,0.0469298696118331
0.17796,0.047715009786985
0.18128,0.048554746346489
0.1845,0.0493795120574544
0.18764,0.0501450777679856
0.19066,0.0507845568951098
0.19356,0.0512443057052389
0.19632,0.051468167249043
0.19893,0.0514070648982161
0.20138,0.0510191860057196
0.20365,0.0502625749246031
0.20572,0.0490965801522733
0.20757,0.0474829979041166
0.2092,0.0454017378786839
0.21057,0.0428186179195061
0.21168,0.0397189419211227
0.2125,0.0360822843532504
0.21303,0.0319066947497331
0.21324,0.0271833446723205
0.21312,0.0219132410463172
0.21265,0.0160982351681626
0.21183,0.00975593008808437
0.21063,0.00289428962616909
0.20905,-0.00446422545999208
0.20707,-0.0123005875549998
0.20468,-0.0205914017650868
0.20188,-0.0293027617136294
0.19866,-0.0384003852402312
0.19502,-0.0478430304923836
0.19094,-0.0575995946905559
0.18642,-0.0676330886445282
0.18147,-0.0778953014643459
0.17609,-0.0883376040502415
0.17027,-0.0989197001133221
0.16402,-0.109594316376915
0.15734,-0.120317264356409
0.15025,-0.131033306594069
0.14275,-0.14169466106638
0.13484,-0.152260961867343
0.12655,-0.16267688027275
0.11789,-0.172891471943056
0.10886,-0.182866282832891
0.099489,-0.192552746389651
0.089795,-0.201903828428691
0.079793,-0.210877467953878
0.069506,-0.219431106156677
0.058955,-0.227524701045955
0.048164,-0.235119405242015
0.037156,-0.242179438494675
0.025957,-0.248670567578283
0.014595,-0.254559586633564
0.0030978,-0.259815501861424
-0.0085074,-0.264410727466182
-0.020189,-0.268318264804132
-0.031917,-0.271513849837
-0.043661,-0.273976131041364
-0.055388,-0.275685106885049
-0.067065,-0.276622748394026
-0.078659,-0.276773442274735
-0.090134,-0.276122058339373
-0.10146,-0.274659026748323
-0.1126,-0.272374662329753
-0.12351,-0.269254579938495
-0.13417,-0.265299034434393
-0.14454,-0.260505579951238
-0.15459,-0.254877342141553
-0.16427,-0.248407332145332
-0.17357,-0.241110424826797
-0.18243,-0.23298198838724
-0.19084,-0.224038989925643
-0.19876,-0.214293380484878
-0.20615,-0.203752947726881
-0.213,-0.192444274073785
-0.21926,-0.180378966751998
-0.22492,-0.167585975560609
-0.22994,-0.154085395251871
-0.23431,-0.139911938842416
-0.238,-0.125096475305307
-0.241,-0.109680813441472
-0.24327,-0.0936923248379245
-0.24482,-0.0771830052179147
-0.24562,-0.0601937329970188
-0.24566,-0.0427701026311376
-0.24494,-0.024967634954307
-0.24345,-0.00684090684147362
-0.24118,0.0115578191377061
-0.23815,0.0301574820496295
-0.23434,0.0489034904198924
-0.22976,0.0677339835125504
-0.22443,0.0865757126266454
-0.21835,0.105363224383222
-0.21154,0.124024567618327
-0.204,0.142499561762407
-0.19577,0.160709868663276
-0.18686,0.178587136434003
-0.1773,0.196058467067276
-0.16711,0.213057041104593
-0.15632,0.229515756560338
-0.14496,0.245369529703398
-0.13307,0.260549718301033
-0.12067,0.275001924985363
-0.10781,0.288663016231852
-0.094525,0.30147612021333
-0.080845,0.313395165011908
-0.066814,0.324374219515293
-0.05247,0.334373695553684
-0.037853,0.34335926415525
-0.023004,0.351301583586674
-0.0079625,0.358177793332316
0.0072336,0.363972615062322
0.022543,0.36867533288243
0.037926,0.372280920856438
0.053347,0.374792631402227
0.068767,0.37621829654164
0.084148,0.376570453972264
0.099456,0.375868513042156
0.11465,0.374132152443103
0.12971,0.371396665492507
0.14458,0.367682728504453
0.15924,0.363025620200839
0.17365,0.357456933058776
0.18779,0.351019479238409
0.20162,0.343749390059914
0.21511,0.335684008057334
0.22823,0.326860776325326
0.24095,0.317316304734813
0.25325,0.307093001798442
0.26508,0.296214651849049
0.27643,0.284718949540145
0.28727,0.272638960819658
0.29756,0.259995677304483
0.30729,0.246821884116821
0.31642,0.233136699883716
0.32493,0.218962376712362
0.3328,0.204322953456904
0.33999,0.18922832562174
0.34649,0.173698741317961
0.35227,0.157747293446205
0.3573,0.141380785929655
0.36158,0.124622780389402
0.36506,0.107472574950521
0.36774,0.0899467294005038
0.3696,0.0720603172330879
0.37062,0.0538266587261365
0.37078,0.0352571482045444
0.37007,0.0163685610556723
0.36848,-0.00281858673931551
0.366,-0.0222814519264535
0.36262,-0.0419960636463389
0.35834,-0.0619309258099339
0.35316,-0.0820494525936511
0.34707,-0.102319464807771
0.34007,-0.122705952601736
0.33218,-0.143157930141571
0.3234,-0.163627842011841
0.31374,-0.184064941993346
0.30321,-0.204417459136746
0.29184,-0.224619594868638
0.27963,-0.244618404357614
0.26661,-0.264350779800734
0.2528,-0.283754773372861
0.23823,-0.302763919564021
0.22293,-0.321310195353976
0.20692,-0.339333867245064
0.19025,-0.356761655574211
0.17293,-0.373541281401923
0.15501,-0.38960962378667
0.13653,-0.404904336429889
0.11753,-0.41936580215362
0.098042,-0.432944574089095
0.078116,-0.445587898539076
0.057794,-0.457248177597488
0.037122,-0.467880785559813
0.016146,-0.477445196664816
-0.0050873,-0.485905272384817
-0.026528,-0.493227529777771
-0.048129,-0.499384110620112
-0.069839,-0.504349845156834
-0.091609,-0.508104614284409
-0.11339,-0.510633409877225
-0.13513,-0.511924018759906
-0.15678,-0.511969504004613
-0.17829,-0.510767090669521
-0.1996,-0.50831048088068
-0.22068,-0.504613311942496
-0.24146,-0.499675753916282
-0.26191,-0.493517078889855
-0.28197,-0.486149614526093
-0.30159,-0.477587486923437
-0.32074,-0.46786098301994
-0.33935,-0.456983305868911
-0.3574,-0.444990753425802
-0.37483,-0.43190790815847
-0.39161,-0.41777162883335
-0.40769,-0.402613052924632
-0.42304,-0.386472793578457
-0.43761,-0.369383324443457
-0.45136,-0.351377146604217
-0.46428,-0.332508132648641
-0.47631,-0.312808988197799
-0.48744,-0.29233144385413
-0.49763,-0.271118956108902
-0.50684,-0.249207080360692
-0.51507,-0.226653527319723
-0.52227,-0.203495231921647
-0.52844,-0.179788226826075
-0.53354,-0.155572693306078
-0.53757,-0.130904352854307
-0.5405,-0.105827570135349
-0.54232,-0.0803909297219899
-0.54301,-0.0546374683075221
-0.54258,-0.0286265169184869
-0.54101,-0.0024064966987949
-0.5383,0.0239697605372242
-0.53443,0.0504623876867584
-0.52942,0.0770137901527133
-0.52327,0.103568749920308
-0.51596,0.130090577658211
-0.50752,0.156521902363369
-0.49795,0.1828127774879
-0.48726,0.208913560090974
-0.47547,0.23476917833333
-0.46258,0.260336848598307
-0.44862,0.285563068466347
-0.43361,0.310394940771918
-0.41757,0.334781890188222
-0.40052,0.358676998461705
-0.3825,0.382023201332183
-0.36353,0.404772012547346
-0.34365,0.42686881420176
-0.32289,0.448263356222475
-0.30129,0.468903318076624
-0.27889,0.488736575723513
-0.25574,0.507705629541833
-0.23186,0.525772843955407
-0.20732,0.5428811178001
-0.18215,0.558989255426145
-0.15642,0.574040890918981
-0.13018,0.587984211379787
-0.10347,0.600780339912336
-0.076359,0.612380924916529
-0.048906,0.62273916524199
-0.021174,0.631808294259997
0.0067765,0.639545166017504
0.03488,0.645907506191626
0.063069,0.650853892425677
0.091277,0.654345932551977
0.11943,0.656343651925441
0.14747,0.656819194898797
0.17532,0.655741666969083
0.20291,0.65308422017057
0.23017,0.648824469936709
0.25703,0.642944707649003
0.28342,0.635431940465551
0.30928,0.626285186148402
0.33453,0.615498838988872
0.35912,0.603086342804644
0.38297,0.589054379105623
0.40603,0.573426590024026
0.42824,0.556232646842797
0.44953,0.53749925464642
0.46987,0.517279921329767
0.4892,0.495626453853316
0.50747,0.472595573257298
0.52464,0.448254064490143
0.54066,0.422667825586108
0.55551,0.395922598896965
0.56915,0.368103137780823
0.58155,0.339298575187245
0.59269,0.309606574562252
0.60254,0.279121604607985
0.61108,0.247940301348036
0.6183,0.216165672753323
0.6242,0.183910272279409
0.62875,0.151268871468906
0.63196,0.118348604498527
0.63383,0.0852559108101857
0.63435,0.0520859851450569
0.63354,0.0189440980695316
0.6314,-0.0140745020003566
0.62795,-0.0468709795894896
0.62319,-0.0793616599215426
0.61715,-0.111455799295023
0.60984,-0.143074858026507
0.60128,-0.174145550564222
0.59151,-0.204586729915254
0.58055,-0.234328608485379
0.56843,-0.263305775769279
0.55518,-0.2914588647428
0.54084,-0.318728342638658
0.52544,-0.345064298573036
0.50902,-0.370419285677379
0.49163,-0.394742478030095
0.4733,-0.417997220720952
0.45408,-0.440145212553522
0.43401,-0.461155974763457
0.41314,-0.480999466751243
0.39152,-0.499647497298759
0.36919,-0.51708218633427
0.34621,-0.533280308171451
0.32262,-0.5482303692968
0.29847,-0.561923855588988
0.27383,-0.574340677073189
0.24873,-0.58548207774624
0.22324,-0.595337414391922
0.19741,-0.603902037853298
0.17128,-0.611184122256899
0.14492,-0.617180231591545
0.11838,-0.621892873634253
0.09172,-0.625322271104292
0.064984,-0.627478994685483
0.038231,-0.628370926175331
0.011517,-0.62800610757013
-0.015107,-0.626396482104376
-0.041586,-0.623554127374095
-0.067867,-0.619492628813152
-0.093899,-0.614228122574093
-0.11963,-0.607777828137467
-0.14501,-0.600161033226228
-0.16998,-0.591391673359989
-0.19451,-0.581500572342854
-0.21854,-0.570509276969817
-0.24202,-0.558438769414064
-0.26491,-0.545316474504848
-0.28717,-0.531174328915226
-0.30875,-0.516039694688846
-0.32961,-0.499942921515545
-0.34972,-0.482923343553093
-0.36903,-0.465011675388353
-0.38752,-0.446253005312877
-0.40514,-0.426680557284008
-0.42187,-0.406339205866312
-0.43768,-0.385274521419736
-0.45255,-0.363538700655971
-0.46644,-0.341172962447706
-0.47934,-0.31823059667886
-0.49123,-0.294765623790428
-0.50209,-0.270831015313488
-0.51191,-0.246484657942329
-0.52068,-0.221786616162139
-0.52839,-0.19679684900611
-0.53503,-0.171573347481049
-0.5406,-0.146178055805841
-0.5451,-0.120674125392015
-0.54853,-0.0951236514035884
-0.5509,-0.0695932511714295
-0.5522,-0.0441362331864655
-0.55246,-0.0188229251541433
-0.55168,0.00628710914438821
-0.54987,0.0311376148397647
-0.54704,0.0556769728436537
-0.54322,0.0798443683349501
-0.53842,0.10358846980669
-0.53266,0.126860059340243
-0.52595,0.149620844829988
-0.51834,0.171813301872837
-0.50983,0.193403424250215
-0.50046,0.214348008046903
-0.49025,0.234612902191564
-0.47923,0.254165287805373
-0.46743,0.272974813945352
-0.45488,0.291014439427296
-0.44161,0.308261016297547
-0.42766,0.324688251051627
-0.41305,0.340283287537915
-0.39782,0.355030129564815
-0.38201,0.368911137134724
-0.36564,0.381923045771754
-0.34877,0.394045112910955
-0.33141,0.405280440855812
-0.31361,0.415622083412297
-0.2954,0.425070349862718
-0.27683,0.433616950630348
-0.25793,0.441262003196801
-0.23873,0.448012710915857
-0.21928,0.453867308580543
-0.19961,0.458831914527979
-0.17977,0.462904300914295
-0.15979,0.466090594030969
-0.1397,0.468403710649569
-0.11955,0.469847117687067
-0.099377,0.470426369900827
-0.079213,0.470152416911489
-0.059096,0.469035982164539
-0.039065,0.467086720970102
-0.019153,0.464317728638875
0.00060298,0.460741658967093
0.020171,0.456374323430831
0.039515,0.45123069083656
0.058604,0.445328474433098
0.077406,0.438686425542751
0.095891,0.431325151271376
0.11403,0.42326697134104
0.1318,0.414539442957235
0.14916,0.405160299647207
0.16611,0.395169187037961
0.1826,0.384585357059533
0.19863,0.373448042349521
0.21416,0.361781894959662
0.22919,0.349628664104891
0.2437,0.337027893043595
0.25766,0.324008799219103
0.27107,0.310613554252768
0.28391,0.296878716494325
0.29617,0.282842586012827
0.30784,0.26854367153266
0.31892,0.254026832676285
0.32939,0.239325863425062
0.33925,0.22447930614129
0.34849,0.209520869193635
0.3571,0.194479213063821
0.36509,0.179392689374038
0.37245,0.164291382294018
0.37917,0.149197632033732
0.38526,0.134141437484071
0.39072,0.119150486088819
0.39554,0.104242178758158
0.39973,0.0894396503521168
0.40329,0.0747623479039071
0.40621,0.0602185361821438
0.40851,0.0458291316577072
0.41019,0.0316096167654591
0.41124,0.017563008836632
0.41168,0.00370409986099072
0.41151,-0.00995827853053427
0.41073,-0.0234205895175667
0.40935,-0.0366765170112142
0.40737,-0.0497253106266146
0.4048,-0.0625635627023912
0.40165,-0.075186031830673
0.39791,-0.087601133303974
0.3936,-0.0998060828648533
0.38873,-0.111796720509396
0.38329,-0.123582842317993
0.3773,-0.135163211399629
0.37077,-0.146535272441207
0.3637,-0.157702997517436
0.3561,-0.168668243459421
0.34798,-0.179431228582478
0.33936,-0.189983548285002
0.33024,-0.200324945462525
0.32063,-0.210454425693542
0.31055,-0.220363113679386
0.3,-0.230050879670216
0.28901,-0.239502529331321
0.27759,-0.248705977819243
0.26575,-0.257652022381088
0.2535,-0.266334094728281
0.24086,-0.274740601937541
0.22785,-0.282856277392889
0.21448,-0.290670759503853
0.20077,-0.298170592713467
0.18674,-0.305340260929162
0.17241,-0.312163074311801
0.15779,-0.318629316246832
0.14291,-0.324720448512976
0.12778,-0.330426197229686
0.11242,-0.335735926469972
0.096861,-0.340630960464917
0.081116,-0.34510004954057
0.06521,-0.349129458901196
0.049163,-0.352707624297585
0.032998,-0.355822932883343
0.016738,-0.358464157134486
0.00040488,-0.360621623937874
-0.015975,-0.362283975585968
-0.03238,-0.363442406881212
-0.048784,-0.364087209580715
-0.065162,-0.364209152226249
-0.081488,-0.363799010206561
-0.097738,-0.362849405036844
-0.11388,-0.361348841421258
-0.1299,-0.359296236701467
-0.14576,-0.356681298953641
-0.16143,-0.353492613104613
-0.17688,-0.349718261607001
-0.1921,-0.345361134033247
-0.20705,-0.340413909736517
-0.2217,-0.334868738389408
-0.23602,-0.328717648503566
-0.24998,-0.321952878231253
-0.26356,-0.314574533881209
-0.27673,-0.306581770124104
-0.28946,-0.297973100292378
-0.30172,-0.288746654890931
-0.31348,-0.278900393267369
-0.32471,-0.268432273233931
-0.3354,-0.257355179432685
-0.3455,-0.245664192068656
-0.35501,-0.233377223605827
-0.36388,-0.220493211121849
-0.37211,-0.207032866884142
-0.37967,-0.193011782004742
-0.38653,-0.178441062974129
-0.39267,-0.163335334767333
-0.39809,-0.1477264883704
-0.40276,-0.131637331416476
-0.40667,-0.115097550945001
-0.4098,-0.0981341900183231
-0.41214,-0.0807788158954554
-0.41368,-0.0630657665188579
-0.41441,-0.0450306500541781
-0.41432,-0.0267090833816843
-0.41342,-0.00815045007615746
-0.41168,0.0106157617533595
-0.40912,0.0295400360567711
-0.40572,0.0485877562553
-0.40149,0.0677152144264526
-0.39643,0.0868801165125987
-0.39055,0.106035232100144
-0.38385,0.125138213602336
-0.37635,0.144137212342003
-0.36803,0.163003928076853
-0.35893,0.181685696772684
-0.34906,0.200134077384001
-0.33843,0.218305597937898
-0.32705,0.236162252761158
-0.31496,0.253649587194662
-0.30216,0.270731237692787
-0.2887,0.287349746670588
-0.27459,0.303462100461826
-0.25988,0.319008835098293
-0.24458,0.33394874528339
-0.22873,0.348234628578598
-0.21238,0.361808695773358
-0.19556,0.374621332329314
-0.17831,0.386623832168904
-0.16066,0.397777328742925
-0.14268,0.408022765903027
-0.12438,0.41733118101078
-0.10584,0.425647311858637
-0.087073,0.432946159500161
-0.068142,0.439191261750448
-0.049091,0.444352398110606
-0.029964,0.448405635287118
-0.01081,0.451329502670078
0.0083277,0.453109753476083
0.027401,0.453735239761589
0.046366,0.453201151849611
0.065176,0.451506271792197
0.083787,0.448654716102703
0.10216,0.444658882830311
0.12024,0.43952605693997
0.13799,0.433272863272133
0.15538,0.425928512033214
0.17236,0.417517097308243
0.18888,0.408058216341594
0.20492,0.397589733447637
0.22044,0.386148649581107
0.2354,0.37377046849224
0.24977,0.360496079148402
0.26351,0.346362334964018
0.27661,0.331424117857199
0.28901,0.315712453672951
0.30072,0.299290088813293
0.31168,0.282191885087426
0.3219,0.264481017309612
0.33134,0.246204748165841
0.33999,0.227418338303964
0.34784,0.208181886726844
0.35486,0.188542841260552
0.36106,0.168566573904649
0.36642,0.148308763427239
0.37093,0.12782294642759
0.3746,0.107174024098129
0.37743,0.0864266505044856
0.37941,0.065635858665709
0.38054,0.0448545133953456
0.38084,0.0241467474827713
0.3803,0.00356150662924333
0.37895,-0.0168366235577071
0.37679,-0.0369947635811417
0.37383,-0.0568639071027292
0.37009,-0.0763925279119299
0.36558,-0.0955362926252778
0.36033,-0.114243520311348
0.35434,-0.132480639927273
0.34765,-0.150200472913013
0.34027,-0.16736879508098
0.33223,-0.183948425367458
0.32355,-0.199908668101986
0.31426,-0.215217957234271
0.30438,-0.229852737664299
0.29393,-0.243797015163302
0.28295,-0.257026997927588
0.27147,-0.269521087888867
0.25951,-0.281267859367274
0.2471,-0.29225742727216
0.23426,-0.302489231410816
0.22104,-0.311948464305444
0.20746,-0.320631790813048
0.19354,-0.328545573715163
0.17932,-0.335689390127623
0.16483,-0.34206508372869
0.15009,-0.347683976497879
0.13514,-0.352550229646488
0.11999,-0.356684576945681
0.10469,-0.360091228439876
0.089254,-0.36278780703793
0.07371,-0.364792124154853
0.058087,-0.366121114417666
0.042409,-0.366794410799752
0.026704,-0.366830476005131
0.010995,-0.366250148680273
-0.0046944,-0.365075276792469
-0.020337,-0.3633253506571
-0.035911,-0.361021484770726
-0.051393,-0.358184388297338
-0.066761,-0.354834941591619
-0.081988,-0.3509899049203
-0.097057,-0.346669643737049
-0.11194,-0.341888716149119
-0.12662,-0.33666469591126
-0.14108,-0.331017059976634
-0.15529,-0.324956620120973
-0.16923,-0.318494226876839
-0.18289,-0.311647776352142
-0.19623,-0.304418089053856
-0.20925,-0.296821676377463
-0.22192,-0.288864970408625
-0.23422,-0.280553400653633
-0.24614,-0.271898730901095
-0.25765,-0.262902624418101
-0.26874,-0.253573243194488
-0.27938,-0.243908873294875
-0.28957,-0.23392196820993
-0.29928,-0.223613790165988
-0.3085,-0.212991245722574
-0.3172,-0.20205072140282
-0.32538,-0.190802312102909
-0.33302,-0.179252021363689
-0.3401,-0.16740231963588
-0.34661,-0.155260078362988
-0.35254,-0.142835459289898
-0.35786,-0.130126144452576
-0.36258,-0.117149323409561
-0.36667,-0.103907805382551
-0.37013,-0.0904148534765922
-0.37295,-0.0766843427139807
-0.37511,-0.0627228137244477
-0.37662,-0.0485528369045293
-0.37745,-0.0341796549326572
-0.3776,-0.0196165113899752
-0.37708,-0.00489006151636346
-0.37587,0.00998519096758503
-0.37396,0.0249976105283183
-0.37137,0.0401160928208521
-0.36809,0.0553169364741389
-0.36411,0.0705831287961102
-0.35945,0.0858814258384385
-0.3541,0.101188679408189
-0.34807,0.116475822459695
-0.34136,0.131717317864136
-0.33399,0.146876500808385
-0.32596,0.161923644817345
-0.31727,0.176835564861826
-0.30795,0.191572956277625
-0.298,0.206106927397911
-0.28744,0.220403142641942
-0.27628,0.234431386303551
-0.26453,0.248165778591189
-0.25223,0.261562657983373
-0.23938,0.274594988624942
-0.22601,0.287227899329183
-0.21214,0.299428769170431
-0.1978,0.311160508092476
-0.18301,0.322391056473905
-0.16781,0.333078729577714
-0.15221,0.343197643192997
-0.13626,0.352706034046507
-0.11998,0.36157291626044
-0.10341,0.369762309544013
-0.08659,0.377235456844803
-0.069548,0.383961561140974
-0.052324,0.389908492513212
-0.034959,0.395043475115216
-0.017486,0.399340315791932
5.1215e-05,0.402771171056557
0.017615,0.40531247399785
0.035167,0.406944533805155
0.052666,0.407649522904154
0.070075,0.407415035785921
0.087352,0.406229996199928
0.10446,0.404088712486588
0.12136,0.400988819685079
0.13801,0.396928783326428
0.15439,0.391924343773349
0.17044,0.385975453618514
0.18613,0.379091785834777
0.20144,0.371298226907824
0.21632,0.362609315709175
0.23075,0.353053260146283
0.24469,0.342653931852306
0.25811,0.331438629556125
0.27097,0.319429422423074
0.28327,0.306673265080419
0.29496,0.29319904202968
0.30602,0.279042551986908
0.31643,0.264244241377144
0.32617,0.248847237533982
0.33522,0.2328956684884
0.34357,0.216440651965095
0.35119,0.19952272478085
0.35807,0.182187506377005
0.36421,0.164490769257147
0.36959,0.146480057368879
0.37422,0.128217039540352
0.37807,0.109743359814727
0.38117,0.0911275668085184
0.38349,0.0724134655153175
0.38506,0.0536678625124547
0.38587,0.0349444667775919
0.38593,0.0162994919197054
0.38526,-0.00220325586840163
0.38386,-0.0205106767879813
0.38175,-0.0385652870831608
0.37894,-0.0563153797901723
0.37546,-0.0737008892088275
0.37133,-0.0906644130618155
0.36655,-0.107167438696031
0.36117,-0.123151180102159
0.35519,-0.1385795048485
0.34865,-0.153406386477007
0.34158,-0.167586915014476
0.33399,-0.181093535882748
0.32591,-0.193899115759621
0.31738,-0.205970677558846
0.30841,-0.217294073245368
0.29905,-0.227841602635562
0.28931,-0.23760542328569
0.27922,-0.246579575925515
0.26881,-0.254760231571735
0.2581,-0.262153208499137
0.24714,-0.268750171778875
0.23594,-0.274561559745877
0.22452,-0.279605635937972
0.21292,-0.283892050064923
0.20117,-0.287430961460462
0.18928,-0.290247742242355
0.17728,-0.292364830195508
0.1652,-0.293801942101986
0.15306,-0.294583674821097
0.14088,-0.294738081077535
0.12868,-0.294295407374851
0.11648,-0.293286991993685
0.1043,-0.291744318821447
0.092168,-0.289692302369623
0.080091,-0.287165464349609
0.06809,-0.284194814587021
0.05618,-0.280812139222139
0.044376,-0.277048973513244
0.032693,-0.272935758829468
0.021145,-0.268501909948607
0.0097434,-0.263777060157068
-0.0014994,-0.258789380009399
-0.01257,-0.25356424435227
-0.023461,-0.248128393045215
-0.034161,-0.242505842009072
-0.04466,-0.236718642025363
-0.054953,-0.230790194593306
-0.065031,-0.22474122761833
-0.074887,-0.218591053433893
-0.084516,-0.212358614224355
-0.093913,-0.206061852865268
-0.10307,-0.19971501099893
-0.11199,-0.193336900827399
-0.12067,-0.186944883577796
-0.1291,-0.180549315449513
-0.13729,-0.174169220042445
-0.14522,-0.167807717134157
-0.15291,-0.161484405238441
-0.16034,-0.155201870300948
-0.16752,-0.148970910364777
-0.17446,-0.142808469712915
-0.18114,-0.136713637638965
-0.18757,-0.130693138842348
-0.19375,-0.12475209940292
-0.19968,-0.118894054792976
-0.20536,-0.113121003002335
-0.2108,-0.107440891685034
-0.21598,-0.101843921468103
-0.22091,-0.0963282838363543
-0.2256,-0.0908985203162961
-0.23004,-0.0855492628514781
-0.23422,-0.0802671798240529
-0.23816,-0.0750549428422703
-0.24184,-0.0698983737908228
-0.24527,-0.0647921854880571
-0.24845,-0.0597309221660354
-0.25136,-0.0546942791814463
-0.25403,-0.0496874348140624
-0.25642,-0.0446841587531291
-0.25856,-0.0396853259731271
-0.26043,-0.0346766319576991
-0.26203,-0.0296466933018358
-0.26335,-0.0245793721960693
-0.2644,-0.0194699139270892
-0.26517,-0.0143080883317671
-0.26566,-0.00908694190356471
-0.26585,-0.0037875789820764
-0.26576,0.00158841394307614
-0.26537,0.00705252242444821
-0.26468,0.0126116268726889
-0.2637,0.0182612701583996
-0.26242,0.0240027022387601
-0.26083,0.0298416810383081
-0.25894,0.0357726049194117
-0.25675,0.0417882017985612
-0.25425,0.0478873812520829
-0.25145,0.054059224488429
-0.24835,0.060292526873393
-0.24494,0.0665835018755206
-0.24124,0.0729122255619483
-0.23725,0.0792610517612902
-0.23296,0.0856220073800943
-0.22839,0.0919729374423634
-0.22353,0.0983030311231568
-0.2184,0.10458873331847
-0.213,0.110811650850278
-0.20734,0.116950670895951
-0.20143,0.122983089408014
-0.19527,0.12889296958039
-0.18887,0.134662927121066
-0.18225,0.140267556475894
-0.17542,0.145683134147191
-0.16838,0.150895406335823
-0.16114,0.155890847232271
-0.15373,0.160642205808575
-0.14615,0.165134189667031
-0.13841,0.169354280792795
-0.13053,0.173285274421896
-0.12252,0.176914178962271
-0.1144,0.180224488538943
-0.10618,0.18320484043062
-0.097882,0.185839589439755
-0.08951,0.188123512781285
-0.081085,0.190047508636656
-0.072619,0.191606399959941
-0.064128,0.192795502612187
-0.055628,0.193610801784511
-0.047132,0.194051290108949
-0.038656,0.19411633174211
-0.030213,0.193807959978363
-0.021818,0.193128954758091
-0.013485,0.192083484834948
-0.0052284,0.19067654466874
0.0029371,0.188913543532646
0.010999,0.186801802713843
0.018946,0.184350964254251
0.026762,0.181568813277693
0.034436,0.17846526941999
0.041956,0.175051026144962
0.04931,0.171337164349116
0.056487,0.167335559999107
0.063475,0.163057702414406
0.070262,0.158514480681801
0.07684,0.153718975440265
0.083199,0.148684206673741
0.089325,0.143419831826457
0.095212,0.137938436413744
0.10085,0.132251645927071
0.10623,0.126370709237172
0.11134,0.120304011921307
0.11618,0.114066234497454
0.12073,0.10766189918658
0.12499,0.101101949735953
0.12896,0.0944021536875815
0.13262,0.0875668990019375
0.13597,0.0806060042926733
0.13901,0.0735333314503886
0.14173,0.0663581703468789
0.14413,0.0590932015471127
0.14619,0.0517386311386561
0.14793,0.0443140999245219
0.14934,0.0368321313711445
0.1504,0.029291706497948
0.15114,0.0217178014557666
0.15153,0.0141112295043398
0.1516,0.00649759401553287
0.15132,-0.00112265775740627
0.15071,-0.00873248527343042
0.14977,-0.0163168127354218
0.14851,-0.0238552391007784
0.14691,-0.031345893320426
0.145,-0.0387650222414429
0.14278,-0.0460941516477715
0.14025,-0.0533196494828564
0.13742,-0.060424865938171
0.1343,-0.0673912766160346
0.13089,-0.0742068508156791
0.12722,-0.080843047165522
0.12328,-0.0872884729541631
0.1191,-0.093516405737967
0.11469,-0.09950339521542
0.11005,-0.105236778154912
0.10521,-0.110690885684477
0.10019,-0.115837787187384
0.095,-0.120656006653892
0.089662,-0.125121121596733
0.084199,-0.129206405981276
0.078632,-0.132885629859272
0.072986,-0.136130871586541
0.067284,-0.138915243174379
0.061552,-0.141211369481616
0.055817,-0.142991661822429
0.050103,-0.144231509549878
0.044442,-0.144903646991241
0.038858,-0.144985521541592
0.03338,-0.144455501357163
0.028036,-0.143294238836159
0.022853,-0.14148571328589
0.01786,-0.139015768532377
0.013085,-0.135873104439873
0.008552,-0.132052219227322
0.0042886,-0.127550007563907
0.00031984,-0.122367506839142
-0.0033309,-0.116510522718367
-0.006642,-0.109990074122897
-0.0095903,-0.102820163525887
-0.012158,-0.0950209898539907
-0.014326,-0.0866164338548632
-0.016078,-0.0776349482372367
-0.017399,-0.0681090238795228
-0.018277,-0.0580758875812906
-0.0187,-0.0475756962068927
-0.018661,-0.0366536748028422
-0.018153,-0.0253579809215794
-0.017171,-0.0137393554130564
-0.015714,-0.00185222028748795
-0.013783,0.0102460434838359
-0.01138,0.0224965272869817
-0.0085117,0.0348372855531619
-0.0051851,0.047205485905168
-0.0014121,0.0595357961777944
0.0027958,0.0717631022032533
0.0074235,0.0838217670450309
0.012452,0.0956448575240787
0.017865,0.107168465875359
0.023638,0.118327082478587
0.029748,0.129057108907773
0.036169,0.139296335887536
0.042876,0.148986469276883
0.049839,0.158070648724044
0.057026,0.166493647187874
0.064406,0.17420422220804
0.071947,0.181155441856036
0.079612,0.18730188791041
0.087367,0.192603285173607
0.095176,0.197023599161114
0.103,0.200529460869179
0.1108,0.203091043385752
0.11855,0.204692288085456
0.12619,0.205304022138167
0.1337,0.204917346704719
0.14103,0.203518236106957
0.14816,0.201111565193599
0.15503,0.197688192402577
0.16162,0.193257936158737
0.1679,0.187838659104846
0.17382,0.181439846453159
0.17935,0.174079132519204
0.18447,0.165787981660165
0.18915,0.15660109506587
0.19335,0.146547753861527
0.19705,0.135667125099115
0.20022,0.123998115346455
0.20285,0.111593354876895
0.20492,0.0985078914013381
0.20639,0.0847825770528503
0.20727,0.0704827689955796
0.20752,0.0556548887693269
0.20715,0.040365824196546
0.20613,0.0246675501432999
0.20447,0.00862813374518486
0.20215,-0.00769550408211648
0.19917,-0.0242423082013309
0.19553,-0.0409497107554928
0.19123,-0.057755810969167
0.18627,-0.07460114572955
0.18065,-0.0914300849984078
0.17439,-0.108177090903854
0.16749,-0.124785502556272
0.15996,-0.14120028127847
0.15182,-0.157362145700405
0.14308,-0.173217761045711
0.13376,-0.188713021336415
0.12388,-0.203795066210465
0.11346,-0.218413884806949
0.10252,-0.232523546540145
0.091102,-0.246066822672665
0.079217,-0.259002285351573
0.0669,-0.271285070295968
0.054184,-0.282870698757521
0.041099,-0.293718884778886
0.027679,-0.303791319994785
0.013961,-0.313050576742733
-1.957e-05,-0.321462577825771
-0.014225,-0.328995649306071
-0.028617,-0.335620947835611
-0.043158,-0.341313687083943
-0.057806,-0.346050204462475
-0.072522,-0.349811052827847
-0.087266,-0.352580413474203
-0.102,-0.354347736748851
-0.11668,-0.355102996997033
-0.13127,-0.354843192088344
-0.14572,-0.353561109313697
-0.16001,-0.35126890423825
-0.17409,-0.347972210706527
-0.18792,-0.343679003505906
-0.20147,-0.338406649390272
-0.21471,-0.332179930966234
-0.22759,-0.325014444131371
-0.24009,-0.316940399987004
-0.25217,-0.307984420095886
-0.2638,-0.298177116937186
-0.27497,-0.287566465919457
-0.28563,-0.276183730726444
-0.29577,-0.264075562445997
-0.30536,-0.25128505871222
-0.31438,-0.237858748877933
-0.32282,-0.223852100516243
-0.33066,-0.209318905532002
-0.33788,-0.194310129452633
-0.34447,-0.178880413635461
-0.35043,-0.163093190632677
-0.35574,-0.147002363966695
-0.36039,-0.130659940401963
-0.36439,-0.114129592713716
-0.36772,-0.0974602861775662
-0.37039,-0.0807097512112685
-0.3724,-0.0639335651144448
-0.37375,-0.0471837863415742
-0.37445,-0.0305153179272592
-0.37449,-0.0139687539093746
-0.37389,0.00240611502608456
-0.37266,0.018561189110164
-0.37081,0.0344513985876763
-0.36834,0.0500431151386473
-0.36527,0.065298459772247
-0.36162,0.0801775585952305
-0.35739,0.0946552016777414
-0.35262,0.108689515831023
-0.3473,0.12226370852635
-0.34147,0.135345100362426
-0.33514,0.147911681901548
-0.32832,0.15995104325963
-0.32105,0.171437072158351
-0.31334,0.18235588637875
-0.30521,0.192696821616259
-0.29668,0.202452476097462
-0.28778,0.211611249506566
-0.27853,0.220166210418121
-0.26895,0.22811471007195
-0.25907,0.235450550484634
-0.2489,0.242179935426961
-0.23847,0.24830440674483
-0.22781,0.253821984467885
-0.21693,0.258742944940224
-0.20587,0.263065224211792
-0.19463,0.266806668636878
-0.18324,0.26997872557653
-0.17173,0.272587574894781
-0.16011,0.274649940845378
-0.14841,0.276175962353205
-0.13663,0.277192523423594
-0.12481,0.277709833322098
-0.11296,0.277746671979678
-0.10108,0.277335703373407
-0.089214,0.276487449276414
-0.077355,0.275232062196235
-0.065526,0.27359255735605
-0.053737,0.27159521434768
-0.041999,0.269267499356832
-0.030325,0.266635603843902
-0.018724,0.263726912733339
-0.0072058,0.260568395363108
0.0042212,0.257186930700238
0.015549,0.253608816553486
0.02677,0.249859374508646
0.03788,0.245964862463028
0.04887,0.241947915236437
0.059737,0.237831939729998
0.070476,0.233638710731544
0.081083,0.229388686985015
0.091553,0.225099813184929
0.10188,0.220786612815
0.11207,0.216469157183936
0.12212,0.212164620918789
0.13201,0.207874630529598
0.14176,0.203617620943578
0.15135,0.199395316165251
0.16079,0.195217924589998
0.17008,0.191094645035753
0.17921,0.18702605063043
0.18819,0.183020363511691
0.19701,0.179076796747108
0.20568,0.175201954618458
0.21418,0.171385883760193
0.22254,0.167642376998269
0.23073,0.163959497689982
0.23878,0.160349132369617
0.24666,0.156797563648872
0.2544,0.153315059446555
0.26198,0.149893869877728
0.2694,0.146526621580364
0.27668,0.143221135588631
0.2838,0.139967617719326
0.29078,0.136771845112196
0.2976,0.1336223447571
0.30427,0.130516164616242
0.31079,0.127449843727075
0.31715,0.124412158857323
0.32337,0.121408069175514
0.32944,0.118433232315519
0.33535,0.115475898086539
0.34111,0.112533414046594
0.34672,0.109603115584691
0.35216,0.106667594898738
0.35745,0.103727585246829
0.36257,0.100768835847351
0.36753,0.0977875830782281
0.37231,0.0947664326289413
0.37691,0.0916922587029295
0.38132,0.08854833483913
0.38554,0.085322889226015
0.38955,0.081993692190531
0.39335,0.0785454958317382
0.39693,0.0749617308018791
0.40026,0.0712104616918669
0.40335,0.0672778451104584
0.40616,0.0631280759655412
0.4087,0.0587456475856787
0.41094,0.054102334589275
0.41286,0.0491679055034087
0.41445,0.0439188128681975
0.41568,0.0383228515059331
0.41654,0.0323566137682534
0.41701,0.0259971552897503
0.41706,0.0192152789023154
0.41667,0.0119850789283338
0.41583,0.00429155864115184
0.41451,-0.00388568586106048
0.41268,-0.0125706816829845
0.41033,-0.0217747572157064
0.40743,-0.0315132921562958
0.40397,-0.041789523152842
0.39991,-0.0526187891792589
0.39524,-0.0640033894658818
0.38993,-0.0759496438854115
0.38397,-0.0884519558411858
0.37735,-0.101495071188283
0.37003,-0.115078344166058
0.362,-0.12919056451703
0.35325,-0.143812146955105
0.34376,-0.158924515062407
0.33352,-0.17450286440467
0.32252,-0.190517907216916
0.31075,-0.206937413677906
0.29821,-0.22372015626302
0.28488,-0.240833475453715
0.27078,-0.258222866851323
0.25589,-0.275847228341438
0.24022,-0.293655178845442
0.22378,-0.311588459578871
0.20657,-0.329592273604222
0.18861,-0.347601374628054
0.16992,-0.365543947030966
0.1505,-0.383359726523443
0.13038,-0.400977367820604
0.10958,-0.418326109497772
0.088142,-0.435321518186822
0.066079,-0.451892104089861
0.043433,-0.4679575782939
0.020239,-0.483438219329537
-0.0034633,-0.498253782579666
-0.02763,-0.512323037562011
-0.052214,-0.525564189977749
-0.077167,-0.537896744527965
-0.10244,-0.549243371653018
-0.12797,-0.559521519761708
-0.15371,-0.56865900101642
-0.17959,-0.576577463138865
-0.20556,-0.583211052122919
-0.23155,-0.588491563985073
-0.2575,-0.592358742695529
-0.28334,-0.594753590844317
-0.309,-0.595620348568465
-0.33441,-0.594908005987443
-0.35951,-0.592578798760077
-0.38422,-0.588592525653934
-0.40849,-0.58293094742313
-0.43223,-0.575565100501181
-0.45538,-0.566480983665853
-0.47786,-0.555662867267361
-0.49963,-0.543124246141977
-0.5206,-0.528865445205605
-0.54071,-0.512898925182084
-0.55991,-0.495254531013852
-0.57812,-0.475953657296999
-0.5953,-0.455040372766569
-0.61138,-0.432554101049584
-0.62632,-0.408552054448203
-0.64005,-0.383082423793278
-0.65255,-0.356222120749085
-0.66376,-0.328039838419527
-0.67365,-0.298618210099805
-0.68218,-0.268041658517059
-0.68932,-0.236401289731443
-0.69505,-0.203798602255319
-0.69934,-0.170333355303804
-0.70218,-0.13611595933033
-0.70355,-0.101254933591532
-0.70345,-0.0658689718671889
-0.70188,-0.0300815502620517
-0.69883,0.00599099999234158
-0.69431,0.0422268013919416
-0.68834,0.0784958010338793
-0.68093,0.114672706661938
-0.6721,0.150632555882739
-0.66188,0.186247194223058
-0.65029,0.221397361953692
-0.63737,0.255960067645261
-0.62315,0.289820741850744
-0.60768,0.322860664756978
-0.59099,0.354976561724519
-0.57315,0.386051651227874
-0.55419,0.415991853507202
-0.53418,0.444695240586753
-0.51317,0.472072014120762
-0.49122,0.498038114767208
-0.4684,0.522509933998324
-0.44477,0.545414832310907
-0.42041,0.566677142007446
-0.39537,0.586243940920049
-0.36974,0.604053458145521
-0.34359,0.620054199567309
-0.31698,0.634212679756673
-0.29,0.646489590071814
-0.26271,0.65686509031396
-0.2352,0.665314280160369
-0.20753,0.671831904659122
-0.17978,0.676414740492944
-0.15203,0.679062099774368
-0.12434,0.679790913796411
-0.096785,0.678621506095599
-0.069432,0.675583001853275
-0.042348,0.67071148721775
-0.015597,0.664050509137935
0.010761,0.655651966815514
0.036665,0.645572856325903
0.06206,0.633877629590831
0.086892,0.620636140560794
0.11111,0.605923264519061
0.13468,0.589828752087486
0.15754,0.572431439371911
0.17967,0.553830446555623
0.20102,0.534116478900596
0.22157,0.513393226441623
0.24129,0.491764623787992
0.26015,0.469331908298152
0.27814,0.446206042967569
0.29523,0.422487831554758
0.31141,0.398281676757628
0.32668,0.373699122464995
0.34103,0.348846686194001
0.35445,0.323823525622786
0.36694,0.298727089323103
0.3785,0.273650274753429
0.38914,0.248686616164807
0.39886,0.223919625966395
0.40767,0.199429225915838
0.41558,0.175289602106405
0.4226,0.151567607831434
0.42875,0.128329050247702
0.43405,0.105636384894981
0.4385,0.083532149301778
0.44214,0.062070499709566
0.44497,0.0412831682594929
0.44703,0.0212117882172393
0.44833,0.00188193289068863
0.44889,-0.0166877886632994
0.44875,-0.0344708056329048
0.44793,-0.0514503110202574
0.44645,-0.067618475016663
0.44433,-0.0829755589761898
0.44161,-0.0975141687443613
0.43832,-0.111228906820966
0.43447,-0.124131459208363
0.4301,-0.136225306910804
0.42524,-0.147515103419276
0.41991,-0.158014160661577
0.41414,-0.16773543656603
0.40797,-0.176684244898277
0.40141,-0.184882123587539
0.3945,-0.192341247548845
0.38727,-0.199073601003717
0.37975,-0.205090940979491
0.37196,-0.210412144501558
0.36393,-0.215054132379059
0.3557,-0.219024577835197
0.34728,-0.222345824709006
0.33872,-0.225021992616008
0.33002,-0.227079482092114
0.32123,-0.228525065476631
0.31236,-0.229379165764015
0.30344,-0.229657929124703
0.2945,-0.229373667029268
0.28556,-0.228542687810577
0.27663,-0.227191496451072
0.26775,-0.225331935407282
0.25892,-0.222993284419828
0.25017,-0.220195895921354
0.24152,-0.216959749408641
0.23298,-0.213311336637471
0.22455,-0.209289037800729
0.21627,-0.204910157081927
0.20813,-0.200211441877718
0.20016,-0.195214655477929
0.19234,-0.189965775094079
0.1847,-0.184491985229424
0.17724,-0.178826654259305
0.16996,-0.173007094724463
0.16287,-0.16706525198527
0.15596,-0.161042512588453
0.14923,-0.154979196237005
0.14269,-0.148906100693908
0.13633,-0.142860100515804
0.13015,-0.136874361123339
0.12414,-0.130985332416189
0.11831,-0.125216099778865
0.11263,-0.119607678095561
0.10711,-0.114184598316722
0.10174,-0.108971967575204
0.096522,-0.10398552237886
0.091438,-0.0992475206701351
0.086484,-0.0947742392475357
0.081653,-0.0905786305478971
0.076939,-0.086669592212475
0.072333,-0.0830544475428864
0.06783,-0.0797358168405749
0.063421,-0.0767151448698218
0.059099,-0.0739911492563815
0.05486,-0.0715579150654715
0.050695,-0.0694094099483111
0.046599,-0.0675364868978186
0.042565,-0.0659290053592424
0.038589,-0.0645738863881136
0.034666,-0.0634565980968794
0.030789,-0.0625631493707213
0.026954,-0.0618780056378769
0.023155,-0.0613861669861758
0.019388,-0.0610718896888899
0.015649,-0.0609191724577351
0.011932,-0.0609136514317535
0.0082322,-0.0610417358246928
0.0045461,-0.0612898330464625
0.00086575,-0.0616479907197098
-0.002812,-0.0621059096516447
-0.0064938,-0.0626558888937663
-0.010186,-0.0632923301492581
-0.013894,-0.0640108109130162
-0.017624,-0.0648086059699709
-0.021383,-0.0656850667601425
-0.025179,-0.0666420234751052
-0.029018,-0.0676818265121798
-0.032908,-0.0688087107661867
-0.036857,-0.0700283638588768
-0.040872,-0.0713467968806989
-0.044961,-0.0727708992571608
-0.049131,-0.0743073774341203
-0.053392,-0.075964856253981
-0.05775,-0.0777503393150044
-0.062212,-0.0796700885411794
-0.066787,-0.081731084117104
-0.071479,-0.0839369992245648
-0.076296,-0.0862916914024772
-0.081244,-0.0887975690128169
-0.086328,-0.091455048761017
-0.091551,-0.0942614267839955
-0.096919,-0.0972137454782841
-0.10244,-0.100310372810573
-0.1081,-0.103534491029032
-0.11392,-0.106883338696345
-0.1199,-0.110350007095956
-0.12603,-0.113917021589497
-0.13232,-0.117573628108806
-0.13875,-0.121292576618966
-0.14534,-0.125063618054104
-0.15208,-0.128868304959555
-0.15896,-0.132682096406576
-0.16598,-0.136483610834608
-0.17313,-0.140247222263473
-0.18041,-0.143952009994437
-0.1878,-0.147566674099071
-0.19531,-0.151074639679236
-0.20291,-0.154442150562829
-0.21061,-0.157652179396963
-0.21838,-0.160672166626628
-0.22622,-0.163480205699941
-0.23412,-0.166056297475236
-0.24205,-0.168367869556609
-0.25002,-0.170402811044454
-0.258,-0.172136411761392
-0.26598,-0.173549426630498
-0.27394,-0.174620303676
-0.28187,-0.175333778800213
-0.28976,-0.175680250817557
-0.29758,-0.17564034283794
-0.30532,-0.175202290397665
-0.31297,-0.174360965998381
-0.3205,-0.173102132050909
-0.32789,-0.171412163070023
-0.33514,-0.16929325636328
-0.34222,-0.166738306529208
-0.34911,-0.163740472327218
-0.35579,-0.160293469325979
-0.36225,-0.156399183575605
-0.36846,-0.152051404670144
-0.37442,-0.147259898224265
-0.38008,-0.142010215549602
-0.38545,-0.136313272508633
-0.3905,-0.130170685838792
-0.3952,-0.123576656087701
-0.39955,-0.116541847461179
-0.40353,-0.109075228156741
-0.40711,-0.101176868472092
-0.41028,-0.09285453578062
-0.41303,-0.0841220712260652
-0.41533,-0.0749831279070288
-0.41718,-0.0654552950908396
-0.41856,-0.055552192349459
-0.41945,-0.0452839236949414
-0.41984,-0.0346649126939168
-0.41972,-0.0237127004078655
-0.41909,-0.0124542876714144
-0.41792,-0.000901407210301976
-0.4162,0.0109320528320658
-0.41394,0.0230160765312799
-0.41112,0.0353306560752435
-0.40773,0.0478570272174371
-0.40377,0.0605705928757134
-0.39923,0.0734501710615363
-0.3941,0.0864779758584077
-0.38838,0.0996321321200953
-0.38207,0.112888150576307
-0.37515,0.126234984463762
-0.36763,0.139650656114512
-0.35951,0.153112483446653
-0.35078,0.166605340397859
-0.34145,0.180105940628325
-0.3315,0.19360736943083
-0.32096,0.207079267311743
-0.30981,0.220510305411647
-0.29807,0.233875362999787
-0.28573,0.247161211419825
-0.2728,0.260349928628032
-0.2593,0.273413051878744
-0.24522,0.286336717569211
-0.23058,0.299097176752453
-0.21539,0.31167090622828
-0.19967,0.32402795577692
-0.18342,0.336148946049338
-0.16666,0.348008920737641
-0.1494,0.35958667261044
-0.13167,0.37084997478879
-0.11349,0.381766149895422
-0.094863,0.392315782881651
-0.075825,0.40246646497938
-0.056395,0.412188952572093
-0.036599,0.421452358551596
-0.016464,0.430224765482653
0.0039821,0.43847382621027
0.02471,0.446166896362071
0.04569,0.453271896202915
0.066888,0.459755039666988
0.088273,0.465584602079625
0.10981,0.470728659711915
0.13147,0.475160677731065
0.15321,0.478849089019396
0.17499,0.48176160008296
0.19679,0.48388125724531
0.21857,0.485189426788959
0.24028,0.48565951788786
0.26189,0.48527430641988
0.28336,0.484017465623096
0.30466,0.481881511995217
0.32574,0.478851787683773
0.34657,0.474923310943261
0.36711,0.470091909349487
0.38733,0.464361839329147
0.40717,0.457722109899615
0.42662,0.450186946109037
0.44562,0.441753777052755
0.46414,0.43242896413269
0.48215,0.422226097443401
0.49961,0.411157031608882
0.51647,0.39922468387038
0.53271,0.386447020853707
0.54829,0.372839009406792
0.56317,0.358412925556872
0.57733,0.343193444077563
0.59072,0.327192483914664
0.60331,0.310426223145072
0.61507,0.292913889010283
0.62598,0.274684092174903
0.63599,0.255750091232414
0.6451,0.236149403682275
0.65325,0.215893730717656
0.66045,0.195025399664307
0.66665,0.173565897381968
0.67185,0.151556274096025
0.67601,0.129022614038177
0.67914,0.106015144990362
0.68121,0.0825725547192643
0.68221,0.0587378885108688
0.68214,0.0345638270842112
0.68098,0.0100944866505812
0.67874,-0.0146120707991928
0.67541,-0.0395030577756996
0.67099,-0.0645241495318851
0.6655,-0.0896066624561518
0.65892,-0.114701988451335
0.65128,-0.139742293196996
0.64259,-0.164661132350604
0.63285,-0.189402653337499
0.62208,-0.213906583543814
0.6103,-0.238111060428042
0.59753,-0.261954967896941
0.58379,-0.285379818822448
0.56911,-0.308323826473717
0.5535,-0.330739417518574
0.537,-0.352570016940764
0.51964,-0.37376116387912
0.50144,-0.394269421308475
0.48243,-0.414054495338546
0.46265,-0.433072809033018
0.44213,-0.451287196098989
0.4209,-0.468667151020853
0.399,-0.485181462670853
0.37648,-0.500792284709741
0.35336,-0.51548010014838
0.32968,-0.529226386416327
0.30549,-0.542007007473136
0.28083,-0.553801802419486
0.25573,-0.564602196164484
0.23025,-0.574387438679632
0.20442,-0.583150126041856
0.17828,-0.590886823902363
0.15189,-0.597582997604744
0.12529,-0.603230709712022
0.098516,-0.607830860594235
0.071626,-0.611375524589769
0.044662,-0.61386202462317
0.017672,-0.615287847297826
-0.009296,-0.615650962811826
-0.036197,-0.614952271446416
-0.062982,-0.613192306351375
-0.089603,-0.610372266859296
-0.11602,-0.60649999553531
-0.14217,-0.601571680039594
-0.16803,-0.595603985173668
-0.19353,-0.588595061323797
-0.21864,-0.580557927432325
-0.24331,-0.571502597828375
-0.2675,-0.561443934195057
-0.29116,-0.550393038009595
-0.31426,-0.538372583292234
-0.33675,-0.525399276502631
-0.35858,-0.511484646585981
-0.37973,-0.496657982404182
-0.40015,-0.480939974981569
-0.41981,-0.464358662411583
-0.43866,-0.446932482844118
-0.45669,-0.428701224405961
-0.47384,-0.409683838218729
-0.4901,-0.389918918110562
-0.50543,-0.369437629792674
-0.51981,-0.348279053488174
-0.5332,-0.32647273728071
-0.5456,-0.304069241640683
-0.55697,-0.281105030849306
-0.5673,-0.257626294956739
-0.57656,-0.233670891121911
-0.58475,-0.209290968010501
-0.59186,-0.184541232428694
-0.59786,-0.159462013384277
-0.60275,-0.134102933366106
-0.60654,-0.108526937601938
-0.60921,-0.0827836047766404
-0.61077,-0.0569323345018637
-0.61121,-0.0310237759522752
-0.61055,-0.0051220498728066
-0.60878,0.0207220844480852
-0.60593,0.046440754296582
-0.602,0.0719766437947733
-0.59701,0.0972680578494973
-0.59097,0.122259209288318
-0.58391,0.146886184021939
-0.57585,0.171088040497908
-0.56681,0.194808295967779
-0.55683,0.21798123340345
-0.54592,0.240558096578954
-0.53413,0.262476005271632
-0.52148,0.283685050195547
-0.50801,0.30413282143012
-0.49375,0.323774203766331
-0.47875,0.342556896507413
-0.46304,0.360439513637266
-0.44667,0.377376306007084
-0.42967,0.393334547804978
-0.41209,0.408278627429796
-0.39397,0.422179484573729
-0.37536,0.43500724381311
-0.3563,0.446740081464305
-0.33684,0.457356360484242
-0.31702,0.46684306710686
-0.29689,0.475187580427761
-0.27649,0.482385804638567
-0.25588,0.488426292708982
-0.2351,0.493307199952987
-0.21419,0.497034886459836
-0.19321,0.499607768039915
-0.17219,0.501040458786984
-0.15119,0.501338408234604
-0.13025,0.500514650314919
-0.10941,0.498588284798088
-0.088721,0.495574938031363
-0.068225,0.491493925647106
-0.047968,0.486364284379276
-0.02799,0.480208950437767
-0.0083355,0.473050233771457
0.010952,0.4649102276317
0.029834,0.455814075617959
0.048268,0.445785845649332
0.066217,0.434852235416553
0.08364,0.423038441513476
0.1005,0.410370763677549
0.11677,0.396883093384379
0.1324,0.382597521824479
0.14738,0.367555590604518
0.16166,0.35178379035198
0.17522,0.335317896892236
0.18803,0.318192738360709
0.20008,0.300456150341581
0.21133,0.282142890213018
0.22178,0.263305703052969
0.2314,0.243988102263042
0.24018,0.224239632243369
0.24812,0.204120595191859
0.2552,0.183683379176324
0.26142,0.16298717248235
0.26679,0.142102227632089
0.27129,0.121083408115968
0.27494,0.100001007946811
0.27775,0.0789281883122323
0.27973,0.0579381573864221
0.28089,0.0371018657198341
0.28124,0.0164861747411159
0.28082,-0.00382535098575076
0.27963,-0.0237679098575739
0.27772,-0.0432570221745881
0.2751,-0.0622246460615339
0.2718,-0.0806035073832649
0.26786,-0.0983218743743984
0.26331,-0.115314265615869
0.25818,-0.131522539499192
0.25252,-0.146881806727715
0.24636,-0.161338842022303
0.23974,-0.17484444221707
0.2327,-0.187354569155287
0.22528,-0.198831137682465
0.21752,-0.209242494546566
0.20946,-0.218563632125739
0.20115,-0.226768780557124
0.19262,-0.233847628758615
0.18392,-0.23978839797459
0.17508,-0.24459380261788
0.16615,-0.248263928836935
0.15717,-0.250804661047915
0.14816,-0.252241687896178
0.13917,-0.252594272097511
0.13024,-0.251883818956858
0.1214,-0.250140678619546
0.11267,-0.247409363215985
0.1041,-0.24372276419689
0.09572,-0.239118601338908
0.087549,-0.233645849739874
0.079619,-0.227351842792322
0.071956,-0.220285929615023
0.064585,-0.212498625202082
0.057529,-0.204041591874131
0.050808,-0.194968292860727
0.044443,-0.185331474429632
0.038452,-0.175184074666085
0.032852,-0.164578434490752
0.027656,-0.153567862072395
0.02288,-0.142202659597583
0.018533,-0.130534364655221
0.014627,-0.11861171316603
0.011168,-0.106484090248709
0.0081632,-0.0941989471951527
0.0056178,-0.0818021166312647
0.0035309,-0.069341122942182
0.0019069,-0.0568593604784451
0.000742,-0.0444014788291185
3.2882e-05,-0.0320112574238685
-0.00022505,-0.0197312077647448
-3.7648e-05,-0.00760225963634364
0.00058261,0.00433248667942975
0.0016273,0.0160326964518831
0.0030833,0.0274582397159378
0.0049341,0.0385680961532909
0.0071641,0.0493226768181475
0.0097556,0.0596834354993247
0.012689,0.0696126800746882
0.015941,0.0790720687600706
0.019491,0.0880261492100642
0.023312,0.0964384067421609
0.02738,0.104275059385184
0.031668,0.111503607851342
0.036148,0.118093112738897
0.040792,0.124015115214355
0.04557,0.129242833115758
0.050453,0.133752684823546
0.055411,0.137523950816191
0.060412,0.140537681148812
0.065425,0.14277797940723
0.07042,0.144232949272291
0.075364,0.144892385451489
0.080228,0.144751033903074
0.08498,0.143805900657433
0.089589,0.142056967617861
0.094025,0.139507674894123
0.098258,0.136164462516091
0.10226,0.132037783633345
0.106,0.127139098573614
0.10946,0.12149023900388
0.1126,0.115104778398644
0.11541,0.108011664802672
0.11785,0.100229468077329
0.11992,0.0917976417938243
0.12158,0.0827419847472156
0.12283,0.0731062996387596
0.12364,0.0629256397748995
0.124,0.0522419253212246
0.12389,0.0410941286702648
0.12332,0.0295399999894962
0.12227,0.0176286916725391
0.12072,0.00540107043946678
0.11869,-0.0070802723683136
0.11617,-0.0197591879491553
0.11315,-0.0325863445839694
0.10965,-0.0454972032046301
0.10566,-0.0584390609044915
0.10119,-0.0713555889664649
0.096266,-0.0841774510320252
0.090885,-0.0968483777506664
0.085066,-0.109308153505014
0.078826,-0.121496786619952
0.072184,-0.133354925189689
0.06516,-0.144824936750378
0.05778,-0.155848055539601
0.050065,-0.166370265876826
0.042042,-0.176338802765344
0.033738,-0.185703752330605
0.02518,-0.194419279701535
0.016398,-0.202442304576092
0.007421,-0.209734327907157
-0.001721,-0.216261310577849
-0.010997,-0.221993461784444
-0.020378,-0.226907175513643
-0.029831,-0.230981988580669
-0.039326,-0.234203215701117
-0.048834,-0.23656243268112
-0.058321,-0.238053251864769
-0.067759,-0.238675981060133
-0.077117,-0.238434527694275
-0.086365,-0.237336746154379
-0.095473,-0.235393849391439
-0.10441,-0.232619079897482
-0.11316,-0.229038392439069
-0.12167,-0.22466024552944
-0.12994,-0.2195182362466
-0.13792,-0.213628602216069
-0.1456,-0.207022954432701
-0.15296,-0.199737248650535
-0.15996,-0.191795362497081
-0.16658,-0.183225714118218
-0.17281,-0.174067111372692
-0.17862,-0.164350988926888
-0.18401,-0.154124236570848
-0.18895,-0.143422794630593
-0.19342,-0.132280208466528
-0.19742,-0.12074194728746
-0.20093,-0.108847033075794
-0.20395,-0.0966429633299672
-0.20647,-0.0841753063332014
-0.20848,-0.0714867378208079
-0.20997,-0.0586163097182676
-0.21095,-0.0456137241407925
-0.21141,-0.0325209628293528
-0.21135,-0.0193798495717872
-0.21078,-0.00623812826351097
-0.2097,0.00686059589079334
-0.20811,0.0198774774236478
-0.20602,0.0327714313737272
-0.20344,0.0455009571850437
-0.20038,0.0580256271131352
-0.19684,0.0703146663282156
-0.19284,0.082331442769339
-0.18839,0.0940433107249076
-0.18351,0.105414648970834
-0.17821,0.116416122132573
-0.1725,0.127024591390383
-0.16639,0.137222889447865
-0.15992,0.146977291809521
-0.15308,0.156278944920967
-0.1459,0.165110047033229
-0.1384,0.173453799597537
-0.1306,0.181294987507008
-0.1225,0.188635193067575
-0.11413,0.195467639870887
-0.10552,0.201779304182954
-0.096668,0.207576422797008
-0.087607,0.212854992199248
-0.078354,0.21761496218514
-0.068927,0.221858977899625
-0.059349,0.225588324328804
-0.04964,0.228805592335146
-0.03982,0.231514557892257
-0.029908,0.233720779309183
-0.019926,0.235429059293639
-0.0098943,0.23664487944285
0.0001663,0.237373896317162
0.010235,0.237621886654261
0.020293,0.237396166208509
0.030318,0.236702613364525
0.040291,0.235548324317318
0.05019,0.233939050009401
0.059997,0.231882331880114
0.069688,0.229382576443118
0.079246,0.226446771798429
0.088646,0.223077925007917
0.097871,0.219281701794651
0.1069,0.215062827328208
0.11571,0.21042368378812
0.12427,0.205358793664587
0.13258,0.199879416986784
0.1406,0.193980433829295
0.14832,0.187665846287095
0.15571,0.180932109375145
0.16275,0.173777080339832
0.16943,0.166207195138936
0.17571,0.158213450218645
0.18159,0.149804214071853
0.18703,0.140972054665658
0.19203,0.131726583978312
0.19656,0.122068716466036
0.2006,0.111999732842165
0.20415,0.101535967773352
0.20718,0.090683283194064
0.20968,0.0794537404675489
0.21165,0.0678714745693081
0.21306,0.0559475313513596
0.21391,0.0437042887315282
0.21419,0.031165250490529
0.2139,0.0183615799177124
0.21303,0.00532236388216667
0.21158,-0.00791840340520731
0.20955,-0.0213237317766456
0.20694,-0.034855268609039
0.20375,-0.0484746703451708
0.19999,-0.0621373314535432
0.19566,-0.0758023028780119
0.19078,-0.0894180221549553
0.18534,-0.102948088849227
0.17937,-0.116339897237676
0.17287,-0.129551566779752
0.16586,-0.142536406136466
0.15835,-0.155252727329732
0.15037,-0.167649451998248
0.14192,-0.179691749474701
0.13302,-0.191344320172521
0.12371,-0.202557948637512
0.11399,-0.213303402756073
0.1039,-0.223539081568655
0.093447,-0.233239263514644
0.082669,-0.242369131522094
0.071585,-0.250901863818149
0.060228,-0.258807792014073
0.048621,-0.266063488571584
0.036796,-0.272644875069259
0.024783,-0.278529817620952
0.012613,-0.28369794338985
0.00031729,-0.288130967122325
-0.01207,-0.291811007701544
-0.024516,-0.294722245183903
-0.036988,-0.296851381281754
-0.049452,-0.298186865064195
-0.061871,-0.298716949120023
-0.074211,-0.298432554053986
-0.086437,-0.297326539026774
-0.098513,-0.295393053401659
-0.11041,-0.292632887030823
-0.12208,-0.289038368421839
-0.1335,-0.284613939063331
-0.14463,-0.279361346513093
-0.15544,-0.27328773915115
-0.16589,-0.266397240959873
-0.17597,-0.258713811091454
-0.18562,-0.250239972242032
-0.19484,-0.241005437485975
-0.20358,-0.231024222003797
-0.21183,-0.220327031360357
-0.21955,-0.208935135024645
-0.22674,-0.196891308410465
-0.23335,-0.184217626387672
-0.23939,-0.170963313221207
-0.24482,-0.157161223126313
-0.24963,-0.142852332379289
-0.25382,-0.128090446421362
-0.25736,-0.112916058858255
-0.26026,-0.0973873688891959
-0.2625,-0.0815530210710392
-0.26408,-0.0654673351477729
-0.26499,-0.0491802119448517
-0.26525,-0.0327586732154084
-0.26484,-0.0162519833954679
-0.26377,0.000284260571865375
-0.26205,0.0167910962220886
-0.2597,0.033201291487713
-0.2567,0.0494726104887326
-0.25309,0.0655400487758065
-0.24888,0.0813445066621424
-0.24409,0.0968261706704458
-0.23872,0.111941413972636
-0.23281,0.126631644959304
-0.22637,0.140850370819124
-0.21943,0.154547724420571
-0.21202,0.167672884689521
-0.20417,0.180176054639529
-0.19589,0.192024832100181
-0.18723,0.203172589490306
-0.17822,0.213577730699276
-0.16888,0.223211681268677
-0.15925,0.232042811865292
-0.14937,0.24003834758615
-0.13927,0.247173320664368
-0.12898,0.253430184750407
-0.11854,0.258790911758667
-0.10799,0.263238016086831
-0.097365,0.266759046116857
-0.086696,0.269349321522744
-0.076022,0.271005050634451
-0.065377,0.27172735662091
-0.054796,0.271520935988451
-0.044312,0.270395082538664
-0.033958,0.268362891193918
-0.023765,0.265441972439791
-0.013764,0.261653405554875
-0.003984,0.257022256269761
0.0055493,0.251578823195011
0.014807,0.245354669416279
0.023768,0.238387494884463
0.032407,0.230715996645727
0.040704,0.222382693361152
0.04864,0.213432887831986
0.056198,0.203914464786777
0.063362,0.193876886810766
0.070121,0.183373268256298
0.076459,0.172454521773066
0.082372,0.161177236439505
0.087849,0.149595795330627
0.092887,0.137767142192567
0.097482,0.125747868480587
0.10163,0.113592584397242
0.10535,0.101369641635288
0.10862,0.0891260903647659
0.11146,0.0769213418658581
0.11388,0.0648154947036996
0.11589,0.0528672915308458
0.11751,0.0411398816449589
0.11873,0.0296757428393128
0.11959,0.018536147282213
0.1201,0.00777330287005853
0.12027,-0.00256968692922807
0.12013,-0.0124438487734835
0.11971,-0.0217972187195295
0.11901,-0.0305994327530319
0.11807,-0.0388092291906515
0.11691,-0.0463929175129673
0.11555,-0.0533242703195887
0.11402,-0.0595768494121801
0.11235,-0.0651252141900254
0.11055,-0.0699606530270533
0.10866,-0.07406644362172
0.1067,-0.0774350859094615
0.10469,-0.0800671418426728
0.10266,-0.0819626823475999
0.10063,-0.0831291759508714
0.098623,-0.0835780163163157
0.096671,-0.083317158538947
0.094788,-0.0823652120379954
0.092997,-0.0807425281124565
0.091319,-0.0784720816573346
0.089771,-0.075581561444804
0.088374,-0.0720989852876529
0.087142,-0.0680572612742321
0.086093,-0.0634895696964503
0.085239,-0.0584329984525301
0.084594,-0.0529254230035543
0.08417,-0.047005898159495
0.083978,-0.0407141712586667
0.084027,-0.0340909805644466
0.084324,-0.0271782407083757
0.084876,-0.0200176544104456
0.085687,-0.0126517905080204
0.086761,-0.00512268547483022
0.0881,0.00252781545415158
0.089704,0.0102578017990052
0.091571,0.0180251138532253
0.093699,0.0257886996723973
0.096083,0.0335074800008906
0.098714,0.0411387110171604
0.10159,0.0486448587510033
0.10469,0.0559797894783215
0.10801,0.0631044990082151
0.11153,0.0699752101381981
0.11524,0.0765531467279429
0.11912,0.0827975003379932
0.12315,0.0886672205195776
0.12732,0.0941298688162394
0.13159,0.0991389565873668
0.13595,0.103660422463433
0.14036,0.107649278326775
0.14482,0.111082853020407
0.14928,0.113920451857899
0.15372,0.11613047934002
0.15812,0.117689873040634
0.16244,0.118568642974755
0.16665,0.118739772354497
0.17073,0.118187115493417
0.17464,0.11688929548316
0.17836,0.114836440299449
0.18186,0.112021178678586
0.18509,0.108423911217032
0.18805,0.104053010573176
0.19068,0.0988951324646596
0.19298,0.0929644698460882
0.1949,0.0862603624916389
0.19642,0.0787926683531805
0.19751,0.0705723294705657
0.19815,0.0616185174062534
0.19831,0.0519493660795736
0.19798,0.0415966960983288
0.19712,0.0305805223393781
0.19571,0.0189257609848453
0.19375,0.00667553938436331
0.1912,-0.00614294213645991
0.18806,-0.0194863755737717
0.18431,-0.0333143508424067
0.17994,-0.0475824350383442
0.17493,-0.062251525618127
0.16929,-0.0772656958109116
0.16301,-0.0925717772532948
0.15608,-0.10812030751759
0.14851,-0.123851442736735
0.14029,-0.139713485288043
0.13143,-0.155648051630092
0.12194,-0.171593112175099
0.11183,-0.187485557983411
0.10111,-0.203263325666467
0.089793,-0.218864894510496
0.077898,-0.234226676417639
0.065443,-0.249286167525298
0.052451,-0.263980046159217
0.038944,-0.278247121921215
0.02495,-0.292025501780216
0.010493,-0.305257740796319
-0.0043945,-0.317885652103017
-0.019683,-0.329854664900311
-0.03534,-0.34111281931234
-0.05133,-0.351609901284846
-0.067619,-0.36130003728046
-0.084171,-0.370141092051977
-0.10095,-0.378095571227851
-0.1179,-0.385116434751761
-0.13501,-0.3911839813844
-0.15222,-0.396265349834763
-0.1695,-0.400340642951842
-0.1868,-0.40338665070292
-0.20408,-0.405385994359269
-0.2213,-0.406326933646321
-0.23842,-0.406203053523009
-0.25539,-0.40500545980252
-0.27218,-0.402738719807191
-0.28875,-0.399411155718737
-0.30506,-0.395034300345929
-0.32106,-0.389614947201056
-0.33672,-0.383171020701702
-0.35199,-0.375714465840292
-0.36686,-0.367281964682389
-0.38127,-0.357892462803644
-0.39519,-0.347572528406151
-0.40859,-0.336354365257943
-0.42144,-0.324274041546119
-0.4337,-0.31136253451335
-0.44535,-0.297660797334443
-0.45635,-0.283202028088795
-0.46668,-0.268027132636262
-0.4763,-0.252167370169105
-0.48521,-0.235674966029866
-0.49336,-0.218580653181117
-0.50074,-0.200926542666123
-0.50733,-0.182755311789789
-0.5131,-0.164101457673549
-0.51804,-0.145006620687778
-0.52212,-0.125502144046032
-0.52533,-0.105624849238652
-0.52766,-0.0854148015712643
-0.52908,-0.0648986221760159
-0.52959,-0.044113348122639
-0.52918,-0.0230958004415072
-0.52783,-0.00187401562434301
-0.52554,0.0195172591234139
-0.52229,0.0410538439972763
-0.51807,0.0627135991235915
-0.51289,0.0844621077808467
-0.50674,0.106271031733076
-0.49962,0.128110559119156
-0.49152,0.149958155980299
-0.48244,0.171790644565491
-0.47239,0.193577835302924
-0.46137,0.215292360649336
-0.44938,0.23691013129646
-0.43644,0.258395828759549
-0.42254,0.279728481585371
-0.40771,0.300869936700337
-0.39194,0.321799063305536
-0.37526,0.342479711799203
-0.35768,0.362879656478781
-0.33922,0.38296356918801
-0.3199,0.402694838182452
-0.29973,0.422044468600696
-0.27874,0.440975879232664
-0.25696,0.459447638614182
-0.23442,0.477415792254439
-0.21113,0.494850604686237
-0.18714,0.511705322417804
-0.16248,0.527935816727177
-0.13717,0.543508954542253
-0.11127,0.558372094447703
-0.084794,0.572492616384839
-0.057796,0.585825665573583
-0.030313,0.598330639568624
-0.0023896,0.609966172642718
0.025932,0.620693518201396
0.054606,0.630474775775999
0.083585,0.639272924864446
0.11282,0.647051832386418
0.14226,0.653775941856439
0.17187,0.65942332535997
0.20157,0.663950736015737
0.23133,0.667336248008982
0.26108,0.66954650394925
0.29077,0.670554990999477
0.32036,0.670349193581243
0.34977,0.668899017367085
0.37894,0.666176154045895
0.40783,0.662169629919184
0.43637,0.65686091432738
0.4645,0.65023362977638
0.49216,0.642273909950167
0.51928,0.632963216820433
0.54581,0.622294849425942
0.57168,0.610257351561634
0.59683,0.596843440271626
0.6212,0.582049683819711
0.64472,0.565868735213818
0.66733,0.548297950075402
0.68897,0.529338801338159
0.70958,0.508996291600389
0.72909,0.487270977052878
0.74745,0.464174824562879
0.7646,0.439721495752287
0.78048,0.413925854850214
0.79503,0.386803518309505
0.8082,0.35837784770776
0.81993,0.328670574666189
0.83018,0.297716456018751
0.83889,0.265545143497143
0.84602,0.232196263666516
0.85153,0.197716496441243
0.85537,0.162149618686967
0.85752,0.125558109374245
0.85793,0.0879956740843436
0.85658,0.0495296707260367
0.85345,0.0102366076560285
0.84853,-0.0297943515904329
0.84178,-0.0704885161388961
0.83321,-0.111748039896616
0.82282,-0.153466610266969
0.81059,-0.19554894017108
0.79655,-0.237874476576712
0.78071,-0.28032062146569
0.76307,-0.322774152123154
0.74367,-0.365103267523734
0.72253,-0.40717996745093
0.6997,-0.448861058238153
0.67519,-0.490025068265349
0.64907,-0.53052753834002
0.62138,-0.570232198026084
0.59218,-0.608998944452625
0.56152,-0.646696497609566
0.52946,-0.683197631371811
0.49609,-0.718360476308623
0.46146,-0.752065633759185
0.42565,-0.784193776431605
0.38875,-0.81462242303979
0.35084,-0.843238229849166
0.312,-0.869939288604147
0.27233,-0.894621913347205
0.23191,-0.917199632422444
0.19085,-0.937581075541586
0.14924,-0.955689258177981
0.10717,-0.971461956357795
0.064753,-0.984834612775123
0.022086,-0.995755444192632
-0.02073,-1.00418247150056
-0.063593,-1.01008306999911
-0.1064,-1.01343333437548
-0.14905,-1.01421952386642
-0.19143,-1.01242856658333
-0.23345,-1.00806622773968
-0.27501,-1.00114681363772
-0.316,-0.991684602648551
-0.35634,-0.979716463220433
-0.39592,-0.965275065061128
-0.43464,-0.948396915040292
-0.47243,-0.92914345684613
-0.50918,-0.907565600637829
-0.54482,-0.883734507048937
-0.57926,-0.857721425089223
-0.61241,-0.829596161768039
-0.64421,-0.799447996841227
-0.67458,-0.767364990186148
-0.70345,-0.733439454710375
-0.73076,-0.697772181059131
-0.75644,-0.6604607609054
-0.78044,-0.621612375048762
-0.80271,-0.581338992422632
-0.82319,-0.539745915093876
-0.84186,-0.496959630820712
-0.85866,-0.453090483739056
-0.87357,-0.408262110119952
-0.88656,-0.362597774204976
-0.89761,-0.316224104511944
-0.90669,-0.269259165016181
-0.9138,-0.221832589092529
-0.91892,-0.174064476742377
-0.92206,-0.12608556728807
-0.92322,-0.0780235937777836
-0.92239,-0.0299923187995279
-0.91961,0.0178726110210182
-0.91487,0.0654593266692104
-0.90821,0.112641996946146
-0.89964,0.15930997772752
-0.88921,0.205339162774882
-0.87695,0.250613640488292
-0.86289,0.295028165423079
-0.84709,0.338467713036088
-0.82959,0.380828246813088
-0.81045,0.422003597885379
-0.78972,0.461897147563853
-0.76746,0.500416212687913
-0.74374,0.537467424263149
-0.71863,0.572960412235866
-0.69219,0.606818091383737
-0.6645,0.638962420137238
-0.63564,0.669317730494955
-0.60568,0.697820731604394
-0.57471,0.724406052944147
-0.5428,0.749024215261645
-0.51004,0.771626100773063
-0.47652,0.792165196059524
-0.44232,0.810606697243849
-0.40753,0.826919727478849
-0.37225,0.841070930700423
-0.33656,0.853041522039322
-0.30055,0.86281843310729
-0.26431,0.87039439157735
-0.22793,0.875767793651789
-0.19151,0.878935013074031
-0.15513,0.879906395930126
-0.11887,0.87870395869725
-0.082837,0.875339219618027
-0.047104,0.869840663188978
-0.011759,0.862239146212985
0.023115,0.852570821711915
0.057438,0.840877825640495
0.091133,0.827208624517604
0.12412,0.81161364159773
0.15633,0.794151981242983
0.18769,0.774885476563746
0.21814,0.753886342520353
0.2476,0.73121861229141
0.27601,0.706952910562195
0.30332,0.681170738102775
0.32947,0.653952806356348
0.35442,0.62539179366818
0.37811,0.595572678740134
0.4005,0.564586616856234
0.42155,0.532527116071062
0.44124,0.499501642578329
0.45952,0.465603586064445
0.47639,0.430949146049278
0.49182,0.395647256194341
0.50579,0.359805069950779
0.51829,0.323532369734396
0.52934,0.28695980444317
0.53891,0.25019384264735
0.54702,0.213355000296688
0.55368,0.176563863176744
0.5589,0.139937182673579
0.5627,0.103592180775352
0.5651,0.0676425724018868
0.56613,0.0322028121191469
0.56581,-0.00262332724618593
0.56417,-0.0367369239948916
0.56125,-0.0700391091897799
0.55709,-0.102434607823261
0.55173,-0.133834511456224
0.5452,-0.16416575922855
0.53755,-0.193356193633576
0.52884,-0.221329885353852
0.5191,-0.248033035031193
0.50838,-0.273417295069548
0.49674,-0.297433573665226
0.48424,-0.320034426667228
0.47092,-0.341190708653306
0.45684,-0.360874917147523
0.44205,-0.37906988902251
0.42662,-0.395753315954513
0.4106,-0.410914941150343
0.39405,-0.424547880633996
0.37703,-0.436648901042649
0.35959,-0.447225903709132
0.3418,-0.456281439098382
0.32372,-0.463821698397618
0.30539,-0.46987101736173
0.28689,-0.474438682542344
0.26826,-0.477551688082332
0.24957,-0.479228858100546
0.23086,-0.479504537902696
0.2122,-0.478402865061148
0.19363,-0.475961629905272
0.17522,-0.472206730258556
0.157,-0.46718362240944
0.13903,-0.460930352883628
0.12135,-0.453492958428318
0.10402,-0.444908040695707
0.087064,-0.435230344957577
0.070538,-0.424504190196917
0.054475,-0.412781355053759
0.038917,-0.400111592157579
0.023895,-0.386549795115474
0.0094442,-0.372150366145251
-0.0044031,-0.356967907976326
-0.017618,-0.341058112285035
-0.030177,-0.324479896951782
-0.042052,-0.30728962097743
-0.053225,-0.289547331729859
-0.063674,-0.271311249034991
-0.073382,-0.252639997763648
-0.082336,-0.233593631928162
-0.090524,-0.214232182664484
-0.097934,-0.194613727221759
-0.10457,-0.174804697228543
-0.11041,-0.154856888741148
-0.11546,-0.134829227656968
-0.11973,-0.114787361000249
-0.12321,-0.0947853956175065
-0.12592,-0.0748884417360461
-0.12786,-0.0551535033580696
-0.12904,-0.0356364621779914
-0.12947,-0.0163903221162823
-0.12918,0.00252134550988399
-0.12818,0.0210434257683077
-0.12649,0.0391221945462376
-0.12413,0.0567069976707077
-0.12112,0.0737515317260897
-0.1175,0.0901999739686615
-0.11329,0.10600563063419
-0.10851,0.121130942458696
-0.1032,0.135532468478905
-0.097391,0.14917037779157
-0.091114,0.162009341763316
-0.084405,0.174015435947459
-0.077298,0.185158777572564
-0.06983,0.195411840023614
-0.062038,0.204750242373924
-0.053961,0.213151812869071
-0.045637,0.2205979823706
-0.037107,0.227071841066489
-0.028408,0.232561690981569
-0.019583,0.23705636167611
-0.010671,0.24054879885514
-0.0017146,0.243033209068674
0.0072468,0.244507735231639
0.016172,0.244972792379412
0.025021,0.244431865433642
0.033753,0.242890571096612
0.042332,0.240359966140296
0.050715,0.236850322765658
0.058868,0.232377941067973
0.066754,0.226961583998454
0.074336,0.220621735048104
0.081583,0.213384366333759
0.088461,0.205277151458643
0.094938,0.19633004009163
0.10099,0.186580071759286
0.10658,0.176059512672346
0.11169,0.164810054735712
0.1163,0.152878456638673
0.12038,0.140306956623857
0.12392,0.12714781693652
0.12689,0.113445170556746
0.12928,0.0992501526838322
0.13109,0.0846254906918456
0.13229,0.0696192956754312
0.13288,0.0542886573613706
0.13285,0.0386888112438048
0.13221,0.0228866230491437
0.13094,0.00693414942592523
0.12905,-0.00910794325941199
0.12654,-0.0251813397665886
0.12342,-0.041224075745883
0.11968,-0.0571880101757705
0.11535,-0.0730081973474769
0.11043,-0.0886304239053735
0.10494,-0.103996158713971
0.098893,-0.119050524673357
0.092304,-0.133741987346798
0.085196,-0.14801759567801
0.07759,-0.161826588725065
0.069511,-0.17511881623706
0.060983,-0.187847156296749
0.052034,-0.199965694348136
0.042693,-0.211430448203152
0.032991,-0.222199165332784
0.022956,-0.232234815024191
0.012625,-0.241499393450899
0.0020289,-0.249960121554602
-0.0087982,-0.257587423240486
-0.019818,-0.264352469189737
-0.030998,-0.270232565823484
-0.042301,-0.275207565971452
-0.053689,-0.279259784528423
-0.06513,-0.282378882991481
-0.076585,-0.284555988337561
-0.08802,-0.285787774190201
-0.099401,-0.286075889667983
-0.11069,-0.285423392003235
-0.12186,-0.283842906177942
-0.13288,-0.281351837884592
-0.14371,-0.277964667571004
-0.15434,-0.273715629634648
-0.16472,-0.268624679386336
-0.17484,-0.26272956707937
-0.18467,-0.25606681654131
-0.19419,-0.24867858505843
-0.20337,-0.240603213509714
-0.21221,-0.23189725687673
-0.22067,-0.222600961578864
-0.22875,-0.212769991539592
-0.23644,-0.202463581516332
-0.24371,-0.191727468261738
-0.25056,-0.180617416636167
-0.25698,-0.169188301557716
-0.26297,-0.157500097395329
-0.2685,-0.145592953032593
-0.2736,-0.133534146343413
-0.27823,-0.121359052091746
-0.28242,-0.109127909148171
-0.28615,-0.0968821514247144
-0.28944,-0.0846762499966174
-0.29227,-0.0725438468643382
-0.29466,-0.0605301499879922
-0.29661,-0.0486733534176064
-0.29813,-0.0370120285153983
-0.29923,-0.0255836658340817
-0.29991,-0.0144161258366127
-0.30019,-0.00354317910667156
-0.30007,0.00701270703437013
-0.29957,0.0172243637981572
-0.2987,0.0270693285600218
-0.29748,0.03652250441129
-0.29591,0.0455724964161838
-0.29402,0.0541974386336667
-0.29181,0.0623901497129155
-0.2893,0.0701410371633246
-0.28652,0.0774317652941536
-0.28347,0.084259941789332
-0.28016,0.0906290121458828
-0.27663,0.0965251623228664
-0.27287,0.101958293673079
-0.26891,0.10692785603259
-0.26476,0.111439944587803
-0.26044,0.115498695144668
-0.25595,0.1191215736147
-0.25132,0.122314356950401
-0.24655,0.125095625908817
-0.24166,0.12747917199102
-0.23665,0.129489510004633
-0.23154,0.131144497488234
-0.22634,0.132463663405705
-0.22105,0.133474853226963
-0.21568,0.134204561727863
-0.21024,0.13467755110504
-0.20472,0.134931356963653
-0.19915,0.134983251936419
-0.19351,0.134870682315183
-0.18781,0.134624149243107
-0.18205,0.134275102017448
-0.17624,0.133847455569166
-0.17037,0.133373116470188
-0.16443,0.132889485967866
-0.15843,0.132422503008078
-0.15236,0.132002836666728
-0.14622,0.131656608166576
-0.14,0.131412812586393
-0.13369,0.131301820375907
-0.12729,0.13134672962928
-0.12079,0.131571363546322
-0.11417,0.132006690380173
-0.10744,0.132666225321082
-0.10058,0.133571022040098
-0.09357,0.134747429123508
-0.086415,0.13620666017767
-0.079098,0.137963473038229
-0.07161,0.14002894139556
-0.06394,0.142412126297651
-0.056078,0.145119259769315
-0.048015,0.148153165384118
-0.039744,0.151512145766945
-0.031256,0.155192169059543
-0.022544,0.159185743972636
-0.013604,0.163480375724453
-0.0044294,0.168061606388222
0.004983,0.172911095066469
0.014636,0.178007408476225
0.02453,0.18332527798814
0.034666,0.188837339750071
0.045042,0.194512951337001
0.055655,0.200318825580561
0.066499,0.206218154241228
0.077571,0.212174455555464
0.08886,0.21814655740342
0.10036,0.224094316082057
0.11206,0.229975829023516
0.12395,0.235749698762143
0.13601,0.241368732863998
0.14823,0.246789831045711
0.16059,0.251967080270681
0.17308,0.256861080617514
0.18569,0.261438923213893
0.19838,0.265651837014209
0.21114,0.269461967631889
0.22395,0.272834108552119
0.23679,0.275736387246524
0.24963,0.278133346502953
0.26246,0.280002657385218
0.27525,0.281318675519451
0.28798,0.282061467507964
0.30062,0.282209143261983
0.31315,0.281746517093887
0.32554,0.28065711911209
0.33777,0.278931578130572
0.34982,0.276566793734556
0.36165,0.273550306931334
0.37324,0.269877512354204
0.38457,0.265550523545697
0.3956,0.260562284545478
0.40632,0.254920965463446
0.41669,0.248624840557885
0.42669,0.241679262479382
0.43629,0.234087952572804
0.44546,0.225853405257863
0.45417,0.216977226892763
0.46241,0.207475212223543
0.47014,0.197352140210064
0.47734,0.186618709220791
0.48399,0.175290223144578
0.49005,0.163370608934952
0.49551,0.15087679099945
0.50035,0.13782840542987
0.50454,0.124239432001112
0.50806,0.110126367470852
0.51089,0.0955073346221698
0.51302,0.0804087083659715
0.51442,0.0648480425517387
0.51508,0.0488501041513097
0.51498,0.0324374045844611
0.51412,0.0156448052116061
0.51248,-0.00149862627994132
0.51005,-0.0189619178367037
0.50683,-0.0367060579414274
0.50281,-0.0546940637905613
0.49798,-0.0728916666622324
0.49234,-0.0912604212520413
0.48591,-0.109744876355438
0.47866,-0.128314460191326
0.47062,-0.146915264717618
0.46179,-0.165498372617635
0.45217,-0.184020383370842
0.44179,-0.202421532265472
0.43064,-0.220660267416648
0.41875,-0.238681499930884
0.40613,-0.256435762345048
0.3928,-0.273872329373408
0.37878,-0.290941122412348
0.36409,-0.307594243419454
0.34876,-0.323779773477793
0.33281,-0.339451683077778
0.31626,-0.354570286445334
0.29915,-0.369087665583121
0.2815,-0.382965724427193
0.26335,-0.396160906748899
0.24472,-0.408641612603731
0.22565,-0.420372346575041
0.20617,-0.431323233355149
0.18632,-0.441462745323666
0.16613,-0.450766673864154
0.14563,-0.459217772885898
0.12487,-0.466790494956155
0.10387,-0.473475872081667
0.082682,-0.479255274416334
0.061331,-0.48412313647327
0.039854,-0.488076077135802
0.018289,-0.491112198906626
-0.0033294,-0.493233718201128
-0.024965,-0.494445260814909
-0.046586,-0.494756843579558
-0.068154,-0.494177980692222
-0.089637,-0.492722537422824
-0.111,-0.490405552299843
-0.13221,-0.487244319492485
-0.15324,-0.483262136958584
-0.17406,-0.478484493280949
-0.19462,-0.472923335494998
-0.21491,-0.466609083895061
-0.23489,-0.459564163984895
-0.25454,-0.451818842872917
-0.27382,-0.443394177611848
-0.29271,-0.434318069859083
-0.31118,-0.424615817158503
-0.3292,-0.414309942057221
-0.34676,-0.403434898805701
-0.36381,-0.392004225127185
-0.38035,-0.38005115268095
-0.39634,-0.367594248410282
-0.41177,-0.354661864904978
-0.42661,-0.341274596872833
-0.44085,-0.32746091811223
-0.45446,-0.31323998448854
-0.46743,-0.298637589058723
-0.47974,-0.283676652135133
-0.49138,-0.268384418782454
-0.50233,-0.252783347885678
-0.51258,-0.236898676945516
-0.52212,-0.220757043947239
-0.53094,-0.204385336747905
-0.53903,-0.187809752639903
-0.54637,-0.171047652106608
-0.55297,-0.154130798063502
-0.55881,-0.137079336387531
-0.56389,-0.119918102430326
-0.56821,-0.102674843484027
-0.57176,-0.0853713150628947
-0.57454,-0.0680310452510115
-0.57654,-0.0506707479216315
-0.57776,-0.0333083666035223
-0.57821,-0.0159695269629041
-0.57788,0.00132964365598368
-0.57676,0.018581330308582
-0.57487,0.0357626757404439
-0.5722,0.0528617124207416
-0.56875,0.06986839268417
-0.56453,0.0867673114261606
-0.55954,0.103546762295671
-0.55379,0.1201911417613
-0.54728,0.136689715938671
-0.54003,0.153021366201387
-0.53204,0.169172141247046
-0.52332,0.1851270276952
-0.51388,0.200870743305714
-0.50374,0.216380981874606
-0.49292,0.231630539191932
-0.48142,0.246603944263492
-0.46927,0.261273587696913
-0.45647,0.275625177199753
-0.44304,0.289640933664634
-0.42901,0.303293537390601
-0.41438,0.316571075071822
-0.39919,0.329444979219705
-0.38343,0.341911188382241
-0.36714,0.353948729984963
-0.35034,0.365538548329921
-0.33304,0.376671224762468
-0.31527,0.387330768485971
-0.29704,0.39751130614371
-0.27839,0.407193285444118
-0.25932,0.416376418062955
-0.23988,0.425039162976925
-0.22007,0.433180577212142
-0.19993,0.440786943114912
-0.17948,0.447849576426674
-0.15875,0.454356849825924
-0.13776,0.460302630952996
-0.11653,0.465685544032575
-0.095108,0.470487538219056
-0.073506,0.474704367642266
-0.051754,0.478329858574635
-0.029883,0.481355854980815
-0.0079223,0.483774214025359
0.014099,0.485577299323514
0.036148,0.486755403286871
0.058194,0.4872991565827
0.080204,0.487198129700492
0.10215,0.486445131368079
0.12399,0.485025534963289
0.14569,0.48292513495043
0.16722,0.480133507831116
0.18855,0.47664367121309
0.20963,0.472436929341197
0.23044,0.467507938651442
0.25095,0.461854985437041
0.2711,0.455457267199535
0.29088,0.448316234346258
0.31025,0.440429170099004
0.32917,0.431790197983314
0.34761,0.422398560486405
0.36555,0.412265158687669
0.38294,0.401387936802861
0.39977,0.38978414066588
0.41599,0.377456639544514
0.43159,0.364426314673629
0.44652,0.350698514302496
0.46077,0.336295576207501
0.4743,0.321230813349639
0.48709,0.305524750276887
0.49912,0.289203215002264
0.51036,0.272288257748656
0.52079,0.25480570306198
0.5304,0.236791123227066
0.53915,0.218264801623301
0.54704,0.199263699587829
0.55406,0.179829795074554
0.56018,0.159993147229015
0.5654,0.139795508140644
0.5697,0.119272049135294
0.57309,0.0984737694454161
0.57556,0.0774481520615279
0.5771,0.0562384365942802
0.57772,0.0348979071275279
0.57742,0.0134789419994826
0.57619,-0.0079758096878824
0.57405,-0.0294107308656279
0.57101,-0.0507688777081189
0.56706,-0.0720088089303404
0.56223,-0.0930733997304323
0.55653,-0.113909503088897
0.54997,-0.134468912503231
0.54256,-0.154709034746006
0.53432,-0.174585908935112
0.52528,-0.194048622700343
0.51544,-0.213064581410207
0.50484,-0.231587640223304
0.49349,-0.249584548764028
0.48143,-0.26701155379269
0.46866,-0.283847592141291
0.45522,-0.300061292768678
0.44114,-0.315621626271795
0.42645,-0.330499068273687
0.41117,-0.344673892056791
0.39533,-0.358127806918649
0.37897,-0.370837174400177
0.36212,-0.382782454786351
0.3448,-0.393955705605456
0.32706,-0.404336735033903
0.30893,-0.413911161910952
0.29044,-0.422670013120264
0.27163,-0.430601856430518
0.25253,-0.437701302336915
0.23319,-0.443953495621
0.21363,-0.449358826188287
0.19389,-0.453915460906011
0.17402,-0.457612705867419
0.15405,-0.460448050250335
0.13402,-0.462418490446268
0.11396,-0.463528335359899
0.093922,-0.46377162694079
0.073935,-0.463151502487079
0.054037,-0.461671884115641
0.034268,-0.459335929042387
0.014664,-0.456149222303778
-0.0047372,-0.452117983628372
-0.023901,-0.447251291293936
-0.042791,-0.441559089604536
-0.061374,-0.435054245598264
-0.079614,-0.427749679421233
-0.097479,-0.419661064870469
-0.11494,-0.410808181082898
-0.13195,-0.401200347870659
-0.1485,-0.390866358080321
-0.16455,-0.379827055564849
-0.18007,-0.368103749792935
-0.19503,-0.35571756514674
-0.20941,-0.342696302819438
-0.22319,-0.329072392114854
-0.23633,-0.314866312409942
-0.24882,-0.300110498671754
-0.26064,-0.284838700927878
-0.27177,-0.269084761192111
-0.2822,-0.25288900387304
-0.29191,-0.236288410136218
-0.30088,-0.219316160447072
-0.30911,-0.202016135123441
-0.3166,-0.184439523016147
-0.32333,-0.166627095022804
-0.32931,-0.148632142899368
-0.33453,-0.130501642537387
-0.339,-0.112290802942416
-0.34273,-0.0940597683925975
-0.34571,-0.0758560221381766
-0.34795,-0.0577300861307105
-0.34948,-0.0397480761779444
-0.3503,-0.0219644296624415
-0.35042,-0.00442978834415684
-0.34987,0.0127951804874924
-0.34867,0.029651101884741
-0.34684,0.0460815982104551
-0.34439,0.0620420053804728
-0.34136,0.0774765303180528
-0.33777,0.0923371166861555
-0.33365,0.106576267928102
-0.32902,0.120156054123281
-0.32394,0.133018146632651
-0.31841,0.145134154303241
-0.31248,0.156464070216268
-0.30618,0.1669748607568
-0.29955,0.176633068773228
-0.29262,0.185413653430794
-0.28543,0.193292100647502
-0.27801,0.200252837113972
-0.27041,0.206273580503105
-0.26265,0.211349866593094
-0.25478,0.215469967279288
-0.24683,0.21863182783061
-0.23883,0.220841655180912
-0.23083,0.222097756705515
-0.22285,0.222414672397985
-0.21493,0.22180520133696
-0.2071,0.220288126174055
-0.19938,0.217894255502223
-0.19182,0.214641370350357
-0.18443,0.210566104620915
-0.17724,0.205704744514474
-0.17027,0.200099923959353
-0.16354,0.193798423322938
-0.15708,0.186841853972661
-0.15089,0.179288828512386
-0.14499,0.171195376268691
-0.13939,0.162621378480489
-0.13411,0.153620817038183
-0.12913,0.14427101009492
-0.12448,0.13462897322773
-0.12014,0.124770693515175
-0.11612,0.11476308166698
-0.11241,0.104678547519034
-0.109,0.0945917729847492
-0.1059,0.0845622242671217
-0.10308,0.0746647874621804
-0.10053,0.0649696577853837
-0.098246,0.0555365818367161
-0.096204,0.0464296815479689
-0.094385,0.0377107759904503
-0.092773,0.0294355208779361
-0.091346,0.0216570923736177
-0.090081,0.0144255068090246
-0.088957,0.00778492500095291
-0.08795,0.0017753204231992
-0.087037,-0.00356903142599649
-0.086193,-0.00821840475246738
-0.085395,-0.0121495356213181
-0.084616,-0.0153425510401172
-0.083835,-0.0177857914055125
-0.083027,-0.0194720751304387
-0.082168,-0.0203992530196617
-0.08124,-0.0205742016014348
-0.080216,-0.0200046907765836
-0.079079,-0.018706830555761
-0.077808,-0.0167004719933232
-0.076382,-0.0140083302840099
-0.074787,-0.0106603454041939
-0.073003,-0.00668735949026919
-0.071015,-0.00212409546307347
-0.068808,0.00299228053389841
-0.066368,0.00862267989337447
-0.063683,0.0147258605394297
-0.06074,0.0212605540123516
-0.057532,0.0281820410443066
-0.054047,0.0354476528486986
-0.05028,0.0430123122602936
-0.046224,0.0508316930136861
-0.041874,0.058861819832
-0.037229,0.0670572884992894
-0.032286,0.075374333514186
-0.027045,0.0837695868157449
-0.021508,0.0921998319085451
-0.015678,0.100622563408248
-0.0095597,0.108995922297207
-0.0031588,0.117279163641425
0.0035159,0.125431468448535
0.010456,0.133413591499683
0.017651,0.141187313408317
0.025086,0.148713283252839
0.03275,0.155955457487476
0.040628,0.162878759146869
0.048704,0.169449394124342
0.056959,0.175633599179126
0.065378,0.181401814043857
0.073939,0.186723804028921
0.082624,0.191572884607181
0.09141,0.195922578311921
0.10028,0.199752051112496
0.1092,0.203033334192507
0.11816,0.205751528951781
0.12713,0.207888208878622
0.13609,0.209430318777769
0.14501,0.210362405693157
0.15386,0.210667804550308
0.16263,0.210344407609316
0.17129,0.209387410892929
0.17981,0.207790259615841
0.18817,0.205552832132839
0.19635,0.202680462226825
0.20432,0.199175602324079
0.21206,0.195045952320194
0.21955,0.190303461858895
0.22678,0.18497079989213
0.23371,0.179056688619749
0.24034,0.172588130374384
0.24665,0.165591512087248
0.25262,0.15809216661353
0.25824,0.150121412517018
0.26349,0.141707255210039
0.26836,0.132881743985372
0.27285,0.123686773389811
0.27694,0.114156295691227
0.28062,0.104324348121292
0.2839,0.0942388883788435
0.28676,0.0839355867971561
0.28919,0.0734465761324525
0.2912,0.0628149606993624
0.29279,0.0520840257833221
0.29395,0.0412885191351275
0.29468,0.0304626092329723
0.29499,0.0196462945241689
0.29488,0.0088756159791075
0.29434,-0.00182514551236218
0.29338,-0.0124272859570179
0.29202,-0.0228921507228392
0.29024,-0.033203917674148
0.28806,-0.0433362740833335
0.28548,-0.0532702143637311
0.28251,-0.0629860027215882
0.27916,-0.0724641106654382
0.27542,-0.0817007583700628
0.27131,-0.0906830548041634
0.26684,-0.0993987716889297
0.26201,-0.107844189164166
0.25683,-0.11601540321306
0.25131,-0.123908711836467
0.24546,-0.131520906127783
0.23927,-0.138864274824278
0.23277,-0.145933911178131
0.22595,-0.15274095829706
0.21883,-0.159287198109507
0.2114,-0.165589179345588
0.20369,-0.171645491516841
0.19569,-0.177470003483338
0.18741,-0.183073865550896
0.17886,-0.188465856975404
0.17005,-0.193652706176276
0.16097,-0.19865418087562
0.15165,-0.203470526283669
0.14207,-0.208123275578451
0.13226,-0.212613617253392
0.12222,-0.216948522875678
0.11196,-0.221132054204405
0.10148,-0.2251732228585
0.090794,-0.229074441412586
0.079911,-0.232836431171141
0.068842,-0.236457035496411
0.057596,-0.239933293585072
0.046185,-0.24325943415627
0.034619,-0.246429030529994
0.022915,-0.249430099828005
0.011083,-0.252251654222479
-0.00086313,-0.254880921932969
-0.012907,-0.257302160523986
-0.025036,-0.259500444124979
-0.037231,-0.261457085881894
-0.049479,-0.263155411809639
-0.061759,-0.264574921782839
-0.074056,-0.265697047746226
-0.086349,-0.266500879794747
-0.09862,-0.266966449887143
-0.11085,-0.26707440625228
-0.12301,-0.266799088340708
-0.13509,-0.266124565851173
-0.14707,-0.265035879651357
-0.15892,-0.263511968892636
-0.17061,-0.261527523512339
-0.18214,-0.259076781169968
-0.19346,-0.256133045860975
-0.20457,-0.252690567549841
-0.21543,-0.248731191582364
-0.22602,-0.244242182080044
-0.23632,-0.239215652209094
-0.24631,-0.233647987348223
-0.25594,-0.227517077718465
-0.26521,-0.220823606082476
-0.27409,-0.213564570183293
-0.28255,-0.205734230918498
-0.29057,-0.197332331277852
-0.29812,-0.188355780925431
-0.30518,-0.1788068142296
-0.31172,-0.168684628260156
-0.31774,-0.158008303309864
-0.3232,-0.146782986317998
-0.32808,-0.135017357973977
-0.33237,-0.122730204460019
-0.33605,-0.109940656203997
-0.3391,-0.0966676952635061
-0.34151,-0.0829371397107116
-0.34327,-0.0687796860492189
-0.34436,-0.0542217930395049
-0.34477,-0.0392932122345357
-0.34451,-0.0240403499338267
-0.34356,-0.00849961258363109
-0.34191,0.00729426046199624
-0.33958,0.023286674733005
-0.33655,0.0394381359488029
-0.33284,0.0556928879547737
-0.32844,0.0720058576371935
-0.32337,0.0883197417599936
-0.31763,0.104583863303058
-0.31124,0.120739636058862
-0.3042,0.136738666354902
-0.29654,0.152520122971907
-0.28826,0.168037219807785
-0.27939,0.183233842442865
-0.26994,0.198062954253722
-0.25995,0.212464229625549
-0.24942,0.226398160232964
-0.23839,0.239813855456893
-0.22688,0.252667776956209
-0.21492,0.264916465300599
-0.20254,0.276518083009078
-0.18976,0.287441019671012
-0.17662,0.297648382269062
-0.16315,0.307107819334363
-0.14939,0.31578452400167
-0.13536,0.32365784653276
-0.1211,0.330704734424444
-0.10666,0.336893836395434
-0.092055,0.342214232817003
-0.077335,0.346646287693463
-0.062535,0.350175353740252
-0.047692,0.352790098239835
-0.032847,0.3544795781398
-0.018037,0.355236774738258
-0.0033011,0.355056814582368
0.011321,0.353936574380952
0.025792,0.351876519153738
0.040074,0.348879855441281
0.054127,0.344950650695618
0.067915,0.340096787170916
0.081402,0.334329266528073
0.094549,0.327659330413831
0.10732,0.320100548916344
0.11969,0.311676340443091
0.13162,0.302407269873011
0.14307,0.292310474301909
0.15402,0.28141479224038
0.16444,0.26975044840879
0.1743,0.25734808050057
0.18356,0.244230517132756
0.19222,0.230443307192516
0.20024,0.216019552591168
0.20761,0.201003636724844
0.2143,0.185433045449961
0.2203,0.169353453388274
0.22559,0.152808456436963
0.23016,0.135846119627575
0.234,0.118516717965554
0.2371,0.10087083545759
0.23946,0.0829651965304699
0.24106,0.0648449929280417
0.24191,0.0465668901664459
0.242,0.028180269516862
0.24134,0.00974186375658869
0.23993,-0.00869484667663408
0.23777,-0.0270807198625905
0.23488,-0.0453569451147544
0.23126,-0.063473602262657
0.22692,-0.0813822198386984
0.22188,-0.0990297589972776
0.21615,-0.116368684665654
0.20975,-0.133350159683361
0.2027,-0.14992600057406
0.19501,-0.166057642415998
0.18672,-0.181693540096416
0.17785,-0.196788270548681
0.16843,-0.211295582782545
0.15847,-0.225185018369926
0.14803,-0.238403131432333
0.13712,-0.250916783773594
0.12577,-0.262695743834599
0.11404,-0.273691196739021
0.10195,-0.283870662743932
0.089547,-0.29319616222377
0.076865,-0.301636348717634
0.063949,-0.309158361080599
0.050843,-0.315730167519102
0.037591,-0.321321686534603
0.024237,-0.325905635419973
0.010829,-0.329455178341498
-0.0025867,-0.331946228069021
-0.015963,-0.333357373572441
-0.029251,-0.333669005392669
-0.042404,-0.332865513501622
-0.055371,-0.330932137656391
-0.068107,-0.327860013580575
-0.08056,-0.323640460230151
-0.092686,-0.318271451269806
-0.10444,-0.311755988053447
-0.11577,-0.30409620490777
-0.12663,-0.295298233371387
-0.13698,-0.285375998337134
-0.14678,-0.27434962166878
-0.15598,-0.262236557220766
-0.16456,-0.249074073431569
-0.17246,-0.234885063171635
-0.17966,-0.219709995992671
-0.18613,-0.203595204374263
-0.19182,-0.186575867252696
-0.19673,-0.168714316348047
-0.20081,-0.150056214978696
-0.20406,-0.130669597144728
-0.20644,-0.110609146472455
-0.20795,-0.0899468832692782
-0.20856,-0.0687446334943091
-0.20827,-0.0470764417365901
-0.20707,-0.0250166947828565
-0.20495,-0.00263790089440231
-0.20192,0.0199763006125562
-0.19796,0.0427579606766973
-0.19309,0.0656243002762279
-0.18731,0.0884979076253082
-0.18062,0.111308116950788
-0.17304,0.133977191944043
-0.16457,0.156438985924969
-0.15525,0.178609328690768
-0.14508,0.200421814586313
-0.13408,0.221811835976128
-0.12229,0.242703694572608
-0.10972,0.263037490123384
-0.096413,0.282743803580933
-0.08239,0.301764232224036
-0.06769,0.320038079861924
-0.05235,0.337506490850887
-0.036408,0.354113518028496
-0.019908,0.369803214282161
-0.0028932,0.384522319156402
0.014589,0.398218656614358
0.032491,0.410842773625938
0.050759,0.422344750197692
0.069344,0.432679772578887
0.088189,0.441803022323324
0.10724,0.449673688041112
0.12643,0.456246252614427
0.14571,0.461486511774024
0.16502,0.465362738689172
0.1843,0.467846629585562
0.20347,0.46889916789751
0.22249,0.468503867516053
0.24128,0.466633805732955
0.25979,0.463277084561444
0.27795,0.45841996384293
0.29569,0.452048089020759
0.31296,0.444162264502873
0.32968,0.43475377561646
0.34581,0.423836495821603
0.36127,0.411412987577856
0.37601,0.397499219422188
0.38998,0.382121922120739
0.4031,0.365293965029558
0.41533,0.347046600407841
0.42662,0.327417963843224
0.43691,0.306443601516152
0.44615,0.28416365127884
0.4543,0.260628471317091
0.46131,0.235888085554825
0.46714,0.209998437659311
0.47176,0.183026237632766
0.47513,0.155037759790989
0.47721,0.126097175116402
0.47799,0.0962874023200612
0.47744,0.0656894106906823
0.47553,0.0343803366837556
0.47225,0.00244680246200813
0.46759,-0.030019429927795
0.46155,-0.0629177355748925
0.45411,-0.0961580893198194
0.44528,-0.129639549472356
0.43507,-0.163255431756471
0.42348,-0.196905062468314
0.41053,-0.230480955560835
0.39624,-0.263873489504378
0.38063,-0.296974770655848
0.36373,-0.329674348911551
0.34556,-0.361870664939738
0.32618,-0.393443102457635
0.30561,-0.424289154782035
0.2839,-0.454302174426452
0.2611,-0.483375772940108
0.23726,-0.511407383409224
0.21243,-0.538301060597728
0.18667,-0.563962196221483
0.16005,-0.588293241687749
0.13262,-0.611212537551014
0.10445,-0.632639511559834
0.075622,-0.652488646249394
0.046193,-0.670692107810582
0.016242,-0.687182770455874
-0.014153,-0.701897527695312
-0.044915,-0.714779845345721
-0.075966,-0.725780160140093
-0.10723,-0.734858228090535
-0.13861,-0.741967746459955
-0.17004,-0.747082551052344
-0.20143,-0.750176509938339
-0.2327,-0.751232441001017
-0.26376,-0.750234240136533
-0.29454,-0.747182664268012
-0.32494,-0.742070599970834
-0.35489,-0.734907669704102
-0.38431,-0.725710005587334
-0.41311,-0.71449179995003
-0.44121,-0.701273284796876
-0.46854,-0.686086958604113
-0.49503,-0.668974851614966
-0.52058,-0.649963836921525
-0.54513,-0.629097834417832
-0.56862,-0.606433692599579
-0.59096,-0.58201530579115
-0.6121,-0.555904802412385
-0.63197,-0.528162780915089
-0.65051,-0.498854561061503
-0.66767,-0.468055045877482
-0.68339,-0.435837551142505
-0.69763,-0.402286979469692
-0.71034,-0.3674878983137
-0.72147,-0.331522281890467
-0.73099,-0.294482492785
-0.73887,-0.256466636937174
-0.74508,-0.21757462655201
-0.74958,-0.177897508832008
-0.75237,-0.137546020422996
-0.75342,-0.0966212760023211
-0.75272,-0.055228327633464
-0.75026,-0.0134721466944699
-0.74604,0.0285382580771839
-0.74006,0.070694062763296
-0.73233,0.112882669276751
-0.72285,0.154999444674045
-0.71164,0.19693482893248
-0.69872,0.238578898480824
-0.68411,0.279825082630612
-0.66784,0.320565708052188
-0.64994,0.360695860824738
-0.63045,0.400109056295228
-0.60941,0.438701208200405
-0.58686,0.476373787174057
-0.56285,0.513028848468613
-0.53743,0.548572421845605
-0.51066,0.582909756112334
-0.48259,0.61595630899877
-0.4533,0.647616763179318
-0.42284,0.677812771615423
-0.39128,0.706467905758846
-0.3587,0.73350287543738
-0.32517,0.758846532740853
-0.29077,0.782429732166143
-0.25558,0.804187720621871
-0.21968,0.824061939855511
-0.18316,0.841993911201058
-0.14611,0.857927683679259
-0.10862,0.871811722486875
-0.070771,0.883606958783738
-0.032671,0.893266312948853
0.005591,0.900752394490699
0.043915,0.906029302418685
0.082206,0.909067790996714
0.12036,0.909838880429734
0.15829,0.908327905027197
0.19588,0.904511416409766
0.23304,0.898379441534773
0.26967,0.889926415884404
0.30567,0.879151131070263
0.34095,0.86606394181529
0.3754,0.850670051641324
0.40892,0.832978319418533
0.44144,0.813023015440501
0.47284,0.790821499460075
0.50306,0.766421862079438
0.532,0.73986652312648
0.55957,0.711199975812632
0.58571,0.680489709900556
0.61033,0.64779806052175
0.63337,0.613203977217547
0.65477,0.576797894983078
0.67447,0.538677251975294
0.6924,0.498935232711639
0.70854,0.457696113379613
0.72284,0.415083718788501
0.73527,0.371232927644074
0.7458,0.326283786936875
0.75442,0.280391352173516
0.76111,0.233710965299896
0.76588,0.186415887369969
0.76873,0.138681382555458
0.76967,0.0906865484101672
0.76872,0.0426156019773019
0.76591,-0.00534129997695949
0.76127,-0.0529950318626593
0.75484,-0.100155778850833
0.74667,-0.146631749646749
0.7368,-0.192243060026142
0.7253,-0.236803105877631
0.71222,-0.28014077192367
0.69764,-0.32208101010382
0.68163,-0.362458926460102
0.66425,-0.401130920329653
0.6456,-0.437946178150415
0.62575,-0.472775684431397
0.60478,-0.505505477575907
0.58278,-0.536030846515945
0.55984,-0.56425880960771
0.53604,-0.590117196225631
0.51148,-0.613539225069329
0.48624,-0.634480492432141
0.46041,-0.652909862044973
0.43407,-0.668816531719599
0.40732,-0.682192958796053
0.38024,-0.693050530512055
0.35291,-0.70141684036217
0.32541,-0.707333002796877
0.29783,-0.710843657654185
0.27025,-0.712003518456619
0.24273,-0.710889692051824
0.21534,-0.707588754681319
0.18817,-0.702178594915969
0.16128,-0.694750869154355
0.13472,-0.685413850339374
0.10857,-0.67426461762351
0.082867,-0.661420818794853
0.057678,-0.646991646204857
0.03305,-0.631091547236713
0.0090287,-0.613837208462713
-0.014342,-0.595345349559202
-0.037019,-0.575730117529787
-0.058973,-0.555110585696903
-0.080166,-0.533599954137592
-0.10057,-0.511310756103886
-0.12016,-0.48835382588636
-0.13892,-0.464841890474137
-0.15681,-0.440867951226889
-0.17384,-0.416543047537554
-0.18998,-0.391959621976717
-0.20523,-0.367214212144242
-0.21958,-0.342396011213567
-0.23302,-0.317585207389147
-0.24556,-0.292866644915714
-0.25719,-0.268311114666503
-0.26793,-0.243997607713642
-0.27777,-0.219986653587254
-0.28674,-0.196351078411826
-0.29484,-0.17314870439437
-0.30207,-0.15042292284903
-0.30848,-0.128240509560828
-0.31405,-0.106632763227258
-0.31883,-0.085652538368016
-0.32282,-0.0653309124465007
-0.32605,-0.0457020147577533
-0.32855,-0.0268007860420373
-0.33034,-0.00865378468702346
-0.33143,0.008727989409378
-0.33187,0.0253174765879825
-0.33167,0.0411056245016533
-0.33087,0.0560765752679798
-0.32949,0.0702247984542976
-0.32756,0.0835464134666556
-0.32511,0.0960395214672612
-0.32217,0.107704387647384
-0.31877,0.118543499451294
-0.31493,0.128568922209128
-0.31069,0.137785761928151
-0.30607,0.146208566842598
-0.3011,0.153852081122768
-0.29582,0.160723755716319
-0.29024,0.166847449846161
-0.2844,0.172237706465821
-0.27831,0.176923610149549
-0.27202,0.180915833627668
-0.26554,0.184239690073209
-0.2589,0.186916988011711
-0.25212,0.188973666276248
-0.24523,0.190431020095203
-0.23824,0.191320913620506
-0.23118,0.191668161035164
-0.22407,0.191498672556839
-0.21692,0.190845966417493
-0.20976,0.18973401415083
-0.20261,0.188185824366251
-0.19547,0.186237760827843
-0.18836,0.183921144403284
-0.18131,0.181254932150165
-0.17432,0.178269694060243
-0.1674,0.174997042948984
-0.16056,0.171468479422275
-0.15383,0.167699652416708
-0.1472,0.163722440904433
-0.14068,0.159566009881326
-0.13429,0.155249004710277
-0.12803,0.150795703031854
-0.12192,0.146219293549477
-0.11595,0.141545663663231
-0.11013,0.13679526404747
-0.10447,0.131983425262363
-0.098985,0.127117036151699
-0.093672,0.122209092129185
-0.088543,0.117265861075153
-0.083603,0.112292991304349
-0.07886,0.107293057914766
-0.074322,0.102265891138381
-0.069995,0.0972103993592116
-0.06589,0.0921208951399182
-0.062012,0.0869923996452115
-0.05837,0.0818175165008665
-0.054971,0.0765884271105053
-0.051823,0.0712963048941007
-0.048933,0.0659323633905037
-0.046308,0.0604879751520676
-0.043955,0.0549547781264642
-0.041877,0.0493277274243428
-0.040082,0.0436008265852794
-0.038573,0.0377711191548778
-0.037353,0.0318381389934004
-0.036425,0.0258034124333718
-0.03579,0.0196714911234777
-0.035447,0.0134507109347375
-0.035395,0.00715222948938605
-0.035633,0.000789176981231723
-0.036154,-0.00561964464054276
-0.036952,-0.0120521077963528
-0.038021,-0.0184840031236226
-0.039349,-0.0248856687190167
-0.040927,-0.0312260825601669
-0.042739,-0.037468813650772
-0.044772,-0.0435763107745945
-0.047011,-0.0495097083249541
-0.049434,-0.0552250260954343
-0.052025,-0.0606798729653985
-0.054762,-0.0658299553247153
-0.057622,-0.0706300330507686
-0.060584,-0.0750369544548494
-0.063625,-0.0790091127151956
-0.066718,-0.0825045097651258
-0.069839,-0.0854844009831782
-0.072964,-0.0879139471886297
-0.076065,-0.0897596969965081
-0.079118,-0.0909934507195358
-0.082098,-0.0915915506982751
-0.084979,-0.091534199527845
-0.087734,-0.090804812985426
-0.09034,-0.0893931122916613
-0.092773,-0.0872937524678975
-0.095007,-0.0845043431835094
-0.097019,-0.0810274635087287
-0.098788,-0.0768714040461593
-0.10029,-0.072046903943384
-0.10151,-0.0665733145106626
-0.10241,-0.060459653300864
-0.10299,-0.0537346912410418
-0.10323,-0.04642777410534
-0.1031,-0.0385607240892575
-0.10259,-0.030163657809839
-0.10169,-0.0212727013547742
-0.10037,-0.0119131766700323
-0.09863,-0.00212327730874359
-0.096452,0.00806271028536308
-0.093829,0.0186064029787104
-0.09075,0.0294700988755492
-0.087205,0.0406169385183192
-0.08319,0.0520073416762777
-0.078698,0.0636028855186438
-0.073727,0.0753635056970952
-0.068274,0.0872497424810769
-0.06234,0.0992208574493415
-0.055926,0.111236326399726
-0.049037,0.123254096353735
-0.041678,0.135232195672601
-0.033855,0.147129306626477
-0.025578,0.158903007644262
-0.016858,0.170510618456874
-0.0077076,0.181909457569278
0.0018585,0.193056693443063
0.011824,0.203909610901219
0.022174,0.214428054209479
0.032886,0.224569685362013
0.043943,0.234295917569986
0.055322,0.243568104306815
0.067001,0.252349655561849
0.078957,0.260606217506659
0.091167,0.268306505481736
0.10361,0.275424380521507
0.11625,0.281927817915557
0.12907,0.287795311959864
0.14205,0.293012555494087
0.15516,0.2975644025822
0.16837,0.301435797520036
0.18165,0.304612505774872
0.19498,0.307089066885755
0.20834,0.308867575257142
0.2217,0.309949097019922
0.23502,0.310326756478372
0.24829,0.310009929096783
0.26148,0.309006326644334
0.27456,0.307322378383034
0.28751,0.304970942061703
0.3003,0.301962540177848
0.31291,0.298313128829814
0.32531,0.29403540426243
0.33747,0.289139253183316
0.34939,0.283654356623784
0.36103,0.277596111521234
0.37237,0.270982887183616
0.38339,0.263835035551386
0.39408,0.256181424831709
0.40441,0.248042281135652
0.41437,0.239445145486293
0.42393,0.230407938328
0.43309,0.220962522094429
0.44183,0.211136337330171
0.45013,0.200952493717801
0.45798,0.190437328073894
0.46536,0.179611604101774
0.47226,0.168498341737013
0.47867,0.157121661108586
0.48457,0.145498417132105
0.48996,0.13365382241189
0.49481,0.121596833374708
0.49912,0.109345099707244
0.50287,0.0969078612185419
0.50606,0.0843019674605691
0.50866,0.0715276092500864
0.51066,0.0585861658663977
0.51206,0.0454871638355289
0.51284,0.0322315013169877
0.51299,0.0188203444442671
0.51249,0.00524749957972569
0.51134,-0.00848434751690203
0.50951,-0.0223877432825657
0.507,-0.0364651204039839
0.5038,-0.050718203278037
0.49989,-0.0651555897858692
0.49525,-0.0797912848205992
0.48989,-0.0946211807824491
0.48378,-0.109656323477638
0.47692,-0.12489754864289
0.4693,-0.140344882065366
0.4609,-0.156005125579568
0.45172,-0.171875605895774
0.44176,-0.187946104171656
0.431,-0.204215389130522
0.41944,-0.220674729708676
0.40707,-0.237316992358646
0.39389,-0.254129138346663
0.3799,-0.271093726731749
0.36509,-0.288197638414993
0.34947,-0.305416815780715
0.33303,-0.322733837978095
0.31579,-0.340114940953146
0.29773,-0.357543703126777
0.27887,-0.374988593340829
0.25922,-0.392414199444517
0.23879,-0.409782986292411
0.21758,-0.427064183187962
0.1956,-0.444226004189349
0.17288,-0.461222024478448
0.14943,-0.478010169735272
0.12527,-0.494545736013203
0.10041,-0.510790649663652
0.074881,-0.526697852303129
0.048704,-0.542221891520677
0.021904,-0.557317075014901
-0.0054896,-0.571935712650859
-0.033449,-0.58603120537273
-0.061943,-0.599556825368053
-0.090938,-0.61246549242178
-0.1204,-0.624711096658099
-0.1503,-0.636253549248948
-0.18059,-0.647044961012344
-0.21123,-0.657038680864102
-0.2422,-0.666205434567587
-0.27343,-0.674494125442831
-0.30489,-0.681867370556617
-0.33654,-0.688292810263083
-0.36833,-0.693735989105574
-0.40021,-0.698162067214291
-0.43213,-0.701537205634742
-0.46405,-0.703837054255895
-0.4959,-0.705023763269585
-0.52765,-0.705079572136937
-0.55923,-0.703974191057355
-0.59059,-0.701683208051221
-0.62167,-0.698180572030919
-0.65242,-0.693447366335284
-0.68278,-0.687463898810056
-0.71269,-0.680210735938917
-0.74209,-0.671669518075925
-0.77093,-0.661830977402058
-0.79914,-0.650678970064737
-0.82665,-0.63819256097934
-0.85342,-0.624370001682308
-0.87938,-0.609203182205457
-0.90446,-0.592679382256539
-0.92862,-0.574804971396355
-0.95177,-0.555564838984185
-0.97387,-0.534964195818109
-0.99486,-0.51300995416345
-1,-0.478850073347334
-1,-0.431978189831529
-1,-0.376120974242059
-1,-0.314531445555762
-1,-0.250008579677935
-1,-0.184920572293334
-1,-0.121231163647837
-1,-0.0605284028707822
-1,-0.00405522261307404
-1,0.0472587927880722
-1,0.0927650343635453
-1,0.13206343924703
-1,0.164970504083255
-1,0.191488184195727
-1,0.211774061681651
-1,0.226113103790367
-1,0.234891271052327
-1,0.238571174183353
-1,0.237669921043655
-1,0.232739240875796
-1,0.224347923436046
-1,0.213066566009073
-1,0.199454582002165
-1,0.184049391026436
-0.99958,0.167668401759849
-0.97431,0.169097023352773
-0.94692,0.186246033867443
-0.9174,0.21707112185213
-0.88578,0.259568383835628
-0.85208,0.311809764029207
-0.81631,0.371972552620773
-0.77851,0.438333520688662
-0.73872,0.509286223356388
-0.69696,0.583368887968345
-0.6533,0.659233316652313
-0.60778,0.735677749032749
-0.56045,0.811641447601573
-0.51139,0.886183157402324
-0.46065,0.958506077668235
-0.40831,1.02793073761616
-0.35446,1.09388557725725
-0.29916,1.15592666553931
-0.24252,1.21369150513578
-0.18462,1.26691910877872
-0.12557,1.31541930454933
-0.065465,1.35907948321202
-0.0044133,1.39784704820078
0.057472,1.43171988782384
0.12008,1.46074238861496
0.18328,1.48498452524527
0.24696,1.50455256365038
0.31098,1.51956193130678
0.37523,1.53015772359146
0.43957,1.53648579414628
0.50386,1.53869132723366
0.56798,1.53693220003064
0.63177,1.53134477042514
0.6951,1.52206836296553
0.75784,1.5092424914779
0.81983,1.49298220805239
0.88095,1.47341042882739
0.94104,1.45062442837563
0.99997,1.42472110556886
1,1.35317464392716
1,1.24643132782489
1,1.11385253091846
1,0.963705278449107
1,0.803192458255316
1,0.638493851773794
1,0.47481654220512
1,0.316453152466311
1,0.16684632151137
1,0.0286578345994669
1,-0.0961591277814476
1,-0.206286074655564
1,-0.300964966083536
1,-0.379924866073759
1,-0.443310559851588
1,-0.491614059183741
1,-0.52560976730337
1,-0.546293924020738
1,-0.554828805237784
1,-0.552492012083731
1,-0.540631055435163
1,-0.520623323315549
1,-0.493841412729545
1,-0.461623714576686
1,-0.425250060716594
1,-0.38592217599371
1,-0.344748624756434
1,-0.302733900566981
1,-0.260771278646218
1,-0.219639032235939
1,-0.179999605485287
1,-0.142401335603316
1,-0.107282324752474
1,-0.0749760763652116
1,-0.0457185301407641
1,-0.0196561538505544
1,0.0031452227682737
1,0.0226911172702303
1,0.0390489012083475
1,0.0523383269756203
1,0.0627222658756346
1,0.070397817553673
1,0.0755879210956143
1,0.0785335698396068
0.96341,0.0524171059202602
0.89735,-0.0183830036689469
0.82961,-0.12477664377036
0.76032,-0.258416748089267
0.68966,-0.411690853840117
0.61776,-0.577780450273827
0.54479,-0.750631512880687
0.47092,-0.924949038788644
0.39631,-1.09618761021732
0.32111,-1.26053044722327
0.2455,-1.41482905458436
0.16965,-1.55657082349794
0.09371,-1.68384690510944
0.017855,-1.79527965233065
-0.057756,-1.88998222464494
-0.13296,-1.96749940280793
-0.20761,-2.02776383307082
-0.28153,-2.07101729422944
-0.35459,-2.0977941726314
-0.42662,-2.10883611520921
-0.49749,-2.10507595327211
-0.56705,-2.08757414054264
-0.63516,-2.05748500659977
-0.7017,-2.01603304065717
-0.76653,-1.96446086838776
-0.82953,-1.90401492742976
-0.89058,-1.83591755671643
-0.94958,-1.7613585158721
-1,-1.67671591722003
-1,-1.54845701976098
-1,-1.3880288714047
-1,-1.20555638684247
-1,-1.00987617074548
-1,-0.808583823824245
-1,-0.608092978569059
-1,-0.413704178473146
-1,-0.22968165588931
-1,-0.0593360678769064
-1,0.0948886943856087
-1,0.231326408917057
-1,0.348998794530443
-1,0.447526651363332
-1,0.527043199532648
-1,0.588110763800396
-1,0.631641766847474
-1,0.658824809493408
-1,0.671056437175032
-1,0.66987902164218
-1,0.656925027859001
-1,0.633867790565999
-1,0.602378794305273
-1,0.564091335840557
-1,0.52057034923492
-1,0.473288091384916
-1,0.423605319197831
-1,0.372757538189766
-1,0.3218458651896
-1,0.271832023984835
-1,0.223536980931988
-1,0.177642726477454
-1,0.134696716845325
-1,0.0951185064821105
-1,0.0592081248561639
-1,0.0271557795852011
-1,-0.000947499634762233
-1,-0.0250986263643197
-1,-0.0453709447312476
-1,-0.0619027131496566
-1,-0.0748858205341975
-0.97274,-0.0643877487672635
-0.92091,-0.0169121202531055
-0.86779,0.0602740803781017
-0.8135,0.160459624904031
-0.75817,0.27751137226839
-0.70193,0.405893752856639
-0.6449,0.540684359995684
-0.58722,0.677555371914227
-0.52902,0.812771291372332
-0.47042,0.943176773469386
-0.41155,1.06616112550059
-0.35254,1.17962630140869
-0.29352,1.28195040341004
-0.23462,1.3719478449356
-0.17596,1.4488346610932
-0.11766,1.5121835575549
-0.059845,1.56187509727477
-0.0026284,1.5980626224692
0.053875,1.621126941738
0.10955,1.6316340329826
0.16429,1.63030197761649
0.21799,1.61796420280425
0.27054,1.59553088419074
0.32185,1.56397316538952
0.37183,1.52429286662597
0.42038,1.47748867587489
0.46741,1.42454258185511
0.51286,1.36642302621389
0.55663,1.30403495805544
0.59866,1.23823939382078
0.63888,1.16983242935536
0.67722,1.09953659481612
0.71365,1.02802466452427
0.74809,0.955872965089849
0.78052,0.883607080182555
0.81088,0.811665617745648
0.83914,0.740424704396707
0.86528,0.670204305667186
0.88927,0.601259825590414
0.91108,0.533784305278078
0.93071,0.467933959848567
0.94816,0.403827558223358
0.9634,0.341524779805434
0.97646,0.281076965337613
0.98732,0.222487022091593
0.99601,0.16575249225565
1,0.108969700723789
1,0.0511440497922104
1,-0.00553725494101875
1,-0.0593292075368883
1,-0.108886898529208
1,-0.153223456516216
0.99785,-0.193259144118177
0.9901,-0.232394566681647
0.98046,-0.270652409720333
0.969,-0.308027862513577
0.95577,-0.344509158456416
0.94084,-0.380064675785915
0.92426,-0.414662613631133
0.9061,-0.448257260104156
0.88642,-0.480800474891982
0.86531,-0.512221425205375
0.84282,-0.542462625268002
0.81904,-0.571449494658186
0.79404,-0.599110672726348
0.7679,-0.625372146988924
0.74071,-0.650152624314348
0.71253,-0.67338960683241
0.68347,-0.69500079180794
0.6536,-0.71492006745703
0.623,-0.733089154878481
0.59176,-0.749450706932743
0.55998,-0.763942738176592
0.52773,-0.776523851822338
0.4951,-0.787156079239485
0.46217,-0.795813164219148
0.42904,-0.802464746382329
0.39578,-0.80710069275847
0.36248,-0.809713197347094
0.32922,-0.810304470823762
0.29608,-0.808885259859819
0.26314,-0.805473408550609
0.23047,-0.800099881472737
0.19816,-0.792791054418717
0.16626,-0.783598895263509
0.13486,-0.772565416893983
0.10401,-0.7597534073418
0.073787,-0.745221052716741
0.044247,-0.729037052927505
0.015446,-0.711276943395316
-0.012555,-0.692016202599575
-0.03971,-0.671339431264245
-0.065964,-0.649329705679432
-0.091274,-0.626075509952069
-0.1156,-0.601669469016339
-0.1389,-0.576203468112977
-0.16114,-0.54977207783475
-0.18229,-0.522472232644082
-0.20232,-0.49439990167892
-0.22121,-0.46565477688026
-0.23893,-0.436329114660183
-0.25547,-0.406521076368216
-0.27081,-0.376323097213289
-0.28494,-0.345827414331828
-0.29785,-0.315123093428705
-0.30954,-0.28430107980191
-0.32002,-0.25345819639606
-0.32927,-0.222670605102717
-0.33731,-0.192024692931132
-0.34414,-0.161597302374816
-0.34978,-0.131469618401724
-0.35424,-0.101716046879967
-0.35755,-0.0724176072850137
-0.35972,-0.0436429635585802
-0.36078,-0.0154630309350951
-0.36075,0.0120595060151932
-0.35968,0.0388488417352566
-0.35759,0.0648435514839145
-0.35453,0.0899740062490121
-0.35052,0.114188761878501
-0.34562,0.137423582771059
-0.33987,0.159621175877125
-0.33332,0.180724715147346
-0.32601,0.200687400486254
-0.318,0.219457708292297
-0.30934,0.236989802691846
-0.30009,0.253236972406901
-0.29029,0.268168542950369
-0.28001,0.28174610242747
-0.26931,0.293934105894488
-0.25823,0.304715723402806
-0.24683,0.314075536664543
-0.23519,0.321985533411998
-0.22334,0.328445883267042
-0.21135,0.333450489318385
-0.19927,0.337003740661149
-0.18715,0.339118916435939
-0.17505,0.339809243656956
-0.16302,0.33909544418942
-0.15111,0.337004187420887
-0.13935,0.333581447372824
-0.12781,0.328858353123087
-0.11652,0.32288316583507
-0.10552,0.315709578310657
-0.094841,0.307401158402413
-0.08453,0.298016133224431
-0.074612,0.287623312411899
-0.06512,0.276292405639599
-0.056078,0.26409871909259
-0.047512,0.251118606702393
-0.039442,0.23743164146148
-0.031886,0.22311927150129
-0.02486,0.208263638112194
-0.018377,0.192947294716714
-0.012447,0.177252921499767
-0.0070777,0.161262528759253
-0.002273,0.145057898566527
0.0019619,0.128717133964499
0.0056295,0.112318591262139
0.0087313,0.095937574372368
0.011271,0.079646085987478
0.013255,0.0635130537850975
0.014691,0.047603532848979
0.01559,0.0319796224646139
0.015964,0.0166995648258834
0.015824,0.00181562681555669
0.015188,-0.0126215449365461
0.014071,-0.0265667720842147
0.012491,-0.0399788673615242
0.010466,-0.0528215582369313
0.0080173,-0.0650616578261328
0.0051643,-0.0766713479125515
0.0019313,-0.0876248388932464
-0.0016621,-0.097902711319565
-0.0055876,-0.107485322623208
-0.0098235,-0.116358795489907
-0.014345,-0.124512500435348
-0.019124,-0.13193677412924
-0.024137,-0.138626874067155
-0.029356,-0.144579284302815
-0.034755,-0.149793489207638
-0.040309,-0.154272560235077
-0.045989,-0.158019812759379
-0.051768,-0.161040515609177
-0.057622,-0.163343931197025
-0.063525,-0.164941134093362
-0.069451,-0.165844659719551
-0.075375,-0.166068895994499
-0.081274,-0.165631064636738
-0.087125,-0.164550434593667
-0.092905,-0.162847609875335
-0.098592,-0.1605446345172
-0.10417,-0.157668713136295
-0.10961,-0.154240998587735
-0.1149,-0.150289872773081
-0.12002,-0.145842949283733
-0.12496,-0.140933940748005
-0.12969,-0.135585822656383
-0.13421,-0.129834496214984
-0.13851,-0.123717922732909
-0.14256,-0.117259898425419
-0.14636,-0.1104942933208
-0.1499,-0.10345472279933
-0.15317,-0.0961736137870063
-0.15616,-0.0886814624723726
-0.15886,-0.0810062666638158
-0.16127,-0.0731805135796126
-0.16337,-0.0652244942604012
-0.16517,-0.0571701380849618
-0.16665,-0.0490355357366704
-0.16782,-0.0408491334631545
-0.16867,-0.0326319778017802
-0.16919,-0.0243983843247023
-0.16937,-0.0161566380999541
-0.16923,-0.00793190340671805
-0.16875,0.000267510270569747
-0.16793,0.0084325239170628
-0.16678,0.0165465024363458
-0.16528,0.0246095550464157
-0.16344,0.0326133099616418
-0.16125,0.0405577789699164
-0.15872,0.0484351356846329
-0.15585,0.0562390207396321
-0.15264,0.0639645949254839
-0.14909,0.0716085377426368
-0.1452,0.0791690011592487
-0.14098,0.0866381295148713
-0.13643,0.0940109671186432
-0.13156,0.101277761631571
-0.12637,0.108432671992487
-0.12086,0.115473287178698
-0.11506,0.122377956961665
-0.10895,0.12914717813476
-0.10256,0.135762417838685
-0.095894,0.14220962885248
-0.088962,0.148474411963294
-0.081773,0.15454331075402
-0.074344,0.16039817661624
-0.066686,0.166022103780681
-0.058814,0.171396787087313
-0.050742,0.176504131900099
-0.042488,0.181323852219042
-0.034068,0.185836033393633
-0.0255,0.190020234491001
-0.016803,0.193855523968902
-0.0079969,0.197320600287206
0.00089834,0.200394525484843
0.0098621,0.203056869244988
0.018871,0.205286264270871
0.027905,0.207063782751279
0.03694,0.208370126832321
0.045953,0.209187194767052
0.054922,0.209499241711995
0.063822,0.209290799538373
0.072632,0.208550172531463
0.081328,0.207266981401248
0.089888,0.205433848033317
0.098289,0.203045454688996
0.10651,0.200099948048541
0.11453,0.196598497244218
0.12232,0.192538934583989
0.12988,0.1879380740446
0.13718,0.182805567426512
0.1442,0.177152589495589
0.15093,0.170998776999679
0.15735,0.16436279787067
0.16345,0.157269551422822
0.16921,0.149740997817779
0.17463,0.141811011970842
0.17969,0.133507443551844
0.18439,0.124867376651708
0.18871,0.115919579547146
0.19265,0.106700134482855
0.19619,0.0972352348786337
0.19935,0.0875719336662025
0.2021,0.0777358036901498
0.20446,0.0677713085318975
0.20641,0.057707263266803
0.20795,0.0475737593212604
0.20908,0.0374009559865224
0.2098,0.0272180944336165
0.21012,0.0170601135322086
0.21003,0.00695063690284541
0.20954,-0.00308187542344605
0.20864,-0.0130208313348524
0.20735,-0.0228376878261671
0.20566,-0.0325174417511352
0.20358,-0.0420418462049899
0.20112,-0.0513907625850816
0.19827,-0.0605580878742907
0.19505,-0.0695272501854799
0.19147,-0.078281306365073
0.18752,-0.0868184769303643
0.18323,-0.0951198987614157
0.17859,-0.103183236943374
0.17362,-0.110997566667684
0.16833,-0.118552930535766
0.16273,-0.12584060741573
0.15684,-0.132845894543402
0.15066,-0.139564626498592
0.14421,-0.145986629982907
0.1375,-0.152104728645086
0.13056,-0.157899723496086
0.12339,-0.163365571535683
0.11601,-0.168492358621684
0.10843,-0.173274867696148
0.10069,-0.177689769308307
0.092779,-0.181737607340935
0.084732,-0.185404281634603
0.076559,-0.188682897131541
0.068281,-0.191564552996446
0.059914,-0.194042805143127
0.051474,-0.196113498311547
0.04298,-0.19777235093163
0.034448,-0.199017445135551
0.025895,-0.199848209254796
0.017337,-0.200266037434908
0.0087906,-0.200273548658048
0.00027019,-0.19987602934001
-0.0082072,-0.199078932156591
-0.016629,-0.19789109834859
-0.024981,-0.196322746541831
-0.033249,-0.194385026842585
-0.041419,-0.192089765769324
-0.049479,-0.189450562260377
-0.057417,-0.186482134340549
-0.06522,-0.183199011974974
-0.072876,-0.179615954372042
-0.080372,-0.175746787862893
-0.0877,-0.171607919146287
-0.094847,-0.167213693579406
-0.1018,-0.162576393914893
-0.10855,-0.157709238941344
-0.11508,-0.152619891216034
-0.1214,-0.147331249221621
-0.12747,-0.141840856624696
-0.1333,-0.13616279239952
-0.13887,-0.13030182981778
-0.14417,-0.124262437224995
-0.1492,-0.118056035932938
-0.15395,-0.111691883426501
-0.1584,-0.105169779792253
-0.16254,-0.0984892168383106
-0.16638,-0.0916641583682555
-0.1699,-0.0846976097475645
-0.17308,-0.0775835907666212
-0.17594,-0.0703385371283329
-0.17846,-0.062966873709541
-0.18063,-0.0554705615211442
-0.18245,-0.0478568470425024
-0.18391,-0.040129582992604
-0.18501,-0.0322971160026659
-0.18575,-0.0243711339846865
-0.18612,-0.0163582569620913
-0.18611,-0.00826078045005554
-0.18573,-9.21744926234897e-05
-0.18496,0.00814769135722428
-0.18382,0.0164403909298092
-0.18229,0.0247826719335581
-0.18038,0.0331614771761227
-0.17807,0.0415784511049486
-0.17538,0.0500175389462036
-0.1723,0.0584711001899738
-0.16883,0.0669311507294646
-0.16497,0.0753897169983484
-0.16072,0.0838391214876392
-0.15608,0.0922722060620219
-0.15106,0.100675101395201
-0.14565,0.109043760242734
-0.13987,0.117360049978596
-0.13371,0.125617225135567
-0.12717,0.133810582706688
-0.12027,0.141922488134991
-0.11301,0.14994021804482
-0.1054,0.157848024916191
-0.097432,0.165641538298769
-0.089127,0.173304322642536
-0.08049,0.180822577464756
-0.07153,0.188182122213245
-0.062258,0.195367460914265
-0.052686,0.202361804461135
-0.042825,0.209148604288429
-0.032687,0.215711307752217
-0.022289,0.222030207123935
-0.011645,0.228085901489719
-0.00076994,0.233859169663262
0.010318,0.23932916848682
0.021601,0.244474690296479
0.033059,0.249273267810611
0.044674,0.253703671700428
0.056424,0.257743416226559
0.068286,0.261369006110601
0.080238,0.264557645860007
0.092254,0.267284907344741
0.10431,0.269527335636659
0.11637,0.271254173592885
0.12842,0.272446033041697
0.14042,0.273074157179624
0.15234,0.273110580586248
0.16415,0.272528902900788
0.17581,0.271297483787365
0.18729,0.269388891326574
0.19855,0.266772623152923
0.20955,0.263416722651221
0.22026,0.259296521648672
0.23064,0.254386717511404
0.24065,0.248662407704915
0.25024,0.242092516984878
0.25939,0.234664247036257
0.26805,0.2263579427928
0.27619,0.217163997997583
0.28376,0.207066630668224
0.29073,0.196060546528101
0.29708,0.184156700697403
0.30275,0.171349539653862
0.30773,0.157657573471524
0.31199,0.143103668819584
0.31549,0.127706438740799
0.31821,0.111495570717873
0.32013,0.094509078064144
0.32123,0.0767908487118569
0.32149,0.0583884875086961
0.32089,0.0393514444842775
0.31942,0.0197368164076566
0.31706,-0.000401005211605623
0.31382,-0.0209890599952144
0.30969,-0.0419561667655843
0.30465,-0.0632419240926519
0.29872,-0.0847667576672467
0.29188,-0.106467483507377
0.28416,-0.128259019587777
0.27555,-0.15007069648804
0.26606,-0.171830811946232
0.25572,-0.193454251223685
0.24452,-0.214877262050753
0.2325,-0.236018402144285
0.21967,-0.256806721555286
0.20605,-0.277174646088495
0.19168,-0.297044788817858
0.17657,-0.316356573977084
0.16076,-0.335042907599953
0.14428,-0.353041147940458
0.12717,-0.370287049183473
0.10947,-0.386717329138459
0.091209,-0.402279860439054
0.072438,-0.416917201779621
0.053199,-0.430576394517169
0.033538,-0.443207127556843
0.013503,-0.454761672534613
-0.0068572,-0.465195652018536
-0.027492,-0.474467830353651
-0.048349,-0.482539859689539
-0.069376,-0.489377473423658
-0.09052,-0.494950595161902
-0.11173,-0.499235380187618
-0.13294,-0.502203112954079
-0.1541,-0.50383429425002
-0.17517,-0.504125306605744
-0.19607,-0.503056383327441
-0.21677,-0.50063274906291
-0.23719,-0.496843145602029
-0.2573,-0.491700770063009
-0.27702,-0.485201647194419
-0.29632,-0.477365457885152
-0.31514,-0.468208636743809
-0.33343,-0.457752333085205
-0.35114,-0.446021270591276
-0.36822,-0.433042701900792
-0.38462,-0.41884546449419
-0.4003,-0.403466539651696
-0.41521,-0.386941302451163
-0.42932,-0.369317859374278
-0.44259,-0.350646053444675
-0.45497,-0.330968520084384
-0.46644,-0.310343204414286
-0.47697,-0.288831496000199
-0.48653,-0.26649594100155
-0.49509,-0.243398324191675
-0.50263,-0.219605495587789
-0.50913,-0.195186500927242
-0.51458,-0.170217572971816
-0.51896,-0.144771139371147
-0.52226,-0.118921813255497
-0.52447,-0.0927437277858946
-0.52559,-0.0663157614264121
-0.52562,-0.039718198432283
-0.52456,-0.0130299690301389
-0.52241,0.0136735756440216
-0.51918,0.040315002357188
-0.51487,0.0668251091468847
-0.50952,0.0931140673067073
-0.50312,0.119115279311699
-0.4957,0.144753587870385
-0.48728,0.169956882380234
-0.47789,0.194650593098974
-0.46755,0.218768126194264
-0.45628,0.242251690971484
-0.44414,0.265023167340532
-0.43113,0.28703511468853
-0.41732,0.308214949590559
-0.40272,0.328516761614294
-0.38738,0.347888426327908
-0.37134,0.366282247764559
-0.35464,0.383656015893581
-0.33733,0.399966316383189
-0.31944,0.415185350732005
-0.30103,0.429277100582813
-0.28214,0.44221529499963
-0.26281,0.453982830415256
-0.2431,0.464556260898785
-0.22304,0.473930419905988
-0.20268,0.482100792473389
-0.18208,0.489056663096732
-0.16127,0.494805302883605
-0.14031,0.499346596085954
-0.11923,0.502697130883087
-0.098098,0.50485885606397
-0.076941,0.505852592584508
-0.055809,0.505697187397283
-0.034744,0.504415663299554
-0.013787,0.502034852150188
0.00702,0.498583487245743
0.02764,0.494095018781236
0.048035,0.488605288314769
0.06817,0.482153515986144
0.08801,0.474780753742085
0.10752,0.466528554540501
0.12668,0.45744894599091
0.14545,0.447586278588509
0.16381,0.436992341617569
0.18173,0.425716127976562
0.19918,0.413803019079274
0.21615,0.401308978741063
0.23261,0.388282108319573
0.24854,0.374770142215235
0.26392,0.360819069379149
0.27874,0.346479440392311
0.29298,0.331796520468486
0.30663,0.316817260990316
0.31967,0.301581060730382
0.33209,0.286127288067674
0.34389,0.270501331118863
0.35505,0.254737122813576
0.36558,0.238880322926834
0.37545,0.222954915652658
0.38468,0.207003405207117
0.39325,0.191052164285587
0.40116,0.175128298897227
0.40842,0.1592658205734
0.41502,0.143488261720806
0.42097,0.127824520253812
0.42626,0.112291906029082
0.43091,0.0969197616912457
0.43491,0.0817238190602536
0.43828,0.0667302672871408
0.44101,0.051950507823194
0.44311,0.0373981756669307
0.4446,0.0230954112374819
0.44548,0.00905552515874305
0.44576,-0.0047085494787198
0.44545,-0.0181848270457689
0.44456,-0.0313626934198949
0.44311,-0.0442258042256553
0.4411,-0.0567686859822219
0.43856,-0.0689728457791938
0.4355,-0.0808248215064123
0.43192,-0.09232319533107
0.42785,-0.103454351483995
0.4233,-0.114210221356926
0.4183,-0.124572841971646
0.41285,-0.134539140433928
0.40698,-0.144096144642501
0.4007,-0.153238236327003
0.39404,-0.16195127118798
0.38701,-0.170229578972202
0.37963,-0.17806725307804
0.37193,-0.185451132607867
0.36392,-0.192377511803445
0.35562,-0.198843172417601
0.34705,-0.204845538771014
0.33824,-0.210375379468395
0.3292,-0.215433275619299
0.31996,-0.220013050744836
0.31052,-0.224125569138893
0.30092,-0.227765698089183
0.29118,-0.230930457658524
0.2813,-0.233633580836114
0.27131,-0.235879839537669
0.26123,-0.237674157776167
0.25107,-0.239028935937911
0.24086,-0.239947564160073
0.23061,-0.240440939371988
0.22033,-0.240525782143825
0.21005,-0.240208331336263
0.19978,-0.239501041213481
0.18953,-0.238421074536353
0.17933,-0.236974167329098
0.16919,-0.235171488023595
0.15912,-0.233028282887156
0.14914,-0.230555280245485
0.13927,-0.227759263867404
0.12951,-0.224658419440154
0.11988,-0.2212648229122
0.11039,-0.217592667431184
0.10106,-0.213650034808964
0.091889,-0.209455342970059
0.082897,-0.205019267913423
0.074089,-0.200356994650079
0.065475,-0.195483174665077
0.057063,-0.190413049774249
0.048856,-0.185165556317988
0.040862,-0.179758331555969
0.033086,-0.174209633084028
0.02553,-0.168539862276351
0.018198,-0.162769033004476
0.01109,-0.156919172658652
0.0042056,-0.15101353596504
-0.0024553,-0.145075415302806
-0.0088944,-0.139128577809623
-0.015117,-0.133199076606889
-0.021126,-0.127312206612383
-0.026929,-0.121495313819157
-0.032533,-0.11577607830389
-0.037944,-0.110180817524199
-0.043174,-0.10473832189614
-0.048234,-0.0994776975248057
-0.053135,-0.0944273517712841
-0.05789,-0.0896156637982728
-0.062512,-0.0850700378969761
-0.067018,-0.0808191167825358
-0.071423,-0.0768900894960911
-0.075744,-0.0733095113845839
-0.079998,-0.0701024954848575
-0.084205,-0.067294311916349
-0.088382,-0.0649072311495471
-0.09255,-0.0629632309416665
-0.09673,-0.0614832249247813
-0.10094,-0.0604842487790292
-0.10521,-0.0599883870535098
-0.10954,-0.0599987735111038
-0.11398,-0.0605399070069449
-0.11853,-0.0616156388596928
-0.12322,-0.0632350205613508
-0.12807,-0.0654034169979306
-0.1331,-0.0681228474528802
-0.13832,-0.0713849558662573
-0.14377,-0.0751952078156401
-0.14945,-0.0795402796150718
-0.15538,-0.0844066483940197
-0.16158,-0.0897807970484912
-0.16806,-0.095642005441183
-0.17483,-0.101964139774848
-0.18191,-0.108724649954557
-0.18931,-0.11589696311545
-0.19702,-0.123437082416142
-0.20507,-0.131317631333421
-0.21344,-0.139488326545538
-0.22215,-0.147911305850815
-0.2312,-0.156544931510411
-0.24057,-0.165330866409921
-0.25026,-0.174213691429997
-0.26028,-0.183149277381035
-0.27059,-0.192066902911915
-0.28121,-0.200920793145985
-0.2921,-0.209642290776532
-0.30326,-0.218175893519953
-0.31467,-0.226463608598445
-0.32629,-0.234432438687312
-0.33812,-0.242029080542887
-0.35013,-0.249195642971916
-0.36228,-0.255865016265877
-0.37455,-0.261979579486946
-0.38691,-0.267483868609713
-0.39932,-0.272318636160826
-0.41175,-0.276430967719023
-0.42417,-0.279774892962979
-0.43653,-0.282296922274997
-0.44879,-0.28394677647323
-0.46092,-0.284685957900928
-0.47287,-0.284472178538824
-0.4846,-0.283269099102401
-0.49606,-0.281039229215646
-0.50721,-0.277753025806108
-0.51801,-0.273388623501014
-0.52841,-0.267924020681108
-0.53836,-0.26133816870845
-0.54781,-0.253611807902774
-0.55673,-0.244742876014298
-0.56505,-0.234714094789165
-0.57275,-0.223533785042628
-0.57977,-0.211201517546535
-0.58608,-0.197732411001446
-0.59162,-0.183131907023141
-0.59635,-0.167412640279658
-0.60024,-0.150600423502982
-0.60325,-0.132723919767212
-0.60534,-0.11381361194219
-0.60647,-0.0939008862274131
-0.60661,-0.0730246291580291
-0.60573,-0.051228921881404
-0.6038,-0.0285610147748486
-0.60078,-0.00506217687999737
-0.59666,0.0192099809063929
-0.59141,0.0442009499602963
-0.58501,0.0698527613395078
-0.57745,0.0960988266458633
-0.5687,0.122882227973401
-0.55876,0.15013326995858
-0.54761,0.17778873636695
-0.53525,0.20577769257378
-0.52168,0.234025069884297
-0.5069,0.262454691258073
-0.4909,0.290999173282365
-0.47369,0.319585532272383
-0.45529,0.348131153948452
-0.4357,0.376563005352961
-0.41493,0.404810718013571
-0.39302,0.432786183375154
-0.36997,0.46041935753223
-0.34582,0.487627510093089
-0.32059,0.514335172468214
-0.29431,0.540467859980352
-0.26702,0.565947011454615
-0.23875,0.590700825193892
-0.20955,0.614650646739887
-0.17946,0.637722378184732
-0.14853,0.659840776727893
-0.11681,0.680932300589613
-0.084347,0.700929590852194
-0.051206,0.719759404686495
-0.017443,0.737353017787517
0.016881,0.75364414299587
0.051702,0.768568678278347
0.086954,0.782065191600566
0.12257,0.79407598540029
0.15847,0.804538982199066
0.1946,0.813410141452305
0.23088,0.820642603766531
0.26722,0.826181781959275
0.30357,0.829998569770862
0.33983,0.832048879858858
0.37594,0.832307974616237
0.41182,0.830753242802423
0.44738,0.827357645632414
0.48256,0.822114107426579
0.51727,0.815010262347364
0.55143,0.806037797089336
0.58497,0.795199843219308
0.61781,0.782501823037468
0.64988,0.767958775893531
0.6811,0.751586187754182
0.71141,0.733414741995907
0.74072,0.713464795966687
0.76897,0.691770409291485
0.79609,0.668368728365173
0.82201,0.643298709642794
0.84668,0.616614793054159
0.87003,0.588367898050171
0.892,0.558612339379994
0.91254,0.527411262066379
0.93159,0.4948259572408
0.94912,0.460936839337357
0.96506,0.425808040301681
0.97939,0.389525809069048
0.99205,0.352162272904188
1,0.311571496236674
1,0.263724831005905
1,0.211454854904855
1,0.157174867773936
1,0.10290459417149
1,0.0502979442833406
1,0.000672309675538163
1,-0.0449611307010547
1,-0.0858666036945597
1,-0.121552915649638
1,-0.151743049854415
1,-0.1763445855971
0.9956,-0.19867644462079
0.98327,-0.224085926390873
0.96918,-0.25225010288203
0.95337,-0.282819133973688
0.93586,-0.315441701132583
0.91669,-0.34975648258988
0.89588,-0.385415633988695
0.87348,-0.422066865119687
0.84954,-0.459361744082304
0.82409,-0.496977495779533
0.79718,-0.534604719245802
0.76886,-0.571952293517096
0.73919,-0.608743776302561
0.70823,-0.644721796917142
0.67602,-0.679666146966199
0.64263,-0.713370644711573
0.60813,-0.745646495332069
0.57258,-0.77633208751818
0.53605,-0.805285517986734
0.49861,-0.832385549847139
0.46033,-0.857531918804185
0.42129,-0.880637686894069
0.38156,-0.901637550490557
0.34123,-0.920471793243496
0.30036,-0.937110179465586
0.25905,-0.951518654897365
0.21738,-0.963676945355126
0.17542,-0.973584939666454
0.13327,-0.981237683873517
0.091009,-0.986643010595936
0.048722,-0.989815381667749
0.0064954,-0.990774095464223
-0.035584,-0.989542388395989
-0.077432,-0.986148758907802
-0.11896,-0.980622653097267
-0.16009,-0.973001990275385
-0.20073,-0.963320749540988
-0.24081,-0.95162562894468
-0.28023,-0.937950620127779
-0.31892,-0.922341157867638
-0.35681,-0.904851042966772
-0.39381,-0.885524905581872
-0.42986,-0.864421230857956
-0.46487,-0.8415861273608
-0.49878,-0.81707683031731
-0.53153,-0.790958121455405
-0.56304,-0.763284416365942
-0.59327,-0.734129923750962
-0.62214,-0.703553228842487
-0.64961,-0.671628278227451
-0.67562,-0.638424534391245
-0.70012,-0.604013247589893
-0.72308,-0.568479819803506
-0.74444,-0.531896389048245
-0.76417,-0.494344410016748
-0.78224,-0.455910384312203
-0.79861,-0.416674861548362
-0.81327,-0.376733275653294
-0.82618,-0.33616794251709
-0.83734,-0.295077568092505
-0.84672,-0.253548798961608
-0.85432,-0.211677949178942
-0.86013,-0.169558642435448
-0.86415,-0.127286686195728
-0.86639,-0.0849639137359538
-0.86684,-0.0426789082565938
-0.86554,-0.000543553082743741
-0.86248,0.0413520969508829
-0.8577,0.0829016883635575
-0.85122,0.124004061732592
-0.84306,0.164565667858627
-0.83325,0.204494954700364
-0.82184,0.243690415139569
-0.80887,0.282053407757362
-0.79437,0.319498431754733
-0.77841,0.35592410927301
-0.76102,0.391249387944334
-0.74227,0.425383035872905
-0.72221,0.458243707255108
-0.7009,0.489753674415515
-0.67842,0.519826291591426
-0.65482,0.548393098856315
-0.63018,0.575380823398357
-0.60457,0.600722552667089
-0.57807,0.624351772947402
-0.55076,0.646204942607777
-0.52272,0.666223478668991
-0.49402,0.684362619312281
-0.46477,0.700561217582402
-0.43504,0.714776966118418
-0.40492,0.726969906711469
-0.3745,0.737103860507931
-0.34387,0.745147458642719
-0.31313,0.751067426787293
-0.28236,0.754845384070031
-0.25165,0.756468788047475
-0.2211,0.755923460896254
-0.19079,0.753209761033333
-0.16081,0.748333021942281
-0.13125,0.741303081119753
-0.1022,0.732133741347317
-0.073729,0.720857725920639
-0.045923,0.707510101326599
-0.018857,0.692135520705083
0.0073968,0.674787696434032
0.032768,0.655527949906501
0.057194,0.634428228233494
0.080613,0.611568025792906
0.10297,0.587036084591966
0.12421,0.560926430897785
0.1443,0.533351250164512
0.16319,0.504421883540163
0.18085,0.474260826129793
0.19724,0.442988841182915
0.21235,0.4107441288308
0.22617,0.37767506671107
0.23867,0.343919231312296
0.24985,0.309623661319674
0.25971,0.274938675722764
0.26826,0.240020134340233
0.2755,0.205016250831288
0.28146,0.170086673276809
0.28615,0.135380518842258
0.2896,0.101048461686618
0.29183,0.0672301800266644
0.29288,0.0340666543857524
0.29279,0.0016952050138536
0.29159,-0.0297618510817518
0.28934,-0.0601764108625394
0.28608,-0.0894349885721894
0.28185,-0.117440016104278
0.27671,-0.14409571367714
0.27071,-0.169318851406712
0.26392,-0.193024906009141
0.25638,-0.215153911508574
0.24817,-0.235638876886527
0.23933,-0.254439665768673
0.22994,-0.271510414210912
0.22005,-0.286825162614721
0.20973,-0.300360980237476
0.19904,-0.312106435844941
0.18805,-0.322053285905963
0.17682,-0.330204434640846
0.16541,-0.336572612967361
0.15389,-0.341171609644651
0.14231,-0.344031304641417
0.13073,-0.345187123127797
0.11923,-0.344663931500797
0.10784,-0.342515031536987
0.096623,-0.338791408085687
0.085642,-0.333541349042244
0.07494,-0.326824923574228
0.06457,-0.318703093796249
0.054579,-0.309240687139484
0.04501,-0.298507146815669
0.035907,-0.286573256990736
0.027312,-0.273510624639866
0.019262,-0.259393397513481
0.011791,-0.244298046229991
0.0049341,-0.228300041133417
-0.001281,-0.211477432417887
-0.0068251,-0.193907035314591
-0.011674,-0.175666146699454
-0.015806,-0.156832021153183
-0.019203,-0.137482221548991
-0.021847,-0.117692265428768
-0.023728,-0.0975395869078902
-0.024832,-0.0770977711575708
-0.025156,-0.0564430700677978
-0.024693,-0.0356484621433897
-0.023444,-0.0147877995368901
-0.021411,0.00606607338572721
-0.018597,0.026842831299724
-0.015014,0.0474699237041942
-0.01067,0.0678784400640914
-0.0055833,0.087997181209585
0.00023149,0.107758301158408
0.0067518,0.127093162906424
0.013952,0.14593265350565
0.02181,0.164212340335445
0.030291,0.181864496692813
0.039366,0.198825456670195
0.048998,0.215031236589462
0.059149,0.230419197139861
0.069779,0.244928611569465
0.080845,0.258500337829898
0.092303,0.271077994653462
0.1041,0.282602920860619
0.1162,0.293029401145472
0.12854,0.302304060594271
0.14107,0.310379034122277
0.15374,0.3172128148229
0.16649,0.322763374635073
0.17928,0.32700481522437
0.19203,0.329895984418412
0.2047,0.331414727800284
0.21724,0.331548009855128
0.22958,0.330276311503213
0.24168,0.327598177053894
0.25348,0.323512528243018
0.26492,0.318019167276049
0.27596,0.311133917677563
0.28655,0.302878198961469
0.29663,0.293270446835037
0.30616,0.282341419199905
0.31509,0.270123985623494
0.32339,0.256666995420303
0.331,0.24200901833764
0.33789,0.22620177269951
0.34403,0.209306432020669
0.34937,0.191375569561033
0.3539,0.172483153005519
0.35758,0.152696346698416
0.36039,0.132089893544947
0.3623,0.110735264946867
0.3633,0.088714139102881
0.36338,0.0661141620951985
0.36251,0.0430105380201461
0.36071,0.0195032329946339
0.35794,-0.00433508340484061
0.35423,-0.0284041881338952
0.34956,-0.052621608750717
0.34394,-0.0768995482960887
0.33737,-0.101156058858619
0.32988,-0.125294343103038
0.32147,-0.149230861951944
0.31216,-0.172880699592439
0.30197,-0.19616063295169
0.29092,-0.218991587436179
0.27904,-0.241293137704917
0.26637,-0.262979127780392
0.25292,-0.283983890667277
0.23875,-0.304223703697005
0.22389,-0.323625369158126
0.20839,-0.342112001853747
0.19227,-0.359628668945458
0.1756,-0.376103331357844
0.15842,-0.391474975368018
0.14078,-0.405686412309311
0.12273,-0.418685779712046
0.10432,-0.43042761210762
0.085618,-0.440860218593729
0.066669,-0.449945981771478
0.047531,-0.457650719792944
0.028261,-0.46394537028633
0.0089138,-0.468808085186508
-0.010453,-0.472222016153821
-0.029781,-0.474174857102439
-0.049016,-0.474662029879303
-0.0681,-0.473683107641761
-0.086979,-0.471244563410861
-0.1056,-0.467359555052145
-0.1239,-0.46203940709122
-0.14184,-0.455311900139688
-0.15936,-0.447202267071408
-0.17641,-0.437740829390246
-0.19294,-0.426961576470982
-0.20891,-0.414908280552112
-0.22427,-0.401624338560592
-0.23897,-0.387151943314295
-0.25298,-0.371546189991525
-0.26625,-0.354856485676075
-0.27875,-0.337141253236528
-0.29044,-0.318457314459496
-0.3013,-0.298873522451832
-0.31129,-0.278451811191738
-0.32037,-0.257246844550506
-0.32854,-0.235335458151
-0.33577,-0.212788013472688
-0.34203,-0.189667628685601
-0.34731,-0.166044488375879
-0.3516,-0.141992368249294
-0.35488,-0.117578315548441
-0.35715,-0.0928766585109416
-0.35839,-0.067950491913909
-0.3586,-0.0428665983692157
-0.3578,-0.0177073553374348
-0.35596,0.00747186110692544
-0.35312,0.0325875845441259
-0.34926,0.0575807538115403
-0.3444,0.0823844498112991
-0.33857,0.106920306004499
-0.33178,0.131118102682716
-0.32404,0.154916577176145
-0.3154,0.178234282504467
-0.30587,0.201005797306587
-0.29549,0.223158735462721
-0.28429,0.244624999769164
-0.27232,0.265327559561963
-0.25961,0.285199618920915
-0.24621,0.304170228985914
-0.23217,0.322167603283642
-0.21753,0.339129214385679
-0.20236,0.354980117555463
-0.18669,0.369667580843696
-0.1706,0.383121864414255
-0.15413,0.395291619515498
-0.13735,0.406120170418825
-0.12032,0.41555612408759
-0.10311,0.423546984616673
-0.085771,0.430055481902105
-0.068373,0.435044232256301
-0.050981,0.438481121933272
-0.033656,0.440342755011558
-0.016467,0.440608118000585
0.00052863,0.439267912732483
0.017266,0.436317591625855
0.033683,0.431759215417702
0.049724,0.425605486287238
0.065329,0.417874668021758
0.080444,0.408593982220741
0.095016,0.39779837576403
0.109,0.385534463697494
0.12234,0.371849306517617
0.13499,0.356796831445134
0.14692,0.340447214428321
0.15809,0.322874744206528
0.16846,0.304155273746054
0.178,0.28437145526821
0.18669,0.263616722714048
0.1945,0.241983371948326
0.20142,0.219575108241837
0.20742,0.196487213993002
0.2125,0.172827697276593
0.21665,0.148704361740687
0.21986,0.124221728573461
0.22213,0.099485971615655
0.22347,0.0746087958565826
0.22388,0.049695577825989
0.22337,0.0248507095894455
0.22195,0.000174483187797796
0.21964,-0.0242319617074682
0.21646,-0.0482701057381123
0.21242,-0.0718542093831706
0.20754,-0.0949044168992994
0.20187,-0.117326278141619
0.1954,-0.139061199527946
0.18819,-0.160030050869911
0.18025,-0.180177010437822
0.17162,-0.199445130650183
0.16233,-0.217786264066181
0.15241,-0.235161431420492
0.14191,-0.2515260786746
0.13085,-0.266855300806781
0.11927,-0.281126667909135
0.10722,-0.294313695284009
0.094719,-0.306410977042773
0.081821,-0.317405058330066
0.068562,-0.327290334464347
0.054983,-0.336064611412942
0.041124,-0.343729844900879
0.027027,-0.350290373550798
0.012735,-0.355752135086847
-0.0017103,-0.36012365576542
-0.016267,-0.363415634195912
-0.030891,-0.365639033935215
-0.045538,-0.366804981380261
-0.060169,-0.366928711847364
-0.074734,-0.36602055506422
-0.089196,-0.36409651418508
-0.10351,-0.361171083642869
-0.11762,-0.35724925087838
-0.13151,-0.352357987232043
-0.14511,-0.346501517574885
-0.15839,-0.339695354341919
-0.17131,-0.331956429363692
-0.18382,-0.323295090964121
-0.19588,-0.313723592657283
-0.20746,-0.303262868982419
-0.21851,-0.291925573493144
-0.229,-0.27973218991836
-0.23888,-0.266694212437283
-0.24814,-0.252845187614316
-0.25672,-0.238198587924009
-0.2646,-0.222780926146216
-0.27175,-0.206621108517421
-0.27814,-0.189749181582957
-0.28374,-0.172195274954046
-0.28852,-0.153988727764279
-0.29248,-0.135179579786098
-0.29557,-0.115796176991463
-0.29779,-0.0958855015668695
-0.29913,-0.0755007987380066
-0.29956,-0.0546840351148988
-0.29907,-0.0334816048393199
-0.29766,-0.0119494530906657
-0.29533,0.00985044875301153
-0.29206,0.0318679126836058
-0.28786,0.0540416340347587
-0.28273,0.0763106306582172
-0.27668,0.098608679264851
-0.26971,0.120874783920166
-0.26184,0.143039314911141
-0.25307,0.165042669454257
-0.24343,0.186813095063905
-0.23294,0.208278733772269
-0.22161,0.229377350928431
-0.20947,0.25004176855175
-0.19655,0.270203065050961
-0.18287,0.289800610136049
-0.16847,0.308767769826912
-0.15339,0.327035345286253
-0.13765,0.344549214335084
-0.1213,0.361247199220828
-0.10438,0.37707022571237
-0.086937,0.391958665518636
-0.06901,0.405860505773678
-0.050648,0.418724432027796
-0.0319,0.430501636436985
-0.012817,0.441145730405694
0.0065532,0.450616457405917
0.026156,0.458875129457129
0.045937,0.465886080468289
0.065844,0.471619230173643
0.085824,0.476049779623178
0.10582,0.479155452007075
0.12578,0.48092084546358
0.14564,0.481328172266274
0.16536,0.480376463789891
0.18488,0.478064054631768
0.20415,0.474396650580045
0.22311,0.469378817069082
0.24171,0.463021909791775
0.25989,0.455335466068577
0.27762,0.446349869899102
0.29484,0.436089677905858
0.31149,0.424574422770008
0.32754,0.411841533574352
0.34293,0.397919938449644
0.35763,0.3828533523138
0.37158,0.366674247636013
0.38475,0.349427505114585
0.39709,0.331152135087081
0.40857,0.311896248784563
0.41915,0.291706665868648
0.42879,0.270627934152402
0.43746,0.248708956598111
0.44513,0.226000793034086
0.45178,0.202562202487523
0.45737,0.178441693229525
0.46189,0.153700267917045
0.46531,0.128392422419609
0.46761,0.102573160449006
0.46879,0.0763110014648965
0.46883,0.0496685120338649
0.46772,0.022708929962104
0.46546,-0.00449854544783932
0.46204,-0.0318894596966274
0.45746,-0.0593978440992145
0.45174,-0.0869438374377845
0.44487,-0.114461066707143
0.43687,-0.141874016831683
0.42775,-0.169109639199817
0.41753,-0.196091870599353
0.40623,-0.222744712495973
0.39388,-0.248987334522088
0.38049,-0.274752463936952
0.36611,-0.299956503294823
0.35077,-0.324520259305094
0.33449,-0.34837815571796
0.31733,-0.37144835205864
0.29931,-0.393668262557584
0.28049,-0.414963529111863
0.26092,-0.435260310339082
0.24063,-0.454502574411774
0.21968,-0.472628614289212
0.19813,-0.489574459448994
0.17602,-0.50529147231376
0.15341,-0.519730556504635
0.13037,-0.532836835284338
0.10695,-0.544567687451089
0.083208,-0.554886254794823
0.059209,-0.563756797336783
0.035014,-0.57114904255007
0.010687,-0.5770363562703
-0.01371,-0.581397856561356
-0.038113,-0.584216991853187
-0.062456,-0.585480261873339
-0.086679,-0.585182000991623
-0.11072,-0.58332209058996
-0.13451,-0.579900246923071
-0.15799,-0.574923962399117
-0.1811,-0.568406538483943
-0.20378,-0.56036606011949
-0.22597,-0.550824410811575
-0.24763,-0.539821139097588
-0.26868,-0.527379764988759
-0.28908,-0.513540160146411
-0.30878,-0.498347198851375
-0.32773,-0.481848844571243
-0.34588,-0.464094481979405
-0.3632,-0.445148283987994
-0.37963,-0.425062579492579
-0.39514,-0.403901021723089
-0.4097,-0.381734733714601
-0.42327,-0.358631574551194
-0.43582,-0.334662315887874
-0.44732,-0.309898099755223
-0.45775,-0.28441573361068
-0.46709,-0.25829437571488
-0.47532,-0.231612763250534
-0.48242,-0.204446945527038
-0.48838,-0.176875880365687
-0.4932,-0.148985834960503
-0.49685,-0.120844125347857
-0.49935,-0.0925375712601377
-0.50068,-0.0641363904012376
-0.50086,-0.0357246722938609
-0.49987,-0.00736538090588811
-0.49774,0.0208607652250137
-0.49447,0.0488836043510745
-0.49008,0.0766291087293962
-0.48457,0.104037468005244
-0.47796,0.131047730904534
-0.47028,0.157592863558867
-0.46155,0.183610714490985
-0.45179,0.209045335700045
-0.44103,0.233840500731658
-0.42929,0.257949283819456
-0.4166,0.281326749770305
-0.40301,0.303916609249133
-0.38854,0.325677724016046
-0.37322,0.346575491849282
-0.35711,0.366559939687021
-0.34022,0.385607617578735
-0.32261,0.403680709717429
-0.30432,0.420746211496385
-0.28539,0.436776446668299
-0.26587,0.451741940139311
-0.24579,0.465627895456824
-0.22521,0.478410101635608
-0.20418,0.490065320832083
-0.18274,0.500579610813286
-0.16094,0.509939987860021
-0.13883,0.518135062096074
-0.11647,0.525148087622734
-0.09391,0.530966266714979
-0.071195,0.535584430209839
-0.048379,0.53899743967046
-0.025517,0.541199960841465
-0.0026625,0.542188111436318
0.020132,0.541960361041371
0.042813,0.540516697588212
0.065326,0.537857897042476
0.087619,0.533987483375118
0.10964,0.528911369706587
0.13133,0.522632310644078
0.15264,0.515158064826059
0.17351,0.506492292994179
0.19391,0.496657637716715
0.21377,0.485662048164437
0.23305,0.473523770342953
0.25169,0.460254215646389
0.26966,0.445881295425791
0.2869,0.430423408322951
0.30338,0.413913079668338
0.31906,0.396386044670579
0.33389,0.377872348119208
0.34784,0.358411476251392
0.36087,0.338042095336421
0.37296,0.316815970603409
0.38407,0.294779237770218
0.39418,0.271987010638392
0.40326,0.248492702628213
0.4113,0.224361625939509
0.41828,0.199659428659131
0.42419,0.17445753000179
0.429,0.148815124945461
0.43272,0.12280933504331
0.43534,0.0965146403778124
0.43687,0.0700159308863804
0.43729,0.0433817385416149
0.43662,0.0166948197206555
0.43486,-0.00996797394982656
0.43204,-0.0365148086472525
0.42816,-0.0628668266688962
0.42324,-0.088943397352454
0.4173,-0.114665103937898
0.41038,-0.139941348250803
0.4025,-0.164690253057545
0.39368,-0.188839713272074
0.38396,-0.212313230909882
0.37338,-0.235033420148796
0.36197,-0.256932262532076
0.34978,-0.277936958021384
0.33684,-0.297988242117468
0.32319,-0.317032622952209
0.30889,-0.33500858687188
0.29397,-0.351872663310735
0.27849,-0.367575588034014
0.26249,-0.38208021890935
0.24601,-0.395360862122951
0.22912,-0.407380236289476
0.21184,-0.418130354475086
0.19424,-0.427590739302297
0.17636,-0.435754215628509
0.15825,-0.442617737736875
0.13995,-0.448189659047019
0.12152,-0.452473075877384
0.103,-0.455482084898133
0.084437,-0.457234594384809
0.065874,-0.45775453350735
0.047357,-0.457068259709998
0.028932,-0.455203776532673
0.010639,-0.45219445428867
-0.0074797,-0.448075709768589
-0.025381,-0.442883344586032
-0.04303,-0.436658809449264
-0.060382,-0.429439946936392
-0.077405,-0.421270223882488
-0.094059,-0.412190677315484
-0.11031,-0.402243803209375
-0.12613,-0.391476616706002
-0.14148,-0.379930395820405
-0.15633,-0.367647320302178
-0.17065,-0.354669109250869
-0.18441,-0.341035907870508
-0.1976,-0.32680020030642
-0.21017,-0.311993305599972
-0.22212,-0.296665459435267
-0.23342,-0.2808584406786
-0.24405,-0.264613298009321
-0.254,-0.247976573050733
-0.26325,-0.230990368337239
-0.27178,-0.213691835661949
-0.27959,-0.196127666437717
-0.28666,-0.178335930357321
-0.29299,-0.16036123477432
-0.29858,-0.142251971578834
-0.30342,-0.124050598360023
-0.30751,-0.105800736322365
-0.31086,-0.0875528496387791
-0.31346,-0.0693464506940086
-0.31532,-0.0512256122695131
-0.31645,-0.0332365497016549
-0.31687,-0.0154330129040798
-0.31657,0.00214915448913805
-0.31558,0.0194602987337671
-0.31391,0.0364561344401842
-0.31158,0.0530908752977805
-0.3086,0.069326539443456
-0.305,0.0851180660662207
-0.30079,0.10043109124448
-0.29601,0.115219018734839
-0.29066,0.129456631673633
-0.28479,0.143100067082922
-0.27841,0.156121602562427
-0.27156,0.168485497578654
-0.26426,0.180165711664199
-0.25653,0.191145139494003
-0.24842,0.201392573340872
-0.23995,0.210888860920637
-0.23116,0.219610683867994
-0.22207,0.227547172138872
-0.21272,0.234683380018409
-0.20314,0.241009250815477
-0.19337,0.246511905749433
-0.18344,0.251184279122449
-0.17338,0.255024518294894
-0.16323,0.258027956886125
-0.15302,0.260195491815871
-0.14278,0.261532777987856
-0.13254,0.262049442275529
-0.12235,0.261743533032736
-0.11222,0.260633638089973
-0.1022,0.258725053956347
-0.092308,0.256036096724825
-0.082574,0.252586406132668
-0.073027,0.248397083840272
-0.063693,0.243492221195741
-0.054597,0.237898550495046
-0.045764,0.231644332536976
-0.037214,0.224762094444424
-0.028971,0.217284045296003
-0.021053,0.209245760347552
-0.013478,0.200684600430196
-0.0062632,0.191638959363314
0.00057675,0.182148899533187
0.0070281,0.172255375731908
0.01308,0.162001041585942
0.018723,0.15142972273089
0.023948,0.140585162236603
0.028752,0.129514241701915
0.03313,0.118263484316197
0.037082,0.106881402212993
0.040607,0.0954158780503554
0.043709,0.0839164883613503
0.046393,0.072433354475901
0.048666,0.0610169237969641
0.050536,0.0497170268848569
0.052015,0.0385843344376826
0.053114,0.0276677951315951
0.053847,0.0170155574125943
0.054233,0.00667719775212319
0.054286,-0.00330192879644967
0.054028,-0.0128755304063061
0.053479,-0.0219996523434137
0.052662,-0.030631565250679
0.051601,-0.0387303245646025
0.050321,-0.0462571810600008
0.048849,-0.0531751198935935
0.047209,-0.059452145668978
0.04543,-0.0650578857642133
0.043544,-0.0699622884993168
0.041576,-0.0741419571047331
0.03956,-0.077573245084323
0.037524,-0.0802377857724982
0.035498,-0.0821208870998304
0.033514,-0.0832101339883424
0.031601,-0.0834978884492821
0.029789,-0.0829802090392425
0.028105,-0.08165882836322
0.026583,-0.0795351862925314
0.025247,-0.0766181810485724
0.024126,-0.0729191084211363
0.023246,-0.0684534164098999
0.022634,-0.0632390281353621
0.022313,-0.0572985983266601
0.022307,-0.0506574849444778
0.022638,-0.0433442356105752
0.023328,-0.0353893883511296
0.024395,-0.0268273821935004
0.025857,-0.017695008175341
0.02773,-0.00803154947611499
0.030026,0.0021197212428225
0.032757,0.0127134263299724
0.035931,0.0237007282265277
0.039555,0.0350305766192778
0.043633,0.0466493225236259
0.048164,0.0584990260488238
0.053148,0.0705206713623924
0.058578,0.0826508998849113
0.06445,0.094826917548722
0.070752,0.106982331601001
0.077471,0.119049096952648
0.084594,0.130959897550269
0.092102,0.14264564099116
0.099976,0.154037952962167
0.10819,0.16506601969795
0.11673,0.175668187377926
0.12556,0.185775955594742
0.13466,0.195329382157405
0.14399,0.204262670506614
0.15352,0.212514911268016
0.16322,0.220031233020603
0.17306,0.226763594304404
0.18299,0.232656464970913
0.19299,0.237672464561083
0.203,0.241760788839517
0.21299,0.244883882376102
0.22293,0.247016404603444
0.23276,0.248121896794169
0.24244,0.248171229062597
0.25195,0.247157268519157
0.26123,0.245061755819685
0.27024,0.241873252846136
0.27895,0.237594010354365
0.28731,0.232222946466139
0.2953,0.225778972226583
0.30286,0.21826747393457
0.30997,0.209712784345012
0.31659,0.200139452977658
0.32269,0.18957930463351
0.32824,0.178069505277107
0.3332,0.165643429419331
0.33756,0.152352939973694
0.34128,0.138241452708138
0.34434,0.123359383100304
0.34671,0.107754177576787
0.34839,0.0914919018824351
0.34935,0.0746297463228582
0.34958,0.057231033242659
0.34907,0.0393623144316574
0.34779,0.0210761133732136
0.34576,0.00244910708257851
0.34295,-0.0164617198473426
0.33937,-0.0355873755294525
0.335,-0.0548734377406154
0.32986,-0.0742493547133178
0.32394,-0.0936559201045329
0.31725,-0.113030168157247
0.30978,-0.132322914264192
0.30156,-0.151468182129539
0.29257,-0.170425580492023
0.28283,-0.189147251808709
0.27236,-0.20758102707579
0.26117,-0.225680473510984
0.24927,-0.243405457999778
0.23667,-0.26072245154544
0.2234,-0.277589815522579
0.20946,-0.293983129738321
0.1949,-0.309855987425463
0.17972,-0.325182918439291
0.16394,-0.339941667442331
0.14761,-0.354091431975804
0.13074,-0.367607554957574
0.11336,-0.380464685294787
0.095512,-0.392629138915295
0.077219,-0.404075870276157
0.058514,-0.414780472903567
0.039438,-0.424714190525458
0.020025,-0.433851090677273
0.00031169,-0.442166598436273
-0.019662,-0.449635867666797
-0.039857,-0.456235500159359
-0.060232,-0.461942593573405
-0.080748,-0.466737320058386
-0.10136,-0.470598772086147
-0.12203,-0.47351124980364
-0.14272,-0.475464010673683
-0.16338,-0.47644205720147
-0.18397,-0.476435079895058
-0.20444,-0.475429737774658
-0.22476,-0.473425694089005
-0.24488,-0.470418612080957
-0.26476,-0.466408729839663
-0.28435,-0.461392841571059
-0.30363,-0.455387495351886
-0.32253,-0.448387996867868
-0.34103,-0.440409856290109
-0.35908,-0.431462481745002
-0.37665,-0.421565103972591
-0.39369,-0.410729749748999
-0.41018,-0.398984666241787
-0.42606,-0.386340986340124
-0.44131,-0.3728254488832
-0.45589,-0.358461967427857
-0.46977,-0.343279021701772
-0.48292,-0.327308077608908
-0.4953,-0.310574818288557
-0.50689,-0.293114389107378
-0.51767,-0.274968629758645
-0.5276,-0.256168860292039
-0.53666,-0.236751833573664
-0.54483,-0.216757634780433
-0.55208,-0.196220488288627
-0.55841,-0.175191063828956
-0.56378,-0.153702238520315
-0.56819,-0.13180110825311
-0.57162,-0.109530021778838
-0.57405,-0.086926193659406
-0.57548,-0.0640362940121768
-0.57589,-0.0408983644139738
-0.57528,-0.01755703526352
-0.57364,0.00594658403192396
-0.57096,0.0295755794622065
-0.56725,0.0532828898274589
-0.5625,0.0770296010439834
-0.55671,0.100777303304448
-0.54989,0.124481931423666
-0.54204,0.148103743359644
-0.53317,0.171600466241655
-0.52329,0.19492924229615
-0.51241,0.218048218044728
-0.50055,0.240910409766245
-0.48772,0.263473689931268
-0.47394,0.285693926580262
-0.45923,0.307526910543843
-0.44362,0.328922518144525
-0.42713,0.349834955950272
-0.40979,0.370216121631053
-0.39163,0.390017718084287
-0.37269,0.409185570888919
-0.35299,0.427677396280136
-0.33259,0.445432446819219
-0.3115,0.462414096705519
-0.28979,0.478562191987661
-0.2675,0.493821823694573
-0.24466,0.508151592156174
-0.22133,0.52150035428273
-0.19756,0.533818323076831
-0.1734,0.545058581437432
-0.14891,0.555170838521335
-0.12414,0.564111281060734
-0.09914,0.571842956728044
-0.073982,0.578319639771829
-0.048719,0.583503386170625
-0.02341,0.587359976641822
0.0018822,0.589856778062898
0.027097,0.590965412250193
0.052176,0.590663791978498
0.077057,0.588933156243019
0.10168,0.585760022838185
0.12599,0.581139684487555
0.14992,0.575066211928609
0.17342,0.56754585721755
0.19644,0.558594949535535
0.21892,0.548230523077341
0.2408,0.536470107727604
0.26205,0.523353702063434
0.28261,0.50891649891427
0.30244,0.493203971655032
0.3215,0.476268930785566
0.33974,0.458161524490695
0.35713,0.438943387793686
0.37364,0.418683912930703
0.38924,0.397457001352004
0.40389,0.375330880756262
0.41758,0.352389573842767
0.43027,0.328705366435622
0.44196,0.304368644651524
0.45262,0.279459652625635
0.46224,0.254062924862547
0.47082,0.228271360761199
0.47834,0.202167063034995
0.4848,0.175835709039746
0.4902,0.149363204081126
0.49454,0.122832943036421
0.49783,0.0963310285454177
0.50008,0.0699429793257354
0.50129,0.0437436647504531
0.50148,0.0178116226593679
0.50067,-0.00777431135097692
0.49887,-0.0329451417210567
0.4961,-0.0576348602139493
0.49239,-0.0817748621095814
0.48776,-0.105304311833805
0.48224,-0.128163512098656
0.47585,-0.150303330745784
0.46864,-0.171662941659369
0.46061,-0.192211354035969
0.45182,-0.211898755406976
0.44229,-0.230691735325931
0.43206,-0.248556857001673
0.42116,-0.265469598983508
0.40963,-0.281406522426763
0.39751,-0.296346306735209
0.38482,-0.310285300913202
0.37161,-0.323212602338756
0.35792,-0.335119713275919
0.34377,-0.346015624791137
0.32921,-0.355901518895168
0.31428,-0.364780131138363
0.299,-0.372670615130047
0.28341,-0.379590489710001
0.26755,-0.385555889629049
0.25145,-0.390589156534695
0.23516,-0.394702569850807
0.21869,-0.397929835849746
0.20209,-0.400291714915675
0.18539,-0.401812996123958
0.16861,-0.40252864018135
0.1518,-0.402458855875233
0.13498,-0.401633734337449
0.11819,-0.400075834657845
0.10145,-0.397815903908655
0.084789,-0.394883862867727
0.06824,-0.391305238557924
0.051829,-0.387106510701551
0.035582,-0.38231419674367
0.019524,-0.37695483568808
0.0036811,-0.371053404008908
-0.011923,-0.364634651309925
-0.027266,-0.357723428448767
-0.042324,-0.350342717949876
-0.057078,-0.342516890597363
-0.071506,-0.334268441317223
-0.085589,-0.325619835481981
-0.099306,-0.316591290532455
-0.11264,-0.307203476338169
-0.12558,-0.297481154703261
-0.1381,-0.287440471584204
-0.15019,-0.277101858263903
-0.16183,-0.266481083171112
-0.17302,-0.255604349925654
-0.18373,-0.244483214947231
-0.19396,-0.23313912277398
-0.2037,-0.22159333904018
-0.21293,-0.209858844392295
-0.22164,-0.197948799694689
-0.22983,-0.185883363357416
-0.23748,-0.173672822395329
-0.2446,-0.161341234225119
-0.25117,-0.148900751033761
-0.25718,-0.136360816735399
-0.26264,-0.123743041621696
-0.26753,-0.111055903907978
-0.27186,-0.0983190780723296
-0.27562,-0.0855457733924961
-0.27881,-0.0727508586623916
-0.28143,-0.0599499699233352
-0.28347,-0.0471513767353392
-0.28494,-0.0343718048168172
-0.28583,-0.0216193887746264
-0.28615,-0.00890974287315535
-0.28591,0.00373606702935377
-0.28509,0.0163154828677265
-0.28372,0.0288041226651719
-0.28179,0.0411903992978573
-0.2793,0.0534661082774269
-0.27628,0.0656039669405692
-0.27272,0.0775917676544421
-0.26863,0.0894151403809309
-0.26403,0.101051118867249
-0.25892,0.112485360442103
-0.25331,0.123703617728977
-0.24722,0.134684867342512
-0.24065,0.145418132976179
-0.23363,0.155878804975412
-0.22617,0.16604688565154
-0.21827,0.175914180962925
-0.20995,0.185467616289504
-0.20124,0.194683308974583
-0.19213,0.203559043590828
-0.18266,0.212073325732963
-0.17284,0.220212045469793
-0.16267,0.227974980377399
-0.15219,0.235343705270656
-0.1414,0.242315359979395
-0.13034,0.248870285314262
-0.11901,0.255005539778419
-0.10743,0.260717103424864
-0.095626,0.265995919628557
-0.083618,0.270833697931289
-0.071425,0.275223865905936
-0.05907,0.279158591194974
-0.046572,0.282632326980251
-0.033957,0.285636470303354
-0.021243,0.288166225776266
-0.008457,0.290213461845383
0.004378,0.291770650355224
0.017239,0.292831063022912
0.030101,0.2933874281478
0.042937,0.293430858844969
0.055725,0.292955205191543
0.068438,0.291953094080149
0.081049,0.290416465510841
0.093535,0.288339978411441
0.10587,0.285718507942542
0.11802,0.282541422320033
0.12997,0.278808078266855
0.14169,0.27451490663173
0.15315,0.269656172835905
0.16433,0.264232035294302
0.1752,0.258240094405596
0.18574,0.251683437685472
0.19593,0.244569583481109
0.20573,0.236894718063143
0.21514,0.228675651295466
0.22412,0.219915866462921
0.23265,0.210622870511701
0.24071,0.200807266175147
0.24828,0.190481920352186
0.25535,0.179668625951344
0.26188,0.168373645649802
0.26787,0.156620158485244
0.2733,0.144429587261457
0.27814,0.131813982274614
0.2824,0.118807087694844
0.28604,0.105422245584615
0.28906,0.0916855451000854
0.29145,0.0776252132192463
0.2932,0.0632704005902102
0.2943,0.0486501635388787
0.29474,0.0337926290461183
0.29451,0.0187243285816454
0.29361,0.00347708412675133
0.29204,-0.0119139839644523
0.28979,-0.0274195545658769
0.28686,-0.0430085134549559
0.28325,-0.0586492916361699
0.27897,-0.074303567758792
0.27401,-0.0899435653496948
0.26838,-0.105536152041901
0.26209,-0.121044966148831
0.25513,-0.136447013598695
0.24753,-0.151701334699938
0.23929,-0.166775991348627
0.23041,-0.181647403447287
0.22092,-0.19627742506407
0.21082,-0.210639622407916
0.20014,-0.22469577579031
0.18887,-0.238429028169383
0.17705,-0.251803491933274
0.16469,-0.264791355168576
0.15181,-0.277364931442692
0.13844,-0.289490255239021
0.12459,-0.30114427069881
0.11029,-0.312298824114484
0.095562,-0.322928606656151
0.080435,-0.333006385436522
0.064934,-0.342507345494208
0.04909,-0.35140512982666
0.032928,-0.359677563097536
0.016482,-0.36730006209736
-0.0002197,-0.374251258025138
-0.017146,-0.380511156086801
-0.034262,-0.386058875640579
-0.051539,-0.390878244049573
-0.068941,-0.394952195752477
-0.086433,-0.39826441527708
-0.10398,-0.400799895261202
-0.12156,-0.402554964427094
-0.13912,-0.403512529783018
-0.15663,-0.403662395075139
-0.17405,-0.402993038574597
-0.19136,-0.401507207796267
-0.20851,-0.399197134559214
-0.22545,-0.396047003020709
-0.24217,-0.392064713938099
-0.25862,-0.387247705428881
-0.27477,-0.381600046461908
-0.29057,-0.375116437507248
-0.30599,-0.367799127557053
-0.321,-0.35965655142156
-0.33556,-0.350694671143274
-0.34963,-0.340917442473002
-0.36318,-0.330334622005988
-0.37618,-0.318960504043376
-0.38858,-0.306797981164024
-0.40037,-0.293870352496973
-0.41151,-0.280194651818158
-0.42196,-0.265782488514774
-0.4317,-0.250655633521655
-0.44069,-0.234828720949139
-0.44892,-0.218332460110836
-0.45636,-0.201194937051462
-0.46298,-0.183441389952849
-0.46876,-0.165101472916898
-0.47369,-0.146214980936092
-0.47774,-0.126814000457814
-0.48089,-0.106930887123972
-0.48315,-0.0866194603813275
-0.48448,-0.06591235029534
-0.48489,-0.0448611048656417
-0.48438,-0.0235236282369536
-0.48292,-0.00193908425962389
-0.48052,0.0198401092527242
-0.47719,0.0417524430273757
-0.47291,0.0637531080051012
-0.46771,0.0857752099392984
-0.46158,0.10776566657322
-0.45454,0.129662029371061
-0.44659,0.151411053778383
-0.43776,0.172946467234254
-0.42805,0.194215784748566
-0.41748,0.215164606640341
-0.40607,0.235738828075656
-0.39385,0.255879025977902
-0.38084,0.275530875010486
-0.36705,0.294653428112112
-0.35254,0.313181083154481
-0.33731,0.331074925808405
-0.3214,0.348289470085441
-0.30484,0.364783017579258
-0.28767,0.380511112071599
-0.26993,0.395428729796689
-0.25164,0.409506852441386
-0.23284,0.422715834469155
-0.21358,0.435019407293763
-0.1939,0.44638479353537
-0.17383,0.456790761394494
-0.15341,0.466219026914011
-0.13269,0.474647240062868
-0.1117,0.482065608361988
-0.090498,0.488454454505694
-0.069115,0.493807046007249
-0.047595,0.49811806002572
-0.025982,0.501383851990981
-0.0043171,0.503604751603768
0.017356,0.504782721919585
0.038997,0.50492384679068
0.060562,0.504035029390076
0.08201,0.502126094173079
0.1033,0.499209236506851
0.1244,0.495305152668627
0.14525,0.490420370118933
0.16583,0.484579606874486
0.18609,0.477799586149833
0.206,0.470105099178388
0.22552,0.461519527381383
0.24461,0.452064612359942
0.26324,0.441767682022161
0.28138,0.430659913924323
0.29899,0.418767419383965
0.31603,0.406111555909618
0.3325,0.392738864539491
0.34834,0.37867057401703
0.36354,0.363943889381144
0.37806,0.348585659393511
0.3919,0.332643182462559
0.40501,0.316141923978253
0.41739,0.299125942505984
0.42901,0.281630801662938
0.43986,0.263698925980254
0.44992,0.245369590738202
0.45919,0.22669310982506
0.46764,0.207704987287043
0.47527,0.188449821921043
0.48207,0.16897073517424
0.48804,0.149315671458802
0.49318,0.129534941914429
0.49748,0.109671772546405
0.50094,0.0897696403808292
0.50358,0.0698855616647
0.50538,0.0500560665135997
0.50637,0.0303368532333848
0.50654,0.0107676739852946
0.50591,-0.00860379049907247
0.50449,-0.0277324920800133
0.50229,-0.0465770688452654
0.49933,-0.0650932138618523
0.49562,-0.0832432057062743
0.49118,-0.100988633979615
0.48604,-0.118284557160188
0.48021,-0.135097149808606
0.47372,-0.151388059025205
0.46659,-0.167124105702455
0.45884,-0.18227757362108
0.4505,-0.196818907308109
0.4416,-0.210718264418354
0.43216,-0.223954163474213
0.42221,-0.236505443254454
0.41179,-0.248344766190494
0.40091,-0.259463114930857
0.38961,-0.269844681939037
0.37791,-0.279483779670563
0.36585,-0.288368606366902
0.35345,-0.296497889328108
0.34073,-0.303879221136539
0.32774,-0.310505286923444
0.31449,-0.316386835663113
0.30101,-0.32153439193372
0.28733,-0.325958299481903
0.27348,-0.329668732260465
0.25948,-0.33268307933661
0.24536,-0.335016897460165
0.23114,-0.336691436620873
0.21685,-0.337724741426997
0.2025,-0.338146728055863
0.18813,-0.337974024898411
0.17376,-0.337226990192579
0.1594,-0.335935909717564
0.14508,-0.334123533525661
0.13081,-0.331820759092123
0.11663,-0.329042054568697
0.10254,-0.325817825307157
0.088559,-0.322176436689113
0.074713,-0.318138641972082
0.061015,-0.313728056109462
0.04748,-0.308968413585783
0.034122,-0.303883564470548
0.020958,-0.29849449772297
0.0080005,-0.292822550951741
-0.0047382,-0.286888798289248
-0.017243,-0.280711337303186
-0.029504,-0.274309088165102
-0.041508,-0.267698541757596
-0.053247,-0.260897484362068
-0.06471,-0.253921898319443
-0.075886,-0.246785726936943
-0.08677,-0.239505172867854
-0.097352,-0.232093968690003
-0.10763,-0.22456924485687
-0.11759,-0.216941378601923
-0.12723,-0.209223736212036
-0.13654,-0.201425654851425
-0.14553,-0.193567604517952
-0.15419,-0.18566354206497
-0.16251,-0.177721649080831
-0.1705,-0.169759862632787
-0.17816,-0.161795958604377
-0.18548,-0.1538395666459
-0.19246,-0.145900729834884
-0.19912,-0.138004190707629
-0.20544,-0.130156156576881
-0.21144,-0.122377158343195
-0.21713,-0.114691183267111
-0.22249,-0.107102038446641
-0.22756,-0.0996413778589014
-0.23232,-0.0923179396170545
-0.2368,-0.0851585836205247
-0.24101,-0.0781891212079465
-0.24494,-0.0714188921529812
-0.24863,-0.06488051981847
-0.25207,-0.0585873896342117
-0.25529,-0.052566439023098
-0.2583,-0.0468398508658933
-0.26112,-0.0414326114734302
-0.26375,-0.0363563309821187
-0.26622,-0.0316335210806202
-0.26854,-0.0272798986076519
-0.27073,-0.0233124891648419
-0.2728,-0.0197413276848508
-0.27477,-0.0165777411260681
-0.27666,-0.0138335967952107
-0.27847,-0.0115058937457678
-0.28023,-0.00960170868742986
-0.28194,-0.00811367133468019
-0.28362,-0.00703756195864713
-0.28529,-0.00637163091107833
-0.28694,-0.00609381307727011
-0.2886,-0.00619566867547815
-0.29027,-0.00665763066769486
-0.29196,-0.00745894868332369
-0.29367,-0.00857095419576187
-0.29541,-0.00996664875440982
-0.29718,-0.0116136188102759
-0.29899,-0.0134832833122163
-0.30084,-0.0155434814510296
-0.30271,-0.0177452157338949
-0.30463,-0.0200641946422429
-0.30656,-0.0224449522852702
-0.30852,-0.0248527896147192
-0.31049,-0.0272411612784534
-0.31247,-0.0295701062719723
-0.31445,-0.0317987654051761
-0.3164,-0.0338719998280245
-0.31833,-0.0357543680741153
-0.32021,-0.0373978589352408
-0.32204,-0.0387680082461497
-0.32379,-0.0398202368029018
-0.32545,-0.0405180378954244
-0.327,-0.0408252509209628
-0.32843,-0.0407146351001128
-0.32971,-0.0401523711487195
-0.33082,-0.0391079317923121
-0.33174,-0.0375545571240475
-0.33246,-0.0354769455280335
-0.33294,-0.0328475755509523
-0.33317,-0.0296523085023879
-0.33313,-0.0258810896837308
-0.33279,-0.0215203484381477
-0.33213,-0.0165617429042104
-0.33112,-0.0109942679769021
-0.32976,-0.00482754087208066
-0.328,0.00194914182330985
-0.32584,0.00932533410474157
-0.32325,0.0172957497881895
-0.32021,0.0258517604120997
-0.31671,0.0349746508290812
-0.31271,0.0446600468695419
-0.30822,0.0548780866165674
-0.3032,0.0656159581085664
-0.29764,0.0768525960107476
-0.29154,0.0885533198567759
-0.28486,0.100702860810464
-0.27761,0.113264942785343
-0.26978,0.126202042966878
-0.26134,0.139491368809094
-0.2523,0.153093012906246
-0.24265,0.166969126821599
-0.23238,0.181084547005983
-0.22149,0.195399863211068
-0.20999,0.209865961814207
-0.19787,0.224442085103955
-0.18515,0.239073214359975
-0.17182,0.253716611637388
-0.15789,0.268325940504099
-0.14339,0.282838585514094
-0.12832,0.297202845866948
-0.11271,0.311355217572958
-0.096571,0.325238657321579
-0.079932,0.33878979331349
-0.062819,0.351944338769086
-0.045261,0.364637062450931
-0.027294,0.376798855209295
-0.0089479,0.388364178454069
0.0097363,0.399264278835873
0.028719,0.409431071416127
0.047959,0.41879805463862
0.067414,0.427301399983018
0.087035,0.434876640132772
0.10678,0.441466167096595
0.12659,0.447007363228415
0.14642,0.451446104703888
0.16622,0.454733384926379
0.18593,0.456818774790308
0.20551,0.457667381878526
0.2249,0.457243538649942
0.24405,0.455519863842562
0.26289,0.452462151163256
0.28139,0.448061732803057
0.29949,0.442309125429816
0.31713,0.435194985824313
0.33427,0.426725640670192
0.35086,0.41691298973473
0.36686,0.405780993999687
0.38222,0.393355768323102
0.3969,0.379672294499039
0.41086,0.364772164004991
0.42407,0.348708943178329
0.43648,0.331529952647828
0.44808,0.313306069014243
0.45882,0.294095916231231
0.46869,0.273976437531543
0.47767,0.253030026315466
0.48573,0.231333962636705
0.49287,0.208981553460345
0.49906,0.186054322232792
0.50431,0.162651614829302
0.5086,0.13886217038548
0.51194,0.114785805845856
0.51432,0.0905135687452139
0.51576,0.0661488983893033
0.51625,0.0417799332442052
0.5158,0.0174945161607402
0.51443,-0.0066151489361924
0.51216,-0.0304562832919356
0.509,-0.0539460288342483
0.50496,-0.0770122951374829
0.50008,-0.099572008302876
0.49437,-0.121558258000082
0.48787,-0.142897398823954
0.48059,-0.163535163837016
0.47257,-0.183412845700611
0.46383,-0.202485203065252
0.45442,-0.220697559494637
0.44435,-0.238019358292085
0.43366,-0.254418807472844
0.4224,-0.269857258246755
0.41058,-0.284321807714486
0.39825,-0.297791729364862
0.38543,-0.310263374810846
0.37217,-0.321725395620785
0.3585,-0.332175921896145
0.34444,-0.341628735241404
0.33005,-0.350080831422439
0.31534,-0.357553235002687
0.30035,-0.364064069656112
0.28511,-0.369636481928953
0.26966,-0.37429005864977
0.25402,-0.378056148262426
0.23823,-0.380960282040826
0.22231,-0.383037702245733
0.20629,-0.384323398392443
0.1902,-0.384851441936824
0.17406,-0.384661828431483
0.1579,-0.383791009903804
0.14174,-0.382279111311644
0.12561,-0.380160822219442
0.10952,-0.37748035174272
0.093508,-0.374267702968248
0.07758,-0.370564263604115
0.061757,-0.366408348920199
0.046059,-0.361835442528198
0.0305,-0.356882134283165
0.015097,-0.351582587433482
-0.00013822,-0.34597181481627
-0.015188,-0.340080069730023
-0.030046,-0.333941153852203
-0.044697,-0.327584068523102
-0.05913,-0.321036087176242
-0.073339,-0.314325841786737
-0.087311,-0.30747689347881
-0.10104,-0.300513029411022
-0.11452,-0.293457343964719
-0.12775,-0.286335214229651
-0.14071,-0.279158885924064
-0.15341,-0.271951626336677
-0.16583,-0.264722530368168
-0.17798,-0.257490962288222
-0.18984,-0.250261614724685
-0.20142,-0.243049168926077
-0.21272,-0.235868335689076
-0.22371,-0.228711043954333
-0.23442,-0.22159520859626
-0.24482,-0.21451462406971
-0.25491,-0.207465779160977
-0.26469,-0.200447213421068
-0.27416,-0.193458967595657
-0.28331,-0.186494721670516
-0.29213,-0.17954302776486
-0.30061,-0.172588444156065
-0.30875,-0.165619963951952
-0.31654,-0.158622922589665
-0.32397,-0.151579984816895
-0.33104,-0.144479421550907
-0.33773,-0.137299466164756
-0.34402,-0.130010769123721
-0.34992,-0.122600774136127
-0.35541,-0.1150485818395
-0.36047,-0.107327113554379
-0.3651,-0.099419816048267
-0.36928,-0.0913042888753179
-0.37299,-0.0829540472196948
-0.37623,-0.0743548511112552
-0.37897,-0.0654805868053819
-0.38121,-0.056318524421143
-0.38292,-0.0468449616389692
-0.3841,-0.0370502652740105
-0.38473,-0.026921718983604
-0.38479,-0.0164445794551944
-0.38428,-0.00561777307433089
-0.38317,0.00557078122453822
-0.38146,0.0171194000268185
-0.37913,0.0290300087152731
-0.37618,0.0412924644756139
-0.37259,0.0539018232515124
-0.36835,0.0668499433478398
-0.36347,0.0801114153723759
-0.35793,0.0936696533891744
-0.35174,0.107493333782339
-0.34489,0.121554787107142
-0.33738,0.135822557837688
-0.32921,0.150262928164792
-0.3204,0.164826431005945
-0.31095,0.179466989171524
-0.30086,0.19414249019071
-0.29016,0.208792993558863
-0.27885,0.223368028182751
-0.26695,0.2378113982972
-0.25448,0.252063912997404
-0.24147,0.266058292314425
-0.22793,0.279737488808969
-0.2139,0.293032243563574
-0.1994,0.305880324361807
-0.18446,0.318219690341954
-0.16912,0.329983010094123
-0.15341,0.341108195939577
-0.13737,0.351531992356125
-0.12104,0.361192260229986
-0.10446,0.370029810038696
-0.087664,0.377994263863387
-0.0707,0.385033781185035
-0.05361,0.391101621451019
-0.036439,0.396154653194676
-0.019233,0.400153546534541
-0.0020336,0.403066828542792
0.01511,0.404865075429953
0.032154,0.405525790529488
0.049053,0.405031972513348
0.065762,0.403372289828203
0.082236,0.400540765110929
0.098431,0.396537104726468
0.1143,0.391363837755884
0.12981,0.38503648756413
0.14492,0.37757514006074
0.15958,0.36899676074573
0.17376,0.35933049323351
0.18742,0.348607452636297
0.20053,0.336867208211599
0.21305,0.324147958345701
0.22495,0.310493398064494
0.23621,0.295958071758579
0.24679,0.280589180792236
0.25668,0.264449047562549
0.26585,0.247595807319425
0.27427,0.230082703028363
0.28194,0.211979783851979
0.28883,0.193346546456541
0.29493,0.174247097605955
0.30023,0.154747419486743
0.30472,0.134913083277377
0.30839,0.114807379931516
0.31123,0.0944898351881029
0.31325,0.074029870672574
0.31443,0.0534805513577547
0.31478,0.0329021962181156
0.31431,0.0123590079513289
0.31302,-0.00809115278978984
0.31092,-0.0283900749613502
0.30801,-0.0484886270493545
0.30431,-0.0683319513125016
0.29984,-0.0878624796430818
0.2946,-0.107037233116449
0.28862,-0.125804421768114
0.28191,-0.144121800598123
0.27451,-0.16193423578918
0.26643,-0.179200334609096
0.25769,-0.195883974337024
0.24833,-0.211939950217044
0.23837,-0.227332219727479
0.22784,-0.242026178456255
0.21677,-0.255989794297473
0.2052,-0.269187050852215
0.19315,-0.281594946426649
0.18067,-0.293179871623647
0.16777,-0.303930610605297
0.15451,-0.313817785956957
0.14091,-0.322828193620728
0.12702,-0.330940266578583
0.11286,-0.33814888327644
0.098471,-0.34444720460196
0.083894,-0.349827596831257
0.069162,-0.354288288010301
0.054312,-0.357829687115032
0.03938,-0.360455040510314
0.024402,-0.36217012629766
0.0094121,-0.362984325948907
-0.0055533,-0.362908265929866
-0.020462,-0.361956668662643
-0.035276,-0.360143123753135
-0.049967,-0.357487342223295
-0.064504,-0.354011650586139
-0.078847,-0.349733413575464
-0.092975,-0.344679736303423
-0.10685,-0.338872411989599
-0.12045,-0.33234031158725
-0.13374,-0.325107711995968
-0.1467,-0.317205693889144
-0.15931,-0.308670036667118
-0.17153,-0.29952458679488
-0.18334,-0.289797715504518
-0.19472,-0.27952065044727
-0.20565,-0.268726044151379
-0.21611,-0.257446766429273
-0.22608,-0.245714906415574
-0.23554,-0.233560968770339
-0.24447,-0.221013247752579
-0.25286,-0.208104760437292
-0.2607,-0.194871306813455
-0.26796,-0.181335029627298
-0.27464,-0.16752847918576
-0.28073,-0.153484146595455
-0.28621,-0.139226024698219
-0.29107,-0.124777802574854
-0.29532,-0.110176867703419
-0.29894,-0.0954482589888988
-0.30192,-0.0806135675220522
-0.30426,-0.0656981855909496
-0.30596,-0.0507296559537117
-0.30701,-0.0357288904729718
-0.30742,-0.0207254489431996
-0.30717,-0.00573264629049731
-0.30627,0.00922771838541436
-0.30473,0.0241278370520714
-0.30254,0.0389508259302716
-0.29972,0.0536671119430696
-0.29626,0.0682601057943396
-0.29217,0.0827095785594767
-0.28746,0.0969931528020081
-0.28214,0.111087552686619
-0.27622,0.124969632053912
-0.26972,0.138609801665426
-0.26265,0.151981688333444
-0.25503,0.165055045884431
-0.24687,0.177804939058689
-0.2382,0.190196823083018
-0.22903,0.202204353660689
-0.2194,0.213786550575416
-0.20931,0.224921549181438
-0.19881,0.235566750893899
-0.1879,0.2457012103372
-0.17663,0.255285281352271
-0.16502,0.264287750940079
-0.15309,0.27268530423315
-0.14089,0.280439712293422
-0.12842,0.287539002234838
-0.11573,0.293956006446725
-0.10285,0.299667121050709
-0.089793,0.304665106400548
-0.076597,0.308937925023753
-0.063288,0.312479170541043
-0.049892,0.315287439764535
-0.036434,0.317366429249916
-0.022942,0.318721910400372
-0.0094388,0.319365286278383
0.0040521,0.319311931195425
0.017509,0.318581579888005
0.030908,0.31719554731212
0.044232,0.315181078824847
0.057457,0.312564544496249
0.07057,0.309379188627579
0.083548,0.305655638032621
0.096376,0.301427603611554
0.10904,0.296731188983624
0.12152,0.291599066962592
0.1338,0.28606324043479
0.14588,0.280166134530321
0.15773,0.273935223740645
0.16934,0.267399920134088
0.1807,0.260590315784592
0.1918,0.253536138509105
0.20262,0.24625850695472
0.21317,0.238793077923429
0.22342,0.231156544848274
0.23338,0.223379284353934
0.24302,0.215472132563523
0.25236,0.207466673530865
0.26137,0.199373208988964
0.27006,0.191213996199008
0.27842,0.183005345325142
0.28645,0.174765537285383
0.29414,0.166506358665282
0.30149,0.158241238332301
0.3085,0.149984368550862
0.31516,0.141742585280115
0.32148,0.133531204792473
0.32745,0.125356989783493
0.33307,0.117226834408627
0.33834,0.109147366286195
0.34325,0.101117242910297
0.34781,0.0931433428583876
0.352,0.085216630536277
0.35584,0.0773448973755281
0.3593,0.0695121596325144
0.3624,0.061720520182685
0.36513,0.053964283408509
0.36747,0.0462241014287119
0.36944,0.0384995934975548
0.37102,0.0307759967588264
0.3722,0.0230346538757718
0.37299,0.0152689693205903
0.37338,0.0074673963348011
0.37335,-0.000392737596211166
0.37291,-0.00832032994366944
0.37206,-0.0163203539338008
0.37077,-0.0244166747869398
0.36905,-0.0326181777026121
0.3669,-0.0409288227018358
0.36429,-0.0493706515945423
0.36123,-0.0579500921428031
0.35771,-0.0666755717391851
0.35373,-0.0755494577545202
0.34927,-0.0845839048489527
0.34433,-0.0937837910189805
0.33891,-0.103147941684422
0.33299,-0.112685058531858
0.32657,-0.122396722577543
0.31965,-0.132278671623982
0.31222,-0.142329371731829
0.30427,-0.152549464651521
0.29581,-0.162926479881614
0.28681,-0.173467231720991
0.27729,-0.184156875205354
0.26724,-0.194985638040427
0.25665,-0.205948047351629
0.24552,-0.217034815908857
0.23386,-0.228226406205242
0.22165,-0.239517696457481
0.20891,-0.250885727240675
0.19564,-0.26230855056852
0.18183,-0.273773005876632
0.1675,-0.285251194801611
0.15265,-0.296718890598977
0.13729,-0.30814810108731
0.12143,-0.319508584745484
0.10509,-0.330761746213569
0.088275,-0.341874436436375
0.071009,-0.352804806384335
0.053303,-0.363514817781718
0.035184,-0.373958796813563
0.016675,-0.384089217082228
-0.002204,-0.393860687130117
-0.021422,-0.403222778275044
-0.040952,-0.412125489398036
-0.060761,-0.420516264091057
-0.08082,-0.428345071015276
-0.10109,-0.435558100162667
-0.12155,-0.442113511711938
-0.14214,-0.447951681816982
-0.16284,-0.453030124755893
-0.1836,-0.457299439647041
-0.20439,-0.460721104922293
-0.22517,-0.463259363925198
-0.24588,-0.464867227414952
-0.26649,-0.465512462059321
-0.28696,-0.465168579648895
-0.30723,-0.463800039208767
-0.32727,-0.461387529397806
-0.34703,-0.457910945122878
-0.36646,-0.453350478310054
-0.38552,-0.447694873149181
-0.40416,-0.440933058053786
-0.42234,-0.433062178411213
-0.44,-0.424071653629996
-0.45711,-0.413967490067116
-0.47362,-0.402754452837658
-0.48948,-0.390436504597645
-0.50465,-0.377024549083414
-0.51909,-0.362535076762256
-0.53276,-0.346988910171537
-0.54561,-0.330402658608541
-0.55761,-0.312804098624046
-0.5687,-0.294207272141124
-0.57887,-0.274651913462836
-0.58806,-0.254160577738454
-0.59624,-0.232763673384738
-0.60339,-0.210504610645325
-0.60947,-0.187421410137419
-0.61444,-0.163546779218405
-0.61828,-0.138923066223922
-0.62097,-0.113599249700179
-0.62248,-0.0876209242303508
-0.6228,-0.0610444766039543
-0.6219,-0.0339186191123514
-0.61977,-0.00629925848009589
-0.6164,0.0217535279961554
-0.61179,0.0501706625260065
-0.60591,0.0789000209221728
-0.59878,0.107867779169482
-0.59039,0.137007016006957
-0.58074,0.166251027109451
-0.56985,0.195520568400339
-0.55771,0.224750904485591
-0.54435,0.253861491421681
-0.52978,0.282776354281801
-0.51401,0.311425625148157
-0.49708,0.339724467951683
-0.479,0.367600876891408
-0.45981,0.394973396603426
-0.43954,0.421763019306062
-0.41823,0.447887935946178
-0.3959,0.47328159290763
-0.37262,0.497855100740884
-0.3484,0.521548887253698
-0.32332,0.544277437436611
-0.29742,0.565966796215681
-0.27074,0.58655491962853
-0.24335,0.605969485719235
-0.21529,0.624154660449437
-0.18663,0.6410478730749
-0.15743,0.656590860326267
-0.12775,0.670731056605767
-0.097649,0.683423310439072
-0.067195,0.694623679388315
-0.036454,0.704292525397499
-0.0054919,0.7123954814475
0.025622,0.718901494163755
0.05682,0.723784843808652
0.088033,0.727024398532269
0.11919,0.728602505707204
0.15022,0.728505391006468
0.18107,0.726736671838267
0.21164,0.723279699959895
0.24189,0.718146838953373
0.27173,0.711337043584358
0.30112,0.702875954333658
0.32997,0.692773526821111
0.35823,0.681056817040626
0.38584,0.667758942623903
0.41272,0.652902598868221
0.43884,0.636538770219813
0.46412,0.618703201675105
0.48852,0.59944823404463
0.51199,0.578831005775988
0.53446,0.556896382251535
0.55591,0.533715235378652
0.57627,0.509340620239765
0.59552,0.483846833532415
0.6136,0.457293730294638
0.63048,0.429750066007492
0.64613,0.401289844383982
0.66052,0.371989204130366
0.67361,0.341916415156644
0.68538,0.311146161115484
0.6958,0.279748656838126
0.70485,0.247795750352617
0.71253,0.215373163936238
0.7188,0.182545597619445
0.72365,0.149380880072723
0.7271,0.115969322626121
0.72911,0.0823721591527922
0.72969,0.048662066342079
0.72885,0.0149185176392305
0.72659,-0.0187835399478146
0.72291,-0.0523753215705021
0.71784,-0.0857731974448734
0.71137,-0.118913932520245
0.70354,-0.151716014006779
0.69435,-0.184115536624992
0.68385,-0.216028113207431
0.67205,-0.247385281531162
0.65899,-0.278111672726397
0.64471,-0.308128991381043
0.62924,-0.337366700480596
0.61262,-0.365755655491264
0.59489,-0.393230347344693
0.57611,-0.41971582795993
0.55632,-0.44514700124872
0.53557,-0.469461734241803
0.51393,-0.492587838602777
0.49143,-0.514477214120838
0.46815,-0.535066185443759
0.44414,-0.554303105128565
0.41945,-0.572148095856724
0.39416,-0.588550351913929
0.36833,-0.603467091822142
0.34202,-0.616863819849155
0.31529,-0.628714319056939
0.28821,-0.638993023751607
0.26084,-0.647683627499426
0.23324,-0.654778364956817
0.2055,-0.660254998053737
0.17765,-0.66412517479252
0.14978,-0.666383752938734
0.12194,-0.667042323264654
0.094192,-0.666117296968932
0.0666,-0.663627546897135
0.039224,-0.65959683887153
0.012122,-0.654054144508535
-0.014651,-0.647034458785893
-0.041035,-0.63857334472643
-0.066978,-0.628712092245808
-0.092426,-0.617494287559454
-0.11732,-0.604960725291138
-0.14162,-0.591163085112695
-0.16528,-0.576156144670593
-0.18824,-0.559985465744953
-0.21045,-0.542695406802533
-0.23189,-0.524350363668339
-0.2525,-0.504999571093923
-0.27224,-0.484693463023858
-0.29108,-0.463489388553927
-0.30898,-0.441441221425069
-0.32592,-0.418613236163694
-0.34186,-0.395061410058669
-0.35677,-0.370840723905522
-0.37063,-0.346011039087001
-0.38343,-0.32064168924817
-0.39513,-0.294785330843465
-0.40572,-0.268501643271972
-0.4152,-0.241861433445297
-0.42354,-0.214920059736981
-0.43074,-0.187740762577359
-0.4368,-0.160391054838416
-0.44172,-0.132939692695898
-0.44548,-0.105439388247413
-0.44811,-0.0779650405655007
-0.44959,-0.0505700013716276
-0.44995,-0.0233253320893546
-0.4492,0.00370080037763386
-0.44735,0.0304448694345924
-0.44442,0.0568419000817347
-0.44043,0.0828280088237842
-0.43541,0.108335035212187
-0.42939,0.133293728837959
-0.42239,0.157643752334844
-0.41445,0.181319339618056
-0.4056,0.204260075054639
-0.39589,0.226397258295311
-0.38535,0.247672718715544
-0.37404,0.268016731759144
-0.36198,0.287382300115705
-0.34924,0.305705638759837
-0.33586,0.322933932225352
-0.32188,0.339025232822167
-0.30737,0.353925916321602
-0.29238,0.36758978397713
-0.27695,0.37998586420605
-0.26115,0.391074725127123
-0.24503,0.400826570272935
-0.22865,0.409213369838628
-0.21205,0.41622465362695
-0.19531,0.421835394415937
-0.17846,0.426047042031216
-0.16157,0.428853324976719
-0.14468,0.430264640046848
-0.12786,0.430282868541374
-0.11115,0.428925643479635
-0.094593,0.42622106240875
-0.078248,0.422193512173023
-0.062157,0.416876703181817
-0.046362,0.410311317443159
-0.030905,0.402542894506203
-0.015826,0.393621436850735
-0.0011595,0.383603518572934
0.013057,0.372547481182532
0.026796,0.360519082259528
0.040024,0.347583973386276
0.052717,0.333813054468628
0.064851,0.319279577077697
0.076403,0.304057440306379
0.087353,0.288221229636111
0.097686,0.271847661724206
0.10738,0.255007772143891
0.11644,0.237785869698905
0.12483,0.220244136152317
0.13257,0.202466368053692
0.13963,0.18451423772956
0.14601,0.166451748760938
0.15172,0.148350059953382
0.15675,0.130268985031503
0.1611,0.112264539247529
0.16477,0.0943876989836969
0.16778,0.0766983139187937
0.17011,0.0592317061126052
0.1718,0.0420463358591358
0.17283,0.0251728647569135
0.17322,0.00864778007452693
0.173,-0.00748184502959415
0.17215,-0.023199150901655
0.17072,-0.0384608398423812
0.1687,-0.0532483399586654
0.16611,-0.0675418251590681
0.16298,-0.0813140954566944
0.15932,-0.0945479991175888
0.15516,-0.10722061415191
0.1505,-0.119327617757679
0.14539,-0.130843262231333
0.13982,-0.141770009007563
0.13384,-0.152089031450883
0.12746,-0.161794815551539
0.12071,-0.170878301281837
0.11361,-0.179335562704454
0.10618,-0.187167257214778
0.098458,-0.194364732716634
0.090461,-0.200927892307143
0.082217,-0.20685568575648
0.073752,-0.21214807171267
0.065093,-0.216805335218309
0.056266,-0.220828991450929
0.047299,-0.224220247006569
0.038217,-0.226982450029827
0.029048,-0.229118557020803
0.01982,-0.230631305205575
0.010559,-0.231524821252752
0.001293,-0.23180291028506
-0.0079518,-0.23147048308379
-0.017147,-0.230531706798461
-0.026267,-0.228992219944996
-0.035284,-0.226857170396725
-0.044171,-0.224131854955998
-0.052904,-0.220823847964898
-0.061457,-0.216940951648852
-0.069805,-0.212491748284075
-0.077925,-0.207486755226355
-0.085792,-0.20193633854266
-0.093386,-0.195854203599238
-0.10068,-0.18925123706674
-0.10767,-0.182152797296256
-0.11431,-0.174564191795321
-0.12061,-0.166515839667093
-0.12653,-0.158020612580719
-0.13207,-0.149106463185107
-0.1372,-0.139790542682916
-0.14193,-0.130110384838931
-0.14623,-0.120089332397559
-0.15009,-0.109753399135307
-0.15351,-0.0991373738803765
-0.15648,-0.0882747143200386
-0.15899,-0.0771968179103751
-0.16105,-0.0659472624375044
-0.16265,-0.0545633724927466
-0.16379,-0.0430836951768343
-0.16447,-0.0315465749863688
-0.1647,-0.0199963917425392
-0.16448,-0.00847362611106972
-0.16382,0.00297827065460399
-0.16273,0.0143148297208423
-0.16122,0.0254921789288656
-0.1593,0.0364683450270495
-0.15698,0.0472042714387632
-0.15428,0.0576571814416941
-0.15121,0.0677901280323499
-0.14778,0.0775721568068261
-0.14402,0.0869635013761488
-0.13993,0.0959408635938705
-0.13554,0.104472992722604
-0.13087,0.112530795413317
-0.12593,0.120095424477599
-0.12074,0.127149746701431
-0.11532,0.133678816818735
-0.10968,0.139677591792815
-0.10386,0.145127297885281
-0.097859,0.150029235120648
-0.091701,0.154382680035573
-0.085404,0.158190048197756
-0.078984,0.161457994398698
-0.072459,0.164195213658444
-0.065844,0.166414294525491
-0.059155,0.168130132576378
-0.052408,0.169359309458588
-0.045617,0.170121004099993
-0.038795,0.170436896767726
-0.031956,0.17032952414513
-0.025112,0.169823125448839
-0.018274,0.168943516122477
-0.011452,0.167717921669738
-0.004657,0.166173304229198
0.0021022,0.164337363336979
0.0088184,0.162238856841979
0.015483,0.159905592078445
0.02209,0.15736576870571
0.028633,0.154646811991691
0.035107,0.151775765464723
0.041507,0.148778564484197
0.04783,0.145680943047673
0.054072,0.142506936992104
0.06023,0.139279187875619
0.066301,0.136018472577324
0.072281,0.132742622694668
0.078171,0.12947015955016
0.083963,0.126212845816606
0.089661,0.122985384401362
0.095259,0.119796886393898
0.10075,0.116650794852279
0.10615,0.113562722032666
0.11143,0.110524224041902
0.11661,0.107543750761944
0.12168,0.104620791211191
0.12663,0.101747468037758
0.13146,0.0989174097064553
0.13618,0.0961328771311919
0.14077,0.0933807175981685
0.14524,0.0906577677247084
0.14958,0.0879540988787317
0.15379,0.0852618920503382
0.15787,0.0825751507897671
0.16182,0.079889438148972
0.16564,0.0772016367067632
0.16931,0.0744949346422921
0.17284,0.0717640617225822
0.17624,0.0690131566168283
0.17949,0.0662316340724339
0.1826,0.0634194916034351
0.18556,0.0605704533592842
0.18837,0.0576807417952237
0.19104,0.0547560868924269
0.19355,0.0517875518782006
0.19591,0.0487768024791917
0.19812,0.0457266157240936
0.20017,0.0426332076494545
0.20206,0.0394950061504834
0.20379,0.0363122672499599
0.20536,0.0330867227961211
0.20677,0.029821260193765
0.208,0.0265048381690541
0.20907,0.0231450611276444
0.20997,0.0197421842690877
0.21068,0.0162831457899871
0.21122,0.0127740722414013
0.21158,0.00921421678319654
0.21175,0.00559732531019949
0.21172,0.00191286943400624
0.21151,-0.00183065807053048
0.2111,-0.00563922064938797
0.21048,-0.00952286711179356
0.20966,-0.0134798789513464
0.20862,-0.0175212707699851
0.20737,-0.0216458277974906
0.20589,-0.0258646790333707
0.20419,-0.0301764026176736
0.20225,-0.0345916616410244
0.20007,-0.0391157648664696
0.19765,-0.0437495409598982
0.19497,-0.048504944712636
0.19204,-0.0533803678518798
0.18884,-0.0583854647903177
0.18538,-0.0635164890805438
0.18163,-0.0687885363868176
0.17761,-0.0741944788182259
0.17331,-0.0797316053603303
0.16871,-0.0854081827129169
0.16383,-0.0912114889582271
0.15864,-0.0971491558330489
0.15317,-0.103200605806357
0.14739,-0.109367397796129
0.14131,-0.115639276272084
0.13493,-0.122004106070031
0.12825,-0.128448530410476
0.12127,-0.134958541712426
0.114,-0.141512570635003
0.10643,-0.148098309041396
0.098579,-0.154689800893183
0.090445,-0.161266321510335
0.082034,-0.16780602001634
0.073352,-0.174286759021609
0.064412,-0.18068163276971
0.055221,-0.186965103533629
0.045791,-0.193109788741474
0.036137,-0.199085411863721
0.026271,-0.204862480989963
0.016209,-0.21041006989371
0.0059679,-0.215696373622243
-0.0044342,-0.220688969893996
-0.01498,-0.225356538591395
-0.025649,-0.229667274612191
-0.036421,-0.23359022275052
-0.047276,-0.237096269694629
-0.058192,-0.240157280735295
-0.069147,-0.242746868021051
-0.080119,-0.24484097305007
-0.091084,-0.246416803822639
-0.10202,-0.247454909058849
-0.11291,-0.247942987484261
-0.12372,-0.247862504059178
-0.13443,-0.247200987266983
-0.14502,-0.24595142529828
-0.15546,-0.24410424156064
-0.16574,-0.241663075915104
-0.17583,-0.23862757217165
-0.1857,-0.234994388492203
-0.19535,-0.230780261350584
-0.20473,-0.225980897321409
-0.21384,-0.220612327730556
-0.22266,-0.214691925671689
-0.23115,-0.208223060460155
-0.23932,-0.20123483877698
-0.24712,-0.19373209664265
-0.25456,-0.185744457372156
-0.26161,-0.177291249111053
-0.26827,-0.168405257083961
-0.2745,-0.159099719930115
-0.28031,-0.149408776117312
-0.28567,-0.139352937400001
-0.29059,-0.128970769692807
-0.29505,-0.118292168683532
-0.29903,-0.10733921260186
-0.30254,-0.096149212078545
-0.30558,-0.0847633009152811
-0.30812,-0.0732023355878835
-0.31018,-0.0615071352733447
-0.31174,-0.0497038166015846
-0.31281,-0.0378279961077042
-0.31339,-0.0259144502962869
-0.31348,-0.0139961909975197
-0.31308,-0.00210374888124291
-0.31219,0.0097353554038997
-0.31083,0.0214821768794647
-0.30899,0.0331119937318304
-0.30668,0.0445976425901545
-0.3039,0.0559183529130941
-0.30068,0.0670371177582306
-0.297,0.0779420443221225
-0.29288,0.0886124764143404
-0.28834,0.0990215052974617
-0.28337,0.109160333789078
-0.27799,0.119013073818675
-0.27221,0.128566200743841
-0.26604,0.137808705203651
-0.25949,0.146732146557011
-0.25257,0.155330624013961
-0.2453,0.163593282409146
-0.23768,0.171520577898903
-0.22974,0.179100105515927
-0.22148,0.186331814802624
-0.21292,0.19321102269105
-0.20408,0.199729626525457
-0.19498,0.205877153337521
-0.18563,0.211649053974104
-0.17604,0.21704583774132
-0.16624,0.222057448581144
-0.15624,0.22668051792278
-0.14607,0.230902502357929
-0.13573,0.234726113694413
-0.12526,0.238136838385953
-0.11466,0.24113636855107
-0.10395,0.243724747598723
-0.093167,0.245888239988149
-0.082312,0.247629096024779
-0.071409,0.248945490782496
-0.060478,0.249835431492076
-0.049535,0.250299901773316
-0.038601,0.25033865779408
-0.027692,0.249954262590531
-0.016826,0.249150082072631
-0.0060233,0.247928421394773
0.0047034,0.246296365242204
0.015331,0.24425704198181
0.025849,0.241819688899092
0.036237,0.238990957948087
0.046481,0.23578002394778
0.056566,0.232197154184017
0.066479,0.22825473938421
0.076204,0.223964363162342
0.085728,0.219338888698669
0.095039,0.214392618496124
0.10412,0.209136938871732
0.11297,0.203592407738013
0.12157,0.197773106263954
0.12992,0.19170155110881
0.13799,0.185384240356062
0.1458,0.178851516584844
0.15332,0.172115112075245
0.16055,0.165193572554162
0.16748,0.15810297079421
0.17412,0.150871673306338
0.18045,0.143514938514376
0.18647,0.13605175067872
0.19218,0.128503486217008
0.19757,0.120885377050479
0.20265,0.113221970109366
0.20742,0.105537155342526
0.21188,0.0978535386149126
0.21603,0.0901919583042605
0.21987,0.0825711311702802
0.22341,0.0750148111624802
0.22665,0.0675426336411631
0.22961,0.0601850286116592
0.23228,0.0529579761492009
0.23468,0.0458874016723236
0.23681,0.038991592152001
0.23869,0.0322968050025762
0.24032,0.0258200528235837
0.24171,0.019577650006272
0.24288,0.0135921136201115
0.24384,0.0078827768963828
0.24459,0.0024583034571056
0.24515,-0.00266688968337622
0.24552,-0.0074891286564152
0.24573,-0.0119915140178269
0.24579,-0.0161619154989982
0.24569,-0.0200073478843417
0.24547,-0.0235132947344034
0.24513,-0.0266780328584262
0.24467,-0.0295103719189086
0.24412,-0.0320053736023853
0.24348,-0.0341694977918822
0.24275,-0.0360183762732971
0.24196,-0.0375525874482823
0.2411,-0.0387902736858782
0.24019,-0.039741188631693
0.23922,-0.0404303646597183
0.23822,-0.04086500191547
0.23717,-0.0410747898396324
0.23608,-0.0410846408453874
0.23496,-0.0409150132312473
0.2338,-0.040597051918374
0.23261,-0.0401549137132107
0.23138,-0.0396212692800169
0.2301,-0.0390347675582905
0.22879,-0.0384156312669152
0.22742,-0.0378056057326367
0.226,-0.0372330181654586
0.22452,-0.0367293246345033
0.22297,-0.0363275497844225
0.22133,-0.0360683750976013
0.21961,-0.0359752487084098
0.21779,-0.0360791242669714
0.21585,-0.0364160031926745
0.21379,-0.0370100266818066
0.21159,-0.0378897237420932
0.20923,-0.0390861907826378
0.2067,-0.0406241591255255
0.20397,-0.0425371412336951
0.20105,-0.0448350254184465
0.1979,-0.0475451233107139
0.19451,-0.0506856324325925
0.19086,-0.0542740740228551
0.18693,-0.0583267105916128
0.18272,-0.0628433159034322
0.17819,-0.0678397025504944
0.17334,-0.0733143648023033
0.16815,-0.0792664272753851
0.16261,-0.0856879092718195
0.15671,-0.0925650829706033
0.15043,-0.0998871273006899
0.14376,-0.107638257512141
0.13671,-0.115784131332088
0.12926,-0.124298365701261
0.12142,-0.13313935059027
0.11318,-0.142268965965018
0.10454,-0.151645418300454
0.095519,-0.161210938519563
0.086109,-0.170916329042527
0.07633,-0.1806998840499
0.066188,-0.19050182580546
0.055703,-0.200255215426031
0.044891,-0.209892164278874
0.033772,-0.219342985475953
0.022369,-0.228536336517439
0.010707,-0.237400155215455
-0.001188,-0.245863210388844
-0.013287,-0.253854888548019
-0.02556,-0.2613065209141
-0.037979,-0.268154655561722
-0.050508,-0.274336195379924
-0.063116,-0.279794111784126
-0.075771,-0.28447747884875
-0.088436,-0.288338405551405
-0.10108,-0.291337634726012
-0.11366,-0.293435528411386
-0.12615,-0.294606265450197
-0.13852,-0.294833399310321
-0.15072,-0.29409419934507
-0.16273,-0.292384157302187
-0.17452,-0.289706671830795
-0.18605,-0.286064516973232
-0.19729,-0.281467744329875
-0.20822,-0.275939835519196
-0.2188,-0.26950009868375
-0.229,-0.262171738335613
-0.2388,-0.25398821798421
-0.24818,-0.244990695771696
-0.2571,-0.235210928631521
-0.26554,-0.224687271890574
-0.27349,-0.213469966173708
-0.28092,-0.20160287057668
-0.28781,-0.18913104974107
-0.29415,-0.176106812973052
-0.29992,-0.162579566840473
-0.30511,-0.14860246635616
-0.30971,-0.134230244891882
-0.31371,-0.119517390173227
-0.3171,-0.104516644295775
-0.31989,-0.0892925999703486
-0.32206,-0.0738953429396265
-0.32362,-0.058383926337145
-0.32457,-0.0428154429293658
-0.32492,-0.0272510394239686
-0.32466,-0.0117384423167504
-0.32383,0.00365003053472025
-0.32241,0.018868844889583
-0.32042,0.0338660290960623
-0.31789,0.0485787785744725
-0.31482,0.0629597825685318
-0.31123,0.0769610821925667
-0.30715,0.0905284911218369
-0.30259,0.10361945314379
-0.29757,0.116194958978843
-0.29212,0.128212951089392
-0.28627,0.139630480645928
-0.28004,0.150412863519204
-0.27346,0.16052605815457
-0.26655,0.169945300831185
-0.25935,0.178639633828225
-0.25188,0.186589172373993
-0.24418,0.193769141139312
-0.23626,0.200174109091497
-0.22817,0.205785239456589
-0.21993,0.210595997033784
-0.21157,0.214602945598085
-0.20312,0.21780563506734
-0.19461,0.220206412060139
-0.18606,0.22181757055243
-0.17751,0.22264464786837
-0.16897,0.222710091412467
-0.16047,0.222034892186483
-0.15204,0.220638585594646
-0.14369,0.218554047350725
-0.13545,0.215809462072897
-0.12734,0.212436068174777
-0.11938,0.208466888165776
-0.11157,0.20395042424583
-0.10394,0.19892428898918
-0.096504,0.193428218377309
-0.089264,0.187511507840931
-0.082232,0.181222461682051
-0.075417,0.174609499471528
-0.068823,0.167723488752234
-0.062453,0.160616572580579
-0.056307,0.153342641656207
-0.050387,0.145953941932227
-0.044688,0.138505010025984
-0.039205,0.131050581457525
-0.033933,0.123643874272409
-0.028861,0.116339657010954
-0.023984,0.109187782111029
-0.019285,0.10224139175273
-0.014755,0.0955486346249613
-0.010379,0.0891564557728119
-0.0061412,0.0831098188642191
-0.0020268,0.0774497863706967
0.0019792,0.0722129483620788
0.0058961,0.0674341007217285
0.0097396,0.0631426021451106
0.013526,0.0593626819468186
0.017274,0.0561151512884999
0.020999,0.0534146589370676
0.024718,0.0512712696263408
0.028447,0.0496899414051497
0.032201,0.0486702500947296
0.035993,0.048205582757256
0.039836,0.0482841456614272
0.043743,0.0488899332185447
0.047724,0.0500014251957439
0.05179,0.0515936660678258
0.055946,0.0536348824100703
0.060202,0.0560921004548244
0.06456,0.0589261239006692
0.069029,0.0620987775754856
0.073604,0.0655632235360525
0.07829,0.069274166641496
0.083085,0.0731835035881804
0.087984,0.0772398861073837
0.092985,0.0813929260362661
0.098081,0.0855906797680279
0.10326,0.0897776960757413
0.10852,0.0939046606723532
0.11385,0.0979219939458757
0.11924,0.101782127069977
0.12467,0.105433173998208
0.13013,0.108828757734347
0.1356,0.111921018353386
0.14108,0.114677229816156
0.14654,0.11705584298794
0.15197,0.119024398801487
0.15735,0.12055154985793
0.16266,0.121608007647802
0.16789,0.122174653438708
0.17303,0.122241424140595
0.17804,0.121783990766185
0.18292,0.120797089614748
0.18765,0.11927651023336
0.19221,0.117219339414258
0.19659,0.11463150305722
0.20076,0.111511410888214
0.20472,0.107873929831428
0.20845,0.10373228304139
0.21194,0.0991056746534327
0.21518,0.0940178585655256
0.21815,0.0884884456546045
0.22084,0.0825407654872786
0.22325,0.076208079569832
0.22538,0.0695309176748158
0.22721,0.0625399247579928
0.22874,0.0552718380679246
0.22996,0.0477599834926084
0.23088,0.0400488669347163
0.2315,0.0321834339022928
0.23182,0.0242077728478055
0.23183,0.0161566606294058
0.23155,0.00807854150720832
0.23097,9.29455665087207e-06
0.23011,-0.00800422951018406
0.22897,-0.0159225260466802
0.22757,-0.0236984431546836
0.2259,-0.0313022994525708
0.22398,-0.0386973234789189
0.22183,-0.0458422454176176
0.21945,-0.0527082997487437
0.21686,-0.0592630374073541
0.21407,-0.0654795746985691
0.2111,-0.0713291156829971
0.20795,-0.0767971702920555
0.20466,-0.0818518819039118
0.20122,-0.086485511589881
0.19766,-0.0906806846986238
0.19399,-0.0944278127483534
0.19023,-0.0977167330143575
0.18639,-0.100544771551296
0.18248,-0.10291564447776
0.17852,-0.104831001919234
0.17452,-0.106298440903463
0.1705,-0.107322998359845
0.16646,-0.10792253253791
0.16242,-0.108110187731252
0.15838,-0.107909949039927
0.15435,-0.107346688626394
0.15035,-0.106438096464691
0.14637,-0.105217917196283
0.14242,-0.103717262728568
0.1385,-0.101971786159457
0.13462,-0.100012522832871
0.13076,-0.0978881863071344
0.12695,-0.0956234860395936
0.12316,-0.0932674792483308
0.11939,-0.0908653226292081
0.11565,-0.0884503782488964
0.11192,-0.0860677032203442
0.1082,-0.0837556758663492
0.10448,-0.0815535283045338
0.10075,-0.0794999750869372
0.096995,-0.077635802438298
0.093213,-0.0759925706108553
0.089386,-0.0746051762363896
0.085502,-0.0735056052137052
0.08155,-0.0727216616535442
0.077511,-0.0722826972821827
0.073374,-0.0722123491011671
0.069122,-0.0725331832191704
0.064738,-0.0732660238639238
0.060208,-0.0744272389187745
0.055514,-0.0760318448661746
0.050641,-0.0780908695905398
0.045572,-0.0806130331311006
0.040289,-0.0836054292654698
0.034778,-0.0870704280765444
0.029023,-0.0910077485226172
0.023011,-0.0954125098157716
0.016723,-0.100280450166843
0.01015,-0.10560029909077
0.0032785,-0.11135855077328
-0.0039048,-0.117539909427227
-0.011407,-0.12412327719353
-0.01924,-0.131086825952828
-0.027409,-0.138403619801273
-0.035921,-0.146044528568264
-0.044778,-0.153975626117624
-0.053984,-0.162161419368157
-0.063537,-0.17056159996947
-0.073435,-0.179133014727305
-0.083677,-0.187832094241933
-0.094252,-0.19660871446504
-0.10516,-0.205416979272938
-0.11638,-0.214200163026002
-0.1279,-0.222901069561078
-0.13972,-0.231472641815892
-0.15181,-0.239855223653078
-0.16415,-0.247988168242295
-0.17672,-0.255811844698359
-0.18951,-0.263276658920385
-0.20248,-0.270320511499859
-0.21561,-0.276887953821427
-0.22887,-0.28292328652672
-0.24224,-0.288379823008732
-0.25568,-0.293204955195775
-0.26915,-0.297343074401941
-0.28263,-0.300752805005309
-0.29609,-0.303398359589019
-0.30947,-0.305227646831374
-0.32276,-0.306214215440963
-0.33591,-0.306323840165672
-0.34887,-0.305517380034977
-0.36163,-0.303782785266862
-0.37413,-0.301093634670684
-0.38633,-0.297427853921381
-0.3982,-0.292775275361099
-0.4097,-0.287128628319928
-0.42079,-0.28048358784842
-0.43142,-0.272831319700301
-0.44157,-0.264182152066819
-0.45119,-0.254539767187967
-0.46024,-0.24391013463198
-0.46869,-0.232308622358858
-0.4765,-0.21975067250734
-0.48364,-0.206259052695859
-0.49008,-0.191862088484027
-0.49577,-0.176577273163273
-0.50069,-0.160435281716311
-0.50482,-0.143476770380029
-0.50811,-0.125727327747525
-0.51055,-0.107229410274001
-0.51211,-0.0880232378355548
-0.51276,-0.0681462195357071
-0.51248,-0.0476399223285192
-0.51126,-0.0265555526849306
-0.50908,-0.00494331067519751
-0.50591,0.0171561968917928
-0.50175,0.039689081952876
-0.4966,0.0625922924475329
-0.49043,0.0858193769641826
-0.48325,0.109309085233883
-0.47505,0.133004849698953
-0.46583,0.156848200103252
-0.45559,0.180780931246284
-0.44435,0.204732072747756
-0.43211,0.228637320886232
-0.41888,0.252432366244918
-0.40467,0.276054944717385
-0.38951,0.299431667629419
-0.3734,0.322504695478372
-0.35638,0.345201085288679
-0.33847,0.367452872140529
-0.3197,0.389190951877624
-0.3001,0.410347599812895
-0.2797,0.430858484636918
-0.25853,0.450664224555982
-0.23664,0.469696736705397
-0.21407,0.487890655165668
-0.19085,0.50519247417885
-0.16704,0.521538042986892
-0.14268,0.536871688737392
-0.11782,0.55113922565368
-0.092501,0.564296346039363
-0.066788,0.576290724057849
-0.040728,0.587078859198576
-0.014377,0.596619450021508
0.012211,0.60487613268391
0.038976,0.611813636988507
0.065867,0.617405746251064
0.092821,0.621625937482
0.11978,0.624452405548351
0.14669,0.625871234634917
0.17349,0.625870600242159
0.20013,0.624449336918418
0.22653,0.621593219179244
0.25265,0.617307925669311
0.27843,0.611600693700386
0.30381,0.604480265425489
0.32873,0.595956770420785
0.35314,0.586048959321368
0.37698,0.57477498967976
0.4002,0.562159775885192
0.42276,0.548240707800959
0.44459,0.533042321802522
0.46565,0.51660055305614
0.4859,0.49895976232801
0.50529,0.480162698341398
0.52377,0.460249804784413
0.5413,0.439266074031646
0.55786,0.417273817945044
0.57339,0.3943181072541
0.58787,0.370458489500184
0.60126,0.345749761257411
0.61354,0.320256148297598
0.62468,0.294040267368165
0.63466,0.267169030602033
0.64344,0.239696065153401
0.65103,0.2116996247331
0.65739,0.183238520757036
0.66252,0.154383641822599
0.66641,0.125206030762774
0.66906,0.0957820430150991
0.67045,0.0661751475860907
0.6706,0.0364659378835794
0.66951,0.00673147839172106
0.66717,-0.0229638772734505
0.6636,-0.0525460090826742
0.65883,-0.0819279756553624
0.65285,-0.1110448758789
0.64569,-0.139822238159656
0.63737,-0.168187795568044
0.62792,-0.196066136368997
0.61737,-0.223381884417868
0.60574,-0.25006967366339
0.59308,-0.276052361502306
0.57941,-0.301268161552097
0.56477,-0.325655147382407
0.54921,-0.349146174813467
0.53276,-0.371687112918779
0.51547,-0.393221623496996
0.49738,-0.41370114397305
0.47855,-0.433070539376675
0.45902,-0.451286286983366
0.43883,-0.468316038641084
0.41805,-0.484115788860039
0.3967,-0.498670929748569
0.37486,-0.511947211311203
0.35257,-0.523925666653833
0.32988,-0.534593359767613
0.30685,-0.543935758723717
0.28352,-0.551952792630799
0.25994,-0.558649208704785
0.23617,-0.564026649274274
0.21225,-0.568099497741985
0.18824,-0.570877702332539
0.16419,-0.572375199473318
0.14014,-0.572616562087731
0.11614,-0.571627260943721
0.092236,-0.569436111290765
0.068478,-0.566071199807618
0.044904,-0.561568415135701
0.021563,-0.555961073367291
-0.0015101,-0.549290150392284
-0.024267,-0.541591953384082
-0.046677,-0.532911196385075
-0.0687,-0.523291316458699
-0.090297,-0.512774433309534
-0.11144,-0.50140863587348
-0.13209,-0.489237397388162
-0.15223,-0.476315540545563
-0.17181,-0.462681101497745
-0.19082,-0.448387045921802
-0.20922,-0.433474643387168
-0.227,-0.417996665239052
-0.24413,-0.40199877899874
-0.26059,-0.385526903404585
-0.27637,-0.368633106023858
-0.29143,-0.351350593749901
-0.30578,-0.333733190419065
-0.3194,-0.315827442079296
-0.33226,-0.297665103425658
-0.34437,-0.279294420782359
-0.35572,-0.260760538328314
-0.36629,-0.24209717808266
-0.37608,-0.223342399306222
-0.3851,-0.20454378748382
-0.39333,-0.185732807558676
-0.40077,-0.166941518615504
-0.40743,-0.148208625587598
-0.41331,-0.129569399325083
-0.41841,-0.111055037162629
-0.42274,-0.0926996446182571
-0.42631,-0.0745383934185026
-0.42912,-0.0565986154116539
-0.43118,-0.0389076159584045
-0.43251,-0.0214989738559386
-0.43311,-0.00439527572710761
-0.433,0.0123759296477929
-0.4322,0.0287841888137695
-0.43071,0.0448126614758975
-0.42857,0.0604267028502334
-0.42579,0.0756007650626008
-0.42239,0.0903102514862322
-0.41839,0.104532326590935
-0.41382,0.118239121299285
-0.4087,0.131407171595448
-0.40305,0.144017512724691
-0.39692,0.15603344610236
-0.39031,0.167442238108892
-0.38326,0.178221545763752
-0.3758,0.188349586696459
-0.36797,0.197798513699258
-0.35979,0.206551414424655
-0.35129,0.21459354335805
-0.34251,0.221905199061981
-0.33349,0.228463494943013
-0.32424,0.234266050705543
-0.31482,0.239290388927279
-0.30526,0.243520886212216
-0.29558,0.246955513984617
-0.28584,0.249573941017279
-0.27606,0.251371453837096
-0.26627,0.252348904013643
-0.25653,0.252489666986081
-0.24685,0.251800674239634
-0.23729,0.250270904739479
-0.22786,0.247912349201317
-0.21861,0.244725854659224
-0.20957,0.240718250797885
-0.20076,0.235908585026973
-0.19222,0.230310635837835
-0.18397,0.223948521937054
-0.17603,0.216854204657864
-0.16843,0.209057859610798
-0.16119,0.200594927453778
-0.15432,0.191511633961338
-0.14784,0.181854345393094
-0.14175,0.171683146329361
-0.13608,0.161045413951109
-0.1308,0.15002137897108
-0.12595,0.138663814253378
-0.1215,0.127053641640239
-0.11746,0.115262621823231
-0.11382,0.103367863565907
-0.11058,0.0914411417924588
-0.10771,0.0795699721843855
-0.10521,0.0678297775694009
-0.10305,0.0563061059740397
-0.10122,0.045075254143854
-0.099698,0.0342125205761918
-0.098457,0.0237936680291717
-0.097473,0.013890145710783
-0.096715,0.00457271954841226
-0.096159,-0.00409596384827664
-0.09577,-0.0120538694109987
-0.095521,-0.0192475771138347
-0.095375,-0.0256252092296436
-0.095302,-0.0311432723686942
-0.095268,-0.0357638237834191
-0.095236,-0.0394527844388735
-0.095177,-0.0421866099226322
-0.095053,-0.043944813650378
-0.094834,-0.0447164225099359
-0.094483,-0.0444938214396853
-0.093969,-0.0432772987909152
-0.093262,-0.0410747819428961
-0.092329,-0.0378984410425141
-0.09114,-0.033766246470911
-0.089667,-0.0287022984425227
-0.087883,-0.022736157702039
-0.085759,-0.0158999060333098
-0.083274,-0.00823306554109852
-0.080403,0.000222546689787445
-0.077122,0.00942337125386099
-0.07342,0.0193157669891382
-0.069268,0.0298525217975324
-0.06466,0.0409757161725397
-0.059577,0.05262985991585
-0.054011,0.0647547085442456
-0.047951,0.0772899961560164
-0.04139,0.0901741153414965
-0.034324,0.103343869695564
-0.026748,0.116737313565531
-0.018666,0.130288650515263
-0.010073,0.143937570473363
-0.00097975,0.157618362960568
0.0086139,0.171271025394715
0.018697,0.184833826836724
0.029261,0.198247373109118
0.040294,0.2114535941927
0.05178,0.224394362156182
0.063707,0.237016389498958
0.076052,0.249263976000486
0.088797,0.261085073555381
0.10192,0.272429435668299
0.11539,0.283243392461941
0.12919,0.293482746733965
0.14329,0.303102963765533
0.15765,0.312053497701858
0.17224,0.320288163075879
0.18704,0.327773386456661
0.20199,0.334457557030053
0.21708,0.340313351764176
0.23225,0.345297258468842
0.24747,0.349376538881307
0.26269,0.352513690610953
0.27789,0.354691029450205
0.293,0.355870816821008
0.308,0.35603759237871
0.32283,0.355165140302887
0.33746,0.35324191031772
0.35183,0.350246734490037
0.36591,0.346173868244306
0.37965,0.341015778888917
0.39301,0.334771495560357
0.40594,0.327438355047007
0.41841,0.31902756180471
0.43036,0.309539368589811
0.44177,0.298995105023088
0.45259,0.287410651561635
0.46278,0.274804761470628
0.47231,0.26120566016225
0.48115,0.246648699722706
0.48925,0.231159462392282
0.4966,0.214784734944912
0.50316,0.197565122425772
0.50891,0.179550085396542
0.51383,0.160794999923771
0.51789,0.141351204423782
0.52108,0.121280229171721
0.52339,0.100650173097984
0.52479,0.0795177849125114
0.52529,0.0579586464703764
0.52487,0.0360392027870714
0.52353,0.0138313990878248
0.52128,-0.00858310098805735
0.5181,-0.0311393857004302
0.51402,-0.0537510688486232
0.50903,-0.0763466351352736
0.50314,-0.0988540065851681
0.49637,-0.121195554111844
0.48874,-0.143291639175924
0.48024,-0.165085738539149
0.47091,-0.186504964000158
0.46078,-0.207473058907626
0.44985,-0.227935762190807
0.43815,-0.247836336688517
0.42571,-0.267118116720062
0.41256,-0.285726560299431
0.39873,-0.30361085268945
0.38424,-0.320732505902675
0.36914,-0.337042390478134
0.35344,-0.352514268201517
0.33719,-0.367112054612416
0.32042,-0.380808057303768
0.30316,-0.393582650331725
0.28545,-0.405416398573518
0.26733,-0.416291082312773
0.24883,-0.426197866055957
0.22998,-0.435136227874182
0.21083,-0.443098069092476
0.1914,-0.450092054494358
0.17174,-0.456118392938544
0.15188,-0.461185682304745
0.13186,-0.465302047800982
0.11171,-0.468482777782128
0.091465,-0.470745170190406
0.071161,-0.472107256325362
0.050832,-0.472588938741062
0.030511,-0.472212088449633
0.010233,-0.470998322849308
-0.0099712,-0.46897177643097
-0.030068,-0.466156062379392
-0.050026,-0.462575507072572
-0.069814,-0.458254619719649
-0.089402,-0.453218374362591
-0.10876,-0.447491513423528
-0.12786,-0.441099448869855
-0.14667,-0.434064511607624
-0.16517,-0.426414822105308
-0.18333,-0.418175002265378
-0.20112,-0.409366158124347
-0.21852,-0.400013333345632
-0.23551,-0.390144007216677
-0.25206,-0.37977941431465
-0.26815,-0.368942486031725
-0.28375,-0.357649400368651
-0.29886,-0.345932523206734
-0.31344,-0.333806703053992
-0.32749,-0.321301718966521
-0.34098,-0.308436263814892
-0.35389,-0.29522683975704
-0.36622,-0.281702370327178
-0.37795,-0.267886075232318
-0.38907,-0.253803194722267
-0.39956,-0.239472359504849
-0.40942,-0.224920987902543
-0.41864,-0.210175278362489
-0.42721,-0.19525956968228
-0.43512,-0.180195863981692
-0.44238,-0.165018290648578
-0.44899,-0.149762265059611
-0.45493,-0.134448316012163
-0.46021,-0.119106398454646
-0.46484,-0.103773051875285
-0.46882,-0.0884815476172557
-0.47215,-0.0732614185709648
-0.47484,-0.0581455596767478
-0.47689,-0.0431610636429841
-0.47833,-0.0283515657905842
-0.47916,-0.0137504485819154
-0.47938,0.000618311683470259
-0.47902,0.0147170480458173
-0.47808,0.02852051924417
-0.47659,0.0419922623801607
-0.47455,0.0551102070704205
-0.47199,0.067842574553132
-0.46891,0.080173086679154
-0.46534,0.0920765074331564
-0.4613,0.103528744399231
-0.4568,0.114514953806995
-0.45186,0.125021045236392
-0.44651,0.13502681106511
-0.44076,0.144522724434174
-0.43464,0.153493611655945
-0.42816,0.161935218220527
-0.42134,0.169845083400251
-0.41421,0.177215130844944
-0.40679,0.184040615576044
-0.39908,0.190334635094137
-0.39113,0.196087584052359
-0.38294,0.201309003067445
-0.37454,0.20600162607824
-0.36594,0.210177612316007
-0.35716,0.21384918047614
-0.34823,0.217021042007425
-0.33915,0.219714059741839
-0.32996,0.22193211050806
-0.32066,0.223694967651711
-0.31128,0.225012601318131
-0.30182,0.225909084577222
-0.29231,0.226397103219309
-0.28276,0.226494669319872
-0.27318,0.226223643296383
-0.26359,0.22560103635574
-0.25401,0.224639502746198
-0.24444,0.223362624514804
-0.23489,0.221794754192187
-0.22539,0.21994540104681
-0.21594,0.217833989185696
-0.20655,0.2154799613421
-0.19723,0.212902196269934
-0.18799,0.210118542955863
-0.17884,0.207145461417143
-0.16978,0.204005157704986
-0.16083,0.20070899118452
-0.15199,0.19727395630856
-0.14326,0.19372102338403
-0.13465,0.190066303544658
-0.12616,0.186328839249986
-0.1178,0.182522007839367
-0.10957,0.178661526237694
-0.10146,0.174771840657374
-0.093472,0.17087478360671
-0.08561,0.166987890626928
-0.077868,0.163132019238352
-0.070239,0.159330743501814
-0.06272,0.155606096546137
-0.055301,0.151983309685781
-0.047975,0.148487147981277
-0.040729,0.145145620761077
-0.033554,0.141985486191089
-0.026436,0.13903531005399
-0.019362,0.136323438727367
-0.012316,0.133879322528884
-0.0052841,0.131730773709858
0.0017501,0.129905192552666
0.0088041,0.128429522623585
0.015893,0.127327630968484
0.023035,0.126622336981213
0.030245,0.126332335306823
0.037539,0.126473072275838
0.044936,0.127058939266001
0.052445,0.128095453278539
0.060086,0.129588717102645
0.067869,0.131537502000907
0.075805,0.133935199937101
0.083909,0.136773763904448
0.092187,0.140037320884504
0.10065,0.143707597014997
0.1093,0.147758015068438
0.11815,0.152163966081
0.1272,0.156893312020759
0.13645,0.161908566643936
0.14591,0.167176213418569
0.15556,0.172644558029947
0.16542,0.178278149297912
0.17547,0.184025966540685
0.1857,0.18983319450098
0.19612,0.195658234669274
0.20671,0.201449135086849
0.21745,0.207147078700266
0.22834,0.212704187076179
0.23937,0.218075436048283
0.2505,0.223197304403585
0.26174,0.22803023054765
0.27305,0.232518278468837
0.28442,0.236616247649755
0.29582,0.240274279635437
0.30724,0.243455179795811
0.31864,0.246111086687775
0.33001,0.24820933362514
0.34131,0.249708532500462
0.35253,0.250583911436018
0.36363,0.250802935521707
0.37458,0.250335444538739
0.38537,0.249169155665716
0.39596,0.247284721837433
0.40633,0.244672787226468
0.41644,0.241317876000286
0.42629,0.237229933686087
0.43582,0.232395119085159
0.44503,0.226825492565282
0.45388,0.220524411851153
0.46236,0.21351062765216
0.47043,0.205792903314472
0.47807,0.197386771090551
0.48527,0.188320439441871
0.49199,0.178609622551484
0.49821,0.168274523834758
0.50393,0.157353379601087
0.5091,0.14586111686663
0.51373,0.133837960771408
0.51777,0.121299172783545
0.52123,0.108283915765553
0.52407,0.0948126352489355
0.52628,0.0809123410944393
0.52784,0.06660720104936
0.52874,0.0519258110426634
0.52896,0.0368921312632749
0.52847,0.0215182804598156
0.52727,0.00582859853779836
0.52534,-0.0101582624043911
0.52267,-0.0264214405209369
0.51924,-0.0429463599425395
0.51504,-0.0597166319900329
0.51006,-0.0767149763671652
0.50428,-0.0939313853532058
0.4977,-0.111347331944455
0.49031,-0.128945449128864
0.4821,-0.146709902936499
0.47308,-0.164611862861992
0.46322,-0.182642505084188
0.45255,-0.200765139315162
0.44104,-0.218966100718985
0.42871,-0.237213818087713
0.41556,-0.255478068230914
0.40159,-0.273730666783271
0.38682,-0.291931191152871
0.37126,-0.310037982263442
0.35492,-0.328009655828292
0.33781,-0.34580633246195
0.31996,-0.363375813825327
0.30138,-0.380672355438408
0.28209,-0.397649459836742
0.26213,-0.414246710948076
0.24152,-0.430409117475746
0.22028,-0.446087791716968
0.19845,-0.461225574590179
0.17607,-0.475760470000905
0.15316,-0.489643344555754
0.12977,-0.502814904212367
0.10593,-0.515224399981433
0.081691,-0.526814172070668
0.057086,-0.537536232595486
0.032163,-0.547340987760581
0.006965,-0.556182996268554
-0.018459,-0.564017374777506
-0.044064,-0.570804289957373
-0.069796,-0.576502837867524
-0.095611,-0.581080193868137
-0.12146,-0.584507686585708
-0.14728,-0.586750868234586
-0.17303,-0.587788278096461
-0.19865,-0.587595900401733
-0.22409,-0.586156146478599
-0.2493,-0.583457520275237
-0.27422,-0.579486784480866
-0.29881,-0.574244864586964
-0.323,-0.567722303585242
-0.34676,-0.559931501051226
-0.37001,-0.550865544417273
-0.39273,-0.54054686238483
-0.41485,-0.528984299502037
-0.43632,-0.516190619161677
-0.45711,-0.502196475477516
-0.47716,-0.48702421247239
-0.49643,-0.47070391142397
-0.51488,-0.4532712970736
-0.53247,-0.434765877016775
-0.54915,-0.415221913176265
-0.56489,-0.394683430708068
-0.57967,-0.373208637245508
-0.59344,-0.350843506892637
-0.60618,-0.327645141045389
-0.61785,-0.303663286080634
-0.62844,-0.278962574545701
-0.63792,-0.253603052739219
-0.64628,-0.227654158207115
-0.65349,-0.201176119421899
-0.65955,-0.174242146655321
-0.66445,-0.146926364797125
-0.66817,-0.119294032456607
-0.67071,-0.0914160345712202
-0.67207,-0.0633655930668572
-0.67226,-0.035222928458548
-0.67127,-0.00705661945198521
-0.66912,0.0210541719438367
-0.66581,0.049039070710838
-0.66136,0.0768223132608575
-0.65579,0.104326278150291
-0.6491,0.131489193728661
-0.64133,0.158234650287074
-0.6325,0.184491797377597
-0.62263,0.21019669812225
-0.61176,0.235278470259764
-0.59991,0.259677891687684
-0.58713,0.283325123412518
-0.57345,0.30615901709764
-0.55891,0.328120269270199
-0.54356,0.349145865296936
-0.52742,0.369194286560158
-0.51056,0.388206108920984
-0.49301,0.40613927081612
-0.47483,0.422945269079472
-0.45606,0.438587120071256
-0.43676,0.453023944628252
-0.41697,0.466228222271557
-0.39674,0.478177155427245
-0.37614,0.48883817794818
-0.3552,0.498201881815189
-0.33398,0.506256170383941
-0.31254,0.512987666500931
-0.29093,0.518390243506444
-0.2692,0.52246429368206
-0.24739,0.525223346835848
-0.22557,0.526669453978864
-0.20378,0.526817983305069
-0.18207,0.525687641945848
-0.16049,0.523299715775421
-0.13909,0.51967735254537
-0.11792,0.514844897886687
-0.09702,0.508834689295177
-0.076432,0.501683418000113
-0.056201,0.493428311051379
-0.036366,0.484110657911511
-0.016965,0.473774811749381
0.0019667,0.462468526634222
0.020396,0.450242735001442
0.03829,0.437149769917329
0.055623,0.423247036240058
0.072362,0.408589076965541
0.088493,0.393240668246089
0.10399,0.37726414715732
0.11883,0.360720319612191
0.13301,0.343681767262531
0.1465,0.326208474444763
0.1593,0.308370631778986
0.17141,0.29024453154901
0.18281,0.271894283970535
0.19351,0.253394339875794
0.20351,0.234817762013583
0.21282,0.216241577938094
0.22143,0.197728772404021
0.22935,0.179343687449386
0.23661,0.161164376476231
0.24321,0.143255216728423
0.24917,0.125682148516003
0.25451,0.108510101391725
0.25925,0.0918009335030365
0.2634,0.0756044376783508
0.267,0.0599809753801128
0.27007,0.0449824628947748
0.27263,0.0306520544922336
0.27472,0.0170388978428283
0.27636,0.00418029029888528
0.27759,-0.00788280746585084
0.27843,-0.0191229440109777
0.27891,-0.0295174748440268
0.27908,-0.0390340178867973
0.27896,-0.0476559408823451
0.27858,-0.0553728990016327
0.27798,-0.0621730350012882
0.27719,-0.068051498724125
0.27624,-0.0730097121886412
0.27517,-0.0770471955083673
0.27401,-0.080169790185733
0.27278,-0.0823960967408242
0.27152,-0.0837401211898001
0.27024,-0.0842343569900177
0.26899,-0.0838961024970187
0.26778,-0.0827598364582049
0.26662,-0.0808732485977201
0.26556,-0.0782640844897382
0.26459,-0.0749878519930397
0.26375,-0.0710841558706105
0.26304,-0.0666084441771754
0.26248,-0.0616127640796655
0.26209,-0.0561450929116351
0.26186,-0.0502710485766291
0.26182,-0.0440391238945959
0.26196,-0.0375122381126159
0.2623,-0.030740979488225
0.26284,-0.0237793041760972
0.26358,-0.0166822735752902
0.26451,-0.00951157528613741
0.26565,-0.00231018944620773
0.26697,0.00485840748772889
0.26849,0.0119531598258729
0.27018,0.0189155011936582
0.27205,0.0257042106584227
0.27406,0.0322565031822751
0.27623,0.0385386006311608
0.27851,0.0444896053424128
0.28091,0.0500731277856078
0.28339,0.0552369124841876
0.28593,0.0599324918886488
0.28852,0.0641235357863731
0.29112,0.0677626973099164
0.2937,0.0708028212790361
0.29625,0.0732133698140603
0.29872,0.0749488657581858
0.30109,0.0759756174960527
0.30333,0.0762633676382861
0.30541,0.0757858761401277
0.30728,0.0745064870948408
0.30893,0.0724111330467029
0.31032,0.0694825790592395
0.3114,0.0656945314826576
0.31217,0.0610514825121983
0.31256,0.0555312678033743
0.31258,0.0491503868654732
0.31216,0.0418972928727433
0.3113,0.0337902754977483
0.30997,0.0248493568737654
0.30813,0.0150883722687094
0.30576,0.00453089570711565
0.30285,-0.00678460036584692
0.29936,-0.0188305805981978
0.29529,-0.0315592509055525
0.29062,-0.0449223503480436
0.28533,-0.0588723565576734
0.27942,-0.0733486914050561
0.27287,-0.0882965647356509
0.26568,-0.103652470539719
0.25784,-0.119354956190946
0.24936,-0.135331100173048
0.24024,-0.151508137592583
0.23048,-0.167815471433217
0.22008,-0.184186287307289
0.20906,-0.200544008280583
0.19744,-0.216806454256927
0.18523,-0.232896766635373
0.17244,-0.248744723349871
0.1591,-0.264272877445164
0.14523,-0.279407790374011
0.13086,-0.294074216914939
0.11602,-0.308197889846677
0.10074,-0.321707764375885
0.085059,-0.334531112299146
0.069006,-0.346603686518183
0.052622,-0.357861444267694
0.035947,-0.368243503641903
0.019021,-0.377693716563013
0.0018865,-0.386159976366489
-0.015414,-0.393595412084865
-0.032838,-0.399959219931201
-0.050339,-0.405214218701143
-0.067876,-0.409331808339367
-0.085403,-0.412287971908165
-0.10288,-0.414068060449757
-0.12025,-0.414653378965092
-0.13749,-0.414048179754268
-0.15454,-0.412248293225704
-0.17137,-0.40926559136046
-0.18794,-0.405117673584932
-0.20421,-0.399826773703572
-0.22013,-0.393411320633688
-0.23568,-0.385908776681605
-0.25082,-0.377356536400443
-0.26552,-0.367798683276665
-0.27974,-0.357276420008403
-0.29346,-0.345842570383377
-0.30666,-0.333558131968105
-0.31929,-0.32046705241597
-0.33135,-0.306635453655365
-0.34281,-0.292123459264534
-0.35366,-0.276999585460426
-0.36386,-0.261315089442373
-0.37343,-0.245150259908003
-0.38233,-0.228562184457688
-0.39056,-0.211617171533561
-0.39811,-0.194379615330401
-0.40498,-0.176917833973368
-0.41115,-0.159286449154035
-0.41663,-0.141549483611438
-0.42141,-0.123761725073924
-0.4255,-0.105983507981442
-0.42889,-0.0882628751198208
-0.4316,-0.070658480059487
-0.43362,-0.0532133787924544
-0.43496,-0.0359712752478745
-0.43563,-0.0189747913198525
-0.43565,-0.00227149701320795
-0.43502,0.0141035470983099
-0.43376,0.0301119584209728
-0.43189,0.0457141523505784
-0.42941,0.0608858707539974
-0.42636,0.0755867312330034
-0.42275,0.0897870594312313
-0.41859,0.103467043601622
-0.41392,0.116593611214086
-0.40876,0.12913909966766
-0.40312,0.141088757787372
-0.39703,0.1524242710991
-0.39052,0.163125356049605
-0.38362,0.173171075037784
-0.37635,0.182548296015725
-0.36873,0.191250906766685
-0.36079,0.199271596589319
-0.35256,0.206602641856244
-0.34407,0.213236528004909
-0.33535,0.219166426692564
-0.32642,0.224393944059094
-0.31731,0.228920343695002
-0.30804,0.232754259548054
-0.29865,0.23589551336176
-0.28915,0.23835925936153
-0.27958,0.240150652395789
-0.26995,0.24128904866054
-0.2603,0.241782744641956
-0.25063,0.241660658089402
-0.24098,0.240938140173388
-0.23137,0.239634124815591
-0.2218,0.237784831869817
-0.2123,0.235417372256137
-0.20288,0.232565666045633
-0.19355,0.229268274889033
-0.18433,0.225559116291266
-0.17523,0.221474861922889
-0.16625,0.21706080329438
-0.1574,0.212360544813011
-0.14869,0.207415110122581
-0.14012,0.202269654287368
-0.13168,0.19697874528046
-0.12338,0.191588169546638
-0.11521,0.186150051536407
-0.10718,0.180705261482021
-0.099266,0.175309443207239
-0.091469,0.170009954428069
-0.083777,0.164855582846631
-0.076182,0.15989174178595
-0.068669,0.155164803269832
-0.061226,0.150718153211853
-0.053836,0.14659499236328
-0.046483,0.142836148328821
-0.039151,0.139479102388019
-0.031823,0.136558020889932
-0.024476,0.13410755762898
-0.017093,0.132157027680427
-0.0096555,0.130731393850773
-0.0021396,0.129855057034891
0.0054742,0.12954768134099
0.013205,0.129823914904512
0.021073,0.130694408809743
0.029098,0.132165641101464
0.037296,0.134237379698047
0.045685,0.136905113921943
0.054282,0.140159922883505
0.063099,0.143985545262826
0.072151,0.148362145889671
0.08145,0.153265031575844
0.091006,0.158664510104749
0.10083,0.164528154729431
0.11092,0.17081237631333
0.12129,0.177477399898818
0.13194,0.184477085924944
0.14287,0.191761284491001
0.15408,0.199277871151761
0.16558,0.206981875837302
0.17734,0.21480571360197
0.18938,0.222702373110361
0.20167,0.230605769699548
0.21421,0.238458491801552
0.22699,0.246204387229117
0.23999,0.253782595556268
0.25319,0.261130283497526
0.26658,0.268192324921714
0.28013,0.274906746886848
0.29382,0.281215390700055
0.30762,0.287057635323829
0.32151,0.292380219501501
0.33546,0.297130199310797
0.34944,0.301256680695537
0.36342,0.304712177158374
0.37735,0.307438833873082
0.39122,0.309401978229848
0.40498,0.310557408051624
0.41859,0.31086226162997
0.43202,0.310283740170269
0.44522,0.308783694756543
0.45816,0.306335926533876
0.47079,0.302910233797933
0.48308,0.298489239685099
0.49497,0.293044633462306
0.50643,0.286562669271581
0.51741,0.279027348552069
0.52787,0.270429103443728
0.53776,0.260756819424334
0.54703,0.249998823419045
0.55566,0.238165867109965
0.56358,0.225249891050146
0.57077,0.211265215094991
0.57717,0.196214568051378
0.58274,0.180106363036791
0.58745,0.162961050160079
0.59125,0.144793720325535
0.59411,0.125629781559833
0.596,0.105502508925219
0.59687,0.0844360491264309
0.5967,0.0624689040076094
0.59545,0.0396354749959878
0.59311,0.015988249699863
0.58964,-0.00842919060834272
0.58504,-0.0335519545715254
0.57928,-0.0593218454717925
0.57234,-0.0856802129713903
0.56422,-0.112554853366062
0.55492,-0.139864624781185
0.54442,-0.167538226237393
0.53274,-0.195484749501785
0.51988,-0.223614868796711
0.50585,-0.251835729460136
0.49066,-0.280054366890515
0.47435,-0.308158319455236
0.45691,-0.336059719228896
0.4384,-0.363641489449183
0.41883,-0.390803535023512
0.39825,-0.417433006034042
0.37669,-0.443425087215022
0.35419,-0.468677399702735
0.33079,-0.493092869611351
0.30656,-0.516559748195556
0.28153,-0.53898768822765
0.25575,-0.560291927710038
0.22929,-0.580380432797276
0.2022,-0.599173319983764
0.17453,-0.6166034212567
0.14634,-0.632609036065057
0.1177,-0.647127952385601
0.088659,-0.660115563712885
0.059282,-0.671531647460463
0.029629,-0.681345119361817
-0.00023676,-0.689531514846337
-0.030254,-0.696074611054583
-0.060363,-0.700967197654726
-0.090501,-0.704208031635639
-0.12061,-0.705804961082702
-0.15062,-0.70576476972605
-0.18048,-0.704107901571844
-0.21014,-0.700866620242474
-0.23952,-0.696060246485177
-0.26859,-0.689734646763079
-0.29727,-0.681919360723295
-0.32552,-0.67265998172403
-0.35329,-0.662006803235951
-0.38052,-0.650005500062192
-0.40716,-0.636704469321672
-0.43317,-0.62216062280422
-0.4585,-0.606428997668052
-0.4831,-0.589561777113189
-0.50694,-0.571622316308143
-0.52997,-0.552666531179524
-0.55215,-0.532750233548298
-0.57345,-0.511934999835181
-0.59383,-0.490277924172838
-0.61325,-0.467830832776166
-0.63169,-0.444654541462266
-0.64912,-0.420807900048218
-0.6655,-0.396338985156664
-0.68082,-0.37130783213689
-0.69505,-0.345767445725019
-0.70816,-0.319763448116047
-0.72016,-0.293363548533173
-0.731,-0.266606751419495
-0.74069,-0.239551895077916
-0.7492,-0.212242279199812
-0.75654,-0.184736720864721
-0.76269,-0.157082399417813
-0.76765,-0.12933024296498
-0.77141,-0.101525029034282
-0.77397,-0.0737123491923799
-0.77533,-0.0459367979414692
-0.7755,-0.0182479339463151
-0.77447,0.00931723489691254
-0.77226,0.0367110685484985
-0.76887,0.0638938667523189
-0.76432,0.0908190448658224
-0.7586,0.117458349176036
-0.75173,0.143777334602646
-0.74373,0.16973794670191
-0.73462,0.195300680521449
-0.72439,0.220448544808167
-0.71308,0.24514663009997
-0.70071,0.26936174573801
-0.68728,0.293078187273354
-0.67283,0.316265617518696
-0.65737,0.338905319753573
-0.64094,0.360966663626468
-0.62354,0.382440210841558
-0.60522,0.403297275998272
-0.58599,0.423524384920824
-0.56589,0.443098865476723
-0.54494,0.462006385564164
-0.52318,0.480225274345849
-0.50063,0.497743650447095
-0.47733,0.514543379006245
-0.45332,0.530602083610013
-0.42863,0.545902257879043
-0.40329,0.560431082886782
-0.37735,0.574165362237265
-0.35085,0.58708182283226
-0.32383,0.599158011889243
-0.29632,0.610380396039232
-0.26838,0.620721073613435
-0.24005,0.630156348200639
-0.21138,0.63865939367057
-0.18242,0.646201820667748
-0.1532,0.652769774539687
-0.1238,0.658324765234922
-0.094259,0.662840031308261
-0.064629,0.666289604264739
-0.034968,0.668644663595312
-0.0053312,0.669877181585752
0.024225,0.669959883555007
0.053646,0.66886841960238
0.082872,0.666577865862781
0.11185,0.66306879734494
0.14051,0.658314437530489
0.16882,0.652311171321261
0.1967,0.645038935719249
0.22411,0.636494802970297
0.251,0.626682617180945
0.2773,0.615597068224041
0.30297,0.603248053924014
0.32797,0.589657723452351
0.35224,0.574842977599847
0.37573,0.558823660893603
0.39841,0.541636456611739
0.42023,0.523316047894881
0.44116,0.503909544484011
0.46116,0.483465567949957
0.4802,0.462040174818533
0.49824,0.439686605678695
0.51527,0.416476641839394
0.53125,0.392472924967733
0.54616,0.367743820710954
0.55998,0.34236040964029
0.5727,0.316401350395481
0.5843,0.28994177138994
0.59477,0.263059157602135
0.60411,0.235837991873202
0.61231,0.208358485956574
0.61935,0.180687563885804
0.62525,0.152908874367571
0.63001,0.125102144618896
0.63363,0.0973414086579058
0.63611,0.0696936877368949
0.63747,0.042232870438079
0.63772,0.0150285156659796
0.63688,-0.0118482832548443
0.63496,-0.038335023837533
0.63199,-0.0643635612641834
0.62798,-0.0898783807432893
0.62296,-0.114821425247795
0.61695,-0.139142131025954
0.61,-0.162775736232558
0.60213,-0.185670537702331
0.59337,-0.207779939995368
0.58376,-0.229055923767351
0.57334,-0.249451208388421
0.56216,-0.268913569583289
0.55024,-0.28741096708971
0.53764,-0.304899503017355
0.5244,-0.321342272383962
0.51057,-0.3367021712138
0.49619,-0.350950891221965
0.48132,-0.364053743045881
0.466,-0.375987160203907
0.4503,-0.386715522590757
0.43425,-0.396224547569762
0.41792,-0.404488469851883
0.40135,-0.411495646660309
0.38458,-0.417246625856425
0.36769,-0.421722675488072
0.35071,-0.424927451561151
0.33369,-0.426868208681266
0.31668,-0.427555342108104
0.29972,-0.427009303983906
0.28286,-0.425251096479652
0.26614,-0.422309354782881
0.24961,-0.418211029023222
0.23328,-0.413010866044502
0.21721,-0.406747856295527
0.20142,-0.39947706045832
0.18595,-0.391250418125966
0.17081,-0.382138302893855
0.15603,-0.372209395820411
0.14163,-0.361536650087991
0.12764,-0.350187138221063
0.11405,-0.338250951950716
0.10089,-0.32580468763863
0.088164,-0.312931129649723
0.075869,-0.299720847585217
0.064013,-0.286259928055599
0.052592,-0.272637165377171
0.041601,-0.258941603290745
0.031033,-0.245261244352857
0.020876,-0.231684213422146
0.011121,-0.218293735437597
0.0017485,-0.205174161669412
-0.0072569,-0.1924049662236
-0.015914,-0.180061550835192
-0.024244,-0.1682152309947
-0.032271,-0.156933678179334
-0.040017,-0.146277654696704
-0.047505,-0.136300838436328
-0.054763,-0.127052812842297
-0.061816,-0.118575662514001
-0.06869,-0.11090438268652
-0.075413,-0.104068136897505
-0.082008,-0.0980862542785849
-0.088504,-0.0929734077381197
-0.094924,-0.0887350521088875
-0.10129,-0.0853677075717368
-0.10764,-0.0828720218093806
-0.11398,-0.0812277252471312
-0.12034,-0.0804154366266347
-0.12673,-0.0804017059777151
-0.13319,-0.0811643513443764
-0.13971,-0.0826534662784646
-0.14632,-0.0848273175325115
-0.15303,-0.0876367355889893
-0.15985,-0.0910275761367383
-0.16678,-0.0949354829723739
-0.17385,-0.099311568565615
-0.18104,-0.104083600621304
-0.18836,-0.109184539544742
-0.19581,-0.114545865280162
-0.20339,-0.120099691643843
-0.2111,-0.125780505377463
-0.21892,-0.131511760493628
-0.22686,-0.137232381259588
-0.2349,-0.14287339172083
-0.24302,-0.148361511677984
-0.25123,-0.153644386609522
-0.2595,-0.158658650786388
-0.26782,-0.163348878404955
-0.27618,-0.167667881122186
-0.28454,-0.17155456972775
-0.29291,-0.174975652926272
-0.30124,-0.177877185726036
-0.30954,-0.180234819058221
-0.31776,-0.182004785062036
-0.3259,-0.183166256768961
-0.33392,-0.18368832548159
-0.34181,-0.183555418729388
-0.34953,-0.182743001735555
-0.35708,-0.181249990807613
-0.36442,-0.179065092393818
-0.37153,-0.176184298049416
-0.37839,-0.172609979452762
-0.38498,-0.168349979040164
-0.39127,-0.163409316922374
-0.39725,-0.157805741383673
-0.40289,-0.151552323441311
-0.40817,-0.144665709333651
-0.41308,-0.137172648644199
-0.41759,-0.129092780981595
-0.42169,-0.120454498940221
-0.42536,-0.111285286936944
-0.42858,-0.101611325388935
-0.43133,-0.0914571710198268
-0.43362,-0.080867704034183
-0.43541,-0.0698661014988099
-0.43669,-0.0584796600514433
-0.43746,-0.046745675882761
-0.4377,-0.0346937228010446
-0.43741,-0.0223611305150525
-0.43657,-0.0097756496279191
-0.43519,0.00302131205305517
-0.43324,0.01600810874316
-0.43074,0.0291427355050432
-0.42767,0.0423975995512177
-0.42404,0.0557354112969242
-0.41984,0.0691270037188651
-0.41508,0.0825359114381053
-0.40976,0.0959283318221645
-0.40388,0.109273699237433
-0.39745,0.122537682801739
-0.39047,0.135691442261102
-0.38296,0.148696765431789
-0.37492,0.161523922824288
-0.36637,0.174136261735121
-0.35731,0.186507563775479
-0.34775,0.198613586931152
-0.33772,0.210417808629048
-0.32723,0.221889831563179
-0.31629,0.233005271255724
-0.30492,0.24373812557297
-0.29314,0.254062064507236
-0.28096,0.263958873863848
-0.2684,0.273410262236465
-0.25549,0.282391257043993
-0.24224,0.290887234471133
-0.22867,0.298885188727053
-0.21479,0.306381448159834
-0.20064,0.313358060237965
-0.18622,0.319815886969324
-0.17156,0.325749011174253
-0.15667,0.331161258764242
-0.14158,0.336049662715837
-0.12631,0.340413483283625
-0.11087,0.344261404215105
-0.095282,0.347600809638675
-0.079571,0.350435815908852
-0.063752,0.352775363239996
-0.047848,0.354626283500419
-0.031878,0.355996627713594
-0.015863,0.356893862000318
0.00017904,0.35732714217093
0.016225,0.357303024497728
0.032259,0.356831233736202
0.048259,0.355919307299876
0.064207,0.354575868146307
0.080082,0.352808015925637
0.09587,0.35062665067919
0.11155,0.348040302787078
0.1271,0.345054649293148
0.14252,0.341689200806687
0.15778,0.33795193052866
0.17286,0.333848696809884
0.18775,0.329390876657345
0.20244,0.324593978663036
0.21691,0.319469020342504
0.23114,0.314023079712026
0.24513,0.308274624509838
0.25885,0.302228589245088
0.27231,0.29590840580223
0.28547,0.289314769020431
0.29835,0.28247434259042
0.31091,0.275389583484964
0.32316,0.268080280900379
0.33508,0.260557409268365
0.34666,0.252831866379205
0.35789,0.244914111620788
0.36877,0.236821281394946
0.37928,0.22856056228325
0.38941,0.22013822856959
0.39916,0.211566944334556
0.40851,0.202849298288423
0.41746,0.193994376954188
0.42599,0.18500136810104
0.4341,0.175876188025608
0.44177,0.166615125706662
0.44899,0.157214100550642
0.45575,0.147668739411157
0.46205,0.137981854405162
0.46785,0.128132310998406
0.47317,0.118124519397241
0.47798,0.107946318638712
0.48227,0.0975872470638848
0.48604,0.0870458308416469
0.48926,0.0763056561619539
0.49192,0.0653534543204951
0.49402,0.0541862078997427
0.49555,0.0428018421542878
0.49649,0.0311917081246185
0.49684,0.0193568831936975
0.49658,0.00729147756310703
0.4957,-0.00500844900445361
0.4942,-0.0175377496717924
0.49207,-0.0302914563028131
0.48931,-0.0432574472453163
0.48591,-0.0564255176792228
0.48186,-0.0697872517908471
0.47716,-0.0833284882258786
0.47182,-0.0970233985509459
0.46584,-0.110844808548534
0.45921,-0.124772564409448
0.45194,-0.138777928049277
0.44404,-0.152826027908815
0.43552,-0.166878001231938
0.42638,-0.180900238542498
0.41665,-0.194842135825693
0.40633,-0.20866299735141
0.39544,-0.222316504970075
0.384,-0.235753166043279
0.37203,-0.248922387596854
0.35956,-0.261766802409076
0.34661,-0.274232685931468
0.3332,-0.286270889674626
0.31937,-0.297822711416576
0.30514,-0.308838358640236
0.29055,-0.319262036056557
0.27562,-0.32904969036027
0.2604,-0.338146046730119
0.24491,-0.346510784253794
0.22919,-0.354102281380011
0.21328,-0.360879356788153
0.19721,-0.366810062535729
0.18102,-0.371863749156991
0.16474,-0.376019434899492
0.1484,-0.379264907370956
0.13206,-0.381573579087232
0.11573,-0.382945358928574
0.099453,-0.383377514510228
0.083262,-0.382873052197176
0.067191,-0.381439162250067
0.051269,-0.379090274447594
0.035523,-0.375848092706069
0.019987,-0.371734752791024
0.0046838,-0.366780725901607
-0.010359,-0.361019107215435
-0.025117,-0.354486828673897
-0.03957,-0.347226240476229
-0.053694,-0.339280292542572
-0.067475,-0.330698804291553
-0.080887,-0.32152702990081
-0.093923,-0.311819448851368
-0.10656,-0.301624717391814
-0.11879,-0.290996581029556
-0.13061,-0.279995106134278
-0.142,-0.268671206082916
-0.15295,-0.257074335594677
-0.16346,-0.245258693019685
-0.17353,-0.233280676866808
-0.18314,-0.221181960234721
-0.19231,-0.209020576679372
-0.20102,-0.196836361369117
-0.20929,-0.1846827186071
-0.21711,-0.172600081912162
-0.22448,-0.160624427401291
-0.23141,-0.148794230766771
-0.23792,-0.137156007696876
-0.244,-0.125738985317617
-0.24966,-0.11457210208876
-0.25491,-0.103682914225182
-0.25976,-0.093096754201216
-0.26423,-0.0828435115173945
-0.26832,-0.0729407971738202
-0.27204,-0.0634028802528003
-0.27541,-0.0542479796681589
-0.27844,-0.0454892613257368
-0.28113,-0.0371277220373197
-0.28351,-0.0291763607219555
-0.28559,-0.0216423889427946
-0.28738,-0.0145278540198342
-0.28889,-0.00783028271219485
-0.29013,-0.00154332952001037
-0.29113,0.00432778804212756
-0.29189,0.00979110362863223
-0.29242,0.0148579595624773
-0.29274,0.0195348962013481
-0.29286,0.0238320069992766
-0.29279,0.0277621635961678
-0.29255,0.031332905490352
-0.29214,0.0345622096137877
-0.29158,0.0374613294576164
-0.29087,0.0400507060497974
-0.29003,0.0423429505314816
-0.28907,0.0443514999025355
-0.288,0.0460901547441736
-0.28683,0.0475726839086089
-0.28557,0.0488124933743423
-0.28422,0.0498297538698745
-0.2828,0.0506347718326625
-0.28132,0.051237013812346
-0.27978,0.0516523875716675
-0.2782,0.0518867506573386
-0.27658,0.0519524542559858
-0.27493,0.0518593141558423
-0.27326,0.0516147925067207
-0.27158,0.0512241972408056
-0.26989,0.0506982914730468
-0.26819,0.0500518923546422
-0.26649,0.0492952425350805
-0.2648,0.0484345624179657
-0.26312,0.0474799870667203
-0.26144,0.0464518642285326
-0.25977,0.0453633826325651
-0.25811,0.0442289377969711
-0.25646,0.0430634371476499
-0.25482,0.0418817227939909
-0.25318,0.0407055009713564
-0.25154,0.0395539554567079
-0.24989,0.0384510347521012
-0.24823,0.037416401323703
-0.24655,0.0364730310399377
-0.24484,0.0356458479475808
-0.24309,0.0349605684018506
-0.24129,0.0344427405359038
-0.23942,0.0341243623261044
-0.23747,0.0340342495417105
-0.23544,0.0341903410214598
-0.2333,0.0346233461247148
-0.23105,0.0353510909965936
-0.22866,0.0364025475804301
-0.22612,0.0377999254024219
-0.22342,0.0395592002927288
-0.22054,0.0416980861997774
-0.21746,0.0442350182965136
-0.21417,0.0471809203016263
-0.21066,0.0505401550799587
-0.20691,0.054318854405245
-0.2029,0.0585241994497664
-0.19862,0.0631564287921845
-0.19407,0.068202579179438
-0.18922,0.073661370865335
-0.18406,0.0795260011590752
-0.17859,0.0857778330847905
-0.1728,0.0923964122312019
-0.16667,0.0993676043417506
-0.16021,0.106660430596887
-0.1534,0.114253227638043
-0.14624,0.122117532104013
-0.13872,0.130227483886428
-0.13085,0.138545168451043
-0.12262,0.14703871920588
-0.11403,0.155674587166914
-0.10507,0.164426176972276
-0.095766,0.17324662645452
-0.086101,0.182105836292742
-0.076083,0.190969611531138
-0.065718,0.199802953831095
-0.055009,0.208573490078035
-0.043966,0.217246789596745
-0.032592,0.225793014064275
-0.020897,0.234181819245796
-0.0088924,0.242382414023923
0.003415,0.250368066779377
0.016011,0.258110767598103
0.028882,0.265582883658315
0.042018,0.272760707973672
0.0554,0.279617905435039
0.069013,0.286129916558611
0.082841,0.292273764871843
0.096864,0.298025645318128
0.11106,0.303360481420382
0.12542,0.308262696853818
0.13991,0.312706549173614
0.15452,0.316676781375985
0.16922,0.320152450217393
0.18399,0.32311622750447
0.19881,0.325554403374426
0.21365,0.327449398714959
0.22848,0.328781219129635
0.24329,0.329543476564777
0.25805,0.32972636943622
0.27273,0.329317841573086
0.28731,0.328311958363369
0.30176,0.326700701230636
0.31606,0.32448219429914
0.33017,0.321644977484276
0.34409,0.318199947385774
0.35777,0.314138952195572
0.3712,0.30946846643597
0.38434,0.30418456381072
0.39716,0.298282588048954
0.40965,0.291772348875862
0.42177,0.284653013326982
0.4335,0.276930114080024
0.44481,0.268606890120142
0.45568,0.259692151713697
0.46607,0.250184275008765
0.47596,0.240088142594924
0.48533,0.229413828400546
0.49415,0.218168005659423
0.50239,0.206354494219744
0.51005,0.193996954753454
0.51709,0.181104892381609
0.52348,0.167683587623771
0.52922,0.153756982345046
0.53428,0.139341265878491
0.53864,0.124453361976412
0.54229,0.109117732459462
0.54521,0.0933568652676839
0.54738,0.0771910414996103
0.54879,0.0606455834871885
0.54942,0.0437417612759917
0.54928,0.0265191436460981
0.54833,0.00899395946882312
0.54658,-0.00879991669155327
0.54402,-0.0268301757505716
0.54064,-0.0450667305313428
0.53643,-0.0634822078343442
0.53139,-0.0820448948617007
0.52551,-0.100727970178547
0.5188,-0.119494638462964
0.51126,-0.138308602661947
0.50288,-0.157142501710664
0.49366,-0.175969708518115
0.48363,-0.19474291671504
0.47276,-0.213443983164387
0.46109,-0.232027209917783
0.44861,-0.250463106625679
0.43534,-0.268714076507795
0.42129,-0.286744628678923
0.40647,-0.304522164344775
0.3909,-0.322010150552738
0.37461,-0.339162723243412
0.35761,-0.355942769080542
0.33992,-0.372314097622866
0.32157,-0.388235122663884
0.30258,-0.40366870610881
0.28298,-0.418575192006086
0.26281,-0.432906863252932
0.24207,-0.446640670092956
0.22082,-0.459730024187076
0.19909,-0.472133120329877
0.17689,-0.483828242955784
0.15428,-0.494773828484051
0.13129,-0.504935956123629
0.10794,-0.514295512809018
0.084292,-0.522815135633252
0.060367,-0.530474421770533
0.036208,-0.537251269398019
0.011854,-0.54312611592744
-0.012657,-0.548083060743152
-0.037284,-0.552107710510045
-0.061989,-0.555189832687577
-0.086731,-0.557320938864212
-0.11147,-0.558495238705933
-0.13617,-0.558712544979171
-0.16079,-0.557973800684185
-0.18528,-0.556274467992446
-0.20961,-0.553620769124022
-0.23374,-0.550020295627132
-0.25763,-0.545481786981417
-0.28124,-0.540014900815644
-0.30454,-0.533637380662933
-0.32747,-0.526351018258036
-0.35001,-0.518174439664751
-0.37212,-0.509124701361824
-0.39377,-0.49922467584983
-0.41491,-0.488486641713051
-0.43551,-0.476928890349395
-0.45554,-0.46457414305261
-0.47496,-0.451440752044865
-0.49374,-0.437550494376104
-0.51184,-0.422919953044364
-0.52925,-0.407583275683991
-0.54592,-0.391558279133933
-0.56183,-0.374871306999695
-0.57696,-0.357554836564506
-0.59126,-0.339623191790077
-0.60473,-0.321112586056863
-0.61733,-0.302046253407693
-0.62905,-0.282458445448117
-0.63986,-0.262376489474571
-0.64974,-0.241828682109568
-0.65867,-0.220843212873946
-0.66663,-0.199447288337794
-0.67362,-0.177681236046792
-0.6796,-0.155565148076346
-0.68457,-0.133131672054894
-0.68852,-0.110415123630499
-0.69142,-0.0874352687274892
-0.69327,-0.0642215926075366
-0.69406,-0.0408030183913452
-0.69377,-0.0171996338665271
-0.69241,0.00655417145424203
-0.68996,0.0304358055861395
-0.68641,0.0544256253751223
-0.68177,0.0784923407882765
-0.67602,0.102618529217386
-0.66918,0.126769068126829
-0.66124,0.150917922262249
-0.65221,0.17503251631745
-0.64208,0.199090902504068
-0.63088,0.223050948130018
-0.6186,0.246885191944399
-0.60526,0.270556789078181
-0.59087,0.294029960180855
-0.57546,0.317256196080491
-0.55903,0.340200454652361
-0.5416,0.362824961018364
-0.5232,0.385083631853913
-0.50386,0.406925191755156
-0.48359,0.428310619275457
-0.46244,0.449182530511593
-0.44043,0.469492759907399
-0.41759,0.489194778507619
-0.39395,0.508244959562186
-0.36957,0.526581343397268
-0.34447,0.544158772660152
-0.3187,0.560925017293162
-0.29231,0.576823919156668
-0.26533,0.591812827292563
-0.23782,0.605839336689474
-0.20982,0.618859783311924
-0.18139,0.630824344673305
-0.15258,0.641687385668396
-0.12343,0.651415695723324
-0.09401,0.659965232342988
-0.064366,0.667302594781672
-0.034555,0.673396167763254
-0.0046333,0.678217593746785
0.025342,0.681741760519683
0.055312,0.683945961065504
0.085222,0.684813583643194
0.11501,0.684328413049018
0.14462,0.682479851406173
0.17399,0.679258090196136
0.20307,0.674663497081036
0.23179,0.668690233622991
0.2601,0.661342775192797
0.28794,0.652626749167289
0.31525,0.642548897468693
0.34198,0.631124388760907
0.36807,0.618367679550385
0.39347,0.604299934510655
0.41812,0.588940013362493
0.44197,0.572312029971979
0.46499,0.554458680944803
0.48711,0.535407109338243
0.50829,0.515193529541396
0.52849,0.493860614429474
0.54767,0.471455199471828
0.56579,0.448026294033737
0.58282,0.423630785093955
0.59872,0.39832300454615
0.61346,0.372161141719829
0.62702,0.345212275742262
0.63936,0.317533979991955
0.65046,0.289189285491034
0.66032,0.260258566397296
0.6689,0.230804268889389
0.67619,0.200894678204817
0.68218,0.170600694022292
0.68686,0.139993138672252
0.69023,0.10914795733626
0.69228,0.078135456195305
0.69301,0.0470265360189766
0.69241,0.0158828767493196
0.69051,-0.0152137771857871
0.68729,-0.0462051139522457
0.68277,-0.0770241644402355
0.67696,-0.107606666941588
0.66988,-0.137885371733812
0.66154,-0.16780033368788
0.65195,-0.197299639137485
0.64116,-0.226310210062889
0.62916,-0.254788781867492
0.61601,-0.282666077466525
0.60171,-0.309898642456312
0.58631,-0.336428598165239
0.56984,-0.36220335422976
0.55233,-0.387176561396521
0.53383,-0.411293929323902
0.51436,-0.434518979597121
0.49398,-0.456801567441597
0.47272,-0.478104632221161
0.45062,-0.498395828106306
0.42774,-0.517633257568363
0.40412,-0.535783787314433
0.37981,-0.552815383991087
0.35485,-0.568705696240308
0.32931,-0.583419124144712
0.30321,-0.596947834541866
0.27663,-0.609262731576945
0.24961,-0.620348433405223
0.2222,-0.630194104662182
0.19447,-0.638778542022859
0.16645,-0.646102775843856
0.13821,-0.652156587430423
0.10981,-0.656928773085441
0.081298,-0.660416891206146
0.052728,-0.66262156425382
0.024159,-0.663542530091547
-0.0043545,-0.663182484721204
-0.032757,-0.661546012234481
-0.06099,-0.65863717273342
-0.089003,-0.65446568531884
-0.11674,-0.649041760350056
-0.14414,-0.642372269548844
-0.17117,-0.634482131101058
-0.19775,-0.625375589544597
-0.22385,-0.615077259962878
-0.24942,-0.603612888436606
-0.2744,-0.591001197963482
-0.29875,-0.577269655442192
-0.32242,-0.562444741685684
-0.34537,-0.546558907795455
-0.36756,-0.529648609614127
-0.38894,-0.511745201193957
-0.40948,-0.492889888195526
-0.42914,-0.473123313984904
-0.44787,-0.452477155947232
-0.46566,-0.431004536581896
-0.48246,-0.408744792980115
-0.49825,-0.385747188916935
-0.51299,-0.362052758716116
-0.52667,-0.337716846617958
-0.53926,-0.312789902566949
-0.55073,-0.287316900639942
-0.56108,-0.261359172894585
-0.57027,-0.234959793151441
-0.57831,-0.208182693162841
-0.58517,-0.181077064092934
-0.59086,-0.153708199422965
-0.59535,-0.126122744333298
-0.59865,-0.0983803177150002
-0.60076,-0.0705416642421794
-0.60167,-0.0426590657472302
-0.60139,-0.0147909980205954
-0.59992,0.0130084207726914
-0.59728,0.0406756434125519
-0.59347,0.0681564218321203
-0.5885,0.0953984885292328
-0.58239,0.122345623766432
-0.57516,0.148940377468744
-0.56682,0.175133698175052
-0.5574,0.200870299909269
-0.54693,0.226091826180289
-0.53542,0.250754275081893
-0.5229,0.274812102003404
-0.50942,0.298205450239156
-0.49499,0.320894598847427
-0.47965,0.342835441006448
-0.46345,0.363974630157348
-0.44641,0.384275482285467
-0.42859,0.403686650580694
-0.41001,0.422176426956439
-0.39072,0.439708107242693
-0.37077,0.456242452700232
-0.3502,0.471747121908038
-0.32905,0.486196695089253
-0.30738,0.499557718040143
-0.28523,0.511806426430696
-0.26265,0.522920581566361
-0.23969,0.532880239532406
-0.2164,0.541668297422666
-0.19282,0.549278244109838
-0.16901,0.555697932028195
-0.14502,0.560918810735636
-0.12089,0.564943254660877
-0.096676,0.567770942471181
-0.072427,0.569404937800898
-0.048189,0.569853518373681
-0.024008,0.569129275836
6.7765e-05,0.567246602562042
0.023996,0.56422563975869
0.047734,0.560090588432985
0.071235,0.55486551605013
0.094462,0.548581174591421
0.11737,0.541267153581358
0.13993,0.532963307260882
0.1621,0.523707221087631
0.18384,0.513535229974604
0.20512,0.502489151341389
0.22591,0.490614144951498
0.24618,0.477956874224713
0.26589,0.46455655598572
0.28503,0.450467490953152
0.30356,0.435732430045025
0.32147,0.420405757029889
0.33872,0.404527464444285
0.35531,0.388154298124103
0.37121,0.371332629714993
0.3864,0.35410642285619
0.40087,0.336523687065699
0.41461,0.31863416366324
0.42761,0.300487402285524
0.43985,0.282123799963609
0.45133,0.263589783175388
0.46204,0.244927686760259
0.47198,0.226182486215183
0.48114,0.207392351639352
0.48951,0.188588593818304
0.4971,0.169810580078794
0.50391,0.151095361299952
0.50992,0.132461972900884
0.51515,0.113943614714384
0.51958,0.0955540541379184
0.52324,0.0773276242387604
0.52611,0.0592769758464951
0.5282,0.0414187627454627
0.52951,0.023764655719191
0.53004,0.00632163869676678
0.52981,-0.0108928258151668
0.5288,-0.0278832048513583
0.52704,-0.0446348712637014
0.52452,-0.0611480822657686
0.52124,-0.0774279828396993
0.51722,-0.0934690170883842
0.51246,-0.109272200024774
0.50697,-0.1248366597903
0.50074,-0.140175047775086
0.4938,-0.15528121763565
0.48614,-0.170163808895086
0.47778,-0.184821140228108
0.46871,-0.199265608170891
0.45896,-0.213491198965247
0.44852,-0.227506933197153
0.43742,-0.241304247375266
0.42565,-0.254890318763579
0.41323,-0.268262735411757
0.40017,-0.281418907928434
0.38649,-0.294348852521863
0.3722,-0.3070443502012
0.35731,-0.319498885336364
0.34184,-0.331700158589859
0.32581,-0.343631595240964
0.30923,-0.355281066366275
0.29214,-0.366618221161237
0.27455,-0.377621065396916
0.25648,-0.388267591472087
0.23797,-0.398521652048477
0.21903,-0.408358926682016
0.1997,-0.417743181570161
0.18,-0.426644440289948
0.15997,-0.43502389384713
0.13964,-0.442844169852745
0.11904,-0.450070190091971
0.098207,-0.456664644985396
0.077176,-0.462591075810262
0.05598,-0.467816351695656
0.034657,-0.472307418888772
0.013243,-0.476033869236091
-0.0082258,-0.478968325790094
-0.029711,-0.481085206132126
-0.051178,-0.482364124358501
-0.072589,-0.482787327042126
-0.093905,-0.482339040104197
-0.11509,-0.481007995694931
-0.13611,-0.478788610523462
-0.15693,-0.47567956653126
-0.17752,-0.471686987759566
-0.19783,-0.46680830489297
-0.21784,-0.461056437329667
-0.23751,-0.454441887782529
-0.25681,-0.44698054791423
-0.27571,-0.438692432193579
-0.29419,-0.429607929827152
-0.31221,-0.419750365761835
-0.32975,-0.409151683597286
-0.34678,-0.3978426452165
-0.36329,-0.385867128119599
-0.37924,-0.373256302049696
-0.39461,-0.360045091001468
-0.40939,-0.346277915943542
-0.42356,-0.331998267180711
-0.4371,-0.317247693943244
-0.45,-0.302072405198669
-0.46224,-0.286513650152066
-0.4738,-0.270607460760954
-0.48469,-0.254406742441215
-0.49487,-0.23793945588691
-0.50436,-0.221256892254546
-0.51313,-0.204390601692014
-0.52119,-0.18738474161235
-0.52852,-0.170270029554202
-0.53512,-0.153080065463274
-0.54099,-0.135849606669329
-0.54611,-0.118598348886603
-0.55051,-0.101370008944359
-0.55416,-0.0841818469748419
-0.55707,-0.0670586218652161
-0.55924,-0.0500227744972816
-0.56067,-0.0330939796364471
-0.56137,-0.0162962549668069
-0.56134,0.000351207811223497
-0.56057,0.0168413073939961
-0.55909,0.0331475935997327
-0.55688,0.0492659817144513
-0.55397,0.0651738253425013
-0.55035,0.0808639697177245
-0.54605,0.0963126150323733
-0.54105,0.111520406654242
-0.53539,0.12646355708475
-0.52906,0.141136432426282
-0.52209,0.155518828654498
-0.51448,0.169601743764049
-0.50626,0.183363473243189
-0.49743,0.196795045165267
-0.48802,0.209876009420815
-0.47804,0.222592199089597
-0.46752,0.234920291292006
-0.45646,0.246852581575887
-0.44489,0.258372173657144
-0.43282,0.269470202188996
-0.42029,0.280122516854296
-0.4073,0.290323053591315
-0.39388,0.300058491413634
-0.38005,0.309317600652539
-0.36582,0.318098717214705
-0.35123,0.326385933348497
-0.33628,0.334182041233626
-0.321,0.341482824786702
-0.30541,0.348286101974367
-0.28953,0.354591550220056
-0.27338,0.360400510669116
-0.25698,0.365715779155672
-0.24035,0.3705413907647
-0.22349,0.374897200118857
-0.20644,0.378785839635308
-0.18921,0.382218287135237
-0.17182,0.385204652670906
-0.15428,0.387761560686233
-0.13661,0.389903127572437
-0.11882,0.391648533850939
-0.10093,0.39301318836735
-0.082953,0.394014261920445
-0.064897,0.394673607346865
-0.04678,0.395008886364891
-0.028612,0.395039823996458
-0.010405,0.394785784618548
0.0078266,0.394263519129134
0.026071,0.393489100565506
0.044314,0.392475791164008
0.062546,0.3912375635486
0.08075,0.389783036953125
0.098914,0.388119892157351
0.11702,0.386250312054737
0.13507,0.384186679110112
0.15302,0.381915149206336
0.17088,0.379440928454671
0.18862,0.376754753352201
0.20623,0.373850637418457
0.2237,0.370725302274252
0.24099,0.367355471014844
0.25811,0.363739257986113
0.27502,0.359855028127543
0.29172,0.355695330500198
0.30819,0.351249515770843
0.32441,0.346504619064062
0.34036,0.341446136544337
0.35602,0.336058699144943
0.37139,0.330341444014619
0.38644,0.32428306420745
0.40115,0.317871558357236
0.41552,0.311109504059799
0.42951,0.303981624388973
0.44312,0.29648827855035
0.45633,0.288627675921661
0.46911,0.280388998357018
0.48146,0.271776669280384
0.49334,0.262777748823427
0.50476,0.253402670814447
0.51568,0.243643510897146
0.52608,0.233492595932822
0.53596,0.222957487703079
0.5453,0.212043092517383
0.55406,0.200737307410896
0.56225,0.189051650518655
0.56983,0.176979437861141
0.57679,0.164521713741551
0.58313,0.151693153382922
0.58881,0.138489493384567
0.59383,0.124920929708469
0.59816,0.110986879837825
0.6018,0.0967002969441754
0.60472,0.0820625345275571
0.60692,0.0670877611266538
0.60837,0.0517779224171664
0.60908,0.0361546473733516
0.60901,0.0202178835517987
0.60817,0.00398707203029662
0.60654,-0.0125253473982772
0.60411,-0.0293055263388438
0.60088,-0.0463314773981938
0.59682,-0.0635974517275417
0.59193,-0.0810888051371632
0.58621,-0.0987841664571929
0.57965,-0.116664751762497
0.57224,-0.134714417870947
0.56397,-0.152919651749443
0.55486,-0.171247311090729
0.54488,-0.189686361403879
0.53404,-0.208214391877765
0.52235,-0.226800517750155
0.50979,-0.24543012659364
0.49639,-0.264065246251333
0.48213,-0.282687175401232
0.46704,-0.301256390123645
0.45111,-0.319747345732225
0.43436,-0.338124400515849
0.41681,-0.3563448731411
0.39846,-0.37437648731469
0.37935,-0.392166802028137
0.35948,-0.409678276166251
0.33888,-0.426864387990354
0.31757,-0.443680226335815
0.2956,-0.460061408463837
0.27297,-0.475966774717699
0.24974,-0.491330864625928
0.22592,-0.506107622051159
0.20156,-0.52023857112291
0.17671,-0.533657092413572
0.15139,-0.546314279480899
0.12566,-0.558147574946776
0.099558,-0.569101720864263
0.073133,-0.579121061544532
0.046435,-0.588150766141808
0.019514,-0.596138545768619
-0.0075788,-0.603035098137389
-0.03479,-0.608793661549806
-0.062065,-0.61337033866708
-0.089348,-0.616724289840714
-0.11658,-0.618816334306544
-0.14371,-0.619616065696574
-0.17068,-0.619096268020234
-0.19743,-0.617232028008641
-0.2239,-0.614001429291864
-0.25003,-0.609386022966493
-0.27576,-0.603371105104954
-0.30104,-0.595953228231452
-0.32581,-0.587131160596956
-0.35001,-0.57690591971134
-0.37359,-0.565288112550127
-0.39648,-0.552281390355014
-0.41865,-0.537913644192197
-0.44002,-0.522194930465989
-0.46056,-0.505157951619627
-0.48021,-0.486830894916942
-0.49892,-0.467245213727993
-0.51666,-0.44644917302442
-0.53338,-0.424488719271373
-0.54903,-0.401406874531789
-0.56358,-0.377258068405337
-0.577,-0.352104567133456
-0.58926,-0.326013360502434
-0.60031,-0.299038692518005
-0.61014,-0.271252636861709
-0.61873,-0.242732261012099
-0.62605,-0.213549118184208
-0.63209,-0.183783060648193
-0.63683,-0.153510925743227
-0.64027,-0.122819644227536
-0.64239,-0.091786918881898
-0.64321,-0.0605102286783942
-0.64272,-0.029077885791241
-0.64092,0.00242450976319136
-0.63783,0.0339014481016654
-0.63346,0.0652598124478643
-0.62783,0.0964039732660577
-0.62095,0.127246729955843
-0.61286,0.157688361522927
-0.60358,0.187637073794966
-0.59315,0.216995716272223
-0.5816,0.245673433710796
-0.56898,0.273572730725431
-0.55532,0.300608827743746
-0.54067,0.326695373607939
-0.52508,0.351747785350345
-0.5086,0.375685906694533
-0.4913,0.398421255108564
-0.47322,0.419883947804503
-0.45442,0.440006957373265
-0.43497,0.458720755893115
-0.41493,0.475963849769155
-0.39436,0.491683665601621
-0.37334,0.505822239342774
-0.35192,0.518341792298903
-0.33017,0.529207835797698
-0.30817,0.538382852752776
-0.28597,0.545850842521978
-0.26365,0.551592151496675
-0.24128,0.555592839714685
-0.21892,0.557852047048037
-0.19664,0.558372772048211
-0.1745,0.557169098896732
-0.15257,0.554256903034267
-0.13091,0.54966106237134
-0.10958,0.543413594355968
-0.088642,0.535550444772066
-0.068156,0.52611170474749
-0.048172,0.5151475432323
-0.028747,0.502710104218664
-0.0099264,0.488860629268035
0.0082383,0.473661816678308
0.025705,0.457183034024193
0.042434,0.439499113275128
0.058384,0.420686224915076
0.073525,0.400828001734828
0.08782,0.380006690182372
0.10125,0.358314489397666
0.11379,0.335844628750207
0.12542,0.312692232669447
0.13613,0.288958610908212
0.14589,0.26473231298462
0.15472,0.240125907606243
0.1626,0.215238395779381
0.16954,0.190176995017794
0.17554,0.165044846603645
0.18061,0.139945962015112
0.18477,0.11498914359465
0.18803,0.0902761906436894
0.19041,0.0659073261661863
0.19193,0.0419781754293333
0.19262,0.0185848142195348
0.19252,-0.00417219809046444
0.19165,-0.0262068934202353
0.19006,-0.0474259360394856
0.18777,-0.0677555133074797
0.18483,-0.0871181446015888
0.18128,-0.105443681430804
0.17717,-0.122663190939523
0.17253,-0.138726186989971
0.16743,-0.153569663527114
0.16189,-0.167160017064695
0.15598,-0.179452103808199
0.14974,-0.19041569363695
0.14321,-0.200034193861763
0.13646,-0.208281061004938
0.12953,-0.215145387006853
0.12246,-0.220629897295411
0.11532,-0.224726768820642
0.10814,-0.227450141873222
0.10098,-0.228809942623198
0.09389,-0.228820437356363
0.086908,-0.227508444635691
0.080087,-0.224899619075891
0.073472,-0.221024389981983
0.067102,-0.215921094600875
0.061022,-0.209629378039948
0.055271,-0.20219366634874
0.049887,-0.193662093789572
0.044905,-0.184086973536439
0.040359,-0.173523541251073
0.036278,-0.162031777100774
0.032691,-0.149674005810605
0.029624,-0.136515072687932
0.027095,-0.1226260711513
0.02513,-0.108075305758298
0.023738,-0.0929395242868266
0.022938,-0.07729273752258
0.022737,-0.0612135067275802
0.02314,-0.044783259360133
0.024154,-0.0280818585165927
0.025777,-0.0111921655343473
0.028008,0.00580379669120116
0.030841,0.0228235145220865
0.034267,0.0397844412346488
0.038276,0.0566058803336951
0.04285,0.0732053107255442
0.047975,0.0895043769963889
0.05363,0.105425502359268
0.059794,0.120894342582948
0.066441,0.135838004328989
0.073546,0.15018802909222
0.081077,0.163876783024863
0.089005,0.176841935243475
0.0973,0.189026982948847
0.10592,0.200373396375421
0.11484,0.210835791711597
0.12402,0.22037015583254
0.13342,0.228935413164385
0.14301,0.236501999645394
0.15274,0.243036278484825
0.16258,0.248517654830368
0.17248,0.252922430324727
0.18242,0.256247835544461
0.19234,0.258479065195607
0.20221,0.259614765396838
0.212,0.259665009945016
0.22165,0.258627160848489
0.23114,0.256518474972555
0.24043,0.25335746076025
0.24947,0.249156184511556
0.25823,0.243936378294356
0.26667,0.237719947088345
0.27476,0.230536073225171
0.28247,0.222419323613708
0.28975,0.213393155368813
0.29659,0.203501243889443
0.30295,0.19278040418363
0.3088,0.181268494062112
0.31411,0.169003316411932
0.31886,0.156029097718911
0.32302,0.142386719766782
0.32658,0.128128090676122
0.32951,0.113297827418072
0.3318,0.0979482335319047
0.33342,0.0821215524880481
0.33437,0.0658728747259248
0.33463,0.049251260732932
0.33419,0.0323068461095172
0.33304,0.0150891137374116
0.33118,-0.00234710830253159
0.32861,-0.0199443659059324
0.32531,-0.0376596537046904
0.3213,-0.0554334540285624
0.31657,-0.0732170002671302
0.31113,-0.090957007062634
0.30499,-0.108598292476603
0.29815,-0.126093350113042
0.29063,-0.143387695166203
0.28244,-0.160430435312226
0.27358,-0.177182711262954
0.26409,-0.193587223272342
0.25397,-0.209603319269763
0.24324,-0.225190476099252
0.23193,-0.240302391151637
0.22004,-0.254911955107862
0.20761,-0.268979116649765
0.19466,-0.282469691349514
0.1812,-0.29536296763862
0.16727,-0.307627908067932
0.15289,-0.319241205776251
0.13809,-0.330179436810391
0.12289,-0.340427525415154
0.10732,-0.34997055037919
0.091419,-0.358787863051272
0.075212,-0.366865485912319
0.058731,-0.374190388117887
0.04201,-0.380749534671284
0.025084,-0.386529843781378
0.007986,-0.39152035744476
-0.0092476,-0.395709928714713
-0.026578,-0.399086088284412
-0.043971,-0.401639328247356
-0.061386,-0.403358330559473
-0.078786,-0.404233552640458
-0.096134,-0.404257397604475
-0.11339,-0.403422073077753
-0.13051,-0.401717119001575
-0.14746,-0.399137826775559
-0.16421,-0.395687433034022
-0.18071,-0.3913609259838
-0.19693,-0.386161776674281
-0.21283,-0.380093002944291
-0.22837,-0.373157364740051
-0.24352,-0.36536490974654
-0.25826,-0.356738859342749
-0.27253,-0.347283019826098
-0.28633,-0.33702995740867
-0.29961,-0.325997709005179
-0.31235,-0.314214420614322
-0.32454,-0.301723127437293
-0.33613,-0.288548224955147
-0.34712,-0.274735460792419
-0.35749,-0.260331817561104
-0.36722,-0.245384040687119
-0.3763,-0.229944819758619
-0.38471,-0.214062792621255
-0.39245,-0.197796750768382
-0.39951,-0.181204608802536
-0.40588,-0.164341903096583
-0.41156,-0.147268003942191
-0.41655,-0.130043597896262
-0.42085,-0.112728597583829
-0.42446,-0.0953804471827217
-0.42739,-0.0780601884299278
-0.42963,-0.0608150416102172
-0.43119,-0.0436942796998484
-0.43209,-0.0267545541492683
-0.43233,-0.0100418003945002
-0.43193,0.00639349945353794
-0.43088,0.0225211317761524
-0.42921,0.03829886858784
-0.42692,0.0536985371673565
-0.42404,0.0686822876756166
-0.42057,0.0832280925186839
-0.41653,0.0973129067790084
-0.41194,0.110913912111941
-0.40681,0.124016896936972
-0.40116,0.136607987708622
-0.39501,0.14867435979892
-0.38838,0.160204765414525
-0.38129,0.171189901857409
-0.37375,0.181630040311927
-0.36578,0.191526122619743
-0.35741,0.200872548567197
-0.34865,0.209673694129952
-0.33953,0.217927362642591
-0.33006,0.225641183608642
-0.32026,0.232823369361185
-0.31015,0.239482630041233
-0.29975,0.245628068869469
-0.28908,0.25126906537821
-0.27815,0.256422551158086
-0.267,0.261089073989803
-0.25562,0.265293076833667
-0.24405,0.269040767640728
-0.2323,0.272345786957437
-0.22038,0.27522749282949
-0.20831,0.277702026353191
-0.19611,0.279782571259093
-0.1838,0.281479617496997
-0.17138,0.282816021860574
-0.15887,0.283809235940005
-0.1463,0.284464502880578
-0.13367,0.284799252060176
-0.12099,0.284832856013498
-0.10829,0.284570924317428
-0.095576,0.284025525912916
-0.082866,0.283204685177007
-0.070172,0.282117331769621
-0.057511,0.280769125429267
-0.0449,0.279162869481945
-0.032349,0.277304092421447
-0.019876,0.275194383381839
-0.0074973,0.272833297314408
0.0047762,0.270222679997119
0.016926,0.267360484116432
0.02894,0.264246244166336
0.040805,0.260879905381894
0.052508,0.257261837397076
0.064034,0.2533912115375
0.075373,0.249269905074103
0.086513,0.244900405582363
0.097444,0.240287069310984
0.10815,0.235431171723911
0.11863,0.230342531063559
0.12887,0.225027949732934
0.13886,0.219494549641761
0.14858,0.213742090107894
0.15805,0.207793946652041
0.16724,0.201654909115319
0.17615,0.195336812071512
0.18476,0.18884201449287
0.19309,0.182194707168704
0.20111,0.175399017535978
0.20883,0.168472321593336
0.21624,0.161427363660662
0.22333,0.154272755599176
0.2301,0.147020871596996
0.23655,0.139686716047106
0.24268,0.132286944163627
0.24847,0.124824230892176
0.25394,0.117319401845441
0.25906,0.109770293173698
0.26386,0.102200544564792
0.26832,0.0946169008406955
0.27244,0.0870270080898002
0.27622,0.0794389295592285
0.27966,0.0718607476294585
0.28276,0.0643002441836134
0.28553,0.0567720497883713
0.28795,0.0492736446256307
0.29003,0.0418108297330682
0.29176,0.0343810586571438
0.29316,0.0269972093315545
0.29421,0.0196545787007046
0.29492,0.0123565100700014
0.29529,0.00510525580074429
0.29532,-0.00209795281081814
0.29501,-0.00925282030202509
0.29436,-0.0163598908626812
0.29338,-0.0234130470540562
0.29206,-0.0304158182951336
0.29041,-0.0373646894706149
0.28843,-0.0442580156100762
0.28612,-0.0510957564074303
0.2835,-0.05786442478374
0.28055,-0.0645696751574558
0.2773,-0.0711955103644078
0.27374,-0.0777385272243464
0.26988,-0.0841908127063231
0.26573,-0.0905410741694474
0.26129,-0.0967830321164055
0.25658,-0.10289986941678
0.2516,-0.108881555954462
0.24636,-0.11471645242459
0.24087,-0.120391989424017
0.23514,-0.125895241479548
0.22918,-0.131213403149907
0.22301,-0.136326776646273
0.21663,-0.141225490173942
0.21006,-0.145893142296664
0.20331,-0.15031598370037
0.1964,-0.154475457816524
0.18935,-0.158349711911432
0.18217,-0.161922299681894
0.17487,-0.165181671383114
0.16748,-0.168105853704087
0.16,-0.170687354540129
0.15247,-0.172901091937431
0.14488,-0.174745570427481
0.13727,-0.17620150174295
0.12964,-0.177265484139659
0.12202,-0.177924960421673
0.11442,-0.178175254722528
0.10685,-0.178018306038242
0.099321,-0.177460742008057
0.09186,-0.176501104859728
0.084474,-0.175146376779674
0.077176,-0.173405841438446
0.069977,-0.171291988990596
0.062888,-0.168819672036881
0.055918,-0.166006830865903
0.049078,-0.162872025127814
0.042373,-0.159438329510116
0.035812,-0.155728944557607
0.029402,-0.151768075869686
0.023145,-0.147583816672417
0.017047,-0.143203696975213
0.01111,-0.138657009223143
0.0053395,-0.133971069930197
-0.00026528,-0.129175471981717
-0.0057022,-0.124298630831244
-0.010971,-0.11936856487677
-0.01607,-0.114411076665297
-0.021002,-0.109452692658184
-0.025767,-0.104517616459851
-0.030364,-0.09962665229314
-0.034797,-0.0948008512084614
-0.039066,-0.0900577790698274
-0.043172,-0.0854122904313876
-0.04712,-0.0808794361879893
-0.050909,-0.0764694044175571
-0.054543,-0.072191703414893
-0.058024,-0.0680533742254894
-0.061357,-0.06406131626644
-0.064543,-0.060218993163468
-0.067587,-0.0565297892253716
-0.070491,-0.0529945460843163
-0.073262,-0.0496155686142392
-0.075903,-0.0463931687014697
-0.078419,-0.0433273782066755
-0.080818,-0.0404200853957098
-0.083106,-0.0376730214828296
-0.085287,-0.0350861505061741
-0.087371,-0.0326623409175035
-0.089366,-0.0304051472002674
-0.091279,-0.0283177516062653
-0.093119,-0.0264043442613886
-0.094898,-0.024671953990364
-0.096624,-0.0231266782184613
-0.098307,-0.0217751081735554
-0.099962,-0.0206276848314076
-0.10159,-0.0196872523703127
-0.10322,-0.0189710923508824
-0.10485,-0.0184846743285202
-0.1065,-0.0182400027342527
-0.10818,-0.0182465616456616
-0.10991,-0.0185188754416602
-0.11169,-0.0190602797248059
-0.11355,-0.0198871064976975
-0.11548,-0.0209960645222159
-0.11752,-0.0224050197703424
-0.11967,-0.0241187530037667
-0.12194,-0.026138681658332
-0.12435,-0.0284707732843922
-0.1269,-0.0311096203978543
-0.12961,-0.0340554846975529
-0.13248,-0.0372983054861004
-0.13553,-0.0408346693443024
-0.13875,-0.0446443398819229
-0.14215,-0.0487087618210836
-0.14574,-0.053011148324571
-0.14951,-0.0575217323094859
-0.15347,-0.0622158118765418
-0.15761,-0.0670585950652278
-0.16193,-0.0720154542598197
-0.16643,-0.0770528106650012
-0.1711,-0.0821314497635124
-0.17593,-0.087208696123539
-0.18091,-0.0922402754668697
-0.18603,-0.0971818812289301
-0.19128,-0.101990464776045
-0.19663,-0.106610473778619
-0.20209,-0.111007483290837
-0.20762,-0.115128218565628
-0.2132,-0.118920614306999
-0.21883,-0.122349966394515
-0.22448,-0.125374553670975
-0.23013,-0.127955774665103
-0.23575,-0.130051451529464
-0.24133,-0.131632727027047
-0.24683,-0.132660370878603
-0.25223,-0.133102938480623
-0.25752,-0.1329438157369
-0.26265,-0.132149543891738
-0.26762,-0.130711287454155
-0.27238,-0.128603655452668
-0.27692,-0.125818502838519
-0.28121,-0.122347342088734
-0.28522,-0.118181964744721
-0.28893,-0.113322315695144
-0.29231,-0.107767824723154
-0.29534,-0.101525211568798
-0.29799,-0.0945997782825679
-0.30024,-0.0870032013430003
-0.30207,-0.0787522316803262
-0.30345,-0.0698601000728705
-0.30437,-0.0603518452630804
-0.30479,-0.0502393575333561
-0.30472,-0.0395607499155508
-0.30411,-0.0283300323918213
-0.30296,-0.0165785038015786
-0.30126,-0.00434326173498299
-0.29897,0.00835701785087254
-0.29611,0.0214745922641038
-0.29264,0.0349839038573955
-0.28856,0.0488483769902346
-0.28386,0.0630309537995457
-0.27854,0.0774878202330632
-0.27258,0.0921857358782118
-0.266,0.107071375077615
-0.25878,0.122106324558778
-0.25092,0.137250552914012
-0.24244,0.152449156305299
-0.23333,0.167659052852488
-0.2236,0.18283323457063
-0.21327,0.197915596360633
-0.20234,0.21285920581424
-0.19084,0.227603831008267
-0.17877,0.242102570125945
-0.16615,0.256306011608541
-0.15301,0.270156950637788
-0.13937,0.28360113336587
-0.12525,0.296588460719533
-0.11067,0.309073874230901
-0.095673,0.321000943720211
-0.080278,0.332323702145161
-0.064519,0.34299514000155
-0.048427,0.35297128701671
-0.032036,0.362209992686289
-0.01538,0.370672122318811
0.0015043,0.378320450579703
0.018583,0.385122791126637
0.035819,0.391049952545033
0.053173,0.396074751536798
0.070613,0.400178187471942
0.088099,0.403342886493326
0.10559,0.405552943125118
0.12307,0.406812973670105
0.14048,0.407112638732559
0.15779,0.406451664411775
0.17498,0.404845672286224
0.19201,0.402308268543068
0.20884,0.398851424760253
0.22545,0.394500584269119
0.24181,0.389284275974177
0.25789,0.38323303214603
0.27366,0.376378426714603
0.2891,0.368759633065934
0.30418,0.360413686655023
0.31887,0.351375050323514
0.33316,0.341690084621668
0.34702,0.331398788359389
0.36043,0.320542400906413
0.37337,0.309162063670297
0.38582,0.297297713297813
0.39777,0.284994588644524
0.40918,0.272278724769487
0.42005,0.25918943991981
0.43037,0.245768177088067
0.4401,0.232034650426406
0.44925,0.218027324409715
0.4578,0.203776374756906
0.46573,0.189304291930102
0.47304,0.174641341002353
0.47971,0.159808231312332
0.48574,0.144831976345115
0.49111,0.129728923184285
0.49581,0.114513534257758
0.49986,0.0992203072154325
0.50322,0.0838543681532366
0.50591,0.0684411594168502
0.50792,0.0529993960457823
0.50924,0.0375416412235082
0.50987,0.022082319272407
0.50982,0.00664413208571999
0.50908,-0.00875916157051639
0.50765,-0.0241142054787265
0.50553,-0.0394085502201946
0.50273,-0.0546236328064541
0.49924,-0.0697514582371036
0.49507,-0.0847781848926168
0.49022,-0.0996932310210423
0.4847,-0.114481728954225
0.4785,-0.129140739326978
0.47164,-0.143655027381905
0.4641,-0.158029625909058
0.45591,-0.172248984802124
0.44707,-0.186303736420527
0.43757,-0.200197304734454
0.42743,-0.213921321568689
0.41665,-0.227473088107041
0.40523,-0.240854698979111
0.3932,-0.254050017633859
0.38054,-0.267065746460865
0.36728,-0.27988997272653
0.35341,-0.292525801466918
0.33895,-0.304966292247856
0.32391,-0.317204098540345
0.30829,-0.329239237833651
0.29212,-0.341055577182076
0.27539,-0.352654065414856
0.25812,-0.364027303045838
0.24033,-0.375161450460027
0.22204,-0.386037919272558
0.20326,-0.396642252453482
0.184,-0.40696378705454
0.1643,-0.4169731017413
0.14417,-0.426648697866436
0.12363,-0.435968720251038
0.10272,-0.444896910368091
0.081462,-0.453399764347806
0.059883,-0.461443290130785
0.038018,-0.468988206431223
0.015897,-0.475995838840284
-0.0064399,-0.482421702954138
-0.02896,-0.488223442602533
-0.051622,-0.493355356916704
-0.074388,-0.497772970682631
-0.097215,-0.501430417741202
-0.12006,-0.504282158730411
-0.14288,-0.50628437469092
-0.16563,-0.507394584772157
-0.18827,-0.507576498517899
-0.21075,-0.506792688328638
-0.23302,-0.505006119116449
-0.25505,-0.502196172373115
-0.27677,-0.498326770209934
-0.29815,-0.493380253002397
-0.31914,-0.487339831814251
-0.33969,-0.480190219585267
-0.35976,-0.47192548814798
-0.3793,-0.462540359776881
-0.39828,-0.452045351648775
-0.41664,-0.44044157943166
-0.43435,-0.427745048718717
-0.45136,-0.413968844277842
-0.46763,-0.399131017338109
-0.48314,-0.38326818579937
-0.49783,-0.366401617690558
-0.51168,-0.348569426781017
-0.52466,-0.329815072908781
-0.53673,-0.310177929585591
-0.54787,-0.28970793629402
-0.55804,-0.268447512683659
-0.56723,-0.246454121409841
-0.57542,-0.223788447681796
-0.58257,-0.200497358492538
-0.58869,-0.176652254219024
-0.59375,-0.152312748190942
-0.59775,-0.127549439196378
-0.60066,-0.102417560517954
-0.60249,-0.0769878740203664
-0.60323,-0.0513267595971257
-0.60289,-0.0255098412177726
-0.60146,0.000396887207827185
-0.59896,0.026315075922543
-0.59539,0.0521736291646027
-0.59075,0.07790956118596
-0.58507,0.103446322028014
-0.57837,0.12870628015591
-0.57066,0.153620828911485
-0.56196,0.178123538405521
-0.5523,0.202144605177827
-0.54171,0.225613875654128
-0.53021,0.24847070313959
-0.51783,0.270656874818661
-0.50461,0.292110862183058
-0.49059,0.312770671356473
-0.47579,0.332590951008048
-0.46026,0.351519382295821
-0.44405,0.369500017780287
-0.42717,0.386505646656936
-0.40969,0.402489183853148
-0.39164,0.417418958261334
-0.37307,0.431262363074167
-0.35403,0.443987488302931
-0.33456,0.455571798863064
-0.31471,0.46599408332011
-0.29452,0.475242709888946
-0.27405,0.483299825268898
-0.25334,0.49015834134553
-0.23243,0.495820535070495
-0.21139,0.5002744690874
-0.19024,0.503534493232482
-0.16905,0.505599222449687
-0.14785,0.506484614577763
-0.12669,0.506205773239095
-0.10562,0.504777069515026
-0.084668,0.502228495873603
-0.063886,0.498584393462729
-0.043312,0.493874524435581
-0.022984,0.488132462567181
-0.0029414,0.481393129618772
0.016784,0.473697396577668
0.036156,0.465086728799016
0.055143,0.45560547613641
0.073717,0.445301868568791
0.091845,0.434222322972062
0.10951,0.422422398394325
0.12667,0.409945030184497
0.14332,0.396849133872243
0.15943,0.383186359244857
0.17499,0.369015798130728
0.18997,0.354386026642932
0.20436,0.339350455670647
0.21816,0.323972155427879
0.23133,0.308290491998388
0.24388,0.292361382797988
0.2558,0.276237519839621
0.26707,0.259959897152451
0.2777,0.243580844575171
0.28768,0.227145306770075
0.29701,0.210698124107353
0.30568,0.194275094327393
0.3137,0.177918179951487
0.32108,0.16167281144261
0.32781,0.145570831577342
0.3339,0.129646674043424
0.33937,0.113942937381351
0.34421,0.0984850875758887
0.34845,0.0833132819740357
0.35209,0.0684558672355102
0.35515,0.0539453103599652
0.35765,0.0398161405308661
0.35961,0.0261032459739159
0.36103,0.0128256993917989
0.36195,1.85043299018387e-05
0.36238,-0.0122939950263147
0.36235,-0.0240822788575713
0.36188,-0.0353212092964902
0.36099,-0.0459902187865205
0.35971,-0.0560659452499695
0.35805,-0.0655385511688811
0.35606,-0.0743801418161902
0.35374,-0.0825863310944363
0.35114,-0.0901351635964953
0.34826,-0.0970284162045937
0.34514,-0.103257696371259
0.34181,-0.108814349985993
0.33828,-0.113704828383449
0.33458,-0.117933091701626
0.33073,-0.121508665325083
0.32676,-0.124438173788633
0.32268,-0.126740760588903
0.31852,-0.128430588874721
0.31429,-0.129532429801927
0.31001,-0.130071740040773
0.30569,-0.130081417633075
0.30135,-0.129592235034966
0.29699,-0.128647344304458
0.29263,-0.12728403516773
0.28827,-0.125548737996714
0.28391,-0.123494056236018
0.27957,-0.121161392892654
0.27524,-0.118604179025786
0.27092,-0.115876668543547
0.26661,-0.113032255781315
0.26232,-0.110114707955967
0.25802,-0.10718829556034
0.25373,-0.10429495767849
0.24944,-0.101479493206608
0.24513,-0.0987949670709402
0.2408,-0.0962846538349164
0.23644,-0.0939899049339119
0.23204,-0.0919491203797495
0.22761,-0.0901821864732035
0.22311,-0.0887301712902836
0.21855,-0.0876128107266484
0.21392,-0.0868465653921689
0.20921,-0.0864444562173281
0.20441,-0.0864160291682787
0.1995,-0.0867748250684472
0.19449,-0.0875147245426707
0.18937,-0.0886283771462306
0.18411,-0.0901221024515571
0.17874,-0.0919684047633995
0.17322,-0.0941647398591689
0.16756,-0.0966915049711635
0.16176,-0.0995230276848781
0.1558,-0.102643992890422
0.14969,-0.106025467297823
0.14341,-0.1096503337101
0.13698,-0.113481736214064
0.13037,-0.117504750269347
0.12359,-0.121692865346893
0.11664,-0.126018279124369
0.1095,-0.130467641307261
0.10219,-0.135010018857268
0.094694,-0.139627757635831
0.087014,-0.144301089386404
0.079145,-0.149014292769563
0.071087,-0.153751691092086
0.062837,-0.15850035381276
0.054395,-0.163247773405818
0.045757,-0.167985166491672
0.036926,-0.172701907224156
0.0279,-0.177389965868313
0.01868,-0.182041502887898
0.0092675,-0.186648774838802
-0.00033734,-0.191205415848902
-0.01013,-0.1957032177853
-0.020109,-0.200135053610801
-0.03027,-0.204492839673764
-0.040607,-0.208766803805677
-0.051115,-0.212946903770552
-0.061787,-0.217021757452234
-0.072614,-0.220977814723646
-0.083589,-0.224801704335133
-0.094701,-0.228477684744156
-0.10594,-0.231989351180687
-0.11729,-0.235315853243165
-0.12874,-0.238437099965468
-0.14027,-0.24132758526252
-0.15188,-0.243973008933993
-0.16354,-0.246346413055781
-0.17523,-0.248418864030532
-0.18694,-0.250168115284355
-0.19865,-0.25157063954323
-0.21033,-0.252595250087125
-0.22197,-0.253220350459608
-0.23354,-0.253418015557058
-0.24502,-0.253163523358374
-0.25639,-0.252435564874996
-0.26763,-0.251216336771287
-0.2787,-0.249476737458285
-0.28959,-0.247201707644347
-0.30027,-0.244373316836456
-0.31071,-0.240972004311988
-0.32089,-0.236985014508251
-0.33078,-0.23239822977765
-0.34037,-0.227211814453969
-0.34961,-0.221408075184613
-0.35849,-0.2149851775556
-0.36699,-0.207946924888352
-0.37508,-0.200294376900418
-0.38273,-0.192026546035338
-0.38993,-0.183155789079277
-0.39665,-0.173690275711127
-0.40287,-0.163642142688726
-0.40857,-0.153026548713257
-0.41374,-0.141868218339519
-0.41835,-0.130184265064372
-0.42239,-0.118000106145648
-0.42584,-0.105339864195143
-0.4287,-0.0922408372284882
-0.43094,-0.078727819857549
-0.43256,-0.0648370812345434
-0.43355,-0.0506057853819015
-0.43391,-0.0360782173943048
-0.43362,-0.0212884036770899
-0.43268,-0.00627592403513832
-0.4311,0.0089089074634883
-0.42887,0.0242233476491432
-0.42599,0.039624620389799
-0.42246,0.0550712150580415
-0.4183,0.0705091266401257
-0.4135,0.0858980855151229
-0.40807,0.10119538677241
-0.40202,0.116357737051438
-0.39536,0.131342771074306
-0.38811,0.146102866961213
-0.38027,0.160602499543717
-0.37185,0.174809745157738
-0.36289,0.188674561623662
-0.35338,0.202170919787587
-0.34334,0.215270984512679
-0.3328,0.227939156455926
-0.32177,0.240149651346101
-0.31028,0.251870830390908
-0.29833,0.263089707425314
-0.28595,0.273786845278893
-0.27316,0.283945870631026
-0.25997,0.293561051871646
-0.24641,0.302620937922536
-0.2325,0.311117493622253
-0.21825,0.319053359251043
-0.20369,0.326425227907802
-0.18882,0.333247568026638
-0.17368,0.339519493068488
-0.15827,0.345257604055691
-0.14263,0.350462813778402
-0.12675,0.35516056048054
-0.11067,0.359358603771236
-0.094401,0.363071873235704
-0.07796,0.366316394795366
-0.061363,0.369109529046025
-0.044633,0.371464190266115
-0.027784,0.373396113438931
-0.010836,0.374918524946766
0.006193,0.376043812404045
0.023284,0.376782656210928
0.040421,0.377146318500526
0.057583,0.377142544230024
0.074753,0.37677899406105
0.091911,0.376060826668311
0.10904,0.374993246025839
0.12612,0.373579110441589
0.14312,0.371811143112777
0.16004,0.369696976128392
0.17685,0.367233839549009
0.19352,0.364410619249353
0.21004,0.361224516671818
0.22639,0.357672082275959
0.24254,0.353742014513962
0.25847,0.349424350794565
0.27415,0.344703051551935
0.28957,0.339572378398203
0.3047,0.334020256440309
0.31951,0.328029828843057
0.33398,0.321588231342699
0.34808,0.314678778693851
0.36179,0.307289569248833
0.37508,0.299405513756949
0.38793,0.291016795376625
0.40031,0.282110767504709
0.4122,0.272680296670617
0.42357,0.262715557112321
0.43439,0.252204885989217
0.44465,0.241150314936952
0.45433,0.229557556567423
0.46339,0.217420444677943
0.47182,0.204745669299079
0.4796,0.191542792822874
0.48671,0.177823526928074
0.49313,0.163601084581038
0.49885,0.148897005209
0.50385,0.133731638610771
0.50812,0.118131284813792
0.51165,0.102126382819646
0.51442,0.0857425307137933
0.51643,0.0690155398455226
0.51766,0.0519736997467504
0.51812,0.0346606410076438
0.5178,0.0171163674397469
0.51669,-0.000623166011552419
0.5148,-0.0185115249574458
0.51211,-0.0365173594654809
0.50863,-0.0546002660462554
0.50437,-0.0727137746228078
0.49932,-0.0908227161649358
0.4935,-0.108879969395498
0.48689,-0.126859821999677
0.47952,-0.144717758421665
0.47138,-0.16242511453996
0.46249,-0.179944833253811
0.45286,-0.197241737532985
0.4425,-0.214283369145197
0.43143,-0.231033207418442
0.41966,-0.247460106606203
0.4072,-0.26353837533298
0.39407,-0.279240312784445
0.38029,-0.294537641461574
0.36589,-0.309395275548839
0.35087,-0.323796058724409
0.33527,-0.337708471662208
0.31911,-0.351105351173684
0.30242,-0.363956667892949
0.28521,-0.376245972302403
0.26752,-0.387946321697017
0.24937,-0.399038126797992
0.2308,-0.409493752733806
0.21183,-0.419294897365505
0.1925,-0.428416768671455
0.17283,-0.436845083735727
0.15285,-0.444567308265954
0.1326,-0.451565548404923
0.11211,-0.457825739964304
0.091416,-0.463333112740971
0.070541,-0.468082602031379
0.049526,-0.472064056535958
0.0284,-0.475272627001041
0.0071972,-0.477704268767852
-0.01405,-0.479357264525718
-0.035306,-0.480229680894658
-0.056539,-0.480322488543208
-0.077715,-0.479637551585346
-0.098801,-0.478178338375017
-0.11976,-0.475946740531257
-0.14057,-0.472954589790008
-0.16118,-0.469200127548972
-0.18157,-0.464693750991628
-0.2017,-0.459440715044289
-0.22154,-0.45344950271263
-0.24106,-0.446731077505903
-0.26022,-0.439290809276359
-0.279,-0.431144285971624
-0.29736,-0.422300198513156
-0.31527,-0.412768900947247
-0.3327,-0.402561855289749
-0.34963,-0.391698544752925
-0.36603,-0.380197039819795
-0.38187,-0.368073815455178
-0.39712,-0.355343627035982
-0.41176,-0.342026837267081
-0.42578,-0.328155170905167
-0.43913,-0.313739069627338
-0.45181,-0.298808475531498
-0.46379,-0.283386015522329
-0.47507,-0.267509951571181
-0.48561,-0.251200485954737
-0.4954,-0.234484823795583
-0.50444,-0.217402383063982
-0.5127,-0.199979089803295
-0.52018,-0.182251368866218
-0.52687,-0.16425560814907
-0.53277,-0.146034452874762
-0.53785,-0.127612113778796
-0.54212,-0.109026692894631
-0.54558,-0.0903188863862613
-0.54822,-0.0715228088650899
-0.55004,-0.0526735423658691
-0.55104,-0.0338057843776516
-0.55123,-0.0149601567063673
-0.5506,0.00383406003681941
-0.54916,0.0225429776642858
-0.54691,0.0411375646115063
-0.54386,0.05958636009184
-0.54001,0.0778644629014484
-0.53536,0.0959532169321562
-0.52994,0.11381760993984
-0.52374,0.131440245780617
-0.51677,0.148803895325613
-0.50904,0.165892227439881
-0.50056,0.182690366748128
-0.49134,0.199185298287062
-0.48139,0.215366138413363
-0.47073,0.231216892374675
-0.45936,0.246732927436752
-0.4473,0.261904365304869
-0.43456,0.276725012434197
-0.42116,0.291184655739062
-0.40711,0.305277738338567
-0.39245,0.318980632717331
-0.37717,0.332292947648871
-0.36131,0.345196255895957
-0.34488,0.357680461653144
-0.32791,0.369727843760023
-0.31041,0.381329975907805
-0.29242,0.392464138636496
-0.27396,0.403111652055584
-0.25505,0.413257751529958
-0.23572,0.422883997115784
-0.21601,0.431962247973523
-0.19594,0.440472240245233
-0.17554,0.448393368672126
-0.15484,0.455705477451947
-0.13388,0.462382090929896
-0.11269,0.468399913202074
-0.0913,0.473739011064231
-0.069752,0.478374006850756
-0.04808,0.482281914615593
-0.026321,0.485440260774471
-0.0045162,0.487824673809795
0.017299,0.489414389715779
0.039083,0.490187724804655
0.060794,0.490122891527527
0.082394,0.489201618448275
0.10384,0.487405471458811
0.12509,0.484717331984179
0.1461,0.481120334372239
0.16683,0.476601440028999
0.18724,0.471151261086084
0.20728,0.464756425915438
0.22692,0.45741571232442
0.2461,0.449115750858439
0.2648,0.439863522928665
0.28296,0.42965285184206
0.30054,0.418482102477217
0.31751,0.406360918575961
0.33383,0.393300567943885
0.34946,0.379313504913581
0.36435,0.364405569721107
0.37848,0.348599437639693
0.39181,0.331916092118538
0.40431,0.31438211236335
0.41594,0.296020586150519
0.42667,0.276858644505596
0.43648,0.256933408992036
0.44533,0.236274320813195
0.45321,0.214926054141766
0.46008,0.192922188894565
0.46593,0.170308630689288
0.47074,0.147132558282044
0.47449,0.12344085814653
0.47717,0.0992862377960015
0.47876,0.0747171834365376
0.47927,0.0497995352278744
0.47869,0.0245964265344642
0.47701,-0.000833049260478209
0.47425,-0.0264126552850032
0.4704,-0.0520767830565615
0.46547,-0.0777556121278338
0.45949,-0.103363290377793
0.45246,-0.128825824196346
0.4444,-0.154066305243924
0.43535,-0.178993113746389
0.42532,-0.203527794370877
0.41436,-0.227575441633004
0.40248,-0.251060459800845
0.38974,-0.273888350821738
0.37616,-0.295982000580904
0.3618,-0.317251330575789
0.34669,-0.337620974733971
0.33089,-0.357007850798247
0.31445,-0.375332889018769
0.29741,-0.392530398115367
0.27984,-0.408525705183798
0.26178,-0.423261754108107
0.2433,-0.4366757189654
0.22445,-0.448717291609632
0.2053,-0.459333510718774
0.18591,-0.468478788478446
0.16632,-0.476130193891185
0.14662,-0.4822474095913
0.12685,-0.486814848946097
0.10709,-0.489808374406625
0.087383,-0.491225627918531
0.0678,-0.491061813178941
0.048401,-0.489319057453806
0.029244,-0.486007083403999
0.01039,-0.481139822606629
-0.0081061,-0.474739270181226
-0.026183,-0.466829097289006
-0.043787,-0.457439770931169
-0.060867,-0.446608762772943
-0.07736,-0.43436976738243
-0.093226,-0.420769873999024
-0.10841,-0.405854910014627
-0.12286,-0.389670927661501
-0.13654,-0.372274960984614
-0.14939,-0.353713782197586
-0.16139,-0.334054334485758
-0.17249,-0.313355923870556
-0.18266,-0.291684942905547
-0.19186,-0.269104315844063
-0.20007,-0.245687227421893
-0.20726,-0.221505693861299
-0.2134,-0.196628736402392
-0.21848,-0.171135734400808
-0.22249,-0.145112093764149
-0.2254,-0.118630771876729
-0.22721,-0.0917746430553003
-0.22791,-0.0646246448343763
-0.22751,-0.037272433912157
-0.22601,-0.00980809005889979
-0.22341,0.0176823918550487
-0.21972,0.0451116625750421
-0.21496,0.07238670214451
-0.20914,0.0994203072028723
-0.2023,0.126110642061917
-0.19446,0.152362140454786
-0.18564,0.178087427124797
-0.17589,0.203186502015591
-0.16523,0.227574689720657
-0.15373,0.251145621530026
-0.14141,0.273815942709975
-0.12834,0.29548681049788
-0.11456,0.316072455883501
-0.10013,0.335485900198021
-0.085108,0.353643766278565
-0.069551,0.370469334958286
-0.053526,0.385886712692169
-0.037093,0.399828689918108
-0.02032,0.412231760166908
-0.0032749,0.423038001760629
0.013974,0.432196075342419
0.031362,0.43966481018803
0.04881,0.445402507981777
0.06626,0.449384575070927
0.083632,0.451585395394226
0.10086,0.451990349318401
0.11787,0.450588913477389
0.13461,0.447391154475742
0.15098,0.442388681833594
0.16694,0.435603487127615
0.18241,0.427052519388185
0.19733,0.416763603071996
0.21163,0.404765743854566
0.22525,0.391096027652942
0.23814,0.375804922638413
0.25023,0.35893796972119
0.26147,0.340550679473663
0.27181,0.320705431324554
0.2812,0.299468745570626
0.28959,0.276908919743314
0.29693,0.253094016408984
0.30319,0.228104981838414
0.30834,0.202031045198617
0.31232,0.174943553659506
0.31513,0.146941847738093
0.31672,0.118108102423779
0.31708,0.0885378887246844
0.31619,0.0583274219794802
0.31404,0.027578016136306
0.3106,-0.00362270064795469
0.30589,-0.0351638508045028
0.2999,-0.0669413478660592
0.29262,-0.0988597864780652
0.28408,-0.130804209143156
0.27427,-0.16267706199153
0.26321,-0.194375798818985
0.25092,-0.225797191541333
0.23743,-0.256833452884829
0.22277,-0.28737665357429
0.20696,-0.317329714325708
0.19005,-0.346585434449505
0.17207,-0.37504685728722
0.15307,-0.402613857366367
0.13309,-0.429194625234193
0.11219,-0.454692538137328
0.090419,-0.479018645468564
0.067835,-0.502086753721024
0.044501,-0.52381236509425
0.020477,-0.54411770134038
-0.0041691,-0.562927522669858
-0.02937,-0.580171981009621
-0.055053,-0.595784339938176
-0.081149,-0.609705708580645
-0.10758,-0.62187940164493
-0.13427,-0.632254386939664
-0.16115,-0.640791602301595
-0.18813,-0.647448013396836
-0.21514,-0.652194168770633
-0.24209,-0.654998387783295
-0.26891,-0.655843634221284
-0.29552,-0.654718522270128
-0.32184,-0.651617289909474
-0.34779,-0.646539594175543
-0.37329,-0.63949016611287
-0.39826,-0.630478359581774
-0.42263,-0.619525022514913
-0.44633,-0.60666030228802
-0.46928,-0.591914196506081
-0.49141,-0.575323679672859
-0.51265,-0.55693081667976
-0.53293,-0.536781059524429
-0.55219,-0.514929130457784
-0.57036,-0.491428679440222
-0.58739,-0.466346111043772
-0.60322,-0.439749158117052
-0.61779,-0.411704979881504
-0.63104,-0.382278581272386
-0.64294,-0.351553728501661
-0.65343,-0.319604899199053
-0.66247,-0.286511843555217
-0.67004,-0.252371130988916
-0.67608,-0.217260601044087
-0.68057,-0.181270308013961
-0.68348,-0.144490112216935
-0.6848,-0.107021835421434
-0.68449,-0.0689517232198533
-0.68255,-0.030380377046598
-0.67896,0.0085979133310496
-0.67372,0.0478821154156487
-0.66683,0.0873689381330642
-0.65828,0.126963936727251
-0.64809,0.166560689943593
-0.63625,0.206068738479398
-0.6228,0.245376551722676
-0.60775,0.284381419199848
-0.59111,0.322991153278326
-0.57293,0.361095641757056
-0.55323,0.398596174594192
-0.53205,0.435391826046487
-0.50944,0.471375958476585
-0.48544,0.506448360110865
-0.4601,0.540510091266641
-0.43348,0.5734593188546
-0.40564,0.605195442988752
-0.37663,0.635629803259889
-0.34654,0.664657034401654
-0.31543,0.692184189726099
-0.28338,0.718116919718623
-0.25046,0.742370573345691
-0.21675,0.764864111919471
-0.18234,0.78551511585028
-0.14732,0.804243187017481
-0.11178,0.820972633671975
-0.075798,0.835643389053743
-0.039482,0.8481883434864
-0.002921,0.858551485595208
0.033785,0.866680032168168
0.070541,0.872529823489391
0.10725,0.876064254186844
0.1438,0.877243579190794
0.18011,0.876050371031293
0.21607,0.87246506086323
0.25158,0.866475095509031
0.28656,0.858089495139968
0.3209,0.84731301692957
0.3545,0.834154979630762
0.38728,0.818643601481682
0.41915,0.800814839432836
0.45001,0.780703144723442
0.47979,0.758363574902077
0.5084,0.7338520469672
0.53577,0.707238927055338
0.56182,0.678597355935689
0.58648,0.648008493783604
0.60969,0.615565470462108
0.63138,0.581361400182402
0.65151,0.545509235931514
0.67001,0.508112810267878
0.68685,0.469295428559303
0.70198,0.429177958401599
0.71537,0.387890746233678
0.72698,0.345560709077732
0.73679,0.302323132319391
0.74479,0.258323495153915
0.75096,0.213703821004651
0.75529,0.168606483970956
0.75779,0.123184591523928
0.75845,0.0775804269206924
0.75729,0.0319452684917974
0.75433,-0.013567118539538
0.74959,-0.0588058442214741
0.74309,-0.103627201662034
0.73488,-0.147875820539089
0.72498,-0.191414201885465
0.71345,-0.234094333535279
0.70032,-0.275786901959354
0.68567,-0.316345216957077
0.66954,-0.355643179556482
0.65199,-0.393561003159377
0.63309,-0.42998097089605
0.61291,-0.464791370642438
0.59153,-0.497882122039105
0.56902,-0.529156007290071
0.54545,-0.558530000940605
0.52091,-0.585921184732199
0.49547,-0.611264965432651
0.46924,-0.634484887235385
0.44228,-0.655535148681835
0.41468,-0.674374888025965
0.38654,-0.690962097678168
0.35793,-0.705278287936989
0.32895,-0.717303341705708
0.29969,-0.727024828175483
0.27022,-0.734452653207301
0.24065,-0.73958586450322
0.21104,-0.742452683972402
0.18149,-0.743075393174429
0.15207,-0.741493898428654
0.12287,-0.737747215858889
0.093971,-0.731879950794253
0.065436,-0.72395395929088
0.03735,-0.714027651288846
0.0097734,-0.702173792594951
-0.017216,-0.688462342400699
-0.043557,-0.672971766504983
-0.069188,-0.655785287262642
-0.094047,-0.636987668340896
-0.11808,-0.616668723534356
-0.14123,-0.59491780771769
-0.16346,-0.571836333033238
-0.1847,-0.547508278839615
-0.20493,-0.522038194044001
-0.2241,-0.495522065800459
-0.24218,-0.468060989374742
-0.25913,-0.439749803440091
-0.27492,-0.410682829409793
-0.28955,-0.380973255796111
-0.30297,-0.35070906592057
-0.31517,-0.319984681451463
-0.32615,-0.288904065674301
-0.33589,-0.25756076505814
-0.34438,-0.226044243207685
-0.35163,-0.194452451215229
-0.35763,-0.162872132129191
-0.3624,-0.13140019390558
-0.36594,-0.100123669972301
-0.36826,-0.0691259909710696
-0.36938,-0.0384921097614234
-0.36933,-0.00831258361652718
-0.36811,0.0213428750087056
-0.36576,0.0503944215560635
-0.3623,0.0787717602721684
-0.35778,0.106392775068835
-0.35221,0.133198387039889
-0.34565,0.15911349131241
-0.33812,0.184082453100438
-0.32968,0.208038037145025
-0.32036,0.230928435096142
-0.31021,0.252701661109645
-0.29929,0.273300367918144
-0.28763,0.292687375290402
-0.2753,0.31081394207147
-0.26235,0.327638853384358
-0.24883,0.343128796113559
-0.2348,0.357251049440544
-0.22032,0.369974953643891
-0.20545,0.381273015883021
-0.19023,0.391136493202271
-0.17474,0.399543072091905
-0.15904,0.40647551367282
-0.14318,0.41192911994318
-0.12722,0.415902616888629
-0.11121,0.418405486295367
-0.095231,0.419433237858634
-0.079323,0.41900105210469
-0.063546,0.417125238474953
-0.047958,0.413824505286286
-0.032607,0.40912679821769
-0.017549,0.403061224015021
-0.0028334,0.395662270765381
0.011492,0.386969330781977
0.02538,0.377025409880534
0.03879,0.365880390202322
0.051675,0.353583825045313
0.063998,0.340191225386316
0.075723,0.325762272284548
0.086815,0.310359226676603
0.097241,0.29404627604282
0.10697,0.276888912723907
0.11598,0.258958533159188
0.12425,0.240330035558514
0.13175,0.221072355445162
0.13846,0.201254997179813
0.14437,0.180953241814729
0.14946,0.160237369446345
0.15372,0.139178858343177
0.15714,0.1178479188199
0.15972,0.096318905980933
0.16144,0.0746523575980945
0.16231,0.0529178248041402
0.16233,0.0311824338549128
0.16149,0.00950171265511295
0.15979,-0.0120727376320428
0.15725,-0.0334795770057137
0.15387,-0.0546665503192252
0.14966,-0.0755832422269088
0.14463,-0.0961825973811662
0.13879,-0.116422062558995
0.13215,-0.13626439369687
0.12474,-0.155663373507936
0.11656,-0.174589504697825
0.10765,-0.192998507105724
0.098018,-0.210859553434979
0.087692,-0.228139208973184
0.076697,-0.244805561378663
0.065061,-0.260827058623816
0.052808,-0.276176730528044
0.039973,-0.290824368527014
0.026586,-0.304742127781265
0.012679,-0.317903791432471
-0.001712,-0.33028264651618
-0.016553,-0.34185421098686
-0.031806,-0.352593925183594
-0.047432,-0.362477501010071
-0.063393,-0.371482664114337
-0.079648,-0.379587537563204
-0.096157,-0.386772277391696
-0.11288,-0.393019588856678
-0.12976,-0.398302490913644
-0.14678,-0.402616851552717
-0.16387,-0.405938230062361
-0.181,-0.408256389740242
-0.19812,-0.409558354550647
-0.21519,-0.409837007827677
-0.23216,-0.409083065427483
-0.24899,-0.407293442168331
-0.26563,-0.404463028609944
-0.28204,-0.400592894524902
-0.29816,-0.395674535420367
-0.31397,-0.389721785263195
-0.32941,-0.382736781165738
-0.34444,-0.374727195618342
-0.35902,-0.365705166196947
-0.3731,-0.355678906592922
-0.38665,-0.344668216170019
-0.39962,-0.332687079141773
-0.41198,-0.319759356682785
-0.42368,-0.305901572315367
-0.43469,-0.29113879043267
-0.44497,-0.275494983298874
-0.45449,-0.259000070376834
-0.46322,-0.241688022363791
-0.47112,-0.223587811656622
-0.47815,-0.20472361486708
-0.4843,-0.185137263906813
-0.48953,-0.164861495037519
-0.49381,-0.143928187389952
-0.49713,-0.122382395588789
-0.49945,-0.10025632346075
-0.50076,-0.0775930349577317
-0.50102,-0.0544208825336341
-0.50024,-0.0307924303665992
-0.49839,-0.00674862296618924
-0.49544,0.0176802270732797
-0.49141,0.0424364141981673
-0.48626,0.0674862653416339
-0.47999,0.0927870225963364
-0.4726,0.118289992674966
-0.46408,0.143950639083926
-0.45443,0.169721831867027
-0.44365,0.195555886301663
-0.43175,0.221398835221791
-0.41873,0.247200779094646
-0.40459,0.272916744034071
-0.38936,0.298485073925497
-0.37304,0.32385482967765
-0.35566,0.348963229849162
-0.33722,0.373762170148966
-0.31776,0.398187460446343
-0.29729,0.422186233392635
-0.27585,0.445694375659391
-0.25346,0.46865562468464
-0.23016,0.491007184171809
-0.20599,0.512683104632751
-0.18098,0.533624495498215
-0.15517,0.553772799717594
-0.12861,0.573064379457753
-0.10135,0.591433685311472
-0.073428,0.608824744931814
-0.044905,0.625174303801354
-0.015831,0.640423581620114
0.013738,0.65451506495816
0.043742,0.667391378719221
0.074123,0.678998816521666
0.10482,0.689286399341099
0.13576,0.698198392947189
0.16688,0.705684669913052
0.19813,0.711711139807798
0.22942,0.71622854796567
0.26069,0.719199483788243
0.29187,0.720590249005136
0.32289,0.720371604085191
0.35368,0.718519245468674
0.38417,0.71501405152123
0.41429,0.709842133081249
0.44398,0.703002120293626
0.47315,0.694481107397239
0.50176,0.684294706167156
0.52972,0.672444606456024
0.55698,0.658951269494025
0.58347,0.643835380686794
0.60914,0.627132452615977
0.63391,0.608867191430251
0.65775,0.589092244461964
0.68057,0.567837308426897
0.70235,0.545164811556995
0.72301,0.521117750123194
0.74252,0.495759463771254
0.76083,0.469153345181903
0.77788,0.441353838346552
0.79364,0.412428943053561
0.80806,0.382440977343822
0.82112,0.351468161338112
0.83276,0.319569785028839
0.84297,0.286825143374577
0.85171,0.253305189614065
0.85895,0.219079452510201
0.86468,0.184229001208025
0.86887,0.148826980977305
0.87151,0.112952680388404
0.87257,0.0766730870980154
0.87206,0.0400726852869135
0.86995,0.00321782309435006
0.86625,-0.0338123952003449
0.86095,-0.0709459448673808
0.85405,-0.108111515978585
0.84555,-0.145240787264117
0.83545,-0.182270201499483
0.82377,-0.219127496472305
0.81051,-0.255750668039012
0.79568,-0.292080813616198
0.7793,-0.328056298335414
0.76138,-0.36362292003894
0.74194,-0.398727122727531
0.72099,-0.433325308137338
0.69857,-0.467361497312525
0.6747,-0.500786617775182
0.6494,-0.533559071590837
0.62271,-0.565630209175089
0.59465,-0.596962380499322
0.56528,-0.627498811440839
0.53462,-0.65719897602071
0.50272,-0.686014905539532
0.46963,-0.713894472359203
0.43538,-0.740798926394004
0.40005,-0.766664907356304
0.36368,-0.791441017828544
0.32633,-0.815072608991506
0.28806,-0.837504402760815
0.24894,-0.858675222805924
0.20903,-0.87852869281567
0.16842,-0.896992151559227
0.12717,-0.914004458063629
0.08536,-0.929501132268726
0.043073,-0.943415052360314
0.00038935,-0.955681268631184
-0.042602,-0.966232515235406
-0.085818,-0.975006386699852
-0.12917,-0.981942501267144
-0.17256,-0.986977397550288
-0.21592,-0.990069612556465
-0.25913,-0.991158686065521
-0.30211,-0.990200652064379
-0.34477,-0.987159233555089
-0.38702,-0.982005951464732
-0.42876,-0.974712606832299
-0.4699,-0.965259991080567
-0.51034,-0.953629863512059
-0.55001,-0.939828029602592
-0.5888,-0.923850529674554
-0.62663,-0.905708384037786
-0.66342,-0.885424927355783
-0.69907,-0.863018520681428
-0.7335,-0.838518286006782
-0.76663,-0.811961673794136
-0.79838,-0.783392249188955
-0.82867,-0.752857703869688
-0.85744,-0.72042289222616
-0.88458,-0.686128069480219
-0.91006,-0.650051959561244
-0.93379,-0.612257998532913
-0.95571,-0.572817921622837
-0.97576,-0.531808307234302
-0.99389,-0.489315015759577
-1,-0.437994005184749
-1,-0.376539319745234
-1,-0.308693448997549
-1,-0.237661133733494
-1,-0.166140069907724
-1,-0.0963546166397148
-1,-0.0300918234058409
-1,0.0312609147757681
-1,0.0866772498387434
-1,0.135452963411218
-1,0.177167335604091
-1,0.211645338717111
-1,0.238921130808313
-1,0.259203255914071
-1,0.272841887720781
-0.99019,0.287555906889945
-0.97077,0.309411189382709
-0.94914,0.337666747252412
-0.92534,0.3715547815668
-0.89943,0.410282679736282
-0.87143,0.453080839468994
-0.84142,0.499167806370376
-0.80945,0.547790124249092
-0.77559,0.598217749447095
-0.73991,0.649755480494662
-0.70248,0.701752125617485
-0.6634,0.753585341727436
-0.62275,0.80468633929685
-0.58062,0.854536837376879
-0.53711,0.90266584972992
-0.49233,0.94864633173605
-0.44638,0.992106520403701
-0.39937,1.03272317702813
-0.35143,1.07020774806233
-0.30265,1.10433888561559
-0.25318,1.13491310557596
-0.20312,1.16178600553575
-0.15262,1.18483003734037
-0.10178,1.20397400880645
-0.050749,1.2191602144071
0.00035345,1.23036750040826
0.051397,1.2375990504128
0.10225,1.24087883625005
0.15279,1.24025586072717
0.20288,1.23578922676942
0.2524,1.22755902723057
0.30123,1.2156618510599
0.34923,1.20019178375932
0.39629,1.1812619698307
0.44229,1.1589917520577
0.4871,1.13349598783056
0.53063,1.10491337395088
0.57276,1.0733767403932
0.61337,1.03901129928114
0.65238,1.00196286352348
0.68967,0.962360759446383
0.72516,0.920347404134792
0.75876,0.87606470342922
0.7904,0.829665187350963
0.81998,0.781283621793519
0.84745,0.731073650566504
0.87274,0.679184974458147
0.89579,0.625767165979776
0.91656,0.57098005588927
0.935,0.514979575330272
0.95108,0.457928559203783
0.96478,0.399997807102748
0.97606,0.341344476016513
0.98493,0.282146718972858
0.99137,0.222571828806496
0.9954,0.162802559426436
0.997,0.10299870550129
0.99621,0.0433406293517779
0.99303,-0.0160102070630491
0.98752,-0.0748686465234722
0.97969,-0.133073522259286
0.96959,-0.190458952723716
0.95728,-0.246853563288553
0.94279,-0.302109616073165
0.92619,-0.356074145254858
0.90754,-0.408602839314811
0.88691,-0.4595562291743
0.86438,-0.508796506614368
0.84001,-0.556207116371629
0.8139,-0.601663630373468
0.78613,-0.645054850389975
0.75678,-0.686284673731041
0.72595,-0.725258411283829
0.69374,-0.761886495366741
0.66023,-0.796102103122817
0.62553,-0.827837771754869
0.58975,-0.857028720990949
0.55297,-0.883637606869154
0.51531,-0.907621956844519
0.47687,-0.928952386042607
0.43775,-0.947612092427987
0.39807,-0.963581280681273
0.35792,-0.976861605169632
0.31741,-0.987458277274158
0.27666,-0.995372885733011
0.23575,-1.00063461227649
0.1948,-1.00326544722164
0.15391,-1.0032966483278
0.11318,-1.00076689648484
0.07271,-0.995720549930503
0.032599,-0.988206758720012
-0.0070525,-0.978276704667335
-0.046158,-0.965992716389095
-0.084616,-0.951413809678934
-0.12234,-0.934606236369305
-0.15925,-0.915645443918885
-0.19526,-0.894608110194061
-0.23028,-0.871567102159412
-0.26423,-0.846597792937292
-0.29705,-0.819790422758304
-0.32865,-0.79122264247164
-0.35898,-0.76098942288675
-0.38797,-0.72918227989657
-0.41554,-0.695879960137982
-0.44166,-0.661185578833429
-0.46626,-0.625189313531015
-0.48929,-0.58798300108655
-0.5107,-0.549657011054647
-0.53047,-0.510319914229518
-0.54853,-0.470054658696669
-0.56487,-0.428965223406822
-0.57946,-0.387154470132852
-0.59226,-0.344713690108416
-0.60326,-0.301744018821832
-0.61243,-0.25833642782962
-0.61979,-0.214607611854744
-0.6253,-0.170646867729448
-0.62898,-0.126562711880825
-0.63082,-0.0824533595642002
-0.63084,-0.0384275580565624
-0.62904,0.00541590075934453
-0.62544,0.0489748738497478
-0.62007,0.0921406469889123
-0.61295,0.134810314897088
-0.60411,0.176881837664364
-0.5936,0.218242656944639
-0.58144,0.258797787155055
-0.56768,0.298447647226607
-0.55239,0.337077722722823
-0.5356,0.374594998541239
-0.51738,0.410897616165784
-0.49779,0.445887643407915
-0.4769,0.479466475339539
-0.45479,0.51153115129452
-0.43152,0.541993693000827
-0.40719,0.570751935559004
-0.38186,0.597725558892987
-0.35563,0.622825398878447
-0.32858,0.645973322536495
-0.30081,0.667088370344526
-0.27241,0.686097845046635
-0.24348,0.702931235100993
-0.21411,0.717530047181818
-0.1844,0.729840619577012
-0.15445,0.739815588154518
-0.12436,0.747414884142616
-0.094217,0.752615944662917
-0.064134,0.755392621368355
-0.034201,0.755734480732096
-0.0045167,0.753638469886726
0.024827,0.749113437591793
0.053738,0.742178249609664
0.082124,0.732859963083889
0.1099,0.721197636477256
0.13698,0.70723889429276
0.16329,0.69104649226354
0.18875,0.672689840994218
0.21328,0.652242368610999
0.23681,0.629786608621679
0.25929,0.605425388735292
0.28066,0.579268068139144
0.30085,0.551419195556764
0.31981,0.521991585901376
0.33751,0.491116562800951
0.35389,0.458914679988132
0.36893,0.425524089741993
0.3826,0.391085889295651
0.39486,0.355732155991676
0.40571,0.319613430810156
0.41512,0.282868543732019
0.42309,0.245644899404626
0.42961,0.208084944468407
0.43468,0.170330113674438
0.43832,0.132531367942374
0.44052,0.0948204034868707
0.44131,0.057338657028928
0.4407,0.0202160006616561
0.43871,-0.0164239866817786
0.43539,-0.0524448572705731
0.43074,-0.0877413819068601
0.42482,-0.122192953688509
0.41765,-0.155700418442258
0.40929,-0.188156047119701
0.39977,-0.219471343246699
0.38915,-0.24955458617732
0.37747,-0.278329800099324
0.36479,-0.305722046052462
0.35116,-0.331667722046098
0.33664,-0.356107763605694
0.32128,-0.378996821902212
0.30515,-0.400288094585859
0.28831,-0.419943294417887
0.27082,-0.437933032671641
0.25273,-0.454244265631609
0.23412,-0.468856253740961
0.21505,-0.481758315792864
0.19557,-0.492956434722092
0.17576,-0.502448526417644
0.15566,-0.51025643761208
0.13535,-0.516391895754726
0.11488,-0.520881046154049
0.094315,-0.52375051313943
0.073707,-0.525036810388145
0.053116,-0.524778080714874
0.032595,-0.523018433897003
0.012198,-0.519805312634921
-0.0080246,-0.515190628476296
-0.028023,-0.50922928532587
-0.047751,-0.501980074180448
-0.067163,-0.493504018750103
-0.086215,-0.483863668332328
-0.10487,-0.47312642805287
-0.12308,-0.461353751280191
-0.14082,-0.448617677445104
-0.15805,-0.434985735012971
-0.17475,-0.420534733285635
-0.19087,-0.405324609404379
-0.2064,-0.389429511217246
-0.22131,-0.37291806547751
-0.23558,-0.355859773774713
-0.24919,-0.338322710183324
-0.26212,-0.320371669632086
-0.27436,-0.302074125670195
-0.28589,-0.28349014412678
-0.2967,-0.264679211656737
-0.30679,-0.245705733285502
-0.31614,-0.226621132885411
-0.32476,-0.207486725405043
-0.33263,-0.188347504419868
-0.33976,-0.169255803249013
-0.34615,-0.15026058276576
-0.3518,-0.13140628082433
-0.35671,-0.112731994575704
-0.36088,-0.0942709548479701
-0.36433,-0.0760650492991592
-0.36705,-0.0581393319029
-0.36907,-0.0405336931732118
-0.37038,-0.0232688408423349
-0.37099,-0.00636376069211747
-0.37092,0.0101575568939821
-0.37018,0.026275594866164
-0.36878,0.0419754199749386
-0.36673,0.0572466421858724
-0.36405,0.0720758524268914
-0.36074,0.0864627754230751
-0.35683,0.100395950020583
-0.35233,0.113870374570572
-0.34725,0.126886746338693
-0.3416,0.139450688729235
-0.3354,0.151564585567503
-0.32867,0.163228452493112
-0.32141,0.174455467990408
-0.31365,0.185247152174348
-0.3054,0.195610619566041
-0.29667,0.205557523538482
-0.28749,0.215088278939888
-0.27785,0.224223992211245
-0.26779,0.232965080028065
-0.25732,0.241317599032813
-0.24644,0.24929950747118
-0.23518,0.256915814497919
-0.22355,0.264175847526929
-0.21158,0.271077450890873
-0.19926,0.277638913726289
-0.18663,0.28385760335125
-0.17369,0.289743720588728
-0.16047,0.295295386610623
-0.14698,0.300515851270481
-0.13325,0.305397635232242
-0.11927,0.309954403159946
-0.10508,0.314179543831681
-0.090699,0.318065817057374
-0.076137,0.321612318385021
-0.061416,0.324814404912907
-0.046555,0.32766676980349
-0.031575,0.330162238359303
-0.016494,0.332294546278695
-0.0013347,0.334054863566639
0.013883,0.335434609678846
0.029139,0.336425501080793
0.044414,0.337020327539289
0.059687,0.337211706518015
0.074937,0.336992345281031
0.090145,0.336356732660568
0.10529,0.335299502113145
0.12034,0.333807452796273
0.13529,0.33188142688332
0.15011,0.32951512617866
0.16478,0.326704113492666
0.17929,0.32345301783123
0.19359,0.31974412702232
0.20769,0.315586607017331
0.22155,0.3109741225025
0.23516,0.305910254910858
0.24849,0.30039174345473
0.26152,0.2944173414625
0.27424,0.287994899225634
0.28662,0.281124651676008
0.29864,0.273808127659602
0.31028,0.266047892388554
0.32153,0.257854709405577
0.33237,0.249238309571162
0.34278,0.24020736872126
0.35274,0.230769505165428
0.36224,0.220938693027192
0.37125,0.210718877796284
0.37978,0.200135400613277
0.38779,0.18919320277997
0.39528,0.177910221879557
0.40224,0.166306979958039
0.40865,0.154398123569648
0.4145,0.142200534444389
0.41979,0.129739798866831
0.4245,0.117033003497131
0.42862,0.104097263489316
0.43216,0.0909639796010852
0.43509,0.0776455786940867
0.43741,0.0641609547738997
0.43913,0.050541003074687
0.44024,0.0368105858532348
0.44073,0.0229889338980068
0.4406,0.00909749312747597
0.43985,-0.0048412128547126
0.43848,-0.0188045310864064
0.43649,-0.0327704529472264
0.43388,-0.0467182281853605
0.43065,-0.0606288344661718
0.42681,-0.074477919580594
0.42235,-0.0882524427663569
0.41728,-0.101934217190559
0.4116,-0.115508971168102
0.40532,-0.128958755193499
0.39844,-0.142270709498209
0.39096,-0.155436604275952
0.38289,-0.168444955580377
0.37424,-0.18128214490649
0.36501,-0.193940765892665
0.3552,-0.206418795649771
0.34483,-0.218703993576565
0.33389,-0.230798562705551
0.3224,-0.242694270178285
0.31037,-0.254382241168659
0.29779,-0.265868254985956
0.28469,-0.277140317228025
0.27106,-0.288202142900227
0.25692,-0.299047955071994
0.24228,-0.309671998288156
0.22714,-0.320076195115031
0.21152,-0.33025392866121
0.19543,-0.340199372687564
0.17888,-0.349907586009242
0.16188,-0.359374564764373
0.14445,-0.36858986074975
0.1266,-0.377545585063121
0.10835,-0.386228803243738
0.089708,-0.394631808776346
0.070701,-0.402737340685374
0.051342,-0.410531323268988
0.031654,-0.417995301395875
0.011657,-0.425110076872502
-0.0086253,-0.431853706595186
-0.029171,-0.438204034392293
-0.049955,-0.444137046619281
-0.070948,-0.449624863037879
-0.092124,-0.454639771853955
-0.11345,-0.459149868866662
-0.13491,-0.463133415057359
-0.15645,-0.466549479471987
-0.17805,-0.469368032848022
-0.19968,-0.471561389495826
-0.2213,-0.473097269879432
-0.24287,-0.473940730793729
-0.26436,-0.474063193611519
-0.28573,-0.473434778032291
-0.30694,-0.472025564373244
-0.32796,-0.469814016144476
-0.34874,-0.466771372618218
-0.36924,-0.462871447254088
-0.38943,-0.458098461192696
-0.40926,-0.452430908375668
-0.42869,-0.445850887286828
-0.44769,-0.438351526973804
-0.4662,-0.429913103651785
-0.4842,-0.420535889664476
-0.50162,-0.41019953908216
-0.51845,-0.398912237739337
-0.53463,-0.386668215850569
-0.55013,-0.373473028789253
-0.56489,-0.359319242062553
-0.5789,-0.344226327850611
-0.5921,-0.328198155408442
-0.60445,-0.311240889860312
-0.61593,-0.293377335197383
-0.62649,-0.274621076320208
-0.63611,-0.25500023645926
-0.64474,-0.2345318495094
-0.65235,-0.213238448620777
-0.65893,-0.191161272764563
-0.66443,-0.168326038899446
-0.66884,-0.144774899326423
-0.67212,-0.120539971707398
-0.67426,-0.095666618637229
-0.67524,-0.0702022589882938
-0.67503,-0.044187274249599
-0.67364,-0.0176848123182146
-0.67102,0.00926976670970237
-0.66719,0.0366127992858426
-0.66212,0.0642966239086841
-0.65582,0.092258330811621
-0.64828,0.120439375403097
-0.6395,0.148779107954227
-0.62948,0.177217040372763
-0.61823,0.205687297822618
-0.60576,0.234121704786512
-0.59206,0.262467151059852
-0.57718,0.290640057253268
-0.56111,0.318579231881265
-0.54387,0.346221353757758
-0.5255,0.373488694535464
-0.50601,0.400316587345927
-0.48543,0.426638270819112
-0.4638,0.452380148119191
-0.44115,0.477472946313491
-0.41751,0.501853221697956
-0.39293,0.525449650892648
-0.36744,0.548201782884983
-0.34109,0.570045300825224
-0.31393,0.590915047550078
-0.286,0.610754888099613
-0.25735,0.629510645932626
-0.22804,0.647124366281691
-0.19812,0.663544581050503
-0.16764,0.6787270212603
-0.13667,0.692620215665116
-0.10525,0.705191046200631
-0.073459,0.716393833659314
-0.041346,0.726196771930629
-0.0089736,0.734570616965058
0.023593,0.741487634215106
0.056293,0.746925872243632
0.089061,0.750865785455395
0.12183,0.753289651016465
0.15455,0.75419479051305
0.18714,0.753568318159885
0.21954,0.751405484948362
0.25168,0.747701295327994
0.2835,0.742458527498494
0.31494,0.735686577918875
0.34592,0.727385541310709
0.37638,0.717563169972439
0.40626,0.706233523901749
0.4355,0.693415700339494
0.46401,0.679110460020453
0.49175,0.663340994805106
0.51865,0.646126013993801
0.54465,0.627487734823619
0.56967,0.607436008111536
0.59368,0.586007588784472
0.61659,0.563215714305754
0.63836,0.539091406301676
0.65893,0.513664498069349
0.67824,0.486963149567098
0.69625,0.459028265134374
0.7129,0.42989517933134
0.72814,0.399601202764608
0.74194,0.368199021975269
0.75424,0.335730101777525
0.76502,0.302255284675266
0.77423,0.267827151848371
0.78186,0.232519709674527
0.78785,0.19638516454852
0.79221,0.159508368282741
0.79491,0.121968470106666
0.79593,0.0838451098165857
0.79527,0.0452307465437495
0.79292,0.00621804140665776
0.78888,-0.0330955625630057
0.78316,-0.0726043150263496
0.77578,-0.11219156822861
0.76674,-0.151750201077988
0.75606,-0.19116930308829
0.74379,-0.230316190354969
0.72993,-0.269081679416327
0.71455,-0.307327264428254
0.69765,-0.344946897111003
0.67932,-0.381797645686951
0.65957,-0.417770539637296
0.63848,-0.452735887914736
0.61609,-0.486581146539192
0.59247,-0.519189252931621
0.56769,-0.550443503845075
0.54179,-0.580253693298031
0.51487,-0.608509960971625
0.48699,-0.635120077967949
0.45822,-0.660002070861875
0.42864,-0.683078031366986
0.39832,-0.704283816887387
0.36735,-0.723554320299941
0.33579,-0.740848594430246
0.30373,-0.75612508846728
0.27126,-0.769343869881679
0.23844,-0.780490527492074
0.20537,-0.789542977841261
0.17211,-0.796504043882969
0.13876,-0.801367855015585
0.10538,-0.804152115057915
0.072055,-0.804875374761334
0.03887,-0.803557130660483
0.0058961,-0.80022809585713
-0.026788,-0.794922229196258
-0.05911,-0.787680524590325
-0.090993,-0.778545686042049
-0.12237,-0.767568455119748
-0.15316,-0.754794764132554
-0.1833,-0.740279111226146
-0.21273,-0.724083967340884
-0.24137,-0.706262027080472
-0.26917,-0.686879075557265
-0.29607,-0.666002441998735
-0.322,-0.643691603530329
-0.34692,-0.620020342500107
-0.37076,-0.595049809368252
-0.3935,-0.568866263918699
-0.41507,-0.541536840438284
-0.43543,-0.513133511447465
-0.45456,-0.483744831801741
-0.47241,-0.453447965142709
-0.48894,-0.422315971606362
-0.50414,-0.390438533266824
-0.51798,-0.357901220714182
-0.53043,-0.324783647200368
-0.54148,-0.291172884246683
-0.55111,-0.25715186123991
-0.55931,-0.222804885609838
-0.56607,-0.188214628816749
-0.5714,-0.153474507655033
-0.57529,-0.118668779369021
-0.57774,-0.0838788958513294
-0.57876,-0.0491886671224012
-0.57837,-0.014688345541811
-0.57657,0.0195444528729798
-0.5734,0.0534154413808869
-0.56886,0.0868496581810627
-0.56299,0.119760826168566
-0.55581,0.152071344710051
-0.54736,0.183698601467423
-0.53767,0.214566270092403
-0.52679,0.244591071753229
-0.51475,0.273701877589491
-0.5016,0.301825215386107
-0.4874,0.328881050269763
-0.47218,0.354809137331412
-0.456,0.37954538270554
-0.43892,0.40302508158263
-0.421,0.425185531866183
-0.4023,0.445968083188646
-0.38288,0.465319680454761
-0.3628,0.48319395992935
-0.34213,0.499544556080542
-0.32093,0.51433448655559
-0.29928,0.527521269247052
-0.27724,0.539074635228996
-0.25488,0.548968283665902
-0.23228,0.557173116431165
-0.20949,0.563681418351198
-0.1866,0.568473999909953
-0.16366,0.571553154698717
-0.14075,0.572916863720881
-0.11794,0.572567670378482
-0.095289,0.57052041599487
-0.072864,0.566794073651282
-0.050724,0.561416858591026
-0.028933,0.55442045205323
-0.0075505,0.545842238472031
0.013369,0.535727284250255
0.033766,0.524122291361424
0.053592,0.511082466258174
0.072796,0.496666801941976
0.09133,0.480938195735485
0.10915,0.463964130033901
0.12621,0.445812612018059
0.14248,0.426562148879012
0.15792,0.406290237114096
0.17249,0.385071454641675
0.18617,0.362990735395125
0.19892,0.34012416806001
0.21073,0.316560682553325
0.22158,0.292389568878823
0.23145,0.267697764109128
0.24031,0.242560278157287
0.24818,0.217077117687592
0.25503,0.191328408074379
0.26087,0.165405266915748
0.26569,0.13938998483902
0.2695,0.113369835209899
0.27229,0.0874184575229943
0.27409,0.0616255556935524
0.2749,0.0360686265135301
0.27473,0.0108200530862102
0.27361,-0.0140396750109839
0.27154,-0.0384485095346393
0.26855,-0.0623394032956657
0.26467,-0.0856437454175823
0.25992,-0.108301564827134
0.25432,-0.130262143080104
0.24791,-0.151469482835264
0.24071,-0.171880311736579
0.23277,-0.191441275208393
0.2241,-0.210122580851819
0.21475,-0.227885330002458
0.20476,-0.244692390714421
0.19416,-0.260517091744228
0.18299,-0.275335155634238
0.17128,-0.28913291315799
0.15909,-0.301884041890499
0.14644,-0.313582890169119
0.13338,-0.324219005403721
0.11995,-0.33378629110897
0.1062,-0.342275447672246
0.092154,-0.349694561760868
0.077873,-0.356038630901823
0.063391,-0.361312643312079
0.048751,-0.365523262363759
0.033999,-0.368676494186164
0.019176,-0.370781710205354
0.0043197,-0.37185351705607
-0.010519,-0.371900897806826
-0.025306,-0.370940763504956
-0.039993,-0.368985714334204
-0.054544,-0.366053861056074
-0.068918,-0.362163776937849
-0.083073,-0.357333351964362
-0.096973,-0.351584038216036
-0.11058,-0.34493823970351
-0.12386,-0.337421600310397
-0.13677,-0.329055125523239
-0.14928,-0.319865199684845
-0.16137,-0.309889283516279
-0.17299,-0.299150619065391
-0.18411,-0.287675161363272
-0.19472,-0.275505131153555
-0.20478,-0.262672527872861
-0.21427,-0.249215005389158
-0.22317,-0.2351737038922
-0.23145,-0.220583997978127
-0.23909,-0.205482956234849
-0.24608,-0.18991528937076
-0.2524,-0.173923141238437
-0.25804,-0.157552701691768
-0.26299,-0.14085201609034
-0.26723,-0.123861756151803
-0.27076,-0.106630137629475
-0.27358,-0.0892099411460933
-0.27567,-0.0716411868678918
-0.27704,-0.053974458297436
-0.27768,-0.0362524300189922
-0.2776,-0.0185247571433959
-0.27681,-0.000845091263458202
-0.2753,0.016746230607692
-0.27308,0.0342062307886064
-0.27017,0.0514839085607837
-0.26657,0.0685383001312285
-0.2623,0.0853232009489456
-0.25737,0.101797186693222
-0.2518,0.117916779254912
-0.2456,0.133645791896494
-0.2388,0.148940489000493
-0.23141,0.163767407284223
-0.22345,0.178095269336097
-0.21496,0.19188101551869
-0.20593,0.205110619561239
-0.19642,0.217742483511828
-0.18643,0.229758672116978
-0.17599,0.241139021637
-0.16514,0.251855122088663
-0.15389,0.26189524793641
-0.14227,0.271247035464698
-0.13031,0.279898323718439
-0.11804,0.287837807873997
-0.10547,0.295070323165072
-0.092654,0.301581398301001
-0.079603,0.307373509075254
-0.066343,0.312451944134149
-0.052906,0.31681998750556
-0.039314,0.320486897868753
-0.025596,0.323461590402876
-0.011774,0.325757887773016
0.0021251,0.327389802047625
0.016079,0.328374731644199
0.030063,0.328730749925279
0.044058,0.328480297148424
0.058038,0.327643775075689
0.071983,0.326243953842644
0.085875,0.324306480566895
0.09969,0.321854276771379
0.11341,0.318911945012082
0.12702,0.315507036664672
0.1405,0.311665062373259
0.15383,0.307409200242101
0.16699,0.302760098552098
0.17998,0.297750559075565
0.19276,0.292392667945547
0.20534,0.286718387276704
0.2177,0.280752577473848
0.22982,0.274513618601333
0.24169,0.268021453658439
0.2533,0.261296625256545
0.26464,0.254359479662119
0.27569,0.247222126590018
0.28645,0.239904352298678
0.2969,0.232416659367581
0.30704,0.224776420737175
0.31685,0.216991134600462
0.32632,0.209067370116787
0.33544,0.201010602684383
0.34421,0.192832513256493
0.3526,0.184527132234456
0.3606,0.176089046482891
0.36821,0.167520667582207
0.37541,0.158815717939304
0.38219,0.149968344047012
0.38853,0.140965664058339
0.39442,0.131796745990103
0.39985,0.122452411897269
0.40481,0.112925053954777
0.40927,0.103193665570278
0.41324,0.0932565098697769
0.41669,0.0830977999720121
0.41961,0.0727055976707761
0.42199,0.0620713537117625
0.42382,0.0511894669081898
0.42508,0.040049466986269
0.42577,0.0286520351373261
0.42587,0.0169920517481125
0.42538,0.00507467442644726
0.42428,-0.00710155229236985
0.42257,-0.0195285535983553
0.42023,-0.0322055471928078
0.41726,-0.0451228313730986
0.41366,-0.0582637430798551
0.40941,-0.0716212088506951
0.40451,-0.0851812650990907
0.39896,-0.0989247554269148
0.39276,-0.112828834466232
0.3859,-0.126875681744503
0.37837,-0.141052017533585
0.37019,-0.15532642119144
0.36135,-0.169675899185815
0.35185,-0.184077507542281
0.3417,-0.19850161817522
0.33089,-0.212928864677351
0.31944,-0.227326568494825
0.30736,-0.24165967607115
0.29464,-0.255907040814372
0.2813,-0.27003722861516
0.26735,-0.284018880510629
0.2528,-0.297821672328179
0.23768,-0.311402279882004
0.22198,-0.324737790799024
0.20573,-0.337792956166748
0.18895,-0.35053110913851
0.17165,-0.362923005220256
0.15387,-0.374924183631472
0.13562,-0.386501498416267
0.11692,-0.397624637828357
0.097814,-0.408248877050716
0.078319,-0.41833927176956
0.058469,-0.427857370890026
0.038295,-0.436765404538845
0.017831,-0.445025211260419
-0.0028922,-0.45260197897347
-0.023835,-0.459458307314661
-0.04496,-0.465557631095599
-0.066233,-0.470867703485926
-0.087611,-0.475354424467539
-0.10906,-0.478990085281956
-0.13053,-0.481741360728751
-0.15198,-0.483578266770706
-0.17338,-0.484482774889574
-0.19468,-0.484432525220385
-0.21584,-0.483409997391665
-0.23681,-0.481394975217399
-0.25756,-0.478380726505497
-0.27803,-0.474349708470163
-0.2982,-0.469306031063114
-0.31801,-0.463241883381706
-0.33743,-0.456162543507535
-0.35642,-0.448076595283146
-0.37493,-0.438987944130255
-0.39293,-0.428911667305966
-0.41039,-0.417871691085156
-0.42726,-0.405883880617496
-0.44351,-0.392972173300479
-0.45911,-0.379166553856928
-0.47402,-0.364493848153469
-0.48823,-0.34899994327632
-0.50169,-0.332715404989444
-0.51439,-0.315687299354898
-0.5263,-0.297960003930137
-0.5374,-0.279581973566472
-0.54767,-0.260603656853497
-0.55708,-0.241068335386876
-0.56564,-0.221041874280046
-0.57331,-0.200569525450462
-0.5801,-0.179715574576645
-0.58598,-0.158528202870703
-0.59096,-0.137070724928438
-0.59503,-0.115401968987867
-0.59818,-0.0935753480039851
-0.60042,-0.0716530111664508
-0.60174,-0.0496874165097569
-0.60216,-0.0277436890408134
-0.60166,-0.0058655172040387
-0.60026,0.0158926347009186
-0.59797,0.0374768414581879
-0.59479,0.0588428299347621
-0.59075,0.0799335051303151
-0.58584,0.100712951089871
-0.58008,0.121141528157535
-0.5735,0.141170698964525
-0.56609,0.160776064626623
-0.55789,0.179916809091641
-0.5489,0.198570002400207
-0.53915,0.216706005942583
-0.52865,0.234305802013672
-0.51742,0.251352488898559
-0.50548,0.267831760251395
-0.49285,0.28373220907936
-0.47955,0.299045482131739
-0.46561,0.313758910781869
-0.45104,0.327871852239949
-0.43586,0.341386347155438
-0.4201,0.354299504358542
-0.40377,0.366619653900051
-0.38691,0.378342072458926
-0.36953,0.389474108834062
-0.35166,0.400018119619883
-0.33332,0.40998001649154
-0.31454,0.419361247922795
-0.29534,0.428167224862751
-0.27575,0.436399198505147
-0.25579,0.444062598085088
-0.23548,0.451166233400424
-0.21485,0.4577141571352
-0.19393,0.46370660676529
-0.17273,0.469155639199889
-0.1513,0.474053039734346
-0.12964,0.478411533498273
-0.10779,0.482230886402696
-0.085768,0.485516770102589
-0.063609,0.488266954376566
-0.041332,0.49048478305753
-0.018963,0.492172874539854
0.0034688,0.49333087125945
0.02594,0.493960352186091
0.048421,0.494059862217974
0.070888,0.493629856587861
0.093309,0.492666278431837
0.11566,0.49116747830454
0.1379,0.489121235039851
0.16001,0.486523411125457
0.18196,0.483368376340223
0.20371,0.479642073200223
0.22522,0.475324036699737
0.24648,0.470411379932659
0.26744,0.464885914081247
0.28806,0.458725028362446
0.30832,0.451917968656044
0.32817,0.44444168554404
0.34759,0.436286073809692
0.36652,0.427422213090644
0.38495,0.417843830937905
0.40282,0.407526183920874
0.4201,0.396452572142914
0.43677,0.384620714597123
0.45278,0.37201794829284
0.4681,0.358638489019066
0.48269,0.344474972717409
0.49652,0.329526473470862
0.50957,0.313804801983114
0.5218,0.297317067312585
0.5332,0.280088717996202
0.54372,0.262129853328024
0.55336,0.243475017258749
0.56209,0.224155455404031
0.5699,0.204213808496168
0.57677,0.183693445544596
0.58269,0.162644614149869
0.58766,0.141129190895301
0.59167,0.119209389817394
0.59471,0.0969460113486896
0.59679,0.0744118175454382
0.59792,0.0516871777611421
0.59809,0.0288415338390758
0.59732,0.00595567626029298
0.59562,-0.0168902216395663
0.593,-0.0396188725263077
0.58948,-0.0621502765015461
0.58507,-0.084412110617777
0.5798,-0.106325752064618
0.57368,-0.127824793620857
0.56675,-0.148832698956409
0.55903,-0.169282060378883
0.55055,-0.189107717154235
0.54134,-0.208248572264124
0.53142,-0.226656366833609
0.52082,-0.244287646819729
0.50959,-0.261089774128891
0.49775,-0.277026863781057
0.48534,-0.292063275398468
0.47239,-0.306172491355964
0.45893,-0.319336632701956
0.445,-0.331538440093487
0.43063,-0.342769568246317
0.41585,-0.353029624495623
0.40071,-0.362310372532508
0.38522,-0.370627550785709
0.36943,-0.377986703220258
0.35337,-0.384400248878727
0.33705,-0.389901025750093
0.32053,-0.394500878272713
0.30382,-0.398231739967225
0.28696,-0.401119014768181
0.26996,-0.40320463880667
0.25287,-0.404513427006441
0.23571,-0.405078120595573
0.2185,-0.40493713994236
0.20127,-0.404125202816178
0.18404,-0.402680615306744
0.16684,-0.40063622701385
0.14968,-0.398034439124648
0.1326,-0.394902042619755
0.1156,-0.391282085592945
0.098713,-0.387205120565949
0.081951,-0.38270627110208
0.065333,-0.377818133661144
0.04887,-0.372576200013191
0.032579,-0.367012780736841
0.016475,-0.361158089713991
0.00056326,-0.35504688097506
-0.015138,-0.348706879765414
-0.030624,-0.34216915308368
-0.045883,-0.335461281980315
-0.06091,-0.328612073981785
-0.075694,-0.321645898225249
-0.090233,-0.314589322149993
-0.10452,-0.307466044392721
-0.11854,-0.30029066102133
-0.13231,-0.293093457378733
-0.1458,-0.285881557392721
-0.15903,-0.278679951183483
-0.17198,-0.271497535203934
-0.18466,-0.264351937339912
-0.19706,-0.257252319653093
-0.20917,-0.250200533771497
-0.221,-0.243207035110727
-0.23255,-0.236281313724835
-0.24381,-0.229424219708961
-0.25479,-0.222644194000912
-0.26548,-0.215940579013606
-0.27588,-0.209312600315229
-0.28599,-0.202759219631711
-0.29581,-0.196279037319734
-0.30535,-0.189877634307981
-0.31461,-0.183558532831727
-0.32358,-0.177315972474137
-0.33227,-0.171151518124302
-0.34068,-0.165065078273357
-0.3488,-0.159047719444669
-0.35665,-0.153105693757132
-0.36423,-0.147242446991634
-0.37153,-0.141451596395552
-0.37857,-0.13574110847977
-0.38533,-0.130100648239475
-0.39183,-0.124534910184665
-0.39806,-0.119038325049549
-0.40402,-0.113604531513259
-0.40972,-0.108234032254259
-0.41516,-0.102925407036734
-0.42032,-0.0976608875513857
-0.42522,-0.0924395281657035
-0.42984,-0.0872443462165865
-0.43419,-0.0820680362304847
-0.43826,-0.0768964700082575
-0.44204,-0.0717103769052176
-0.44554,-0.0665016296451758
-0.44873,-0.0612417179668851
-0.45161,-0.0559086442102876
-0.45418,-0.0504862539221645
-0.45642,-0.0449487753417959
-0.45833,-0.0392782028060702
-0.45989,-0.0334485329613749
-0.46108,-0.0274280685023949
-0.46191,-0.0212036206934935
-0.46234,-0.0147403878393418
-0.46238,-0.00802414964728083
-0.46201,-0.00103558553518211
-0.4612,0.00625548666377615
-0.45995,0.0138648905639087
-0.45825,0.0218037057354326
-0.45607,0.0300935221968799
-0.4534,0.0387488826732565
-0.45024,0.0477707057126561
-0.44655,0.0571783095607646
-0.44234,0.0669681873045469
-0.43759,0.0771405401335503
-0.43228,0.0876983774861088
-0.4264,0.0986393390081738
-0.41995,0.109949247391293
-0.41292,0.121612011172541
-0.4053,0.133610270766718
-0.39708,0.145925972797415
-0.38825,0.15854087230695
-0.37882,0.171422167572481
-0.36877,0.184548294288439
-0.35812,0.19787767206145
-0.34687,0.211368427804498
-0.335,0.224994322761009
-0.32254,0.238705449068796
-0.30948,0.252463750811698
-0.29584,0.266219594258133
-0.28161,0.279937592688967
-0.26683,0.293557907739844
-0.25149,0.307039674709733
-0.23561,0.320336369011851
-0.21922,0.333390920713467
-0.20233,0.34615425172423
-0.18496,0.358577847245245
-0.16713,0.370615179348756
-0.14886,0.382222824494504
-0.13019,0.393346508185281
-0.11114,0.403939732908128
-0.091734,0.413960856872656
-0.072006,0.423366197807003
-0.051985,0.432115632730046
-0.031703,0.440171111195481
-0.011193,0.447496891914555
0.0095114,0.454059975520873
0.030373,0.459828167178842
0.051356,0.464772193214463
0.072424,0.468865852092682
0.093539,0.472085316165358
0.11466,0.474407468021579
0.13575,0.475813712336001
0.15676,0.476281089517259
0.17767,0.475805543727926
0.19842,0.474369148900883
0.21897,0.47195841418698
0.23929,0.4685715092569
0.25933,0.464201593092649
0.27906,0.45885307831336
0.29844,0.452532245253337
0.31742,0.445239611838155
0.33597,0.436986095925451
0.35406,0.4277909642001
0.37165,0.41767255335983
0.3887,0.40664818519306
0.40519,0.394748888760882
0.42108,0.382001305863323
0.43633,0.368427984054843
0.45093,0.354069874683181
0.46485,0.338966990778303
0.47805,0.323150211639243
0.49051,0.306657061365375
0.50221,0.289529433234853
0.51313,0.271811622119492
0.52323,0.253533854316735
0.53252,0.234751118957646
0.54095,0.215492445711878
0.54853,0.195809424406935
0.55522,0.175733342675601
0.56103,0.155315109133383
0.56593,0.134590336539155
0.56991,0.113595953853793
0.57297,0.0923761424547703
0.57509,0.0709647354975506
0.57629,0.0494156650059814
0.57654,0.0277604059285742
0.57585,0.00604080625871371
0.57423,-0.0156943202816094
0.57168,-0.037399515952252
0.56819,-0.0590409272902954
0.56379,-0.0805656898607197
0.55848,-0.101929520840114
0.55227,-0.123089158274448
0.54517,-0.14400365548682
0.53721,-0.164620579219273
0.52841,-0.184887371747352
0.51877,-0.204767917139579
0.50833,-0.224211110988148
0.4971,-0.243177696463934
0.48513,-0.261609814593778
0.47242,-0.279473515498078
0.45903,-0.296711053655564
0.44496,-0.313291817307934
0.43027,-0.329163925867128
0.41498,-0.344289736303064
0.39913,-0.358629714383358
0.38276,-0.372144284855705
0.36591,-0.384795320926154
0.34861,-0.396554705561773
0.3309,-0.407396185502817
0.31282,-0.41729615281904
0.29442,-0.426226799716297
0.27573,-0.434172887618564
0.25679,-0.441122744217483
0.23764,-0.447068305258985
0.21832,-0.452005038917997
0.19887,-0.455931775682772
0.17931,-0.458865260860425
0.1597,-0.460807025813453
0.14007,-0.461768822006089
0.12044,-0.461778035396108
0.10086,-0.46085204477518
0.08135,-0.45902215849977
0.061948,-0.456317011481898
0.04268,-0.45277141125359
0.023575,-0.448422178458197
0.0046596,-0.443308703575639
-0.01404,-0.43747181455663
-0.032501,-0.430955011068837
-0.050702,-0.423803877175338
-0.06862,-0.416063301706651
-0.086238,-0.407780842989858
-0.10354,-0.399005642029599
-0.1205,-0.389779338212948
-0.13711,-0.380149617450589
-0.15335,-0.370158759365782
-0.16922,-0.359858192163582
-0.1847,-0.349290380593809
-0.19977,-0.338489226275745
-0.21444,-0.327502774460297
-0.22868,-0.31635936423784
-0.24251,-0.305107408233055
-0.25589,-0.293765563092135
-0.26884,-0.282372078881519
-0.28135,-0.270957494093347
-0.29341,-0.259545019087753
-0.30501,-0.248151020842462
-0.31616,-0.236800380702537
-0.32686,-0.225516474061612
-0.3371,-0.214313140742329
-0.34688,-0.203203249534327
-0.35619,-0.192190835319719
-0.36504,-0.181287187639059
-0.37343,-0.170501457522091
-0.38134,-0.159825758899626
-0.38879,-0.149267983813737
-0.39577,-0.13882608875317
-0.40228,-0.128497231346946
-0.40832,-0.118277768975248
-0.41388,-0.108155898001962
-0.41896,-0.0981207378591921
-0.42356,-0.0881622507183861
-0.42767,-0.0782637805045814
-0.4313,-0.0684184183713394
-0.43444,-0.0586123784570058
-0.43709,-0.0488339844507536
-0.43925,-0.0390734763278463
-0.44091,-0.0293154260454181
-0.44207,-0.0195475756910124
-0.44274,-0.00976789528167957
-0.4429,3.95599751065182e-05
-0.44257,0.00987196667415782
-0.44173,0.0197410365361495
-0.4404,0.029640303020666
-0.43857,0.0395709926954199
-0.43625,0.0495256903099615
-0.43344,0.0594975870350824
-0.43014,0.0694805229674131
-0.42637,0.0794542161893083
-0.42212,0.0894097047555997
-0.41741,0.0993251913921711
-0.41225,0.109176500193601
-0.40664,0.118945572609534
-0.40059,0.1286123842672
-0.39412,0.138148494999291
-0.38724,0.147526866837172
-0.37996,0.156722358094223
-0.37231,0.16569729632431
-0.36428,0.174434565357541
-0.3559,0.182904593693428
-0.34718,0.191083463577779
-0.33814,0.198945178263838
-0.32879,0.206470289975415
-0.31916,0.213630505531319
-0.30926,0.220406098420044
-0.2991,0.22678493870073
-0.2887,0.232754132742463
-0.27808,0.238300702398508
-0.26726,0.243412130063761
-0.25625,0.248084181031179
-0.24506,0.252319601030392
-0.23372,0.256112091566246
-0.22224,0.259463199184688
-0.21063,0.262380923378202
-0.1989,0.264878425801509
-0.18708,0.266958051008049
-0.17518,0.26862828945524
-0.1632,0.269909880352602
-0.15117,0.270810822550922
-0.13909,0.271350921139481
-0.12697,0.271551664907229
-0.11483,0.271428011829158
-0.10268,0.270996705470865
-0.090525,0.270279215303245
-0.078377,0.269295097545659
-0.066242,0.268066293928263
-0.054127,0.266615341798676
-0.042042,0.26496242226839
-0.02999,0.263130422225834
-0.017978,0.261140795009479
-0.0060093,0.259015944090931
0.0059093,0.256775781321891
0.017776,0.254441292075871
0.029586,0.252031453239596
0.041337,0.249564859783649
0.053026,0.247058670016629
0.06465,0.244528303158066
0.076207,0.241987973734872
0.087696,0.239451149065349
0.099111,0.236926496188457
0.11045,0.234421392203123
0.12172,0.231948485839528
0.1329,0.229503486723337
0.14401,0.227098735136984
0.15503,0.224729925337438
0.16596,0.222394097894492
0.17679,0.220081916737533
0.18754,0.217801208783346
0.19818,0.215536338770772
0.20872,0.213282643728957
0.21915,0.21102953135733
0.22947,0.208769217131436
0.23966,0.206481513249401
0.24974,0.204166278649809
0.25968,0.201802506110781
0.26948,0.199375065817694
0.27914,0.196873926582216
0.28864,0.194278623675056
0.29798,0.191575603503997
0.30715,0.188749847453332
0.31613,0.185778171835326
0.32492,0.182646234159588
0.3335,0.1793324396052
0.34187,0.175824756314084
0.35,0.172097049249795
0.35789,0.168134755126022
0.36552,0.163918305233401
0.37287,0.159424697966352
0.37992,0.154628857170176
0.38667,0.149519583965651
0.39308,0.144067691927804
0.39915,0.138259964543709
0.40485,0.132074344394181
0.41017,0.125497156933763
0.41507,0.118499795779274
0.41954,0.111064696187376
0.42357,0.103183803919483
0.42712,0.0948349207756521
0.43017,0.0859999809757796
0.43272,0.0766796759943393
0.43473,0.0668603931114377
0.43618,0.0565323100879766
0.43706,0.0456964761990904
0.43734,0.0343480536746701
0.43702,0.0224999407293444
0.43607,0.010156970716163
0.43449,-0.00266030532727509
0.43226,-0.0159338510889795
0.42937,-0.0296406003081996
0.42581,-0.0437539243030535
0.42158,-0.0582375282582756
0.41667,-0.0730555934719783
0.41109,-0.0881587740350383
0.40482,-0.103510269120339
0.39787,-0.119062169704504
0.39025,-0.134758900885663
0.38196,-0.150547612931432
0.373,-0.166379125688877
0.3634,-0.182186441328388
0.35316,-0.197912288528038
0.34229,-0.213501519865665
0.33082,-0.228887571578611
0.31875,-0.244018852799012
0.3061,-0.258842680367802
0.2929,-0.273299785417227
0.27917,-0.287334863445661
0.26493,-0.300897599903642
0.2502,-0.313943393800432
0.23501,-0.32642641657952
0.21938,-0.338308854223417
0.20335,-0.349545968690904
0.18693,-0.360111224265623
0.17017,-0.369964300703004
0.15309,-0.379077441768442
0.13572,-0.387426779257654
0.11808,-0.395000038415395
0.10022,-0.401772857638258
0.082167,-0.407729197523786
0.06395,-0.412859069730347
0.045602,-0.417155065257516
0.027156,-0.42061243411388
0.0086473,-0.423227361285952
-0.009892,-0.42499960147234
-0.028426,-0.425929313491171
-0.046925,-0.426021875216778
-0.065351,-0.425280884979678
-0.083671,-0.423712382067672
-0.10185,-0.421322985370854
-0.11986,-0.418125015627905
-0.13766,-0.414125664532643
-0.15522,-0.4093361262523
-0.17251,-0.403770697346187
-0.1895,-0.397445955682762
-0.20615,-0.390372623346452
-0.22243,-0.382563928215227
-0.23832,-0.374042260864448
-0.25378,-0.36482210267555
-0.26879,-0.354926036785074
-0.28332,-0.34437523629061
-0.29734,-0.33318921486005
-0.31084,-0.321400443190512
-0.32378,-0.309028800312009
-0.33615,-0.296105665077586
-0.34792,-0.282656035471339
-0.35908,-0.268713852921972
-0.36961,-0.25431191726907
-0.37949,-0.239481168488473
-0.38871,-0.224257531334575
-0.39726,-0.208679892129983
-0.40512,-0.192780979805418
-0.41229,-0.17660234393034
-0.41877,-0.160191393100349
-0.42454,-0.143584051095297
-0.42961,-0.12682803244584
-0.43397,-0.109964298178505
-0.43763,-0.0930418549594407
-0.44059,-0.0761072693428591
-0.44285,-0.0592036594698431
-0.44443,-0.0423847450278122
-0.44532,-0.0256889022397973
-0.44555,-0.00917040572501357
-0.44513,0.0071201911061528
-0.44407,0.0231369898036443
-0.44238,0.0388394019454837
-0.44008,0.0541851603970269
-0.4372,0.0691247361597496
-0.43374,0.083626615434128
-0.42974,0.0976454453850386
-0.42521,0.111148497210444
-0.42017,0.124107086945604
-0.41465,0.136489564371319
-0.40868,0.148263128487252
-0.40227,0.159410108515334
-0.39545,0.169911113803035
-0.38824,0.179753683120239
-0.38067,0.188924271872947
-0.37276,0.197416601905191
-0.36455,0.205215998346942
-0.35604,0.212331344459413
-0.34727,0.218761047660964
-0.33826,0.224510239312807
-0.32904,0.229582246618348
-0.31961,0.234001334051505
-0.31002,0.237771303436141
-0.30027,0.240916588760905
-0.29039,0.24345564749781
-0.28039,0.245416630797176
-0.2703,0.246820147463012
-0.26012,0.247702520844515
-0.24987,0.248097121550777
-0.23957,0.248034163611945
-0.22923,0.24754798132386
-0.21885,0.2466827618698
-0.20845,0.245474700002065
-0.19803,0.243967375967306
-0.1876,0.242201739995177
-0.17716,0.240222875051107
-0.16673,0.238063121961638
-0.15629,0.235773157637777
-0.14586,0.233387379974604
-0.13543,0.230948181565485
-0.12501,0.22848830022748
-0.11458,0.226053809791532
-0.10417,0.223663118357363
-0.093747,0.221358195143329
-0.083327,0.219162401768106
-0.072904,0.217099493779333
-0.062475,0.215190419918337
-0.052037,0.213453033667943
-0.041589,0.211900460417086
-0.031129,0.210542123046069
-0.020654,0.209384668044181
-0.010162,0.208431312246318
0.00034861,0.207681866003286
0.01088,0.207133554157245
0.021434,0.206781092954471
0.032012,0.206616758793496
0.042612,0.206628341160976
0.053239,0.206805310932078
0.063889,0.207131934577807
0.074562,0.207591493393848
0.085258,0.208166770177309
0.095974,0.208838257358607
0.10671,0.209587230522154
0.11745,0.210384171071991
0.12821,0.211215234965057
0.13898,0.212060309477265
0.14975,0.212894741304183
0.16052,0.213698253068909
0.17128,0.214447242120345
0.18203,0.215123469992767
0.19275,0.215698752898499
0.20344,0.216152476062977
0.21409,0.21646333983157
0.22469,0.216610138134783
0.23523,0.216572393534378
0.2457,0.216330860606388
0.25608,0.215860511683468
0.26635,0.215132432446991
0.27652,0.214137647839499
0.28656,0.212854055115831
0.29645,0.2112570973177
0.30618,0.209328424806859
0.31574,0.207055331334818
0.32512,0.204430166242539
0.33428,0.201427541880005
0.34323,0.198045584314947
0.35194,0.194272011271353
0.36041,0.190108840001436
0.36862,0.18555494621711
0.37655,0.180606875488504
0.3842,0.175274337501545
0.39155,0.169562764800189
0.39859,0.163481544900293
0.40531,0.157043141181565
0.4117,0.150262293356274
0.41774,0.143147901604803
0.42344,0.135726204514046
0.42877,0.128007226033755
0.43373,0.120009905532419
0.4383,0.11174511809152
0.44249,0.103239167622624
0.44628,0.0945079350734607
0.44966,0.0855658809831595
0.45262,0.0764259193930097
0.45515,0.0670993439705501
0.45725,0.0576031982057687
0.45891,0.047951270153477
0.46011,0.0381469087960307
0.46085,0.0281996787212002
0.46112,0.0181164312456388
0.46091,0.0079015752892684
0.46021,-0.00244264527280758
0.45901,-0.0129158734622108
0.45731,-0.0235119671867104
0.4551,-0.0342277510170802
0.45236,-0.0450699922385424
0.44909,-0.0560385815862886
0.44528,-0.0671353372848583
0.44092,-0.0783636455804705
0.436,-0.0897281273702315
0.43052,-0.101226934773778
0.42447,-0.112860492228388
0.41784,-0.124631081506773
0.41062,-0.136542459575456
0.40281,-0.148592112518507
0.3944,-0.160779959541202
0.38539,-0.173100507845213
0.37576,-0.185558858211446
0.36552,-0.198146351419315
0.35465,-0.210865670585211
0.34316,-0.22370640007448
0.33104,-0.236662645603888
0.31829,-0.249724928178431
0.3049,-0.262888542433922
0.29088,-0.276137984458685
0.27622,-0.289464266218036
0.26093,-0.302849120482795
0.24501,-0.316274704087583
0.22847,-0.329716618312708
0.21131,-0.34315325428449
0.19354,-0.356558472065814
0.17516,-0.369910623829754
0.15621,-0.383162737582894
0.13667,-0.396293109538605
0.11659,-0.409249294280905
0.095963,-0.42199770631062
0.074822,-0.434491382716835
0.053191,-0.446680612178052
0.031096,-0.458513449802545
0.0085609,-0.469939246529451
-0.014378,-0.480900760573227
-0.037691,-0.491342044893608
-0.061343,-0.501205918808099
-0.085294,-0.510432357207739
-0.10951,-0.518965350863926
-0.13394,-0.526741344152592
-0.15854,-0.533697881768001
-0.18329,-0.539793147665088
-0.20811,-0.544959080283699
-0.23298,-0.549153029221613
-0.25784,-0.552324785620778
-0.28264,-0.554427205699584
-0.30733,-0.555417301191992
-0.33186,-0.555257021325644
-0.35618,-0.553913763332242
-0.38024,-0.551360647402543
-0.40399,-0.547576590547515
-0.42738,-0.542546212058845
-0.45035,-0.536252203144622
-0.47286,-0.528691400565957
-0.49485,-0.519857777664326
-0.51629,-0.509765775904591
-0.53711,-0.498416786805205
-0.55728,-0.485831616705635
-0.57674,-0.472024347013327
-0.59546,-0.457025791030181
-0.61338,-0.44085755645049
-0.63048,-0.423563119346051
-0.64669,-0.405165701365005
-0.66199,-0.3857087650607
-0.67634,-0.365236318347634
-0.6897,-0.343791789671917
-0.70203,-0.32141709172033
-0.7133,-0.298159261422824
-0.72349,-0.274075647091651
-0.73255,-0.249208205936745
-0.74047,-0.223614919001388
-0.74722,-0.197350286279901
-0.75277,-0.170464459391521
-0.75711,-0.143017409862468
-0.76021,-0.115060481507902
-0.76207,-0.0866586985659212
-0.76267,-0.0578713851682979
-0.76199,-0.0287514569069667
-0.76004,0.000632828221220424
-0.7568,0.030225132337768
-0.75228,0.0599583479392098
-0.74647,0.0897735954374209
-0.73939,0.11959836013862
-0.73102,0.149381019832683
-0.72139,0.179051591658038
-0.71051,0.208542359536451
-0.69839,0.237789658446055
-0.68505,0.266727835810643
-0.67051,0.295291849856338
-0.65479,0.323419363131244
-0.63791,0.351052377248172
-0.61991,0.378123658997936
-0.60082,0.404568232351154
-0.58066,0.43033259223849
-0.55947,0.455359664021241
-0.53729,0.47959157321601
-0.51416,0.502971897865027
-0.49012,0.525447450503728
-0.4652,0.546977034815837
-0.43945,0.567516012086159
-0.41292,0.587018739427587
-0.38565,0.605447947031855
-0.3577,0.622759886245476
-0.3291,0.63892950205648
-0.29991,0.653925857261682
-0.27018,0.667722052102394
-0.23996,0.680295699929518
-0.20931,0.691621783796116
-0.17828,0.701681741360263
-0.14693,0.710455810674754
-0.11531,0.717931668596124
-0.083468,0.724105269047338
-0.051474,0.728963537299867
-0.01938,0.73250021267028
0.012757,0.73471140555913
0.044881,0.735596375623262
0.076935,0.735156576823035
0.10886,0.733394068608742
0.14061,0.730321291859293
0.17212,0.725944991164475
0.20334,0.720278525094056
0.23421,0.71333309881678
0.26469,0.70513291999549
0.29472,0.695697471557075
0.32424,0.685042110257263
0.35322,0.673200813365355
0.38161,0.660207033273598
0.40935,0.646085651914596
0.43641,0.630876265345737
0.46274,0.614614563955773
0.4883,0.597339589864876
0.51305,0.57909207162392
0.53695,0.559913010993455
0.55996,0.539842507530545
0.58207,0.51894099928802
0.60322,0.497246666269938
0.62341,0.474823001219789
0.64259,0.451715108723533
0.66074,0.427974100716277
0.67784,0.403654381387167
0.69388,0.378818754216176
0.70883,0.353520111198599
0.72268,0.327816486619456
0.73541,0.301760840485932
0.74701,0.27540772587952
0.75748,0.248818602070372
0.7668,0.222043734423064
0.77497,0.195137458242709
0.78198,0.168148167232383
0.78784,0.14113257522427
0.79254,0.114137400569982
0.79609,0.0872144359687806
0.79849,0.0604103631580318
0.79973,0.0337586656846673
0.79984,0.00731042219757403
0.79882,-0.0188930979429528
0.79668,-0.0448126815453071
0.79343,-0.0704122745540129
0.78907,-0.0956671882560049
0.78364,-0.120533436382589
0.77714,-0.144982676452995
0.76959,-0.168985583977913
0.76101,-0.192513271633475
0.75141,-0.215545809177961
0.74081,-0.238064061982836
0.72924,-0.260043081794879
0.71672,-0.281461703666743
0.70326,-0.302310172382739
0.68889,-0.322573801025147
0.67364,-0.342234703672458
0.65753,-0.361280649252973
0.64059,-0.379697246265166
0.62284,-0.397476480692255
0.6043,-0.414616025819512
0.58502,-0.431096336336092
0.56501,-0.446914382114961
0.54431,-0.462058623481806
0.52295,-0.476518637014333
0.50096,-0.490285431484516
0.47838,-0.503344258855309
0.45523,-0.515691146937034
0.43155,-0.527316355355309
0.40738,-0.538205973466321
0.38276,-0.548343299391035
0.35771,-0.557724810215119
0.33228,-0.566335713134655
0.3065,-0.574167506398049
0.28042,-0.581202374959917
0.25407,-0.587430434197255
0.22749,-0.592841232146754
0.20072,-0.597424312443156
0.1738,-0.601169662942407
0.14678,-0.604060663733055
0.11968,-0.606098155543628
0.092563,-0.607265396226792
0.065456,-0.607558695487364
0.038405,-0.606971083052827
0.01145,-0.60549772188153
-0.015369,-0.603135771307129
-0.042007,-0.599880522350535
-0.06843,-0.595734158966663
-0.094591,-0.590694885352594
-0.12045,-0.584763050333847
-0.14598,-0.577950458700139
-0.17113,-0.570260211038286
-0.19587,-0.561703951386057
-0.22016,-0.552292606624279
-0.24395,-0.542028929480233
-0.26724,-0.530946064290198
-0.28996,-0.519049086682206
-0.3121,-0.506364744690539
-0.33362,-0.492914403136983
-0.3545,-0.478729351191166
-0.3747,-0.463833278945064
-0.3942,-0.448257915375085
-0.41298,-0.43204061374664
-0.43101,-0.415214849723482
-0.44828,-0.397824830271446
-0.46476,-0.379907385046809
-0.48043,-0.36149972604875
-0.49529,-0.342653064195739
-0.5093,-0.323398828397013
-0.52248,-0.303795889101743
-0.5348,-0.283886534796704
-0.54625,-0.263713171830864
-0.55683,-0.243324354067684
-0.56654,-0.222772075744916
-0.57536,-0.202094691417094
-0.58331,-0.181347856761462
-0.59037,-0.160569834339127
-0.59655,-0.139805737504717
-0.60186,-0.119104688279472
-0.60629,-0.098502624026882
-0.60987,-0.0780531440139287
-0.61258,-0.0577853394256315
-0.61445,-0.0377443892251962
-0.61548,-0.0179646849547572
-0.61569,0.00151456958490897
-0.6151,0.0206517066914079
-0.61371,0.0394193443026241
-0.61155,0.0577805438994065
-0.60863,0.0757068231182639
-0.60498,0.0931628653604895
-0.60062,0.110116558689027
-0.59557,0.12653960427577
-0.58985,0.142407911114253
-0.58348,0.157701805750378
-0.5765,0.172391288347996
-0.56893,0.186453987709114
-0.5608,0.199867238969882
-0.55213,0.212616497427233
-0.54295,0.224687113160836
-0.53329,0.236065092171075
-0.52319,0.246730280889048
-0.51266,0.256680604697269
-0.50175,0.265899356664214
-0.49048,0.274380971767302
-0.47889,0.282114514867469
-0.46699,0.289107485816417
-0.45484,0.295345348020259
-0.44245,0.300833421973279
-0.42986,0.305570952051555
-0.4171,0.309559938289172
-0.4042,0.312804767608955
-0.3912,0.315304443534593
-0.37812,0.317068634479737
-0.365,0.318100735260147
-0.35187,0.318406551182203
-0.33874,0.318008617225904
-0.32567,0.316905523626015
-0.31266,0.315121088536093
-0.29975,0.312669361164845
-0.28697,0.309563637250011
-0.27433,0.305831118161563
-0.26186,0.301494772544772
-0.24958,0.296580999118285
-0.23751,0.291118295348521
-0.22566,0.285143509957072
-0.21406,0.278684459030104
-0.20272,0.271775708095772
-0.19165,0.264456303408575
-0.18086,0.256767813230877
-0.17036,0.248752663527725
-0.16015,0.240460148528999
-0.15024,0.231936283564732
-0.14064,0.223223080902377
-0.13133,0.21438023265652
-0.12233,0.20545033921109
-0.11362,0.196490471028566
-0.1052,0.18755283124397
-0.097065,0.178687768012463
-0.089198,0.169951402062946
-0.081588,0.161398294855932
-0.074223,0.153080738273212
-0.067083,0.145053396731729
-0.060155,0.137365875244291
-0.053411,0.130073115645463
-0.046837,0.123222174384182
-0.040406,0.116861724951925
-0.034094,0.111037827466156
-0.027876,0.105793536673885
-0.021724,0.10117013380802
-0.015612,0.0972044608754442
-0.0095104,0.0939310243711689
-0.003392,0.0913793113221477
0.0027744,0.0895764901675256
0.009018,0.0885452133971801
0.015368,0.0883034486249164
0.021854,0.0888647668662115
0.028505,0.090237959583985
0.035351,0.0924280507149937
0.04242,0.0954350074341363
0.049741,0.0992550694783558
0.057339,0.103878239445106
0.065242,0.109291621245417
0.073471,0.115474814305749
0.082054,0.122406777200705
0.091008,0.130058092458135
0.10036,0.138400512163048
0.11011,0.14738728542598
0.1203,0.156988847296844
0.13092,0.167151653873266
0.14199,0.177826308164574
0.15352,0.188960569306671
0.16552,0.200501234427497
0.17799,0.212388323309042
0.19092,0.224550600725283
0.20433,0.236931879678073
0.21819,0.249452707476756
0.23252,0.262054088944422
0.24729,0.274658275143484
0.26251,0.287204253212194
0.27814,0.299609385038926
0.29417,0.311798249041251
0.31059,0.323703542763018
0.32736,0.335244454751501
0.34447,0.346353987318304
0.36188,0.356956273054713
0.37956,0.366978134895694
0.39748,0.37635095932653
0.41559,0.384997321169789
0.43386,0.39285003442085
0.45223,0.399830279757154
0.47068,0.405882070736313
0.48914,0.410932897459318
0.50756,0.414914218309788
0.52589,0.417763084516949
0.54408,0.419423323524145
0.56205,0.419824138273239
0.57976,0.418915010530181
0.59713,0.4166341452145
0.61411,0.412935109423037
0.63063,0.407770925910496
0.64662,0.40109606126832
0.66202,0.392875379670443
0.67675,0.383068896886427
0.69075,0.37164919223956
0.70395,0.358592918657615
0.71629,0.343888638942423
0.72769,0.327520627700824
0.73809,0.309485487107413
0.74743,0.289790404230297
0.75564,0.268444055381139
0.76266,0.245463995872907
0.76843,0.220874954544577
0.7729,0.194714636273508
0.77601,0.167023233109084
0.77772,0.137857051420658
0.77797,0.107269445882777
0.77673,0.0753324582504884
0.77396,0.0421241378532453
0.76962,0.00772550957107948
0.76369,-0.0277672182180213
0.75615,-0.0642480574745998
0.74697,-0.101613307273224
0.73614,-0.139749105882029
0.72367,-0.178521727938786
0.70953,-0.217814718809632
0.69376,-0.25747709536503
0.67635,-0.297371313109011
0.65732,-0.33735248141041
0.63669,-0.377274074935204
0.61451,-0.416970456856556
0.59079,-0.456295127380835
0.56557,-0.495099363203991
0.53892,-0.533215132642718
0.51087,-0.570493650213201
0.48149,-0.606776848749944
0.45083,-0.641919069417046
0.41896,-0.675774692018937
0.38596,-0.708195610898384
0.35188,-0.739058891507137
0.31683,-0.768221888099451
0.28086,-0.795575363742289
0.24408,-0.820996711654771
0.20656,-0.84438658330095
0.16841,-0.865638645913949
0.12969,-0.884681965255768
0.090523,-0.901430675916921
0.050988,-0.915822931659305
0.011184,-0.927804321065419
-0.028795,-0.937332784450515
-0.068849,-0.944374089787684
-0.10889,-0.948911261482847
-0.14881,-0.950928023895478
-0.18853,-0.950431631531822
-0.22794,-0.947426231076708
-0.26695,-0.941929131932118
-0.30548,-0.933976118244843
-0.34343,-0.923603005015774
-0.38071,-0.910852886175685
-0.41725,-0.895789107590583
-0.45295,-0.878468148169019
-0.48773,-0.858954838261347
-0.52152,-0.837326929433396
-0.55424,-0.813663579187101
-0.58581,-0.788043349045226
-0.61618,-0.760564713504453
-0.64526,-0.731310227795554
-0.673,-0.700377148241882
-0.69935,-0.667872071497574
-0.72424,-0.633891515855206
-0.74762,-0.598536036115469
-0.76945,-0.56191402690481
-0.78968,-0.524129733602321
-0.80827,-0.485288425075484
-0.82519,-0.445500474429289
-0.8404,-0.404869669191602
-0.85388,-0.363506093600484
-0.86561,-0.321521507427055
-0.87556,-0.27901813670678
-0.88373,-0.236109422131243
-0.89009,-0.192892033239248
-0.89467,-0.149490276484352
-0.89744,-0.106002388245172
-0.89842,-0.0625392453642152
-0.89762,-0.0192108242071484
-0.89504,0.0238847125069407
-0.89071,0.0666399540476317
-0.88464,0.108958509168787
-0.87688,0.150726694812583
-0.86743,0.191857747709261
-0.85635,0.232245424257932
-0.84367,0.271793686713496
-0.82942,0.310418185257856
-0.81368,0.348010185115818
-0.79646,0.384496877823494
-0.77785,0.419778128507745
-0.75789,0.453772357079047
-0.73663,0.486408659036824
-0.71416,0.517598000341676
-0.69053,0.547269625586823
-0.66582,0.575348149711426
-0.64009,0.601772195916366
-0.61342,0.626479462998495
-0.58588,0.649416893519372
-0.55756,0.670526423897304
-0.52854,0.689755796288697
-0.49889,0.707067103846417
-0.46869,0.722428504463957
-0.43804,0.735799966813586
-0.407,0.74716633822093
-0.37567,0.756504159401484
-0.34414,0.763792081450613
-0.31247,0.769033960738567
-0.28076,0.772225023928463
-0.24908,0.773376557187587
-0.21753,0.772490965349388
-0.18616,0.769601028286661
-0.15507,0.764726753883972
-0.12433,0.757900054606946
-0.093995,0.749173181009735
-0.064152,0.738590190415212
-0.034861,0.72620774202128
-0.006187,0.712087802476448
0.021817,0.69630415086194
0.049091,0.67893320609941
0.075583,0.660057598314878
0.10125,0.639769562203104
0.12604,0.618160048276947
0.14992,0.59533062324852
0.17285,0.571383492054924
0.1948,0.54642594933717
0.21574,0.52056637329235
0.23565,0.493918301927084
0.2545,0.466588729360989
0.27228,0.438690967607464
0.28897,0.410332602531582
0.30457,0.381628070820326
0.31907,0.352686381298731
0.33247,0.323616104179976
0.34477,0.294521959951703
0.35597,0.265502127436282
0.36609,0.236660998493131
0.37514,0.208097081864066
0.38313,0.179900775170619
0.39008,0.152160144804317
0.39601,0.124958227840832
0.40094,0.0983709729626442
0.4049,0.0724731490140927
0.40793,0.0473431359180787
0.41004,0.0230371084272376
0.41128,-0.000379429396661059
0.41167,-0.0228582396288397
0.41127,-0.0443375522733428
0.41009,-0.0647841462161521
0.40819,-0.0841525540373113
0.4056,-0.102411652278976
0.40237,-0.119528713483796
0.39853,-0.135486158902902
0.39414,-0.150257661532931
0.38923,-0.163833458402398
0.38385,-0.176203311797888
0.37805,-0.187357550536417
0.37186,-0.197302649370699
0.36534,-0.206036355668368
0.35852,-0.213572207101591
0.35145,-0.219921864370111
0.34417,-0.225103072232454
0.33672,-0.229138479588222
0.32915,-0.232047124643739
0.32148,-0.233867208209544
0.31377,-0.234622141278637
0.30604,-0.234352688106764
0.29833,-0.233098003994736
0.29067,-0.230902545857337
0.2831,-0.227806665811366
0.27564,-0.223861280885202
0.26832,-0.219117195698585
0.26117,-0.21362385675209
0.2542,-0.207443133574712
0.24744,-0.200630484208604
0.2409,-0.193249486341519
0.23461,-0.18535371141826
0.22858,-0.177001917976081
0.22281,-0.168262731880878
0.21733,-0.159188550815862
0.21213,-0.14984666746697
0.20722,-0.140299561939224
0.20261,-0.130603909023888
0.19829,-0.120824687177608
0.19427,-0.111016727155421
0.19055,-0.101232265930884
0.18711,-0.0915344751958824
0.18395,-0.0819784877717401
0.18107,-0.0726110876281896
0.17844,-0.0634928439822394
0.17607,-0.0546638129705049
0.17393,-0.0461755815479284
0.17202,-0.0380650114372023
0.17031,-0.0303778327661084
0.16879,-0.0231504467642774
0.16744,-0.0164176899195031
0.16623,-0.0102191316382824
0.16516,-0.00457444758845596
0.16419,0.000484141622875811
0.16331,0.00493781565130726
0.16249,0.00876472532643807
0.16171,0.0119490095212217
0.16095,0.0144804975765725
0.16019,0.0163543118112196
0.1594,0.0175629972339247
0.15856,0.0181050145235624
0.15766,0.0179914133671542
0.15666,0.0172212832551803
0.15555,0.0158066247191772
0.15431,0.0137624508339579
0.15291,0.0110987100747619
0.15135,0.00784346271203326
0.14959,0.00400929413298542
0.14763,-0.000374215405145093
0.14544,-0.00528656424776297
0.14301,-0.010700154573796
0.14033,-0.0165822615111811
0.13737,-0.0229115703446857
0.13413,-0.0296542620125946
0.13059,-0.0367820683097464
0.12673,-0.0442719124318987
0.12254,-0.052098119838779
0.11802,-0.0602262255606374
0.11315,-0.0686304119562217
0.10791,-0.0772925713577242
0.10231,-0.0861791861780569
0.096337,-0.0952622994593162
0.089979,-0.10451853330221
0.083235,-0.113920803956688
0.076099,-0.123443585271233
0.068574,-0.133056763949094
0.060656,-0.142732648222961
0.052349,-0.152440469171457
0.043655,-0.162149434779917
0.034581,-0.171826023100794
0.025131,-0.181437797869628
0.015317,-0.190948329854742
0.0051467,-0.200322313956006
-0.0053633,-0.209519911109288
-0.016201,-0.218502300487011
-0.02735,-0.22722948286964
-0.038789,-0.235658183352079
-0.050501,-0.24374706094062
-0.062461,-0.25145177277125
-0.074647,-0.258729222152422
-0.087029,-0.265532825785083
-0.099584,-0.271819895906582
-0.11228,-0.277545668548666
-0.12509,-0.282668911806746
-0.13798,-0.287147490156778
-0.15091,-0.290935560993034
-0.16386,-0.294000648763159
-0.17679,-0.296307489758056
-0.18966,-0.297819882986831
-0.20243,-0.298502203004693
-0.21508,-0.29833540109025
-0.22756,-0.297292500338084
-0.23983,-0.295348630467495
-0.25186,-0.292489050886814
-0.26361,-0.288700562519365
-0.27505,-0.283979333593213
-0.28613,-0.278314763832481
-0.29683,-0.271713619345721
-0.3071,-0.264174643611798
-0.31691,-0.255705264309846
-0.32623,-0.246320019249031
-0.33501,-0.236024292489791
-0.34323,-0.224838395481087
-0.35086,-0.212786984448984
-0.35785,-0.199883000957567
-0.36419,-0.186159374614127
-0.36983,-0.171634863186378
-0.37476,-0.156346031351629
-0.37895,-0.140328160976538
-0.38236,-0.123607269165969
-0.38499,-0.106230860115437
-0.3868,-0.0882329626376873
-0.38778,-0.0696580456364756
-0.38791,-0.0505504065310829
-0.38718,-0.0309603923860923
-0.38558,-0.0109418343557195
-0.38309,0.00945753511161237
-0.37971,0.0301814930973563
-0.37545,0.0511612078698301
-0.37028,0.0723492501996459
-0.36422,0.0936799253273219
-0.35727,0.115089575708811
-0.34944,0.136510722044704
-0.34074,0.157874866042131
-0.33118,0.179114803942344
-0.32078,0.200159090797271
-0.30956,0.220935110191942
-0.29753,0.241379001698338
-0.28472,0.261421277826341
-0.27117,0.280982793315977
-0.2569,0.299993948369175
-0.24194,0.318387757337981
-0.22632,0.336101620271663
-0.2101,0.353056463830024
-0.19331,0.369184739089802
-0.17598,0.384430519324192
-0.15817,0.398727115517465
-0.13993,0.412008902302421
-0.1213,0.424220825315051
-0.10232,0.435318412250305
-0.083064,0.445242370546534
-0.063571,0.453949523618332
-0.043896,0.461399606741869
-0.024097,0.467554168616808
-0.0042287,0.472380289363127
0.015651,0.47584861719495
0.035488,0.477936860737705
0.055223,0.478625751519316
0.074799,0.477901242018014
0.094159,0.475754420998921
0.11324,0.472176852461591
0.132,0.467176752833301
0.15037,0.46075607476098
0.1683,0.452926191307942
0.18574,0.443706207403907
0.20263,0.433113974103624
0.21893,0.42118103147233
0.23459,0.407942076165329
0.24955,0.393426352781595
0.26379,0.377687793286926
0.27725,0.360769465947269
0.28989,0.342719535842195
0.30168,0.323596549620213
0.31259,0.303465994408173
0.32258,0.28238990676984
0.33162,0.260433327436461
0.33968,0.237661979003396
0.34674,0.214147728661915
0.35278,0.189965395010149
0.35778,0.165190057134371
0.36173,0.139902231924515
0.3646,0.114169673484112
0.36641,0.0880847649124685
0.36712,0.0617126251336872
0.36676,0.0351461016020659
0.3653,0.00845318834321042
0.36277,-0.018275987290999
0.35916,-0.0449658620118965
0.35449,-0.0715328895790436
0.34876,-0.0979045899538769
0.34201,-0.123990262284878
0.33424,-0.149717041103371
0.32548,-0.175006746781497
0.31575,-0.199786977205274
0.30509,-0.223977723032891
0.29352,-0.24751037546776
0.28108,-0.270313182158146
0.2678,-0.292321810039979
0.25372,-0.313472883609692
0.23889,-0.333698758223991
0.22333,-0.352953005504136
0.2071,-0.371178640810515
0.19025,-0.388319765540152
0.17282,-0.40433091033372
0.15485,-0.419176902767713
0.1364,-0.43281770039153
0.11753,-0.445211066431235
0.098281,-0.456328815816004
0.078709,-0.466144390650569
0.058869,-0.474634625944021
0.038816,-0.481780323540522
0.018607,-0.487565111397212
-0.0017044,-0.491978422481468
-0.02206,-0.495011805289495
-0.042403,-0.496660307517268
-0.062678,-0.496923473230637
-0.082829,-0.495804524215036
-0.1028,-0.49331002056308
-0.12253,-0.48944577156848
-0.14198,-0.48423349911192
-0.16108,-0.477684629256354
-0.17978,-0.469817119983985
-0.19803,-0.460654025659523
-0.21579,-0.45022957960332
-0.233,-0.438571589625825
-0.24961,-0.425709564462076
-0.26558,-0.411681179868439
-0.28086,-0.396522456596628
-0.29542,-0.380282044230075
-0.30921,-0.363002790285335
-0.32218,-0.344721788799629
-0.33432,-0.325500113851004
-0.34558,-0.30538697141035
-0.35593,-0.28443545730907
-0.36535,-0.262707720497021
-0.37379,-0.240249274613881
-0.38125,-0.217127856246144
-0.3877,-0.193404973039748
-0.39312,-0.169142692613979
-0.3975,-0.144409062952643
-0.40082,-0.119267505686066
-0.40307,-0.0937831479848822
-0.40425,-0.0680278526959832
-0.40435,-0.0420692830788378
-0.40336,-0.0159695646902806
-0.4013,0.0101934896326768
-0.39817,0.036346674930013
-0.39397,0.0624228617286254
-0.38871,0.0883546582448235
-0.38241,0.114069330518414
-0.37508,0.139499653239988
-0.36675,0.164570340822614
-0.35743,0.189216921072141
-0.34714,0.213378498823317
-0.33591,0.236991850916651
-0.32377,0.259994129852287
-0.31075,0.282325038370144
-0.29688,0.303928524687389
-0.2822,0.324746649937574
-0.26673,0.344736888159148
-0.25052,0.36384869581949
-0.2336,0.382041813590409
-0.21602,0.399271158463018
-0.19781,0.415504351684485
-0.17902,0.430705925672302
-0.15969,0.444846854568795
-0.13988,0.457889863334005
-0.11961,0.46982216413529
-0.098955,0.480610934065981
-0.077951,0.490237453910277
-0.056649,0.498684296979849
-0.035105,0.505932354639212
-0.01337,0.51196585548254
0.0085036,0.516771571021533
0.03046,0.520336612599467
0.052444,0.522649585107449
0.074401,0.523701458170946
0.096277,0.523486188993338
0.11801,0.521994767191663
0.13956,0.519232661614466
0.16086,0.515197250973196
0.18185,0.509884966692544
0.2025,0.503314062052307
0.22273,0.495483217658319
0.24251,0.486412622390239
0.26178,0.476117334605307
0.2805,0.464622908878576
0.29862,0.451955504034061
0.31609,0.438141264701575
0.33289,0.423227983823974
0.34896,0.407250206538927
0.36427,0.390253185681868
0.37878,0.372282288438072
0.39247,0.353396616090513
0.40531,0.333657407853578
0.41727,0.313126000866574
0.42833,0.291869536312977
0.43846,0.269950574731209
0.44765,0.247440992435814
0.45589,0.224418112953058
0.46316,0.200954018132214
0.46946,0.177129215333393
0.47478,0.153021208078969
0.47911,0.12870271991773
0.48246,0.104255138717612
0.48483,0.0797569100371459
0.48623,0.0552890220003434
0.48665,0.0309171362151799
0.48612,0.00672192596255646
0.48465,-0.0172212576737877
0.48224,-0.0408512607391237
0.47892,-0.0640983583311179
0.47471,-0.0868957242826533
0.46963,-0.109181212324184
0.4637,-0.130898686724917
0.45694,-0.151998952966414
0.44938,-0.172432939842278
0.44105,-0.192153596072415
0.43197,-0.211124759261895
0.42219,-0.229298433795293
0.41172,-0.246648546696867
0.40059,-0.263153206961046
0.38885,-0.27878029218218
0.37652,-0.293513050773767
0.36363,-0.307340739112529
0.35022,-0.320250907037938
0.33633,-0.332230591493129
0.32198,-0.343282057032742
0.3072,-0.353412883036037
0.29204,-0.36262041582715
0.27652,-0.370916444475146
0.26068,-0.37830970429548
0.24454,-0.384821413293833
0.22814,-0.39046785561413
0.21151,-0.395268626201688
0.19467,-0.399253154548373
0.17765,-0.402450888534888
0.16049,-0.404883346493702
0.14321,-0.406580062838528
0.12583,-0.407576409880916
0.10838,-0.407904270156867
0.090879,-0.407600107584946
0.073357,-0.406695049068533
0.055833,-0.405223268362815
0.03833,-0.40321754065005
0.020869,-0.400710108229931
0.0034708,-0.397732035040598
-0.013846,-0.394314173349811
-0.031059,-0.390483489581688
-0.04815,-0.386266100495462
-0.0651,-0.381686027219877
-0.081891,-0.376765563426156
-0.098503,-0.371523386117808
-0.11492,-0.365977554656796
-0.13112,-0.360140540705687
-0.14708,-0.354019058591841
-0.16279,-0.347624429060649
-0.17824,-0.340971205575066
-0.19338,-0.334046401989814
-0.20823,-0.326866756517152
-0.22274,-0.319420581542516
-0.23691,-0.311710396155443
-0.25071,-0.303727753551158
-0.26413,-0.2954702337281
-0.27714,-0.286925407944032
-0.28974,-0.27809516887248
-0.3019,-0.268970609038706
-0.31361,-0.259549046950996
-0.32485,-0.249825408209088
-0.3356,-0.239792748564295
-0.34585,-0.229450127862883
-0.35559,-0.218801418416606
-0.3648,-0.207846835389813
-0.37347,-0.196591000159201
-0.38158,-0.185034533930044
-0.38914,-0.173196975599365
-0.39613,-0.161090394455536
-0.40255,-0.148735296096938
-0.40838,-0.136143627831511
-0.41362,-0.123334877299589
-0.41827,-0.110334052582442
-0.42233,-0.0971699100785993
-0.42579,-0.083866022290977
-0.42865,-0.0704484872042642
-0.43092,-0.0569520628696601
-0.43259,-0.0434026901235625
-0.43367,-0.0298332023342421
-0.43416,-0.016273604181476
-0.43407,-0.00275809073161992
-0.43341,0.0106768125758768
-0.43217,0.0240086162783157
-0.43037,0.0372047344272836
-0.42802,0.0502328898515659
-0.42511,0.0630768959273551
-0.42167,0.0757045993962552
-0.4177,0.0880942321231262
-0.41322,0.100218400921651
-0.40823,0.112060922729835
-0.40275,0.123600523900376
-0.39679,0.134820024833169
-0.39036,0.145706238697976
-0.38348,0.156242391044527
-0.37616,0.166416890362123
-0.36842,0.176215465713233
-0.36027,0.185629687669497
-0.35173,0.194648887591718
-0.34282,0.203261092062173
-0.33356,0.211453799270354
-0.32396,0.219222009259566
-0.31404,0.226559708471857
-0.30382,0.233460423400201
-0.29332,0.239917667761647
-0.28257,0.245917896194015
-0.27158,0.251457186604167
-0.26038,0.2565248488242
-0.24898,0.261119970883225
-0.23742,0.265227514346465
-0.22571,0.268843782057582
-0.21388,0.271959665176295
-0.20195,0.274569468802808
-0.18995,0.276663137844329
-0.1779,0.278234892337439
-0.16583,0.27927528079048
-0.15376,0.279779660542473
-0.14172,0.279740113333084
-0.12973,0.279153804563496
-0.11782,0.278014793789703
-0.106,0.276329702240131
-0.094307,0.274095252046066
-0.082759,0.271314434110314
-0.071379,0.267991616533223
-0.060184,0.264136700065188
-0.049196,0.259760182343041
-0.038434,0.25487507218972
-0.027912,0.249499835634881
-0.017647,0.24365470229766
-0.0076516,0.237364103206637
0.0020609,0.230654739507053
0.011484,0.223559498512773
0.020608,0.216113036883169
0.029428,0.208354072496135
0.037942,0.200325699615485
0.046148,0.192073362987851
0.054047,0.183645358456856
0.061643,0.175093136659027
0.068943,0.166471440378252
0.075955,0.157836824324621
0.082689,0.149247126680834
0.089156,0.140760240895695
0.095375,0.132438273205273
0.10136,0.124341142881745
0.10712,0.116521450974397
0.1127,0.109050830776633
0.11809,0.101973368161266
0.12333,0.0953464024912866
0.12844,0.0892212707599505
0.13343,0.0836353264743676
0.13835,0.0786428297000444
0.14319,0.0742654365855899
0.148,0.0705418803263005
0.1528,0.0675010020632469
0.15759,0.065147671192927
0.16242,0.0635038226860619
0.16729,0.0625671431738876
0.17224,0.0623449833150429
0.17726,0.0628148863561153
0.1824,0.0639749245958658
0.18765,0.0657950121094939
0.19304,0.0682523853154199
0.19857,0.0713082631394119
0.20426,0.0749264698148892
0.21011,0.0790588292966284
0.21613,0.0836559342054783
0.22232,0.0886611059688407
0.22868,0.0940131563263739
0.23522,0.0996561728193014
0.24191,0.105510336166785
0.24877,0.11151562574813
0.25576,0.117585223261066
0.26289,0.123650056947042
0.27014,0.129635123208879
0.27748,0.135455400769463
0.2849,0.14103504143892
0.29237,0.146293061553486
0.29988,0.15116157465286
0.30738,0.155555810176633
0.31487,0.159416985806873
0.32229,0.162664865244152
0.32963,0.165241462757752
0.33685,0.167086547527374
0.34392,0.168147572594298
0.3508,0.168372698681436
0.35745,0.167712559298336
0.36385,0.16613641972603
0.36996,0.163615146309405
0.37573,0.160114832700758
0.38114,0.155621355838741
0.38616,0.150130067713883
0.39074,0.143629837028629
0.39485,0.13611990974801
0.39847,0.127615809618092
0.40156,0.11813146658815
0.40409,0.10768700911161
0.40603,0.0963074477561651
0.40736,0.0840288490749799
0.40805,0.0708881968150295
0.40808,0.0569299469264369
0.40743,0.0422036764536789
0.40608,0.0267620120543384
0.404,0.01065143476775
0.40119,-0.00606543835454897
0.39764,-0.0233219374950244
0.39333,-0.0410572246772663
0.38825,-0.059209372875797
0.3824,-0.0777098655813723
0.37578,-0.0964867686538947
0.36838,-0.11547481222887
0.36021,-0.134601201322342
0.35126,-0.153804000524295
0.34155,-0.173009727944206
0.33107,-0.192160007510531
0.31985,-0.211180917571371
0.3079,-0.230003091751974
0.29522,-0.248570431117075
0.28183,-0.266824632159448
0.26776,-0.284700191004897
0.25302,-0.302142761790767
0.23763,-0.319101496012748
0.22162,-0.335522796482805
0.20502,-0.351352755415464
0.18784,-0.366553927256341
0.17012,-0.381081453565188
0.15188,-0.394900995965473
0.13317,-0.407965930450811
0.114,-0.420251053267397
0.094425,-0.431716323277415
0.074468,-0.442334967784086
0.054169,-0.452079540328657
0.033567,-0.460924009495681
0.012704,-0.468842432825753
-0.0083816,-0.475812754501408
-0.029645,-0.481812357666114
-0.051042,-0.486819658347517
-0.072529,-0.490815349187128
-0.094056,-0.493778152615514
-0.11558,-0.49569134609782
-0.13705,-0.496536796913921
-0.15841,-0.496292395759296
-0.17963,-0.494953006416555
-0.20064,-0.492498090275017
-0.22139,-0.488910370922221
-0.24184,-0.484183379574978
-0.26194,-0.478312463855649
-0.28162,-0.471280085571114
-0.30085,-0.463088660618472
-0.31957,-0.453734729707631
-0.33773,-0.443217867859237
-0.35529,-0.431547768357814
-0.37218,-0.418720091792289
-0.38838,-0.404756513880454
-0.40384,-0.389677150804506
-0.4185,-0.373493152136718
-0.43233,-0.356230513267314
-0.44529,-0.337919279761774
-0.45735,-0.318599519102641
-0.46845,-0.298296260886553
-0.47859,-0.277066220811885
-0.48771,-0.254945860706315
-0.49581,-0.231998775732245
-0.50284,-0.208271791281804
-0.5088,-0.183833941382469
-0.51366,-0.158748103507702
-0.51741,-0.133085244019394
-0.52005,-0.106928254418646
-0.52155,-0.0803451139399839
-0.52192,-0.0534193699417739
-0.52115,-0.0262298825974542
-0.51926,0.00112843114963393
-0.51624,0.0285727092680529
-0.51211,0.0560101556038814
-0.50688,0.0833502019959673
-0.50056,0.110506894348843
-0.49319,0.137378547207347
-0.48477,0.163883557705107
-0.47535,0.189922222510731
-0.46495,0.215405633138415
-0.4536,0.24024912930157
-0.44133,0.264374347096459
-0.4282,0.287688540890079
-0.41423,0.310120076678707
-0.39947,0.331594742295574
-0.38397,0.352038929475518
-0.36776,0.371396982662337
-0.35091,0.389600351819634
-0.33345,0.406602234314908
-0.31543,0.42236055788343
-0.29691,0.436831540482208
-0.27794,0.449979318036298
-0.25856,0.46178348619521
-0.23883,0.472222580102734
-0.2188,0.481282952039656
-0.19852,0.488958298749656
-0.17804,0.495249063846712
-0.15741,0.50016175005258
-0.13668,0.503708172274856
-0.1159,0.505904678800154
-0.09512,0.50677136420203
-0.074384,0.506335732853342
-0.053737,0.50463024073126
-0.03323,0.50168644322023
-0.012902,0.497543565894631
0.0071977,0.492238673605841
0.027035,0.485817617550294
0.046559,0.478319917242569
0.065735,0.469791100339312
0.08452,0.460274326761008
0.10287,0.449809056348362
0.12076,0.4384448217706
0.13814,0.426219491696426
0.15497,0.413167900995683
0.17123,0.399336245352519
0.18687,0.38475638679319
0.20186,0.369462467998683
0.21616,0.353482027177759
0.22975,0.336851180603349
0.2426,0.31960443889229
0.25468,0.301773926981528
0.26595,0.283381402041892
0.2764,0.264461657956276
0.286,0.245044067776637
0.29473,0.225160033302032
0.30258,0.204848929106404
0.30953,0.184147893123879
0.31557,0.163098440925608
0.32068,0.141736878998124
0.32487,0.12011628821886
0.32813,0.0982868229458815
0.33045,0.0762946893263051
0.33184,0.0541961947351976
0.3323,0.0320466093946619
0.33184,0.00990599546902584
0.33047,-0.0121636325507664
0.3282,-0.0341006646441416
0.32506,-0.0558310103703936
0.32104,-0.0773024336563157
0.31619,-0.0984377250231316
0.31051,-0.119178982086203
0.30405,-0.139448852351563
0.29681,-0.159193783851382
0.28884,-0.178344327251925
0.28017,-0.196835342043816
0.27082,-0.214614784709188
0.26084,-0.231620890486256
0.25027,-0.247793625113148
0.23913,-0.26309127207062
0.22748,-0.27745896623875
0.21535,-0.290855447602663
0.20279,-0.303237288999268
0.18983,-0.314575828951842
0.17653,-0.324833452746258
0.16292,-0.333989075406375
0.14906,-0.342013864044676
0.13498,-0.348896237079174
0.12073,-0.354624572168501
0.10635,-0.359195444760246
0.091894,-0.362602279841553
0.077399,-0.364849188563957
0.062911,-0.365942588313661
0.048471,-0.365894718884374
0.034125,-0.364718898656844
0.019909,-0.362436736060985
0.005864,-0.359072602006392
-0.0079658,-0.354650400943954
-0.021551,-0.349204256298769
-0.034846,-0.342763895946537
-0.047823,-0.33536809754486
-0.060443,-0.327053804998152
-0.072678,-0.317863788446742
-0.084494,-0.307840056580534
-0.095862,-0.297026666534375
-0.10676,-0.285473379133562
-0.11715,-0.273221412302738
-0.12702,-0.260323207118784
-0.13634,-0.246825494019967
-0.14509,-0.232776471713089
-0.15326,-0.218231523769091
-0.16082,-0.203235426200267
-0.16777,-0.187845232993837
-0.17408,-0.172104000028754
-0.17975,-0.156064321119389
-0.18477,-0.139777443411034
-0.18913,-0.123291909726222
-0.19283,-0.106659908479053
-0.19585,-0.0899200887935199
-0.19822,-0.0731358167715222
-0.19991,-0.0563440028717451
-0.20094,-0.0395958836792203
-0.20131,-0.0229377300048171
-0.20103,-0.00641761177216025
-0.20011,0.00991660398374641
-0.19856,0.0260188696226904
-0.19639,0.0418462231075542
-0.19362,0.0573523411687729
-0.19026,0.0724972277767934
-0.18634,0.0872326748206993
-0.18187,0.101520343680161
-0.17688,0.115316502552821
-0.17138,0.128589455491053
-0.1654,0.141303697465826
-0.15897,0.153422033899213
-0.15212,0.164907323539211
-0.14486,0.175738674072112
-0.13723,0.185887099021146
-0.12925,0.19533308277185
-0.12095,0.204058293768789
-0.11237,0.212038865702835
-0.10353,0.219262297870476
-0.094467,0.225713407066185
-0.085207,0.231383773898092
-0.075781,0.236267333201205
-0.066223,0.240358224363809
-0.056569,0.24364977293572
-0.046847,0.246141067511045
-0.037092,0.247831001311566
-0.027337,0.248720114451852
-0.017617,0.248809057803142
-0.0079635,0.248101401508989
0.0015884,0.246600554220116
0.011007,0.244312444112934
0.020259,0.241243899026317
0.029309,0.237400930428077
0.038132,0.232796599467364
0.046689,0.227439112740837
0.054958,0.221345264698731
0.062903,0.214528104926742
0.070499,0.207005569210247
0.077721,0.198799156164757
0.08454,0.189929795077404
0.090937,0.180424866349662
0.096885,0.170310361861706
0.10237,0.159620115967582
0.10737,0.148387491599037
0.11186,0.136642367698168
0.11585,0.124436884560101
0.11931,0.111810132925595
0.12224,0.0988117805045928
0.12463,0.0854912257839138
0.12648,0.0719036337258895
0.12779,0.0581072288721093
0.12856,0.0441610083914869
0.1288,0.0301302461257958
0.12852,0.0160833433361949
0.12774,0.00209657972297028
0.12645,-0.011771879026359
0.1247,-0.0254359333059056
0.12248,-0.0388339398479977
0.11983,-0.0518889769544605
0.11678,-0.0645216231879181
0.11335,-0.0766603402082374
0.10956,-0.088242277681207
0.10546,-0.0991915399353206
0.10108,-0.10943900229111
0.096453,-0.118921113688486
0.091612,-0.12758103321474
0.086597,-0.135364214181362
0.081448,-0.142219973802429
0.076201,-0.148105623328458
0.070896,-0.152983679075319
0.065573,-0.156822439384402
0.060268,-0.159599254079495
0.055025,-0.161294041972709
0.049878,-0.161897298891328
0.044865,-0.16140590704912
0.040025,-0.159821790968159
0.035391,-0.157155853877612
0.030997,-0.153425712135397
0.026878,-0.148653663148666
0.023061,-0.142871545664805
0.019577,-0.136115496257823
0.016454,-0.128426746955425
0.013713,-0.119855048972585
0.01138,-0.110452290872519
0.009473,-0.100276865754614
0.0080097,-0.0893912773522839
0.0070055,-0.0778615335349311
0.0064725,-0.0657572544549709
0.0064191,-0.053151910685391
0.0068509,-0.0401221993606505
0.007778,-0.0267420069834526
0.0091921,-0.0130945019506092
0.0111,0.000743183719432025
0.013491,0.0146880802481419
0.016361,0.0286598325076483
0.019696,0.0425752830829997
0.023486,0.0563545016627681
0.027713,0.0699167250781648
0.032359,0.0831830607513656
0.037405,0.0960779113553772
0.042824,0.108524892332229
0.048593,0.120452464315706
0.054686,0.131793195552018
0.061071,0.142480865538865
0.067719,0.152454772792942
0.074598,0.161658640944946
0.081673,0.170039634371737
0.088911,0.177551180434731
0.096275,0.184150647962691
0.10373,0.189801811717414
0.11124,0.194474450192102
0.11876,0.19813794052063
0.12626,0.200773843465076
0.13369,0.202359830375143
0.14102,0.202886395900827
0.14822,0.202355186513643
0.15523,0.200755156584599
0.16202,0.198088019566211
0.16856,0.194366213701662
0.1748,0.189596171431751
0.18071,0.183794539017906
0.18625,0.176978761278125
0.19138,0.16916683560705
0.19607,0.160384458151363
0.20029,0.150663156584302
0.204,0.140031205170274
0.20718,0.128528536723394
0.20979,0.116188838719261
0.21182,0.103062230087248
0.21322,0.0891813019078781
0.21399,0.0746007262416443
0.21411,0.0593768029650724
0.21354,0.0435509014360651
0.2123,0.0271956248059582
0.21034,0.0103550273861595
0.20768,-0.00689932139136857
0.2043,-0.0245052580096481
0.20021,-0.0423877924627879
0.19538,-0.0604933379645563
0.18984,-0.0787428244597405
0.18358,-0.0970685604011378
0.17661,-0.115399298817582
0.16894,-0.13366312437496
0.16058,-0.15178982656258
0.15155,-0.169705402000433
0.14187,-0.187335143481039
0.13154,-0.204620968910375
0.1206,-0.221490613156159
0.10906,-0.237884956942172
0.096962,-0.253733870857592
0.08432,-0.268981425159889
0.071164,-0.283573314266362
0.057532,-0.297452612332423
0.043447,-0.310573435472852
0.028947,-0.32288948671092
0.014066,-0.33435889086012
-0.0011623,-0.344945237945103
-0.016704,-0.354617911936807
-0.032517,-0.363346283048855
-0.048572,-0.371110548653572
-0.064829,-0.377892799316265
-0.08125,-0.383679148231732
-0.097799,-0.388461322977098
-0.11444,-0.392236304376316
-0.13114,-0.395008097262068
-0.14785,-0.396774896834896
-0.16454,-0.397544749570773
-0.18118,-0.397333840911568
-0.19773,-0.396157485160565
-0.21415,-0.394030247215592
-0.23041,-0.390973418913496
-0.24648,-0.387013444803688
-0.26231,-0.382165695767671
-0.27789,-0.37646601769785
-0.29317,-0.369936431404186
-0.30813,-0.362609587440432
-0.32273,-0.35451118421927
-0.33695,-0.345675533854853
-0.35076,-0.336135668182029
-0.36413,-0.325922767419478
-0.37703,-0.315065715471782
-0.38944,-0.303598169903658
-0.40134,-0.291556720585882
-0.41271,-0.278979311821238
-0.42351,-0.265889117564007
-0.43374,-0.25232627662618
-0.44337,-0.238321243426224
-0.45239,-0.223910527657099
-0.46077,-0.209119617229485
-0.46851,-0.193986464667875
-0.47558,-0.178535704494013
-0.48197,-0.162795185055607
-0.48767,-0.14679440364801
-0.49267,-0.130563199919012
-0.49694,-0.114115891551832
-0.50049,-0.0974832546074825
-0.50331,-0.0806934986853875
-0.50538,-0.0637643982509337
-0.5067,-0.0467193968446875
-0.50726,-0.0295782492858035
-0.50705,-0.0123569722831049
-0.50608,0.00491730627755275
-0.50435,0.0222168458367534
-0.50184,0.0395291651278986
-0.49856,0.0568324700353206
-0.49451,0.074105673568929
-0.4897,0.091321651345046
-0.48413,0.108456751380151
-0.4778,0.12549097517797
-0.47072,0.142400638608593
-0.4629,0.159159946638245
-0.45435,0.175742313746787
-0.44509,0.192114051488139
-0.43511,0.208259052704515
-0.42445,0.22413907050965
-0.4131,0.239736239710499
-0.40108,0.255027656224162
-0.38842,0.269979818187982
-0.37512,0.284573996753595
-0.36121,0.298781930942905
-0.3467,0.312583470299539
-0.33162,0.325950998143899
-0.31598,0.338866656527745
-0.2998,0.351313790832296
-0.28312,0.363262627145024
-0.26594,0.37470343689328
-0.24829,0.385620979514561
-0.2302,0.395996235741845
-0.21169,0.405815285616276
-0.19277,0.4150763317757
-0.17349,0.423758064711766
-0.15385,0.431861223137899
-0.13389,0.439374948265464
-0.11363,0.446294338413891
-0.093093,0.452617418867142
-0.072307,0.458341139264488
-0.051293,0.463467039924921
-0.030083,0.467992375435622
-0.0087007,0.471917332866508
0.012829,0.475243735172698
0.034478,0.4779724656401
0.056219,0.480104362771261
0.078025,0.481640560946379
0.099866,0.482580305950412
0.12172,0.482927369503838
0.14354,0.482670684540472
0.16533,0.481825323622597
0.18702,0.480372394964123
0.20861,0.478317972707963
0.23007,0.47566598137754
0.25135,0.472403798194582
0.27243,0.468528039461768
0.29329,0.464042915716148
0.31389,0.45894392564582
0.3342,0.453227120488904
0.35419,0.446889152799057
0.37384,0.439934698542787
0.39311,0.432360044859912
0.41198,0.424169659662168
0.43042,0.415367142966615
0.44839,0.40594795326836
0.46588,0.395923332546314
0.48285,0.385294804901898
0.49928,0.374070852433379
0.51515,0.362265376732931
0.53041,0.349874125444859
0.54506,0.336915317855692
0.55905,0.323387840982412
0.57238,0.309312015790291
0.58501,0.294695327655984
0.59692,0.279549509897184
0.60809,0.263889397393955
0.6185,0.247731920220719
0.62812,0.231087833919861
0.63694,0.213977391425285
0.64493,0.196413136649205
0.65207,0.178408415020618
0.65835,0.159984202012354
0.66375,0.141159615898675
0.66824,0.121944310090531
0.67182,0.102362157620139
0.67447,0.0824329899499858
0.67616,0.0621653735591045
0.67689,0.0415806483631484
0.67664,0.020694989118639
0.6754,-0.000472731081144089
0.67316,-0.021902075912004
0.6699,-0.0435794021556304
0.66562,-0.0654822381812999
0.6603,-0.0875965101344492
0.65395,-0.109893229570253
0.64655,-0.132354469098612
0.63811,-0.154949638893792
0.62862,-0.1776536814042
0.61808,-0.200439409945322
0.6065,-0.223271398738342
0.59387,-0.246123465372045
0.5802,-0.268962950387445
0.56551,-0.291745619082738
0.5498,-0.314434041945605
0.53308,-0.336990059925334
0.51537,-0.359368748780901
0.49668,-0.381528532043484
0.47705,-0.403409670947198
0.45649,-0.424961784266295
0.43502,-0.446136222078917
0.41267,-0.46687990242406
0.38948,-0.487130471640339
0.36548,-0.506827446529309
0.3407,-0.525913770546206
0.31519,-0.54432221124985
0.28899,-0.561986864445427
0.26213,-0.578852412641619
0.23467,-0.594851756194561
0.20666,-0.609917888369676
0.17815,-0.623986079608192
0.14918,-0.637002999781696
0.11982,-0.648904213328921
0.090114,-0.659637758415377
0.060132,-0.669144378478375
0.029929,-0.677372113189816
-0.00043282,-0.684271471921258
-0.030893,-0.689798072911322
-0.061387,-0.693910353145364
-0.091852,-0.696571941107419
-0.12222,-0.697748329418204
-0.15243,-0.697413148836862
-0.18242,-0.695547092491023
-0.21211,-0.692124282488701
-0.24146,-0.687144333546925
-0.27038,-0.680590958217201
-0.29882,-0.672465559158638
-0.32672,-0.662776841102183
-0.354,-0.651524834332365
-0.38062,-0.638732585798929
-0.40651,-0.62441930740814
-0.43161,-0.608608388350834
-0.45587,-0.591333704282888
-0.47924,-0.572637003842269
-0.50165,-0.552550768189908
-0.52308,-0.531136364843497
-0.54345,-0.508432655386872
-0.56274,-0.484503865305522
-0.5809,-0.459410898700491
-0.59788,-0.43321045288614
-0.61367,-0.405983946632302
-0.62821,-0.377793591433557
-0.64149,-0.348721396116336
-0.65347,-0.31884087211682
-0.66413,-0.28823138624386
-0.67346,-0.25698213396677
-0.68142,-0.225165462006436
-0.68801,-0.192867525388338
-0.69322,-0.160175617779378
-0.69704,-0.127175295382882
-0.69945,-0.0939406627583
-0.70048,-0.060571177754735
-0.70012,-0.0271540715145255
-0.69836,0.00623607244676324
-0.69524,0.0395003926327124
-0.69075,0.0725605976313375
-0.68491,0.105335438810496
-0.67775,0.137736648101234
-0.66928,0.169688048308473
-0.65955,0.20109628521256
-0.64856,0.231894266085333
-0.63637,0.2619941528146
-0.623,0.291323988625791
-0.60849,0.319812439714342
-0.59289,0.347383893343092
-0.57625,0.373962013310774
-0.55861,0.399480024092187
-0.54001,0.423881369420739
-0.52052,0.447097798144112
-0.50018,0.469076374901262
-0.47905,0.489763870252381
-0.45719,0.509108978268312
-0.43467,0.527056643847896
-0.41153,0.543573162672239
-0.38783,0.558628877964803
-0.36365,0.57218411942145
-0.33904,0.584215081036476
-0.31406,0.594704665446594
-0.28877,0.603642314374831
-0.26323,0.611023677508344
-0.23751,0.616842757719978
-0.21166,0.621107776613386
-0.18575,0.623823976862624
-0.15982,0.625016786589131
-0.13394,0.624705554999771
-0.10816,0.622919480858385
-0.082533,0.619693137628316
-0.057113,0.615064165698956
-0.031948,0.609076463355463
-0.0070874,0.601777076697439
0.017422,0.593216522380617
0.041536,0.583448908856745
0.065209,0.572528933938549
0.088403,0.560516057467562
0.11107,0.547464675720034
0.13319,0.533444392917636
0.15471,0.518510807653704
0.1756,0.502723701264957
0.19583,0.48614453138648
0.21536,0.468826937121348
0.23418,0.45083883731667
0.25224,0.432228068026009
0.26953,0.413054342133894
0.28601,0.393362896122357
0.30167,0.373207979680827
0.31649,0.352641950669432
0.33045,0.331713918643463
0.34352,0.310461317331125
0.35569,0.288925582799532
0.36696,0.267157284613327
0.3773,0.245190441843566
0.38671,0.22306661647623
0.39517,0.200817147683667
0.40269,0.178486079852546
0.40926,0.156111336208618
0.41488,0.133731894935678
0.41954,0.111378747142244
0.42324,0.0890826041340983
0.426,0.0668875160401105
0.42781,0.0448245333607406
0.42869,0.0229351932821059
0.42864,0.00125319590059067
0.42766,-0.0201953699948398
0.42579,-0.0413620651983708
0.42302,-0.0622190837728003
0.41937,-0.0827341954206238
0.41486,-0.102872858905313
0.40951,-0.122599975346666
0.40334,-0.141881311699276
0.39637,-0.160684624951268
0.38861,-0.178987915557221
0.3801,-0.196756230605046
0.37086,-0.213960273825127
0.36091,-0.23057645930346
0.35028,-0.24657941365439
0.33901,-0.261935971098812
0.3271,-0.276637508489218
0.31461,-0.290651411145926
0.30155,-0.303963924133881
0.28796,-0.316555021061891
0.27387,-0.328407893549901
0.25931,-0.339509107731099
0.24432,-0.349841238996522
0.22892,-0.359399217362456
0.21315,-0.368173590322717
0.19705,-0.376151926440067
0.18064,-0.383334799037453
0.16397,-0.389711342563826
0.14706,-0.395284210938758
0.12995,-0.40005234954456
0.11268,-0.404011985694656
0.09527,-0.407172271252155
0.077768,-0.409532043698607
0.060204,-0.411095368193553
0.04261,-0.411869118272568
0.025025,-0.411857244142125
0.0074775,-0.411069156130459
-0.0099959,-0.409512569492352
-0.027359,-0.407194053603847
-0.044584,-0.404125405108351
-0.061632,-0.400314214654913
-0.078473,-0.395771151140333
-0.095074,-0.390506937764385
-0.1114,-0.384530641572422
-0.12742,-0.3778527619941
-0.14311,-0.370489892467674
-0.15842,-0.362443902665863
-0.17334,-0.353734341090715
-0.18782,-0.344364916089551
-0.20184,-0.334348655041835
-0.21537,-0.323698346064023
-0.22838,-0.312426234818275
-0.24083,-0.300536386362976
-0.25269,-0.288033520023832
-0.26395,-0.27493750666092
-0.27456,-0.26125028871525
-0.28449,-0.246974048240171
-0.29373,-0.232125834924898
-0.30224,-0.216711999573173
-0.30999,-0.20073744518018
-0.31697,-0.184220509320579
-0.32314,-0.167167635107939
-0.32848,-0.149590239999666
-0.33296,-0.131495986002832
-0.33658,-0.11291142837902
-0.3393,-0.0938480112568726
-0.34111,-0.0743268175955776
-0.342,-0.0543760703430224
-0.34194,-0.034014140200052
-0.34093,-0.0132730728693277
-0.33896,0.00781239408125841
-0.33602,0.0292063617856451
-0.33211,0.0508656528788662
-0.32722,0.0727498771612737
-0.32135,0.0948146991720079
-0.31451,0.117006532741836
-0.30669,0.139280709113207
-0.29792,0.161571533726166
-0.28819,0.183827885014655
-0.27752,0.205989780979574
-0.26594,0.22798454002483
-0.25344,0.249761014310428
-0.24006,0.271250092833731
-0.22582,0.292385130358853
-0.21074,0.313103573522095
-0.19486,0.333333401605998
-0.17821,0.353004650699282
-0.16082,0.372051274005056
-0.14272,0.390412569281834
-0.12395,0.408026819757037
-0.10456,0.424826209855699
-0.084588,0.440749166043293
-0.064075,0.45573906392775
-0.043067,0.469741597988876
-0.021612,0.482704831484003
0.00024167,0.494580416988159
0.022444,0.505323493580257
0.044942,0.514891554485289
0.067687,0.523248872316976
0.09062,0.530359052452804
0.11369,0.536192599039634
0.13684,0.540722471467378
0.16,0.543915250114824
0.18314,0.545763367012914
0.20617,0.546236444271768
0.22905,0.545324002093914
0.25172,0.543017572863902
0.2741,0.539296220444502
0.29615,0.534159539747159
0.3178,0.527601933698112
0.33899,0.519621583469626
0.35966,0.510220156933012
0.37974,0.499395064161006
0.39919,0.487162887241569
0.41793,0.473525975981473
0.43591,0.458497639070364
0.45307,0.442092550452089
0.46937,0.424341153653097
0.48473,0.405256461876427
0.49913,0.384881681192167
0.5125,0.363246429603187
0.52479,0.340383545453702
0.53598,0.31634990957325
0.54601,0.291190811959855
0.55485,0.264963268897083
0.56247,0.237732283072997
0.56884,0.209567591608932
0.57393,0.180540881432044
0.57772,0.150730845588014
0.5802,0.120227035611723
0.58135,0.0891178523623216
0.58116,0.0574956396703788
0.57962,0.0254532388065608
0.57673,-0.00691145392494917
0.57251,-0.0394845913348167
0.56693,-0.0721798240747111
0.56003,-0.104883911225829
0.55181,-0.137494981676533
0.54229,-0.169908737588719
0.53148,-0.202029637624887
0.51941,-0.233757536855319
0.50611,-0.264991864073328
0.49161,-0.295635026900604
0.47594,-0.325595111034916
0.45912,-0.354795339128078
0.44121,-0.383144349226331
0.42225,-0.410557002593437
0.40227,-0.436963606762852
0.38132,-0.46229478395421
0.35946,-0.486476669521241
0.33673,-0.50944934119663
0.31318,-0.531159127160892
0.28887,-0.551552246152982
0.26386,-0.570577067002748
0.2382,-0.588193256235154
0.21196,-0.604356658752244
0.1852,-0.619029380929262
0.15797,-0.632187736808083
0.13035,-0.643798685177061
0.10239,-0.653845430982792
0.07416,-0.662310632704506
0.04573,-0.66917764911294
0.017163,-0.67443666861049
-0.011477,-0.678083527401203
-0.04012,-0.680114884162264
-0.068704,-0.680534630960796
-0.097161,-0.679348485379029
-0.12543,-0.67656916654311
-0.15344,-0.672207776407032
-0.18113,-0.666281649706699
-0.20843,-0.658806428651394
-0.2353,-0.649818531299258
-0.26165,-0.639333520740873
-0.28745,-0.627394407863814
-0.31262,-0.614028476083496
-0.33711,-0.599272022520826
-0.36087,-0.583167833803069
-0.38384,-0.565755556847105
-0.40599,-0.547093567839731
-0.42724,-0.52721690762606
-0.44758,-0.506192694543862
-0.46694,-0.484067770561262
-0.48529,-0.460900956114759
-0.5026,-0.436759110300569
-0.51883,-0.411706324695746
-0.53394,-0.385802640208916
-0.54792,-0.359125265725253
-0.56073,-0.331740828989318
-0.57234,-0.303712831427513
-0.58276,-0.275129887410739
-0.59195,-0.246061247818848
-0.5999,-0.216580586173179
-0.60662,-0.186777620379929
-0.61208,-0.15672266578655
-0.61629,-0.12649770035805
-0.61925,-0.0961840874295287
-0.62096,-0.0658600710391274
-0.62144,-0.0356136022789934
-0.62068,-0.00551542031472377
-0.61871,0.0243504536108339
-0.61554,0.0539068811277491
-0.61118,0.0830849066877061
-0.60566,0.11180982634453
-0.599,0.140012308920179
-0.59123,0.167622437500111
-0.58237,0.194579727228387
-0.57245,0.220826174575691
-0.5615,0.246307994871335
-0.54955,0.270976914229578
-0.53665,0.294776271733303
-0.52282,0.317667007034821
-0.5081,0.339611167865402
-0.49253,0.360573377525769
-0.47616,0.38051453600522
-0.45902,0.399409010390984
-0.44115,0.417235942502965
-0.42261,0.433964708090582
-0.40343,0.449580403293653
-0.38367,0.464059581751372
-0.36336,0.477395278612171
-0.34256,0.489572353860608
-0.32132,0.500577390675668
-0.29967,0.510413997462681
-0.27767,0.519077703873971
-0.25537,0.52656549300833
-0.2328,0.532890811639108
-0.21002,0.538058241853313
-0.18706,0.54208766549304
-0.16399,0.544981537358878
-0.14083,0.546765491880967
-0.11763,0.547461276003869
-0.094438,0.547088677268509
-0.071291,0.545673745812983
-0.048226,0.543247094672591
-0.025286,0.539837946821141
-0.0025105,0.535476366103559
0.020065,0.530195370392349
0.042402,0.524027351969326
0.064465,0.517005617025867
0.08622,0.509164464689564
0.10763,0.500535869882269
0.12867,0.491157938703523
0.14929,0.481054174058011
0.16948,0.470265191994178
0.18919,0.458814653707994
0.2084,0.446734000747187
0.22708,0.434052585333493
0.24521,0.420804554024609
0.26275,0.407012069047013
0.27967,0.392694264551565
0.29596,0.377881926814322
0.31159,0.362599442265677
0.32654,0.346872598184801
0.34078,0.330720030200319
0.35429,0.314161298585421
0.36706,0.297223371453418
0.37906,0.279923473377494
0.39029,0.262292493058251
0.40071,0.244341720170604
0.41034,0.226110503287248
0.41914,0.207615183256656
0.4271,0.188875090580252
0.43423,0.169926015650817
0.44052,0.150801068681615
0.44595,0.131522715834794
0.45052,0.112118807142614
0.45424,0.0926279562027135
0.45709,0.0730740159047074
0.4591,0.0535050509018075
0.46025,0.0339501570432412
0.46055,0.0144443092254847
0.46001,-0.00497396788435072
0.45863,-0.0242719672746707
0.45644,-0.0434006210012522
0.45343,-0.06232882604862
0.44962,-0.081018885715793
0.44503,-0.099429087627469
0.43966,-0.117530680139416
0.43355,-0.135276852426359
0.4267,-0.152637372804335
0.41913,-0.169581708493112
0.41087,-0.18607283575722
0.40193,-0.202084604734311
0.39235,-0.217578474919622
0.38213,-0.232536860454573
0.37131,-0.246930298375997
0.35991,-0.260735671054469
0.34795,-0.273935929357853
0.33547,-0.286504919567975
0.32247,-0.298439760284537
0.309,-0.309719767382541
0.29508,-0.320332966486582
0.28074,-0.330267634126012
0.26599,-0.339527660169616
0.25088,-0.348100140410458
0.23542,-0.355988842478937
0.21965,-0.36318895721163
0.20359,-0.369703939620079
0.18727,-0.375536662564593
0.17072,-0.380689684040381
0.15397,-0.385165451022198
0.13703,-0.388981245158144
0.11995,-0.392136455851164
0.10275,-0.394638415522113
0.085452,-0.396499328893722
0.068092,-0.397724788390041
0.050696,-0.398322420843466
0.033293,-0.398299171658355
0.015911,-0.397662080204707
-0.0014197,-0.396416448926413
-0.018671,-0.394567729105769
-0.035812,-0.392119328322143
-0.052815,-0.389075325007494
-0.069649,-0.385437823987315
-0.086288,-0.381211009258231
-0.1027,-0.376396216096042
-0.11885,-0.370990245729408
-0.13473,-0.365006309734284
-0.15029,-0.358439455705353
-0.16551,-0.351292416450586
-0.18036,-0.343566652812882
-0.19482,-0.33526996468948
-0.20887,-0.326415067593208
-0.22247,-0.317003524353907
-0.23561,-0.307050053816705
-0.24825,-0.296557400164039
-0.26039,-0.285548158817632
-0.272,-0.274038139387172
-0.28306,-0.262044652593166
-0.29356,-0.249593136224588
-0.30347,-0.236700088828953
-0.31278,-0.223389116092836
-0.32148,-0.209688876271909
-0.32956,-0.195631288999383
-0.337,-0.181242597652926
-0.34379,-0.166551085022392
-0.34993,-0.151593224015037
-0.35541,-0.136403622614042
-0.36021,-0.121006950804257
-0.36434,-0.105441253946013
-0.36778,-0.0897320082866702
-0.37054,-0.0739159010752311
-0.37261,-0.0580227133892482
-0.374,-0.0420904737226317
-0.37469,-0.026140463103016
-0.37469,-0.0102018643333835
-0.374,0.00569817008580776
-0.37262,0.0215350751275919
-0.37056,0.0372798651874213
-0.36781,0.05291579263822
-0.36439,0.0684144820778244
-0.36029,0.0837613740720074
-0.35552,0.0989388954058467
-0.35009,0.113927766691919
-0.344,0.128715489451022
-0.33726,0.143288217625065
-0.32988,0.157631633152105
-0.32187,0.171731655065187
-0.31324,0.185574998403831
-0.30399,0.199156997028259
-0.29414,0.212465494518568
-0.28371,0.225482834666117
-0.2727,0.238202387237486
-0.26114,0.250604598972478
-0.24903,0.262682397524823
-0.23639,0.274424359367781
-0.22325,0.285808648625692
-0.20961,0.296827974809531
-0.19551,0.307457558466631
-0.18095,0.317688932416363
-0.16597,0.327497591199962
-0.1506,0.336854309569418
-0.13484,0.345749175048544
-0.11873,0.354158700106867
-0.10231,0.36204925094596
-0.085592,0.369400774163457
-0.068615,0.376184901389302
-0.051409,0.382374152429073
-0.034009,0.387938976640419
-0.016446,0.392852086173877
0.0012406,0.397082726144533
0.019018,0.400603247443951
0.036847,0.403384716200006
0.054693,0.405401552440386
0.072515,0.406627052896024
0.090276,0.407037509312904
0.10794,0.406613236619001
0.12546,0.405330426509721
0.14281,0.403178357254555
0.15994,0.400139645983574
0.17682,0.39620704691943
0.19341,0.39137453528876
0.20966,0.385630084202254
0.22555,0.378979571325466
0.24103,0.371421202718259
0.25607,0.362962068900172
0.27063,0.353609053920472
0.28468,0.343376293914488
0.29818,0.332276192115475
0.3111,0.320326995997449
0.32341,0.307551337974353
0.33507,0.293967530555013
0.34606,0.279604826946677
0.35635,0.264493229936962
0.36592,0.248670032663967
0.37474,0.232170084612026
0.38278,0.215025376252974
0.39004,0.197286938762802
0.39649,0.178997607260344
0.40211,0.160199837338715
0.40691,0.140956775184308
0.41085,0.121309513833055
0.41394,0.101317140819598
0.41617,0.0810367463152689
0.41754,0.0605295304853104
0.41804,0.0398507947416195
0.41768,0.0190641853825913
0.41646,-0.00176925703501425
0.41438,-0.0225924862048625
0.41146,-0.043338702089176
0.4077,-0.0639501283697616
0.40312,-0.0843633518753393
0.39773,-0.104519864824031
0.39154,-0.12436705967296
0.38458,-0.143844107354494
0.37686,-0.162900384968591
0.3684,-0.18148789074453
0.35923,-0.199555077988426
0.34937,-0.217056773810593
0.33884,-0.233954620181296
0.32767,-0.25020986577492
0.31589,-0.265784961806498
0.30352,-0.280652209934885
0.29059,-0.294785685469953
0.27713,-0.308162072907894
0.26317,-0.320761259618612
0.24874,-0.332566719186363
0.23386,-0.343573112467949
0.21858,-0.353762525140387
0.20292,-0.363129994078553
0.18691,-0.371674142290837
0.17058,-0.37939692188196
0.15397,-0.386295900166553
0.1371,-0.392380318348903
0.12002,-0.397646727897207
0.10275,-0.402104033169796
0.085324,-0.405760789876832
0.067778,-0.408623834397946
0.050137,-0.410706812898563
0.032441,-0.412017627750502
0.014717,-0.412569154289137
-0.003003,-0.412374414326006
-0.020688,-0.411447101643446
-0.038309,-0.409802707163004
-0.055835,-0.40745640177383
-0.073241,-0.404427236775868
-0.090495,-0.400731796264406
-0.10757,-0.396388001487532
-0.12445,-0.391422563611062
-0.1411,-0.385854561558797
-0.15749,-0.37970013276393
-0.17361,-0.372987403214988
-0.18944,-0.365746015273684
-0.20496,-0.358006034187937
-0.22013,-0.349782239380968
-0.23496,-0.341113609377734
-0.24943,-0.332035344942856
-0.26351,-0.322571200095395
-0.27719,-0.312749755294175
-0.29047,-0.302609998117805
-0.30333,-0.292183358807518
-0.31577,-0.281508996612632
-0.32777,-0.270616317521682
-0.33933,-0.259540704291014
-0.35043,-0.248306438032936
-0.36108,-0.236950189704914
-0.37127,-0.225502645506861
-0.38099,-0.213988636840439
-0.39024,-0.202434777033142
-0.39901,-0.19086077062285
-0.4073,-0.179287374932773
-0.41511,-0.167735391742428
-0.42242,-0.156210060646073
-0.42923,-0.144718461520783
-0.43554,-0.133268704609895
-0.44134,-0.121861869212346
-0.44662,-0.110493091663977
-0.45137,-0.0991526024582267
-0.4556,-0.0878414978553616
-0.45928,-0.0765398146647862
-0.46241,-0.065233129111227
-0.46498,-0.0539042820869852
-0.46698,-0.0425342039486688
-0.46839,-0.0310952517223815
-0.46921,-0.0195682697736663
-0.46943,-0.0079339605836889
-0.46902,0.00384143790223332
-0.46798,0.0157803270359064
-0.4663,0.0279027856612499
-0.46396,0.0402338856987089
-0.46094,0.0528020495006133
-0.45725,0.0656154332036236
-0.45287,0.0786877656711174
-0.44778,0.0920368273488676
-0.44198,0.105668326148337
-0.43545,0.11959278798198
-0.42819,0.133809453083318
-0.42019,0.14831577313042
-0.41145,0.163100315310462
-0.40196,0.178152068885302
-0.39171,0.193460549152002
-0.38071,0.209001088436482
-0.36894,0.224760338327996
-0.35643,0.240697375047827
-0.34316,0.256787038724608
-0.32914,0.272995307615273
-0.31437,0.289289294981194
-0.29887,0.305623105848775
-0.28265,0.321948980861619
-0.26571,0.338226350575831
-0.24807,0.354406793527049
-0.22976,0.370429536085281
-0.21078,0.386247749763893
-0.19116,0.401805043094778
-0.17093,0.417038980133827
-0.15012,0.431884091033693
-0.12875,0.446281802424605
-0.10687,0.460158710462089
-0.084508,0.473447938439616
-0.061708,0.486078103476936
-0.038512,0.497977886033024
-0.014968,0.50907382088837
0.0088698,0.519288450978157
0.032954,0.528548583344719
0.057227,0.536779288313945
0.081631,0.543906531368309
0.10611,0.549860774649811
0.1306,0.554572540050284
0.15503,0.557969590323673
0.17935,0.559995454803771
0.20349,0.560593651260213
0.22738,0.559709776584846
0.25097,0.557307936452645
0.27417,0.553339138814703
0.29693,0.547775323387841
0.31918,0.540591865930642
0.34085,0.531768177863851
0.3619,0.521310259904604
0.38224,0.509209009829071
0.40184,0.495488340978086
0.42061,0.480154324477642
0.43852,0.463243380405
0.45552,0.444801127868515
0.47154,0.424865065540649
0.48654,0.403487741260226
0.50049,0.380740193754216
0.51333,0.356684618712189
0.52504,0.331404277829971
0.53558,0.304982621814418
0.54491,0.277501189804119
0.55302,0.24906008351825
0.55988,0.219756948944095
0.56548,0.189699622370295
0.56979,0.158986403972429
0.57282,0.127734715004467
0.57454,0.0960444672080881
0.57497,0.0640354951027146
0.57411,0.0318253790134904
0.57195,-0.000481029102047646
0.56851,-0.0327702017448104
0.56381,-0.0649251478175401
0.55786,-0.0968371407530774
0.55067,-0.128407614498682
0.54229,-0.159519890526849
0.53272,-0.19008345536769
0.522,-0.220002442906622
0.51017,-0.249179988341943
0.49725,-0.27753657172108
0.48328,-0.304994795589533
0.4683,-0.331481870989559
0.45236,-0.3569241074556
0.43549,-0.381264685144718
0.41773,-0.404455359628556
0.39914,-0.426442156053559
0.37977,-0.4471761540433
0.35966,-0.466622030581033
0.33886,-0.484749791863907
0.31743,-0.501527952171137
0.29541,-0.516940234326089
0.27288,-0.530954229998053
0.24987,-0.543563089788221
0.22645,-0.554751869705207
0.20268,-0.564507568050063
0.17861,-0.572827123842109
0.15431,-0.579701387365392
0.12983,-0.585131908220673
0.10524,-0.589114569765121
0.080598,-0.591650179143733
0.055961,-0.592744705198526
0.03139,-0.592405610943699
0.0069494,-0.590639270236476
-0.017305,-0.587457755031741
-0.041314,-0.58287525309391
-0.065017,-0.576906576116998
-0.088363,-0.569574046101364
-0.11129,-0.560897586442728
-0.13375,-0.550905257830448
-0.1557,-0.539634855248446
-0.17707,-0.527111247279659
-0.19782,-0.513370564524008
-0.21792,-0.498464581169338
-0.2373,-0.482426838070701
-0.25594,-0.465312335656692
-0.27379,-0.447169766703235
-0.29082,-0.428056251840054
-0.30699,-0.408026770763795
-0.32227,-0.387140456659271
-0.33663,-0.365458129213207
-0.35004,-0.343040228685474
-0.36248,-0.319952522111964
-0.37394,-0.296270535571667
-0.38438,-0.27205325879488
-0.39379,-0.247366714235447
-0.40216,-0.222280548238306
-0.40948,-0.196865169140271
-0.41574,-0.171189393598903
-0.42093,-0.145318560497484
-0.42505,-0.11932046859404
-0.42809,-0.0932552820814722
-0.43006,-0.0671897589933024
-0.43095,-0.0411789451227796
-0.43078,-0.015288687753059
-0.42955,0.0104234910101545
-0.42727,0.0359014166530131
-0.42396,0.0610846171208994
-0.41961,0.085933477508726
-0.41425,0.110397215059813
-0.4079,0.134425338042274
-0.40058,0.157969467681154
-0.39231,0.180984753548808
-0.3831,0.203438323586611
-0.373,0.22527880346193
-0.36202,0.246471385568857
-0.35021,0.26696648691628
-0.33757,0.286741435463577
-0.32417,0.305744614070853
-0.31002,0.323947330007338
-0.29517,0.341311055162369
-0.27966,0.357798255824451
-0.26354,0.373366286849543
-0.24683,0.387992183313709
-0.2296,0.401632963408443
-0.21189,0.414253308664376
-0.19374,0.425825475242989
-0.17521,0.436314236487683
-0.15634,0.445694516671747
-0.13719,0.453935748184205
-0.11782,0.461004188591304
-0.098269,0.466880390564185
-0.078599,0.471540368641278
-0.058868,0.474960499532137
-0.039127,0.477123666500481
-0.019439,0.478009982106782
0.00014262,0.477605361834334
0.019561,0.475898583506287
0.038752,0.472876021229223
0.057667,0.468534311253579
0.076243,0.462868168187708
0.094422,0.455874933519398
0.11216,0.447564812925118
0.12938,0.437934017384187
0.14605,0.427001145075588
0.1621,0.414774518278707
0.17749,0.401276399091841
0.19217,0.386532537216437
0.20609,0.370571031629771
0.2192,0.353421321225912
0.23147,0.335128100261465
0.24285,0.315732529521777
0.25329,0.295271941410012
0.26278,0.27380924779051
0.27127,0.251396786756733
0.27874,0.228099196352747
0.28516,0.203981904585684
0.29051,0.179116588570952
0.29477,0.153577975454141
0.29792,0.127441143828073
0.29996,0.100794090173287
0.30088,0.0737252974696744
0.30068,0.0463284550821054
0.29936,0.018698685554248
0.29692,-0.00907058000398733
0.29338,-0.0368753302502362
0.28874,-0.064620983059348
0.28304,-0.0921939333890464
0.27629,-0.119490925056785
0.26852,-0.14640551632306
0.25976,-0.172832093535789
0.25004,-0.198669122963769
0.23941,-0.223806910851434
0.2279,-0.248147565633553
0.21556,-0.271591231075321
0.20244,-0.294039865103786
0.18858,-0.315407658852611
0.17405,-0.335599557830629
0.15889,-0.354538582636847
0.14318,-0.372135620936938
0.12695,-0.388331972948406
0.11029,-0.403051507310109
0.093241,-0.416243171356713
0.075879,-0.427852471182572
0.058266,-0.437834811884815
0.040469,-0.446151923306005
0.022553,-0.452773978420892
0.0045848,-0.457678251057725
-0.013371,-0.460850784203835
-0.031245,-0.462282300684295
-0.048975,-0.461973627240297
-0.066497,-0.45993311179146
-0.083744,-0.456173419851636
-0.10066,-0.450719150293592
-0.11718,-0.443597826625152
-0.13324,-0.434839905505164
-0.14879,-0.424488267841696
-0.16378,-0.412595144001733
-0.17815,-0.399211946149492
-0.19184,-0.384388426510877
-0.20482,-0.368194168107064
-0.21702,-0.350683566350805
-0.22842,-0.331934504976289
-0.23897,-0.312019695548532
-0.24863,-0.291013242740303
-0.25737,-0.268995835584679
-0.26515,-0.246043914047249
-0.27195,-0.22224318117141
-0.27774,-0.197677014110777
-0.2825,-0.172431926903185
-0.28621,-0.146594444962685
-0.28885,-0.120248537860224
-0.29042,-0.0934883634385603
-0.29091,-0.0664060497069657
-0.29031,-0.0390892556976068
-0.28861,-0.0116192732387864
-0.28583,0.0159081883713271
-0.28197,0.0434036292770029
-0.27704,0.0707780631594429
-0.27105,0.0979458452845238
-0.26401,0.124826895788952
-0.25596,0.151326182986842
-0.24691,0.177361965631367
-0.23689,0.202851252384318
-0.22592,0.227720330185367
-0.21406,0.251876041600796
-0.20133,0.275242312558188
-0.18777,0.297744788361062
-0.17343,0.319305822022583
-0.15835,0.339855316210319
-0.14259,0.359317082699362
-0.12619,0.377627594826702
-0.1092,0.394728592217073
-0.091696,0.410549152874368
-0.073719,0.425036677062705
-0.055337,0.438135527675381
-0.036609,0.449796518833129
-0.017599,0.459974030688916
0.0016248,0.468624173552309
0.020998,0.475709165914441
0.040457,0.481198472734316
0.059926,0.485059905035482
0.079342,0.48727095801947
0.098631,0.487810074348001
0.11773,0.486665828401626
0.13656,0.483824071254885
0.15505,0.479275361056499
0.17314,0.473023018973116
0.19076,0.465073737131428
0.20784,0.455437287312465
0.22431,0.444126167347534
0.24011,0.431162604337431
0.25517,0.416569119621181
0.26944,0.400383068480965
0.28285,0.382638352153246
0.29535,0.363380309742715
0.30689,0.342662588812556
0.31741,0.320536970224582
0.32687,0.297067353353368
0.33523,0.272325875452944
0.34245,0.246389526387827
0.34849,0.219337240704318
0.35334,0.191269638686343
0.35696,0.162279949990772
0.35932,0.132460292141761
0.36043,0.101928882613283
0.36026,0.0707920785835965
0.35882,0.0391731998066953
0.35609,0.00718348079267455
0.35209,-0.0250493164236748
0.34683,-0.0573953072596225
0.34031,-0.0897342042521457
0.33256,-0.121934996186396
0.32359,-0.15387688490654
0.31344,-0.185428966391223
0.30214,-0.216463748619874
0.28971,-0.24686800529798
0.2762,-0.276521623102461
0.26166,-0.305302955150544
0.24612,-0.333107996647011
0.22964,-0.359828441133497
0.21226,-0.385371115629566
0.19405,-0.4096362907563
0.17506,-0.432537362596306
0.15535,-0.453994196996878
0.13498,-0.473935004949229
0.11402,-0.492290240880361
0.092543,-0.508992794198223
0.07061,-0.523989161825459
0.048291,-0.537232560006607
0.025661,-0.548680142336282
0.0027884,-0.558299210151403
-0.020249,-0.566060094673512
-0.043381,-0.571942884787238
-0.066532,-0.575932948214222
-0.089627,-0.578021586683892
-0.1126,-0.578212583806883
-0.13536,-0.576501970499334
-0.15786,-0.572912903674842
-0.18,-0.567451288478307
-0.20174,-0.560153985532572
-0.22298,-0.551038057868776
-0.24367,-0.540141682183858
-0.26374,-0.527504746953916
-0.28312,-0.513167916371047
-0.30175,-0.497179192217664
-0.31956,-0.479584165019479
-0.33652,-0.460455149798333
-0.35253,-0.439832569265718
-0.36757,-0.417789415128945
-0.38157,-0.394386155547248
-0.3945,-0.369701239360623
-0.40629,-0.343795990184324
-0.41691,-0.316745869282993
-0.42634,-0.288643071462393
-0.43451,-0.259553769068345
-0.44141,-0.229565622326152
-0.44701,-0.19876629864627
-0.45128,-0.167240916478294
-0.45421,-0.135084794344838
-0.45577,-0.102383834766986
-0.45595,-0.0692284968438711
-0.45475,-0.0357175020735847
-0.45215,-0.00193838546870786
-0.44816,0.0320109502766905
-0.44278,0.0660347507711269
-0.436,0.100049475091882
-0.42785,0.13395464927606
-0.41833,0.167661609808051
-0.40746,0.201079408692319
-0.39527,0.234110936641344
-0.38177,0.266672165077714
-0.367,0.298670360550862
-0.35098,0.330023752835305
-0.33376,0.360640136799039
-0.31537,0.390436889967444
-0.29586,0.419327284860032
-0.27527,0.447231765863819
-0.25365,0.474072070449786
-0.23106,0.499766465877475
-0.20755,0.52424079392158
-0.18318,0.547422389867112
-0.15801,0.569242544084991
-0.1321,0.589638384156051
-0.10552,0.60854684350686
-0.078338,0.625908673893511
-0.050626,0.641667133756446
-0.022451,0.655773515217007
0.0061097,0.668180066101153
0.034983,0.678844972117557
0.064094,0.687731765276865
0.093363,0.69480647356918
0.12271,0.700038565900959
0.15206,0.703405522075687
0.18134,0.704894070156227
0.21045,0.704479469927902
0.23933,0.702158632695472
0.26789,0.697924455310158
0.29606,0.691782193182395
0.32375,0.683732715752531
0.3509,0.673796071085863
0.37742,0.661985570683609
0.40323,0.648316620266293
0.42828,0.632828531902271
0.45248,0.615549682003034
0.47577,0.596521441471601
0.49809,0.575794890493162
0.51936,0.553413085989833
0.53955,0.52944870056265
0.55857,0.50395218931661
0.57639,0.476999288992955
0.59295,0.448662027804289
0.60822,0.41902979046328
0.62213,0.388174016710106
0.63466,0.356186718184967
0.64578,0.323166561171695
0.65544,0.289200035690809
0.66363,0.2543909071717
0.67033,0.218846475854272
0.6755,0.182658965637824
0.67914,0.145935227679617
0.68125,0.10879067199635
0.6818,0.0713219264893754
0.68079,0.033629603905007
0.67824,-0.00417089436796282
0.67414,-0.0419780623427834
0.66849,-0.0796975085862496
0.66131,-0.117228957512699
0.65262,-0.154470742467318
0.64242,-0.191338280069589
0.63075,-0.227734172330224
0.61762,-0.263576234149352
0.60305,-0.298790123233234
0.58709,-0.333288423349053
0.56976,-0.366998500457207
0.55109,-0.39985499426546
0.53113,-0.431786192312809
0.50991,-0.462732790573122
0.48749,-0.492625705711171
0.4639,-0.521412815492214
0.43921,-0.549028290148465
0.41345,-0.575427389187943
0.38668,-0.60056217981115
0.35897,-0.62437683005026
0.33037,-0.646826181628615
0.30094,-0.667868241872597
0.27074,-0.687465437559405
0.23985,-0.705570698678811
0.20832,-0.722153445938617
0.17623,-0.737175716772861
0.14364,-0.75061007945701
0.11062,-0.762431590495992
0.07725,-0.772611229471613
0.043595,-0.78112917702431
0.0097294,-0.787967211131815
-0.024279,-0.793114352531557
-0.058351,-0.796557890387389
-0.09242,-0.798293918781643
-0.12641,-0.798319303561886
-0.16026,-0.796643210271321
-0.19388,-0.793263505066157
-0.22721,-0.78819162916313
-0.26019,-0.78145007866897
-0.29274,-0.77305527235653
-0.32479,-0.763026048969443
-0.35628,-0.75139041335573
-0.38714,-0.738175913993384
-0.41732,-0.72342405594751
-0.44675,-0.707171938328988
-0.47537,-0.689459717760287
-0.50313,-0.670336502466767
-0.52996,-0.649842646330736
-0.55583,-0.628040042957274
-0.58067,-0.604976780735344
-0.60444,-0.58071074659518
-0.62709,-0.555298768372559
-0.64859,-0.528810048143771
-0.66889,-0.501307050008816
-0.68794,-0.472845020465562
-0.70574,-0.443508728875128
-0.72223,-0.413359934219956
-0.73739,-0.382469563199982
-0.7512,-0.350913780625468
-0.76363,-0.318763265540809
-0.77467,-0.286096864781199
-0.78429,-0.252982769030258
-0.79249,-0.219500566835378
-0.79927,-0.185736512579929
-0.8046,-0.151757329299023
-0.80849,-0.117641335013692
-0.81094,-0.083466223430116
-0.81195,-0.0493066127830476
-0.81152,-0.0152321241864955
-0.80967,0.0186792665836428
-0.8064,0.0523602826148376
-0.80173,0.0857398573237554
-0.79568,0.118746361868734
-0.78826,0.151317625940488
-0.77949,0.183393992873557
-0.76939,0.214920064852117
-0.758,0.245831207321373
-0.74534,0.276072490577735
-0.73145,0.305584119764445
-0.71635,0.334319405537009
-0.70008,0.362229325812586
-0.68268,0.389264932772273
-0.66418,0.415386677289977
-0.64463,0.44054948717765
-0.62408,0.464705662791916
-0.60255,0.487829455300511
-0.58011,0.509877136876338
-0.55679,0.530821834679286
-0.53266,0.550621981604811
-0.50774,0.569262823455685
-0.48211,0.586707809349048
-0.4558,0.602941319087782
-0.42887,0.617943370691221
-0.40139,0.631684125120238
-0.37339,0.64415666635747
-0.34494,0.655343648765576
-0.31609,0.665235046374146
-0.2869,0.673820054675223
-0.25743,0.681087960311261
-0.22773,0.687036214062293
-0.19786,0.691661917075631
-0.16787,0.694969741788703
-0.13783,0.696955908186584
-0.10779,0.697625045862967
-0.0778,0.696988753171431
-0.047926,0.695052405006421
-0.01822,0.691826842352259
0.011265,0.687326533329474
0.040473,0.681566498459982
0.069353,0.674565711600396
0.097853,0.666345277762399
0.12592,0.656926885914876
0.15351,0.646338918713083
0.18057,0.634607867662902
0.20706,0.62176771019687
0.23294,0.607857635618129
0.25815,0.592905259777169
0.28267,0.576957741250383
0.30646,0.560061957241218
0.32948,0.542263304502404
0.3517,0.523612132502431
0.37308,0.504153977157196
0.39362,0.483958769344091
0.41328,0.463084556135149
0.43204,0.441592913995775
0.44988,0.419546446534985
0.46679,0.397014109022428
0.48276,0.374067912504241
0.49777,0.350772761996163
0.51183,0.3272080010491
0.52492,0.303439997446821
0.53705,0.27954473018904
0.54822,0.255596130660398
0.55843,0.23166411075036
0.5677,0.207827841510441
0.57602,0.184149211489916
0.58342,0.160703628818642
0.58991,0.137560101028905
0.59549,0.114772724507267
0.6002,0.0924111671741048
0.60406,0.0705404522367566
0.60708,0.0492121748030461
0.6093,0.028487336697035
0.61073,0.00841012418862559
0.61141,-0.0109684184285367
0.61136,-0.0296084691620414
0.61062,-0.0474661205075993
0.60921,-0.0645107286568463
0.60717,-0.0807089623672541
0.60454,-0.0960267973755218
0.60132,-0.110460714141565
0.59757,-0.123988088432136
0.59332,-0.136594242603648
0.58858,-0.148286617737006
0.5834,-0.159061236219559
0.5778,-0.168927710340356
0.5718,-0.177906826670192
0.56544,-0.18601349224542
0.55875,-0.193265287436066
0.55174,-0.199696646012074
0.54443,-0.205347632684446
0.53686,-0.210247318576989
0.52904,-0.214437594755769
0.52098,-0.21796980478017
0.51271,-0.22088695920668
0.50425,-0.223231753820132
0.49559,-0.225067787365388
0.48677,-0.226436919205859
0.47777,-0.227406777504407
0.46863,-0.228019586083333
0.45934,-0.228332893991564
0.44991,-0.228400191982971
0.44034,-0.228277557171128
0.43064,-0.22801411351042
0.42081,-0.227659281887113
0.41084,-0.227268588300883
0.40074,-0.226885977909212
0.3905,-0.226559418883553
0.38013,-0.226323765461546
0.36961,-0.226224248910426
0.35895,-0.226290753069699
0.34814,-0.226554447752149
0.33717,-0.227046359430837
0.32604,-0.227788827505811
0.31475,-0.22879623377916
0.30328,-0.230090587963639
0.29163,-0.23168431864642
0.2798,-0.233581450816616
0.26778,-0.235786171617757
0.25556,-0.238302349519948
0.24314,-0.241125778207386
0.23052,-0.244245543864547
0.21769,-0.247652712468912
0.20465,-0.251332512252037
0.19139,-0.255273002015407
0.17792,-0.259449819135782
0.16422,-0.263851212852513
0.1503,-0.268453545357938
0.13615,-0.273238861250308
0.12177,-0.27818673484532
0.10716,-0.2832751854635
0.092332,-0.288472597757586
0.077272,-0.293759583703
0.061986,-0.29911229195904
0.046475,-0.304507586979142
0.030742,-0.309922043516343
0.014788,-0.315334120828505
-0.0013805,-0.320720336155317
-0.017762,-0.326060011823705
-0.034352,-0.331333126353021
-0.051141,-0.336517099356472
-0.06813,-0.341595740668651
-0.085305,-0.346547448720944
-0.10266,-0.351352857404566
-0.12019,-0.35599577041711
-0.13789,-0.360463103701465
-0.15574,-0.3647336697515
-0.17373,-0.368787836317631
-0.19185,-0.372607876131214
-0.21009,-0.376178207943563
-0.22843,-0.379478143959405
-0.24686,-0.382490969818174
-0.26536,-0.385196370150184
-0.28391,-0.387571815525875
-0.30249,-0.38959373755436
-0.32108,-0.391238506759404
-0.33966,-0.392483228541616
-0.3582,-0.393298974902404
-0.37668,-0.393660281230597
-0.39508,-0.393545322895038
-0.41335,-0.392913782006908
-0.43148,-0.391741259507015
-0.44944,-0.390002233829198
-0.46719,-0.387663766525903
-0.4847,-0.384695412958937
-0.50195,-0.381077153960977
-0.51888,-0.376768548879214
-0.53548,-0.371750968090185
-0.5517,-0.365994509782471
-0.56752,-0.359483412387264
-0.58289,-0.352191795056628
-0.59777,-0.344093950785085
-0.61213,-0.335172633449037
-0.62594,-0.325418131019169
-0.63915,-0.31481253524326
-0.65173,-0.303346851763628
-0.66364,-0.291012365167766
-0.67485,-0.277808462752873
-0.68532,-0.263733931671346
-0.69501,-0.248787344991392
-0.7039,-0.232982157548028
-0.71194,-0.216321497857865
-0.71911,-0.198822478364292
-0.72539,-0.180513224204857
-0.73072,-0.161400594400975
-0.73511,-0.141526044059607
-0.73851,-0.12091358549128
-0.7409,-0.0995948407448971
-0.74227,-0.0776142105845558
-0.7426,-0.0550179016420722
-0.74187,-0.0318524041415112
-0.74005,-0.00815582180102365
-0.73715,0.0160119539524561
-0.73315,0.0405972837366878
-0.72805,0.0655382634872638
-0.72183,0.090782861750294
-0.71449,0.116273735464946
-0.70603,0.141950955236559
-0.69646,0.167746895656549
-0.68577,0.193604532058845
-0.67397,0.219462362873042
-0.66107,0.245257195931414
-0.64709,0.270919061235775
-0.63202,0.296396896163354
-0.6159,0.321619618808926
-0.59873,0.346531857390538
-0.58053,0.371077983357282
-0.56133,0.395196669522399
-0.54114,0.418838850649309
-0.52,0.441944916069748
-0.49793,0.464463591174955
-0.47495,0.486352157636519
-0.4511,0.507561632018171
-0.4264,0.528054569486998
-0.40089,0.54778953181642
-0.37461,0.566723463116671
-0.34758,0.584828433398825
-0.31985,0.60206776354715
-0.29144,0.618421381962114
-0.26241,0.633854049008797
-0.23278,0.648349296969721
-0.2026,0.661884515072671
-0.17192,0.674433204687562
-0.14077,0.685981669117974
-0.1092,0.696512540916293
-0.07725,0.706013776986276
-0.044974,0.714468000782747
-0.012416,0.721861782663401
0.020375,0.728181906141983
0.05335,0.733416037773181
0.086461,0.737553968859414
0.11965,0.740580410327389
0.15288,0.742492230511855
0.18608,0.743271342862874
0.2192,0.742903901899252
0.25219,0.741380117255488
0.28498,0.738679200602038
0.31753,0.734794487039415
0.34976,0.729701536268768
0.38163,0.723392044286987
0.41306,0.715841581125865
0.44399,0.707028376257255
0.47437,0.696940987828317
0.50413,0.685562036268376
0.53321,0.672877434216845
0.56153,0.658861543114079
0.58904,0.643502483927953
0.61568,0.626792600969609
0.64137,0.608713275183582
0.66607,0.589267336783575
0.68971,0.568452862610205
0.71224,0.546279160869059
0.73359,0.522749765985097
0.75371,0.497878452827253
0.77256,0.471694471091842
0.79009,0.444231566098574
0.80626,0.415533787638365
0.82102,0.385645083920878
0.83434,0.354623072665712
0.8462,0.322542360395276
0.85656,0.289474559104649
0.8654,0.255501794404988
0.87272,0.220727272918338
0.8785,0.185253628508364
0.88273,0.149187615280448
0.88541,0.11264371582794
0.88655,0.0757467902423028
0.88616,0.0386264885346075
0.88424,0.00140516064548852
0.88083,-0.0357747884790425
0.87594,-0.0727812041636682
0.8696,-0.109479425985008
0.86184,-0.145736934452749
0.85269,-0.181427101261222
0.84221,-0.216409926528248
0.83042,-0.250568680299039
0.81737,-0.283787114682179
0.80311,-0.31595332363361
0.78769,-0.346962771690762
0.77116,-0.376720574481248
0.75358,-0.405135715257427
0.735,-0.432131091608448
0.71548,-0.457636471432021
0.69509,-0.481582639325918
0.67387,-0.503926229856147
0.65189,-0.524624692880993
0.62922,-0.54363826522691
0.6059,-0.560953644838928
0.58202,-0.576543191695597
0.55763,-0.590398939668144
0.5328,-0.602515078212098
0.50757,-0.612910724227775
0.48203,-0.621588416544317
0.45621,-0.628582394956327
0.4302,-0.633907881252275
0.40404,-0.637601993112852
0.37779,-0.639704319176171
0.3515,-0.640263337608099
0.32523,-0.639326503680726
0.29903,-0.636947014639544
0.27296,-0.633174255231464
0.24705,-0.62807572016839
0.22134,-0.62172457924038
0.1959,-0.614174658664959
0.17075,-0.605499873413542
0.14593,-0.595773661336079
0.12148,-0.585067165609046
0.097421,-0.573461823992169
0.073798,-0.561027394163665
0.050628,-0.547842951597615
0.027937,-0.533986157986931
0.0057476,-0.519533778438213
-0.015922,-0.504562815655706
-0.03706,-0.489152857452699
-0.057652,-0.473381209471656
-0.077688,-0.457324172627442
-0.097163,-0.44105850800159
-0.11607,-0.424657398071135
-0.13442,-0.408202049885324
-0.15219,-0.391752353540042
-0.16941,-0.375388104093998
-0.18607,-0.359172908698665
-0.20218,-0.343169876956904
-0.21776,-0.327446863042578
-0.23282,-0.312065770470188
-0.24737,-0.297081471125041
-0.26142,-0.282541100774038
-0.275,-0.268498477789085
-0.28812,-0.254995970912092
-0.3008,-0.242072371456249
-0.31306,-0.229761934590365
-0.32493,-0.218101130924481
-0.33643,-0.207119252972364
-0.34757,-0.196831039606103
-0.35839,-0.187260701453428
-0.36889,-0.17840928632921
-0.37911,-0.170288164892279
-0.38906,-0.162894002505624
-0.39877,-0.15622597924337
-0.40824,-0.150262646799035
-0.4175,-0.144988213777716
-0.42657,-0.140384036370045
-0.43545,-0.136414480043943
-0.44417,-0.133052977485819
-0.45273,-0.130258460933449
-0.46115,-0.127993767006034
-0.46942,-0.126203426683124
-0.47756,-0.124840656207627
-0.48556,-0.123844554073124
-0.49343,-0.123159116580853
-0.50117,-0.122726295363339
-0.50877,-0.122480504421884
-0.51623,-0.12235922152427
-0.52354,-0.122296705602238
-0.53069,-0.122226457090394
-0.53766,-0.122075863067124
-0.54445,-0.12178426804443
-0.55103,-0.121280291000186
-0.55739,-0.120500837943565
-0.56352,-0.119391453642743
-0.56938,-0.117884229070021
-0.57496,-0.115924740659787
-0.58024,-0.11346385446279
-0.58519,-0.11045101207622
-0.58979,-0.106843662032733
-0.59401,-0.10259987368752
-0.59783,-0.09768717073709
-0.60122,-0.092074620006478
-0.60415,-0.0857338123290588
-0.60661,-0.0786543776960821
-0.60855,-0.0708116438878828
-0.60995,-0.0621926965663881
-0.61079,-0.0527948747148586
-0.61104,-0.0426168911475033
-0.61067,-0.031659016558623
-0.60965,-0.0199231606610636
-0.60797,-0.00742766535821041
-0.6056,0.00581079965745139
-0.6025,0.019784419182679
-0.59867,0.034462849171584
-0.59407,0.0498276986050175
-0.5887,0.0658408691938858
-0.58252,0.0824787508685324
-0.57553,0.0997002714352541
-0.56772,0.117458609296648
-0.55905,0.135725604513012
-0.54954,0.154444429827727
-0.53915,0.173580971726793
-0.5279,0.193075931993082
-0.51577,0.212880870031308
-0.50276,0.232942623801264
-0.48887,0.253205708013161
-0.47409,0.273621735081763
-0.45844,0.294127273213123
-0.44191,0.314670793410879
-0.42452,0.335189731832531
-0.40628,0.355621901369739
-0.38719,0.37591470488361
-0.36728,0.396002760769569
-0.34656,0.415827203025361
-0.32507,0.435314105058134
-0.30281,0.4544092760082
-0.27983,0.473039256386894
-0.25615,0.491139571055048
-0.23181,0.508640303544908
-0.20684,0.525476824242011
-0.18129,0.541576130798541
-0.15518,0.556883057185206
-0.12858,0.571321787337039
-0.10152,0.584831948508778
-0.074053,0.597350719656982
-0.04623,0.608816985420265
-0.018102,0.619173169672958
0.010277,0.628364414164664
0.038852,0.636339334242307
0.067566,0.643049804126968
0.096361,0.648451442223534
0.12518,0.652505385408344
0.15397,0.655181795212786
0.18266,0.656446174323697
0.2112,0.65627729156053
0.23953,0.65465834733489
0.26759,0.651577124158534
0.29533,0.647033366763848
0.32268,0.641022211462144
0.34961,0.633565302040506
0.37604,0.624668591855675
0.40194,0.614362667058849
0.42726,0.602682800813388
0.45194,0.589660119549055
0.47595,0.575344124658262
0.49924,0.559783345987611
0.52178,0.543039315591316
0.54352,0.525167857265352
0.56443,0.506233684231986
0.58449,0.486314486691605
0.60365,0.465474258568961
0.6219,0.443793867865138
0.63921,0.421350829194757
0.65555,0.398217830363263
0.6709,0.374469006314224
0.68525,0.35018491089666
0.69857,0.3254341277664
0.71086,0.300295694784639
0.72209,0.274832489340332
0.73226,0.249114535182176
0.74136,0.22320798488318
0.74938,0.197173712683647
0.75631,0.171066287808277
0.76216,0.14494808159619
0.7669,0.118856043494673
0.77056,0.092849526453656
0.77312,0.0669668909564922
0.77459,0.0412502391832832
0.77497,0.0157356597116925
0.77428,-0.00953228367591546
0.7725,-0.0345334669850879
0.76966,-0.0592315375964074
0.76576,-0.0836007164927094
0.7608,-0.107624924646009
0.7548,-0.131282032392675
0.74778,-0.154546093145765
0.73973,-0.177411411216494
0.73069,-0.199852237402642
0.72066,-0.221857348721206
0.70966,-0.243413146276923
0.6977,-0.264512273458812
0.68481,-0.285138192558031
0.67101,-0.305275157326664
0.65631,-0.324916211810407
0.64074,-0.344047212716832
0.62432,-0.362656310702971
0.60708,-0.380726722228966
0.58903,-0.398253209171738
0.57022,-0.415210675013112
0.55067,-0.431581123989784
0.5304,-0.447353007382138
0.50944,-0.462513138837698
0.48784,-0.477032815033582
0.46562,-0.490893995700063
0.44281,-0.504080543362354
0.41945,-0.516571119553249
0.39558,-0.528340982894318
0.37123,-0.539370917535072
0.34644,-0.549639497019574
0.32126,-0.559116905892835
0.29573,-0.567774963185931
0.26987,-0.575602560880135
0.24374,-0.582573301721098
0.21738,-0.588664185520205
0.19084,-0.593848385265906
0.16414,-0.598119115652748
0.13735,-0.601449190295462
0.11049,-0.603832912519704
0.083627,-0.605247534919512
0.056789,-0.605686243534905
0.030025,-0.605139948578399
0.0033771,-0.603603303508801
-0.02311,-0.601072423718637
-0.049395,-0.597547440368471
-0.075434,-0.593030008097151
-0.10119,-0.587528273542368
-0.12661,-0.581043761954414
-0.15167,-0.573594247300557
-0.17632,-0.565191074244608
-0.20052,-0.555847656605086
-0.22424,-0.545586251500492
-0.24745,-0.534435782896255
-0.2701,-0.522415105002724
-0.29218,-0.509564124888245
-0.31364,-0.495909152767447
-0.33445,-0.481479678034641
-0.3546,-0.466321779662115
-0.37405,-0.450471510970405
-0.39279,-0.433978059825705
-0.41079,-0.416885066390336
-0.42803,-0.399237870957646
-0.4445,-0.381089281456332
-0.46019,-0.362496612080832
-0.47506,-0.343496963011781
-0.48914,-0.324161747833739
-0.50239,-0.304536189335731
-0.51481,-0.284672563364935
-0.52641,-0.264634588620096
-0.53717,-0.24447107142148
-0.54711,-0.224246797816921
-0.55621,-0.20400782543148
-0.56449,-0.183813141623143
-0.57194,-0.163708049635665
-0.57859,-0.143754833329189
-0.58442,-0.123990452290955
-0.58947,-0.104474442921071
-0.59373,-0.0852455722947492
-0.59722,-0.0663466004741871
-0.59995,-0.0478145354899255
-0.60194,-0.0296877199305797
-0.6032,-0.0119967138269003
-0.60376,0.00522066216327003
-0.60362,0.0219443683227036
-0.60281,0.0381474912985928
-0.60134,0.0538135275140974
-0.59923,0.0689278445442916
-0.59651,0.0834707398430368
-0.59318,0.0974415453203231
-0.58927,0.110833176322546
-0.58479,0.123648750670354
-0.57976,0.135892508489417
-0.5742,0.147569840493337
-0.56813,0.15868725353444
-0.56156,0.16925968562601
-0.55452,0.179293971531177
-0.547,0.188820078677222
-0.53903,0.197856494735245
-0.53063,0.206419579071483
-0.5218,0.214538513385804
-0.51256,0.222237414248454
-0.50292,0.229543209758341
-0.4929,0.236477090393322
-0.48251,0.243062530511078
-0.47175,0.249331671628922
-0.46065,0.255300639518623
-0.4492,0.261001812266689
-0.43743,0.266450217061735
-0.42535,0.271661251700392
-0.41295,0.276664938927796
-0.40027,0.281465258410019
-0.3873,0.286081986316381
-0.37406,0.290524827528817
-0.36056,0.294802410397088
-0.34681,0.298922158317865
-0.33282,0.302890216770218
-0.31862,0.30669663162659
-0.3042,0.310348193939384
-0.28959,0.313835318774302
-0.27479,0.317157556357519
-0.25982,0.320306941374084
-0.2447,0.32326956873815
-0.22944,0.326034417233488
-0.21405,0.328593005258892
-0.19855,0.330931668142421
-0.18296,0.333032872856345
-0.16729,0.334883782749003
-0.15155,0.336475660317852
-0.13576,0.337795900788102
-0.11995,0.338821717034628
-0.10412,0.339544902144896
-0.088295,0.339950747735504
-0.072488,0.340028600801692
-0.056715,0.33976917951447
-0.040992,0.339164603078047
-0.025336,0.33820764555454
-0.0097604,0.336894524133903
0.0057183,0.335222105761414
0.021086,0.333189708731557
0.036328,0.330798272227287
0.051433,0.328052602910019
0.066383,0.324955612717333
0.081171,0.321516809852868
0.095779,0.317742694762728
0.1102,0.313645362158961
0.12442,0.309235967845472
0.13843,0.304528354743069
0.15222,0.299537457723148
0.16578,0.294278719381255
0.1791,0.288767594120892
0.19217,0.28301913580377
0.20498,0.277047663560284
0.21753,0.270873897927917
0.2298,0.264508349631623
0.2418,0.257975165227362
0.2535,0.251279210110795
0.26492,0.244446592780783
0.27603,0.23748280777196
0.28683,0.230398693857969
0.29733,0.223216415968953
0.3075,0.215937016751331
0.31736,0.20858136654497
0.32688,0.20114868870028
0.33607,0.193650255068369
0.34491,0.186084453265631
0.35342,0.178468804520333
0.36158,0.170806111098212
0.36938,0.163094532776875
0.37682,0.155335819373483
0.38391,0.147541863660601
0.39062,0.139702749081465
0.39697,0.131828124184216
0.40294,0.123913482541084
0.40853,0.115957735848998
0.41374,0.107962497209573
0.41856,0.0999240473755561
0.42299,0.0918417938077936
0.42703,0.0837176174463021
0.43067,0.075547893753064
0.4339,0.0673246005023829
0.43674,0.0590585174033673
0.43916,0.0507382807349775
0.44117,0.0423645202510424
0.44277,0.0339400828299738
0.44394,0.0254547096262141
0.4447,0.0169174008602633
0.44503,0.00832284077341923
0.44494,-0.000323514992194346
0.44441,-0.00902987878556963
0.44346,-0.0177856990655243
0.44207,-0.0265951719025729
0.44024,-0.0354594918901204
0.43798,-0.0443700242658361
0.43527,-0.0533326338761385
0.43213,-0.0623351475597799
0.42854,-0.0713807652259775
0.4245,-0.080470216197221
0.42002,-0.089594843070338
0.4151,-0.0987460529065528
0.40972,-0.107930331545246
0.4039,-0.117136588359082
0.39763,-0.126362062063211
0.39091,-0.135603397676841
0.38375,-0.144849475683482
0.37615,-0.154090621918797
0.36811,-0.163318599282302
0.35962,-0.172533970659638
0.35071,-0.181714829763123
0.34137,-0.190851343322317
0.33161,-0.199928904608262
0.32144,-0.208929483260999
0.31086,-0.217840201725628
0.29989,-0.226637934432025
0.28854,-0.235299353008754
0.27681,-0.243809035260607
0.26473,-0.252136226042533
0.25231,-0.260253489172405
0.23957,-0.268129472632102
0.22652,-0.2757379881684
0.2132,-0.283035623547259
0.1996,-0.290003325854647
0.18578,-0.29659054970068
0.17173,-0.302774615886242
0.1575,-0.308511695654688
0.14311,-0.313764435280655
0.12858,-0.318501873677287
0.11395,-0.322684440475153
0.099233,-0.326286861758313
0.08447,-0.329275586451815
0.069688,-0.331621880649448
0.054914,-0.333301907117718
0.040179,-0.33429371525213
0.02551,-0.334580688572206
0.010938,-0.334148270564975
-0.0035109,-0.332987854705405
-0.017808,-0.3310942155734
-0.031925,-0.328465563810609
-0.045837,-0.325105710540412
-0.059517,-0.321021587868562
-0.072939,-0.316223447991365
-0.086083,-0.310728618863227
-0.098919,-0.304552495899251
-0.11143,-0.297718320179971
-0.12359,-0.290248561727097
-0.13538,-0.28216980486019
-0.14679,-0.273518034325085
-0.15778,-0.264313782662056
-0.16835,-0.254594239581882
-0.17848,-0.24439429904827
-0.18814,-0.233738716598872
-0.19734,-0.222672999708525
-0.20604,-0.211221182219796
-0.21426,-0.199433682302224
-0.22196,-0.187336414951612
-0.22915,-0.174971746703217
-0.23581,-0.162371882945572
-0.24194,-0.149574647148399
-0.24755,-0.136628639632327
-0.25262,-0.123567520936646
-0.25715,-0.110426626335935
-0.26116,-0.0972562935010484
-0.26464,-0.0840952305752389
-0.26759,-0.0709789177305146
-0.27004,-0.0579612343617647
-0.27198,-0.045079635972762
-0.27344,-0.0323866676026953
-0.27442,-0.0199231823565945
-0.27494,-0.00773402584529372
-0.27502,0.004134234914586
-0.27468,0.0156351939617979
-0.27394,0.0267241312058077
-0.27283,0.0373518132754533
-0.27138,0.0474670177178559
-0.2696,0.0570334226815645
-0.26752,0.0660132697416546
-0.26519,0.074354241328914
-0.26262,0.0820236333885915
-0.25985,0.0889836279667645
-0.25691,0.0952010908866161
-0.25383,0.1006479501681
-0.25064,0.105301373894279
-0.24739,0.109128981703349
-0.24408,0.112128939496525
-0.24078,0.114272729409987
-0.23749,0.115563248770909
-0.23425,0.115999454603
-0.23109,0.115584944395904
-0.22804,0.114327328470618
-0.22513,0.112237597882753
-0.22237,0.109344298568616
-0.21981,0.105660101102609
-0.21744,0.101229197446829
-0.2153,0.0960833009675318
-0.2134,0.0902656442105067
-0.21177,0.0838129955559869
-0.2104,0.0767856742637504
-0.20932,0.0692319298172651
-0.20853,0.0612112775713427
-0.20805,0.0527759861924092
-0.20787,0.0439932855961335
-0.20799,0.0349332581037479
-0.20842,0.0256589682939619
-0.20915,0.0162408290278417
-0.21018,0.00674575943083553
-0.2115,-0.00275670867532033
-0.2131,-0.0121970112550056
-0.21496,-0.0215002692759144
-0.21708,-0.0306043909685369
-0.21943,-0.0394373866530465
-0.222,-0.0479363518049165
-0.22477,-0.0560403697171433
-0.22771,-0.0636847669585537
-0.2308,-0.0708113897503352
-0.23403,-0.0773767399444403
-0.23735,-0.0833211932187249
-0.24075,-0.0886037808499346
-0.24419,-0.0931779734595881
-0.24765,-0.0970092978016007
-0.25109,-0.100059638758364
-0.25449,-0.102304265819741
-0.25781,-0.103715620760339
-0.26103,-0.104279902658482
-0.26411,-0.103980483230147
-0.26701,-0.102799388196156
-0.26972,-0.100740693887105
-0.27218,-0.0977896312409779
-0.27438,-0.0939540492951659
-0.27628,-0.0892380557228309
-0.27785,-0.0836504340651238
-0.27905,-0.0771964806650003
-0.27986,-0.0698936751748743
-0.28025,-0.061761782933872
-0.28018,-0.052814791552518
-0.27964,-0.0430841120656571
-0.27858,-0.0325850262227352
-0.27699,-0.0213491976417015
-0.27484,-0.0094060435513272
-0.2721,0.00321745441396761
-0.26876,0.0164820813273321
-0.2648,0.0303470947699419
-0.26019,0.0447789211675995
-0.25492,0.0597358285032296
-0.24897,0.0751780021873936
-0.24234,0.0910534516076223
-0.23501,0.107316576032613
-0.22697,0.123920805203419
-0.21822,0.140812725821021
-0.20876,0.157934943154429
-0.19858,0.175235912186713
-0.18768,0.192662951087967
-0.17607,0.210156668522886
-0.16374,0.227668857376409
-0.15072,0.24513227546755
-0.13701,0.262488573398698
-0.12261,0.279688409065849
-0.10755,0.29666915108044
-0.091851,0.313366109628516
-0.075517,0.329727572814257
-0.058579,0.345694074808684
-0.04106,0.36120779171526
-0.022984,0.376213426920973
-0.0043846,0.390652514884732
0.014713,0.404472237864397
0.034268,0.417614647122786
0.054253,0.430029567930449
0.074624,0.441662620906754
0.095346,0.452464619320168
0.11638,0.462389400406277
0.13767,0.4713823897956
0.15919,0.479406364998405
0.18087,0.486407044104291
0.20269,0.492355318291116
0.22458,0.497206678985197
0.24649,0.50092068582683
0.26838,0.50346914563686
0.29019,0.5048202033908
0.31187,0.5049477968925
0.33337,0.503831720520591
0.35462,0.501442722466142
0.37558,0.497767691628147
0.39619,0.492792549362731
0.41641,0.486518062998705
0.43616,0.478927810934848
0.45539,0.470014552116781
0.47407,0.45979382514544
0.49212,0.448262539588286
0.50951,0.435440017506932
0.52617,0.421333897260495
0.54206,0.40596470305395
0.55714,0.389363097199857
0.57135,0.371552588640658
0.58464,0.352557930577085
0.59698,0.332419216213997
0.60833,0.31118063201379
0.61864,0.288881256799108
0.62788,0.265569924058894
0.63602,0.24130212099151
0.64302,0.216129888593881
0.64886,0.190115918640781
0.6535,0.163315015881908
0.65694,0.135803701196687
0.65915,0.107651703195528
0.66011,0.0789287028285214
0.65981,0.049709721803005
0.65825,0.0200792921376286
0.65542,-0.00988025462250605
0.65131,-0.0400908153020864
0.64594,-0.0704578948398183
0.6393,-0.100898821116284
0.63141,-0.131320840672924
0.62229,-0.161625951140519
0.61193,-0.191737154592458
0.60038,-0.221552552207751
0.58764,-0.250990377447204
0.57376,-0.279950835746976
0.55874,-0.308359810648282
0.54264,-0.336122096451968
0.52549,-0.363150837810518
0.50731,-0.38937626714117
0.48816,-0.414715356038004
0.46808,-0.439092085337029
0.44712,-0.462431417920723
0.42532,-0.484669223183508
0.40272,-0.50575261200935
0.3794,-0.525610336635122
0.35539,-0.544195963576482
0.33075,-0.561462858548621
0.30554,-0.577366220012325
0.27982,-0.591864652862599
0.25363,-0.604936129722624
0.22705,-0.616545966746343
0.20013,-0.626673088856227
0.17292,-0.635308634391787
0.1455,-0.642432307853143
0.11791,-0.648045356110664
0.09022,-0.652144787427965
0.062491,-0.654731517616632
0.034778,-0.655814575984057
0.0071379,-0.65540841104199
-0.020367,-0.653527955130999
-0.047686,-0.650197167743593
-0.074761,-0.645441596737146
-0.10154,-0.639292287499238
-0.12797,-0.631783498145306
-0.15401,-0.622960350424144
-0.1796,-0.612861746044909
-0.2047,-0.601535556885336
-0.22927,-0.589035799370297
-0.25326,-0.575412762216964
-0.27664,-0.560727288123682
-0.29938,-0.545047178468952
-0.32143,-0.528429282167748
-0.34276,-0.510934874188642
-0.36335,-0.492634494357695
-0.38318,-0.473604180783127
-0.40221,-0.453907460665165
-0.42042,-0.433610693133613
-0.4378,-0.412787924504895
-0.45433,-0.39150978266351
-0.47,-0.369849374018348
-0.48478,-0.347864745603456
-0.49868,-0.325629481533272
-0.51169,-0.303212562343591
-0.5238,-0.280677023967425
-0.535,-0.258078998329914
-0.5453,-0.235481887830337
-0.5547,-0.212945402038638
-0.56321,-0.190531600149251
-0.57082,-0.168287496117522
-0.57755,-0.14626839308996
-0.58341,-0.124526885485697
-0.5884,-0.103104063573651
-0.59255,-0.0820522990958936
-0.59586,-0.0614089427592596
-0.59835,-0.0412124943273476
-0.60004,-0.0215008125357704
-0.60094,-0.00230230133308763
-0.60108,0.0163487550576605
-0.60047,0.0344295589889529
-0.59914,0.0519129035812445
-0.5971,0.068784049438101
-0.59437,0.0850318043220455
-0.59098,0.100641227919824
-0.58694,0.115610014123937
-0.58228,0.129931764014499
-0.57702,0.143604776529103
-0.57118,0.15663158977979
-0.56477,0.169025878793668
-0.55782,0.180795516576532
-0.55035,0.191951228968206
-0.54237,0.202513464865349
-0.5339,0.212502866930846
-0.52497,0.221932555326919
-0.51557,0.230839050628014
-0.50573,0.239247400508434
-0.49546,0.247187716567907
-0.48477,0.254693541134285
-0.47367,0.261800415243113
-0.46217,0.268544642437202
-0.45028,0.274962240745951
-0.438,0.281095471350625
-0.42535,0.28697572136588
-0.41232,0.292646939062556
-0.39893,0.298139793420818
-0.38517,0.303495543202519
-0.37105,0.30874799598257
-0.35657,0.313931329089636
-0.34174,0.319071566316122
-0.32656,0.324194691777591
-0.31102,0.3293331781745
-0.29515,0.334494090780493
-0.27893,0.339700586271138
-0.26237,0.344965770922749
-0.24548,0.350294082803399
-0.22826,0.355690018622398
-0.21072,0.361150377928089
-0.19287,0.366665614451096
-0.17471,0.37222849491275
-0.15625,0.377826243755264
-0.13751,0.383434371197465
-0.1185,0.389026805667395
-0.099222,0.394582644825757
-0.079699,0.400070044963347
-0.059944,0.405456470420873
-0.039975,0.410705900169397
-0.019813,0.415778173613819
0.00052634,0.420634766208352
0.021017,0.425231820030321
0.04164,0.429527562827215
0.06237,0.433478351518025
0.083181,0.437039776645712
0.10405,0.440170306131494
0.12495,0.442828998266374
0.14584,0.444966269871728
0.16671,0.446549981971952
0.18752,0.447540923504602
0.20824,0.447902840152814
0.22884,0.447603055299774
0.24928,0.446605496201354
0.26954,0.44488736071269
0.28957,0.44241523717983
0.30935,0.439170514772645
0.32884,0.435132504633626
0.34801,0.430287083979401
0.36683,0.424626094959014
0.38525,0.418131909160985
0.40324,0.41079480247968
0.42079,0.402626750014205
0.43783,0.393612813579738
0.45436,0.383768787094154
0.47034,0.373105492018251
0.48573,0.36162970421309
0.50051,0.349359767905476
0.51464,0.336308277352109
0.52811,0.322505230043974
0.54088,0.307971840825973
0.55293,0.29273662027995
0.56424,0.276833324079675
0.57478,0.260291746017756
0.58452,0.24313776383682
0.59346,0.225415637402546
0.60156,0.207153713058271
0.60881,0.188388939125537
0.6152,0.169164186152699
0.62069,0.149503725396141
0.62529,0.129453085528276
0.62898,0.109051440468225
0.63174,0.0883316918444603
0.63357,0.0673354614393081
0.63446,0.0461027456358624
0.63439,0.0246636023910595
0.63338,0.00306866903909986
0.6314,-0.0186533490947895
0.62846,-0.0404628265475275
0.62457,-0.0623126220893357
0.61971,-0.0841732094971442
0.6139,-0.106000723011322
0.60714,-0.127755961259985
0.59944,-0.149397399051594
0.5908,-0.170890421784141
0.58123,-0.192199809931237
0.57075,-0.213283705355383
0.55937,-0.234103712947669
0.5471,-0.254625563668968
0.53396,-0.274812156895762
0.51997,-0.294625425701115
0.50515,-0.314027866509075
0.48952,-0.332983762164945
0.4731,-0.351460127726128
0.45592,-0.369420010091441
0.438,-0.386831983540923
0.41937,-0.403662869844297
0.40005,-0.419886712029114
0.38008,-0.435469631763224
0.35949,-0.450380013426822
0.3383,-0.464596651251385
0.31655,-0.478092863151571
0.29428,-0.490838615076985
0.27151,-0.502817103573959
0.24829,-0.514000798077291
0.22464,-0.524376781627167
0.20061,-0.533922413261789
0.17624,-0.542615540012409
0.15156,-0.550442702589309
0.12661,-0.5573907312555
0.10143,-0.563447355462699
0.076056,-0.568604619262972
0.050535,-0.572850417493934
0.024904,-0.576177300077745
-0.00079999,-0.578582033160997
-0.026532,-0.580059247949608
-0.052254,-0.580607383452431
-0.077927,-0.580227521520175
-0.10351,-0.578921591448642
-0.12896,-0.576690893158751
-0.15424,-0.573540824139636
-0.17932,-0.569485311313197
-0.20415,-0.56453018099628
-0.22869,-0.558682131797633
-0.25291,-0.551955923720005
-0.27677,-0.544365161495641
-0.30024,-0.535929674951413
-0.32327,-0.526659098793465
-0.34584,-0.516576862677211
-0.36791,-0.505702174468758
-0.38943,-0.494042987421938
-0.4104,-0.481634978334261
-0.43075,-0.468483483335038
-0.45048,-0.45462101304997
-0.46954,-0.440064134403056
-0.4879,-0.424830892952151
-0.50555,-0.408954797259025
-0.52244,-0.392451308135055
-0.53856,-0.375350449006327
-0.55386,-0.357663524811089
-0.56835,-0.33943073509999
-0.58198,-0.320670041870618
-0.59475,-0.301417882363707
-0.60661,-0.281687523495573
-0.61757,-0.261517442330903
-0.6276,-0.240935698901824
-0.63668,-0.219968466418141
-0.6448,-0.19864693565783
-0.65195,-0.177005347971903
-0.65812,-0.155079325745132
-0.6633,-0.13290448068211
-0.66747,-0.110507881033491
-0.67065,-0.087938363713021
-0.6728,-0.0652164337539125
-0.67396,-0.0423981518103372
-0.67409,-0.0195073582767806
-0.67322,0.00340718620383473
-0.67135,0.0263003659788216
-0.66847,0.049138850096871
-0.66461,0.0718703881593198
-0.65977,0.09445133162049
-0.65395,0.116846415485211
-0.64719,0.138998799421019
-0.63948,0.160873048619993
-0.63086,0.18241527096285
-0.62134,0.20358064739823
-0.61094,0.224325808696917
-0.59969,0.244602670115393
-0.58761,0.26436838303081
-0.57473,0.283578436747469
-0.56107,0.302195944577402
-0.54666,0.320184147607312
-0.53154,0.337500373447679
-0.51574,0.354106108580165
-0.49929,0.36996761505166
-0.48222,0.38505631172651
-0.46457,0.39934155418295
-0.44637,0.412799657347909
-0.42766,0.425406190645706
-0.40848,0.437137176937615
-0.38885,0.447984832282739
-0.36883,0.457925451050181
-0.34843,0.466960486362562
-0.32772,0.475067637144908
-0.30671,0.482250778417675
-0.28544,0.488512948143838
-0.26396,0.49384937968535
-0.2423,0.498264245813727
-0.22049,0.501769112087685
-0.19856,0.504381487588961
-0.17657,0.506101289680485
-0.15453,0.506951466816391
-0.13247,0.506958354107589
-0.11044,0.506135736923675
-0.088464,0.504506315611107
-0.06657,0.50209655964363
-0.044788,0.498933924056557
-0.023149,0.495045294066171
-0.0016751,0.490463041800776
0.019601,0.485215319027111
0.040661,0.479336807882712
0.061476,0.472858702305303
0.082026,0.465815123125455
0.10229,0.45824086699227
0.12225,0.450172513141254
0.14189,0.441648509492945
0.16118,0.432697337576605
0.18012,0.423360751520935
0.19869,0.413675169774667
0.21687,0.40367159201549
0.23466,0.393390442724048
0.25203,0.382856296443971
0.269,0.372117073402539
0.28553,0.361193658694654
0.30163,0.350121339057468
0.31729,0.338931040305043
0.3325,0.327649109152098
0.34726,0.316304640496768
0.36155,0.304913116482034
0.37537,0.293493148746916
0.38872,0.282065098573476
0.40159,0.27064253140484
0.41397,0.259232901300234
0.42586,0.247845657654411
0.43724,0.236476545984089
0.44812,0.225132298780999
0.4585,0.21382068515517
0.46835,0.202527688787286
0.47768,0.191251452138684
0.48648,0.179984958991388
0.49474,0.168717025920488
0.50246,0.157440619232355
0.50962,0.146137280400484
0.51623,0.134801867094329
0.52227,0.123417793152903
0.52774,0.111974368277867
0.53262,0.100451048518779
0.53692,0.0888419963342533
0.54062,0.0771311378023271
0.54372,0.0653093214635398
0.54621,0.0533657911449782
0.54809,0.0412961628222173
0.54934,0.0290865098258992
0.54997,0.0167377705710677
0.54996,0.00424066810129739
0.54932,-0.00839985485001909
0.54803,-0.0211896837217701
0.54611,-0.0341136619623841
0.54354,-0.0471696154811359
0.54033,-0.0603436684999542
0.53647,-0.0736276417617209
0.53197,-0.0870033470219729
0.52683,-0.100452382963069
0.52105,-0.113956647045431
0.51464,-0.127491357746578
0.5076,-0.141034406780421
0.49993,-0.154566446869439
0.49166,-0.168048716840526
0.48277,-0.181464849303817
0.47329,-0.194780045330484
0.46322,-0.207967833864819
0.45258,-0.220994451883257
0.44138,-0.23382864947557
0.42962,-0.246449544154977
0.41733,-0.258823118645537
0.40452,-0.270920606864989
0.3912,-0.282718393420911
0.3774,-0.294183022599861
0.36313,-0.305288960952282
0.34841,-0.316010529408511
0.33325,-0.326330211291829
0.31769,-0.336215558296002
0.30174,-0.34564533907318
0.28542,-0.354600744383439
0.26875,-0.363065644276369
0.25177,-0.371011931963698
0.23448,-0.378432394272884
0.21691,-0.385314897687219
0.19909,-0.391643900580957
0.18104,-0.397409143619985
0.16279,-0.402597720418858
0.14435,-0.407209941727379
0.12576,-0.411234795725899
0.10704,-0.414667432816174
0.088212,-0.417506815715419
0.069303,-0.419751504751162
0.050338,-0.4214014384685
0.031343,-0.422457102474951
0.012347,-0.422917354556182
-0.006628,-0.42278509830953
-0.025551,-0.422059907544551
-0.044398,-0.420743991154625
-0.063139,-0.4188373065077
-0.081749,-0.416341805843047
-0.1002,-0.41325888137248
-0.11846,-0.409586572437585
-0.1365,-0.405322568101731
-0.1543,-0.400471068163883
-0.17183,-0.39503409116319
-0.18906,-0.389011916172763
-0.20596,-0.382403473840944
-0.2225,-0.375206689249646
-0.23867,-0.367433575473159
-0.25443,-0.359085055965043
-0.26975,-0.350160534535233
-0.28461,-0.34066563511863
-0.299,-0.330618282648325
-0.31288,-0.320023703276986
-0.32623,-0.30889157092822
-0.33904,-0.297242304488828
-0.35129,-0.285097074410235
-0.36295,-0.27246971867939
-0.37401,-0.259382586312104
-0.38446,-0.245864284685416
-0.39428,-0.231940299541553
-0.40345,-0.217632893342348
-0.41198,-0.202983278421424
-0.41985,-0.188024614091002
-0.42704,-0.172782620696198
-0.43356,-0.157298427950371
-0.4394,-0.141609600561715
-0.44455,-0.125749715650159
-0.44902,-0.109762894923191
-0.45279,-0.093678247584727
-0.45587,-0.0775340169166353
-0.45826,-0.0613672045814931
-0.45996,-0.0452126275875295
-0.46098,-0.0291095962547319
-0.46131,-0.0130849787819728
-0.46097,0.00282315973983374
-0.45995,0.0185911811373083
-0.45828,0.0341783853903511
-0.45595,0.0495612469113115
-0.45298,0.0647087967720429
-0.44938,0.0795925667569115
-0.44516,0.094187142260042
-0.44034,0.10846313672448
-0.43494,0.122389026045892
-0.42896,0.135947475428645
-0.42244,0.149103759971931
-0.41539,0.161832530758493
-0.40783,0.174109557699696
-0.39979,0.185905051106249
-0.39128,0.197200609072527
-0.38233,0.207973000189978
-0.37297,0.218196008349049
-0.36322,0.227849385132032
-0.35311,0.236911118590138
-0.34265,0.245373438422925
-0.33189,0.253210968742881
-0.32084,0.260414674759411
-0.30953,0.266974417484798
-0.29798,0.27288711179317
-0.28623,0.278140919087226
-0.27429,0.282739701482362
-0.26219,0.286685336439999
-0.24995,0.289985694547452
-0.2376,0.292646103917523
-0.22516,0.294677310756086
-0.21264,0.296101739816542
-0.20008,0.296928638713609
-0.18749,0.29717873631751
-0.17489,0.296874212759977
-0.16229,0.29604535659663
-0.14972,0.294713509358792
-0.13719,0.292907107243604
-0.12472,0.290652212357976
-0.11232,0.287979714701407
-0.10001,0.2849161968092
-0.087798,0.281492931736598
-0.075698,0.277739679898042
-0.063723,0.273684886619722
-0.051886,0.269355113871889
-0.040193,0.264779790123369
-0.028657,0.259984595171465
-0.017287,0.254994346074497
-0.0060903,0.249833629685834
0.0049229,0.244523905341357
0.015747,0.239086787503363
0.026371,0.233539282683124
0.036793,0.227900787735927
0.047002,0.222185203413525
0.056996,0.216408104610958
0.066769,0.210582859731319
0.076315,0.204720519567658
0.085631,0.198832006542654
0.094712,0.192926187019617
0.10356,0.187015031898318
0.11216,0.181099948628644
0.12053,0.175198023163598
0.12865,0.16931026026896
0.13653,0.163446700297639
0.14416,0.157609449313841
0.15155,0.151808800504593
0.15871,0.146061233073284
0.16561,0.140358061098397
0.17228,0.134714771087943
0.17871,0.129136208320279
0.1849,0.123625785019567
0.19085,0.118185538043455
0.19657,0.112823613552913
0.20206,0.107545358420096
0.20731,0.102346215285948
0.21234,0.0972358363559114
0.21712,0.0921979871844135
0.22169,0.0872476582921341
0.22601,0.0823653544029805
0.23011,0.077555974315743
0.23397,0.0728068851086185
0.2376,0.0681137681287042
0.24098,0.0634568598666108
0.24413,0.0588339861738166
0.24703,0.054227576625401
0.24969,0.0496302634836228
0.25208,0.0450134810091704
0.25423,0.0403766783140763
0.25611,0.0356975227946409
0.25772,0.0309589063289219
0.25905,0.0261409930742925
0.26012,0.0212444862608988
0.26089,0.0162423001773205
0.26138,0.0111300838379636
0.26158,0.0058997956468352
0.26148,0.000540704363240977
0.26108,-0.00495234075508644
0.26037,-0.0105871774390341
0.25936,-0.0163587309084191
0.25804,-0.022266355084853
0.25641,-0.02830550746909
0.25447,-0.0344685436495836
0.25221,-0.0407528396841064
0.24964,-0.0471450293590868
0.24676,-0.0536307704947936
0.24357,-0.0601952509235754
0.24006,-0.0668310210334341
0.23624,-0.0735219442193906
0.23212,-0.080245285228529
0.22769,-0.086988361849075
0.22295,-0.0937395371014251
0.21791,-0.100480949066472
0.21258,-0.107190211867952
0.20695,-0.11385670330874
0.20104,-0.120457422592589
0.19484,-0.126982239888683
0.18836,-0.133416943348938
0.18161,-0.139744483718537
0.17459,-0.145953448685147
0.16731,-0.152029962726499
0.15978,-0.157958623678417
0.15201,-0.163723297879821
0.144,-0.169315181467891
0.13577,-0.174716926416665
0.12733,-0.179912256225258
0.11869,-0.184886291709618
0.10986,-0.189625784579318
0.10086,-0.194111871360768
0.091694,-0.198333610277557
0.082382,-0.202275023878761
0.07294,-0.205919581133239
0.063383,-0.209251604255391
0.053729,-0.21225442558741
0.044,-0.214908190183327
0.034211,-0.21719630453572
0.024382,-0.219101679416474
0.014536,-0.220605198579354
0.0046922,-0.221689568201452
-0.0051291,-0.222338752374283
-0.0149,-0.222532682005242
-0.024606,-0.222258628520001
-0.034219,-0.221500215857367
-0.043716,-0.220242492147213
-0.053077,-0.218474427136594
-0.062275,-0.216183430447916
-0.071289,-0.213360588563097
-0.080091,-0.209995173746779
-0.088667,-0.206085796558211
-0.096983,-0.201624004649161
-0.10502,-0.196607127098907
-0.11276,-0.191038116561679
-0.12017,-0.18491344009203
-0.12723,-0.178234184964295
-0.13393,-0.171012664150579
-0.14024,-0.163255259723389
-0.14613,-0.154963525758837
-0.15159,-0.14614997570434
-0.15661,-0.136835727109288
-0.16115,-0.127026185482509
-0.16522,-0.116751002348625
-0.16878,-0.106021678915198
-0.17183,-0.0948644157771544
-0.17435,-0.0833018121019281
-0.17633,-0.0713603856504295
-0.17777,-0.0590765152225525
-0.17866,-0.0464861708513631
-0.17899,-0.0336240229182843
-0.17876,-0.0205301279034181
-0.17797,-0.00724776110328142
-0.17661,0.00618583089781359
-0.17469,0.0197245649575514
-0.17223,0.0333091818852057
-0.1692,0.0469084851277229
-0.16565,0.0604557344319402
-0.16155,0.0739166600243398
-0.15694,0.0872325192348882
-0.15182,0.100356217989454
-0.14621,0.113236759015343
-0.14013,0.125821625387887
-0.13358,0.138073551980916
-0.12661,0.149931895800652
-0.11921,0.161363474785928
-0.11143,0.17231409285858
-0.10328,0.182743989466898
-0.094788,0.192613146670048
-0.085985,0.201880563212952
-0.076899,0.210508135223599
-0.067561,0.218459275922252
-0.058004,0.225698507756127
-0.048257,0.232195545035677
-0.038359,0.237918097036738
-0.028338,0.242841650136024
-0.018232,0.2469416172113
-0.0080771,0.250195809888223
0.002092,0.252585991187183
0.012239,0.254096799160338
0.022329,0.254717015421504
0.032325,0.254437880986124
0.042191,0.253253955046058
0.051895,0.25116592590095
0.061398,0.248174567123722
0.07067,0.244287679642631
0.079674,0.239513651553787
0.08838,0.233866586260983
0.096757,0.227364348393038
0.10478,0.22003204745364
0.11241,0.211889840190115
0.11962,0.202962426169182
0.1264,0.193290254681068
0.13271,0.182903367157911
0.13854,0.17184492886006
0.14386,0.16015284058638
0.14865,0.147867211351894
0.15291,0.135043687840335
0.15662,0.121734188492769
0.15976,0.107986230353791
0.16233,0.0938572513064764
0.16432,0.079403678710736
0.16572,0.0646795108783753
0.16653,0.049742597006193
0.16676,0.0346595717128008
0.16639,0.0194799932989398
0.16545,0.00427507742471065
0.16392,-0.0109056331860847
0.16182,-0.0260020934103417
0.15916,-0.0409551036686822
0.15595,-0.0557080527937189
0.1522,-0.0702082796812862
0.14794,-0.0843932949941475
0.14318,-0.0982095269996179
0.13793,-0.111612426000658
0.13223,-0.124544146768679
0.12608,-0.136967685103467
0.11953,-0.148827295159421
0.11258,-0.160091040278624
0.10527,-0.170717912112273
0.097622,-0.1806744679542
0.089663,-0.189931027581348
0.081424,-0.198459250039987
0.072931,-0.206236795780606
0.064213,-0.213245004901506
0.055298,-0.219469880427459
0.046217,-0.224899788696804
0.036997,-0.2295287065401
0.027668,-0.233353498944054
0.018257,-0.236376069206227
0.0087965,-0.238598652947685
-0.00068923,-0.240030147781164
-0.010168,-0.240679073465304
-0.019617,-0.24056067812583
-0.029007,-0.239690779628448
-0.038312,-0.238087897616773
-0.047505,-0.235771743814639
-0.056562,-0.232764904561917
-0.065459,-0.229091875967601
-0.074172,-0.224778209446033
-0.082675,-0.219848287641003
-0.090953,-0.214333149485761
-0.098979,-0.208259588981073
-0.10673,-0.201653285307398
-0.1142,-0.194550943368616
-0.12136,-0.186980190309262
-0.12818,-0.178959850975589
-0.13467,-0.170530694593684
-0.1408,-0.161720470319931
-0.14655,-0.152553025793534
-0.15192,-0.143063126895522
-0.15689,-0.133278525369141
-0.16145,-0.123227861596532
-0.16559,-0.112939596942679
-0.1693,-0.102441146283535
-0.17257,-0.0917581937144128
-0.1754,-0.0809215721509972
-0.17779,-0.0699652741171962
-0.17972,-0.0589099662329762
-0.1812,-0.0477870123364422
-0.18223,-0.0366279684875787
-0.18281,-0.0254635070118257
-0.18293,-0.0143151638919742
-0.18261,-0.00321849801027727
-0.18185,0.00779558667715065
-0.18065,0.0187009855208868
-0.17903,0.0294616042182091
-0.17699,0.0400492846756381
-0.17454,0.0504358656013951
-0.17169,0.0605941899654519
-0.16846,0.0704914965144308
-0.16487,0.0800916328093063
-0.16092,0.0893717219088503
-0.15663,0.0983056803432721
-0.15202,0.106865815144775
-0.14712,0.115016750079915
-0.14193,0.122740313273236
-0.13649,0.130003385131339
-0.13081,0.136784145556807
-0.12491,0.143063351370116
-0.11883,0.148809846923131
-0.11257,0.154013564962689
-0.10618,0.158645014612285
-0.099665,0.162693392822532
-0.093059,0.166142081894159
-0.086388,0.168976417377994
-0.079674,0.171186929565299
-0.072945,0.172764421602571
-0.066225,0.173703384492565
-0.059541,0.173999467173065
-0.052916,0.173652575067298
-0.046374,0.172665548664243
-0.039941,0.171042270992449
-0.03364,0.168789798249868
-0.027492,0.165919240367823
-0.021521,0.16244265283603
-0.015745,0.158377146474799
-0.010188,0.153739175306963
-0.0048635,0.148552134273972
0.00020806,0.14283938513222
0.0050102,0.136626677537697
0.009527,0.129941500248929
0.013744,0.122813156665065
0.017651,0.115274827725678
0.021234,0.107359151264032
0.024483,0.0991004185315434
0.027392,0.0905362783907277
0.029949,0.0817016060916529
0.032154,0.0726369235526322
0.033997,0.0633787466590809
0.035482,0.0539696391037231
0.036601,0.0444469080951165
0.037361,0.034853579139953
0.03776,0.0252293233501554
0.037804,0.0156157878553474
0.037498,0.00605416581000021
0.036848,-0.00341528702319864
0.035865,-0.0127506751912518
0.034557,-0.0219123597827292
0.032937,-0.0308601371006732
0.031019,-0.0395539504528163
0.028818,-0.0479544704175413
0.02635,-0.0560235542823024
0.023635,-0.0637223762794297
0.020691,-0.071014383831186
0.017537,-0.0778654106384325
0.014199,-0.0842392754504648
0.010698,-0.0901031657491976
0.0070554,-0.0954279002391646
0.0032999,-0.100182947887981
-0.00054664,-0.104342906868393
-0.0044561,-0.107882904739781
-0.0084058,-0.110783530688322
-0.012366,-0.113025421355685
-0.016314,-0.114595319806467
-0.020219,-0.115479596168815
-0.024057,-0.115670046627269
-0.027802,-0.115161908024223
-0.031427,-0.113952897800526
-0.034906,-0.112043840680835
-0.038212,-0.109437597905888
-0.041324,-0.10614331225637
-0.044213,-0.102169295084114
-0.046858,-0.0975291286038767
-0.049232,-0.0922360714114762
-0.051316,-0.0863088912542278
-0.053086,-0.0797667866661562
-0.054521,-0.0726311772431415
-0.055603,-0.064927065092726
-0.056309,-0.0566780995005055
-0.056627,-0.0479144439991405
-0.056533,-0.0386619139322004
-0.056019,-0.0289540195466419
-0.055068,-0.0188229602301128
-0.053668,-0.00830273280207745
-0.051811,0.00256917380487437
-0.049484,0.0137571814222257
-0.046686,0.0252193771123338
-0.043406,0.0369173245987041
-0.039647,0.0488061529693297
-0.035406,0.0608415485411957
-0.030679,0.0729816990383974
-0.025477,0.0851769857263792
-0.019795,0.0973848248441059
-0.013648,0.109554841883593
-0.0070354,0.121643475039232
2.3206e-05,0.133599113196006
0.0075254,0.145377983826773
0.015454,0.156933150154898
0.023791,0.168216052705808
0.032522,0.179181081877549
0.041627,0.189782393426263
0.051085,0.199974764084832
0.060871,0.20971205682807
0.070962,0.218950455180329
0.081333,0.227648061994089
0.091951,0.235760097802371
0.10279,0.24324620514545
0.11382,0.250068092726186
0.12501,0.25618980994315
0.13632,0.261571993003765
0.14772,0.266181367936238
0.15917,0.269983461220665
0.17064,0.272951550271809
0.18208,0.275051486628279
0.19347,0.276266633742983
0.20477,0.276580533423574
0.21592,0.275962924392057
0.2269,0.274403187298206
0.23768,0.271899809650127
0.24819,0.268429466624815
0.25842,0.263996601105184
0.26831,0.25859129462821
0.27783,0.252214841320778
0.28695,0.244877861494504
0.29561,0.236576338117985
0.3038,0.227331825238673
0.31147,0.217156611272355
0.31859,0.20607023893415
0.32513,0.194097809899611
0.33104,0.181253657160622
0.33632,0.167580208130181
0.34092,0.153104599273398
0.34482,0.137863245284273
0.34799,0.121891778655771
0.35042,0.105239125488648
0.35209,0.0879562929474177
0.35297,0.070087247194792
0.35306,0.0516912883424997
0.35233,0.0328162782368326
0.35079,0.0135291000166703
0.34841,-0.00611948699919082
0.3452,-0.0260636208728769
0.34115,-0.046241971088573
0.33626,-0.0665912852157173
0.33053,-0.0870486688524286
0.32396,-0.107553444660428
0.31655,-0.128048624948497
0.30833,-0.148459839063536
0.29928,-0.168737987696315
0.28944,-0.188811637299149
0.2788,-0.208630610294214
0.26739,-0.228134020337931
0.25522,-0.247269185190191
0.24232,-0.265977082688893
0.22869,-0.284217789370583
0.21438,-0.30193133284181
0.1994,-0.319073227290849
0.18378,-0.335598340428329
0.16756,-0.351455313125807
0.15074,-0.366619204700676
0.13338,-0.381043167564322
0.1155,-0.394694020422405
0.097138,-0.40753765732093
0.078328,-0.419543584315741
0.059106,-0.43068403684925
0.039512,-0.440931710941716
0.019584,-0.450262349680703
-0.00063677,-0.458652869733789
-0.02111,-0.466082879072409
-0.041791,-0.472531897787624
-0.062636,-0.477981026319911
-0.083603,-0.482414864016361
-0.10464,-0.485814246246812
-0.12571,-0.48816896376435
-0.14676,-0.489464842044001
-0.16774,-0.489687467955366
-0.18861,-0.4888303598079
-0.20931,-0.48687914685893
-0.22981,-0.483835989703342
-0.25005,-0.479694446582794
-0.26998,-0.474449007389742
-0.28955,-0.468095334397695
-0.30873,-0.460645208067932
-0.32746,-0.452101167410352
-0.3457,-0.442473271933226
-0.36341,-0.431777603088815
-0.38053,-0.420020091382823
-0.39703,-0.407220699499595
-0.41286,-0.393395550585288
-0.428,-0.378579590736228
-0.44239,-0.362792574751209
-0.456,-0.346063789152511
-0.46879,-0.328422116812316
-0.48075,-0.309917608935323
-0.49182,-0.290579134286387
-0.50199,-0.270454722166302
-0.51122,-0.249584381223808
-0.51949,-0.228015356939359
-0.52679,-0.205806817779913
-0.53309,-0.183011114463184
-0.53837,-0.159681005878926
-0.54263,-0.135882834337216
-0.54584,-0.111669787228607
-0.54801,-0.0871124286728451
-0.54911,-0.0622636568962275
-0.54917,-0.0372048525383848
-0.54816,-0.0119935565188548
-0.5461,0.0132967552403571
-0.54298,0.0386042309510169
-0.53883,0.0638488019869815
-0.53365,0.0889603986151258
-0.52745,0.113871873545426
-0.52026,0.13850585840743
-0.51208,0.162801435707891
-0.50296,0.186676062942845
-0.4929,0.210069423363232
-0.48194,0.232911648557842
-0.47012,0.255127557994364
-0.45746,0.276655012328525
-0.44399,0.29743720289185
-0.42976,0.317408921095225
-0.41481,0.336507898224031
-0.39918,0.354676475867832
-0.38291,0.371862844262615
-0.36603,0.388029296239718
-0.34861,0.403121537560799
-0.33069,0.417096141421711
-0.31231,0.429920198941412
-0.29351,0.441570772242606
-0.27436,0.452011998477115
-0.25489,0.461228722044591
-0.23515,0.469208675464627
-0.2152,0.475935425653838
-0.19506,0.48141975158116
-0.1748,0.485657645988336
-0.15445,0.488663384216906
-0.13406,0.490451291459589
-0.11367,0.491043205799429
-0.093315,0.490470563607799
-0.073033,0.48876988086167
-0.052862,0.485981157735708
-0.032834,0.482150894301828
-0.012981,0.477329869690797
0.0066688,0.471574005895816
0.026088,0.464942664093571
0.045249,0.457496393388185
0.064131,0.449300212285962
0.082714,0.440421651826339
0.10097,0.430922555778992
0.1189,0.420879936121574
0.13647,0.410355011387252
0.15368,0.399419648151277
0.1705,0.388130014333207
0.18694,0.376557485819174
0.20297,0.364753958861187
0.2186,0.3527835345823
0.23382,0.340703334913366
0.24861,0.328555594267888
0.26298,0.316391224880059
0.27692,0.304251591176845
0.29043,0.292176247191237
0.30351,0.280201812189994
0.31614,0.268346340879115
0.32834,0.256641577166873
0.3401,0.245106831427807
0.35142,0.233757843197547
0.36229,0.222599225779785
0.37271,0.21163346639832
0.3827,0.200875651965948
0.39222,0.19030586739978
0.4013,0.179927897296774
0.40993,0.169734592958401
0.4181,0.159709860153145
0.42581,0.149837903346983
0.43305,0.140095902360092
0.43984,0.130477909806205
0.44616,0.120961938654118
0.45201,0.111528252602203
0.45738,0.102151878673402
0.46228,0.0928189261840943
0.46669,0.0835025009654546
0.47062,0.0741880298883685
0.47407,0.0648637935220551
0.47702,0.0555058506023368
0.47948,0.0461031947974883
0.48144,0.0366407325379664
0.4829,0.0271078766319053
0.48385,0.017490573211064
0.4843,0.00778716559703795
0.48424,-0.00200871302049686
0.48366,-0.0119070089828762
0.48257,-0.0219054535630093
0.48095,-0.0320141241894019
0.47882,-0.0422231455876766
0.47616,-0.0525363411279601
0.47298,-0.0629462284359958
0.46926,-0.0734585452544739
0.46501,-0.0840673028419187
0.46023,-0.0947645697615353
0.4549,-0.10555580423023
0.44904,-0.116427499263055
0.44262,-0.127388164916229
0.43566,-0.138426833034298
0.42815,-0.149539289518977
0.42008,-0.16072685314641
0.41146,-0.17198046702481
0.40227,-0.183305127531075
0.39252,-0.194694837663101
0.38221,-0.206142290037891
0.37133,-0.217646701692476
0.35989,-0.229197778091899
0.34788,-0.240792621382629
0.3353,-0.252426982365032
0.32216,-0.264088249716791
0.30846,-0.275764804694199
0.29421,-0.287438744247833
0.2794,-0.299102375394422
0.26405,-0.310734274729414
0.24817,-0.322309936375468
0.23176,-0.333810436713899
0.21484,-0.345207100495488
0.19741,-0.356478991398156
0.1795,-0.367589839022689
0.16112,-0.378506829747008
0.14228,-0.389200883341373
0.12301,-0.39963200874542
0.10332,-0.409767381329454
0.083245,-0.419562459410916
0.062801,-0.428978627158594
0.042015,-0.437975089842272
0.020916,-0.446509075708665
-0.00046898,-0.454539009066248
-0.022109,-0.462022690671587
-0.043971,-0.468917195523052
-0.066024,-0.475181931044036
-0.088233,-0.480776545978523
-0.11057,-0.485667405338722
-0.13298,-0.489807499909326
-0.15545,-0.493171641057507
-0.17792,-0.495718449038943
-0.20037,-0.497424491365618
-0.22275,-0.498259564146816
-0.24502,-0.498196534816828
-0.26714,-0.497211795449635
-0.28906,-0.495278141193842
-0.31075,-0.49238130992606
-0.33216,-0.488503393996475
-0.35325,-0.483631749618152
-0.37396,-0.477743840007324
-0.39427,-0.470839642731797
-0.41411,-0.462900616690212
-0.43345,-0.453923663772891
-0.45224,-0.443903710727807
-0.47044,-0.432841904857856
-0.48801,-0.420744649230058
-0.50489,-0.407607881678711
-0.52105,-0.393441633451228
-0.53645,-0.378259860537155
-0.55105,-0.362079533270599
-0.56481,-0.344919803465035
-0.57769,-0.326801253219793
-0.58966,-0.30775262569239
-0.60068,-0.28780122498375
-0.61072,-0.266979983383203
-0.61975,-0.245325589479535
-0.62774,-0.22287685785859
-0.63466,-0.199673331509928
-0.6405,-0.175768901968746
-0.64522,-0.15120540943733
-0.6488,-0.126028622226999
-0.65124,-0.100300981854796
-0.65251,-0.0740744440059844
-0.65261,-0.0474132062429582
-0.65151,-0.020367296104627
-0.64922,0.0069966088473205
-0.64573,0.0346151757945321
-0.64103,0.0624296783934913
-0.63514,0.090364738783649
-0.62805,0.118356023981474
-0.61977,0.146335330889691
-0.61031,0.17423349049512
-0.59969,0.201975358950706
-0.58791,0.229498148507228
-0.575,0.256728930290253
-0.56099,0.283588972701134
-0.54588,0.310019593685219
-0.52972,0.335943338651318
-0.51252,0.361299760716244
-0.49432,0.386022061133335
-0.47515,0.410048030434085
-0.45505,0.433313964230407
-0.43406,0.455757204722701
-0.41221,0.477325567900436
-0.38955,0.497962494303947
-0.36611,0.517624785052696
-0.34194,0.536266969922845
-0.31709,0.553843557995143
-0.2916,0.57031823941585
-0.26552,0.585656269167323
-0.23889,0.599833075758324
-0.21177,0.612818737114639
-0.1842,0.624595175648416
-0.15624,0.635140108715906
-0.12792,0.644451188083916
-0.099301,0.652519807607785
-0.07043,0.659343414296444
-0.041354,0.664924888370357
-0.012125,0.669268180012214
0.017209,0.672381391675278
0.0466,0.674276165929866
0.075999,0.67496633107519
0.10535,0.674462281998288
0.13462,0.672788696041478
0.16374,0.66995477554298
0.19268,0.665986102201436
0.22137,0.660891424669881
0.24977,0.654688068381556
0.27783,0.647392579206357
0.30549,0.639013182040327
0.3327,0.629558681663743
0.35942,0.619045602800961
0.38558,0.60747414807687
0.41114,0.594853600305343
0.43604,0.581185566205651
0.46023,0.566472851320071
0.48366,0.550719176761096
0.50628,0.533928925084621
0.52803,0.516099517090176
0.54886,0.497230232351294
0.56872,0.477321871361812
0.58757,0.456383845047009
0.60536,0.434424878628989
0.62204,0.411452931019629
0.63757,0.387482538556659
0.6519,0.362525767266718
0.665,0.336607168445011
0.67682,0.309745919395917
0.68735,0.28198593974993
0.69653,0.253352950135988
0.70436,0.223901674562991
0.71079,0.193671756646574
0.71581,0.162719164239657
0.71941,0.13111146776009
0.72156,0.0989089233233195
0.72226,0.0661863597076496
0.72149,0.0330134251499753
0.71926,-0.00052425142218515
0.71558,-0.0343306385250281
0.71043,-0.0683262904985392
0.70384,-0.102410553044864
0.69581,-0.136490861967558
0.68637,-0.170461807780115
0.67554,-0.204218222177949
0.66333,-0.237665762462552
0.64978,-0.270699629374821
0.63492,-0.303217307916091
0.61879,-0.335114017589772
0.60142,-0.366293935826173
0.58287,-0.396649463390945
0.56317,-0.426089224754086
0.54238,-0.454515870369419
0.52055,-0.481837954159766
0.49773,-0.50797197848809
0.47399,-0.53282906671516
0.44939,-0.556326560186679
0.42398,-0.578397216963603
0.39784,-0.5989666584324
0.37103,-0.617972358785585
0.34362,-0.635356452809875
0.31568,-0.65106721510978
0.28728,-0.665060085182588
0.2585,-0.677290899504822
0.2294,-0.687732598630903
0.20005,-0.696366048264144
0.17054,-0.703165018296654
0.14094,-0.708113805712398
0.11131,-0.711213739224776
0.081734,-0.712462810895218
0.05228,-0.711868891802692
0.023019,-0.709446031846106
-0.0059785,-0.705213866722749
-0.034644,-0.699198059853474
-0.062911,-0.691430456158464
-0.090714,-0.681948258749797
-0.11799,-0.670794286627926
-0.14468,-0.658018096001435
-0.17072,-0.643670001156604
-0.19605,-0.627802836441296
-0.22062,-0.610477693970988
-0.24439,-0.591768287573508
-0.26728,-0.571727111174076
-0.28928,-0.550440009500221
-0.31032,-0.52797309962638
-0.33036,-0.504397015216282
-0.34938,-0.479798875105024
-0.36733,-0.454254484665377
-0.38418,-0.427843153073505
-0.3999,-0.400644699228244
-0.41448,-0.372751779162371
-0.42788,-0.344242470342354
-0.4401,-0.315210281202897
-0.45111,-0.285736124250321
-0.4609,-0.255902994848158
-0.46948,-0.225807710624915
-0.47682,-0.195525612395033
-0.48295,-0.165156596248401
-0.48785,-0.134780192720455
-0.49154,-0.104486427229563
-0.49402,-0.0743560117953269
-0.49531,-0.0444741844929436
-0.49543,-0.0149269329938539
-0.49439,0.0142094815347069
-0.49222,0.0428545498382799
-0.48894,0.0709345655666362
-0.48457,0.0983839733129502
-0.47916,0.125124067162833
-0.47272,0.15109793694124
-0.4653,0.176238907777565
-0.45692,0.200497134854519
-0.44763,0.223816222647108
-0.43746,0.246151527331172
-0.42646,0.267455008906799
-0.41467,0.287685288301617
-0.40212,0.30681556933456
-0.38887,0.324810052732728
-0.37496,0.341642117135373
-0.36044,0.357286521745669
-0.34535,0.371727860721725
-0.32974,0.384952309288955
-0.31367,0.396940903181018
-0.29717,0.407693808459439
-0.28032,0.417190192004631
-0.26314,0.425437748417684
-0.2457,0.432430495436092
-0.22805,0.43816685837474
-0.21023,0.442656699257474
-0.1923,0.445904475574546
-0.17431,0.447917963121763
-0.1563,0.448715168348816
-0.13833,0.448307420932236
-0.12045,0.446708073995965
-0.1027,0.443939430665356
-0.085125,0.440026978416846
-0.067777,0.434993153088614
-0.050694,0.428867889874848
-0.033921,0.421681371566871
-0.017496,0.413468504110783
-0.00146,0.404264974947974
0.01415,0.394109203013853
0.029302,0.383044549139922
0.043957,0.37111206521164
0.058088,0.358358731223482
0.071662,0.344830597566884
0.084652,0.330576128240267
0.097033,0.315645844449382
0.10878,0.300090477210191
0.11987,0.283960923430733
0.13029,0.267314096261442
0.14002,0.250204887553517
0.14904,0.23268489231804
0.15734,0.214808832814212
0.16491,0.196632236844785
0.17173,0.178202127879258
0.17782,0.159586701789271
0.18315,0.140832119060468
0.18773,0.121994793630013
0.19156,0.103130148349681
0.19464,0.0842909646947125
0.19697,0.0655261024493687
0.19857,0.0468943479736071
0.19945,0.028453125178322
0.1996,0.0102420236830381
0.19906,-0.00767826209521712
0.19782,-0.0252690617966083
0.19592,-0.0424739634506399
0.19337,-0.0592463976872141
0.19018,-0.0755494300625416
0.18639,-0.0913331681002121
0.182,-0.106568658769842
0.17706,-0.121208102093051
0.17158,-0.135219834111476
0.1656,-0.148564325500844
0.15913,-0.161219420085377
0.1522,-0.173163245617643
0.14486,-0.184360425593055
0.13712,-0.194795671689017
0.12901,-0.204455957363679
0.12058,-0.213316084989109
0.11184,-0.221371722037408
0.10284,-0.228606305992025
0.0936,-0.235016446036529
0.084157,-0.240597274145108
0.074541,-0.24534841285616
0.064787,-0.249269771491113
0.05493,-0.252361827094353
0.044999,-0.254630251485301
0.035028,-0.256081351004457
0.025054,-0.256719832254499
0.015104,-0.256556634043857
0.0052137,-0.255601227865533
-0.0045862,-0.253865562497801
-0.014262,-0.251361239630219
-0.023785,-0.248103142980602
-0.033123,-0.244105971902066
-0.042244,-0.239384168891591
-0.05112,-0.233954657707714
-0.05972,-0.227833790590215
-0.068017,-0.221040062235143
-0.075979,-0.213589567208231
-0.083582,-0.205501998498193
-0.090798,-0.196796498318696
-0.0976,-0.187492011716786
-0.10396,-0.177606080800022
-0.10986,-0.167162031158798
-0.11527,-0.156178331642604
-0.12017,-0.144676402442784
-0.12454,-0.132679422726337
-0.12835,-0.12020391717209
-0.13159,-0.10727532212325
-0.13423,-0.0939107070963758
-0.13627,-0.0801420389125981
-0.13768,-0.065990162619436
-0.13846,-0.0514884868445903
-0.13859,-0.0366647565296462
-0.13806,-0.0215486874612612
-0.13687,-0.00617805498253669
-0.135,0.00941880427707577
-0.13247,0.0251924864677902
-0.12927,0.0411002586491554
-0.1254,0.0570986706115656
-0.12086,0.0731450405592897
-0.11567,0.0891838558551541
-0.10983,0.105165740689512
-0.10335,0.121040415800876
-0.09625,0.136751070853264
-0.088549,0.152238147463368
-0.080258,0.167447654644373
-0.071407,0.182317780810829
-0.062013,0.196791993124283
-0.052107,0.210809507836572
-0.041718,0.224309572950035
-0.030875,0.237233456509451
-0.019614,0.249520838784573
-0.0079712,0.261111991181797
0.0040177,0.271950050069046
0.016311,0.28197798385556
0.028869,0.2911420833546
0.041646,0.299388783476548
0.054601,0.30667002206238
0.067685,0.312938032129579
0.08085,0.318147799006913
0.094052,0.322261191460374
0.10724,0.32524198131356
0.12036,0.327054736813985
0.13337,0.327674998940915
0.14621,0.32707500673649
0.15883,0.325232976530039
0.17119,0.322140414671978
0.18323,0.317785471508304
0.1949,0.312161780968405
0.20615,0.305268022991289
0.21693,0.29710742059859
0.2272,0.287694591926345
0.2369,0.277038565418202
0.24599,0.265158787838069
0.25444,0.252090332362541
0.26218,0.237850684364219
0.2692,0.222487347457018
0.27544,0.206034044383364
0.28089,0.1885497019017
0.2855,0.170082612882116
0.28924,0.150686160398171
0.2921,0.130431310227013
0.29405,0.109386605904657
0.29507,0.0876242505356011
0.29515,0.0652248614932244
0.29428,0.0422736441669846
0.29245,0.0188571420871685
0.28965,-0.00493947047005756
0.28589,-0.0290197945522225
0.28117,-0.0532885797376185
0.27549,-0.0776543189030773
0.26887,-0.102016502704042
0.26132,-0.126277811508785
0.25285,-0.150346507684117
0.24349,-0.174123474012746
0.23326,-0.197514182746234
0.22217,-0.220438262170461
0.21028,-0.242792502013228
0.1976,-0.264495610452443
0.18417,-0.285464578882124
0.17003,-0.305617897755428
0.15522,-0.324878123863691
0.13979,-0.34316646289699
0.12378,-0.360413242391848
0.10724,-0.376551336633803
0.090212,-0.391524125368678
0.072759,-0.405270190993269
0.054934,-0.41773403186778
0.036787,-0.428869360161438
0.01838,-0.438630425160885
-0.00022989,-0.446977487863005
-0.018987,-0.453878512519922
-0.037825,-0.459301367403513
-0.056689,-0.463223866975961
-0.075518,-0.465628607913219
-0.094247,-0.466500221796201
-0.11282,-0.465832694724464
-0.13118,-0.463627602167567
-0.14926,-0.459885804259552
-0.167,-0.454613306247277
-0.18436,-0.447835429246105
-0.20127,-0.439570721497874
-0.21769,-0.429854442925293
-0.23355,-0.418712637043296
-0.24882,-0.406193200379456
-0.26344,-0.392338541051245
-0.27737,-0.377200619905644
-0.29057,-0.360837981814893
-0.30301,-0.343320544893805
-0.31463,-0.32470352918243
-0.32541,-0.305058535738218
-0.33533,-0.284468537715508
-0.34434,-0.263001317606844
-0.35244,-0.24074756119782
-0.35959,-0.217784350829803
-0.36578,-0.194197816398631
-0.37099,-0.170071516992918
-0.37522,-0.145499288049901
-0.37844,-0.120558301728056
-0.38067,-0.0953469066616535
-0.38188,-0.0699405742306737
-0.38209,-0.0444309048535871
-0.3813,-0.018904837452604
-0.37951,0.00655722312686476
-0.37673,0.0318753901289009
-0.37297,0.0569728592623181
-0.36826,0.0817631243473022
-0.36259,0.106184321648658
-0.356,0.130159733941874
-0.3485,0.153625527971262
-0.34013,0.176508405131471
-0.3309,0.198752221453155
-0.32084,0.220302029207556
-0.31,0.241091189671564
-0.29839,0.261075657910043
-0.28606,0.280201865377978
-0.27305,0.298418058742801
-0.25938,0.315690777453323
-0.24512,0.331965886036476
-0.23029,0.347211648561185
-0.21494,0.361393686435898
-0.19912,0.374477045645574
-0.18288,0.386427854830416
-0.16626,0.397222013996589
-0.14931,0.406837141289075
-0.13208,0.415253418531567
-0.11462,0.422454184561384
-0.096989,0.428419652344335
-0.079228,0.433141872460818
-0.06139,0.436614280669939
-0.043527,0.438832833022802
-0.025687,0.439799047746211
-0.0079235,0.439515261492205
0.0097134,0.437987339942446
0.027179,0.435228222881221
0.044421,0.431250957622064
0.061395,0.426074516027565
0.078054,0.419720533152353
0.094353,0.412213982024531
0.11025,0.403584338785449
0.1257,0.393861935537276
0.14066,0.38307866237962
0.15509,0.371269197658272
0.16897,0.358484472088963
0.18224,0.344757694465412
0.19489,0.33014395454762
0.20687,0.314684975290469
0.21816,0.298432790698304
0.22874,0.281446339126581
0.23857,0.263773718796798
0.24764,0.245475108434707
0.25592,0.226603914080708
0.2634,0.207221304695554
0.27007,0.187392905002176
0.27591,0.167178592609759
0.2809,0.146631782802455
0.28504,0.125813776905466
0.28833,0.104790310606852
0.29077,0.0836286417471853
0.29233,0.0623729462445786
0.29304,0.0410916172813558
0.2929,0.0198481836419257
0.2919,-0.0013072217643304
0.29006,-0.0223148362372961
0.28739,-0.0431165555180068
0.28391,-0.0636502020662891
0.27961,-0.0838746117238667
0.27454,-0.103722760372056
0.2687,-0.123146014510631
0.26211,-0.142097553616388
0.25481,-0.160518976716222
0.24682,-0.178359386941212
0.23816,-0.19557579196546
0.22887,-0.212118441118754
0.21898,-0.227941368982712
0.20853,-0.242995999221761
0.19754,-0.257248248306757
0.18607,-0.27064756043835
0.17415,-0.283154142270539
0.16182,-0.294731045177755
0.14912,-0.30534511111987
0.13609,-0.314967633160171
0.12279,-0.323559971238716
0.10925,-0.331099183114307
0.095518,-0.33756276954108
0.081647,-0.342925976998694
0.067677,-0.347172977911459
0.053657,-0.350289367513158
0.039631,-0.352266422253434
0.025647,-0.353097711497346
0.011748,-0.352782946075812
-0.0020204,-0.351325280583085
-0.015616,-0.348733466736434
-0.028992,-0.34501750287861
-0.042111,-0.340195423822453
-0.05493,-0.334287444829901
-0.06741,-0.327318257555998
-0.079513,-0.319316514339511
-0.091204,-0.310315758320928
-0.10245,-0.300354275091159
-0.11321,-0.289467419466297
-0.12346,-0.277699959629597
-0.13317,-0.265098738076728
-0.1423,-0.25170370936461
-0.15085,-0.237577837826787
-0.15877,-0.222764003387418
-0.16605,-0.207317314526792
-0.17267,-0.19129381488714
-0.1786,-0.174741328094275
-0.18385,-0.157729237681883
-0.18839,-0.140312737403256
-0.1922,-0.122541331190765
-0.1953,-0.104487981771916
-0.19766,-0.0862054142810925
-0.19928,-0.0677505604711082
-0.20017,-0.0491893265284052
-0.20032,-0.0305780001926666
-0.19974,-0.0119780743271372
-0.19843,0.00655415307410127
-0.1964,0.0249610531757081
-0.19367,0.0431784578808567
-0.19024,0.0611538323161457
-0.18613,0.0788310554954043
-0.18136,0.096153054579672
-0.17595,0.113063959376206
-0.16992,0.129510818661076
-0.1633,0.145437522264142
-0.15611,0.160794784156164
-0.14839,0.175525830430833
-0.14017,0.18957724978888
-0.13147,0.202907657802
-0.12234,0.215464795543482
-0.11281,0.227204332795941
-0.10292,0.238082627514907
-0.092704,0.24806271100629
-0.082212,0.257102666051409
-0.071478,0.265170050586485
-0.060549,0.272231824438414
-0.049462,0.278263253747158
-0.03826,0.283243031928838
-0.026989,0.287151468273746
-0.015684,0.289979326628813
-0.0043935,0.291716544503903
0.0068476,0.292363188307437
0.017996,0.291921728873242
0.029011,0.290398867062524
0.039859,0.287810197264496
0.050499,0.284172985804934
0.060898,0.279511667266418
0.071019,0.273853180340123
0.080832,0.267231245947661
0.090307,0.259684427434872
0.09941,0.251251446562598
0.10812,0.24197993744148
0.1164,0.231911782650024
0.12425,0.221110604394868
0.13162,0.209618974747165
0.1385,0.197490991109766
0.14489,0.184796002747547
0.15074,0.171576813299911
0.15607,0.157905386479796
0.16084,0.143830801730612
0.16505,0.129411827026121
0.1687,0.114713298176613
0.17176,0.0997808303997681
0.17424,0.0846726689571253
0.17614,0.0694480278523448
0.17744,0.0541502521658838
0.17815,0.0388306076966893
0.17826,0.0235302488059771
0.17779,0.00830291708612245
0.17673,-0.00681147629571527
0.17508,-0.0217782138975912
0.17287,-0.0365458971540179
0.17008,-0.0510884147703183
0.16674,-0.0653641605581834
0.16286,-0.0793353406946107
0.15845,-0.0929686366069312
0.15352,-0.106235630277661
0.14808,-0.119113023805952
0.14216,-0.131567887558161
0.13578,-0.143568194345562
0.12894,-0.155098675596041
0.12167,-0.166136191510669
0.11398,-0.176667058304238
0.1059,-0.186671170591797
0.097453,-0.196129326720378
0.088652,-0.205031314198102
0.079521,-0.213366656689838
0.070078,-0.221129727076631
0.060351,-0.228311893786358
0.05036,-0.23490856496246
0.040126,-0.240918089086246
0.029677,-0.246336341102413
0.019033,-0.251163499381562
0.0082215,-0.255397915837981
-0.0027387,-0.259043189412026
-0.013819,-0.262100033048437
-0.024994,-0.264569391632783
-0.036242,-0.266455301421008
-0.047536,-0.267760445052919
-0.058852,-0.268488728577281
-0.070165,-0.268644353819925
-0.081451,-0.268232529636334
-0.092685,-0.267258527290205
-0.10384,-0.265726165027142
-0.1149,-0.263646227796986
-0.12584,-0.261028272996467
-0.13664,-0.257884402714293
-0.14727,-0.254221129216433
-0.1577,-0.250040342249267
-0.16794,-0.245369783125762
-0.17794,-0.240212976533817
-0.18769,-0.234583449018886
-0.19717,-0.228495049692093
-0.20636,-0.221961533826257
-0.21524,-0.21499621821504
-0.22379,-0.207611703570374
-0.232,-0.199827056878137
-0.23983,-0.191643838745681
-0.24729,-0.183086392206074
-0.25435,-0.174167157871599
-0.26099,-0.164896002709931
-0.2672,-0.155287789070431
-0.27296,-0.14535355063106
-0.27826,-0.135108268071305
-0.28308,-0.124562236326203
-0.2874,-0.113721617524449
-0.29121,-0.102596382501184
-0.29451,-0.0912066164807832
-0.29727,-0.0795577592176446
-0.29948,-0.067657999451722
-0.30115,-0.0555322198037361
-0.30224,-0.0431810378871765
-0.30276,-0.0306223744693792
-0.3027,-0.017872732463442
-0.30205,-0.0049469438242196
-0.30081,0.0081346017999624
-0.29896,0.0213624682619307
-0.29652,0.0347068251098256
-0.29347,0.0481518785141544
-0.28981,0.0616788878435657
-0.28555,0.0752599612321403
-0.28069,0.0888680815989907
-0.27523,0.102477774764317
-0.26918,0.116058223902668
-0.26255,0.129575261181173
-0.25533,0.143007862377661
-0.24756,0.156309341845095
-0.23922,0.169458104100341
-0.23035,0.182409156982486
-0.22094,0.195137010474049
-0.21103,0.207595793607997
-0.20062,0.219754214714012
-0.18974,0.231571597547875
-0.17841,0.243008408879366
-0.16664,0.254034723350238
-0.15446,0.264614626609507
-0.14189,0.274715996916472
-0.12897,0.284296104416016
-0.1157,0.293334662951051
-0.10212,0.301800733451911
-0.088262,0.309661831307181
-0.074143,0.316896478478736
-0.059796,0.323481115312082
-0.045251,0.329393660354355
-0.030531,0.334619295933216
-0.015671,0.339140889856477
-0.00069712,0.34294677315313
0.014356,0.346023989809162
0.029461,0.34836456743718
0.044588,0.349963185239935
0.059703,0.350814033231088
0.074778,0.350915765145809
0.089784,0.350270185679152
0.10469,0.34888035952524
0.11946,0.346746819165339
0.13408,0.343884527623289
0.14851,0.340300663653502
0.16272,0.336003525524199
0.17669,0.331009655395839
0.19039,0.3253345630242
0.2038,0.319000052087286
0.2169,0.312032548021548
0.22965,0.304446817506158
0.24204,0.296270101127169
0.25405,0.287531637965393
0.26566,0.278261553604071
0.27686,0.268497315177783
0.28761,0.258259134908993
0.29791,0.24758233582814
0.30774,0.236498650370179
0.3171,0.225050814396669
0.32595,0.213259645574693
0.3343,0.201164615097993
0.34213,0.188796878434556
0.34943,0.176187327353898
0.3562,0.163373066764568
0.36243,0.150387671884656
0.36811,0.137260808442349
0.37324,0.12402540648029
0.37781,0.110708554182024
0.38183,0.0973464894321165
0.38529,0.0839668547433899
0.3882,0.0706041945959045
0.39055,0.057282672610957
0.39235,0.0440319869862502
0.3936,0.0308778596852746
0.39431,0.0178492650458376
0.39448,0.00496937562384555
0.39412,-0.00773679635852851
0.39323,-0.0202510839366391
0.39182,-0.0325541976178109
0.38991,-0.0446193295098171
0.38749,-0.0564367714831868
0.38458,-0.0679889409046033
0.38119,-0.0792600377908133
0.37732,-0.0902437730099755
0.37298,-0.10093455922879
0.36819,-0.111320385018452
0.36295,-0.121399411015636
0.35728,-0.131163489057075
0.35117,-0.140622016478007
0.34465,-0.149768926062567
0.33772,-0.158608238158111
0.33039,-0.167144792629037
0.32267,-0.175384146061585
0.31457,-0.183332454480023
0.30611,-0.19098894972181
0.29728,-0.198369624245563
0.28811,-0.205474104723141
0.2786,-0.212311134039258
0.26876,-0.218889272773069
0.2586,-0.225216799314842
0.24814,-0.231294224921755
0.23737,-0.237138033989513
0.22631,-0.242755023872898
0.21497,-0.248151448778543
0.20336,-0.253332990075525
0.19149,-0.258304739208616
0.17937,-0.263071192221225
0.167,-0.267643652834589
0.15439,-0.272031229532335
0.14157,-0.276226230433814
0.12852,-0.280244586698709
0.11527,-0.28408386282528
0.10183,-0.287741659071463
0.088205,-0.291219336956593
0.074406,-0.294516794728004
0.060446,-0.297631254902296
0.046339,-0.300557093835574
0.032096,-0.303288736354295
0.017733,-0.305817073456343
0.003263,-0.308132587131847
-0.011298,-0.310223446469037
-0.025934,-0.312076258197491
-0.040628,-0.313675979005727
-0.055365,-0.31500811493732
-0.070125,-0.31605531213619
-0.084886,-0.316796910043732
-0.099635,-0.317216811391208
-0.11435,-0.31729640742649
-0.129,-0.317008950342129
-0.14357,-0.31633372380216
-0.15805,-0.315259188330218
-0.1724,-0.313759410131044
-0.1866,-0.311812418654927
-0.20063,-0.309400112434556
-0.21446,-0.306500701683675
-0.22807,-0.303097513148085
-0.24143,-0.29917116942534
-0.25452,-0.294708155688033
-0.26731,-0.289692786123878
-0.27978,-0.284115582774681
-0.2919,-0.27796507851513
-0.30364,-0.271228657910402
-0.31499,-0.263908056078774
-0.32591,-0.255994502030945
-0.33638,-0.247485931703671
-0.34638,-0.238385887869692
-0.35589,-0.228702489523967
-0.36488,-0.218440079422891
-0.37334,-0.207614766084923
-0.38124,-0.196237050734063
-0.38857,-0.184327542134569
-0.39531,-0.171907157591074
-0.40144,-0.158996598598183
-0.40696,-0.145630707383397
-0.41185,-0.131840073679215
-0.41609,-0.117651089300599
-0.41969,-0.103108261504999
-0.42262,-0.0882399375207186
-0.4249,-0.0730976400640329
-0.42652,-0.057727981555539
-0.42747,-0.0421723214641673
-0.42775,-0.0264739841475235
-0.42738,-0.0106913980590209
-0.42636,0.0051213042399572
-0.42469,0.0209150450689256
-0.42238,0.036638922479383
-0.41945,0.0522347374157272
-0.4159,0.067654979704736
-0.41175,0.0828474895903539
-0.40702,0.0977580302709294
-0.40173,0.11233242876717
-0.39589,0.126525716161639
-0.38953,0.140287089916664
-0.38267,0.153570147568359
-0.37533,0.166333636569713
-0.36755,0.178527145712484
-0.35933,0.190124194807723
-0.35073,0.201074333885275
-0.34176,0.21134651465706
-0.33245,0.220911773100095
-0.32284,0.229736623991773
-0.31295,0.237800035731198
-0.30282,0.245077202647614
-0.29248,0.251548746756275
-0.28196,0.257200587667916
-0.27128,0.262031092771483
-0.26049,0.266026923270231
-0.2496,0.269195623057172
-0.23864,0.271546953188856
-0.22765,0.27308517076129
-0.21664,0.273832502098831
-0.20565,0.273803196552482
-0.19468,0.273034570069261
-0.18378,0.271544833613028
-0.17294,0.269380922729663
-0.1622,0.266574912932406
-0.15156,0.263175809534896
-0.14105,0.259222916488766
-0.13067,0.254768964352729
-0.12044,0.249861384010077
-0.11036,0.244556900644937
-0.10045,0.238903431403292
-0.090699,0.232963406765766
-0.081124,0.226788519441883
-0.071725,0.220432896911112
-0.0625,0.213952522688225
-0.053457,0.207395817287669
-0.044587,0.200816180550571
-0.03589,0.194262715834801
-0.027364,0.187780978057587
-0.019005,0.181413643579623
-0.010805,0.175202585258293
-0.0027583,0.16918589226287
0.0051396,0.163396366964247
0.0129,0.157866356388122
0.020526,0.152620557861475
0.028032,0.147684837844709
0.035422,0.14307726004314
0.042704,0.138811708848871
0.049893,0.134903141134633
0.056991,0.131357009942759
0.064014,0.128180966089134
0.070968,0.125376495028097
0.077863,0.122942706809892
0.084711,0.120877988733894
0.091519,0.11917619850872
0.098296,0.117828909123606
0.10505,0.116825077402544
0.1118,0.116159743341594
0.11854,0.115814281646439
0.12528,0.115771178964581
0.13203,0.11601409982224
0.13879,0.116520539885309
0.14558,0.117278276493598
0.15239,0.118261405126609
0.15923,0.119448378602724
0.16609,0.1208068638937
0.17299,0.122318819865577
0.17992,0.123955988660727
0.18687,0.12568261467299
0.19385,0.127472634202083
0.20085,0.129293720150553
0.20787,0.131116796146529
0.2149,0.132908845322072
0.22193,0.134634629731747
0.22895,0.136258148203006
0.23597,0.137758645201657
0.24295,0.139091367538872
0.2499,0.14023052619846
0.25681,0.141151674519204
0.26365,0.141817491653003
0.27042,0.142203639942583
0.2771,0.142282300033334
0.28369,0.142038591365226
0.29016,0.14144649868738
0.29651,0.140494136782159
0.30272,0.139166768664919
0.30878,0.137455384340264
0.31467,0.135348668893992
0.32039,0.132848773624008
0.32591,0.12994669302278
0.33125,0.126661870310578
0.33636,0.12298461954621
0.34126,0.118934001212986
0.34594,0.114529749540435
0.35038,0.109784415098365
0.35457,0.104711977550352
0.35853,0.0993495225784619
0.36223,0.0937149353973394
0.36568,0.087839837720379
0.36887,0.0817513717665388
0.3718,0.0754798026291696
0.37447,0.0690571423493883
0.37688,0.0625159740908766
0.37904,0.0558958641422659
0.38093,0.0492187404261647
0.38257,0.0425212485702303
0.38396,0.0358360537400477
0.38509,0.0291842541933261
0.38597,0.0225917275341916
0.3866,0.0160799787417808
0.38698,0.00966626407917343
0.38711,0.00336378842552282
0.38699,-0.00281803867556128
0.38663,-0.0088659039273144
0.38601,-0.0147860703262782
0.38513,-0.0205858199912366
0.384,-0.0262658633182113
0.3826,-0.0318439570544249
0.38093,-0.0373365092998835
0.37898,-0.0427659656461203
0.37674,-0.0481591890681366
0.3742,-0.0535460205445946
0.37136,-0.0589506197644703
0.3682,-0.0644067924678563
0.36471,-0.0699478829972542
0.36088,-0.0756060135776496
0.35669,-0.0814188713517359
0.35214,-0.0874128205573296
0.34721,-0.0936191404661856
0.34189,-0.10006477313448
0.33616,-0.1067797545987
0.33003,-0.113773518556068
0.32347,-0.12106808244868
0.31647,-0.128680084453353
0.30904,-0.136606440871292
0.30115,-0.144857659096339
0.29281,-0.15342516832522
0.28402,-0.162292465427362
0.27475,-0.171459098792081
0.26503,-0.180893038651886
0.25483,-0.19058187045778
0.24418,-0.200484808172413
0.23306,-0.210576132390219
0.22148,-0.220820664708057
0.20945,-0.231176465681179
0.19697,-0.24160460113985
0.18406,-0.252054776507935
0.17071,-0.262491063925185
0.15695,-0.272860525933886
0.14278,-0.283120168794909
0.12822,-0.293221454418183
0.11328,-0.303120181418388
0.097986,-0.31276513108988
0.082349,-0.322112050074549
0.066387,-0.33111849388383
0.050123,-0.339741129331064
0.033577,-0.347939517937026
0.016771,-0.355675409218237
-0.00027165,-0.362912611296893
-0.017527,-0.36961740061613
-0.034969,-0.375757688761593
-0.052575,-0.38130638440219
-0.070315,-0.38623602868775
-0.088166,-0.390525097159599
-0.1061,-0.394154051041383
-0.12409,-0.397106540359694
-0.1421,-0.3993628884828
-0.16012,-0.400920807315947
-0.17811,-0.401770222374272
-0.19605,-0.401910154817819
-0.2139,-0.401332490032005
-0.23166,-0.40005344560761
-0.24927,-0.398064330356567
-0.26673,-0.395381234130941
-0.28401,-0.392017851896149
-0.30107,-0.387978421424289
-0.3179,-0.383281829237883
-0.33446,-0.377936264120994
-0.35074,-0.371963423620745
-0.36671,-0.365380673751556
-0.38233,-0.358194156771221
-0.39759,-0.35042308191053
-0.41246,-0.342081970417934
-0.42692,-0.333188643600856
-0.44093,-0.323748365913684
-0.45448,-0.3137783515071
-0.46754,-0.303290215589292
-0.48009,-0.292298156796108
-0.4921,-0.280810678754799
-0.50356,-0.268846244495434
-0.51443,-0.256408647244519
-0.52471,-0.243519303899511
-0.53436,-0.230183651507509
-0.54337,-0.216416243656297
-0.55173,-0.202238546484978
-0.55941,-0.187662192905274
-0.5664,-0.172705313258185
-0.57268,-0.157383331383411
-0.57825,-0.141723802952111
-0.58308,-0.125741075080591
-0.58716,-0.109453172159609
-0.5905,-0.0928953014187053
-0.59307,-0.0760859188609204
-0.59488,-0.0590589693301679
-0.59591,-0.0418376834689637
-0.59616,-0.0244507066888682
-0.59564,-0.00693755105028817
-0.59433,0.0106768812248925
-0.59225,0.0283506959064609
-0.58939,0.0460517612672767
-0.58575,0.0637494468237807
-0.58135,0.0814005474075335
-0.57618,0.0989752507242765
-0.57026,0.116433356809715
-0.56359,0.133742375022378
-0.55618,0.150869732169248
-0.54805,0.167776506753006
-0.5392,0.184434737185431
-0.52965,0.200811514920891
-0.51942,0.216871091301628
-0.50852,0.232584046150947
-0.49696,0.247927127936007
-0.48478,0.262860783114987
-0.47198,0.277363236182878
-0.45858,0.29141312711904
-0.44462,0.304975513087187
-0.4301,0.3180353056528
-0.41506,0.33056454012742
-0.39952,0.342540705039294
-0.38351,0.353939177268618
-0.36704,0.36474937087071
-0.35015,0.374950410047374
-0.33286,0.384528762527008
-0.3152,0.393470063452294
-0.29719,0.40176733653597
-0.27887,0.409405232406398
-0.26026,0.416377114726142
-0.24139,0.422676408119515
-0.22228,0.4283044111456
-0.20296,0.433261588381091
-0.18346,0.437547956506639
-0.16382,0.441155990352005
-0.14404,0.444102066797665
-0.12418,0.446377220716881
-0.10424,0.447996848680216
-0.08426,0.448966162124952
-0.06427,0.449289577474226
-0.044295,0.448974583237873
-0.024361,0.448030328245867
-0.0044994,0.446463174728521
0.015267,0.444283526545059
0.034907,0.44149864198029
0.054394,0.438116524914562
0.073706,0.434149029802476
0.092811,0.429603457493045
0.11169,0.424492899680048
0.13031,0.418824446475344
0.14865,0.412609057130804
0.16668,0.405853873072842
0.18439,0.39857756481313
0.20174,0.390785416688313
0.21873,0.382501357019948
0.23532,0.373734114883341
0.25149,0.364494702758582
0.26724,0.354810436233163
0.28253,0.344691436402883
0.29736,0.334163234064104
0.31171,0.323248262116435
0.32557,0.311973203723295
0.33892,0.300359998022366
0.35176,0.28844088998247
0.36408,0.276248096512104
0.37586,0.263805466212748
0.3871,0.251144141494657
0.3978,0.238300190150747
0.40796,0.225312564398292
0.41756,0.212206573154669
0.42661,0.199017872425962
0.43511,0.185781936765002
0.44304,0.172518172302405
0.45043,0.15926928400317
0.45726,0.146058436814834
0.46354,0.132914394981583
0.46926,0.119854640910544
0.47444,0.106909038708022
0.47908,0.0941016066789315
0.48317,0.081443372062087
0.48673,0.0689565226628381
0.48977,0.0566640060514833
0.49228,0.0445737382301508
0.49428,0.0327032401775327
0.49578,0.0210696670769793
0.49678,0.00968179184267798
0.4973,-0.0014440498657062
0.49734,-0.0123008826652094
0.49692,-0.0228748973861148
0.49604,-0.0331621553770253
0.49473,-0.0431448066976481
0.49298,-0.0528240475804815
0.49082,-0.0621870164739143
0.48826,-0.0712248461748362
0.4853,-0.079939703259482
0.48197,-0.0883205915808471
0.47827,-0.0963685568885969
0.47423,-0.10407230158253
0.46984,-0.111440618132884
0.46512,-0.118476234298027
0.46009,-0.125177071595543
0.45476,-0.131544759747219
0.44914,-0.137583998072437
0.44324,-0.143301956677788
0.43707,-0.148707722025328
0.43064,-0.153811790215529
0.42397,-0.158618212056061
0.41706,-0.163140602383183
0.40993,-0.167385201064269
0.40258,-0.171366986364369
0.39503,-0.175092839363108
0.38729,-0.178570360442185
0.37936,-0.181814944645481
0.37126,-0.184833089811081
0.363,-0.187631349890042
0.35458,-0.190223538912904
0.34601,-0.192621556534804
0.33732,-0.19482063730823
0.3285,-0.196832254587677
0.31957,-0.19865844698676
0.31054,-0.200300956151755
0.30142,-0.20176119591412
0.29222,-0.203040237128934
0.28295,-0.204138805689282
0.27363,-0.205049893291858
0.26426,-0.205775190198214
0.25486,-0.206308525377477
0.24544,-0.206644915656883
0.236,-0.206787832041233
0.22656,-0.206732659085815
0.21714,-0.206468364140105
0.20773,-0.206001196200321
0.19836,-0.205321577723673
0.18902,-0.204437003950083
0.17973,-0.203346346955674
0.1705,-0.202048956326682
0.16133,-0.200551977559782
0.15223,-0.198861261940005
0.14321,-0.196981469169383
0.13426,-0.194930970040253
0.1254,-0.192716522593003
0.11663,-0.190350133911004
0.10795,-0.187847711797903
0.099359,-0.185228616087662
0.090858,-0.182512982967664
0.08245,-0.17971953754576
0.074131,-0.176870510940934
0.0659,-0.173988105830292
0.057754,-0.171095336085891
0.049684,-0.168219629750478
0.041691,-0.16538377434529
0.033766,-0.162613517569901
0.025901,-0.159935468316572
0.018094,-0.157371674194512
0.010333,-0.15494718962215
0.0026132,-0.152683365896008
-0.0050759,-0.150602071284091
-0.01274,-0.148721303669563
-0.020388,-0.147057664001732
-0.028027,-0.145624681451155
-0.035667,-0.144435015987572
-0.043311,-0.143494931897497
-0.05097,-0.142811102420488
-0.058648,-0.142384991694241
-0.06635,-0.142214383041311
-0.074083,-0.142295450816233
-0.081852,-0.142621523480445
-0.089659,-0.143181431869657
-0.097509,-0.143962743479694
-0.10541,-0.144954417458118
-0.11335,-0.146131913169991
-0.12134,-0.147477352896851
-0.12939,-0.148977870705769
-0.13749,-0.150610125629443
-0.14563,-0.152342893267156
-0.15383,-0.15416155995272
-0.16208,-0.15604308660015
-0.17037,-0.157958255938863
-0.1787,-0.159881047243592
-0.18708,-0.161796130910242
-0.19549,-0.163675071171767
-0.20393,-0.165494475719509
-0.2124,-0.167235711649819
-0.22089,-0.168877176012916
-0.22939,-0.170395548037724
-0.23789,-0.171766848108991
-0.24638,-0.172967316521305
-0.25486,-0.173981523870294
-0.26331,-0.174786515972132
-0.27172,-0.175361422451777
-0.28008,-0.175687753559859
-0.28838,-0.175749586822714
-0.2966,-0.175526259781991
-0.30473,-0.175001396014111
-0.31274,-0.174147880263429
-0.32064,-0.172960406831284
-0.32839,-0.171414591226273
-0.33598,-0.169493677475569
-0.3434,-0.167187674258794
-0.35062,-0.164477699739091
-0.35762,-0.161345777065604
-0.3644,-0.157790101096854
-0.37092,-0.153792555013049
-0.37716,-0.149337320223188
-0.38312,-0.144425809481119
-0.38876,-0.139043888005477
-0.39408,-0.133195020989182
-0.39904,-0.126867356930317
-0.40363,-0.12005935980302
-0.40783,-0.112770607652962
-0.41163,-0.105009141345914
-0.41501,-0.0967823709142173
-0.41796,-0.0881045457842903
-0.42045,-0.0789803948168483
-0.42248,-0.0694291505621446
-0.42403,-0.0594665441131109
-0.42508,-0.0491051627368169
-0.42565,-0.0383843872555072
-0.4257,-0.0273198582044363
-0.42524,-0.0159446951029985
-0.42426,-0.00429046769655832
-0.42275,0.00761332286216586
-0.42072,0.0197248410658666
-0.41816,0.0320082301415154
-0.41507,0.0444260522593658
-0.41146,0.0569332625725598
-0.40732,0.0694947578299097
-0.40266,0.0820697045434149
-0.3975,0.0946064725136702
-0.39182,0.107075827335862
-0.38566,0.119423168511051
-0.379,0.131619463665682
-0.37187,0.143620299175635
-0.36428,0.15538506613144
-0.35624,0.166877540550862
-0.34777,0.17805885994567
-0.33887,0.188904133547779
-0.32958,0.199371102587509
-0.31991,0.209427104866446
-0.30988,0.219040977655163
-0.29951,0.228183901982215
-0.28882,0.236830027175555
-0.27784,0.24494950300201
-0.26659,0.252517757467094
-0.25509,0.259515442841611
-0.24337,0.265920863327614
-0.23145,0.271718720741279
-0.21936,0.276892200292513
-0.20713,0.281424020150096
-0.19478,0.285304676336445
-0.18234,0.288524089831723
-0.16983,0.291079675009766
-0.15727,0.292975244561003
-0.14469,0.294212555596584
-0.13212,0.294791925410222
-0.11957,0.29472753777761
-0.10707,0.294029824274981
-0.094637,0.292715751165513
-0.08229,0.290805824733049
-0.070051,0.288320826417047
-0.057935,0.285286545757487
-0.045963,0.281727825907958
-0.034148,0.277674118579291
-0.022509,0.273153461718911
-0.011057,0.268197991848075
0.00019355,0.262839787374665
0.011231,0.257112118585379
0.022043,0.251047810326964
0.03262,0.244680498524881
0.042952,0.238043195273376
0.053032,0.231169678814496
0.062854,0.224094095034433
0.072411,0.216849129065803
0.081699,0.209467509433443
0.090715,0.201981723369898
0.099457,0.194423779182323
0.10792,0.186822054270994
0.11612,0.17921658836804
0.12404,0.171631160530375
0.13169,0.164095566439187
0.13908,0.156643436710311
0.14621,0.149302982692512
0.15309,0.142104461343735
0.15972,0.135071336995484
0.16612,0.128235516599056
0.17228,0.121612425372079
0.17823,0.115233113116957
0.18398,0.109125352400382
0.18953,0.103305888226892
0.19489,0.0977892564006043
0.2001,0.0926097421054783
0.20514,0.0877720127820925
0.21005,0.0833008455448335
0.21484,0.0792141223560466
0.21951,0.0755160445328062
0.22409,0.0722215959562238
0.22859,0.0693390096981385
0.23302,0.0668706138849722
0.2374,0.064821065391488
0.24174,0.0631891445573743
0.24605,0.0619687007563248
0.25035,0.0611569486994977
0.25464,0.0607388949529068
0.25894,0.0607047002486074
0.26325,0.0610339709909792
0.26759,0.0617129764197217
0.27195,0.0627113904135092
0.27634,0.0640009730013049
0.28078,0.0655631999406101
0.28526,0.0673656096017285
0.28978,0.0693727026191525
0.29435,0.0715548226075018
0.29896,0.0738730031912934
0.30362,0.0762966056646524
0.30831,0.0787803610123302
0.31304,0.0812906439310203
0.3178,0.0837893917823548
0.32259,0.0862434752520529
0.32739,0.0886099529201993
0.33219,0.0908466436917565
0.33699,0.0929206459180462
0.34177,0.0947928007810449
0.34653,0.0964349352771634
0.35124,0.0978065082174931
0.3559,0.0988804952310194
0.3605,0.099634330821203
0.36501,0.100035110525493
0.36943,0.100064912072443
0.37374,0.0997038416375941
0.37793,0.0989386160959576
0.38197,0.0977471156787691
0.38586,0.0961231376140394
0.38958,0.0940589537711892
0.39311,0.091546081327958
0.39645,0.0885907040487935
0.39957,0.0851887344325366
0.40246,0.0813429451210883
0.40511,0.0770617893563695
0.40749,0.0723434989939157
0.4096,0.067200493155173
0.41142,0.0616416897071684
0.41293,0.055673117644492
0.41412,0.0493058590021183
0.41498,0.0425549094011527
0.41548,0.035423351301393
0.41562,0.0279268660184914
0.41538,0.0200761701692521
0.41475,0.0118851667285284
0.41371,0.00336262252718674
0.41224,-0.00548702703408761
0.41034,-0.0146481386931814
0.40799,-0.0241112152653524
0.40516,-0.0338793488841921
0.40186,-0.0439361234168635
0.39805,-0.0542868159697801
0.39373,-0.0649244836717777
0.38888,-0.0758473302127713
0.3835,-0.0870429790608355
0.37755,-0.0985204524226618
0.37103,-0.110276231857973
0.36393,-0.122304209379164
0.35624,-0.134596366655102
0.34793,-0.147158167946021
0.33901,-0.159976247146721
0.32946,-0.173044619947408
0.31927,-0.186356031960221
0.30844,-0.199895024939336
0.29696,-0.213647351006451
0.28484,-0.227585341451102
0.27207,-0.241686049900932
0.25865,-0.255923575606606
0.24458,-0.270270366079814
0.22988,-0.284683526600693
0.21455,-0.299123775216645
0.1986,-0.313548455709773
0.18204,-0.327913415288399
0.1649,-0.342159782663267
0.14719,-0.356233293740081
0.12892,-0.37008498440705
0.11012,-0.383656854837639
0.090826,-0.396880923834757
0.071051,-0.409700192638732
0.050825,-0.422055706563602
0.030183,-0.433885085086607
0.0091524,-0.445130766673462
-0.012229,-0.455733241058592
-0.033933,-0.465640461840028
-0.055914,-0.474795291067514
-0.078142,-0.483149936437828
-0.10058,-0.490660647357127
-0.12318,-0.497280392389581
-0.1459,-0.502965619627878
-0.16872,-0.507693457834379
-0.19157,-0.511421803571536
-0.21443,-0.514131606192442
-0.23726,-0.515808576850197
-0.26,-0.51642832312117
-0.28262,-0.515981588374288
-0.30508,-0.514464606187317
-0.32733,-0.511871174404323
-0.34933,-0.508201098140924
-0.37105,-0.503466818921358
-0.39244,-0.497676225117214
-0.41347,-0.490848473246169
-0.43409,-0.48299683291737
-0.45426,-0.47413716880885
-0.47396,-0.464302075235586
-0.49313,-0.453507434843251
-0.51174,-0.441777633972081
-0.52977,-0.429150840861219
-0.54716,-0.415645901153211
-0.5639,-0.401302685915475
-0.57994,-0.386147471693944
-0.59526,-0.370217136860946
-0.60982,-0.353541376355844
-0.6236,-0.336158113161037
-0.63657,-0.318103493082066
-0.64869,-0.299403841585751
-0.65995,-0.280098990840354
-0.67032,-0.260223734010998
-0.67978,-0.239815180782143
-0.6883,-0.21890380933152
-0.69587,-0.197528594937865
-0.70248,-0.175734179255897
-0.7081,-0.153553638519023
-0.71273,-0.131031853308491
-0.71634,-0.108199643701053
-0.71894,-0.0851050456442736
-0.72051,-0.0617862889190775
-0.72105,-0.0382872418690235
-0.72056,-0.0146549053284984
-0.71903,0.00907009479489534
-0.71646,0.0328462311292761
-0.71286,0.0566252472572241
-0.70823,0.0803624337119296
-0.70257,0.104017435233433
-0.6959,0.127540010986241
-0.68823,0.150881006783009
-0.67956,0.174001179849085
-0.66991,0.196855884967162
-0.65929,0.219405070015549
-0.64774,0.241591629741977
-0.63525,0.26338357349149
-0.62186,0.284733413873148
-0.6076,0.305590219402712
-0.59247,0.325924208250849
-0.57652,0.345686869437015
-0.55977,0.364838476446327
-0.54225,0.38334044800664
-0.52399,0.401156566839792
-0.50503,0.41824650490687
-0.48539,0.434582899652123
-0.46512,0.450127802787288
-0.44425,0.464850949457895
-0.42282,0.47872208980958
-0.40087,0.491712203720902
-0.37843,0.503801840215644
-0.35555,0.514965400052128
-0.33226,0.52518820325102
-0.30862,0.5344429700582
-0.28465,0.5427229532822
-0.26041,0.550008933353949
-0.23593,0.55629470312435
-0.21126,0.561570274850453
-0.18643,0.56583801824856
-0.16148,0.569103146484753
-0.13646,0.571365958539315
-0.11141,0.572630478633234
-0.086354,0.572915740786959
-0.061341,0.572234158252595
-0.036402,0.570606040496019
-0.011573,0.568054050280129
0.013111,0.564603089661638
0.037622,0.560284560694678
0.061925,0.555129250280963
0.085993,0.549172676632551
0.1098,0.542454069226217
0.13331,0.535007285252181
0.15651,0.526878002475689
0.17937,0.518107658759388
0.20186,0.508733160876571
0.22398,0.498808923241813
0.24568,0.488364984254317
0.26697,0.477455206725189
0.28781,0.466114126052142
0.30819,0.454381817621029
0.32809,0.442294182349581
0.34751,0.429897400942968
0.36642,0.417222322513415
0.3848,0.404293781135825
0.40266,0.391153034166459
0.41997,0.377823649137148
0.43672,0.364328833646001
0.4529,0.350690606133461
0.46849,0.33692176171119
0.48349,0.323041823081422
0.49788,0.309060143082892
0.51165,0.294984742188962
0.52478,0.280814675366614
0.53728,0.266563708361561
0.54912,0.252227263997418
0.56029,0.237800642180784
0.57078,0.223278922052097
0.58058,0.208656910095729
0.58967,0.193921727057424
0.59805,0.179069237027445
0.60569,0.164080100885508
0.6126,0.148952660843493
0.61875,0.133669838403852
0.62413,0.118217247883034
0.62874,0.10259034295782
0.63255,0.0867703608190435
0.63555,0.0707422922313499
0.63774,0.054501884861439
0.6391,0.0380388451108117
0.63962,0.021345655632127
0.6393,0.00442461896481666
0.63811,-0.012736292932082
0.63606,-0.030130757198669
0.63314,-0.0477526029392322
0.62934,-0.0655959187026132
0.62466,-0.0836477413438328
0.61911,-0.101882344577092
0.61268,-0.120279153979258
0.60537,-0.138814878235361
0.5972,-0.157449856735789
0.58816,-0.176154468968805
0.57829,-0.194871006608341
0.56757,-0.213565046814852
0.55605,-0.232170130368873
0.54374,-0.250625384022427
0.53065,-0.268876138549175
0.51681,-0.286859520439161
0.50226,-0.304500476332759
0.48702,-0.321731096255602
0.47111,-0.338491251024586
0.45458,-0.354706758850157
0.43747,-0.370301760160055
0.4198,-0.385216158123146
0.40163,-0.399374929969567
0.38298,-0.412722977080648
0.3639,-0.425200952672552
0.34444,-0.436748103039226
0.32464,-0.447312000808448
0.30455,-0.456841399454424
0.2842,-0.465302649724026
0.26364,-0.472662905848629
0.24293,-0.478883967097077
0.22209,-0.483954424917326
0.20118,-0.487855712036962
0.18025,-0.490571893785512
0.15933,-0.492104864610437
0.13846,-0.492463937480351
0.1177,-0.491649844732393
0.097073,-0.489684187622079
0.076623,-0.486589707440428
0.056394,-0.48238985783107
0.036415,-0.477119493941219
0.016727,-0.470813186586846
-0.0026368,-0.463510415768639
-0.021646,-0.455255888232412
-0.040264,-0.446092960458538
-0.058463,-0.436069422308055
-0.076216,-0.425236084211043
-0.093494,-0.413643449394351
-0.11027,-0.401341955520726
-0.12653,-0.388390267123091
-0.14224,-0.374837302625895
-0.15738,-0.360733106267671
-0.17195,-0.346141983610991
-0.18591,-0.331108316789543
-0.19926,-0.315688660494841
-0.21198,-0.299932886611388
-0.22407,-0.28389872453753
-0.23551,-0.267633667289001
-0.2463,-0.251190213330514
-0.25644,-0.234623208303716
-0.26591,-0.217972832713004
-0.27473,-0.201295624919454
-0.28288,-0.184629879490532
-0.29038,-0.168027388546108
-0.29723,-0.151534287289646
-0.30344,-0.135197946486741
-0.30901,-0.119057689597115
-0.31396,-0.103159697999894
-0.31829,-0.0875392563043629
-0.32203,-0.0722437019861456
-0.32519,-0.057313629501114
-0.32778,-0.0427827060286946
-0.32983,-0.0286924860871437
-0.33136,-0.0150819630942753
-0.33239,-0.00198661367953601
-0.33295,0.0105548880984201
-0.33307,0.022502735045498
-0.33277,0.033825073781302
-0.33209,0.044482936423064
-0.33105,0.054447863195701
-0.32969,0.0636862477101878
-0.32804,0.0721690391220661
-0.32613,0.0798720427922398
-0.32399,0.086776036979017
-0.32167,0.0928519384378621
-0.31918,0.0980934670391217
-0.31657,0.102483709490063
-0.31387,0.106012812274293
-0.3111,0.108684646354453
-0.30829,0.110507026608828
-0.30548,0.1114837089673
-0.3027,0.111622806959778
-0.29996,0.110950835552251
-0.2973,0.109486557026508
-0.29473,0.107264451072559
-0.29227,0.104323609620702
-0.28995,0.100698636891322
-0.28778,0.0964345770449418
-0.28577,0.0915838478124494
-0.28393,0.086203547121816
-0.28227,0.0803531215234168
-0.2808,0.0740923814553596
-0.27952,0.0674872432662928
-0.27843,0.0606067619634424
-0.27753,0.0535206178441374
-0.27681,0.0463044279278195
-0.27627,0.0390290390189045
-0.2759,0.031766769866157
-0.27569,0.0245889651331242
-0.27561,0.0175788076941357
-0.27567,0.0107969279937765
-0.27583,0.00432079425326672
-0.27609,-0.00179057474876294
-0.27641,-0.00746542873420857
-0.27678,-0.0126462834079169
-0.27717,-0.0172743504356599
-0.27756,-0.0212992338714259
-0.27792,-0.0246717493382466
-0.27822,-0.0273455112428183
-0.27844,-0.0292855412110907
-0.27855,-0.0304601260048749
-0.27852,-0.0308415667896463
-0.27831,-0.0303992720888295
-0.2779,-0.0291164416190317
-0.27727,-0.0269883584545059
-0.27638,-0.0240059000324683
-0.2752,-0.020164525010754
-0.2737,-0.0154639728649175
-0.27186,-0.00991528585725463
-0.26966,-0.00353876020743268
-0.26705,0.00366016223587753
-0.26403,0.0116508114710113
-0.26057,0.0204048343410246
-0.25664,0.0298961766240387
-0.25223,0.040086261901629
-0.24732,0.0509345922810727
-0.2419,0.0623925834988166
-0.23594,0.0744210364581385
-0.22944,0.0869670406633848
-0.22238,0.0999827345810173
-0.21476,0.113410747201314
-0.20658,0.127187540145505
-0.19783,0.14125369200037
-0.18851,0.155547333119141
-0.17862,0.170006357084316
-0.16818,0.184555451519462
-0.15717,0.199140399106296
-0.14562,0.213688655100168
-0.13354,0.228129854078331
-0.12094,0.242397514390781
-0.10783,0.256430351616023
-0.094247,0.270153264459576
-0.0802,0.283503067396624
-0.065715,0.296415666645024
-0.050821,0.308826131760856
-0.035544,0.320673231067882
-0.019915,0.331897094391104
-0.003968,0.342438791027304
0.012264,0.352242937564111
0.028743,0.361255282876057
0.045433,0.369425920105218
0.062294,0.37670733347325
0.079286,0.383055726532788
0.096366,0.388429779974489
0.1135,0.392798463308773
0.13063,0.396122655692866
0.14772,0.398374555027391
0.16473,0.399533791503273
0.18161,0.399579661616935
0.19832,0.398499654820312
0.21482,0.396288702365694
0.23106,0.392940966937617
0.247,0.388458012930601
0.26261,0.38285517754643
0.27783,0.376136742199045
0.29264,0.368327947022012
0.30698,0.359441049912723
0.32083,0.349507443862507
0.33415,0.338558637313691
0.34691,0.326633081048517
0.35907,0.313766657050431
0.37059,0.299992431187128
0.38145,0.285355275851308
0.39163,0.269908527659288
0.40109,0.253696250568551
0.40981,0.236768719131564
0.41777,0.219179903498292
0.42495,0.200985314535786
0.43133,0.182240190416416
0.43688,0.162990605392967
0.4416,0.143296087042066
0.44548,0.12321788750712
0.44849,0.102802063036644
0.45064,0.0821105685980083
0.45191,0.0611941095172261
0.45231,0.040114907756959
0.45182,0.0189203499897763
0.45045,-0.00233351483109392
0.44821,-0.0235854688297207
0.44509,-0.0447868786873267
0.44111,-0.0658787209914589
0.43628,-0.0868029336520083
0.43061,-0.107504154164433
0.42412,-0.127923672402831
0.41683,-0.148002052288217
0.40876,-0.167681275217411
0.39993,-0.186906446265895
0.39038,-0.205612308583641
0.38013,-0.223742234221001
0.36921,-0.241241131898292
0.35767,-0.25804230854033
0.34553,-0.274094165395793
0.33283,-0.289344357633968
0.31962,-0.303734455475141
0.30594,-0.317210589522713
0.29183,-0.32972452234179
0.27733,-0.341234377909507
0.26249,-0.351697674405692
0.24737,-0.361065719475369
0.23199,-0.369316229535495
0.21641,-0.376419774374617
0.20069,-0.382342494527888
0.18486,-0.387070573341703
0.16897,-0.390592457933414
0.15308,-0.392891855716495
0.13723,-0.393964373474292
0.12146,-0.393815810036216
0.10582,-0.3924531047664
0.090363,-0.389882159876025
0.075127,-0.386119390361844
0.060159,-0.381182981638929
0.045497,-0.375099081711238
0.03119,-0.36789175907043
0.017271,-0.359594896220512
0.003783,-0.350242255922895
-0.0092348,-0.339869648105543
-0.021754,-0.328521761674979
-0.033736,-0.316241874578518
-0.045149,-0.303076131738786
-0.055967,-0.289076139156204
-0.066163,-0.274295848938946
-0.075711,-0.258790430304794
-0.084593,-0.242620467108283
-0.092791,-0.22584924827346
-0.10029,-0.208542697235094
-0.10707,-0.190763290908609
-0.11314,-0.172590357837279
-0.11848,-0.154093073091559
-0.12309,-0.135345158658743
-0.12697,-0.116421780022623
-0.13013,-0.0974043731499721
-0.13258,-0.0783769463946192
-0.13432,-0.0594156032744947
-0.13537,-0.0406024517257203
-0.13574,-0.0220144374239295
-0.13546,-0.00373663833865597
-0.13455,0.0141494446767369
-0.13303,0.0315678634480064
-0.13093,0.0484423063135686
-0.12827,0.0647061568698934
-0.1251,0.0802807848100208
-0.12143,0.0951101471010043
-0.11731,0.109128939402426
-0.11277,0.122281555985364
-0.10785,0.134514933544967
-0.10258,0.14578751793041
-0.097012,0.156052525946036
-0.091175,0.165277866338402
-0.085114,0.173432963315663
-0.078865,0.180496580050614
-0.072472,0.186450292681506
-0.065971,0.191284973074695
-0.059405,0.194994656426154
-0.052808,0.197583325720869
-0.046225,0.199055300868141
-0.039685,0.199427421343162
-0.033229,0.198717798229984
-0.026894,0.196948512327703
-0.020711,0.19414912280647
-0.014718,0.190349646568106
-0.0089395,0.185590008049714
-0.0034157,0.179905759194122
0.0018287,0.173339713470354
0.0067664,0.165937702745097
0.011367,0.157744668155286
0.015609,0.148810362649198
0.019464,0.139182093734378
0.022917,0.128913910873465
0.025939,0.118053530507558
0.028519,0.10665559032677
0.030636,0.0947714067564408
0.032274,0.0824518658565257
0.033419,0.0697475099009707
0.034059,0.0567085857977431
0.034182,0.0433835844772903
0.033778,0.0298195618199546
0.032839,0.0160624103234339
0.031359,0.00215708745644184
0.029335,-0.0118514541267763
0.02676,-0.0259227100417034
0.023637,-0.0400137507199316
0.019963,-0.0540855896519298
0.015742,-0.0680986085056863
0.01098,-0.0820125925041876
0.0056781,-0.0957918833520965
-0.00015019,-0.109396618295391
-0.0064992,-0.122790758533781
-0.013356,-0.135937295705664
-0.020706,-0.148798558890744
-0.028538,-0.161340215507002
-0.03683,-0.173523916877673
-0.045571,-0.185317599444981
-0.054736,-0.196685135987718
-0.064308,-0.207594372409094
-0.074259,-0.218009448054899
-0.084574,-0.227902453158043
-0.095223,-0.237241910473964
-0.10618,-0.245997635308892
-0.11742,-0.254142395541755
-0.12892,-0.261653912936871
-0.14064,-0.268502292353858
-0.15256,-0.274667444746879
-0.16465,-0.280130683939191
-0.17687,-0.284867914060153
-0.1892,-0.288866456082526
-0.2016,-0.292108723835923
-0.21404,-0.294581374768906
-0.2265,-0.296282565783312
-0.23893,-0.297197912506401
-0.25131,-0.297325797196283
-0.2636,-0.296660440046538
-0.27578,-0.295207938187232
-0.2878,-0.29296188862133
-0.29964,-0.289928422038905
-0.31127,-0.286116454980616
-0.32264,-0.28152235161693
-0.33375,-0.276169637545612
-0.34454,-0.270058935666137
-0.35499,-0.263202148703564
-0.36508,-0.255620109997237
-0.37477,-0.247325659097709
-0.38403,-0.238332372177028
-0.39284,-0.228661556380174
-0.40116,-0.218325483791217
-0.40898,-0.207351074883542
-0.41626,-0.19575421496031
-0.42298,-0.183556302191163
-0.42911,-0.17077523222311
-0.43463,-0.157433000869485
-0.43951,-0.143546917831507
-0.44373,-0.129137424184248
-0.44727,-0.114226903257161
-0.45011,-0.0988386632973698
-0.45222,-0.0829886840431729
-0.45359,-0.0667013278383404
-0.4542,-0.0499995891976596
-0.45403,-0.0329046608486929
-0.45306,-0.0154356167774887
-0.45129,0.00237600419151637
-0.44869,0.0205117515781008
-0.44525,0.0389495516330495
-0.44097,0.0576577389216362
-0.43584,0.0766052844160472
-0.42983,0.0957774299608024
-0.42295,0.11514351084387
-0.4152,0.134668415456176
-0.40657,0.154321933230265
-0.39704,0.17408617978008
-0.38664,0.193916900232824
-0.37534,0.213794320422268
-0.36317,0.233674751205685
-0.35011,0.253533570289295
-0.33618,0.273332812356032
-0.32139,0.293032383552159
-0.30573,0.312606555315712
-0.28923,0.332012525998771
-0.27189,0.351217302748381
-0.25372,0.370189536003711
-0.23475,0.388885511928852
-0.21499,0.407267766791116
-0.19445,0.425305144836781
-0.17316,0.442957904623482
-0.15114,0.460188128441012
-0.12841,0.476960672247624
-0.105,0.493236472745997
-0.080933,0.508979833010557
-0.05624,0.524153118488792
-0.030952,0.538718454701077
-0.0050975,0.552640954909329
0.021283,0.565880525059166
0.048157,0.578400188178818
0.075489,0.590164581400145
0.10323,0.601130941944528
0.13135,0.611266072129028
0.1598,0.62053166576181
0.18853,0.628885930332812
0.2175,0.636293118969862
0.24665,0.642708872841369
0.27594,0.648098218293923
0.30529,0.652405453151398
0.33467,0.6555969787548
0.36401,0.657628694283068
0.39324,0.658449582299197
0.42231,0.658019565795906
0.45115,0.656294044438888
0.47969,0.653226348663488
0.50786,0.648769771416523
0.5356,0.642886610385732
0.56283,0.635533044637077
0.58949,0.626676693742113
0.61551,0.616288291108041
0.64082,0.604342294237913
0.66534,0.590809878440198
0.68902,0.575682953778037
0.71178,0.558948608074763
0.73356,0.540605605753481
0.7543,0.520662575242275
0.77393,0.499128882929583
0.79239,0.476022025145154
0.80964,0.451380747374078
0.82561,0.425238065388888
0.84025,0.397636610996239
0.85352,0.368633311741182
0.86536,0.338280566840726
0.87575,0.306655523432221
0.88463,0.273823816306642
0.89199,0.239877155452277
0.89778,0.204896325467673
0.90198,0.168973362457911
0.90457,0.132206885345233
0.90552,0.0946907117151102
0.90484,0.0565417277810075
0.90249,0.017855132793736
0.89849,-0.0212497762064022
0.89282,-0.0606673478479979
0.88549,-0.100283924274956
0.8765,-0.139990242368509
0.86586,-0.179676573479569
0.85358,-0.219236266179715
0.83968,-0.258561171127448
0.82419,-0.29753803111549
0.80711,-0.336075326425406
0.78848,-0.374072620676669
0.76833,-0.41143309687578
0.74668,-0.448073587999971
0.72358,-0.483902750552164
0.69907,-0.518833281483774
0.67318,-0.552791669855806
0.64595,-0.585710927214054
0.61745,-0.617509773037647
0.58771,-0.648127992093983
0.55679,-0.677502613940421
0.52474,-0.705578371460903
0.49162,-0.732301126672713
0.4575,-0.757612529013906
0.42243,-0.78146798969401
0.38647,-0.80382861522043
0.34969,-0.824654547796944
0.31217,-0.843899595908138
0.27397,-0.861529230758622
0.23517,-0.877505185850719
0.19583,-0.891802709432577
0.15603,-0.904394516280747
0.11585,-0.915252687826204
0.07537,-0.924350188553183
0.03466,-0.931669437602802
-0.006199,-0.937193422002601
-0.047126,-0.940906632273591
-0.08804,-0.942795749152307
-0.12886,-0.942850114131335
-0.16951,-0.941065713709217
-0.20991,-0.937441539364882
-0.24997,-0.931972111046779
-0.28962,-0.924663724373068
-0.32877,-0.915517630148988
-0.36736,-0.904553564714423
-0.40529,-0.891776436645978
-0.4425,-0.877208998252853
-0.47892,-0.860880707060549
-0.51446,-0.842811154297689
-0.54906,-0.823033903419945
-0.58265,-0.801585724649389
-0.61516,-0.778505203063224
-0.64653,-0.753838928755347
-0.6767,-0.727638848616457
-0.7056,-0.699952560173157
-0.73318,-0.670837746688437
-0.75939,-0.6403587216015
-0.78417,-0.608576040913057
-0.80748,-0.575560373495455
-0.82926,-0.541373791714017
-0.84949,-0.506099252164016
-0.86813,-0.469819406246499
-0.88512,-0.432599489958682
-0.90046,-0.394533100353108
-0.9141,-0.355696965247289
-0.92604,-0.316188853692444
-0.93623,-0.276083581416556
-0.94468,-0.235479463858193
-0.95137,-0.19446854763408
-0.95629,-0.153142335542227
-0.95944,-0.111596372607127
-0.96081,-0.0699190113555827
-0.96042,-0.0282120952218107
-0.95827,0.0134297275011111
-0.95437,0.054913330671106
-0.94873,0.0961499306813022
-0.94138,0.137042480652394
-0.93234,0.177497930977063
-0.92164,0.217422234425592
-0.9093,0.256731163108714
-0.89535,0.295344004628576
-0.87985,0.333163612705043
-0.86282,0.37011252955951
-0.84431,0.406109832135629
-0.82438,0.441067365947973
-0.80305,0.474923879828181
-0.7804,0.507597893214856
-0.75647,0.539024193384002
-0.73133,0.569131050345275
-0.70502,0.597866402207329
-0.67763,0.625159277474961
-0.6492,0.65096314318934
-0.61981,0.675223636219828
-0.58952,0.697897129010345
-0.5584,0.718943209842771
-0.52653,0.738318523843332
-0.49397,0.755994051500997
-0.4608,0.771939062187399
-0.4271,0.78612299557335
-0.39292,0.79853913681199
-0.35836,0.809163893661548
-0.32347,0.817998342897807
-0.28835,0.825027081766591
-0.25305,0.83025942034122
-0.21766,0.833695342968062
-0.18225,0.835342659384663
-0.14688,0.835223189974587
-0.11163,0.833355170546255
-0.076578,0.829755391791259
-0.041774,0.824460145587529
-0.0072946,0.817501186864971
0.0268,0.808918240445795
0.060448,0.798755515150699
0.093586,0.787058735999951
0.12616,0.773880802748127
0.15811,0.759274729992832
0.18939,0.743302701899269
0.21994,0.726022378214372
0.24972,0.707501074757385
0.27868,0.687804709011774
0.30678,0.667003676031225
0.33398,0.645170027073801
0.36023,0.622367711796174
0.38551,0.598674462468429
0.40977,0.57415466094803
0.43299,0.548882154350425
0.45514,0.522928777891574
0.4762,0.496369921100885
0.49614,0.469274096602562
0.51494,0.441709469484723
0.53259,0.413749099820954
0.54907,0.385460228323182
0.56437,0.356910560097999
0.57848,0.328165898035635
0.59139,0.299288266260163
0.60309,0.270334476494594
0.61359,0.241369886404851
0.62289,0.212457074911387
0.63098,0.183646778369624
0.63786,0.15498566567802
0.64356,0.126537497537971
0.64806,0.0983405758570757
0.65139,0.0704480644973811
0.65354,0.042893532747617
0.65454,0.0157228659039612
0.65439,-0.0110321028924551
0.65311,-0.0373374912082163
0.65072,-0.0631592282636317
0.64724,-0.0884645428347185
0.64267,-0.113237912312847
0.63705,-0.137449087337567
0.63039,-0.161079455298799
0.62271,-0.184113383887903
0.61404,-0.206531155037311
0.60441,-0.228310747042441
0.59383,-0.249444102652328
0.58233,-0.269920284925393
0.56994,-0.289726751394288
0.55669,-0.308850396317477
0.5426,-0.327285782268726
0.52771,-0.345019372146271
0.51205,-0.362039197836907
0.49564,-0.378342594278585
0.47854,-0.393905198143603
0.46075,-0.408730465306097
0.44233,-0.422800097824755
0.42331,-0.436101205132423
0.40373,-0.44861844962961
0.38362,-0.460342568159932
0.36303,-0.471254887555188
0.342,-0.481337265527626
0.32056,-0.490580081620067
0.29876,-0.498966270452151
0.27665,-0.506473430111629
0.25427,-0.513083044838784
0.23165,-0.518787821258822
0.20886,-0.52356033417504
0.18592,-0.527394834955156
0.1629,-0.530266423628482
0.13983,-0.532165203385088
0.11676,-0.53307904042806
0.09374,-0.532994522846659
0.070814,-0.53190219703287
0.048028,-0.529794766651796
0.02543,-0.526665582985142
0.0030619,-0.522513397291523
-0.019027,-0.517336061345624
-0.040793,-0.511135080654894
-0.062194,-0.503916222320604
-0.083187,-0.495688038228976
-0.10372,-0.48645459922048
-0.12377,-0.476237846584218
-0.14328,-0.465048539374209
-0.16221,-0.452900830282277
-0.18054,-0.439826124805958
-0.19821,-0.425839418919647
-0.2152,-0.410971739157118
-0.23148,-0.395258873626744
-0.247,-0.378724755283079
-0.26175,-0.361412723945403
-0.27569,-0.343358428134572
-0.28881,-0.324612542655805
-0.30107,-0.305214286413
-0.31245,-0.285207326264436
-0.32295,-0.26465245284068
-0.33253,-0.243592960102622
-0.3412,-0.222093730620082
-0.34893,-0.200205585383384
-0.35573,-0.177996059537384
-0.36158,-0.155521971848236
-0.36648,-0.132844546740129
-0.37044,-0.110034062499711
-0.37345,-0.0871511544705692
-0.37552,-0.064261550177834
-0.37666,-0.0414329939891458
-0.37687,-0.0187252984930144
-0.37617,0.00379530669981849
-0.37458,0.026059587259584
-0.3721,0.0480129416212461
-0.36876,0.0695922828578041
-0.36459,0.0907298279907017
-0.3596,0.111371073270955
-0.35381,0.131466772368588
-0.34727,0.150951557497439
-0.33999,0.169778897737626
-0.332,0.187904421220128
-0.32334,0.205279826061096
-0.31405,0.22185546343694
-0.30415,0.237597244083552
-0.29369,0.25246288607426
-0.2827,0.266419960345514
-0.27122,0.279437983839274
-0.2593,0.291481989973121
-0.24697,0.302529637454037
-0.23428,0.312555080030179
-0.22127,0.321538234206622
-0.20798,0.329464688356772
-0.19446,0.33631807355082
-0.18075,0.342088738499721
-0.16689,0.346773153962424
-0.15295,0.350351065211457
-0.13894,0.35283404989587
-0.12493,0.35421506371818
-0.11096,0.354494801722336
-0.097062,0.353686443522648
-0.083287,0.351799172247836
-0.069675,0.348847157317272
-0.056268,0.344847020609345
-0.043104,0.339820143519737
-0.030221,0.333791418587234
-0.017657,0.32678812523258
-0.0054463,0.318841669064483
0.0063809,0.30998914414267
0.017787,0.300265909916403
0.028754,0.289719591487063
0.039241,0.278389581609698
0.049235,0.266328271639674
0.058707,0.253585324724036
0.067639,0.240215009700159
0.076014,0.226274561097564
0.083814,0.211821269028358
0.091026,0.196914534975004
0.097642,0.181617440803911
0.10365,0.16599123026615
0.10904,0.150095312436805
0.11382,0.133999114205335
0.11798,0.117764722568279
0.12153,0.101461161773692
0.12445,0.0851387071787944
0.12678,0.0688752057727408
0.1285,0.0527239246041078
0.12963,0.0367460926617788
0.13019,0.0210073119917079
0.13019,0.00556714752187048
0.12964,-0.00952173171788629
0.12857,-0.0241992939364217
0.12699,-0.0384164373215562
0.12492,-0.0521272743560515
0.1224,-0.0652754433019586
0.11945,-0.0778129275382728
0.11609,-0.0897002202647209
0.11235,-0.100898852741509
0.10826,-0.111372741567777
0.10384,-0.121096604923966
0.099136,-0.130035835481523
0.094168,-0.138168967364357
0.088969,-0.145476588812414
0.083572,-0.15194196018817
0.078001,-0.157558083558741
0.072294,-0.162316122243006
0.066478,-0.166214584600788
0.06058,-0.169258378093053
0.054634,-0.171452683159328
0.048665,-0.17280981528317
0.042703,-0.173344188662178
0.036774,-0.173074831142941
0.030904,-0.172024302580382
0.025121,-0.170216220980599
0.019443,-0.167682083986348
0.013901,-0.164449519646504
0.0085118,-0.160552999716977
0.0033002,-0.156025843212346
-0.0017169,-0.150905529129303
-0.0065168,-0.145227704164671
-0.011085,-0.139031722649691
-0.015405,-0.132357440470032
-0.019459,-0.125243106103114
-0.023237,-0.11773040235187
-0.026721,-0.109856707282893
-0.029907,-0.101665213301054
-0.032779,-0.0931936781789932
-0.035331,-0.0844817472258999
-0.037553,-0.0755664276578893
-0.039439,-0.0664844067832047
-0.040987,-0.0572739108758192
-0.042188,-0.0479680128707479
-0.043043,-0.0386019296690522
-0.043549,-0.029208480764863
-0.043704,-0.019818177980843
-0.043511,-0.010462305554904
-0.04297,-0.00116945896215462
-0.042085,0.00803200357669671
-0.040857,0.0171171618138222
-0.039295,0.0260588916725301
-0.037402,0.0348337307380767
-0.035188,0.0434168961854443
-0.032658,0.0517871793348185
-0.029824,0.0599219216178192
-0.026695,0.0678003970704316
-0.02328,0.0754042670228807
-0.019591,0.0827156645303561
-0.015641,0.0897171134441215
-0.011442,0.0963929268728301
-0.0070054,0.102729987796675
-0.002344,0.108716828404026
0.0025261,0.114341433763383
0.0075929,0.119594950586217
0.012847,0.124473478731052
0.018268,0.12896932156335
0.023849,0.133082141741843
0.029574,0.136811036971486
0.035428,0.140155627783531
0.041402,0.143120604998714
0.047481,0.145710377336855
0.053649,0.147928449045672
0.059901,0.149785801778423
0.066216,0.151287474691978
0.072585,0.152442595305828
0.078993,0.153259028637632
0.085428,0.153745740815762
0.091873,0.153908743596536
0.098316,0.153755284091991
0.10474,0.153289780723546
0.11114,0.152523185040509
0.11748,0.151448544141887
0.12376,0.15007130807412
0.12996,0.148392012288839
0.13607,0.146414638051777
0.14206,0.144131065676967
0.14791,0.141531036315624
0.15362,0.138617630468572
0.15915,0.135375030454514
0.16449,0.131794797912046
0.16961,0.127859879330804
0.1745,0.123561531602342
0.17913,0.118883172035219
0.18347,0.113802362726648
0.18751,0.108307357336103
0.19123,0.102387989672825
0.19458,0.0960135069745543
0.19756,0.0891744038667991
0.20013,0.0818490370763261
0.20228,0.0740288209229781
0.20398,0.0657012231509142
0.20521,0.0568583600534203
0.20595,0.0474964102658917
0.20617,0.0376076446090627
0.20586,0.027196290763683
0.205,0.0162688244448214
0.20358,0.00484088032139845
0.20158,-0.00707221379095459
0.19898,-0.0194556755270705
0.19577,-0.0322880684708584
0.19195,-0.0455356827511562
0.18751,-0.0591631247716114
0.18243,-0.0731419180268452
0.17672,-0.0874277016325195
0.17037,-0.101979265337596
0.16338,-0.116751643898962
0.15576,-0.131690677260314
0.1475,-0.14675107791932
0.13861,-0.161881211944401
0.12909,-0.177033217848809
0.11896,-0.192148900855237
0.10822,-0.207178240704987
0.096896,-0.22206010026978
0.084994,-0.236741012989033
0.072529,-0.251168704237962
0.059523,-0.26528834729978
0.045994,-0.279047767330184
0.031967,-0.292393450585297
0.017464,-0.305274777598937
0.0025126,-0.31764101641874
-0.01286,-0.329443355491164
-0.028622,-0.340632807116374
-0.044747,-0.351165930606629
-0.061197,-0.360996739074771
-0.077934,-0.370078828136
-0.09493,-0.378374503244485
-0.11214,-0.385841949778758
-0.12952,-0.392438313793526
-0.14703,-0.398124427977821
-0.16464,-0.40287296879857
-0.18229,-0.406645145126407
-0.19994,-0.409409180149534
-0.21754,-0.411132829686168
-0.23505,-0.411792156986902
-0.25242,-0.411363595509502
-0.2696,-0.409824932293885
-0.28653,-0.407148655698524
-0.30318,-0.403326304954277
-0.31949,-0.39834322247504
-0.33541,-0.392187939210212
-0.35089,-0.384852240059284
-0.36589,-0.376338516999372
-0.38034,-0.366635821356734
-0.39422,-0.355760056523638
-0.40746,-0.34371170103911
-0.42003,-0.33050868006032
-0.43187,-0.316160607141234
-0.44296,-0.300699992572526
-0.45323,-0.284140213832934
-0.46266,-0.266516067135821
-0.4712,-0.247856697185729
-0.47882,-0.228200882377817
-0.48548,-0.207586882904913
-0.49114,-0.186051635611631
-0.49579,-0.163652294647592
-0.49939,-0.140438668198301
-0.50191,-0.116460742153191
-0.50333,-0.0917746952364383
-0.50364,-0.0664475569108275
-0.50282,-0.0405458606301064
-0.50085,-0.0141338696039789
-0.49773,0.0127130440950171
-0.49345,0.0399201257032608
-0.488,0.0674153131159074
-0.48139,0.0951160885645594
-0.47362,0.122941373083024
-0.4647,0.150806317199009
-0.45463,0.178633031829537
-0.44343,0.206336906875082
-0.43112,0.233830582196081
-0.41771,0.261034643922965
-0.40324,0.287856488125196
-0.38772,0.314218031168052
-0.37119,0.340033320319705
-0.35367,0.365227703009592
-0.33521,0.389716025086131
-0.31584,0.413422330423502
-0.2956,0.436273329699167
-0.27454,0.458193087664569
-0.25269,0.479121010774496
-0.23011,0.498988981355911
-0.20684,0.517740110755078
-0.18293,0.535321377714303
-0.15843,0.551684996320933
-0.13339,0.56678937961494
-0.10788,0.58058495410101
-0.081928,0.593048776896482
-0.0556,0.604152573595174
-0.028949,0.613874823099562
-0.0020257,0.622202382424374
0.025115,0.629126751944544
0.052422,0.634646836525936
0.079844,0.638767991735443
0.10733,0.641501426574453
0.13483,0.642864052801663
0.16228,0.642867080411767
0.18966,0.641549829997533
0.2169,0.638936699659853
0.24396,0.635061991422804
0.2708,0.629967424323376
0.29736,0.623685104769832
0.32361,0.616260980240401
0.3495,0.607736359700954
0.375,0.59816268470826
0.40005,0.587576145598464
0.42462,0.576021946810872
0.44866,0.563536607225834
0.47215,0.550170868737703
0.49504,0.535963385091225
0.5173,0.520956777464907
0.53889,0.505188249242626
0.55977,0.488689530660484
0.57991,0.471494344965863
0.59928,0.453636961741859
0.61785,0.435151004962865
0.63558,0.416061097344952
0.65245,0.396398531431908
0.66844,0.376198929699005
0.68351,0.355485451143147
0.69764,0.334285149005584
0.7108,0.312619855732882
0.72298,0.290521159974502
0.73414,0.268005243489246
0.74428,0.245104768893479
0.75337,0.221842381718419
0.76138,0.198231799797794
0.76832,0.17430849999266
0.77414,0.150079933708489
0.77885,0.125574878486429
0.78242,0.100808700379849
0.78485,0.075807485391169
0.78611,0.0505828325990988
0.7862,0.0251562907240761
0.78511,-0.000450785087309199
0.78282,-0.026225395943475
0.77933,-0.0521470756744453
0.77464,-0.0781901161161749
0.76874,-0.104332882613266
0.76161,-0.13056522128388
0.75327,-0.156857156353078
0.74371,-0.183185936680864
0.73294,-0.209520659529613
0.72095,-0.235839678500742
0.70774,-0.262122212863416
0.69334,-0.288326772991038
0.67773,-0.314433469716096
0.66094,-0.3404036012928
0.64297,-0.366206744698201
0.62384,-0.391805395968765
0.60356,-0.417164972083797
0.58214,-0.442254408565988
0.55962,-0.467024369802266
0.536,-0.491441934029245
0.51131,-0.515466362997175
0.48558,-0.539051976834445
0.45883,-0.562157997680866
0.4311,-0.584734179100704
0.40242,-0.606731665813674
0.37282,-0.628104324736963
0.34234,-0.648802368061899
0.31102,-0.668774715643637
0.2789,-0.6879709425034
0.24604,-0.706328049264476
0.21247,-0.723797114957397
0.17825,-0.740320055173458
0.14343,-0.755840727765136
0.10808,-0.770291651363823
0.072232,-0.783626505976624
0.03597,-0.795779234799721
-0.00065689,-0.80669586943557
-0.037577,-0.81631738438212
-0.074726,-0.824588139536273
-0.11203,-0.831450105696421
-0.14943,-0.836856367803434
-0.18685,-0.840758147243993
-0.22421,-0.843104011619008
-0.26144,-0.843849659605873
-0.29847,-0.842958232741058
-0.33522,-0.840392984330735
-0.37161,-0.836118760104045
-0.40757,-0.830110539771075
-0.44302,-0.822345263507121
-0.47789,-0.81280997897776
-0.5121,-0.801493341664504
-0.54557,-0.7883861012625
-0.57824,-0.773496211287722
-0.61003,-0.756830961442172
-0.64088,-0.738412155728864
-0.67069,-0.718243558243727
-0.69943,-0.696366443165457
-0.72701,-0.672807219439504
-0.75338,-0.647609531915018
-0.77847,-0.620815264221527
-0.80222,-0.592471421341017
-0.82459,-0.562642896101565
-0.84551,-0.531385276203801
-0.86494,-0.498767494709271
-0.88284,-0.464867502640524
-0.89915,-0.429753710527183
-0.91385,-0.393514598339332
-0.92688,-0.35622284046123
-0.93824,-0.317980712910072
-0.94787,-0.278867121672533
-0.95578,-0.238991614300411
-0.96193,-0.198448314727026
-0.9663,-0.157330917734895
-0.9689,-0.115752122747797
-0.9697,-0.0738069929482256
-0.96872,-0.0316103974923613
-0.96594,0.010739936657132
-0.96138,0.0531336347915299
-0.95505,0.0954610154507169
-0.94695,0.137623860922459
-0.93712,0.179506863613074
-0.92556,0.221014255847689
-0.91231,0.262039691523398
-0.8974,0.302479257318967
-0.88086,0.342234521350796
-0.86274,0.3812000832298
-0.84306,0.419290723540977
-0.82189,0.456403617099161
-0.79926,0.492454912989805
-0.77524,0.527349567061227
-0.74988,0.561001705919163
-0.72323,0.593336017505725
-0.69537,0.624266421840031
-0.66635,0.653723533412996
-0.63625,0.681631985716984
-0.60513,0.707929291071591
-0.57306,0.732558514953643
-0.54012,0.755462223183127
-0.50639,0.776584994457983
-0.47193,0.795890170035338
-0.43683,0.813335877226024
-0.40117,0.828885402137982
-0.36502,0.842515388206212
-0.32846,0.854207287232797
-0.29157,0.863947714373818
-0.25444,0.871721167165638
-0.21713,0.877533759946756
-0.17973,0.881387386168164
-0.14231,0.883295946285951
-0.10494,0.883283280261149
-0.067712,0.881364929761727
-0.030686,0.87757353908732
0.0060641,0.871944890084043
0.042468,0.864519464810765
0.078463,0.855346488886709
0.11398,0.844476558399932
0.14896,0.831967811676151
0.18334,0.8178802248264
0.21706,0.802276088592898
0.25007,0.785225454296216
0.28232,0.766802875425051
0.31376,0.747084613475834
0.34433,0.726138887241883
0.37399,0.70404035061189
0.40272,0.680881549347063
0.43044,0.65672248133596
0.45715,0.631654274510449
0.4828,0.605753511817253
0.50735,0.579090134895929
0.53078,0.55174133012601
0.55305,0.523772915620154
0.57415,0.495261584489107
0.59404,0.466268146281321
0.61272,0.436868120207126
0.63014,0.407109422072052
0.64631,0.377060310905523
0.6612,0.346773530962644
0.67481,0.316309580840844
0.68712,0.285718273752343
0.69812,0.255046332843819
0.70782,0.224350983176169
0.71621,0.19368105700474
0.72328,0.163076772300149
0.72905,0.132591960102262
0.73351,0.102267258224004
0.73669,0.0721606274198709
0.73858,0.0423123331535213
0.7392,0.0127689530077334
0.73858,-0.0164122286577607
0.73672,-0.0451895286982405
0.73365,-0.0735132921184295
0.72939,-0.101336685289352
0.72396,-0.128616920905679
0.7174,-0.155301347557228
0.70974,-0.181338673558947
0.70099,-0.206695373665292
0.69121,-0.231316687407698
0.68043,-0.255154893691067
0.66867,-0.278177119597697
0.65599,-0.300334278795733
0.64241,-0.32159561910775
0.62799,-0.341916917207677
0.61276,-0.36126696205558
0.59676,-0.379618972969708
0.58005,-0.396936169529334
0.56267,-0.413189967540709
0.54466,-0.428359631232093
0.52607,-0.442424391795865
0.50694,-0.4553718772985
0.48733,-0.467182485493246
0.46729,-0.477839142985644
0.44686,-0.487335086429884
0.42609,-0.495665065833408
0.40503,-0.502825596139554
0.38373,-0.508815091540845
0.36224,-0.513633902335599
0.34061,-0.517284272491982
0.31888,-0.519777632506407
0.29711,-0.521118030995813
0.27534,-0.521318530872501
0.25361,-0.520399376389643
0.23198,-0.518371518059781
0.21048,-0.515260526088947
0.18917,-0.511081083168758
0.16807,-0.505868458317958
0.14724,-0.499644148513185
0.12672,-0.492432891449373
0.10654,-0.484268865204508
0.086732,-0.475191549851995
0.067344,-0.465231877266813
0.048403,-0.454428622007122
0.029945,-0.442819192656843
0.012001,-0.430442576555133
-0.005403,-0.417341646506739
-0.022235,-0.403556760612082
-0.038474,-0.389133217939223
-0.054091,-0.374113063420444
-0.069066,-0.358541117403617
-0.083379,-0.342463084508724
-0.097011,-0.325924726777553
-0.10994,-0.30896821559021
-0.12217,-0.291650714928447
-0.13367,-0.274013840787099
-0.14443,-0.256100843651188
-0.15446,-0.237969654394618
-0.16374,-0.219666032995265
-0.17227,-0.201239204679528
-0.18006,-0.182746957823241
-0.1871,-0.164237334057064
-0.1934,-0.145763689923112
-0.19897,-0.127381890755941
-0.20382,-0.109147975660892
-0.20795,-0.0911088588322029
-0.21139,-0.0733246389713085
-0.21415,-0.0558492506899382
-0.21625,-0.0387372090892814
-0.21771,-0.0220416186290766
-0.21855,-0.0058125936399895
-0.21881,0.00988915333130629
-0.21849,0.0250260179773043
-0.21764,0.0395435212982574
-0.21629,0.0533902974226014
-0.21445,0.0665341222711242
-0.21217,0.0789299752351185
-0.20948,0.0905390033346677
-0.20641,0.101328846895863
-0.203,0.111266340529508
-0.19928,0.120326438840032
-0.19528,0.128491799612748
-0.19105,0.135737448768587
-0.18662,0.142048184516189
-0.18202,0.147417546153119
-0.1773,0.151831954009213
-0.17248,0.155295070719166
-0.1676,0.157809992092894
-0.16269,0.159387078684655
-0.15779,0.160035259002228
-0.15293,0.15976982044848
-0.14814,0.158611099271171
-0.14344,0.156590665845109
-0.13887,0.153733802102631
-0.13445,0.150075089125105
-0.13021,0.145648504241914
-0.12616,0.140501612543688
-0.12233,0.134677035815903
-0.11873,0.128227192527522
-0.11538,0.121203696300267
-0.11229,0.113663587356307
-0.10948,0.10565938071212
-0.10695,0.097253310894381
-0.10472,0.0884989388479056
-0.10278,0.0794634964219324
-0.10114,0.0702085273565416
-0.099804,0.0607936273421633
-0.098764,0.0512839073508814
-0.098026,0.0417366056290175
-0.09758,0.0322126578393333
-0.097423,0.0227688862811887
-0.097551,0.0134577027860553
-0.09795,0.00433361488562752
-0.098617,-0.00455713517096962
-0.099538,-0.0131684533871704
-0.1007,-0.0214567375215633
-0.1021,-0.029389367712167
-0.10372,-0.0369327861768515
-0.10554,-0.044052530243598
-0.10756,-0.0507295500984424
-0.10976,-0.056943379768741
-0.11212,-0.062673396148263
-0.11464,-0.0679146163170404
-0.11729,-0.0726530358549749
-0.12006,-0.0768829486421994
-0.12294,-0.0806058795867947
-0.12591,-0.0838221279840657
-0.12896,-0.0865387536719224
-0.13208,-0.0887684206075899
-0.13525,-0.090520901583771
-0.13847,-0.0918184674061784
-0.1417,-0.09266356084483
-0.14495,-0.0930797880687035
-0.1482,-0.0930852160926246
-0.15145,-0.0927079583633601
-0.15466,-0.0919540669302976
-0.15785,-0.0908561547207623
-0.16099,-0.0894305184707036
-0.16407,-0.0876947550682993
-0.16709,-0.0856745002369552
-0.17003,-0.0833864489851985
-0.17288,-0.0808470681887285
-0.17565,-0.0780870022992185
-0.1783,-0.0751105325792575
-0.18085,-0.0719449203676042
-0.18327,-0.0685982103001458
-0.18557,-0.065092276320643
-0.18775,-0.0614521081875312
-0.18978,-0.0576822991448699
-0.19167,-0.0538003750891416
-0.19343,-0.0498337342360677
-0.19504,-0.0457947424896164
-0.1965,-0.0416980149118089
-0.19781,-0.0375594805632995
-0.19899,-0.0334103907395956
-0.20002,-0.0292638371445658
-0.20091,-0.0251399961460471
-0.20167,-0.0210640924029064
-0.2023,-0.0170572325939691
-0.2028,-0.013136510651997
-0.20319,-0.00932997935680305
-0.20346,-0.00565144989138133
-0.20363,-0.00212491849026958
-0.20371,0.00122559917755332
-0.20369,0.0043916602745427
-0.2036,0.00734819369076853
-0.20343,0.0100871469100002
-0.20319,0.0125997901029226
-0.2029,0.0148698719107613
-0.20256,0.0168904764397645
-0.20217,0.0186625768053259
-0.20175,0.0201788753826684
-0.20129,0.0214479654466767
-0.2008,0.022476407868127
-0.20029,0.0232691222430771
-0.19976,0.0238371221709022
-0.1992,0.0242035827182157
-0.19862,0.0243862195145479
-0.19802,0.0244053957329889
-0.1974,0.0242831665329939
-0.19674,0.0240572420574813
-0.19605,0.0237548406238636
-0.19532,0.0234088409803701
-0.19454,0.0230558332964258
-0.19369,0.0227418312416405
-0.19278,0.0224970236173995
-0.19178,0.0223675755250884
-0.19069,0.022389047317164
-0.18948,0.0226096022808516
-0.18815,0.023063983463562
-0.18667,0.0237972403623156
-0.18503,0.0248465815291856
-0.18321,0.0262491207734183
-0.18119,0.0280407047921524
-0.17895,0.030254986369739
-0.17647,0.0329227198493972
-0.17373,0.0360712554668735
-0.1707,0.039731607434864
-0.16736,0.0439292597780357
-0.16369,0.0486842892570052
-0.15967,0.0540115956409808
-0.15527,0.0599286159739987
-0.15047,0.0664466895998597
-0.14525,0.0735716569390165
-0.13959,0.0813044866908501
-0.13347,0.0896419150554581
-0.12686,0.0985844806604802
-0.11975,0.108120731407919
-0.11213,0.11822960931686
-0.10397,0.128897426198816
-0.095272,0.140092920262092
-0.086006,0.151794966332804
-0.076173,0.163968077382752
-0.065763,0.176574122035482
-0.054768,0.189572245384734
-0.043187,0.202915210217959
-0.031019,0.216551821405021
-0.018267,0.230426055760951
-0.004932,0.244480958676161
0.0089747,0.258652748282214
0.023445,0.27287626095982
0.038466,0.287083495934991
0.054017,0.301200334912009
0.070086,0.315156297069569
0.086646,0.328874818167466
0.10367,0.342276704558529
0.12114,0.355289677426461
0.13902,0.367835957440867
0.15728,0.379840186142044
0.17588,0.3912239435115
0.1948,0.401923630442199
0.21398,0.411860152995499
0.23339,0.42096668406968
0.25299,0.429181158406417
0.27274,0.436447526054154
0.29259,0.442709226940046
0.3125,0.447918746697669
0.33242,0.452030299825302
0.3523,0.455001287745969
0.37211,0.456808184857343
0.39179,0.457421870801766
0.41129,0.456817466350767
0.43057,0.454982131921745
0.44958,0.451906238574523
0.46827,0.447583546807088
0.4866,0.442018634159266
0.50453,0.435225183956938
0.52201,0.427216948292052
0.53899,0.418007820382663
0.55543,0.407619244134978
0.57129,0.396078560294394
0.58654,0.38342488594647
0.60112,0.369683925893788
0.615,0.354892346458514
0.62815,0.339094906619678
0.64052,0.322327110955586
0.65209,0.304638404448737
0.66282,0.286073486655464
0.67267,0.266672127327038
0.68163,0.246491291352799
0.68965,0.225570721799469
0.69671,0.203957380706852
0.70279,0.181702735822982
0.70786,0.158853037513952
0.7119,0.135456377713742
0.71489,0.111560905868512
0.7168,0.0872059669969447
0.71762,0.0624373480648472
0.71734,0.0373045900281428
0.71593,0.0118439175421297
0.71338,-0.0139056148900794
0.70969,-0.0398965941913009
0.70484,-0.0660912016888404
0.69881,-0.0924606590207553
0.69162,-0.1189549776584
0.68324,-0.145545690581558
0.67367,-0.172200576651275
0.66292,-0.198878189296011
0.65097,-0.22555326522102
0.63784,-0.252185016862052
0.62352,-0.278743752693175
0.60802,-0.305195063581048
0.59135,-0.331501995097063
0.57352,-0.357626859642985
0.55455,-0.383525319004841
0.53444,-0.409163977977247
0.51322,-0.434497307742735
0.49091,-0.459478946871417
0.46753,-0.484063434293073
0.44311,-0.508200195531614
0.41768,-0.531836230304372
0.39128,-0.554910950288538
0.36394,-0.577367015711157
0.3357,-0.599144207739403
0.30659,-0.620189375588713
0.27667,-0.640434701301577
0.24599,-0.659810152581153
0.21458,-0.678260984938945
0.1825,-0.695724499579447
0.14982,-0.712126322091124
0.11657,-0.727414691853792
0.082827,-0.741523189552101
0.048644,-0.754393603414531
0.014087,-0.765966786615885
-0.020784,-0.776189379705504
-0.055901,-0.785008733391847
-0.091198,-0.792376201325292
-0.12661,-0.79824895503406
-0.16206,-0.802581683548397
-0.19748,-0.805335495960209
-0.2328,-0.80647679148981
-0.26796,-0.805985087873531
-0.30287,-0.803829400669213
-0.33747,-0.799993836862969
-0.37168,-0.794460835136687
-0.40543,-0.787219875844661
-0.43866,-0.7782743004555
-0.47129,-0.767624244974765
-0.50324,-0.755267729776906
-0.53446,-0.741223748173207
-0.56488,-0.725513332852741
-0.59442,-0.708151610574388
-0.62302,-0.689163694893625
-0.65063,-0.668589808273241
-0.67718,-0.64646680439587
-0.70261,-0.622835509370432
-0.72688,-0.597753888227963
-0.74992,-0.571270195947151
-0.7717,-0.543453317055237
-0.79214,-0.514350070157725
-0.81123,-0.484040072793443
-0.82891,-0.452590317131618
-0.84514,-0.420070616382755
-0.85989,-0.386558528435271
-0.87313,-0.352135687838905
-0.88483,-0.316884701919127
-0.89495,-0.280879177926349
-0.90348,-0.24420545266583
-0.9104,-0.20695015454665
-0.9157,-0.169204930521806
-0.91936,-0.131055292270664
-0.92137,-0.0925865338176859
-0.92173,-0.0538884665044903
-0.92045,-0.0150590901618927
-0.91752,0.0238148770572979
-0.91295,0.062643852887443
-0.90676,0.101331493139158
-0.89897,0.139779141193105
-0.88959,0.177896896427596
-0.87865,0.215590153215804
-0.86617,0.252771089656692
-0.8522,0.289338186922263
-0.83676,0.32520447121394
-0.81989,0.36028294241803
-0.80164,0.394482250506425
-0.78205,0.427718125816489
-0.76117,0.45990763077476
-0.73905,0.490971903344635
-0.71576,0.520823476513153
-0.69133,0.549400663640841
-0.66583,0.576635450199084
-0.63933,0.602457366432499
-0.61188,0.626811452252741
-0.58355,0.64964275132535
-0.55439,0.670913396484452
-0.52448,0.690578946755711
-0.49387,0.708613845723089
-0.46264,0.724987053655247
-0.43086,0.739672108443658
-0.39858,0.75266248248984
-0.36588,0.763946443354728
-0.33282,0.7735238748205
-0.29947,0.781397305877821
-0.2659,0.78757197083729
-0.23218,0.792055743651241
-0.19836,0.794873769720843
-0.16452,0.79604279466777
-0.13072,0.795587625326848
-0.097018,0.793540827055058
-0.063486,0.789930404390068
-0.030182,0.784790650228655
0.0028335,0.778158477196227
0.035503,0.77007441992559
0.067767,0.760579607682272
0.099569,0.749716963227382
0.13085,0.737528011009774
0.16157,0.724066203084978
0.19165,0.70936441459919
0.22107,0.69348171899005
0.24976,0.676459759362192
0.27768,0.658347173154157
0.30478,0.639189472229222
0.33102,0.619035733040556
0.35636,0.597936473209998
0.38076,0.575941878630331
0.40418,0.553100356316189
0.42658,0.529457386806601
0.44794,0.505069445159093
0.46822,0.479985336307812
0.4874,0.45426091582838
0.50545,0.427948562646488
0.52235,0.40110355906317
0.53808,0.373781742624012
0.55263,0.346044980773233
0.56597,0.317943221478276
0.5781,0.289537294391123
0.58902,0.260894805611641
0.5987,0.232064454811775
0.60716,0.203114969979037
0.61439,0.174106788167171
0.62039,0.145099019805405
0.62516,0.116147677159188
0.62873,0.0873265053212863
0.63109,0.0586915348445909
0.63227,0.0303121250095692
0.63227,0.00224384873787011
0.63112,-0.0254486390235866
0.62885,-0.0526956025451016
0.62546,-0.0794477758740561
0.621,-0.105637275127984
0.61548,-0.131213149097528
0.60894,-0.156117825283193
0.60142,-0.180290492528057
0.59295,-0.203677303860695
0.58356,-0.226232032022093
0.5733,-0.247901615887616
0.5622,-0.268644270029422
0.55032,-0.288406804040551
0.53768,-0.30715840808572
0.52433,-0.32486553277774
0.51033,-0.341486501373915
0.4957,-0.357004340398238
0.48051,-0.371386030349001
0.46481,-0.384601833955196
0.44862,-0.396648166138092
0.43201,-0.407506179372829
0.41503,-0.417160529071876
0.39771,-0.425614378548171
0.38011,-0.432864021632283
0.36227,-0.438915563700539
0.34425,-0.443768495561205
0.32609,-0.44743218081066
0.30783,-0.44992407033699
0.28952,-0.451260636006439
0.27119,-0.451472247329609
0.25291,-0.450570391072556
0.2347,-0.448588265416637
0.2166,-0.445561133496164
0.19866,-0.441517806573649
0.18091,-0.436496092638128
0.16338,-0.430540189898215
0.14611,-0.423690995849829
0.12913,-0.4159931363738
0.11248,-0.407485703420047
0.096164,-0.398228923561305
0.080226,-0.388268868779224
0.064684,-0.37765816048197
0.04956,-0.366450259313107
0.034873,-0.354699990894041
0.020641,-0.342462423996329
0.0068804,-0.329792373629553
-0.0063958,-0.316745309195074
-0.019177,-0.303377303124845
-0.031452,-0.289742729826285
-0.043211,-0.275893908866813
-0.054453,-0.261886320767352
-0.065171,-0.247771764174214
-0.075361,-0.233599573325741
-0.085027,-0.219421342565854
-0.094167,-0.205284308021118
-0.10279,-0.191238687554158
-0.11088,-0.177316879075728
-0.11848,-0.163579273627275
-0.12557,-0.150060223495151
-0.13217,-0.136801340924293
-0.13829,-0.123841154108831
-0.14394,-0.111214249355446
-0.14915,-0.0989654739884265
-0.15393,-0.0871315396918155
-0.15829,-0.0757411963940698
-0.16226,-0.0648303643820661
-0.16586,-0.0544319636408775
-0.16911,-0.0445751975798009
-0.17203,-0.0352850719441001
-0.17466,-0.0265969139466468
-0.17701,-0.0185308371366072
-0.1791,-0.0111011396581363
-0.18098,-0.00433882489259008
-0.18266,0.00174243255587227
-0.18416,0.0071362821714914
-0.18552,0.0118280470421152
-0.18676,0.0158118894863827
-0.1879,0.0190896097672484
-0.18896,0.0216694722502257
-0.18996,0.0235650764322296
-0.19094,0.0247794911248435
-0.19189,0.0253444842446619
-0.19285,0.0252774184049237
-0.19382,0.0246134227411974
-0.19483,0.0233790545514843
-0.19587,0.0216230380888012
-0.19697,0.0193812648137446
-0.19812,0.0167080511986351
-0.19933,0.0136564408617278
-0.20061,0.0102771184099739
-0.20195,0.00663234202260853
-0.20336,0.00277725120861834
-0.20482,-0.00121807170292327
-0.20635,-0.00530302103473492
-0.20791,-0.00939978354584857
-0.20952,-0.0134552054405205
-0.21115,-0.0174006368341923
-0.2128,-0.02117917794021
-0.21445,-0.02473038279482
-0.21608,-0.0279928463364138
-0.21767,-0.0309063356393318
-0.21921,-0.0334208998225935
-0.22068,-0.0354891828442545
-0.22206,-0.0370675784612239
-0.22332,-0.038109678413769
-0.22445,-0.0385832609159458
-0.22542,-0.0384540416220258
-0.22621,-0.0376948240440867
-0.2268,-0.0362852930782162
-0.22717,-0.0342116704671172
-0.22729,-0.031458863741218
-0.22714,-0.0280189491570513
-0.2267,-0.0238904120308766
-0.22596,-0.0190847534018927
-0.22488,-0.0136018746277831
-0.22346,-0.00746228224998694
-0.22167,-0.000680712607902263
-0.21949,0.00672541920364792
-0.21691,0.014729314671362
-0.21392,0.0232970516969221
-0.2105,0.0323970151290767
-0.20665,0.0419852855460693
-0.20234,0.0520311995117112
-0.19757,0.0624932721559878
-0.19234,0.0733222953054846
-0.18664,0.0844714564516508
-0.18047,0.0958896774093181
-0.17382,0.107531187733381
-0.1667,0.119340951434569
-0.15911,0.131265381092483
-0.15105,0.143253570924251
-0.14253,0.15525086105591
-0.13356,0.16720117270992
-0.12415,0.179048953408242
-0.11431,0.190740760302784
-0.10405,0.202226511241015
-0.093396,0.21344859719427
-0.082361,0.224354768930808
-0.070968,0.234891393379145
-0.059234,0.245009910564893
-0.047188,0.254658611469587
-0.034853,0.263789420597293
-0.022258,0.272354405767401
-0.0094312,0.280308003679334
0.0035961,0.287605877838257
0.01679,0.294204344484454
0.030119,0.300063597374823
0.043544,0.305142815879566
0.057034,0.309407864136249
0.070545,0.312821719832494
0.084044,0.315354585524776
0.09749,0.316977797339729
0.11084,0.31766332165677
0.12406,0.317391462504926
0.13711,0.31614576003459
0.14995,0.313913226178218
0.16253,0.310677033816515
0.17482,0.306432895752064
0.18679,0.301187140104736
0.19838,0.294932683911766
0.20958,0.28768915918909
0.22033,0.279460581072214
0.23062,0.270275573656833
0.2404,0.260152561492561
0.24964,0.24911632728591
0.25833,0.23721115872273
0.26641,0.224459141235559
0.27389,0.210915832217669
0.28071,0.196610685709306
0.28688,0.181603223385108
0.29237,0.165946134970624
0.29716,0.149692664328623
0.30123,0.132895101585406
0.30458,0.115618346483164
0.30719,0.0979208964487306
0.30906,0.0798692367515924
0.31018,0.0615270043116399
0.31054,0.0429536862533195
0.31017,0.0242332280071554
0.30904,0.00542247006370231
0.30716,-0.0134157906156125
0.30455,-0.0322085363230827
0.30122,-0.0508841629114866
0.29717,-0.0693818477680283
0.29242,-0.0876366687195287
0.28698,-0.10558993093949
0.28088,-0.123175158265874
0.27413,-0.14033660486758
0.26675,-0.157021728043495
0.25877,-0.173175056863417
0.25021,-0.188748125410308
0.2411,-0.203692512979248
0.23146,-0.217969033876645
0.22132,-0.231540118103515
0.21071,-0.24437102546917
0.19966,-0.256430744871394
0.18819,-0.267700014520639
0.17634,-0.278155288042217
0.16414,-0.287778095694252
0.15162,-0.296555043375174
0.13881,-0.304477667149001
0.12574,-0.311542171787811
0.11245,-0.317741681359048
0.098955,-0.323085935946918
0.085294,-0.327580476150991
0.071496,-0.331235096498775
0.057589,-0.33406385959215
0.043607,-0.336079791921949
0.029572,-0.337303918599875
0.015515,-0.337756777971377
0.0014636,-0.337460736787589
-0.012556,-0.336440296910869
-0.02652,-0.334722997428162
-0.040403,-0.332337075841345
-0.054179,-0.329310274418849
-0.067829,-0.325674482027925
-0.081327,-0.321458986059437
-0.094654,-0.316695427945593
-0.10779,-0.311415792658896
-0.12071,-0.3056477960328
-0.13341,-0.299430483738314
-0.14585,-0.2927843316187
-0.15804,-0.285751211654923
-0.16994,-0.278352070112486
-0.18155,-0.270619906259653
-0.19285,-0.262581643823315
-0.20383,-0.254265856112346
-0.21447,-0.245694140717123
-0.22477,-0.236896525277732
-0.23471,-0.227894074034275
-0.24429,-0.218714678530885
-0.25349,-0.209376014410983
-0.2623,-0.199894249281537
-0.27073,-0.190298491324369
-0.27876,-0.180605124966686
-0.28638,-0.170827034020465
-0.29359,-0.16098111674292
-0.30039,-0.151086849048723
-0.30677,-0.141157669405872
-0.31273,-0.131208982717953
-0.31826,-0.121249767379447
-0.32337,-0.111298168995603
-0.32804,-0.101356854960891
-0.33229,-0.0914453276806104
-0.3361,-0.0815663690681435
-0.33948,-0.0717312063475594
-0.34243,-0.0619499946973624
-0.34495,-0.0522315814098064
-0.34702,-0.0425685563878438
-0.34867,-0.0329773983597758
-0.34988,-0.0234562673038151
-0.35066,-0.0140106389977351
-0.35101,-0.00464419336791235
-0.35093,0.00464107521200868
-0.35041,0.0138521189808841
-0.34947,0.0229808671998667
-0.34809,0.0320370566510618
-0.34628,0.0410224520759546
-0.34404,0.0499398534140847
-0.34138,0.0587855190880215
-0.33828,0.0675728055691895
-0.33476,0.0762990022877703
-0.3308,0.0849781785060054
-0.32642,0.0936080428230351
-0.32161,0.102195419654577
-0.31637,0.11074695178788
-0.3107,0.119269006453595
-0.3046,0.127767597837713
-0.29806,0.136255723667787
-0.2911,0.144729505645109
-0.2837,0.153201156798996
-0.27587,0.161673358568022
-0.2676,0.170155836167452
-0.25889,0.178656340557325
-0.24975,0.187173425907557
-0.24017,0.195713043909268
-0.23016,0.20427213937862
-0.21971,0.21285524596228
-0.20882,0.221465477879188
-0.19751,0.230089909339861
-0.18576,0.23873257535993
-0.17359,0.247381466824086
-0.161,0.25602672503052
-0.148,0.264653059654372
-0.13458,0.273255977878845
-0.12077,0.281810218241329
-0.10656,0.290304019568825
-0.091965,0.298718325810337
-0.077001,0.30702797927396
-0.061673,0.315211720474527
-0.046001,0.323240930471934
-0.029993,0.331090731414062
-0.013672,0.33872888010601
0.0029483,0.346124993958937
0.019847,0.353245749247868
0.037004,0.36005702107279
0.054394,0.366521205881316
0.071998,0.372603675238992
0.089788,0.378266602165406
0.10774,0.383473700130651
0.12582,0.38818366247117
0.144,0.392356852293104
0.16225,0.39595474953131
0.18054,0.398940973995696
0.19884,0.401282071036975
0.21711,0.402940686020353
0.23531,0.40387756700417
0.25341,0.40406063142951
0.27137,0.403457309343423
0.28916,0.402043189090282
0.30672,0.399779194128956
0.32403,0.396645340278965
0.34103,0.392608284344543
0.35769,0.387647291882515
0.37397,0.381745256423765
0.38982,0.37488137219743
0.4052,0.367040108505405
0.42007,0.358210904942917
0.43439,0.348387795250224
0.4481,0.337554182715583
0.46119,0.32572260528949
0.4736,0.312892067193696
0.48529,0.299065758565151
0.49624,0.284265205388139
0.5064,0.268504210382702
0.51574,0.251805008276671
0.52422,0.23418885091921
0.53183,0.215698009055311
0.53852,0.196361166813569
0.54428,0.176225020133725
0.54908,0.155334868478696
0.55289,0.133733770162688
0.55571,0.111484069681013
0.5575,0.0886324455798821
0.55827,0.0652486737433573
0.55798,0.0413822717673391
0.55664,0.0171020031220268
0.55424,-0.00752459114808862
0.55078,-0.0324254965649348
0.54625,-0.0575345832995699
0.54066,-0.0827776530510666
0.53402,-0.108076227099284
0.52633,-0.133358136625632
0.51761,-0.158543744107013
0.50787,-0.183557253041036
0.49713,-0.208320962249573
0.48541,-0.232758112473695
0.47274,-0.256787786952739
0.45915,-0.280328329438273
0.44467,-0.303300142572768
0.42933,-0.325627918415571
0.41316,-0.347242353987939
0.39621,-0.368066608854525
0.37852,-0.388027786060989
0.36012,-0.407066098940865
0.34107,-0.4251123559677
0.32141,-0.44210704561711
0.30119,-0.457993284658402
0.28044,-0.472733268218459
0.25924,-0.48626926527736
0.23762,-0.498566648681537
0.21563,-0.509596200549512
0.19333,-0.519327107424735
0.17077,-0.527736127386456
0.14801,-0.534799970034806
0.12508,-0.540518725100545
0.10205,-0.544882351800289
0.078966,-0.547891239025306
0.055875,-0.549553981559666
0.032826,-0.549884610548738
0.0098727,-0.548898188919212
-0.012943,-0.54661939895553
-0.035571,-0.543074384481266
-0.057966,-0.538293713073325
-0.080089,-0.532315716074123
-0.10189,-0.525176143225633
-0.12333,-0.516916117118382
-0.14438,-0.507587622865899
-0.16499,-0.497234684578911
-0.18513,-0.485908676607061
-0.20476,-0.473658238460547
-0.22386,-0.460543366692672
-0.24239,-0.446616855397735
-0.26033,-0.431939068024288
-0.27764,-0.416560019446147
-0.29431,-0.400542144430202
-0.31031,-0.383941312664174
-0.32562,-0.366813853848613
-0.34023,-0.34922217345029
-0.35411,-0.331216905570135
-0.36726,-0.312859783298
-0.37966,-0.294204778771229
-0.39129,-0.275297871260303
-0.40215,-0.256191830942974
-0.41223,-0.236935756236964
-0.42152,-0.217574119791603
-0.43002,-0.19815349919439
-0.43773,-0.178720542583521
-0.44465,-0.159320321511003
-0.45077,-0.139987637763331
-0.4561,-0.120762460207864
-0.46065,-0.10168744016887
-0.46441,-0.0827910497170541
-0.4674,-0.0641113332982298
-0.46962,-0.0456778240323663
-0.47109,-0.0275267801662508
-0.47182,-0.00969110725791313
-0.47182,0.00780027619055916
-0.4711,0.0249228482685074
-0.46968,0.0416493008014552
-0.46758,0.0579512084643397
-0.46482,0.0738003913403659
-0.4614,0.0891847955855919
-0.45736,0.104076497646987
-0.4527,0.118465485067581
-0.44746,0.132327237874363
-0.44164,0.145656136001504
-0.43528,0.158432714847177
-0.42838,0.170656792185138
-0.42098,0.182314486005819
-0.41309,0.193403745653989
-0.40473,0.203925022365797
-0.39593,0.213873674427853
-0.3867,0.223256145928052
-0.37707,0.232073119361775
-0.36706,0.240328256797376
-0.35668,0.248035149084806
-0.34597,0.255193060539023
-0.33493,0.26181950151742
-0.3236,0.267916821615192
-0.31198,0.273504830135865
-0.3001,0.278594844943835
-0.28799,0.283191166245278
-0.27565,0.287314609529109
-0.26312,0.290969261511947
-0.2504,0.294175273295669
-0.23753,0.296935688851208
-0.22452,0.299261910539875
-0.21138,0.301171806209216
-0.19815,0.3026658232019
-0.18484,0.303752545624351
-0.17146,0.304446885440236
-0.15804,0.304753670156544
-0.1446,0.304676851653748
-0.13116,0.30421954303819
-0.11772,0.303398863814898
-0.10432,0.302213167887931
-0.090964,0.300672317945054
-0.077673,0.298782582651462
-0.06446,0.296553050772691
-0.051345,0.293989629144865
-0.038342,0.291099899122653
-0.025467,0.287891067303264
-0.012731,0.284373500299165
-0.00015376,0.280553313068207
0.012256,0.276441146286238
0.024483,0.272046104164192
0.036515,0.267378007124214
0.04834,0.262447114079295
0.059945,0.257262967384893
0.071322,0.251837915220193
0.082457,0.246181739813244
0.093344,0.240307745766277
0.10397,0.234226478405634
0.11433,0.227951823522747
0.12442,0.221500657629424
0.13422,0.21487991196841
0.14373,0.208103020634835
0.15295,0.201188214906635
0.16186,0.194142233588809
0.17046,0.186977066516627
0.17875,0.179708517903794
0.18672,0.172347557176163
0.19437,0.164908261229725
0.20168,0.157391940315194
0.20867,0.149819047985263
0.21531,0.142187841623788
0.2216,0.13450080296617
0.22755,0.126771027614351
0.23315,0.119004926915706
0.23839,0.111203251989499
0.24327,0.103369455955291
0.24779,0.0955089726348541
0.25195,0.0876285928380714
0.25574,0.0797285339741114
0.25917,0.0718184079596826
0.26222,0.0638928700695198
0.2649,0.05595675678937
0.26721,0.0480155029821364
0.26915,0.0400748103784161
0.27072,0.0321403751983922
0.2719,0.0242028734642523
0.27271,0.0162706215411787
0.27315,0.00835107758247623
0.2732,0.000435962788489912
0.27288,-0.00746595384475832
0.27217,-0.0153620376364233
0.27108,-0.0232503371748222
0.26961,-0.0311288947522467
0.26775,-0.039003242124741
0.26551,-0.0468700599812004
0.26287,-0.0547412145712122
0.25985,-0.0626109612076131
0.25643,-0.0704891295117789
0.25263,-0.0783682899258916
0.24842,-0.0862643014441352
0.24383,-0.0941670287501856
0.23884,-0.102082645275147
0.23346,-0.11000812986279
0.22768,-0.117947934792655
0.2215,-0.125905035839412
0.21494,-0.133866357634358
0.20797,-0.141843207662369
0.20063,-0.149814483697597
0.19289,-0.157785283379464
0.18477,-0.165744711745213
0.17627,-0.173684070514377
0.1674,-0.18158926734348
0.15816,-0.189449635796027
0.14856,-0.197250169984675
0.13861,-0.204972780985747
0.12832,-0.212597393474771
0.1177,-0.220102889365599
0.10677,-0.227460508334526
0.095529,-0.234651665398846
0.084008,-0.241642863424621
0.072215,-0.248406548681498
0.060174,-0.254908931568095
0.047898,-0.261120319085686
0.035416,-0.267003381373137
0.022742,-0.272526835703214
0.0099061,-0.277653332491716
-0.003071,-0.282348724980761
-0.016163,-0.286578377583402
-0.029342,-0.290307177831837
-0.042582,-0.293502160027068
-0.055853,-0.296130214020717
-0.069126,-0.29815995240727
-0.082372,-0.299562441923191
-0.095559,-0.300309520664366
-0.10866,-0.300378346902165
-0.12164,-0.299745319326194
-0.13447,-0.298391554615849
-0.14711,-0.29629460653973
-0.15954,-0.293444811911937
-0.17171,-0.289821152929752
-0.18361,-0.285423866421544
-0.1952,-0.280248401914785
-0.20644,-0.274286738473809
-0.2173,-0.267535911152569
-0.22776,-0.260004743808641
-0.23777,-0.251689378826782
-0.24732,-0.242605639027167
-0.25636,-0.232755417029999
-0.26488,-0.22215910094227
-0.27283,-0.210822041238861
-0.28019,-0.198759666361734
-0.28693,-0.185987858354877
-0.29303,-0.172529965390954
-0.29846,-0.158407451320448
-0.30319,-0.143639782842384
-0.3072,-0.128251761983054
-0.31046,-0.112264486506947
-0.31296,-0.095710331171549
-0.31467,-0.0786151295745132
-0.31557,-0.0610061505225973
-0.31565,-0.0429184676223785
-0.3149,-0.0243924832348192
-0.31328,-0.00544958683889085
-0.31081,0.0138604333698752
-0.30745,0.0335106812815264
-0.3032,0.0534639573790756
-0.29807,0.0736684801842819
-0.29203,0.0940918022632848
-0.2851,0.114681104315118
-0.27726,0.135398306120993
-0.26853,0.156188829721118
-0.25891,0.177001244960048
-0.24839,0.197795643493097
-0.23701,0.218505738580961
-0.22475,0.239090370611267
-0.21165,0.259485634574295
-0.19772,0.279633469152017
-0.18298,0.299474974650661
-0.16745,0.318952471826305
-0.15116,0.338003752950291
-0.13415,0.35655757958128
-0.11643,0.37455988819653
-0.098061,0.391934582071325
-0.079066,0.408618342080699
-0.059491,0.424543252233777
-0.039379,0.439642169849562
-0.01878,0.453845652036341
0.002259,0.467086950868353
0.023685,0.479299330182213
0.04544,0.490414658139713
0.067471,0.500369718359664
0.08972,0.509103788593225
0.11212,0.516553679025961
0.13461,0.522660898052741
0.15713,0.527373616974316
0.17961,0.530639955218849
0.20198,0.532409967765674
0.22417,0.532637194627014
0.24612,0.531287216858566
0.26775,0.528322053153751
0.28899,0.52370985565848
0.30978,0.51743255529778
0.33003,0.509462074378425
0.3497,0.499800566486537
0.36869,0.488430693389967
0.38694,0.475349989069843
0.4044,0.460575954853207
0.421,0.444127449776809
0.43667,0.426024415338468
0.45135,0.406294975688932
0.465,0.384988308451223
0.47756,0.362154857320061
0.48898,0.337852493685071
0.49922,0.312151235310189
0.50823,0.285121890709553
0.51598,0.256849017056495
0.52244,0.227426158790682
0.52758,0.196951720353306
0.53137,0.16552544627486
0.5338,0.133260272658732
0.53486,0.100276683072236
0.53454,0.0666979009127486
0.53282,0.0326384720649918
0.52972,-0.00176780772766538
0.52524,-0.0363903208926843
0.51938,-0.071104893799245
0.51216,-0.105781544090506
0.50361,-0.140282210118629
0.49373,-0.174488769028594
0.48256,-0.208273393985644
0.47014,-0.241504549147249
0.45648,-0.274074146513971
0.44164,-0.305859710000682
0.42565,-0.336753459052162
0.40855,-0.366655814499244
0.3904,-0.395462589149844
0.37123,-0.423091781522675
0.35112,-0.449445443400307
0.33011,-0.474445929506015
0.30825,-0.498027613529878
0.28561,-0.520122514876852
0.26225,-0.540670950734398
0.23823,-0.559622495172895
0.21361,-0.576936501346105
0.18845,-0.592582252530397
0.16283,-0.606524007723615
0.1368,-0.618746024170471
0.11043,-0.629235196030487
0.083795,-0.637978052660111
0.056949,-0.644977532225109
0.029962,-0.650238671549397
0.0028948,-0.653775614353987
-0.024183,-0.655603660396992
-0.051214,-0.655748308419259
-0.078136,-0.654239656422862
-0.10488,-0.651106237471335
-0.1314,-0.646392075942183
-0.15763,-0.640138179281876
-0.18351,-0.632386873411072
-0.20899,-0.623188161072891
-0.23402,-0.61259720164734
-0.25855,-0.600672097115006
-0.28252,-0.587464579438767
-0.30589,-0.573034800298133
-0.32862,-0.557448192976479
-0.35067,-0.540772764848022
-0.37199,-0.523069402767932
-0.39255,-0.504406379679511
-0.4123,-0.484841223884584
-0.43122,-0.46444332248515
-0.44928,-0.443282212531989
-0.46644,-0.421418107260132
-0.48269,-0.398924045989322
-0.49799,-0.375859006194648
-0.51232,-0.352283544002846
-0.52566,-0.328257533900568
-0.53799,-0.303838344056917
-0.5493,-0.279086806718601
-0.55957,-0.254057131234486
-0.5688,-0.228811118055433
-0.57696,-0.203392421655241
-0.58406,-0.177858033243833
-0.59008,-0.152251526835961
-0.59503,-0.126626216477892
-0.5989,-0.101026581621453
-0.60168,-0.0754883120933156
-0.60339,-0.0500607528282243
-0.60401,-0.024772872374036
-0.60356,0.00033446895393921
-0.60205,0.0252197954452236
-0.59947,0.0498575058223323
-0.59584,0.0742137758335369
-0.59116,0.0982643243420299
-0.58544,0.121986286908789
-0.57871,0.145344222568912
-0.57097,0.168316122232078
-0.56224,0.190877034254579
-0.55253,0.213008127414854
-0.54187,0.234681634884021
-0.53027,0.255878520669913
-0.51775,0.276580293602774
-0.50434,0.296762386975217
-0.49006,0.316403755474593
-0.47493,0.335487112534905
-0.45898,0.353991622143953
-0.44224,0.371894484117177
-0.42473,0.389179647157439
-0.40649,0.405822461708545
-0.38754,0.421807108640275
-0.36791,0.437118223511811
-0.34764,0.451734129354043
-0.32676,0.465636324616692
-0.3053,0.478809644625205
-0.28329,0.491242304125536
-0.26077,0.502918442333346
-0.23778,0.513819603969611
-0.21434,0.523940783326971
-0.1905,0.53326602491578
-0.16628,0.541793411175399
-0.14174,0.549503054079882
-0.11689,0.556398317790654
-0.091787,0.562466692168547
-0.066459,0.567704871811958
-0.040948,0.572106912676538
-0.015289,0.575670281052543
0.010478,0.578391754724053
0.036316,0.580270044887959
0.062185,0.581303411139349
0.088043,0.581488479658549
0.11386,0.580829677632831
0.13958,0.579318521348078
0.16518,0.576960882494751
0.19061,0.573754208487853
0.21584,0.569704137555774
0.24082,0.564808082427646
0.26551,0.55906438994439
0.28987,0.552472291802776
0.31386,0.545031838323614
0.33744,0.536743819697655
0.36058,0.527617076779617
0.38321,0.517637197370525
0.40532,0.506815836487899
0.42686,0.49515583261788
0.44778,0.482652905867948
0.46804,0.469304588984047
0.48761,0.455117376422913
0.50644,0.440090069947853
0.5245,0.424230135851214
0.54174,0.40753707432504
0.55812,0.390011404203249
0.57361,0.371661872375664
0.58816,0.352488864495132
0.60175,0.332508228443129
0.61433,0.311725696182331
0.62587,0.290153505135155
0.63634,0.267808824988851
0.64572,0.244719759244585
0.65397,0.220907705554914
0.66106,0.196395483182554
0.66699,0.171228624051911
0.67171,0.145432769422943
0.67522,0.119053787010209
0.6775,0.0921377871259196
0.67855,0.0647445839123238
0.67834,0.0369211838238929
0.67688,0.00873249091197882
0.67417,-0.0197514151997045
0.6702,-0.0484656899945864
0.66498,-0.0773368298852781
0.6585,-0.106301319614556
0.6508,-0.135268661455819
0.64187,-0.164166263349454
0.63174,-0.192908622997202
0.62042,-0.221417243258694
0.60792,-0.249621745118553
0.59428,-0.277438404947361
0.57952,-0.304790204639168
0.56366,-0.331608051848527
0.54673,-0.35782419688414
0.52877,-0.38336691348439
0.5098,-0.408178517658486
0.48986,-0.432199961698236
0.46898,-0.455380655883994
0.4472,-0.477671379371274
0.42456,-0.499025930355827
0.40108,-0.51941717124235
0.37683,-0.538797693588027
0.35182,-0.557149983859308
0.32612,-0.574437317001624
0.29976,-0.590638623168318
0.27278,-0.605739184267929
0.24525,-0.61970816611284
0.2172,-0.632532670388027
0.18869,-0.644192923458449
0.15977,-0.654672025562217
0.13049,-0.663956313710263
0.10092,-0.672020757947854
0.071093,-0.678859621446898
0.041077,-0.684457407947492
0.010932,-0.688797485434944
-0.01929,-0.691869041109061
-0.049532,-0.693662909558747
-0.079732,-0.694168154522828
-0.10983,-0.693374518473231
-0.13977,-0.691275842353787
-0.1695,-0.687872704977172
-0.19895,-0.683158091843418
-0.22806,-0.67712672910835
-0.25678,-0.669782543602718
-0.28504,-0.661122238965886
-0.3128,-0.651159211983553
-0.33999,-0.639898006516993
-0.36655,-0.627343518934249
-0.39243,-0.613508384190673
-0.41757,-0.598403923451617
-0.44192,-0.582047658913462
-0.46543,-0.564461797221585
-0.48804,-0.545664472339811
-0.5097,-0.525677560706864
-0.53036,-0.504525464722507
-0.54998,-0.482241446792651
-0.5685,-0.458850297857717
-0.58587,-0.434376748681614
-0.60207,-0.408867020433208
-0.61704,-0.38235385488713
-0.63075,-0.354880428046836
-0.64316,-0.32648974088734
-0.65423,-0.297223447755437
-0.66394,-0.267135713470386
-0.67225,-0.236274453193923
-0.67915,-0.204703331776385
-0.6846,-0.172474684551034
-0.68859,-0.139652333681763
-0.69111,-0.106307464615621
-0.69214,-0.072507695132267
-0.69167,-0.0383231161362122
-0.68969,-0.0038236656392167
-0.6862,0.0309156168614419
-0.68121,0.0658105124096331
-0.67472,0.100779389103337
-0.66674,0.135737857838205
-0.65727,0.170609365106495
-0.64633,0.205311373703234
-0.63394,0.239759198894023
-0.62013,0.273861779219269
-0.60492,0.307533248703652
-0.58834,0.340687366018422
-0.57042,0.373240460161303
-0.5512,0.405106365627229
-0.53072,0.436199821146651
-0.50903,0.466431806738716
-0.48616,0.495728091392841
-0.46217,0.524006841837949
-0.43711,0.551190371709311
-0.41104,0.577199718096433
-0.38401,0.601965107800341
-0.35609,0.625411977008159
-0.32733,0.647479419374095
-0.29782,0.66809032670046
-0.2676,0.687194307337802
-0.23676,0.704727627817723
-0.20536,0.720640441521276
-0.17348,0.734881384128156
-0.1412,0.747399983051696
-0.10859,0.758155958665696
-0.075726,0.767114616215154
-0.042695,0.774239277458038
-0.0095743,0.779500520640878
0.023557,0.782874914965176
0.056616,0.784342348790951
0.089523,0.783888944603788
0.1222,0.78150811341036
0.15456,0.77719327571733
0.18652,0.770941576673071
0.21802,0.762770806750181
0.24897,0.752693281351166
0.2793,0.740731874222012
0.30894,0.726917832176215
0.33782,0.711288760997966
0.36586,0.693879395657873
0.39302,0.674751169235496
0.41922,0.653956144056666
0.44441,0.63155990626532
0.46854,0.607637423308533
0.49155,0.582262016692194
0.5134,0.555518645085414
0.53405,0.527499459856925
0.55346,0.49829998211866
0.57159,0.468015870878487
0.58843,0.436762441528981
0.60393,0.404638057899509
0.61808,0.371754167656099
0.63086,0.338222126103657
0.64226,0.304157318946057
0.65226,0.269667528570747
0.66087,0.234873281787518
0.66807,0.199879491277691
0.67387,0.164797327655625
0.67828,0.129739449529695
0.68129,0.0948012893529871
0.68292,0.0600833500040218
0.68319,0.0256868228779497
0.68211,-0.00829737905573251
0.67969,-0.0417898291385241
0.67597,-0.0747010995255637
0.67096,-0.10695908716807
0.66469,-0.138493619470219
0.6572,-0.169231401146176
0.6485,-0.199121603581858
0.63864,-0.22810413722948
0.62764,-0.256136085828753
0.61554,-0.283175572958451
0.60239,-0.309176112492621
0.58821,-0.33411173336147
0.57304,-0.357959703735425
0.55694,-0.38068650053801
0.53993,-0.402281119309486
0.52207,-0.422722142500903
0.50339,-0.442003211481797
0.48395,-0.460108753362804
0.46378,-0.477039000010043
0.44294,-0.492785332331478
0.42147,-0.507347583917329
0.39942,-0.52072554315804
0.37683,-0.532926867922015
0.35377,-0.543943640376132
0.33028,-0.553778210157112
0.3064,-0.562441539785492
0.2822,-0.569929438689463
0.25771,-0.576255539862447
0.233,-0.58141822023084
0.2081,-0.585433479481951
0.18308,-0.58830178816849
0.15796,-0.59004831475818
0.13281,-0.590680726103008
0.10767,-0.59021477320258
0.082579,-0.588673225902211
0.057586,-0.586076682115318
0.03273,-0.582450984865755
0.0080553,-0.577821723330999
-0.016402,-0.572219769038497
-0.040601,-0.565675962311093
-0.064506,-0.558224202422816
-0.088085,-0.549902724940131
-0.1113,-0.540747821131049
-0.13412,-0.530798414319193
-0.15652,-0.520098915427771
-0.17847,-0.508693225260954
-0.19994,-0.496623585892454
-0.22091,-0.483937066376805
-0.24135,-0.470675849044145
-0.26125,-0.456891692741686
-0.28057,-0.442620338165147
-0.29931,-0.42791304241213
-0.31744,-0.41280980154751
-0.33495,-0.397355025012004
-0.35182,-0.381587845124568
-0.36804,-0.365549221710548
-0.3836,-0.349280211902795
-0.39849,-0.332820564223975
-0.41269,-0.316200210299025
-0.4262,-0.299454836732488
-0.439,-0.282608695720839
-0.4511,-0.265698025636059
-0.46248,-0.248745240959947
-0.47314,-0.231775467646201
-0.48308,-0.214815006134373
-0.49228,-0.197875274944191
-0.50076,-0.180984632639856
-0.5085,-0.164154427948121
-0.51551,-0.147403858338431
-0.52179,-0.13075022306703
-0.52733,-0.114201128009026
-0.53214,-0.0977706457576758
-0.53623,-0.0814773945099063
-0.5396,-0.0653354935892769
-0.54225,-0.0493547920404375
-0.5442,-0.0335559610507918
-0.54543,-0.0179380104209947
-0.54598,-0.00252663513733565
-0.54584,0.0126688532619367
-0.54502,0.027638032088822
-0.54355,0.042355295512575
-0.54141,0.0568206666784205
-0.53863,0.07101806964059
-0.53522,0.0849338831061705
-0.5312,0.098549625857044
-0.52657,0.111858373778881
-0.52136,0.12484071155222
-0.51557,0.137490046697728
-0.50922,0.149795696892722
-0.50234,0.161736757327478
-0.49492,0.173314393890631
-0.48701,0.184503339442344
-0.4786,0.195302233076685
-0.46971,0.20570700730061
-0.46038,0.21569690706733
-0.4506,0.225275410366988
-0.4404,0.234436019644673
-0.4298,0.243171928567022
-0.41881,0.251483807655925
-0.40745,0.259371091810327
-0.39574,0.266832380082545
-0.38369,0.273873165770949
-0.37132,0.280497090223264
-0.35864,0.286713726137524
-0.34568,0.292522496302178
-0.33244,0.297936942657569
-0.31895,0.302959534880116
-0.30521,0.3076060214359
-0.29125,0.311880323365266
-0.27707,0.315798971934183
-0.2627,0.31936608877851
-0.24815,0.32259051014451
-0.23343,0.325484662090709
-0.21856,0.328056161245351
-0.20354,0.33032334986832
-0.18841,0.332283152480804
-0.17315,0.333959673313346
-0.1578,0.335353903534278
-0.14237,0.336470341505491
-0.12685,0.337330949601801
-0.11128,0.337934184661189
-0.095649,0.338297276761809
-0.079986,0.338422506177543
-0.064291,0.338321442548264
-0.048582,0.337999472123757
-0.032868,0.337463456004659
-0.017157,0.336721943468845
-0.0014653,0.33577842174872
0.014198,0.334637466815037
0.029822,0.333303014307305
0.045396,0.331778463394283
0.060905,0.330063445909158
0.07634,0.328158937598288
0.091689,0.326064688863641
0.10694,0.323779408581005
0.12208,0.321300202118239
0.1371,0.318625861823888
0.15198,0.315748385386262
0.16672,0.312669248119123
0.1813,0.309382696123562
0.19572,0.305892060150162
0.20995,0.302185690707075
0.224,0.29826972555541
0.23784,0.294134875468602
0.25147,0.289781831278633
0.26488,0.28521190035762
0.27806,0.280426849324455
0.291,0.275428765487531
0.30368,0.270212538259539
0.3161,0.264782171120393
0.32825,0.259141508616313
0.34012,0.253294167425674
0.3517,0.247243483255839
0.36298,0.240992472209102
0.37395,0.234543805189673
0.38459,0.227892395803205
0.39491,0.221049209769525
0.40488,0.214008270356007
0.41449,0.206764876391866
0.42374,0.199322851180226
0.4326,0.191670587333007
0.44106,0.183799115944348
0.4491,0.17569441116707
0.45672,0.167353517932369
0.4639,0.158767692374465
0.47061,0.149916364149753
0.47684,0.140784760602281
0.48258,0.131363180302916
0.4878,0.121631500025316
0.49248,0.111569149216967
0.49662,0.101170565522758
0.50019,0.0904203020362008
0.50317,0.0793028111789418
0.50556,0.067817732030609
0.50733,0.0559548516189334
0.50848,0.043718560722842
0.50898,0.0311028092963051
0.50883,0.0181155676364378
0.50802,0.00476859311414499
0.50653,-0.00893091569017606
0.50437,-0.022957353795166
0.50152,-0.0372930599441522
0.49798,-0.0519123811361658
0.49374,-0.0667912451337526
0.48881,-0.0818926607459681
0.48318,-0.0971849664341863
0.47685,-0.112634234190832
0.46983,-0.128198231410246
0.46212,-0.143836579599678
0.45373,-0.159504124635043
0.44465,-0.175167934031759
0.43491,-0.190776330238567
0.42451,-0.206286208176797
0.41346,-0.221655266323027
0.40177,-0.236843150865919
0.38946,-0.251804951271844
0.37655,-0.26649348646632
0.36305,-0.28086861786965
0.34898,-0.294889802791346
0.33437,-0.308510119399051
0.31922,-0.321701212742777
0.30357,-0.33442116520853
0.28743,-0.346640734941371
0.27083,-0.358327199606337
0.2538,-0.369446224308231
0.23637,-0.37996340617225
0.21855,-0.389860318859308
0.20039,-0.399102661634173
0.1819,-0.407674165686821
0.16312,-0.415551679890922
0.14408,-0.422714852439524
0.12481,-0.429146455290674
0.10535,-0.434825163463096
0.085727,-0.439736843966266
0.065972,-0.443870890084939
0.04612,-0.447217171878858
0.026212,-0.449762074468507
0.0062765,-0.451499064036498
-0.013648,-0.452420369933068
-0.033528,-0.452521397551015
-0.053322,-0.451794574238708
-0.073001,-0.450239615930294
-0.092525,-0.447854221691041
-0.11186,-0.444639188027493
-0.13096,-0.440589121624587
-0.14981,-0.435716905336821
-0.16835,-0.430016724463526
-0.18657,-0.42350499973624
-0.20441,-0.416178826154024
-0.22185,-0.408049526930873
-0.23886,-0.399132333447527
-0.2554,-0.389437960911032
-0.27143,-0.378973309689457
-0.28693,-0.367756902363946
-0.30187,-0.355808829012963
-0.31621,-0.343142591246691
-0.32993,-0.329780866391578
-0.343,-0.315745772955621
-0.35539,-0.30105842207104
-0.36708,-0.285745959635716
-0.37804,-0.269832278730306
-0.38825,-0.253345394021576
-0.3977,-0.236323264227814
-0.40635,-0.218788629349734
-0.4142,-0.200780874247037
-0.42122,-0.182329488656331
-0.42741,-0.163477296630622
-0.43276,-0.1442692341283
-0.43725,-0.124743234874971
-0.44087,-0.104937829964333
-0.44362,-0.0848982356439537
-0.4455,-0.0646736794216318
-0.44651,-0.0443151281237045
-0.44664,-0.0238659942008109
-0.4459,-0.00337700426283536
-0.44429,0.0171042134456464
-0.44183,0.0375192659150487
-0.43852,0.0578177001980031
-0.43437,0.0779497055586212
-0.42941,0.0978528391326412
-0.42363,0.117486043949165
-0.41707,0.136789969291328
-0.40975,0.155707248653895
-0.40168,0.174191403345094
-0.39291,0.192176776047451
-0.38344,0.209621369778538
-0.37331,0.226474214568116
-0.36256,0.24267889641458
-0.35122,0.258183936086796
-0.33931,0.272951040027615
-0.32688,0.286931840764976
-0.31395,0.300093791755157
-0.30058,0.312388855314933
-0.2868,0.323780436549035
-0.27265,0.334235208189412
-0.25817,0.34372383943988
-0.2434,0.352221476816719
-0.22838,0.359708010627893
-0.21315,0.366168159125594
-0.19776,0.371584002430217
-0.18224,0.375951205764706
-0.16665,0.379254747207768
-0.15101,0.381501386496425
-0.13539,0.382678685682419
-0.1198,0.382803814758596
-0.1043,0.381880744558737
-0.088917,0.379927455033729
-0.073701,0.376956051136373
-0.058687,0.372984966741694
-0.043912,0.368036032802132
-0.029411,0.362134959940122
-0.015221,0.355308639777485
-0.0013731,0.347588752164743
0.012098,0.339007492209132
0.025166,0.329602958509755
0.037796,0.319410739064223
0.049965,0.308472325208013
0.061645,0.296829210038524
0.072813,0.28452549887484
0.083445,0.271605476931592
0.09352,0.258114572837862
0.10302,0.244100076495958
0.11193,0.229611642944409
0.12023,0.214695693659703
0.1279,0.199394656072769
0.13494,0.183761219836058
0.14134,0.167847356870046
0.14709,0.151702868158964
0.15217,0.135366843755709
0.15659,0.118890616212198
0.16034,0.102318949980299
0.16343,0.0857046248522698
0.16585,0.0690903819920933
0.16761,0.0525242013551901
0.1687,0.036041877692886
0.16916,0.0197050577683401
0.16897,0.00354986840198501
0.16815,-0.0123798798812571
0.16672,-0.0280357307796078
0.16469,-0.04337454452683
0.16207,-0.0583590036762985
0.1589,-0.0729356896562675
0.15518,-0.0870696015831119
0.15094,-0.100719736073551
0.14621,-0.113841756449272
0.14101,-0.12639762189684
0.13536,-0.13835579588221
0.12929,-0.149683856979128
0.12284,-0.160342561920341
0.11603,-0.170303417009283
0.10889,-0.179540374751383
0.10145,-0.188030476611837
0.093744,-0.195751325496531
0.085805,-0.202682722461878
0.077662,-0.208810138140676
0.069346,-0.21412291847647
0.060891,-0.218611988141939
0.052324,-0.222275340461865
0.043679,-0.225111909813408
0.034984,-0.227126206216809
0.02627,-0.228325229888956
0.017563,-0.228721816771494
0.008897,-0.228327545813639
0.00029412,-0.227161733184212
-0.0082161,-0.225244181761728
-0.016609,-0.222598396773352
-0.024857,-0.219248283867728
-0.032938,-0.215221662119205
-0.040827,-0.210546768224871
-0.048502,-0.205253764031686
-0.055939,-0.199372174813522
-0.063118,-0.19293325076368
-0.070021,-0.185970320381818
-0.076628,-0.178516038984255
-0.082919,-0.170601642154395
-0.08888,-0.162260793558448
-0.094494,-0.153525945636063
-0.099747,-0.144429855251008
-0.10463,-0.135008257449994
-0.10912,-0.125287872433274
-0.11321,-0.115299140153823
-0.1169,-0.105079717669809
-0.12017,-0.0946571341930111
-0.12301,-0.0840572439557769
-0.12542,-0.0733110661757532
-0.1274,-0.062452765176075
-0.12893,-0.0515031420327898
-0.13002,-0.0404936416144437
-0.13066,-0.0294484391787399
-0.13086,-0.0183997741635392
-0.1306,-0.00736311198718944
-0.12989,0.00363807309731489
-0.12874,0.0145747206540181
-0.12714,0.0254290663066471
-0.1251,0.0361783773714389
-0.12262,0.0468041642006932
-0.11971,0.0572846989855678
-0.11638,0.0675964631955542
-0.11262,0.0777301515892839
-0.10845,0.0876662273486475
-0.10387,0.0973924618010342
-0.098893,0.106893466706553
-0.093528,0.116154909003233
-0.087785,0.125163175167723
-0.081671,0.133908037006781
-0.075202,0.142375832930909
-0.068383,0.150558847195285
-0.061233,0.158444219216409
-0.053763,0.166021402243681
-0.045987,0.173279971380535
-0.03792,0.180209328691509
-0.029578,0.186798463845931
-0.020976,0.193037245481339
-0.012135,0.198912256574782
-0.003073,0.204410173149335
0.0061947,0.209520259198067
0.015643,0.214227064089891
0.025254,0.21851722847052
0.035005,0.222376037507001
0.044874,0.225788745668631
0.054839,0.228741126518279
0.064872,0.231215464190786
0.074958,0.233201465589658
0.085059,0.234678238482055
0.095161,0.235634801301784
0.10523,0.236053814587457
0.11524,0.235919344541114
0.12517,0.235220864029888
0.13499,0.233945987744096
0.14466,0.232073922842754
0.15416,0.229592589902239
0.16347,0.226497409614074
0.17254,0.222767947850138
0.18136,0.21840126803061
0.18988,0.2133791883172
0.1981,0.20770885429202
0.20597,0.201380823665495
0.21346,0.194387479765912
0.22055,0.186730414641583
0.22721,0.178411351879964
0.23342,0.169439617314186
0.23914,0.159815765526245
0.24435,0.149548180474718
0.24902,0.138644051941965
0.25314,0.127124316851166
0.25667,0.114998356058225
0.2596,0.102288260535042
0.26189,0.0890036649412888
0.26353,0.0751661473138249
0.26451,0.060806385273202
0.26479,0.0459394317259505
0.26437,0.0305969409855087
0.26322,0.0148009218510381
0.26134,-0.00141280288044565
0.25871,-0.0180130433550677
0.25532,-0.0349658181556798
0.25117,-0.0522284631421554
0.24624,-0.0697673126036952
0.24053,-0.0875421561006967
0.23405,-0.105501295392289
0.2268,-0.123592659616129
0.21878,-0.141765398567037
0.21,-0.159963767785349
0.20048,-0.178122348712076
0.19022,-0.196184656208953
0.17926,-0.214073554690598
0.16761,-0.231719744599325
0.15529,-0.24905496307175
0.14235,-0.26599171941712
0.12879,-0.282466653836936
0.11468,-0.298386138751031
0.10003,-0.31367939680785
0.084895,-0.328263090332452
0.069314,-0.342058258307663
0.053337,-0.354983906223323
0.037008,-0.366964494799216
0.020381,-0.377924026915455
0.0035057,-0.387791894273703
-0.013562,-0.396499704727623
-0.030768,-0.403984603225427
-0.048055,-0.410188121418078
-0.065367,-0.415058476750396
-0.082647,-0.418550558903647
-0.099833,-0.420622790436899
-0.11687,-0.42124337730251
-0.1337,-0.420387691935724
-0.15027,-0.418041887275796
-0.16651,-0.414189242011213
-0.18238,-0.408833967885488
-0.19781,-0.401975455921483
-0.21275,-0.39362459509076
-0.22716,-0.383809196939194
-0.24097,-0.372548314510034
-0.25414,-0.359876100626353
-0.26663,-0.345838413489202
-0.27838,-0.330474945577763
-0.28935,-0.313834507780225
-0.29951,-0.295979664153831
-0.30882,-0.276975276513105
-0.31723,-0.25687915593257
-0.32471,-0.235756833544973
-0.33125,-0.213693214877876
-0.33679,-0.190749653464569
-0.34133,-0.16701125895107
-0.34484,-0.142557793394061
-0.34731,-0.117477290982572
-0.34871,-0.091847180313037
-0.34903,-0.0657488734247123
-0.34827,-0.0392719766593475
-0.34642,-0.0125026439133951
-0.34347,0.0144783691540722
-0.33944,0.0415749890419092
-0.33433,0.0686965355978942
-0.32814,0.0957595193868921
-0.32089,0.122674156396105
-0.31259,0.149355882266657
-0.30327,0.175712335712741
-0.29295,0.201655283151576
-0.28165,0.227102753483464
-0.26941,0.251965833658462
-0.25625,0.276167811379105
-0.24222,0.299622326998132
-0.22735,0.322253011327168
-0.2117,0.343972084980897
-0.19528,0.364722591127302
-0.17817,0.384422900494865
-0.16041,0.403003982990267
-0.14205,0.420402137908559
-0.12314,0.436560407164475
-0.10374,0.4514221456615
-0.083906,0.464936180673707
-0.063698,0.477054903989266
-0.043184,0.487729673960239
-0.022417,0.496924134891947
-0.0014635,0.504603545718142
0.019612,0.510737588134932
0.040744,0.515300275680071
0.06187,0.51827270687011
0.082921,0.519638052760234
0.10383,0.519383724098047
0.12454,0.51750889846222
0.14498,0.514012506717161
0.1651,0.508909413871902
0.18481,0.502197895744231
0.20407,0.493900378937299
0.22281,0.484036447285965
0.24098,0.472638110014943
0.25851,0.45973215781716
0.27537,0.445370413823673
0.29148,0.429586861115324
0.30681,0.412437463304189
0.32131,0.393979869535999
0.33494,0.374279162787142
0.34765,0.35339745413204
0.35941,0.33140770733268
0.37019,0.308389758939523
0.37995,0.284419488697986
0.38868,0.259589723739089
0.39634,0.233982220414414
0.40292,0.207689691051276
0.4084,0.180803633803119
0.41277,0.153419300021833
0.41603,0.125639551462237
0.41816,0.0975555364642594
0.41917,0.0692683465062852
0.41906,0.0408765831737254
0.41784,0.0124811555776728
0.41551,-0.0158257492364082
0.41209,-0.043947183677301
0.40759,-0.071792920510926
0.40203,-0.0992737712905102
0.39544,-0.126297008844704
0.38783,-0.152784980905456
0.37923,-0.178660165239668
0.36968,-0.203840536051301
0.3592,-0.228258141234444
0.34782,-0.251851537931104
0.33559,-0.274552141483705
0.32253,-0.296310385062655
0.30869,-0.317071935363074
0.2941,-0.336795624609867
0.27881,-0.355437966399798
0.26285,-0.372970309158254
0.24628,-0.389355279419135
0.22914,-0.404564978901957
0.21147,-0.418580590101767
0.19332,-0.431384410939534
0.17473,-0.442968172835026
0.15576,-0.453317282008151
0.13644,-0.462435230863241
0.11684,-0.470311000477615
0.096979,-0.476960436054648
0.07692,-0.482388605689008
0.056707,-0.486606303507803
0.036381,-0.489631325121935
0.015991,-0.491481146272502
-0.0044215,-0.492178456682671
-0.024815,-0.491749900428188
-0.045145,-0.490222703322731
-0.065372,-0.48762781748371
-0.085456,-0.48399825342848
-0.10536,-0.479370234822047
-0.12504,-0.473776612088785
-0.14446,-0.467252696324072
-0.1636,-0.459846781745698
-0.1824,-0.451586842310884
-0.20085,-0.442520742178718
-0.21891,-0.432688930041099
-0.23655,-0.422132182837301
-0.25373,-0.410883008474882
-0.27044,-0.398988487238977
-0.28664,-0.386483907925866
-0.30232,-0.373416180682733
-0.31744,-0.359818005349814
-0.33198,-0.345724376705428
-0.34593,-0.331178411283862
-0.35926,-0.316213636963472
-0.37195,-0.300862137603767
-0.384,-0.285168535951496
-0.39537,-0.269156556001862
-0.40605,-0.252854369157841
-0.41604,-0.236300104421548
-0.42532,-0.219523849656518
-0.43387,-0.202548137036369
-0.44169,-0.185403310057263
-0.44878,-0.168124918529543
-0.45511,-0.150729298136173
-0.46068,-0.133238749760464
-0.4655,-0.115686886893182
-0.46955,-0.0980930811882644
-0.47284,-0.0804866098447791
-0.47536,-0.0628888791334823
-0.47712,-0.0453288893136039
-0.47812,-0.0278333159959704
-0.47835,-0.0104185766971548
-0.47784,0.00687831977707833
-0.47657,0.0240420008206302
-0.47456,0.0410456404949076
-0.47182,0.057861569222891
-0.46836,0.074462440625793
-0.46419,0.0908221648841917
-0.45932,0.106916631151366
-0.45377,0.122716843316732
-0.44755,0.138198304421727
-0.44067,0.153341069839774
-0.43314,0.168129678578778
-0.425,0.182530789684075
-0.41625,0.196527381666384
-0.4069,0.210108916303279
-0.39699,0.223248457119818
-0.38652,0.235936412086067
-0.37552,0.248155503704971
-0.364,0.259897775152432
-0.352,0.271141064236011
-0.33951,0.281889571997158
-0.32657,0.292131915409346
-0.3132,0.30185948643631
-0.29942,0.311066365255027
-0.28525,0.319749175651088
-0.2707,0.327914293618544
-0.2558,0.335561209539213
-0.24057,0.342691469073946
-0.22502,0.349315810123276
-0.20919,0.355430081621529
-0.19308,0.361047975354898
-0.17672,0.36617516079697
-0.16013,0.37081821969367
-0.14333,0.374984407369184
-0.12633,0.378688829031389
-0.10917,0.38193042398725
-0.091849,0.384725523273092
-0.074401,0.387078225059947
-0.056844,0.38899454502361
-0.0392,0.390478962854469
-0.021489,0.391536109723415
-0.0037348,0.392167827183591
0.01404,0.392374559931669
0.031815,0.392157248698133
0.049564,0.391512923403647
0.067267,0.390440125351735
0.084899,0.388934953916417
0.10244,0.38699534104012
0.11986,0.384613355291036
0.13714,0.38178468320383
0.15426,0.378507306107099
0.17119,0.374773723758594
0.18792,0.370587019156995
0.2044,0.365929156905316
0.22064,0.360809940136782
0.23659,0.355217001226205
0.25223,0.349142636150768
0.26756,0.342597912870613
0.28253,0.335571797718073
0.29714,0.328072741573057
0.31136,0.320102522038826
0.32517,0.311664921984028
0.33854,0.30275787022781
0.35147,0.293396841132875
0.36394,0.2835962848819
0.37593,0.273369478819225
0.38742,0.262728422428803
0.39841,0.251698568253561
0.40887,0.240293359914239
0.4188,0.228538384938875
0.42818,0.216453532541883
0.43701,0.204068336123438
0.44528,0.191411888738506
0.45297,0.178504712126411
0.46009,0.165381989356233
0.46663,0.152074920057597
0.47257,0.138603177899531
0.47792,0.124998690108401
0.48268,0.111294893631181
0.48684,0.0975180307629675
0.49039,0.0836876949763552
0.49335,0.0698396167083339
0.4957,0.0559918347670293
0.49745,0.0421696516899925
0.4986,0.0283959633996707
0.49915,0.0146909223213496
0.49909,0.00106433118127595
0.49845,-0.0124532421971569
0.4972,-0.0258598811421191
0.49537,-0.0391326564110232
0.49294,-0.052269501928647
0.48994,-0.0652484562093757
0.48635,-0.0780692852795078
0.48219,-0.0907198977067833
0.47745,-0.103201355242877
0.47215,-0.115503303122593
0.46629,-0.127621434036866
0.45986,-0.139564003016559
0.45289,-0.15131977035078
0.44537,-0.162891820782931
0.43731,-0.174280062197974
0.42872,-0.185481990520468
0.4196,-0.196500751522778
0.40996,-0.207336692943519
0.39981,-0.217988015005812
0.38916,-0.228451337427522
0.37802,-0.238722188151583
0.36639,-0.248802817256343
0.3543,-0.258678732046008
0.34175,-0.268344584840649
0.32874,-0.277802612485589
0.31531,-0.28703160274128
0.30146,-0.296021645362164
0.2872,-0.304764867330471
0.27255,-0.313247925347865
0.25754,-0.321446092462254
0.24216,-0.329355766643099
0.22646,-0.336946174424669
0.21044,-0.344202508067813
0.19412,-0.351108511846013
0.17752,-0.357647294360182
0.16067,-0.363794605108127
0.14359,-0.369528399367768
0.1263,-0.374829101211821
0.10882,-0.379679764714774
0.091165,-0.384069845357186
0.073366,-0.387982549722329
0.05544,-0.391406990346966
0.037415,-0.39432933901912
0.019306,-0.396743526259328
0.0011351,-0.398644800203705
-0.017074,-0.400028569720662
-0.035304,-0.400895379533209
-0.053531,-0.401245167725595
-0.071736,-0.401081152153659
-0.089902,-0.400410725228564
-0.108,-0.399235703809939
-0.12602,-0.397567530619032
-0.14394,-0.39541634007597
-0.16173,-0.392785126435625
-0.17938,-0.389685919331624
-0.19686,-0.386122991985569
-0.21416,-0.382109103368277
-0.23126,-0.377656171845466
-0.24813,-0.372767770824099
-0.26475,-0.367448070687331
-0.2811,-0.361701623335208
-0.29717,-0.355540573543333
-0.31293,-0.348968084585429
-0.32836,-0.341987391266618
-0.34344,-0.334601688652281
-0.35815,-0.326814041793679
-0.37247,-0.318627314696156
-0.38638,-0.310044116726356
-0.39985,-0.30105936654847
-0.41287,-0.291676683174363
-0.42542,-0.28189918778453
-0.43748,-0.27172950468009
-0.44902,-0.261162374529998
-0.46003,-0.250201089588534
-0.47049,-0.238848334671439
-0.48038,-0.227106222421919
-0.48968,-0.214976334325074
-0.49837,-0.202459765985877
-0.50642,-0.189549777201249
-0.51384,-0.176263053134874
-0.52058,-0.162590340010414
-0.52664,-0.148538683017637
-0.53199,-0.134105872336615
-0.53662,-0.119297073320123
-0.54052,-0.10412324796852
-0.54366,-0.0885849441932214
-0.54603,-0.0726890765145719
-0.54762,-0.0564474911195421
-0.5484,-0.0398608907508801
-0.54838,-0.0229505383997928
-0.54752,-0.00571671117982919
-0.54583,0.0118202858360494
-0.5433,0.0296393579778005
-0.53991,0.0477267494468204
-0.53565,0.066067630633236
-0.53052,0.084639356350258
-0.52451,0.103421028964776
-0.51761,0.122393773337951
-0.50983,0.141526124775459
-0.50115,0.160799565202136
-0.49159,0.180177007912338
-0.48114,0.19962965993736
-0.4698,0.219128884633344
-0.45757,0.238647056928736
-0.44448,0.258136046041885
-0.43052,0.277562180199039
-0.4157,0.296889694902137
-0.40004,0.316074866279471
-0.38356,0.33506889144217
-0.36627,0.353827749546258
-0.34818,0.372312653421649
-0.32933,0.390468110648453
-0.30974,0.408241661772205
-0.28942,0.425592330360433
-0.26842,0.442460181921905
-0.24675,0.458801461797516
-0.22444,0.474572138594752
-0.20153,0.489722066178346
-0.17805,0.5042052350901
-0.15403,0.517980543950754
-0.12952,0.53099751518657
-0.10455,0.543214614611881
-0.07915,0.554599004239965
-0.053373,0.565109120883063
-0.027251,0.574713403830755
-0.00083563,0.583375079376958
0.025837,0.591066031790338
0.052719,0.597757566650478
0.079762,0.603421337486108
0.10692,0.608032184180699
0.13414,0.611563402187287
0.16138,0.613996276694886
0.18858,0.615306105214818
0.21569,0.615471786169348
0.24266,0.614476047332931
0.26943,0.612298128432383
0.29594,0.608915357154965
0.32214,0.604311853087962
0.34797,0.598470569856414
0.37336,0.591366902150901
0.39828,0.583000699638704
0.42264,0.573347473335608
0.4464,0.562401043624316
0.4695,0.550155654570213
0.49187,0.53659894076644
0.51345,0.521721202200558
0.53419,0.505522799146762
0.55403,0.488005056761891
0.5729,0.469162897389797
0.59076,0.449008634824292
0.60755,0.427553713232512
0.62322,0.404816189596557
0.63771,0.38081177875332
0.65097,0.355561465725562
0.66295,0.329090085757277
0.67362,0.30143985620356
0.68291,0.272636436087807
0.69081,0.242735931258831
0.69725,0.211773210126632
0.70221,0.179802123024429
0.70565,0.146875617478688
0.70754,0.11305189771524
0.70787,0.0784066163216387
0.70659,0.0429978406867448
0.7037,0.00690479315285095
0.69918,-0.0297932838981555
0.69302,-0.0670120056890283
0.6852,-0.104672688492761
0.67573,-0.142681401187661
0.66461,-0.180942096605272
0.65184,-0.219359890753148
0.63743,-0.257836327402238
0.62141,-0.296258298157358
0.60379,-0.33451911122693
0.58459,-0.372513164399507
0.56385,-0.410124276621274
0.5416,-0.447238782489645
0.51789,-0.483733870284288
0.49276,-0.519490648125354
0.46626,-0.554389823004561
0.43845,-0.588308271564896
0.40939,-0.621123807219114
0.37914,-0.652719035325886
0.34776,-0.682984377261745
0.31534,-0.71179815093003
0.28196,-0.739040433100941
0.24768,-0.76461160685621
0.21259,-0.78840984208321
0.17678,-0.810335212720537
0.14034,-0.830292972225499
0.10336,-0.848196069929714
0.065923,-0.863972168914859
0.028131,-0.877549698744555
-0.0099254,-0.888869073920067
-0.048148,-0.897877361437469
-0.086444,-0.904533413047699
-0.12471,-0.908799842242163
-0.16286,-0.910657144180495
-0.2008,-0.910095800044528
-0.23843,-0.907111100342302
-0.27565,-0.901703236660186
-0.31239,-0.893899389222558
-0.34854,-0.88371901339863
-0.38403,-0.871205173524184
-0.41875,-0.856389951231822
-0.45265,-0.839340748407699
-0.48563,-0.820115272630432
-0.51761,-0.798777210058784
-0.54852,-0.775401222140485
-0.57829,-0.750069224824146
-0.60685,-0.722867131260348
-0.63413,-0.693882045796888
-0.66007,-0.663207289743274
-0.68461,-0.63093882147976
-0.7077,-0.597179609077588
-0.72929,-0.562035508535707
-0.74933,-0.525611798141734
-0.76778,-0.488017725793742
-0.78459,-0.449355210959214
-0.79973,-0.409732050941074
-0.81318,-0.369264960741388
-0.8249,-0.328059555101439
-0.83487,-0.286224027878076
-0.84307,-0.243865263494949
-0.8495,-0.201100488390943
-0.85412,-0.158021975213038
-0.85695,-0.114743155553196
-0.85796,-0.0713538438224893
-0.85717,-0.0279586919198021
-0.85458,0.0153440022984873
-0.85019,0.0584644372887287
-0.84403,0.101300652418887
-0.83608,0.143781382032383
-0.82639,0.185811067447336
-0.81497,0.227307531131304
-0.80185,0.268187616962242
-0.78705,0.308377844327189
-0.7706,0.347807958803454
-0.75255,0.386398254352621
-0.73292,0.424086571824398
-0.71177,0.460797829212739
-0.68912,0.496478963950871
-0.66503,0.531067351164969
-0.63954,0.564509966278979
-0.61271,0.59674897858036
-0.58459,0.627732438497328
-0.55523,0.657415328233615
-0.5247,0.685745424391588
-0.49305,0.712681654566057
-0.46034,0.7381863997705
-0.42665,0.762211788593145
-0.39203,0.78472587085704
-0.35656,0.805688906590856
-0.3203,0.82507142108339
-0.28333,0.842838884377612
-0.24571,0.858969060245535
-0.20753,0.873428668666918
-0.16884,0.886206614413319
-0.12972,0.89728840489642
-0.09026,0.906650389451085
-0.050516,0.914287860790097
-0.010566,0.920195777044318
0.02952,0.924375402542964
0.069668,0.926830591289858
0.10981,0.927572091958324
0.14988,0.926617851589503
0.1898,0.923982687972133
0.2295,0.919684799756215
0.26894,0.913767164419135
0.30803,0.906254948009379
0.34671,0.897180763026816
0.38493,0.886589993835483
0.42262,0.874522540097328
0.45972,0.861020390234034
0.49617,0.846126229124481
0.53192,0.829889656764918
0.56691,0.812357193954203
0.60107,0.793564265664618
0.63436,0.773558568778908
0.66672,0.752381579539614
0.6981,0.7300759728207
0.72843,0.706669348419392
0.75768,0.682205853998592
0.78578,0.656712057981646
0.81268,0.630214256948748
0.83834,0.602745016227908
0.86268,0.574311290672033
0.88568,0.544943341642196
0.90726,0.514644804187634
0.92739,0.483434490254547
0.94601,0.451320518429034
0.96307,0.418309333305074
0.97854,0.384420418800584
0.99235,0.349653455809597
1,0.310714591891182
1,0.263963830890752
1,0.212334994371449
1,0.158331437736914
1,0.104052364126512
1,0.0512212040546557
1,0.00121554025676834
1,-0.0449019467089419
1,-0.0863520235404767
1,-0.1226074248206
1,-0.153361797015919
1,-0.178499468907623
1,-0.198066401505083
0.99213,-0.218064911717903
0.97742,-0.242569335089289
0.96073,-0.271168302866585
0.9421,-0.303408907128409
0.92152,-0.338848370736603
0.89906,-0.376999978317826
0.87474,-0.417387448921551
0.84861,-0.459529954646913
0.82071,-0.502960369671268
0.7911,-0.547218011803292
0.75983,-0.59186535249509
0.72697,-0.636479192747415
0.6926,-0.680651025928186
0.65677,-0.724016940291569
0.61956,-0.766236565903229
0.58107,-0.806983216544559
0.54136,-0.845980233515029
0.50053,-0.882970055603886
0.45866,-0.91773337308542
0.41586,-0.950066744601582
0.3722,-0.979816038485575
0.32779,-1.0068430307902
0.28273,-1.0310351073615
0.23711,-1.05231243776226
0.19103,-1.07061812155743
0.14459,-1.08591702698919
0.097905,-1.09818314592761
0.051061,-1.1074216409617
0.0041644,-1.11364919815176
-0.042688,-1.11689999724447
-0.08939,-1.11721591471241
-0.13585,-1.11465607073966
-0.18197,-1.10928843427688
-0.22765,-1.10118596687404
-0.27279,-1.09042474072992
-0.31732,-1.07710441181437
-0.36112,-1.06130482877521
-0.40413,-1.04313281074452
-0.44624,-1.02267767841559
-0.48738,-1.00004232321049
-0.52747,-0.975330808539613
-0.56642,-0.948638251386948
-0.60416,-0.920064985201054
-0.64063,-0.889720357604113
-0.67574,-0.857695896531028
-0.70945,-0.824103231392928
-0.74167,-0.789030102574156
-0.77236,-0.752579417857708
-0.80146,-0.71484850305783
-0.82892,-0.675934663019087
-0.85469,-0.635932212845452
-0.87873,-0.594937511701043
-0.90101,-0.5530529275268
-0.92147,-0.510360253809747
-0.94011,-0.466966340393112
-0.95688,-0.422957836457086
-0.97178,-0.378439172980168
-0.98478,-0.333503516278833
-0.99586,-0.288239207068791
-1,-0.239028599202511
-1,-0.185141336582028
-1,-0.129183629017302
-1,-0.0733258922795712
-1,-0.019335597033436
-1,0.0313886204560642
-1,0.0777821255643472
-1,0.119079253182835
-1,0.154778568107726
-1,0.184608868501746
-0.99207,0.214363016924873
-0.98071,0.245386850340468
-0.96766,0.277453973984268
-0.95294,0.310348083261104
-0.93661,0.343835209865325
-0.91871,0.377686493257811
-0.8993,0.411667103132366
-0.87844,0.445542533006187
-0.85617,0.4790987161927
-0.83256,0.512120981461271
-0.80768,0.544399518834227
-0.78159,0.575741251127604
-0.75435,0.605971762927875
-0.72604,0.63492175021078
-0.69672,0.662445692263829
-0.66647,0.688406823208924
-0.63535,0.712694482817511
-0.60344,0.735207924932671
-0.57081,0.755865263372601
-0.53753,0.77460284088619
-0.50368,0.791366882179209
-0.46934,0.806113913972629
-0.43456,0.818833023046968
-0.39943,0.829511174300865
-0.36402,0.838149659984757
-0.3284,0.844762148776146
-0.29264,0.849372751405836
-0.25682,0.852006741300956
-0.221,0.852705172117995
-0.18525,0.851514002227802
-0.14964,0.848482535324962
-0.11423,0.843669402078953
-0.0791,0.837124880462605
-0.044301,0.828913030426316
-0.0099007,0.819095310042188
0.024039,0.807734015628301
0.057462,0.794894964929487
0.090304,0.780639152779962
0.12251,0.765029033102635
0.15403,0.748130308822735
0.1848,0.729999188481534
0.21478,0.710700416635058
0.24391,0.690288998946748
0.27215,0.668825270879307
0.29945,0.6463646793669
0.32577,0.622964435518365
0.35108,0.598688803521342
0.37532,0.57358357157974
0.39848,0.547715093998725
0.42051,0.52113464122117
0.4414,0.493909210950587
0.4611,0.466086762573372
0.4796,0.437727838354872
0.49688,0.40889372633924
0.51292,0.379644289970648
0.5277,0.350036237045145
0.54121,0.320129184925614
0.55344,0.289983065479413
0.56439,0.259663412923205
0.57406,0.229238076505639
0.58243,0.198759704646126
0.58953,0.168303775546087
0.59535,0.137932086846177
0.5999,0.107708049863966
0.60321,0.0777089580361149
0.60529,0.0480059295198851
0.60615,0.0186626785675548
0.60583,-0.0102431155339032
0.60436,-0.0386325363270893
0.60176,-0.0664357287162498
0.59807,-0.0935777982304135
0.59333,-0.11998238280223
0.58757,-0.145581975674861
0.58085,-0.17029644577733
0.57321,-0.194053039885171
0.56469,-0.216787531565593
0.55536,-0.238422754119033
0.54524,-0.258910809637777
0.53442,-0.278177587244902
0.52293,-0.29617487536852
0.51083,-0.312855127938978
0.49819,-0.328165908157185
0.48506,-0.342067710908985
0.4715,-0.354525798729611
0.45756,-0.365518287386219
0.4433,-0.375027526593419
0.4288,-0.383025624377461
0.41409,-0.38951478793228
0.39924,-0.394492476624843
0.3843,-0.397967793271102
0.36934,-0.399944768338988
0.3544,-0.400445961920138
0.33953,-0.399501388964413
0.32479,-0.397139365220965
0.31022,-0.393401312091336
0.29587,-0.388331115279183
0.28179,-0.381973832777404
0.268,-0.37439676120197
0.25457,-0.365646622843911
0.24152,-0.355789493752428
0.22888,-0.344898053389867
0.2167,-0.333033696815675
0.20499,-0.320276726347089
0.19378,-0.306705770466853
0.1831,-0.292395983548378
0.17297,-0.277425020937082
0.16341,-0.26187034246299
0.15443,-0.245814395423356
0.14605,-0.229333827147988
0.13827,-0.212513086193301
0.1311,-0.195432955337835
0.12455,-0.178168762074033
0.11862,-0.160796431869442
0.11331,-0.143389922534961
0.10861,-0.126026577506676
0.10451,-0.108783934497325
0.10101,-0.0917297287883698
0.098092,-0.0749347717970508
0.095742,-0.058466960323964
0.093943,-0.0423916876673972
0.092674,-0.0267729649931684
0.091911,-0.0116736110593059
0.09163,0.00284679069310118
0.091804,0.0167312433150699
0.0924,0.029922532283414
0.09339,0.0423691083913684
0.094737,0.0540193292799647
0.096403,0.0648227359588038
0.098354,0.0747347448371236
0.10055,0.0837128792173365
0.10294,0.0917099726540477
0.10549,0.098689510391163
0.10816,0.104620703120912
0.11088,0.109456609205162
0.11363,0.113176070002424
0.11635,0.115750270065324
0.11898,0.117145557332578
0.12149,0.117348005905085
0.12382,0.11633831821549
0.12592,0.114101305369767
0.12774,0.110626000720797
0.12924,0.105913021865294
0.13035,0.0999505995005648
0.13104,0.0927473227990067
0.13126,0.084313606569552
0.13097,0.0746688775477241
0.13012,0.0638323091543372
0.12867,0.0518301184164087
0.12659,0.0387012313034593
0.12383,0.0244792995947367
0.12037,0.0092152839996096
0.11617,-0.00704181244401646
0.11122,-0.0242234790105901
0.10548,-0.0422693221349606
0.098942,-0.0611033130168946
0.091588,-0.0806461629208274
0.083404,-0.100815074294035
0.074387,-0.121518508924526
0.064531,-0.142662604360736
0.053836,-0.164149803763214
0.042312,-0.185874944925822
0.029963,-0.207734192661171
0.016803,-0.229620426956776
0.0028477,-0.251425806937417
-0.011879,-0.273039101171736
-0.027355,-0.294351071195854
-0.043549,-0.315250673537919
-0.060431,-0.335629859865223
-0.077965,-0.35538201487852
-0.096112,-0.374402922412063
-0.11483,-0.39259152050602
-0.13407,-0.409847504284374
-0.15379,-0.426079759662727
-0.17393,-0.441194460347872
-0.19445,-0.455113672960315
-0.21528,-0.467752979334623
-0.23637,-0.47904060102605
-0.25766,-0.48891030483202
-0.27909,-0.497302946038136
-0.30059,-0.504160129420359
-0.3221,-0.509433864304867
-0.34356,-0.513086672746314
-0.3649,-0.515083998708788
-0.38606,-0.51540278684808
-0.40696,-0.51401588468156
-0.42755,-0.510916528560504
-0.44775,-0.506093145549538
-0.46749,-0.499538718001461
-0.48673,-0.491272966991293
-0.50538,-0.481300341353474
-0.52339,-0.469643071530962
-0.54069,-0.456322922022313
-0.55723,-0.441376039753197
-0.57295,-0.424842313949012
-0.58777,-0.406749254103387
-0.60167,-0.38715842650156
-0.61457,-0.366113202066587
-0.62643,-0.34367102232672
-0.63719,-0.319884600899598
-0.64682,-0.294823826991718
-0.65526,-0.268548547017648
-0.66248,-0.241131210913958
-0.66844,-0.212645160480144
-0.67309,-0.183155116803166
-0.67641,-0.152739263955371
-0.67837,-0.121477071228218
-0.67894,-0.0894468001305155
-0.67808,-0.0567160770127305
-0.67579,-0.0233715024049099
-0.67206,0.0104949860836001
-0.66684,0.0448194665818991
-0.66016,0.0795034879272931
-0.65198,0.114475527491037
-0.64232,0.149643707750355
-0.63118,0.184917417379029
-0.61855,0.220217332850865
-0.60446,0.255446261015389
-0.58891,0.290517898959007
-0.57193,0.325335379637008
-0.55353,0.359811264649787
-0.53373,0.393861254654478
-0.51258,0.42738427373794
-0.4901,0.460291241729272
-0.46634,0.4924835972247
-0.44132,0.523880637554201
-0.41511,0.554381944806426
-0.38774,0.583904193384635
-0.35928,0.61235121799457
-0.32978,0.639634615144356
-0.29931,0.665660571894817
-0.26792,0.690348991944522
-0.23568,0.71361898831923
-0.20268,0.735377220223727
-0.16898,0.755545792802488
-0.13466,0.774047373723681
-0.09981,0.790800589528691
-0.064499,0.805739346806899
-0.028818,0.818796211565394
0.0071463,0.829908500729565
0.043309,0.839021212052797
0.079579,0.846083264786055
0.11587,0.851052494583425
0.15208,0.853884271386049
0.18813,0.854550993836284
0.22393,0.853032197997604
0.25938,0.849307120184103
0.29441,0.843378264196977
0.32891,0.835237991661403
0.3628,0.824893590379406
0.396,0.812364861969737
0.42842,0.797674423489745
0.45998,0.780854562349727
0.49059,0.761937665508842
0.52019,0.740978036213885
0.5487,0.718031882060065
0.57605,0.693163270684863
0.60216,0.66643386640841
0.62698,0.637924240133033
0.65044,0.607713515392404
0.67248,0.575885126316811
0.69305,0.54253127705667
0.7121,0.507748851141747
0.72959,0.471643327539554
0.74547,0.43431685668529
0.75971,0.39588085630961
0.77228,0.356451066945805
0.78314,0.316135996207735
0.79229,0.275064707678277
0.79971,0.233364255728825
0.80538,0.191156285323501
0.8093,0.148569154294752
0.81147,0.105732680645878
0.81191,0.0627886150305005
0.81061,0.0198617400243557
0.8076,-0.0229112698558195
0.8029,-0.0653959274060741
0.79654,-0.107456471898601
0.78854,-0.148967953680104
0.77896,-0.189788756956635
0.76782,-0.229798089068042
0.75517,-0.268873923659533
0.74107,-0.306890084849804
0.72556,-0.343736213385546
0.70871,-0.37929649522238
0.69056,-0.413477058017417
0.67119,-0.44617572747716
0.65065,-0.477309648801806
0.62901,-0.506800070842594
0.60634,-0.534574770004881
0.58271,-0.560569822053425
0.55819,-0.584730801569858
0.53283,-0.607028281929577
0.50673,-0.627417887928357
0.47995,-0.645875010392685
0.45256,-0.662385252215102
0.42463,-0.676943829306115
0.39623,-0.689554793709256
0.36744,-0.700222729704852
0.33832,-0.708968177856107
0.30894,-0.715817410667693
0.27937,-0.720801382966082
0.24968,-0.723954697899268
0.21993,-0.725322009684925
0.19019,-0.724948068304441
0.16052,-0.722884419791719
0.13098,-0.719187168530634
0.10164,-0.713907594777419
0.072538,-0.707115716072551
0.043742,-0.698872878870042
0.015303,-0.689244592572574
-0.012723,-0.678294427116792
-0.040295,-0.666093881172112
-0.067359,-0.652709368488915
-0.093872,-0.638209558513044
-0.11979,-0.622662306656706
-0.14508,-0.606141032249284
-0.16969,-0.588707482891502
-0.19359,-0.570428423449569
-0.21676,-0.551380045620488
-0.23915,-0.531621665636399
-0.26074,-0.51121929938776
-0.2815,-0.490234871909411
-0.30141,-0.468732397026008
-0.32046,-0.446782883181273
-0.33861,-0.424438502283712
-0.35586,-0.401764003807187
-0.37218,-0.378809915750046
-0.38757,-0.355635678076544
-0.40202,-0.332298461394571
-0.41552,-0.308851604693452
-0.42807,-0.285350839745452
-0.43966,-0.261844445699029
-0.45029,-0.238380290906466
-0.45997,-0.215011515052162
-0.46869,-0.191778785257554
-0.47646,-0.168725897317465
-0.48329,-0.145897476110381
-0.48919,-0.123337108916233
-0.49416,-0.101078473144086
-0.49821,-0.079153231607648
-0.50137,-0.0576048507551584
-0.50365,-0.03646986560003
-0.50506,-0.0157777585396284
-0.50562,0.00444156126426657
-0.50535,0.0241591285714764
-0.50427,0.043347989846374
-0.5024,0.0619840014355665
-0.49977,0.0800389923640901
-0.4964,0.0974901361259638
-0.49231,0.114319959801642
-0.48753,0.130508809150299
-0.48209,0.146036212689487
-0.47601,0.160889382468639
-0.46932,0.175055064415317
-0.46204,0.188527763182269
-0.45422,0.201286567970689
-0.44587,0.213328625461943
-0.43702,0.224651263004383
-0.4277,0.235252360503799
-0.41794,0.245130614070851
-0.40777,0.254285707264734
-0.39722,0.262718404588021
-0.38631,0.270437978778021
-0.37508,0.277445772754014
-0.36354,0.283759118023169
-0.35174,0.289378406553842
-0.3397,0.294312739174762
-0.32743,0.298585560999444
-0.31498,0.30220184330467
-0.30236,0.305181254454323
-0.28959,0.307547514680974
-0.27671,0.309312302877201
-0.26373,0.310499551057098
-0.25068,0.311127708441241
-0.23758,0.311217761433478
-0.22444,0.310799613452638
-0.21129,0.309894794678119
-0.19814,0.308532307497629
-0.18501,0.306738996271564
-0.17192,0.304539220871684
-0.15888,0.301962033840639
-0.1459,0.299039434371902
-0.133,0.295797475399425
-0.12018,0.29227142087501
-0.10747,0.288480726761054
-0.09486,0.284461041794274
-0.082366,0.280240755348754
-0.069992,0.275850381195607
-0.057748,0.271316735831803
-0.045636,0.266668685285652
-0.033658,0.261935797659412
-0.021818,0.257145752777444
-0.010121,0.252323032857865
0.0014384,0.247496372778443
0.012854,0.242688378366439
0.024131,0.237924323046525
0.035267,0.233225110470479
0.046267,0.228612807143471
0.057132,0.224106637292442
0.067862,0.219722045851599
0.07846,0.215472997208961
0.088931,0.211373128477872
0.099272,0.207429295172609
0.10949,0.20364986079356
0.11958,0.200035072893828
0.12955,0.196588014606849
0.1394,0.193307836605602
0.14913,0.190190333670002
0.15873,0.18722110796776
0.16822,0.184399919926365
0.17758,0.181708195618452
0.18682,0.179135101191046
0.19593,0.176661390413109
0.20492,0.174276210985045
0.21377,0.171953470170989
0.22249,0.169677573864399
0.23106,0.16741954023616
0.23949,0.165162492462835
0.24776,0.162877534695127
0.25588,0.160549018344981
0.26383,0.158150204988805
0.27161,0.155660936572551
0.2792,0.153052133791371
0.28661,0.15031053101851
0.29381,0.147406446560133
0.30081,0.144327413026137
0.30758,0.141045677881016
0.31413,0.137551586965146
0.32043,0.133820861667803
0.32648,0.129840384682818
0.33227,0.125599114379078
0.33777,0.121073320116074
0.34299,0.116259385225993
0.34791,0.111147960762512
0.35251,0.105725475049758
0.35677,0.099975447705473
0.36069,0.0938944148988229
0.36425,0.0874748506625393
0.36743,0.0807062989039492
0.37023,0.0735911472883122
0.37262,0.0661200278223096
0.37458,0.0582818699803018
0.37611,0.0500794340300182
0.37718,0.0415044958551562
0.37779,0.0325625046125402
0.37791,0.0232477191452154
0.37754,0.0135678301372811
0.37664,0.00351167449025079
0.37522,-0.00690974105178218
0.37325,-0.017697318363352
0.37073,-0.0288392540749331
0.36764,-0.0403285204211
0.36396,-0.0521620473094272
0.35968,-0.0643325808834957
0.3548,-0.0768222346278612
0.3493,-0.0896197567672006
0.34316,-0.10271949813979
0.33639,-0.116098263026932
0.32897,-0.129741484787796
0.3209,-0.143627127351128
0.31217,-0.157735107632839
0.30278,-0.172040057826371
0.29271,-0.186527833547845
0.28198,-0.201164166845944
0.27058,-0.215921701983191
0.2585,-0.230779430921793
0.24577,-0.245692510053212
0.23237,-0.260635121722601
0.21831,-0.275575377323584
0.20361,-0.290470061075579
0.18827,-0.305282880895963
0.17231,-0.319969431573863
0.15573,-0.334494891159714
0.13857,-0.348803675286312
0.12083,-0.36285469883998
0.10255,-0.376590268312231
0.083733,-0.389968412877616
0.064421,-0.40293234507697
0.044639,-0.415427667867665
0.024418,-0.427399183782133
0.0037908,-0.438791473718434
-0.017206,-0.449547909721451
-0.038537,-0.459613607845948
-0.060161,-0.468932604640755
-0.082035,-0.477448585001299
-0.10412,-0.485109783786553
-0.12637,-0.491864700589294
-0.14874,-0.497664570892872
-0.17118,-0.502460860096313
-0.19364,-0.506206944693931
-0.21607,-0.50885942504901
-0.23843,-0.51038650574666
-0.26065,-0.510744871457554
-0.2827,-0.509913118878722
-0.30451,-0.507858965854422
-0.32603,-0.504557476358894
-0.34722,-0.499998152887032
-0.36801,-0.494160692333038
-0.38835,-0.487032662455652
-0.4082,-0.478616132337901
-0.4275,-0.468910445352487
-0.4462,-0.457920572340584
-0.46426,-0.445663673282213
-0.48161,-0.432144462485226
-0.49822,-0.417387416120021
-0.51404,-0.4014178162516
-0.52902,-0.384261219378673
-0.54313,-0.365957777087555
-0.55632,-0.346543785504356
-0.56856,-0.326066463698907
-0.5798,-0.304565956642277
-0.59002,-0.282097954561388
-0.59919,-0.258721901561496
-0.60727,-0.234491359061269
-0.61424,-0.209468531392451
-0.62007,-0.183713518926497
-0.62475,-0.157297862497343
-0.62826,-0.130292939164143
-0.63058,-0.102767970841279
-0.63169,-0.0747884276494283
-0.63159,-0.0464295891349891
-0.63027,-0.0177650006078274
-0.62773,0.0111280248049497
-0.62396,0.0401788980756224
-0.61897,0.0693098831833889
-0.61275,0.0984547192851967
-0.60532,0.12753638167672
-0.59668,0.156486442354945
-0.58685,0.185230888717541
-0.57585,0.213693652251758
-0.56368,0.241814317536602
-0.55037,0.269525036837279
-0.53595,0.296754319165094
-0.52043,0.323444977861069
-0.50385,0.349531262644408
-0.48624,0.374950243745999
-0.46762,0.399650919562539
-0.44803,0.423579073849522
-0.4275,0.446687346814901
-0.40608,0.468920982445644
-0.38379,0.490243510751216
-0.36069,0.510605199726144
-0.33681,0.529969738253692
-0.31219,0.548305802289091
-0.2869,0.565565329666303
-0.26095,0.581732991320277
-0.23442,0.596769061246774
-0.20733,0.610660140771235
-0.17976,0.623370585088191
-0.15173,0.634892669264282
-0.12332,0.645197525953668
-0.094558,0.65427897038785
-0.065508,0.662123128896515
-0.036219,0.668721864302784
-0.0067426,0.674070404881815
0.022867,0.678165326913382
0.052557,0.681005828690486
0.082276,0.682594665883084
0.11197,0.682935831926686
0.14159,0.682038253679111
0.17107,0.679902344509512
0.20037,0.676541162246087
0.22943,0.671963090497724
0.2582,0.666180168457622
0.28663,0.659207288231473
0.31465,0.651046657580758
0.34222,0.641712557891981
0.36929,0.631221384811496
0.39579,0.619576155860529
0.42169,0.606798722528303
0.44691,0.592888663603723
0.47142,0.577864674816487
0.49515,0.561730851653496
0.51807,0.544509053440144
0.54011,0.526205346336845
0.56124,0.50684252419033
0.58141,0.486441499138458
0.60056,0.465013738365536
0.61866,0.442584976139718
0.63566,0.419176966473276
0.65154,0.394829855019965
0.66624,0.36956794923409
0.67974,0.343431689301432
0.69201,0.316465999874008
0.70301,0.288710773502779
0.71272,0.260215492406457
0.72113,0.231043350169228
0.7282,0.201244616944029
0.73392,0.170879849935718
0.73828,0.140016115652124
0.74128,0.108731154823421
0.74289,0.0770868488380804
0.74312,0.0451599771698146
0.74197,0.013029609117446
0.73944,-0.0192257452854903
0.73554,-0.0515230560777505
0.73028,-0.0837782251071816
0.72367,-0.115908927891819
0.71572,-0.147836894134158
0.70647,-0.179467482704242
0.69592,-0.210725439944342
0.68412,-0.241516682708321
0.67108,-0.271764577255757
0.65683,-0.30139437797198
0.64142,-0.330320665375559
0.62488,-0.358467091978094
0.60726,-0.38575249305139
0.5886,-0.412102023393803
0.56893,-0.437455987789963
0.54832,-0.461739603750005
0.52681,-0.484890795598752
0.50445,-0.50685268517434
0.4813,-0.527567414456288
0.45741,-0.546985981463534
0.43284,-0.565061143261846
0.40764,-0.581756439087614
0.38187,-0.597038384109049
0.35558,-0.610884882579747
0.32884,-0.623269507753377
0.3017,-0.634178504881017
0.27421,-0.643609353296061
0.24645,-0.65154710516719
0.21845,-0.658004770314612
0.19029,-0.662981151102291
0.16201,-0.666493758513842
0.13368,-0.668553043368476
0.10534,-0.669186151826594
0.077055,-0.66841492109944
0.048873,-0.666269305439756
0.020851,-0.662778711461314
-0.0069634,-0.657978596545438
-0.034514,-0.651902274215486
-0.061759,-0.644591334501043
-0.088644,-0.636083818245427
-0.11512,-0.626418049153784
-0.14115,-0.615640555202954
-0.16669,-0.603798155588369
-0.19168,-0.590924880552175
-0.2161,-0.577073136228575
-0.2399,-0.562286546205985
-0.26304,-0.546607845300838
-0.28548,-0.530077830473481
-0.3072,-0.512749332773463
-0.32816,-0.494668563520859
-0.34832,-0.47587501654333
-0.36767,-0.456423722237079
-0.38617,-0.436358389414827
-0.4038,-0.415727011592371
-0.42055,-0.394586916720388
-0.43638,-0.372978996998932
-0.45128,-0.350951715294765
-0.46525,-0.328565449112731
-0.47826,-0.305866093366095
-0.4903,-0.282901117499241
-0.50138,-0.259732447862566
-0.51147,-0.236402093447285
-0.52058,-0.212964106592233
-0.52871,-0.189473036080762
-0.53586,-0.165982000476761
-0.54203,-0.142541157421332
-0.54724,-0.119211327237544
-0.55147,-0.096030310208028
-0.55476,-0.0730602816371719
-0.55711,-0.0503513948391123
-0.55853,-0.0279497342177308
-0.55905,-0.0059112109258723
-0.55868,0.0157170775467011
-0.55745,0.0368820631544908
-0.55537,0.0575425392849843
-0.55248,0.0776462504350474
-0.5488,0.0971486949404785
-0.54436,0.116005890778005
-0.53919,0.134175933546774
-0.53333,0.151612800510993
-0.52679,0.168291048698815
-0.51963,0.184166022590304
-0.51186,0.199216235294551
-0.50354,0.213402957551286
-0.49469,0.2267046527523
-0.48534,0.239107297683786
-0.47554,0.250588988945572
-0.46531,0.261144702052678
-0.45471,0.270754019518386
-0.44375,0.279422066354689
-0.43247,0.28715265959054
-0.42092,0.293941476842966
-0.40911,0.299807708844309
-0.39708,0.30476717164838
-0.38487,0.308832886695305
-0.37249,0.312037772534139
-0.35998,0.314408017676296
-0.34736,0.315978742988178
-0.33465,0.316791564331358
-0.32188,0.316885031136899
-0.30906,0.316309148256436
-0.29621,0.315114558990236
-0.28335,0.313351168801221
-0.27049,0.311074407554745
-0.25763,0.308350097734664
-0.2448,0.305228488106744
-0.232,0.301768057723018
-0.21923,0.298032260151954
-0.20649,0.29408674442432
-0.1938,0.289982228792998
-0.18114,0.285785419696579
-0.16852,0.28155171625849
-0.15595,0.277325661846149
-0.1434,0.273171140143852
-0.13089,0.269128631989802
-0.11841,0.265240517041847
-0.10594,0.261556603224728
-0.093496,0.258104364041259
-0.081061,0.254916545321281
-0.068633,0.252017768551144
-0.056205,0.249428739495225
-0.043773,0.24716382511928
-0.031333,0.245231489313691
-0.018878,0.243637025122856
-0.0064093,0.242376495238311
0.0060827,0.241446304301239
0.018597,0.240835024870265
0.031134,0.240525910794499
0.043701,0.240503152772573
0.056291,0.240741246085676
0.068908,0.241215412969822
0.081551,0.241898180980173
0.094213,0.242755989142846
0.1069,0.243760694420865
0.1196,0.244875812123136
0.13231,0.24606564299798
0.14503,0.247298202160894
0.15774,0.248530505920382
0.17044,0.249726608782762
0.18312,0.250849800043991
0.19576,0.251856364928461
0.20837,0.252720347277527
0.22091,0.253393907386183
0.23338,0.253842520972361
0.24577,0.254036043459975
0.25805,0.253934026665776
0.27021,0.253503746472326
0.28223,0.252712359311222
0.29409,0.251527997991167
0.30577,0.249920640977792
0.31725,0.247862776590212
0.32851,0.245329883653861
0.33953,0.242300749932715
0.35029,0.238757649180466
0.36075,0.23467160075459
0.37091,0.230035153782136
0.38073,0.224829088668098
0.39019,0.219040259591284
0.39927,0.212661016795039
0.40794,0.205681202012249
0.41618,0.198096546046717
0.42395,0.189893084954236
0.43125,0.181079218453142
0.43803,0.171644399051909
0.44428,0.161592879984028
0.44996,0.150918742482521
0.45506,0.139630400649148
0.45954,0.127725592297512
0.46338,0.115208466639605
0.46655,0.102080986294056
0.46903,0.0883508376816126
0.4708,0.0740302533051175
0.47182,0.05912014135466
0.47209,0.0436419481124512
0.47157,0.027603628687092
0.47025,0.0110243300897339
0.46811,-0.00607560575110336
0.46514,-0.0236679460866655
0.46132,-0.0417261824833366
0.45664,-0.0602184624754713
0.45109,-0.0791094475885943
0.44468,-0.0983471238387675
0.43739,-0.117889600949836
0.42922,-0.137689499854748
0.42019,-0.157681541494773
0.41028,-0.177817404581971
0.39953,-0.198019452174164
0.38793,-0.2182255819097
0.3755,-0.238365836079328
0.36226,-0.258365984133783
0.34824,-0.27814315165104
0.33345,-0.297624743448205
0.31793,-0.316726488921799
0.30171,-0.335364668865294
0.28482,-0.353458591104681
0.26729,-0.370932548547463
0.24916,-0.387709909520497
0.23048,-0.403708406058869
0.21129,-0.418851295785348
0.19162,-0.433076244535775
0.17154,-0.446305161602314
0.15107,-0.458486876905831
0.13028,-0.46955689738024
0.10921,-0.479464498732483
0.087913,-0.488162403928266
0.066438,-0.495610957704484
0.044841,-0.501773156377999
0.023169,-0.506622401937997
0.0014809,-0.510133015435144
-0.020178,-0.512291414315161
-0.041748,-0.513084081619787
-0.063182,-0.512507816374612
-0.084428,-0.510564760239473
-0.10543,-0.507258889929265
-0.12615,-0.502609382453958
-0.14653,-0.496632858032178
-0.16652,-0.489349805300511
-0.18608,-0.480791096165105
-0.20517,-0.470995537640475
-0.22373,-0.459992860531423
-0.24173,-0.447827174106242
-0.25913,-0.434545871138916
-0.27588,-0.420190560525128
-0.29196,-0.404819444613143
-0.30732,-0.388480506840789
-0.32193,-0.37122710136228
-0.33577,-0.35312293716376
-0.34881,-0.334231001472603
-0.36101,-0.314604606728646
-0.37235,-0.294302562268544
-0.38282,-0.273393827220719
-0.39239,-0.251938781703675
-0.40105,-0.230003900835507
-0.40878,-0.207651197926207
-0.41558,-0.184951989654378
-0.42143,-0.161968135308319
-0.42632,-0.138759316164723
-0.43026,-0.115396324125163
-0.43325,-0.0919492803118097
-0.43527,-0.0684707367293995
-0.43635,-0.0450342525251974
-0.43648,-0.0216983611146008
-0.43568,0.00147032430789335
-0.43396,0.0244083026493742
-0.43132,0.0470641402059483
-0.4278,0.0693684141449074
-0.4234,0.0912691285576933
-0.41815,0.112708045260337
-0.41208,0.133623968691271
-0.4052,0.153970264894844
-0.39756,0.173684237870771
-0.38917,0.192722035417427
-0.38007,0.211034526574206
-0.37029,0.228577587244229
-0.35988,0.245298064850751
-0.34887,0.261152278575857
-0.33729,0.276105893995902
-0.32518,0.290126191003664
-0.3126,0.303168384526491
-0.29957,0.315209272368359
-0.28614,0.326222020176094
-0.27236,0.336178114554224
-0.25827,0.345056355981969
-0.2439,0.352849908604714
-0.22931,0.359542017093688
-0.21453,0.365131046549782
-0.19961,0.369613269900654
-0.18458,0.372998615650322
-0.1695,0.375285999659897
-0.1544,0.37648807423828
-0.13933,0.376613809197139
-0.12431,0.375691506050872
-0.10939,0.373742444217011
-0.094595,0.370800470169748
-0.079969,0.366894879901633
-0.065543,0.362060371622297
-0.051349,0.356334533914755
-0.037412,0.349761630607498
-0.023758,0.342389528295284
-0.010418,0.334264131851424
0.0025923,0.325439924621196
0.015249,0.315970824538256
0.027535,0.305913887108872
0.039437,0.29532995159327
0.050937,0.284277741086297
0.062029,0.27282147609476
0.0727,0.261022780390727
0.082947,0.248946763634247
0.092761,0.236654965084231
0.10214,0.224209340678294
0.11109,0.211676175069103
0.11959,0.1991032074141
0.12767,0.186559334903049
0.13531,0.174091344704109
0.14253,0.161756158780873
0.14933,0.149602161264599
0.15572,0.137676547232476
0.1617,0.126016467356477
0.16728,0.11465693122757
0.17248,0.103637228978818
0.1773,0.0929838121299221
0.18177,0.082733810707509
0.18588,0.0729019413557482
0.18965,0.0635061898999376
0.19309,0.0545588459839719
0.19623,0.0460816345102031
0.19906,0.0380733078211677
0.20161,0.0305433000427492
0.20389,0.023494215391594
0.20591,0.0169227082407615
0.20768,0.0108203611777119
0.20923,0.00518934013670589
0.21056,1.77874953154506e-05
0.21167,-0.00471744092428798
0.2126,-0.00901867558702757
0.21334,-0.0129086286580263
0.2139,-0.0164112720803018
0.2143,-0.0195437715027203
0.21455,-0.0223249173538174
0.21464,-0.0247892480922485
0.21459,-0.0269610282744394
0.2144,-0.028870494239719
0.21408,-0.0305445727963742
0.21362,-0.0320216522217844
0.21302,-0.0333409824297478
0.2123,-0.0345266874132633
0.21143,-0.0356270110824855
0.21043,-0.0366713435548091
0.20928,-0.0377026166187688
0.20798,-0.0387586599153635
0.20653,-0.0398720791834555
0.20491,-0.0410850596898188
0.20312,-0.0424314493398975
0.20115,-0.0439447037186137
0.19898,-0.0456642807241942
0.19662,-0.0476110413607586
0.19406,-0.049804863313497
0.19128,-0.0522714527907592
0.18827,-0.0550328962602484
0.18502,-0.0581075347722712
0.18154,-0.0614951579355875
0.17781,-0.0652025233872931
0.17383,-0.069226770081584
0.16959,-0.073564501090962
0.16508,-0.0782117341110754
0.16031,-0.0831490999542455
0.15526,-0.0883673043345042
0.14995,-0.093835634530969
0.14436,-0.0995363205586135
0.13849,-0.105447543993136
0.13236,-0.111529877238275
0.12596,-0.11775280491078
0.11929,-0.124086314492385
0.11236,-0.13049414185408
0.10518,-0.136935907842639
0.097742,-0.143382285485915
0.090061,-0.149796647450787
0.082142,-0.15614489661891
0.07399,-0.162395948419697
0.065618,-0.168516148982982
0.057031,-0.174476695659249
0.048242,-0.180247676374843
0.039258,-0.185803665628729
0.030087,-0.191122955994998
0.02075,-0.196177978830894
0.011247,-0.200952888151668
0.0015975,-0.205427483744475
-0.0081889,-0.209586116857851
-0.018096,-0.213412546100977
-0.028115,-0.216896163262146
-0.038227,-0.220023921710455
-0.048419,-0.222785724610006
-0.058678,-0.225174323085954
-0.068983,-0.227179239805399
-0.079322,-0.228794521023855
-0.089676,-0.230013027409993
-0.10003,-0.230829993566613
-0.11036,-0.231236211962624
-0.12065,-0.231225218658227
-0.13089,-0.230797529509075
-0.14105,-0.229944641316015
-0.15111,-0.228658547327902
-0.16106,-0.226939384499269
-0.17087,-0.224779197301295
-0.18051,-0.222163843462058
-0.18998,-0.219096869546214
-0.19925,-0.215573925567163
-0.20829,-0.211584532909129
-0.21709,-0.207128446975508
-0.22562,-0.202198995492124
-0.23386,-0.196792001893224
-0.24179,-0.190905510880593
-0.24939,-0.184539509665574
-0.25664,-0.177695650678649
-0.2635,-0.17036218458756
-0.26998,-0.162553928754131
-0.27604,-0.15426983600776
-0.28166,-0.145510974542457
-0.28682,-0.136280155479091
-0.29151,-0.126588983218372
-0.29571,-0.116448517635449
-0.29941,-0.10587654911718
-0.30257,-0.0948736891258301
-0.3052,-0.083463697086343
-0.30727,-0.071658812516709
-0.30878,-0.0594838795610159
-0.30971,-0.0469584692321465
-0.31004,-0.0340973849150543
-0.30978,-0.0209333639368922
-0.3089,-0.00748313014221984
-0.30741,0.00622039762917453
-0.3053,0.0201469564767834
-0.30256,0.0342692825597804
-0.29918,0.0485633339615369
-0.29518,0.0629862128803558
-0.29054,0.0775106389841071
-0.28527,0.0921005742429986
-0.27938,0.106714010532021
-0.27285,0.121327571038143
-0.26572,0.135889311546049
-0.25798,0.150362783905074
-0.24964,0.164710388971126
-0.24072,0.178887410186385
-0.23123,0.192852190215929
-0.22118,0.206566873174051
-0.21058,0.219997925422799
-0.19947,0.233094266582448
-0.18784,0.245829272291678
-0.17574,0.258152650621902
-0.16317,0.270033636033473
-0.15015,0.281443534241494
-0.13673,0.292334217506841
-0.12291,0.302680458603163
-0.10873,0.312446902317659
-0.094222,0.321597216882138
-0.079403,0.33010666908749
-0.064313,0.337943862292732
-0.048983,0.345079857965199
-0.033444,0.351488803168039
-0.017736,0.357141700533256
-0.0018875,0.362016627979496
0.014058,0.366087190835912
0.030073,0.369336256079786
0.046115,0.371743851060908
0.062145,0.373291161478498
0.078134,0.373968523146254
0.094035,0.373760913190064
0.10982,0.372663751680181
0.12545,0.370673169481297
0.14088,0.367781833349197
0.15609,0.363998582691954
0.17103,0.359323148689636
0.18567,0.35376297787065
0.19998,0.34733177967218
0.21392,0.340040783877602
0.22746,0.331906528513087
0.24057,0.322949581593359
0.25322,0.313193387739428
0.26537,0.302655843266729
0.277,0.291364810663467
0.28807,0.279340757390989
0.29857,0.266619914463122
0.30846,0.253228136186618
0.31772,0.239197056886584
0.32632,0.224554746244047
0.33425,0.209340439012947
0.34148,0.193586514560946
0.34799,0.177326315742012
0.35378,0.160607799415208
0.35881,0.143459767718267
0.36307,0.125916891200687
0.36656,0.108024909682788
0.36926,0.0898223424314138
0.37117,0.071355500474978
0.37227,0.0526607782242256
0.37257,0.0337875997493613
0.37206,0.0147795799392723
0.37074,-0.00431833517165985
0.36862,-0.0234541669388243
0.3657,-0.0425792951188495
0.36198,-0.0616493682639918
0.35748,-0.0806101547663072
0.3522,-0.0994159915523671
0.34617,-0.118007463524018
0.3394,-0.136330762219388
0.3319,-0.154338366360674
0.3237,-0.171974657939971
0.31483,-0.189179339524809
0.30529,-0.205912509120511
0.29513,-0.222115194721366
0.28438,-0.237729818805522
0.27305,-0.252716660861796
0.26118,-0.267029707064088
0.24882,-0.280612146734582
0.23599,-0.29342260098881
0.22272,-0.305426291827951
0.20906,-0.316580370412372
0.19505,-0.32684448220229
0.18073,-0.336181815819238
0.16612,-0.344574655306952
0.15129,-0.351984650567842
0.13626,-0.358395279023398
0.12108,-0.363786325264352
0.10579,-0.368142988624862
0.09043,-0.371455670887761
0.075048,-0.373713739834648
0.059678,-0.374916783079455
0.044368,-0.375062687298734
0.029148,-0.374161723570037
0.014065,-0.37222167167137
-0.00084811,-0.369258880588238
-0.015554,-0.365293214130697
-0.030017,-0.360348372001885
-0.044209,-0.354456383285198
-0.05809,-0.347646596457398
-0.071636,-0.339957467922554
-0.084819,-0.331431001549145
-0.097608,-0.322108881743597
-0.10998,-0.312037461518753
-0.12192,-0.301271626548098
-0.13339,-0.289854725318444
-0.14439,-0.277847767445725
-0.15489,-0.265302171083098
-0.16489,-0.252282390367063
-0.17435,-0.23883200158873
-0.18329,-0.225020833790897
-0.19169,-0.210908286744338
-0.19954,-0.196550989535643
-0.20683,-0.182001605474067
-0.21357,-0.16732273527769
-0.21976,-0.1525756583612
-0.2254,-0.137818667919216
-0.23049,-0.123105777102549
-0.23504,-0.108493157971069
-0.23905,-0.0940294633963309
-0.24254,-0.0797703932359494
-0.24553,-0.0657754502777945
-0.24801,-0.0520830280928988
-0.25001,-0.0387426293767005
-0.25155,-0.0258035569504666
-0.25263,-0.0132984075008585
-0.25328,-0.00126716747499804
-0.25352,0.0102531429926019
-0.25337,0.0212293370466916
-0.25284,0.0316400593745537
-0.25197,0.0414523405493555
-0.25076,0.050654764378981
-0.24924,0.0592318634177792
-0.24743,0.0671731636861503
-0.24536,0.0744655307003792
-0.24303,0.0811166384073951
-0.24048,0.0871215598216963
-0.23772,0.0924879159125803
-0.23477,0.0972262091374665
-0.23164,0.101356732533668
-0.22836,0.104892669370952
-0.22494,0.107856207171241
-0.22139,0.110276469846499
-0.21773,0.112180250100283
-0.21396,0.11360675616075
-0.21012,0.114574763355286
-0.20619,0.115130591136931
-0.2022,0.11530467228509
-0.19814,0.115143498587217
-0.19403,0.114683143839503
-0.18988,0.113957744987646
-0.18568,0.113013748254624
-0.18145,0.111884069343926
-0.17718,0.110611965884948
-0.17287,0.109240400505874
-0.16854,0.107796056784123
-0.16418,0.1063138257163
-0.15979,0.104826725825668
-0.15537,0.103365214184002
-0.15093,0.10194928305884
-0.14645,0.100611931390026
-0.14194,0.0993733650911935
-0.13739,0.0982575093736977
-0.13281,0.0972756257115834
-0.12819,0.096443015170198
-0.12353,0.0957701879130175
-0.11881,0.0952780678616622
-0.11405,0.094965606825041
-0.10922,0.0948508171181693
-0.10434,0.0949293936308992
-0.099384,0.0952129538168334
-0.094363,0.0956980649120492
-0.089257,0.0963919773751156
-0.084071,0.0972916793110997
-0.078795,0.0983968768103155
-0.073424,0.0997056015350484
-0.067952,0.101215165622246
-0.062374,0.102921481803477
-0.056685,0.104819302593458
-0.05088,0.106902454363381
-0.044954,0.109164061753866
-0.0389,0.111598238390299
-0.032718,0.114194779370964
-0.0264,0.11694609980123
-0.019943,0.119843156005091
-0.013345,0.122875166349431
-0.0066013,0.126032177183079
0.00029081,0.129303651775652
0.0073337,0.132678579413581
0.014527,0.136143809561493
0.021872,0.139686027280656
0.02937,0.143292138646414
0.037019,0.146947137712585
0.044817,0.150634886028028
0.052759,0.154336559057322
0.060847,0.158036869078338
0.069068,0.161712728014431
0.077419,0.165342809789075
0.085893,0.168904866094402
0.094479,0.172373599548688
0.10317,0.175724955448753
0.11195,0.178929944713062
0.12081,0.181961637774767
0.12973,0.184787446282074
0.13871,0.187385991118312
0.14772,0.189723442185085
0.15675,0.191771761558225
0.16578,0.193501077029938
0.1748,0.194888391153046
0.18377,0.195894847278566
0.1927,0.196506993464041
0.20154,0.196688037957012
0.21029,0.196420531493783
0.21892,0.195681102725915
0.22741,0.194449844704292
0.23574,0.192710394088966
0.24387,0.190435111991146
0.2518,0.187617806466701
0.2595,0.184247785625724
0.26693,0.180303853672493
0.27408,0.175779312882062
0.28092,0.170664758535476
0.28742,0.164949073365105
0.29356,0.158627659048471
0.29932,0.151701503018093
0.30466,0.144161483915804
0.30956,0.136005552853684
0.314,0.127237596536535
0.31794,0.117851570366948
0.32138,0.107863332587976
0.32427,0.097269162280358
0.3266,0.086079383639689
0.32835,0.0743081076525887
0.3295,0.0619722592713233
0.33002,0.0490833071235239
0.32989,0.0356555094054291
0.32911,0.021719869618359
0.32764,0.00729056550132636
0.32548,-0.00760252571550123
0.32263,-0.022917619726034
0.31905,-0.0386339857281337
0.31475,-0.0547114343686694
0.30973,-0.0711025659936021
0.30396,-0.0877776351105704
0.29747,-0.104677600067252
0.29023,-0.121765815166809
0.28226,-0.138987780675449
0.27356,-0.156290966241814
0.26413,-0.173625964569684
0.25398,-0.190939976641966
0.24313,-0.208171671873094
0.23158,-0.225269475128844
0.21936,-0.242169099137021
0.20648,-0.258812769483294
0.19295,-0.275149783787795
0.17881,-0.291114619717026
0.16408,-0.306646668124632
0.14879,-0.321683838138589
0.13295,-0.336179658067081
0.11661,-0.350072301522122
0.099802,-0.363302928469783
0.082557,-0.375817824529607
0.06491,-0.387566315269082
0.046903,-0.398496802272249
0.028575,-0.408560996394339
0.0099713,-0.41771037210716
-0.0088715,-0.425904417038072
-0.027901,-0.433098958538399
-0.047073,-0.439254601382376
-0.066344,-0.444337856851244
-0.085661,-0.448314357256479
-0.10497,-0.451149690067435
-0.12423,-0.452820418422073
-0.14339,-0.453305666452728
-0.16238,-0.452573604534569
-0.18117,-0.450614459557407
-0.19969,-0.44740737271905
-0.2179,-0.442945736857252
-0.23574,-0.437220250266397
-0.25317,-0.430234899849816
-0.27012,-0.421982497750117
-0.28655,-0.41246960561833
-0.3024,-0.401699262419094
-0.31764,-0.389694118497386
-0.3322,-0.376462778463143
-0.34604,-0.362024780089149
-0.35913,-0.346415622497186
-0.37141,-0.329660802640658
-0.38284,-0.311792091584357
-0.39339,-0.292853057284175
-0.40302,-0.272888393095034
-0.41169,-0.251942648795544
-0.41937,-0.230066566215928
-0.42604,-0.207321991100855
-0.43165,-0.183755924741531
-0.43621,-0.159446518431039
-0.43968,-0.134457948212757
-0.44204,-0.108856140247205
-0.44329,-0.0827213494396338
-0.4434,-0.0561209115944853
-0.44238,-0.0291393481121424
-0.44021,-0.00185037186037587
-0.4369,0.0256610557563323
-0.43245,0.0533108618162971
-0.42687,0.0810108613362418
-0.42016,0.108679665188248
-0.41234,0.136229146154848
-0.40343,0.163568530089993
-0.39344,0.190615187489813
-0.38241,0.217273569886036
-0.37035,0.243462972779869
-0.35731,0.269087782951589
-0.34332,0.29405828607454
-0.32841,0.318292515437596
-0.31263,0.341702781026973
-0.29603,0.364199770388818
-0.27865,0.385703306982431
-0.26054,0.406136015998054
-0.24177,0.425410766853465
-0.22238,0.443457792390436
-0.20244,0.460201734395228
-0.18201,0.475572883136857
-0.16115,0.489508696509786
-0.13994,0.501940051308648
-0.11843,0.512817311409748
-0.096686,0.522096815987472
-0.07479,0.529729833875534
-0.052802,0.535681878998687
-0.030793,0.53992348908845
-0.0088318,0.542432413956677
0.013018,0.543197390304207
0.034682,0.542209042314417
0.056102,0.53947243861489
0.07721,0.534997577345966
0.097941,0.5288010209204
0.11824,0.520912178362049
0.13804,0.511361722024637
0.15728,0.500185481375008
0.17591,0.487431092208629
0.19388,0.473154867001567
0.21114,0.457418997340672
0.22763,0.440281689996565
0.24332,0.421818840700699
0.25815,0.402096609762119
0.2721,0.381201284684849
0.28512,0.359210995718526
0.29717,0.336202653609696
0.30824,0.312272300618571
0.31829,0.287506592885059
0.32729,0.26198958488487
0.33523,0.235815597897148
0.34209,0.20907709148842
0.34785,0.181862284360314
0.35251,0.154268087438892
0.35605,0.126380674638528
0.35847,0.0982896412651405
0.35977,0.0700844932585943
0.35996,0.0418591860140962
0.35904,0.0137008441836006
0.35702,-0.0143043946172176
0.35392,-0.0420666748687188
0.34975,-0.069503542195519
0.34453,-0.0965339464214963
0.33829,-0.12307339363323
0.33106,-0.149037536146726
0.32287,-0.174345074948552
0.31375,-0.198920037222829
0.30375,-0.222678695652805
0.2929,-0.24554881844993
0.28125,-0.26745531249469
0.26884,-0.288330924916651
0.25574,-0.308095081641403
0.24199,-0.326681551186938
0.22766,-0.344015994845864
0.21279,-0.360042466052405
0.19745,-0.374699919220004
0.18171,-0.387925594377965
0.16563,-0.399665172446367
0.14928,-0.409865945810887
0.13272,-0.418486061200454
0.11602,-0.425486889482439
0.099259,-0.430827518904277
0.082498,-0.434480324941949
0.065813,-0.4364187525462
0.049271,-0.436625174566616
0.032946,-0.435085136534111
0.016902,-0.43179518508381
0.0012148,-0.426752741292162
-0.014055,-0.41996785454415
-0.028832,-0.411450126135981
-0.04306,-0.40122329207203
-0.056673,-0.38931512363273
-0.069608,-0.375758609687334
-0.081815,-0.360600124351422
-0.09323,-0.343885649051874
-0.10381,-0.32567551443295
-0.1135,-0.306031451213838
-0.12226,-0.28502603390193
-0.13004,-0.26273146288963
-0.13682,-0.23924006101716
-0.14257,-0.214650635487609
-0.14724,-0.189049861050133
-0.15084,-0.162556685604078
-0.15333,-0.135275868687891
-0.1547,-0.107320005433449
-0.15497,-0.078827004200912
-0.15411,-0.0499142944311704
-0.15215,-0.0207237345304681
-0.14909,0.00860946080268861
-0.14494,0.0379520723096823
-0.13973,0.0671617567219975
-0.1335,0.0960857736771573
-0.12626,0.124589870663071
-0.11805,0.152536780706875
-0.10893,0.179776427020943
-0.098929,0.206176122757686
-0.088102,0.231602358534467
-0.076509,0.255921728574638
-0.064201,0.279012065897515
-0.05124,0.30075637387187
-0.037696,0.321040053157832
-0.023629,0.339761940150158
-0.0091129,0.35682520004742
0.0057825,0.372143201648318
0.020981,0.385636226546205
0.036416,0.39724047274309
0.052006,0.406896773942744
0.067677,0.414557940136019
0.083354,0.420188054555208
0.098961,0.423761590042104
0.11442,0.425261654240521
0.12966,0.424684967770207
0.14461,0.422040303460562
0.15919,0.417340209726453
0.17333,0.41060823398001
0.18697,0.40188439932845
0.20002,0.39119954532474
0.21244,0.37861398204334
0.22415,0.364181249429506
0.2351,0.347970786954252
0.24523,0.330056130036671
0.25449,0.310520010307037
0.26282,0.289443355652783
0.27018,0.266918578781978
0.27653,0.243045122138496
0.28182,0.217918215052173
0.28603,0.191649426324153
0.28913,0.164353150825458
0.29107,0.136128174052836
0.29186,0.107102304347544
0.29146,0.0773861724713073
0.28986,0.0470955411470606
0.28706,0.016354287516746
0.28305,-0.0147182502939309
0.27783,-0.046002623245699
0.2714,-0.0773829847605444
0.26378,-0.108735250979172
0.25497,-0.139947403334262
0.24499,-0.170906004534489
0.23386,-0.20150020575044
0.22162,-0.231610148847715
0.20828,-0.261134863787798
0.19388,-0.289969924986921
0.17845,-0.318019149217361
0.16205,-0.345174241690015
0.14471,-0.371343094410844
0.12647,-0.396442610374994
0.1074,-0.420377913853111
0.087534,-0.443074714183544
0.066941,-0.464452349886499
0.045676,-0.484438471536121
0.023802,-0.502964381847831
0.0013829,-0.519966433009037
-0.021516,-0.535386643167544
-0.044824,-0.549170076419973
-0.068472,-0.561267813799125
-0.092391,-0.571638065441374
-0.1165,-0.580237913284269
-0.14074,-0.58704180856471
-0.16502,-0.5920160684853
-0.18927,-0.595137700652122
-0.21341,-0.596386336537782
-0.23738,-0.595759825542631
-0.26108,-0.5932419239697
-0.28446,-0.588843143732476
-0.30743,-0.582566381215016
-0.32991,-0.574416353213236
-0.35184,-0.564414501346329
-0.37314,-0.552580951896836
-0.39375,-0.538949553697122
-0.41359,-0.523550011111429
-0.4326,-0.506423126143544
-0.45072,-0.487617954823096
-0.46787,-0.467174461643046
-0.48401,-0.445154095721143
-0.49907,-0.421612057696324
-0.513,-0.396612041027482
-0.52574,-0.370215647468414
-0.53726,-0.34250344628003
-0.54751,-0.313554430974223
-0.55644,-0.283444242802359
-0.56402,-0.252258556005457
-0.57021,-0.220081366757065
-0.57498,-0.187000340037292
-0.57832,-0.153118371713508
-0.58019,-0.118525488558104
-0.58057,-0.0833134576027751
-0.57947,-0.0475948603293215
-0.57686,-0.0114661191605352
-0.57274,0.0249701611218677
-0.56711,0.0616095871199714
-0.55998,0.0983422042758056
-0.55135,0.135064431916312
-0.54123,0.171673769103794
-0.52966,0.208049744644422
-0.51663,0.244098226682963
-0.50218,0.279712534406456
-0.48635,0.314779433611364
-0.46915,0.349206345959204
-0.45064,0.382883609799032
-0.43086,0.415706299381084
-0.40984,0.447584309346601
-0.38765,0.478413147456209
-0.36433,0.508102552821152
-0.33994,0.53656222550308
-0.31455,0.563697736933378
-0.28821,0.589429533400404
-0.26099,0.613678294475146
-0.23296,0.636367925084746
-0.20419,0.65742787960231
-0.17476,0.676787491384356
-0.14474,0.694386191051041
-0.11419,0.710181478110161
-0.083215,0.724114193074548
-0.051871,0.736150458540119
-0.020245,0.746255639956698
0.011583,0.754401466543523
0.043538,0.7605700949667
0.075536,0.764746732095816
0.1075,0.766925410053589
0.13935,0.767105978787442
0.17101,0.765296670737155
0.2024,0.761509991909483
0.23344,0.755762211717667
0.26405,0.748072804089202
0.29417,0.73847865963588
0.32372,0.727015462364425
0.35262,0.713717450201468
0.38082,0.698639389581889
0.40823,0.681821933381247
0.4348,0.663323178519477
0.46047,0.643206614737406
0.48517,0.621531224720724
0.50886,0.598373147558911
0.53147,0.573798264982999
0.55295,0.547877295092099
0.57327,0.520697776527354
0.59237,0.492336268391355
0.61021,0.462873152497498
0.62675,0.432389613817398
0.64196,0.40097253664401
0.65581,0.368710863782027
0.66827,0.335692565167718
0.6793,0.301994774007983
0.6889,0.267713051797141
0.69705,0.232940091354946
0.70371,0.197748590591539
0.7089,0.162237088791062
0.71259,0.126484857438762
0.71479,0.0905825816351269
0.7155,0.0546197817348237
0.71471,0.018674683393612
0.71244,-0.017164100767099
0.7087,-0.0528099675713029
0.70349,-0.0881882794337771
0.69684,-0.123214519349224
0.68877,-0.157806536217822
0.67931,-0.191879567306484
0.66846,-0.225371896797147
0.65628,-0.258198392370947
0.64279,-0.290287625517078
0.62803,-0.321567057810245
0.61203,-0.351973332122859
0.59483,-0.381445542691546
0.57649,-0.40991235020572
0.55703,-0.437326236200079
0.53652,-0.463623930529624
0.51499,-0.488761485443989
0.49251,-0.512682863728231
0.46913,-0.535339300410782
0.44489,-0.556697310692178
0.41987,-0.576707763255949
0.39411,-0.595340508459002
0.36768,-0.612560006594901
0.34064,-0.628335394774595
0.31305,-0.642641060423002
0.28497,-0.655456951425432
0.25647,-0.66676126552905
0.22762,-0.676531972301625
0.19847,-0.684762813063479
0.16909,-0.69144618729351
0.13955,-0.696574161831581
0.1099,-0.700154053697635
0.080223,-0.702181369544305
0.050571,-0.702665603742884
0.021004,-0.701621793980937
-0.0084137,-0.699066284631122
-0.03762,-0.695018049957182
-0.066562,-0.689504834388425
-0.09518,-0.682556008620068
-0.12341,-0.674198581744405
-0.15122,-0.664480858401354
-0.17853,-0.653431752767874
-0.20531,-0.641100938673447
-0.2315,-0.627531463008241
-0.25706,-0.612774791996939
-0.28194,-0.596880489970537
-0.30611,-0.579910102779247
-0.32951,-0.561911018141093
-0.35212,-0.542947495626167
-0.3739,-0.523080827231929
-0.39481,-0.502368183681914
-0.41482,-0.480869143796028
-0.4339,-0.458643463897258
-0.45203,-0.435756643089735
-0.46917,-0.412262041961687
-0.4853,-0.388216335073036
-0.5004,-0.363677058947713
-0.51445,-0.338700595577871
-0.52743,-0.313340556024138
-0.53933,-0.287653925865448
-0.55013,-0.261691122480039
-0.55982,-0.235502926934958
-0.56839,-0.209138650491272
-0.57583,-0.182644685142273
-0.58214,-0.156070798460952
-0.58732,-0.129467719944139
-0.59137,-0.102885167962807
-0.59428,-0.0763628805888347
-0.59607,-0.0499532208537954
-0.59674,-0.0237020898261282
-0.5963,0.00234410116279349
-0.59477,0.0281328292409899
-0.59215,0.0536232925259921
-0.58846,0.0787709022048921
-0.58373,0.10352227929974
-0.57797,0.127833631416154
-0.5712,0.151663133315335
-0.56345,0.174964741820827
-0.55475,0.19769071137212
-0.54511,0.21980845764839
-0.53458,0.241269385385977
-0.52317,0.262043344848649
-0.51092,0.282094151010398
-0.49786,0.301389593746006
-0.48403,0.319894599575708
-0.46945,0.337587977910124
-0.45417,0.354438574128915
-0.43821,0.370430675588679
-0.42162,0.385539700780211
-0.40443,0.39974980415225
-0.38668,0.413045635300821
-0.36841,0.425413069080844
-0.34966,0.436839745104351
-0.33046,0.44732283903965
-0.31085,0.456860275477714
-0.29087,0.465451005325943
-0.27057,0.473087781050234
-0.24997,0.479781056215848
-0.22913,0.485526000813803
-0.20807,0.490335460614648
-0.18684,0.494214270098373
-0.16548,0.497168321848627
-0.14403,0.499204425157139
-0.12252,0.500337547501593
-0.101,0.50057423488299
-0.079502,0.499927550290031
-0.058069,0.498407475288928
-0.036737,0.496026550228974
-0.015544,0.49279767932889
0.0054688,0.488731448591106
0.026269,0.483842882565954
0.046816,0.47814418797788
0.067077,0.471650798443739
0.087015,0.464377273678795
0.1066,0.456342289141741
0.1258,0.447565883421446
0.14457,0.438059054825963
0.1629,0.427851096545453
0.18076,0.416970471774743
0.19811,0.405436807789271
0.21494,0.393284233783366
0.23122,0.380542823154557
0.24693,0.367245917761276
0.26205,0.353428530889981
0.27656,0.339126000962097
0.29046,0.324387675696711
0.30371,0.30924318629603
0.31633,0.293749714656853
0.32827,0.277933206957337
0.33955,0.26184532595031
0.35015,0.245527310918136
0.36006,0.229018089674739
0.36927,0.212353453373487
0.37779,0.195580251829697
0.3856,0.178730559280454
0.3927,0.161838199537573
0.39909,0.144937212178562
0.40476,0.128053209872866
0.40971,0.111211413974345
0.41395,0.094443138948687
0.41746,0.0777612789482307
0.42025,0.0611853987276229
0.42232,0.0447322011243588
0.42367,0.0284153260118034
0.4243,0.0122452725550239
0.42421,-0.00377057523694468
0.4234,-0.0196278383477009
0.42188,-0.0353175671537411
0.41965,-0.050835029466912
0.4167,-0.0661866732833518
0.41306,-0.0813584581731763
0.40872,-0.0963500074480345
0.40369,-0.111157388305888
0.39798,-0.125774110724039
0.3916,-0.140191981797216
0.38456,-0.154401826314091
0.37687,-0.168394084451246
0.36855,-0.182151899384778
0.35961,-0.195660518939945
0.35008,-0.208892624492624
0.33995,-0.221841209132879
0.32927,-0.234471595382425
0.31805,-0.246757437056448
0.30632,-0.258665140375402
0.29409,-0.270171095665849
0.28141,-0.281230940231464
0.26829,-0.291814497172938
0.25476,-0.301889204623982
0.24086,-0.311414236663268
0.22662,-0.32035077550669
0.21207,-0.328662854860384
0.19724,-0.336317984965467
0.18218,-0.343272786838291
0.1669,-0.349506081955789
0.15146,-0.3549784369087
0.13587,-0.359674001391437
0.12018,-0.363567059809881
0.10443,-0.3666323134896
0.088646,-0.368856109037287
0.07286,-0.370230401972766
0.057112,-0.370746268772626
0.041426,-0.370406442435115
0.025845,-0.369209218166762
0.010391,-0.367165168074955
-0.0049019,-0.364285798938199
-0.020002,-0.360585094664897
-0.034889,-0.35608732957609
-0.04953,-0.350815328925953
-0.063902,-0.344797660680096
-0.077979,-0.338064713447688
-0.09174,-0.330651378185227
-0.10516,-0.322592407142033
-0.11822,-0.313926042507278
-0.13089,-0.304684244814466
-0.14317,-0.294915274177947
-0.15502,-0.284649669376663
-0.16644,-0.273932425038689
-0.1774,-0.26279674863862
-0.18789,-0.251280170940533
-0.19791,-0.239429998957269
-0.20742,-0.227270459997972
-0.21643,-0.21484335460152
-0.22493,-0.202188578208977
-0.2329,-0.189335858838671
-0.24033,-0.176313127530621
-0.24722,-0.163153295523474
-0.25356,-0.149884790894136
-0.25935,-0.136538833348534
-0.2646,-0.123155221072766
-0.26928,-0.109749786994081
-0.2734,-0.0963479409215857
-0.27698,-0.0829892645995478
-0.28,-0.0696938795215066
-0.28247,-0.0564876063180114
-0.2844,-0.043399899170961
-0.28579,-0.0304546967373904
-0.28665,-0.0176779804689729
-0.28698,-0.00508901777609501
-0.2868,0.00728433343005716
-0.28611,0.0194230936128246
-0.28494,0.0312940265261824
-0.28327,0.0428905313968673
-0.28114,0.0541835585506678
-0.27854,0.0651639853514393
-0.2755,0.0758096815273965
-0.27202,0.0861110733584766
-0.26812,0.0960544352641759
-0.26381,0.105630716249344
-0.25911,0.114827730515416
-0.25404,0.12363133045737
-0.24859,0.132048584685725
-0.24279,0.140074138597615
-0.23664,0.147715186340246
-0.23018,0.154959479134101
-0.2234,0.16181659225838
-0.21632,0.16829144253412
-0.20896,0.174385246111159
-0.20133,0.180103760153652
-0.19345,0.185449001705619
-0.18532,0.190434847928901
-0.17697,0.195062311095852
-0.16841,0.199336907555411
-0.15966,0.203260334003259
-0.15072,0.206846039621821
-0.14163,0.210087087002548
-0.13238,0.212997328388288
-0.12301,0.215570084561886
-0.11353,0.217804533069804
-0.10394,0.219712024369043
-0.094281,0.221283142101281
-0.084554,0.222521589616948
-0.074781,0.22342604038164
-0.064977,0.223996352776819
-0.055162,0.224229667902519
-0.04535,0.224125469042375
-0.035558,0.223682942200367
-0.025803,0.222901075957651
-0.016103,0.221778005974169
-0.0064725,0.220313836229627
0.0030705,0.218507684989705
0.012511,0.216360136885009
0.021833,0.213872222315589
0.031021,0.211045692618847
0.040058,0.207881742442217
0.048932,0.204384800364508
0.057624,0.200556623678886
0.066124,0.19640343954189
0.074416,0.191930488597603
0.082488,0.187145046883989
0.090327,0.182055106458251
0.097922,0.176670508810517
0.10526,0.171000847237073
0.11233,0.165056735138272
0.11912,0.158848576365119
0.12562,0.15238779208572
0.13184,0.145701094103923
0.13774,0.138789816213132
0.14333,0.131671736757388
0.14861,0.124369976605445
0.15356,0.116896520553638
0.15819,0.109276191004498
0.16248,0.101521251264864
0.16643,0.0936482318148443
0.17005,0.0856839763328247
0.17333,0.0776480607547797
0.17626,0.0695535914269294
0.17885,0.0614227922927393
0.1811,0.0532771415249048
0.183,0.045129437099007
0.18457,0.0370072008940625
0.1858,0.0289267822830432
0.18669,0.020902352831815
0.18726,0.0129605982930305
0.18749,0.00510785961238715
0.1874,-0.00263666367463351
0.18699,-0.01025886571626
0.18626,-0.0177492761071584
0.18522,-0.0250951800879646
0.18387,-0.0322891423992921
0.18222,-0.039320946086012
0.18027,-0.0461859577061114
0.17803,-0.0528769293061386
0.1755,-0.0593922475123658
0.17269,-0.0657276388500238
0.1696,-0.0718843402742334
0.16624,-0.0778607425727992
0.16262,-0.0836531160275955
0.15874,-0.0892636358542617
0.1546,-0.0946992987874762
0.15022,-0.0999561274050221
0.1456,-0.10503629284826
0.14074,-0.109946955778396
0.13565,-0.114691805900025
0.13034,-0.119271718037191
0.12481,-0.123692737943092
0.11909,-0.12794279075083
0.11316,-0.132032536929542
0.10705,-0.135953751351811
0.10076,-0.13970543321521
0.0943,-0.143285070003901
0.087687,-0.146683856114477
0.08093,-0.149894090748488
0.074042,-0.152906236159457
0.067035,-0.155710295896005
0.059926,-0.158292502148595
0.052726,-0.160640882331603
0.045451,-0.162741568990835
0.038117,-0.16457957916494
0.03074,-0.166139476390679
0.023336,-0.167405922732025
0.015921,-0.168364128771385
0.0085113,-0.168999987967966
0.0011265,-0.169297955080076
-0.0062166,-0.169243890286088
-0.013501,-0.168825102185559
-0.020707,-0.168028502222409
-0.02782,-0.166844901161448
-0.034819,-0.165263869850498
-0.041687,-0.163277323533924
-0.048406,-0.160878652776752
-0.05496,-0.158064205389096
-0.061331,-0.154831445913137
-0.0675,-0.151178180531802
-0.073454,-0.147107096870115
-0.079176,-0.142621897641838
-0.084653,-0.137730070706468
-0.089865,-0.132436879902937
-0.094807,-0.126756842044058
-0.099462,-0.12070276069576
-0.10382,-0.114290974737563
-0.10787,-0.107539565834171
-0.11161,-0.100474253463803
-0.11502,-0.0931129650714555
-0.11811,-0.0854890857954035
-0.12087,-0.0776328029207393
-0.12329,-0.0695709281345279
-0.12538,-0.0613416089287283
-0.12713,-0.0529762913201806
-0.12854,-0.0445075232010316
-0.12963,-0.0359825904843781
-0.1304,-0.0274445312134895
-0.13085,-0.0189317139405245
-0.13099,-0.0104849838999276
-0.13083,-0.00214594099560109
-0.13038,0.00604448490003981
-0.12966,0.0140397860305682
-0.12868,0.0217977932225233
-0.12746,0.0292737815930589
-0.126,0.0364371900574715
-0.12433,0.0432477697370976
-0.12247,0.0496662050162291
-0.12042,0.0556700531496573
-0.11822,0.0612217939156386
-0.11588,0.0662952439270048
-0.11343,0.070859571154618
-0.11087,0.0749035211119422
-0.10823,0.078410065842754
-0.10553,0.0813657034546729
-0.10279,0.0837604529288825
-0.10002,0.0855951497957917
-0.09725,0.0868648503422594
-0.09449,0.0875751745041913
-0.091761,0.0877322601177964
-0.089073,0.0873509105179513
-0.086447,0.0864446461272734
-0.083893,0.0850339689659362
-0.081425,0.0831417248044732
-0.079054,0.0807944584507739
-0.076795,0.0780182053062814
-0.074651,0.0748469185568367
-0.072635,0.0713127584220534
-0.070753,0.0674508568864506
-0.06901,0.0632986129529424
-0.067413,0.0588928193479303
-0.065962,0.0542739901491743
-0.064661,0.0494815894506202
-0.063511,0.0445553630850276
-0.062513,0.039534157975177
-0.06166,0.0344608863984629
-0.060956,0.0293723466967349
-0.060393,0.0243081645724022
-0.059967,0.0193060710789753
-0.059671,0.014403305948833
-0.059503,0.00963182567300355
-0.059449,0.00502713508938844
-0.059502,0.000621249480337104
-0.059658,-0.00355994006650925
-0.059896,-0.00748385088280092
-0.060214,-0.0111276833056799
-0.060596,-0.014467044176527
-0.061033,-0.0174823569072117
-0.061509,-0.0201535484722088
-0.062013,-0.0224646548370628
-0.062532,-0.0244022469117334
-0.063055,-0.0259570526699074
-0.063567,-0.0271207140857737
-0.064051,-0.0278846197924973
-0.064504,-0.0282507948792452
-0.064904,-0.0282159878946175
-0.065242,-0.0277826364922665
-0.065508,-0.0269571886319303
-0.065688,-0.0257464155897237
-0.065771,-0.0241595924714972
-0.065745,-0.0222072144533485
-0.065604,-0.0199050912937318
-0.065335,-0.0172678782780679
-0.064927,-0.0143105289166087
-0.064376,-0.0110531354249641
-0.063671,-0.00751432543194634
-0.062805,-0.0037140944141607
-0.061769,0.00032840547910701
-0.060564,0.00458776802065798
-0.059179,0.00904306197041272
-0.057611,0.0136715891844665
-0.055855,0.0184513153818038
-0.05391,0.02335838969445
-0.051769,0.028372604237079
-0.049435,0.0334698814666893
-0.046904,0.0386289056616475
-0.044175,0.0438290123611921
-0.041247,0.0490507028386881
-0.03812,0.0542752994471526
-0.034792,0.0594868749264336
-0.031266,0.064668566951076
-0.027541,0.0698062940688643
-0.023619,0.0748865059006828
-0.019501,0.079897318555394
-0.015187,0.0848293889104874
-0.010682,0.0896721170838674
-0.0059843,0.0944192707476167
-0.0011027,0.0990606819408677
0.0039642,0.103590963492385
0.0092112,0.108003982009665
0.014634,0.112293967280237
0.020225,0.116453284480142
0.025981,0.120476376521507
0.031897,0.124358298758219
0.03796,0.128088932651171
0.044167,0.131661762539046
0.050507,0.135067540135162
0.056971,0.138296643516591
0.063549,0.141338765981754
0.070231,0.144183421824835
0.077004,0.146818139162075
0.08386,0.149232971806352
0.09078,0.151412237285402
0.097754,0.153342798223294
0.10477,0.155012537267811
0.11181,0.156406147750177
0.11885,0.157501822404538
0.12589,0.158290942317405
0.1329,0.158753674313788
0.13987,0.158876578044076
0.14678,0.158644443879009
0.1536,0.158033764013336
0.16033,0.15703727020628
0.16694,0.155638923550079
0.1734,0.153816174460844
0.1797,0.151556738864732
0.18582,0.148849674678705
0.19173,0.145678162108383
0.19742,0.142036023290459
0.20286,0.13791117927388
0.20803,0.133294657829211
0.21291,0.128180373201422
0.21748,0.122564875251549
0.22172,0.116447077571641
0.22562,0.109835371298071
0.22914,0.10272352279404
0.23228,0.0951233859148247
0.23502,0.0870464165772704
0.23734,0.0785035727913483
0.23922,0.0695052281925186
0.24064,0.0600611003120135
0.24161,0.0502023884374058
0.2421,0.039947283085234
0.2421,0.0293178618293969
0.24161,0.0183461858226124
0.24062,0.00706415229875745
0.23911,-0.00450470082551657
0.2371,-0.0163146280135088
0.23456,-0.0283401956396178
0.23152,-0.0405286886564316
0.22795,-0.0528512338136671
0.22388,-0.0652546543810867
0.2193,-0.0776972802784149
0.21422,-0.0901331542626723
0.20864,-0.102521632971306
0.20259,-0.114805422112301
0.19605,-0.126952492544856
0.18906,-0.138907877742501
0.18162,-0.150629397322812
0.17374,-0.162079152450519
0.16545,-0.17320918879088
0.15675,-0.183987192181727
0.14767,-0.194372431785748
0.13822,-0.204333582008789
0.12842,-0.213840661693126
0.11829,-0.222865907836291
0.10786,-0.23137702564047
0.09714,-0.239354052638494
0.086158,-0.246774529421648
0.074935,-0.25362010242145
0.063496,-0.259873596218694
0.051868,-0.265518096020261
0.040071,-0.270542849386302
0.028138,-0.27493306310514
0.01609,-0.278680263722795
0.0039579,-0.281774275518907
-0.0082306,-0.284206477094722
-0.02045,-0.285971633291934
-0.032669,-0.287063356500564
-0.044861,-0.287478231631896
-0.056997,-0.287213799852441
-0.069049,-0.286269411746174
-0.080985,-0.284643156422686
-0.092782,-0.282339020724773
-0.10441,-0.279360661683636
-0.11584,-0.275712300000035
-0.12704,-0.271396450308842
-0.13799,-0.266423215964621
-0.14866,-0.260801302073988
-0.15903,-0.254545589218522
-0.16906,-0.247660872712611
-0.17874,-0.240165980871535
-0.18804,-0.232075857912247
-0.19693,-0.223402003074544
-0.20539,-0.214160288244633
-0.21341,-0.204377135122557
-0.22095,-0.194064626798891
-0.228,-0.183245175450175
-0.23454,-0.17194153580718
-0.24055,-0.16017613463847
-0.24602,-0.147977919432346
-0.25092,-0.135365506125537
-0.25525,-0.122370827256123
-0.25899,-0.109020854074205
-0.26214,-0.0953525684249767
-0.26467,-0.0813877722088586
-0.2666,-0.0671723294649583
-0.26791,-0.052740596430157
-0.26859,-0.0381240163547706
-0.26866,-0.02337289063845
-0.2681,-0.00852165647312871
-0.26693,0.00637953631318608
-0.26515,0.0212841770386155
-0.26277,0.0361427219114758
-0.25979,0.0509121112272244
-0.25622,0.0655485029584284
-0.25209,0.0799940565408782
-0.2474,0.0942036324727249
-0.24218,0.108121624278895
-0.23644,0.121700557166294
-0.23021,0.134886297958287
-0.2235,0.147635910109204
-0.21634,0.159902187020968
-0.20877,0.171628703878362
-0.20079,0.182783055160718
-0.19246,0.193309077049807
-0.18379,0.203170318758338
-0.17482,0.212325405065854
-0.16557,0.220745302081218
-0.15609,0.228389934260461
-0.14641,0.235226601152355
-0.13656,0.241229834785148
-0.12657,0.246381104200706
-0.11648,0.250660999597773
-0.10634,0.254042941515254
-0.096166,0.256520823606746
-0.086001,0.258085642489097
-0.075879,0.258733354572376
-0.065837,0.258462183636356
-0.055909,0.257274811771315
-0.046124,0.255181490397404
-0.036522,0.252190498252231
-0.027124,0.248322666483273
-0.017971,0.243593891489373
-0.0090823,0.238031983716148
-0.00048782,0.231666006773648
0.0077869,0.224528719591326
0.015719,0.216657158182717
0.02329,0.208094219893839
0.030481,0.198886206761501
0.037273,0.189080959326265
0.043657,0.178733746187033
0.049616,0.167898470039333
0.055143,0.156633890673637
0.060229,0.144999600985775
0.064868,0.133056423514632
0.069058,0.120867400220713
0.072795,0.108494059190327
0.076083,0.096000805642197
0.078919,0.083447258252048
0.081312,0.0708962161993772
0.083263,0.0584051754905121
0.084783,0.0460329142088022
0.085876,0.0338321672687463
0.086558,0.0218579094736098
0.086833,0.010156203155941
0.086717,-0.00122682638678721
0.086225,-0.0122473870151134
0.085367,-0.0228688567747823
0.084159,-0.0330573701783102
0.08262,-0.0427804119807264
0.080759,-0.0520152626124803
0.078597,-0.0607392791342762
0.076148,-0.0689361067291267
0.073431,-0.0765916359304687
0.070457,-0.0837002902717997
0.067247,-0.090256546404534
0.063815,-0.0962606536242773
0.060174,-0.101718636238758
0.056344,-0.106636208776613
0.052335,-0.111026428043123
0.048162,-0.114904551322716
0.043839,-0.118288247252988
0.03938,-0.121196933786699
0.034795,-0.123654128439561
0.030097,-0.125684030484529
0.025298,-0.127311677154655
0.020405,-0.128565976017551
0.015434,-0.129471665333861
0.010389,-0.130058444240876
0.0052812,-0.130353975122364
0.00012022,-0.130384764492532
-0.0050878,-0.130178281161317
-0.010334,-0.129760030090768
-0.015609,-0.129152849853634
-0.020907,-0.128379426688003
-0.02622,-0.127460032643975
-0.031537,-0.126410157768825
-0.036852,-0.125244627609421
-0.042155,-0.123974272308136
-0.047439,-0.12260851589653
-0.05269,-0.121150097788497
-0.057902,-0.119602082345446
-0.063061,-0.11796166673032
-0.068156,-0.116223481036408
-0.073177,-0.114380840209834
-0.078108,-0.11242161887233
-0.082935,-0.110330992975305
-0.087647,-0.108094470462907
-0.092227,-0.105693684683368
-0.096656,-0.103106077082921
-0.10092,-0.100309941306434
-0.10501,-0.0972884868584812
-0.10889,-0.0940093388841198
-0.11256,-0.0904550275250159
-0.11599,-0.0865983808323129
-0.11917,-0.0824199451343684
-0.12207,-0.0778922544552537
-0.12469,-0.0730043577726982
-0.127,-0.0677368010899682
-0.12898,-0.0620712794480749
-0.13062,-0.0559983906345098
-0.1319,-0.0495088752501281
-0.1328,-0.0425939554069381
-0.13331,-0.0352529921922274
-0.13342,-0.0274920555357228
-0.1331,-0.0193078049456415
-0.13236,-0.0107191093921408
-0.13117,-0.00173278438955292
-0.12953,0.00763194751286773
-0.12744,0.0173462653013108
-0.12487,0.0273964602685036
-0.12184,0.0377443163414046
-0.11833,0.048362393370217
-0.11435,0.0592104295641854
-0.1099,0.0702462639070787
-0.10497,0.0814347112760647
-0.099574,0.0927294206086645
-0.093713,0.104085932032547
-0.0874,0.115453683448897
-0.080634,0.126788984467547
-0.07343,0.138043136256802
-0.065797,0.149169284779312
-0.057751,0.160118303983947
-0.049301,0.170845915541525
-0.040465,0.181306491573127
-0.031258,0.191456991378118
-0.021697,0.201256387164333
-0.011803,0.210663686771917
-0.0015957,0.219640272029479
0.0089042,0.228150032638716
0.019673,0.236157940618315
0.030689,0.24363257916956
0.041926,0.250543285842199
0.053354,0.25685835067411
0.064956,0.262556017637101
0.076693,0.267607209903323
0.088545,0.271992117817624
0.10048,0.275690396967977
0.11246,0.278677715875448
0.12447,0.280944517088408
0.13647,0.282475252795757
0.14843,0.283257682971557
0.16031,0.28327547543362
0.17209,0.282524525982649
0.18373,0.280996204327565
0.19519,0.278678747937815
0.20645,0.275573242122289
0.21747,0.271676575995701
0.22822,0.266989991302988
0.23865,0.261503651383228
0.24875,0.255228851803202
0.25847,0.248164257276442
0.26778,0.240313379781724
0.27665,0.231683727582822
0.28504,0.222278609182498
0.29293,0.212112809973918
0.30029,0.201202731655833
0.30708,0.189558389404997
0.31328,0.177199292594337
0.31886,0.164144794453426
0.32381,0.150428495651334
0.32809,0.136072487646403
0.3317,0.121118642472652
0.33462,0.10560892403599
0.33682,0.0895768919855056
0.33831,0.073078018698189
0.33908,0.0561691616659592
0.33911,0.0388993548159566
0.33841,0.0213321330117013
0.33698,0.00353353660661414
0.33482,-0.0144302526885723
0.33193,-0.0324948603621132
0.32834,-0.0505770888421981
0.32403,-0.0686179771757508
0.31904,-0.0865355615620307
0.31338,-0.104253994954456
0.30706,-0.12170469739782
0.30009,-0.138827140920259
0.29252,-0.155539719558451
0.28436,-0.171776000058713
0.27562,-0.187483989325597
0.26635,-0.202595620952724
0.25657,-0.217054360131423
0.24631,-0.230807580050776
0.2356,-0.243807731768711
0.22447,-0.256013164926948
0.21295,-0.267388642643697
0.20107,-0.277905592442351
0.18888,-0.28752733702001
0.1764,-0.296234367322266
0.16367,-0.30400727927787
0.15072,-0.310835198962566
0.13758,-0.316714939247856
0.1243,-0.321635308709494
0.1109,-0.32560162413789
0.09742,-0.328618036004691
0.083896,-0.330691040174637
0.070358,-0.331833693889907
0.056842,-0.332059940198055
0.043376,-0.331390335236106
0.029993,-0.329846846946634
0.016723,-0.327454511152302
0.0035935,-0.32424228297565
-0.009367,-0.320241000230156
-0.022136,-0.315486837388175
-0.034684,-0.310014302587046
-0.046992,-0.303863544755283
-0.05904,-0.297077558148059
-0.070803,-0.289696864802032
-0.08227,-0.281769310048343
-0.093421,-0.273340725086305
-0.10424,-0.264457036137594
-0.11472,-0.255169626587978
-0.12485,-0.245529875088311
-0.13461,-0.235581024643931
-0.144,-0.225373254534323
-0.15301,-0.214953434561217
-0.16165,-0.204379122246782
-0.1699,-0.193692565003093
-0.17776,-0.182937094748034
-0.18523,-0.172155494681594
-0.19232,-0.161396082211282
-0.19903,-0.150702665990476
-0.20535,-0.140106551247118
-0.2113,-0.129649985203107
-0.21687,-0.119360386539695
-0.22209,-0.109281728737991
-0.22695,-0.0994402343338661
-0.23146,-0.0898615560130854
-0.23563,-0.0805698371910867
-0.23947,-0.0715869993385631
-0.243,-0.0629396280591019
-0.24622,-0.0546422212804605
-0.24914,-0.0467061899369388
-0.25179,-0.039154594287433
-0.25416,-0.0319893586226429
-0.25627,-0.025217171715154
-0.25813,-0.0188406613183488
-0.25976,-0.0128661997354468
-0.26117,-0.00729532384916426
-0.26236,-0.00211795835139606
-0.26335,0.00267054779622225
-0.26415,0.00707799865187226
-0.26476,0.011122160803523
-0.26521,0.014806391289838
-0.26548,0.0181595130093857
-0.2656,0.0211933154531453
-0.26557,0.023927888895814
-0.26539,0.0263896120493702
-0.26508,0.0285945583256914
-0.26463,0.0305723429144967
-0.26406,0.0323405935363881
-0.26337,0.0339216429098348
-0.26256,0.0353410455357007
-0.26165,0.0366114904788686
-0.26062,0.0377645250319931
-0.2595,0.0388090563908506
-0.25827,0.0397724368310325
-0.25696,0.0406591217272558
-0.25555,0.0414918926135221
-0.25405,0.0422854308856101
-0.25247,0.0430474138543642
-0.2508,0.0437943580238611
-0.24905,0.0445345741414356
-0.24721,0.0452842254888451
-0.2453,0.0460430814715189
-0.2433,0.0468271691613896
-0.24122,0.0476428983982796
-0.23905,0.0485034420397319
-0.23679,0.0494195729713363
-0.23444,0.050399738461059
-0.232,0.0514501757431291
-0.22946,0.052582458314293
-0.22682,0.0538046516435167
-0.22407,0.0551290703241341
-0.22121,0.0565636279327638
-0.21822,0.0581271694374527
-0.21512,0.0598171678554301
-0.21189,0.061643402995513
-0.20851,0.0636252053038722
-0.205,0.0657594134640094
-0.20133,0.06806168764286
-0.1975,0.0705401520913613
-0.19351,0.0731965402254411
-0.18934,0.0760420686954833
-0.18499,0.0790804067778325
-0.18045,0.0823163363520376
-0.1757,0.0857627040184884
-0.17076,0.0894088383119892
-0.1656,0.0932622629051622
-0.16022,0.0973226820693257
-0.15461,0.10159081262538
-0.14878,0.106053284721117
-0.1427,0.110715216919345
-0.13637,0.115574234174005
-0.12981,0.120607123796054
-0.12298,0.125818784148252
-0.11591,0.131184814655344
-0.10857,0.136702164420836
-0.10098,0.142348049845387
-0.093141,0.14809839818087
-0.085043,0.153936834136075
-0.076699,0.159836598765322
-0.068106,0.165775104764684
-0.059281,0.171718945210557
-0.050219,0.177643170345762
-0.04094,0.183511860660735
-0.031447,0.189293834591402
-0.021754,0.194954493017488
-0.011872,0.200459709714027
-0.0018159,0.205773868184375
0.0084005,0.210862033875831
0.018763,0.215690595446503
0.029253,0.220224806227916
0.039854,0.224431654360165
0.050547,0.228278742933776
0.061314,0.231735973899391
0.072136,0.234775378823291
0.082993,0.237370938160672
0.093862,0.239496913519198
0.10473,0.241136117678107
0.11556,0.242261216309567
0.12635,0.242863557855351
0.13707,0.242929334611763
0.14769,0.242441210644837
0.1582,0.241394505758914
0.16858,0.239787724167147
0.1788,0.237614834678863
0.18885,0.234881340039315
0.19869,0.231579936343526
0.20831,0.227715587438003
0.21769,0.223295820011374
0.22681,0.218330225293134
0.23565,0.212829987593784
0.24418,0.206800047296995
0.2524,0.200262512068997
0.26028,0.193230693291202
0.26781,0.185725372225585
0.27497,0.177765506125213
0.28174,0.169368162246324
0.28811,0.160555887953667
0.29407,0.151355098234063
0.2996,0.141787264722644
0.30469,0.131876712684607
0.30934,0.121656814087705
0.31354,0.111159942031474
0.31726,0.100401981823652
0.32052,0.0894220198307824
0.32331,0.0782545541252114
0.32561,0.0669219962605999
0.32743,0.0554584964435647
0.32877,0.0438992461268359
0.32962,0.0322718202561672
0.32998,0.0206041674248768
0.32987,0.00893842384142606
0.32928,-0.00269530438299699
0.32821,-0.0142701929668577
0.32668,-0.0257481862401854
0.32469,-0.0370981784003702
0.32224,-0.0482957059552161
0.31935,-0.0593077512746245
0.31602,-0.0701103047933133
0.31226,-0.0806801047284405
0.30808,-0.0909953650123147
0.3035,-0.101028926835442
0.29852,-0.110765065341909
0.29315,-0.120190556531612
0.28741,-0.129287415266474
0.28131,-0.138041948606588
0.27486,-0.146444540043846
0.26807,-0.154489369111031
0.26097,-0.162159286318907
0.25356,-0.169450882788966
0.24586,-0.176357353810308
0.23788,-0.182876960128378
0.22965,-0.188997514206742
0.22118,-0.194713716839277
0.21248,-0.200026151581196
0.20358,-0.204925526677549
0.19449,-0.209409801040807
0.18522,-0.21348299973218
0.1758,-0.217139306475885
0.16625,-0.220372669417432
0.15658,-0.223184536568596
0.1468,-0.225582501030757
0.13694,-0.227564253964216
0.12702,-0.229127078865898
0.11704,-0.230282899008477
0.10703,-0.231033045975559
0.097005,-0.231381469633398
0.086975,-0.231337907320859
0.076958,-0.230910669581637
0.066967,-0.230110468631492
0.057016,-0.228948992941511
0.04712,-0.227437722809945
0.037286,-0.22559362688596
0.02753,-0.223431028460778
0.01786,-0.220967680001523
0.0082837,-0.218223863121535
-0.001187,-0.215218258868007
-0.010547,-0.211972782588701
-0.019789,-0.208509727643776
-0.028905,-0.204850550431999
-0.037892,-0.201019114418294
-0.046745,-0.197039052922845
-0.055458,-0.192932376641443
-0.064028,-0.188721337794714
-0.072453,-0.184428435411079
-0.080727,-0.180072704683349
-0.088849,-0.175673461304982
-0.096815,-0.171247386002122
-0.10462,-0.166807714624288
-0.11227,-0.16237254429034
-0.11975,-0.157947731937775
-0.12706,-0.153540047615088
-0.13419,-0.14914925738885
-0.14115,-0.144784117742103
-0.14792,-0.14043806091141
-0.15451,-0.136114376380897
-0.1609,-0.131801880175956
-0.16708,-0.127485270348657
-0.17306,-0.123160983527032
-0.17882,-0.118812712665794
-0.18436,-0.114428999673613
-0.18966,-0.109987714099293
-0.19472,-0.105473418920968
-0.19952,-0.100861624902696
-0.20407,-0.0961433356342885
-0.20833,-0.0912852778553612
-0.21232,-0.0862798473788089
-0.21601,-0.0811033604968772
-0.21939,-0.0757346122451411
-0.22246,-0.0701623809897439
-0.2252,-0.0643690508380205
-0.2276,-0.0583397754677121
-0.22965,-0.0520624022250201
-0.23135,-0.0455347503593239
-0.23267,-0.0387406423714438
-0.23362,-0.0316827205259398
-0.23419,-0.0243640380140192
-0.23437,-0.0167880100212824
-0.23416,-0.00896575316390199
-0.23354,-0.00089960562825682
-0.23253,0.00738555998809877
-0.23111,0.0158768565928595
-0.22929,0.0245491327730499
-0.22707,0.0333753476352729
-0.22444,0.0423349959874069
-0.22141,0.0513985659144812
-0.21799,0.0605300532013774
-0.21417,0.0697039631252886
-0.20997,0.0788817861513763
-0.20539,0.0880303752772119
-0.20044,0.0971144488539171
-0.19513,0.10609802336107
-0.18948,0.114938207058445
-0.18348,0.123609981307068
-0.17717,0.13206656570352
-0.17055,0.140274615296434
-0.16364,0.14819787801216
-0.15646,0.155798912570737
-0.14902,0.163047912474102
-0.14136,0.16990004914647
-0.13348,0.176329381601927
-0.12541,0.182303940319599
-0.11719,0.187780604680401
-0.10882,0.192738243257368
-0.10034,0.197144701734889
-0.091768,0.200976347169965
-0.083143,0.204201794134797
-0.074487,0.206797096036907
-0.065829,0.208740047580359
-0.057201,0.210008510675473
-0.048628,0.21058645819301
-0.040146,0.210455372553101
-0.031779,0.209604385120399
-0.023562,0.208021234407675
-0.015521,0.205699801286492
-0.007689,0.202634180696687
-9.1628e-05,0.198824519015643
0.0072415,0.194273149451217
0.014284,0.188986748935877
0.021007,0.182973718232991
0.027391,0.17625078184219
0.033407,0.168834117436907
0.039038,0.16074810267593
0.044261,0.152018818080884
0.049058,0.142676879714582
0.053416,0.132759579466516
0.057316,0.12230427626549
0.060752,0.111357091719164
0.063708,0.0999626509848733
0.066182,0.0881735725730553
0.068169,0.0760453047917784
0.069661,0.0636318585813749
0.070665,0.0509956820258638
0.071177,0.0381961373475492
0.071206,0.025298010082666
0.070756,0.0123648784237641
0.069837,-0.000538097308862819
0.068456,-0.0133486589225252
0.066631,-0.026000667196288
0.064373,-0.0384320777014746
0.061698,-0.0505824166361055
0.058624,-0.0623929532602349
0.055171,-0.0738068170687635
0.051359,-0.0847705441293543
0.047208,-0.0952352543664207
0.042744,-0.105153060158584
0.03799,-0.114480813556089
0.032972,-0.123178574306263
0.027715,-0.1312112569827
0.022247,-0.138546877036957
0.016595,-0.14515801455075
0.010787,-0.151021392659702
0.0048554,-0.156114908684127
-0.001175,-0.160424075797932
-0.0072725,-0.163936282597848
-0.013405,-0.166640911232042
-0.019546,-0.168533800452509
-0.025662,-0.169611339218494
-0.031725,-0.16987491731374
-0.037702,-0.169326594762038
-0.043571,-0.16797740653042
-0.049292,-0.165832351882239
-0.054842,-0.162904311833717
-0.06019,-0.159206545645561
-0.06531,-0.15475622567788
-0.07017,-0.14956902243781
-0.074746,-0.143665106849453
-0.079011,-0.137065710201124
-0.082937,-0.129791778643278
-0.086503,-0.121868786846935
-0.089681,-0.113320121903385
-0.092454,-0.104175094211401
-0.094799,-0.0944626446184014
-0.096695,-0.0842121762945969
-0.09813,-0.0734593665227018
-0.099082,-0.062236614899666
-0.099541,-0.0505816780390136
-0.099492,-0.0385318937687158
-0.098932,-0.0261320903497503
-0.097846,-0.0134229953095337
-0.096232,-0.000450466028010279
-0.094089,0.0127361019690636
-0.091414,0.026087388115845
-0.088213,0.0395489445922275
-0.084487,0.0530675139334679
-0.080247,0.0665850193728459
-0.075501,0.0800434847080359
-0.070263,0.0933823636601831
-0.064548,0.106540176354569
-0.058375,0.119453656798612
-0.051764,0.132059354375525
-0.044736,0.144294953257881
-0.037319,0.156095892307639
-0.029538,0.167400116253592
-0.021421,0.178147423837565
-0.013001,0.188277436053199
-0.0043079,0.197733971242717
0.0046222,0.20646160038599
0.013755,0.214408782123663
0.023058,0.221530300859224
0.03249,0.227781312643107
0.042016,0.23312356160116
0.051599,0.237524157363229
0.0612,0.240954451987597
0.070786,0.243394938200902
0.080312,0.24482564027581
0.089749,0.24523907808424
0.099051,0.244625969938732
0.10819,0.242989624320776
0.11712,0.240330564557372
0.12583,0.236673386836594
0.13426,0.232025631439762
0.14238,0.226403466478237
0.15018,0.219844731590431
0.15761,0.212374492005864
0.16466,0.204036736920174
0.1713,0.194875020616664
0.17749,0.184924227033268
0.18324,0.174248485351574
0.1885,0.162889579608865
0.19326,0.150899860858907
0.19752,0.13834626391427
0.20125,0.125283553006494
0.20445,0.111777404064262
0.20711,0.097893097089262
0.20922,0.0836937709442844
0.21076,0.0692316282998049
0.21176,0.0545854674609138
0.21219,0.0398088603270722
0.21206,0.024962962486314
0.21138,0.0101131382327259
0.21014,-0.00468868151887233
0.20837,-0.0193735219903168
0.20605,-0.0338978297090436
0.20321,-0.0482031035032927
0.19985,-0.0622429343862632
0.19598,-0.0759749128454981
0.19163,-0.0893466215017715
0.18681,-0.102314189172399
0.18153,-0.114842239188207
0.17582,-0.126888847407684
0.1697,-0.138415774168486
0.16318,-0.149396614381016
0.15629,-0.159800876826509
0.14905,-0.169603441553891
0.1415,-0.178769841965985
0.13364,-0.187289012579871
0.12551,-0.195139906422507
0.11714,-0.202301817885777
0.10854,-0.208770070574398
0.099758,-0.214525340736473
0.09081,-0.219561065990761
0.081726,-0.223871165669781
0.072532,-0.227453433848291
0.063261,-0.230304018205779
0.053935,-0.232426306127023
0.044587,-0.23382160922275
0.035244,-0.234494262501874
0.025931,-0.234452676214616
0.016678,-0.233704882442805
0.0075139,-0.232259445249081
-0.0015397,-0.230130744235026
-0.010452,-0.227330859986651
-0.019199,-0.223874906009794
-0.027759,-0.219781898185566
-0.036102,-0.215067495622603
-0.044213,-0.209755448394784
-0.052062,-0.203864406538827
-0.059633,-0.197418848820747
-0.066905,-0.190443666875871
-0.073859,-0.182964949001989
-0.080477,-0.175009820365119
-0.086743,-0.166607007329198
-0.09264,-0.157785012674193
-0.098159,-0.14857728868364
-0.10328,-0.139012207771614
-0.108,-0.12912580063103
-0.1123,-0.118947399361551
-0.11617,-0.108506710809945
-0.11962,-0.0978476271570794
-0.12262,-0.0869946029352504
-0.12519,-0.0759926049549582
-0.12731,-0.0648721997107398
-0.12899,-0.0536735484031534
-0.13021,-0.0424211003331917
-0.131,-0.0311627601536682
-0.13134,-0.0199268800957511
