-0.38591,0
-0.39111,-0.0485664636555835
-0.39601,-0.0703498707399295
-0.40057,-0.0809716966614158
-0.4048,-0.0864741324778075
-0.40869,-0.0883277054177724
-0.41221,-0.0865112381280846
-0.41536,-0.0813190433396754
-0.41812,-0.0736277758217245
-0.42049,-0.0645232613522832
-0.42245,-0.0547686612824311
-0.42398,-0.0447656376175172
-0.42508,-0.034728950796524
-0.42574,-0.024733973526229
-0.42593,-0.0147456530292323
-0.42565,-0.00475116760492425
-0.4249,0.00525177802956123
-0.42365,0.0153111050929554
-0.4219,0.025444309862563
-0.41964,0.0356679447490563
-0.41687,0.0459842746710645
-0.41356,0.0564253208259961
-0.40973,0.0669801435497532
-0.40536,0.0776587795529273
-0.40044,0.0884727647702153
-0.39498,0.0994152815870659
-0.38897,0.110487470482881
-0.3824,0.121695435871643
-0.37528,0.13303131177359
-0.36761,0.144486314404585
-0.35938,0.156058851785715
-0.3506,0.167736176442326
-0.34126,0.179512756090366
-0.33138,0.191364986584672
-0.32096,0.20327079678904
-0.31001,0.215201690521026
-0.29853,0.227131917967962
-0.28654,0.239023343860634
-0.27405,0.250836324965008
-0.26107,0.262531049762088
-0.24761,0.274068785522199
-0.2337,0.28539809441738
-0.21935,0.296473886068216
-0.20459,0.307242854939596
-0.18943,0.317661752849327
-0.1739,0.327682052141004
-0.15803,0.337252594096532
-0.14183,0.34633664278178
-0.12535,0.354880556194128
-0.10861,0.362841079982162
-0.091647,0.370172062010833
-0.074484,0.376836887723252
-0.057157,0.382798191490098
-0.039704,0.388017795483938
-0.022157,0.392462629269066
-0.0045537,0.396100708096707
0.013069,0.398902710967441
0.030674,0.400842457741708
0.048224,0.401897226304486
0.065677,0.402044596492765
0.082998,0.401268558692828
0.10014,0.399550205884955
0.11708,0.396886935014357
0.13376,0.393263838666667
0.15016,0.388684954533297
0.16623,0.38314763487228
0.18193,0.376651632510656
0.19724,0.369213732526343
0.21211,0.360842100772754
0.22651,0.351552794273677
0.24042,0.34137543972632
0.2538,0.33033524885581
0.26663,0.318468200015424
0.27887,0.305803372974767
0.29052,0.292393246347701
0.30154,0.278278305754248
0.31191,0.263503179681616
0.32163,0.248129496859098
0.33068,0.232216197662603
0.33904,0.215818492863092
0.34671,0.199001867729953
0.35369,0.181838275947873
0.35997,0.164395475712802
0.36555,0.146743292491397
0.37044,0.128958571450331
0.37464,0.111114160043374
0.37816,0.0932848853985326
0.38101,0.0755448852536953
0.38321,0.0579728377175154
0.38475,0.0406264382865153
0.38567,0.0235815037753798
0.38598,0.00690382777064362
0.38569,-0.00935107536416765
0.38483,-0.0251231488647864
0.38341,-0.0403655656981763
0.38146,-0.0550291378240847
0.379,-0.0690720089456223
0.37605,-0.0824598836612607
0.37264,-0.0951586234706215
0.36878,-0.107150460579443
0.36451,-0.118409655421149
0.35985,-0.128920049164326
0.35483,-0.13866675449766
0.34948,-0.147636805798479
0.34382,-0.155827009111592
0.33787,-0.163242604431107
0.33167,-0.169881156189047
0.32525,-0.175741921931763
0.31862,-0.180840725794506
0.31182,-0.185184517951014
0.30487,-0.188788051183428
0.29779,-0.191672295853404
0.29061,-0.193855580370867
0.28335,-0.195361278391155
0.27604,-0.196209048211527
0.26868,-0.19643742465753
0.2613,-0.196077138608876
0.25392,-0.195159367507158
0.24655,-0.193722334271407
0.23921,-0.191801622912979
0.23191,-0.189437203281466
0.22466,-0.186671552725477
0.21747,-0.183548049853702
0.21035,-0.180109626233064
0.20332,-0.176390261810902
0.19637,-0.172437915883018
0.18951,-0.168295646929048
0.18275,-0.164001293134631
0.17608,-0.159602113965848
0.16952,-0.155129346305608
0.16306,-0.150622465817112
0.15669,-0.14612632359806
0.15042,-0.141673899835563
0.14425,-0.137294877689356
0.13816,-0.133030019154032
0.13216,-0.128905481309553
0.12624,-0.124949463709786
0.1204,-0.121183372481718
0.11462,-0.117637062900367
0.1089,-0.114331323899683
0.10324,-0.111278785912647
0.097633,-0.108490033905676
0.092064,-0.105979332895937
0.086534,-0.103751408973831
0.081036,-0.101808799941217
0.075566,-0.100149707814703
0.070119,-0.0987693523355208
0.064693,-0.0976581953276049
0.059283,-0.0968050873583126
0.053888,-0.0961946875926058
0.048506,-0.0958092115584144
0.043137,-0.0956277055396455
0.03778,-0.0956277858640539
0.032436,-0.0957848832576535
0.027106,-0.0960731946046683
0.021793,-0.0964650274630957
0.016498,-0.0969333040856062
0.011225,-0.0974498908324655
0.0059752,-0.0979885935601699
0.00075293,-0.0985231594166524
-0.0044387,-0.09902890730219
-0.0095977,-0.0994839475305146
-0.014718,-0.0998662653971325
-0.0198,-0.100159192616979
-0.024841,-0.100348615625339
-0.029837,-0.100422002882523
-0.034789,-0.100372246801631
-0.039698,-0.100196928587031
-0.044563,-0.0998961292385001
-0.049388,-0.0994757768118285
-0.054174,-0.0989442722858428
-0.058924,-0.0983133969932898
-0.063643,-0.0975989457321743
-0.068337,-0.0968203818878823
-0.07301,-0.0959982312543296
-0.077668,-0.0951548944690067
-0.082318,-0.0943144943859765
-0.086965,-0.0935004702013578
-0.091616,-0.0927365937800779
-0.096276,-0.0920448010696125
-0.10095,-0.0914449510710756
-0.10565,-0.0909598449754805
-0.11037,-0.0906006893132468
-0.11512,-0.0903808086554505
-0.11991,-0.0903147977569694
-0.12474,-0.0904104058679152
-0.12961,-0.0906695595037039
-0.13452,-0.091089328266973
-0.13947,-0.0916628268490507
-0.14446,-0.0923800479199798
-0.1495,-0.0932360202585295
-0.15457,-0.0942076803912009
-0.15968,-0.0952800828531934
-0.16482,-0.0964303467660942
-0.16998,-0.0976297327142047
-0.17516,-0.0988528776188265
-0.18035,-0.100070380554621
-0.18554,-0.101250349433386
-0.19073,-0.10236712858671
-0.19589,-0.103378608570464
-0.20102,-0.104252756544969
-0.20611,-0.104959176239639
-0.21113,-0.105454893112736
-0.21609,-0.105717615804607
-0.22095,-0.105705466096917
-0.22571,-0.105391611219864
-0.23036,-0.104754822695488
-0.23486,-0.103756949908185
-0.23922,-0.102384374913735
-0.24341,-0.100614238131879
-0.24741,-0.098424447320023
-0.25122,-0.0958091196705267
-0.25482,-0.092761035178599
-0.25819,-0.0892723213884354
-0.26132,-0.0853424071529623
-0.26419,-0.0809694452709494
-0.26679,-0.0761582161165012
-0.26912,-0.0709263185905171
-0.27114,-0.0652718368641056
-0.27287,-0.059221725121263
-0.27427,-0.0527812880645156
-0.27534,-0.0459679661995154
-0.27607,-0.0388012465379833
-0.27646,-0.0313092615469739
-0.27648,-0.0235042788391648
-0.27615,-0.0154225012018585
-0.27544,-0.00708154568661289
-0.27436,0.00148680067788415
-0.27291,0.0102475499936425
-0.27108,0.0191714504917848
-0.26886,0.0282346744666146
-0.26627,0.0373962620767479
-0.2633,0.0466247728269952
-0.25996,0.0558825561103103
-0.25624,0.0651428444852555
-0.25216,0.0743662877837708
-0.24772,0.0835193609303156
-0.24292,0.0925742721341765
-0.23778,0.101493968882656
-0.23231,0.11024248925692
-0.22651,0.118793287428419
-0.2204,0.1271135304711
-0.21397,0.135188599072474
-0.20726,0.142982202978043
-0.20027,0.150471360253636
-0.19301,0.15763726664571
-0.18549,0.164465239513147
-0.17773,0.170937170632683
-0.16975,0.177032921278162
-0.16155,0.182746286564778
-0.15314,0.188075318734362
-0.14454,0.193014417010694
-0.13577,0.197555426071856
-0.12683,0.201703365298988
-0.11774,0.205459175226158
-0.1085,0.20883549292614
-0.099137,0.211834286355409
-0.089654,0.214466805549367
-0.080064,0.216744257523738
-0.070379,0.218678414248179
-0.060607,0.22028428800571
-0.050761,0.221575530254004
-0.04085,0.222567396789879
-0.030883,0.223276119643062
-0.020873,0.223715400339623
-0.010825,0.2239025070175
-0.0007517,0.223851469194028
0.0093379,0.223576093217514
0.019435,0.223089794451347
0.029529,0.222403980895227
0.03961,0.22152863961998
0.049666,0.220470764554817
0.05969,0.219238409863586
0.069667,0.217834308748208
0.07959,0.216262697079014
0.089444,0.21452293731067
0.099219,0.212614119653261
0.1089,0.210531380923968
0.11848,0.208272658109853
0.12793,0.205821873420274
0.13726,0.203180865142277
0.14643,0.200328843586397
0.15545,0.197264268376968
0.16429,0.193971545218923
0.17293,0.190431538424354
0.18137,0.186637534494716
0.1896,0.182585620086435
0.19759,0.178259471832505
0.20533,0.173648000646451
0.21281,0.168744650429297
0.22001,0.163539332610798
0.22693,0.158034212674058
0.23355,0.152226539879795
0.23987,0.146124524627392
0.24586,0.139722867660538
0.25152,0.133027756911235
0.25684,0.126047129208114
0.26181,0.11879017495723
0.26643,0.111274296980438
0.27068,0.103508311353886
0.27457,0.0955160994815263
0.27809,0.0873182925452852
0.28123,0.0789323752360172
0.284,0.070387624295859
0.28639,0.0617072484882891
0.28841,0.0529237220152746
0.29005,0.0440613006781071
0.29133,0.0351591080230661
0.29224,0.0262449651271559
0.2928,0.0173589507334095
0.293,0.00852767531560623
0.29285,-0.000219144759909566
0.29236,-0.00885022170772623
0.29154,-0.0173339822925302
0.2904,-0.0256396232277923
0.28895,-0.0337379547596566
0.28718,-0.0416168478822855
0.28512,-0.0492488818763909
0.28277,-0.0566174388083159
0.28014,-0.063707870607269
0.27723,-0.0705151307957251
0.27406,-0.0770274887448348
0.27064,-0.0832357565074834
0.26696,-0.0891480489311487
0.26304,-0.0947642530754114
0.25889,-0.100085235498436
0.25452,-0.105112820169924
0.24993,-0.109857131022643
0.24513,-0.114327493852777
0.24013,-0.118532505931785
0.23494,-0.122480090723927
0.22958,-0.126170143267494
0.22404,-0.129618378710858
0.21835,-0.132823362396672
0.2125,-0.135799537578172
0.20651,-0.138551649145384
0.2004,-0.14107655801194
0.19417,-0.143379681193929
0.18784,-0.145458432430357
0.18141,-0.147318665158627
0.17491,-0.148950720180857
0.16833,-0.150362290785008
0.1617,-0.151545292677302
0.15503,-0.152493945018866
0.14833,-0.153204485277622
0.14162,-0.153667496503688
0.1349,-0.15388406084413
0.12818,-0.153856326784898
0.12149,-0.153572485694335
0.11482,-0.153039394638111
0.10819,-0.152256618971057
0.10161,-0.151225288504312
0.095091,-0.149947051939786
0.088631,-0.148433576730921
0.082242,-0.146693979330176
0.075926,-0.144742507567862
0.069687,-0.142595716498512
0.063531,-0.140270125238099
0.05746,-0.137784755321801
0.051473,-0.135162361236725
0.045574,-0.132424398065416
0.039761,-0.129595121104346
0.034032,-0.126700366091355
0.028386,-0.123765772751348
0.022818,-0.120819041473325
0.01733,-0.117883547792739
0.011913,-0.114986605177457
0.0065646,-0.112152992477714
0.0012817,-0.109405189795746
-0.0039439,-0.106766868752896
-0.0091147,-0.10425767706439
-0.014239,-0.101897635583374
-0.019322,-0.0997040822466483
-0.024369,-0.097691639522407
-0.029388,-0.0958741763122117
-0.034386,-0.0942636704321796
-0.039368,-0.0928686007042191
-0.044342,-0.091696439506538
-0.049313,-0.0907512523078329
-0.054289,-0.0900362930159243
-0.059277,-0.0895531643124009
-0.064281,-0.0892997117473098
-0.069308,-0.0892728682533638
-0.074364,-0.0894680211512896
-0.079456,-0.0898800327764984
-0.084587,-0.090500389917006
-0.089765,-0.0913216614354634
-0.094992,-0.0923329394918472
-0.10027,-0.0935207046256525
-0.10561,-0.0948762594005863
-0.11101,-0.0963853394616133
-0.11648,-0.0980383883158935
-0.12201,-0.0998150596024948
-0.12761,-0.101701599857702
-0.13327,-0.103675114581686
-0.13901,-0.105728120879763
-0.14482,-0.107843578442784
-0.15069,-0.109997211046488
-0.15663,-0.112174359163589
-0.16263,-0.11435374494746
-0.1687,-0.116524158451992
-0.17482,-0.118660674921537
-0.18099,-0.120742827504432
-0.18721,-0.12275435340863
-0.19347,-0.124675500395027
-0.19976,-0.126484319349616
-0.20609,-0.128172562923737
-0.21243,-0.129713779296777
-0.21879,-0.131097239064729
-0.22515,-0.132303103707553
-0.2315,-0.133312239387125
-0.23784,-0.134114109504201
-0.24415,-0.13469073428007
-0.25042,-0.135026144650727
-0.25664,-0.135106552976026
-0.26279,-0.134913041867264
-0.26887,-0.134437994552775
-0.27484,-0.133653669449458
-0.28071,-0.132553955986464
-0.28644,-0.131113510065059
-0.29203,-0.129321885336415
-0.29745,-0.127158882872925
-0.30269,-0.124611922228286
-0.30772,-0.121660259046799
-0.31252,-0.118284664726892
-0.31708,-0.114475190195515
-0.32136,-0.110207605363255
-0.32536,-0.105476552162261
-0.32905,-0.100270008577485
-0.3324,-0.094571070244141
-0.3354,-0.0883742962363929
-0.33802,-0.0816690049979308
-0.34023,-0.0744407365281517
-0.34203,-0.0666947118733857
-0.34338,-0.0584224635175102
-0.34427,-0.0496270622684085
-0.34467,-0.0403061592001197
-0.34457,-0.0304680382952106
-0.34395,-0.0201220841712768
-0.34279,-0.00927845974977252
-0.34107,0.00205218954355304
-0.33878,0.0138516044458791
-0.3359,0.0261031651435743
-0.33242,0.0387845291296462
-0.32833,0.0518692577271083
-0.32361,0.0653356457508422
-0.31826,0.0791515484997821
-0.31227,0.0932846282099392
-0.30562,0.107710637235473
-0.29832,0.122390326238729
-0.29036,0.137288217202842
-0.28174,0.152365464624735
-0.27246,0.167581609376302
-0.26252,0.182896054713631
-0.25192,0.198269282635433
-0.24067,0.213656432060969
-0.22877,0.229017072661049
-0.21624,0.244300798021143
-0.20308,0.259465474918436
-0.18931,0.274462172979441
-0.17494,0.289245403278873
-0.16,0.303759107369841
-0.14449,0.317962636573696
-0.12845,0.331799539481397
-0.1119,0.345217205945022
-0.094862,0.358166340690942
-0.077364,0.370597518090639
-0.059438,0.382459904005932
-0.041114,0.393704711949206
-0.02243,0.404280551768399
-0.0034186,0.414139670420764
0.015881,0.423234023918244
0.035428,0.431515827762086
0.055184,0.43894096044747
0.075104,0.445464964082775
0.095145,0.451046196827504
0.11526,0.455643867406302
0.1354,0.459217911310892
0.15553,0.461740709595498
0.17559,0.463177371438045
0.19553,0.463495911732488
0.21532,0.462682769558139
0.23488,0.460703066095226
0.25419,0.457550470022203
0.27319,0.453212680870728
0.29182,0.447673340614277
0.31005,0.440935843711101
0.32782,0.432997629654574
0.34509,0.423866581919045
0.36181,0.413551762017038
0.37793,0.402063284097886
0.39342,0.389426952684407
0.40821,0.375651252354778
0.42229,0.3607751207539
0.4356,0.344824281751717
0.4481,0.327828136196263
0.45975,0.309818444273953
0.47053,0.290842968223406
0.48038,0.270931648837473
0.4893,0.250143731376891
0.49724,0.228523601775405
0.50417,0.206117314677244
0.51007,0.182978429726881
0.51493,0.159172496273292
0.51871,0.134750744558102
0.5214,0.109773586696985
0.52298,0.0842996974818388
0.52345,0.0583994209451814
0.52278,0.0321282621154732
0.52098,0.00555764419594209
0.51804,-0.0212451198620264
0.51396,-0.0482106995945047
0.50874,-0.0752702898264402
0.50238,-0.102357675928212
0.49489,-0.129403463896586
0.48627,-0.156345329955595
0.47655,-0.183106535835933
0.46574,-0.209615981773621
0.45385,-0.235809450932312
0.44091,-0.261615670267536
0.42695,-0.286960065043816
0.41199,-0.31177527869795
0.39606,-0.335994694358904
0.37921,-0.359539814071322
0.36147,-0.382339985110605
0.34287,-0.404333320679987
0.32347,-0.425445047624727
0.30331,-0.445607374573969
0.28243,-0.464760541559577
0.26089,-0.482838682493671
0.23874,-0.499780781216334
0.21604,-0.515524585913652
0.19284,-0.530016534516983
0.16921,-0.543197344675371
0.14519,-0.555027531023996
0.12085,-0.565463086369698
0.096261,-0.57445744210073
0.071474,-0.581978630642224
0.046557,-0.587995370252132
0.021574,-0.592481355306058
-0.0034127,-0.595416867113847
-0.028338,-0.596786557536288
-0.053138,-0.596580488159068
-0.07775,-0.594794804866138
-0.10211,-0.591430250246975
-0.12616,-0.586496217676882
-0.14983,-0.580000451456376
-0.17307,-0.571964421695908
-0.19582,-0.562413140260693
-0.21801,-0.551366824600857
-0.2396,-0.538863843426528
-0.26052,-0.524934326644336
-0.28073,-0.509623445950853
-0.30018,-0.492980163414288
-0.31881,-0.475048024990572
-0.33658,-0.455880017591774
-0.35344,-0.435528066098994
-0.36936,-0.414056744785513
-0.38428,-0.391516977294826
-0.39819,-0.367984317360331
-0.41103,-0.343515162714234
-0.42279,-0.318185880045042
-0.43343,-0.292064609234185
-0.44293,-0.265225694851253
-0.45127,-0.23774632123906
-0.45843,-0.209703690992535
-0.4644,-0.18118010767934
-0.46916,-0.152252109902208
-0.47272,-0.123011411023324
-0.47506,-0.0935369737095921
-0.4762,-0.0639245713988511
-0.47613,-0.0342583716275689
-0.47486,-0.00462527977493749
-0.4724,0.0248884017128083
-0.46878,0.0541848825693234
-0.464,0.0831824428463127
-0.4581,0.111785486377073
-0.45109,0.139912564926172
-0.44301,0.167474245398884
-0.43389,0.194385086089456
-0.42376,0.220565807314488
-0.41267,0.245930110057746
-0.40064,0.270411229687603
-0.38773,0.29393107577931
-0.37398,0.316420037979949
-0.35944,0.337810542562308
-0.34415,0.358046608421985
-0.32816,0.377076462449199
-0.31154,0.394839078621874
-0.29433,0.411290534405884
-0.27658,0.426395222504662
-0.25835,0.44011855020215
-0.2397,0.45242840474148
-0.22068,0.463303643636186
-0.20134,0.4727332407097
-0.18175,0.480700521660599
-0.16196,0.487200154564255
-0.14202,0.492236727276255
-0.12199,0.4958159214435
-0.10191,0.49795952383071
-0.08186,0.49867269095374
-0.061875,0.497980814616968
-0.042012,0.49590911514323
-0.022322,0.492486872357777
-0.0028551,0.487746911260111
0.016339,0.48172468179405
0.035212,0.474458144034719
0.053718,0.465988305934779
0.071812,0.456358425290349
0.08945,0.445613339607083
0.10659,0.433799582290269
0.12319,0.42096391168064
0.13922,0.407160956417757
0.15463,0.392435468836177
0.1694,0.376845218704666
0.1835,0.360449491154881
0.19689,0.343299746294681
0.20955,0.325454440804371
0.22145,0.306968570820043
0.23257,0.287900096703873
0.2429,0.268315017002794
0.25242,0.248276435310229
0.26111,0.227843189550921
0.26897,0.207083618081833
0.27598,0.186056800641209
0.28214,0.164827237509591
0.28744,0.143454325917749
0.29189,0.122006179936451
0.29549,0.100548338198921
0.29824,0.0791421071255647
0.30014,0.0578433094497789
0.30121,0.0367161908840823
0.30146,0.0158222135391332
0.3009,-0.00478151845327152
0.29954,-0.0250434330754371
0.29741,-0.0449035128211084
0.29451,-0.0643192338819552
0.29088,-0.0832342545024685
0.28652,-0.101612710097582
0.28148,-0.119399758833451
0.27576,-0.136564234158817
0.2694,-0.153065842537446
0.26243,-0.168865941036084
0.25487,-0.183936168313192
0.24675,-0.198250341623294
0.23812,-0.211770462882552
0.22899,-0.224480104400648
0.21942,-0.236344184161582
0.20942,-0.247350978464616
0.19905,-0.257471402692128
0.18834,-0.266685796331895
0.17733,-0.274975662882255
0.16606,-0.28232437022396
0.15457,-0.288717651907867
0.1429,-0.294143935572672
0.1311,-0.298587125249256
0.11921,-0.302035674198973
0.10727,-0.304482368750138
0.095323,-0.305921812550343
0.083412,-0.306350555784268
0.071577,-0.305769351000046
0.059858,-0.304182627854197
0.048293,-0.301599437611781
0.036919,-0.298033337253663
0.02577,-0.293503639390399
0.01488,-0.288034030621215
0.0042804,-0.28165324379547
-0.0059993,-0.274394924961342
-0.015932,-0.266297740594444
-0.025494,-0.25740604372316
-0.03466,-0.247766533324242
-0.04341,-0.237430569140041
-0.051726,-0.226453439740449
-0.05959,-0.214892155208755
-0.066988,-0.202806543331217
-0.073908,-0.190258542327183
-0.080339,-0.177310798612701
-0.086274,-0.164027699069726
-0.091707,-0.150473902334549
-0.096635,-0.136714591756528
-0.10105,-0.122809713066464
-0.10497,-0.108832361676182
-0.10838,-0.0948395980877091
-0.11129,-0.0808922058954345
-0.11371,-0.0670519991306505
-0.11565,-0.0533796085682358
-0.11711,-0.0399253095839673
-0.11811,-0.0267440627275203
-0.11867,-0.0138927099777838
-0.1188,-0.00142026312937621
-0.11851,0.010632341111473
-0.11784,0.0222100524174632
-0.11679,0.0332779612033661
-0.11539,0.0437966193691292
-0.11366,0.0537318578196628
-0.11164,0.0630403651041816
-0.10933,0.071702673153917
-0.10678,0.079682561165677
-0.10401,0.0869539301219984
-0.10104,0.0935000001117521
-0.097915,0.0992939290811811
-0.094651,0.104323375471737
-0.091281,0.108575885575071
-0.087836,0.112041161164792
-0.084345,0.114712811268936
-0.080838,0.116587426443407
-0.077343,0.117665956084759
-0.073889,0.11795246725537
-0.070503,0.11745526147516
-0.067213,0.116185423649832
-0.064044,0.114158514948673
-0.061022,0.11139283775387
-0.058173,0.107908679137556
-0.055516,0.103732799267048
-0.053077,0.0988914997264327
-0.050875,0.093415373662411
-0.048929,0.0873378155579304
-0.047256,0.0806951983880193
-0.045873,0.0735254298876742
-0.044793,0.065869676988568
-0.04403,0.0577699427596205
-0.043593,0.049271499233966
-0.043492,0.0404202959230425
-0.043732,0.0312652619122843
-0.044318,0.0218563570328004
-0.045254,0.0122436852397924
-0.046537,0.00248118518326331
-0.048168,-0.00737865697696091
-0.050141,-0.0172809225104046
-0.05245,-0.0271703955530685
-0.055086,-0.0369910974603674
-0.058037,-0.0466859555293207
-0.061289,-0.0561973265970404
-0.064827,-0.0654681956842782
-0.068634,-0.0744424085272423
-0.072688,-0.0830626386771462
-0.076967,-0.0912724955398497
-0.081448,-0.0990174771214674
-0.086104,-0.106243487672923
-0.090907,-0.112897866115905
-0.09583,-0.118931670434022
-0.10084,-0.124296257907139
-0.1059,-0.12894200853832
-0.11099,-0.132832860877522
-0.11606,-0.13592292415555
-0.12108,-0.138174863876871
-0.12601,-0.139552308278134
-0.13081,-0.140021101719701
-0.13545,-0.139557651667282
-0.13987,-0.138125794602008
-0.14406,-0.135717636768274
-0.14795,-0.132304376648525
-0.15153,-0.127885953854538
-0.15473,-0.12244155085415
-0.15753,-0.115971577412086
-0.15989,-0.108479167756793
-0.16177,-0.0999699788057787
-0.16313,-0.0904519343571951
-0.16395,-0.0799497281153448
-0.16418,-0.0684790754215646
-0.1638,-0.056070538225399
-0.16277,-0.0427513283607604
-0.16107,-0.0285602819466508
-0.15868,-0.0135448024680147
-0.15556,0.0022566507251612
-0.15171,0.0187841113191052
-0.1471,0.0359839292918765
-0.14173,0.0537866922227751
-0.13557,0.0721342612387761
-0.12863,0.0909495419513351
-0.1209,0.110157030686161
-0.11237,0.12968458325859
-0.10306,0.149442616161796
-0.092963,0.169349992746212
-0.082098,0.189315513439966
-0.070475,0.209249192367917
-0.058112,0.229058784317688
-0.045033,0.248648569319339
-0.031262,0.267922942470665
-0.016829,0.286784908925871
-0.001768,0.305136427444731
0.013885,0.322880232475141
0.030089,0.339919101884957
0.046801,0.356157520701434
0.063973,0.371500792715153
0.081555,0.385856553216269
0.099496,0.399136696351657
0.11774,0.411255886762917
0.13622,0.422125871334464
0.15489,0.43167465505864
0.17368,0.439828273390154
0.19253,0.446521312683652
0.21138,0.451697777484238
0.23016,0.455304155393678
0.2488,0.457291154058696
0.26725,0.457629776693473
0.28543,0.45628676698964
0.30329,0.453249288839098
0.32075,0.448499888126134
0.33777,0.442048179999638
0.35427,0.433896488041056
0.3702,0.424064074074549
0.3855,0.412576597706312
0.40011,0.39946480864558
0.41397,0.384763306083157
0.42705,0.368531576211546
0.43927,0.350811084466351
0.45059,0.331657657929676
0.46097,0.311137563893718
0.47037,0.289324031489194
0.47872,0.266272014975227
0.48601,0.242064820236354
0.49217,0.216762139081688
0.49719,0.190447474282036
0.50103,0.163199125540024
0.50365,0.135089078776073
0.50503,0.106197003816329
0.50514,0.0765991004551799
0.50395,0.0463665480494566
0.50146,0.0155865291452418
0.49764,-0.0156656506359758
0.49249,-0.0473043866384004
0.48599,-0.0792531894231879
0.47813,-0.111437944919111
0.46892,-0.143774060480035
0.45836,-0.176178585524218
0.44645,-0.208572566960598
0.43321,-0.240868082044722
0.41865,-0.272980229725671
0.40278,-0.304829345651185
0.38563,-0.33632788795358
0.36722,-0.367392278856137
0.34759,-0.397930174562859
0.32677,-0.427852638230631
0.30479,-0.457076487723609
0.28171,-0.485503873445754
0.25756,-0.513050588639781
0.23239,-0.539631573743838
0.20627,-0.56514927543335
0.17924,-0.589521575743962
0.15138,-0.612652146180362
0.12273,-0.634466108277083
0.093371,-0.654878327426652
0.06337,-0.673808815062112
0.032799,-0.69118095860011
0.0017329,-0.706921570222355
-0.029753,-0.720962691759853
-0.061576,-0.733237738880456
-0.093659,-0.743687971447174
-0.12592,-0.752259737084583
-0.15827,-0.758900558831508
-0.19062,-0.763561115025826
-0.2229,-0.766210794367879
-0.255,-0.766806100885575
-0.28684,-0.765317271468419
-0.31834,-0.761727162540544
-0.3494,-0.756015219309683
-0.37993,-0.748166800129657
-0.40985,-0.738180505932463
-0.43905,-0.726044131116604
-0.46746,-0.711767295571188
-0.49499,-0.695362772153174
-0.52155,-0.676846116942848
-0.54706,-0.656242650119182
-0.57143,-0.633577994656198
-0.59458,-0.608885189649338
-0.61644,-0.582210186902023
-0.63693,-0.553601113675762
-0.65598,-0.523114306017224
-0.67352,-0.490811509884704
-0.68949,-0.456764830347183
-0.70383,-0.421053004193243
-0.71648,-0.383758168482996
-0.72739,-0.344970503398121
-0.7365,-0.304776911814067
-0.74379,-0.263288901189096
-0.74921,-0.220612592829359
-0.75274,-0.176869007730754
-0.75433,-0.132165583673045
-0.75398,-0.0866326714234725
-0.75167,-0.0404005240090658
-0.74738,0.00640451284255705
-0.74113,0.053633454071981
-0.7329,0.10115309202836
-0.7227,0.148824845347511
-0.71056,0.196495313394653
-0.69649,0.244018679839564
-0.68053,0.29123764991213
-0.6627,0.338005424269396
-0.64304,0.38417361246094
-0.6216,0.429589985766687
-0.59844,0.474096807503059
-0.57361,0.517544464963537
-0.54718,0.559780105829214
-0.51921,0.600660797659967
-0.48979,0.640034331490812
-0.45898,0.677768401800167
-0.42689,0.713714472551419
-0.39359,0.747745665444794
-0.35918,0.779734987611575
-0.32376,0.80955999978897
-0.28743,0.837106469411378
-0.25029,0.862271113584955
-0.21246,0.884948739160641
-0.17403,0.90505890532263
-0.13513,0.922514995638868
-0.095872,0.937242333182713
-0.056361,0.949184313694159
-0.016715,0.958292074532087
0.022949,0.96452629387221
0.062515,0.967858353940563
0.10187,0.968272438757153
0.14089,0.96575649122428
0.17948,0.960324359516411
0.21751,0.951985586964015
0.25488,0.940769185392751
0.29149,0.926720035489266
0.32721,0.909873318659355
0.36197,0.890300643860034
0.39565,0.868064850737551
0.42817,0.843250295777002
0.45943,0.815942237793238
0.48936,0.786247097253244
0.51787,0.754271167902778
0.54488,0.720125556756172
0.57034,0.683944736441584
0.59417,0.645856430189681
0.61633,0.606009193251141
0.63675,0.564542232285848
0.6554,0.521612999441322
0.67223,0.477374487443543
0.68722,0.43199393664679
0.70033,0.385630470092003
0.71155,0.338454168159631
0.72087,0.290638883816809
0.72827,0.242348877245076
0.73375,0.193750391223935
0.73731,0.145006056477163
0.73897,0.0962852010633596
0.73874,0.0477497362050175
0.73664,-0.000442296603153305
0.73269,-0.0481412245544542
0.72693,-0.0951944116886038
0.71938,-0.141466829732245
0.71008,-0.186827638937775
0.69908,-0.231146692738615
0.68643,-0.27429911324794
0.67217,-0.316176254352724
0.65636,-0.356671946252485
0.63906,-0.395686141568006
0.62032,-0.43313508717459
0.60021,-0.468936908625826
0.57879,-0.503022117274959
0.55614,-0.535319545776316
0.53232,-0.565774613250465
0.50742,-0.594326606035628
0.48149,-0.620942266853433
0.45463,-0.645575557614094
0.4269,-0.668202084904412
0.39839,-0.688794466481098
0.36918,-0.707332095133797
0.33936,-0.723793985420128
0.30899,-0.73818255623383
0.27817,-0.75049037723878
0.24699,-0.760710546572472
0.21551,-0.768859773786267
0.18383,-0.774944558041336
0.15202,-0.778985913057688
0.12017,-0.781001879839274
0.088361,-0.781014904094114
0.056665,-0.779057611897358
0.025163,-0.775163839750814
-0.0060691,-0.769371749316329
-0.036958,-0.761724321258816
-0.06743,-0.752267357075396
-0.097415,-0.741050700893646
-0.12684,-0.728124258528588
-0.15565,-0.713550194161457
-0.18377,-0.697384289707142
-0.21114,-0.679686919720942
-0.23771,-0.660528028439851
-0.26341,-0.63996866097196
-0.28819,-0.618075841003254
-0.312,-0.59491956680511
-0.3348,-0.570577671826617
-0.35654,-0.545124707559052
-0.37717,-0.51863041835018
-0.39667,-0.491180780130526
-0.41498,-0.462842728602311
-0.43209,-0.433702749450628
-0.44797,-0.403845669089296
-0.46258,-0.373344970122313
-0.4759,-0.342277421980561
-0.48793,-0.310734758286457
-0.49863,-0.278788304487793
-0.50801,-0.246527529906277
-0.51604,-0.214024055879805
-0.52272,-0.181354857141172
-0.52806,-0.148606006869632
-0.53204,-0.115845863358807
-0.53468,-0.0831556672412065
-0.53598,-0.050609475346944
-0.53595,-0.0182803516482091
-0.53459,0.0137694292545794
-0.53193,0.0454664264976186
-0.52798,0.0767456097429237
-0.52277,0.107536336752715
-0.5163,0.137788186812077
-0.50862,0.167432096145118
-0.49974,0.196416079160909
-0.4897,0.224681799482115
-0.47852,0.252182834479484
-0.46625,0.278862100062812
-0.45291,0.304678300889688
-0.43854,0.329589853820892
-0.42319,0.353549327380999
-0.40689,0.376521281572135
-0.38969,0.398466741273818
-0.37162,0.419360349192452
-0.35275,0.439159445155587
-0.3331,0.457846138417003
-0.31274,0.47538659932237
-0.29171,0.491757814597397
-0.27006,0.506939264487648
-0.24786,0.520898738180905
-0.22514,0.533625557168625
-0.20198,0.545090215151776
-0.17842,0.555278882665301
-0.15453,0.564169016820622
-0.13035,0.571754293888675
-0.10596,0.578012493909016
-0.081416,0.582927340813384
-0.056769,0.586491877839127
-0.032087,0.588694668127456
-0.0074302,0.589527113262348
0.017139,0.588981861733334
0.04156,0.587054436694795
0.065769,0.58374075887985
0.089703,0.579038080731742
0.1133,0.572945834851313
0.1365,0.565466985002884
0.15925,0.556612707830726
0.18147,0.546380789382978
0.20312,0.534788090498909
0.22413,0.521844430290297
0.24444,0.507561286937741
0.264,0.491958742723424
0.28276,0.475063449542925
0.30066,0.456899405966973
0.31766,0.4375027563379
0.3337,0.416903795493874
0.34873,0.395134776219125
0.36273,0.372250916822962
0.37564,0.348294949122509
0.38744,0.323328007815702
0.39809,0.297409639960819
0.40756,0.27060389209882
0.41583,0.242984061007589
0.42287,0.214621456387922
0.42867,0.185598544740863
0.43322,0.156004424820179
0.43651,0.125930973109884
0.43852,0.0954622212661867
0.43927,0.0647029295076766
0.43875,0.0337492684472379
0.43697,0.00270234995826182
0.43393,-0.0283432353903214
0.42965,-0.0592863438634849
0.42415,-0.0900237412730484
0.41745,-0.120453787634691
0.40956,-0.150486803465218
0.40051,-0.180030969831916
0.39034,-0.208988444973092
0.37906,-0.237281996527213
0.36673,-0.264816791826372
0.35336,-0.29152403850755
0.339,-0.317328937147195
0.32369,-0.34216200435503
0.30748,-0.365953267441752
0.2904,-0.388649791357751
0.27251,-0.410192387834041
0.25384,-0.430541379927341
0.23446,-0.449645080409305
0.21442,-0.467459056977854
0.19376,-0.483954057070037
0.17255,-0.499092409366062
0.15083,-0.512853577767885
0.12867,-0.525209913692105
0.10613,-0.536136855620683
0.083261,-0.54562029955959
0.06013,-0.553643757247501
0.036796,-0.560195790647561
0.013323,-0.565266227181219
-0.010225,-0.568846745804054
-0.033786,-0.570932750606676
-0.057294,-0.571520318251303
-0.080684,-0.570607388895473
-0.10389,-0.568193168746285
-0.12686,-0.564288684217354
-0.14951,-0.558890934370746
-0.17179,-0.552011203102836
-0.19364,-0.543664939055757
-0.21498,-0.533856072729003
-0.23577,-0.522609017605954
-0.25594,-0.509942136483404
-0.27543,-0.495876072474508
-0.2942,-0.480447769190347
-0.31217,-0.463676947595639
-0.3293,-0.445598666215193
-0.34555,-0.426259553720951
-0.36086,-0.405699662118423
-0.3752,-0.383974956819374
-0.38851,-0.361130618717555
-0.40077,-0.337231543143173
-0.41193,-0.312334602909677
-0.42197,-0.286510843538185
-0.43086,-0.25983338272519
-0.43856,-0.232367566011122
-0.44508,-0.204207567066836
-0.45038,-0.175431147263689
-0.45445,-0.146122743323464
-0.45729,-0.116377060208792
-0.45888,-0.0862794772915804
-0.45924,-0.0559348319008554
-0.45835,-0.0254309050274481
-0.45624,0.00512404296957094
-0.45291,0.0356307588080774
-0.44837,0.0659929825668818
-0.44264,0.0961125716576303
-0.43575,0.125885652948687
-0.42772,0.15521449119149
-0.41857,0.184009535855468
-0.40835,0.212168704912028
-0.39709,0.239598012840179
-0.38482,0.266213218479532
-0.37159,0.291926139139064
-0.35744,0.316655926896053
-0.34242,0.340323187067124
-0.32658,0.36285260829901
-0.30997,0.384174983743316
-0.29263,0.404236087243991
-0.27463,0.422973859566392
-0.25603,0.440329796973913
-0.23686,0.456272820227
-0.21721,0.470751236529257
-0.19711,0.483743290356123
-0.17663,0.495223150598325
-0.15583,0.505170565361327
-0.13476,0.513578465118082
-0.11349,0.520436533473114
-0.09206,0.525754996728128
-0.070536,0.529541813771163
-0.04897,0.531813895973955
-0.027416,0.532594037187547
-0.005925,0.531911941826675
0.015451,0.529801868603831
0.036663,0.526303521993256
0.057663,0.521461098801049
0.078404,0.515322350988677
0.098843,0.507939903858149
0.11894,0.499371400493697
0.13864,0.489666120559128
0.15793,0.478896515330831
0.17675,0.467117152197147
0.19507,0.454388984008171
0.21286,0.440776499757792
0.23009,0.426345297414777
0.24672,0.41115265731279
0.26273,0.3952623012231
0.27808,0.378726496046681
0.29275,0.36160147368373
0.30672,0.343944932668849
0.31996,0.325806566994654
0.33244,0.307228005066409
0.34414,0.28825033728235
0.35504,0.268912785524347
0.36512,0.249251670626813
0.37435,0.229292248832519
0.38273,0.209071996199886
0.39022,0.188607287125963
0.39682,0.167926252383201
0.4025,0.147043186116592
0.40726,0.125982663709122
0.41108,0.104761742579304
0.41395,0.0833980112060742
0.41586,0.0619086732316476
0.41681,0.040317229096071
0.41678,0.0186365217526441
0.41578,-0.00310766412858768
0.4138,-0.0248948866305988
0.41084,-0.0467024464806002
0.4069,-0.0685067133885522
0.402,-0.0902694169702481
0.39613,-0.111963948449488
0.3893,-0.133559280692352
0.38152,-0.155021921914423
0.37281,-0.176310154307447
0.36318,-0.197384395158404
0.35264,-0.218208104126933
0.34122,-0.238733654582871
0.32894,-0.258913424516646
0.31582,-0.27870134624378
0.30188,-0.298054132246995
0.28716,-0.316917411885132
0.27167,-0.335251834673188
0.25546,-0.353001960723299
0.23855,-0.370123387153577
0.22098,-0.386567354071974
0.20278,-0.402290654124435
0.18399,-0.417248692574863
0.16466,-0.431389936499998
0.14482,-0.444673811786513
0.12451,-0.457062667971964
0.10378,-0.468515237446118
0.082671,-0.478995509441789
0.061228,-0.488470132838777
0.039496,-0.496909215846106
0.017525,-0.504283181338226
-0.0046385,-0.510566506377322
-0.026945,-0.51573581843336
-0.049345,-0.51977051810077
-0.071789,-0.522653200740232
-0.094225,-0.524368054842769
-0.1166,-0.52490062703108
-0.13887,-0.524244981339315
-0.16096,-0.522379649739019
-0.18284,-0.519304842173137
-0.20445,-0.515016395056947
-0.22573,-0.509507065182324
-0.24662,-0.502767624934243
-0.26707,-0.49479517359743
-0.28702,-0.485584867920775
-0.30643,-0.475145485544683
-0.32522,-0.463467225441817
-0.34335,-0.450555384219762
-0.36076,-0.436412714609726
-0.37739,-0.421040055465351
-0.39318,-0.404436868003898
-0.40809,-0.386616482838659
-0.42205,-0.367581041167534
-0.43502,-0.347345949878141
-0.44694,-0.325922252482932
-0.45777,-0.303332107045443
-0.46745,-0.279591372167796
-0.47594,-0.25472530145591
-0.4832,-0.228766140254575
-0.48917,-0.201736199183138
-0.49383,-0.173678820871371
-0.49713,-0.144631003439043
-0.49904,-0.114638460553906
-0.49954,-0.0837601116417823
-0.49859,-0.052049149831807
-0.49616,-0.0195600838835411
-0.49224,0.0136382609834146
-0.48682,0.0474674502022479
-0.47988,0.0818509060649118
-0.4714,0.116715749751181
-0.4614,0.151964649001209
-0.44987,0.187505563307989
-0.43682,0.223238638210797
-0.42225,0.259068084231198
-0.40619,0.294882105918472
-0.38866,0.33056676351474
-0.36968,0.366009846677522
-0.34929,0.401089211375215
-0.32754,0.435671075283494
-0.30446,0.469631175563105
-0.2801,0.502842047048132
-0.25453,0.535162903688161
-0.2278,0.566461452265305
-0.19998,0.596601718514105
-0.17115,0.625441775718424
-0.14138,0.652846900630186
-0.11076,0.678677847134881
-0.079369,0.702804483760778
-0.047308,0.725092180913349
-0.01467,0.745413179006463
0.018444,0.763643769946804
0.051932,0.779667129384864
0.085686,0.793371748036408
0.1196,0.804655966775797
0.15355,0.813416597330531
0.18744,0.819573819924564
0.22114,0.823044795908509
0.25455,0.823769812573488
0.28754,0.821688368768481
0.31999,0.816749486588646
0.35181,0.80893454346333
0.38286,0.798215648763752
0.41305,0.784596258385815
0.44226,0.768083882351701
0.47038,0.74869751858445
0.49733,0.726488077674357
0.523,0.701509586629257
0.54731,0.67384020402049
0.57016,0.643561466290971
0.59147,0.610770966911696
0.61118,0.575592065604168
0.62922,0.538158770634003
0.64552,0.498610570172638
0.66003,0.457102798152446
0.67271,0.413807070150698
0.68351,0.368896308957077
0.69239,0.322547308835817
0.69933,0.274949972511148
0.70432,0.226306908571608
0.70733,0.176810476785872
0.70836,0.126661408740629
0.70741,0.0760612935557485
0.70449,0.0252137916956059
0.69961,-0.0256819407134107
0.69279,-0.0764291397356153
0.68406,-0.126831762910108
0.67344,-0.176708001834442
0.66097,-0.225878698637887
0.6467,-0.274165406213541
0.63068,-0.321396254741781
0.61295,-0.367417958774688
0.59357,-0.412082877793536
0.57261,-0.455245872429846
0.55014,-0.496769118452188
0.52621,-0.536540607997219
0.5009,-0.574451432640169
0.4743,-0.610392184943668
0.44647,-0.644279637742347
0.4175,-0.676033183374626
0.38748,-0.70557794408481
0.35649,-0.732854489982087
0.32462,-0.757811447226321
0.29196,-0.78040668970598
0.2586,-0.80060801277463
0.22464,-0.81838597145654
0.19017,-0.833722771478578
0.15529,-0.84660428307013
0.12008,-0.857035641062453
0.084649,-0.865017019291937
0.049088,-0.870558927516338
0.013492,-0.873677930035296
-0.022044,-0.874395932360563
-0.057429,-0.872742358441263
-0.092569,-0.868750465899134
-0.12738,-0.862463824431115
-0.16176,-0.853920492135907
-0.19564,-0.84317805504592
-0.22892,-0.830285901943389
-0.26152,-0.815300742526842
-0.29337,-0.798291459615463
-0.32439,-0.779327855312588
-0.3545,-0.758478886861912
-0.38363,-0.735818591725406
-0.41172,-0.711430669698001
-0.43868,-0.685382280754856
-0.46447,-0.657762457964248
-0.48903,-0.628660676205498
-0.5123,-0.598164312538816
-0.53422,-0.566356589217501
-0.55476,-0.533337155783464
-0.57387,-0.499201228660623
-0.59151,-0.464045034012948
-0.60764,-0.427962716958685
-0.62224,-0.391058650446387
-0.63528,-0.353434863252658
-0.64673,-0.315188321125135
-0.65658,-0.276423611967115
-0.66482,-0.237248145123791
-0.67143,-0.197760778994799
-0.67642,-0.158072421723287
-0.67979,-0.118292708375481
-0.68153,-0.0785192647990957
-0.68165,-0.0388515117659138
-0.68018,0.000598282628909512
-0.67711,0.039740821867367
-0.67249,0.0784641213728047
-0.66632,0.11667867346746
-0.65864,0.154286720865727
-0.64947,0.191202105788741
-0.63886,0.227328996130718
-0.62684,0.262581978496863
-0.61346,0.296872404619726
-0.59876,0.330119667847253
-0.58278,0.362252693998043
-0.56558,0.393196110272053
-0.54723,0.422866595125371
-0.52776,0.451207112146391
-0.50725,0.478147260085654
-0.48576,0.503623427129645
-0.46335,0.527580049687871
-0.44009,0.549963017171775
-0.41605,0.570721701054884
-0.39129,0.589817880250091
-0.3659,0.607203012556969
-0.33995,0.622837137119231
-0.3135,0.636696469094459
-0.28664,0.648749504435461
-0.25944,0.658974912694252
-0.23198,0.667353474760035
-0.20432,0.673883695274983
-0.17656,0.678549521154317
-0.14876,0.681353830307683
-0.12099,0.682307918092997
-0.093334,0.681419819209435
-0.065857,0.678709342181814
-0.038631,0.674200610486654
-0.011724,0.66792403547015
0.014797,0.659915479494551
0.040867,0.650216133929809
0.066425,0.638873714546762
0.091408,0.625938769662367
0.11576,0.611468237010578
0.13943,0.595526615879513
0.16236,0.578177790763898
0.1845,0.559489496266205
0.20582,0.539545639751353
0.22626,0.518418786833925
0.24578,0.496185200495973
0.26436,0.472936810118747
0.28195,0.44875342937754
0.29854,0.423732399789468
0.31409,0.397960205524582
0.32857,0.371519409631816
0.34198,0.344509084942644
0.3543,0.317023839416619
0.36551,0.289151778401061
0.3756,0.260980375413617
0.38457,0.232601181027789
0.39242,0.204106087479702
0.39914,0.175576881820097
0.40475,0.147106639005976
0.40924,0.118772269737733
0.41263,0.0906571643524612
0.41493,0.0628396680766128
0.41617,0.0354061003277411
0.41635,0.00842404593738938
0.4155,-0.0180343292299032
0.41365,-0.0438958055200776
0.41082,-0.0690963759179576
0.40705,-0.0935671001635128
0.40237,-0.117245021056379
0.39682,-0.140067014061116
0.39043,-0.161979628604671
0.38326,-0.182917181800961
0.37533,-0.202836185308639
0.3667,-0.22168334671909
0.35741,-0.23941440438935
0.34752,-0.255979472964195
0.33706,-0.271348349348449
0.3261,-0.285478617099604
0.31468,-0.298342012743176
0.30286,-0.309908309715335
0.29068,-0.320161951632952
0.27821,-0.329078077764614
0.26549,-0.33664779327439
0.25257,-0.342868516123853
0.23952,-0.347728614918063
0.22637,-0.351239603489251
0.21319,-0.353402293501145
0.20002,-0.354231533177316
0.1869,-0.353753560169173
0.1739,-0.351981354443146
0.16105,-0.348946843255235
0.1484,-0.344681952185641
0.13598,-0.339232885923528
0.12385,-0.332634244788234
0.11204,-0.324932791368715
0.10057,-0.316191456444567
0.089495,-0.306458831865779
0.078834,-0.295797413217987
0.068616,-0.284271931530226
0.058867,-0.271949465949074
0.049609,-0.258900164857
0.040861,-0.245196961589733
0.03264,-0.2309144882333
0.024959,-0.216129590338784
0.01783,-0.200919421359503
0.011261,-0.185362074284125
0.0052566,-0.169536580929643
-0.00018147,-0.153522456068738
-0.005052,-0.137397541647209
-0.0093598,-0.121240343964561
-0.01311,-0.105127650907404
-0.01631,-0.0891340670360583
-0.018972,-0.0733335372043911
-0.021108,-0.0577968679612619
-0.022734,-0.0425928943431791
-0.023869,-0.0277887114884118
-0.024531,-0.0134469311561869
-0.024742,0.000372730503663566
-0.024528,0.0136121097119241
-0.023914,0.0262171770893273
-0.022926,0.0381385380545492
-0.021593,0.0493302409338289
-0.019947,0.0597487265764396
-0.018016,0.0693570932414972
-0.015836,0.0781194809983255
-0.013439,0.0860053850707146
-0.010859,0.0929885444039851
-0.0081324,0.0990456277125175
-0.0052933,0.104158558689904
-0.00238,0.108311428740822
0.00057327,0.111494049444903
0.0035273,0.113697952625628
0.0064464,0.114919385405062
0.0092932,0.115157731167876
0.012031,0.114415868526809
0.014625,0.112701253091805
0.017039,0.110024202986936
0.01924,0.106399816626721
0.021193,0.101845518995782
0.022867,0.0963834308286304
0.024233,0.0900406465030677
0.025262,0.0828478194530148
0.02593,0.0748415956105119
0.026211,0.0660612087928811
0.026086,0.0565522912690288
0.025535,0.0463638266312377
0.024544,0.0355507480731331
0.0231,0.0241721425976697
0.021194,0.012291876304053
0.018819,-2.25452197538112e-05
0.015973,-0.0126988121672578
0.012656,-0.0256612569283243
0.0088698,-0.0388322977773295
0.0046241,-0.0521291842456043
-7.2648e-05,-0.0654683163507402
-0.0052077,-0.0787646937549208
-0.010765,-0.091932277215812
-0.016722,-0.104881996303495
-0.023061,-0.11752864954448
-0.029754,-0.1297852027097
-0.036773,-0.141565896622458
-0.044088,-0.152787273629557
-0.051668,-0.163369718980344
-0.059477,-0.173235676230452
-0.067477,-0.182310400508451
-0.075633,-0.19052621347926
-0.083905,-0.197819854086879
-0.09225,-0.204131723869661
-0.10063,-0.209411110436367
-0.109,-0.213611299312869
-0.11732,-0.216694408276377
-0.12554,-0.218623956557944
-0.13363,-0.219381020554268
-0.14153,-0.218939808999191
-0.14922,-0.217299910813232
-0.15664,-0.214452440013365
-0.16377,-0.210412113587239
-0.17055,-0.205183292011074
-0.17696,-0.198792010491005
-0.18295,-0.19125942092034
-0.18851,-0.182632249812744
-0.19358,-0.172940074749456
-0.19815,-0.162235243404411
-0.20219,-0.150572633657717
-0.20567,-0.138008022324235
-0.20858,-0.124611480945347
-0.21089,-0.110448164751604
-0.21258,-0.0955850851630675
-0.21365,-0.0801038564685426
-0.21409,-0.064088356164126
-0.21389,-0.0476220643384484
-0.21304,-0.0307858662882109
-0.21155,-0.0136710824308629
-0.20942,0.00363253758914101
-0.20665,0.0210391055673553
-0.20325,0.0384610009130015
-0.19923,0.0558118512570873
-0.19461,0.0730015481111757
-0.1894,0.0899471586747475
-0.18362,0.106566783511839
-0.1773,0.122774615599114
-0.17044,0.138506675194216
-0.16307,0.153696647234256
-0.15523,0.168271282383917
-0.14693,0.182176461173611
-0.13821,0.195353346712389
-0.1291,0.207748882000132
-0.11963,0.219316705351881
-0.10982,0.230025118402766
-0.099725,0.23982984582064
-0.089371,0.248699725949304
-0.078795,0.256607479313873
-0.068038,0.263527337252935
-0.057137,0.269438989888687
-0.046134,0.274323951296153
-0.03507,0.278166999855703
-0.023987,0.280955752617555
-0.012926,0.282681705444344
-0.0019328,0.283336657307003
0.0089495,0.282915341722684
0.019678,0.281415597035325
0.030209,0.278837659700724
0.0405,0.275184987032279
0.050509,0.270464294188011
0.060193,0.264684364826517
0.069512,0.257857971056925
0.078427,0.250001812431505
0.086897,0.241134119913023
0.094889,0.231280053516841
0.10237,0.22046993030078
0.1093,0.208732457241692
0.11565,0.196102598001772
0.12139,0.18261884438116
0.1265,0.168329033677668
0.13095,0.1532799729404
0.13473,0.137531258063678
0.1378,0.121129062612908
0.14016,0.104137091470943
0.1418,0.0866240605079139
0.1427,0.0686534460147745
0.14286,0.0502975022593895
0.14228,0.0316335014963812
0.14094,0.0127257434785592
0.13887,-0.00633687911882833
0.13606,-0.0254778373616406
0.13251,-0.0446254897914771
0.12825,-0.0636921844524304
0.12329,-0.0825948362464942
0.11764,-0.101256633343124
0.11133,-0.119593498652518
0.10438,-0.137525583506257
0.096822,-0.154970176800154
0.088676,-0.171853844408537
0.079978,-0.18810129226402
0.070764,-0.203638295156602
0.061071,-0.21839330559027
0.050937,-0.232298698539686
0.040405,-0.245288730216884
0.029518,-0.257301553792023
0.018323,-0.268277792993708
0.0068647,-0.27816399435906
-0.0048069,-0.286909639229229
-0.016644,-0.294470207368747
-0.028593,-0.30080357070965
-0.040605,-0.305874784556692
-0.052627,-0.309653246043194
-0.064606,-0.312113312614071
-0.076493,-0.313237615406176
-0.088232,-0.313011362812999
-0.099771,-0.311425796067897
-0.11106,-0.308479313859096
-0.12205,-0.304177429276252
-0.13269,-0.298530303799433
-0.14293,-0.291552824738693
-0.15272,-0.283263768607803
-0.16202,-0.273692385359172
-0.17078,-0.262868605096166
-0.17896,-0.250829878494683
-0.18652,-0.237619055945236
-0.19342,-0.223282496186069
-0.19962,-0.207868404188095
-0.20509,-0.191432792516972
-0.20979,-0.174029245822831
-0.21371,-0.155730274221263
-0.2168,-0.136592216718947
-0.21904,-0.116679092420068
-0.22043,-0.0960741808172775
-0.22093,-0.074844446667853
-0.22053,-0.0530640103917928
-0.21921,-0.0308032412460287
-0.21698,-0.00814961141031132
-0.21382,0.0148203506660778
-0.20974,0.0380190451883492
-0.20472,0.0613747663659221
-0.19878,0.0848012926044583
-0.19191,0.108225562306621
-0.18414,0.131557895518323
-0.17546,0.154727623470916
-0.1659,0.177652174617851
-0.15548,0.200249474924845
-0.14421,0.222447948568247
-0.13211,0.244179546387931
-0.11922,0.265366661574189
-0.10556,0.285941424738008
-0.091172,0.305829951939031
-0.076079,0.324970143825092
-0.060321,0.343299113257396
-0.043939,0.360754916830428
-0.026973,0.377279406682951
-0.0094668,0.392816884020855
0.008536,0.407315911106252
0.026985,0.420725483064678
0.045834,0.433000063116261
0.065033,0.44409757777598
0.084528,0.453977557271949
0.10427,0.462606241755177
0.1242,0.469949417967658
0.14427,0.475982176325138
0.16441,0.480672110572602
0.18459,0.484011811128421
0.20473,0.485977827733853
0.22478,0.486557154732972
0.24469,0.485746090967574
0.2644,0.483541668977762
0.28384,0.47993469875372
0.30296,0.474926475736412
0.32171,0.468527159981068
0.34002,0.46073942665675
0.35785,0.451582431102013
0.37514,0.441073689251375
0.39184,0.429236676750518
0.40789,0.416091969739499
0.42325,0.401672333482157
0.43786,0.386004950805421
0.45169,0.369134191610715
0.46468,0.351095109464845
0.4768,0.331936662690568
0.488,0.311703050743005
0.49824,0.290440946324262
0.5075,0.268212618087671
0.51573,0.245069092345188
0.5229,0.221065751597498
0.52899,0.196267355977509
0.53397,0.170737026514716
0.53781,0.144534767208393
0.5405,0.117731107008542
0.54202,0.0903956037672138
0.54235,0.0625949673166214
0.54147,0.0343915797328201
0.53939,0.00586457078261718
0.5361,-0.0229106302114869
0.53158,-0.0518713126132627
0.52585,-0.0809374821858363
0.51889,-0.11004732102564
0.51073,-0.139118754756618
0.50137,-0.168078190643473
0.49082,-0.196853894688259
0.47909,-0.225378033148441
0.46621,-0.253573444503216
0.45219,-0.281372817841265
0.43707,-0.308696929773653
0.42086,-0.335481805255406
0.4036,-0.361655853922812
0.38531,-0.387158637485687
0.36604,-0.411918734890928
0.34583,-0.435865775257421
0.3247,-0.45894751113456
0.30271,-0.481098750329136
0.27991,-0.502253631289436
0.25633,-0.522362926461868
0.23203,-0.541370588903369
0.20706,-0.559224611022081
0.18147,-0.575878269008526
0.15531,-0.591290989642998
0.12865,-0.605414091532806
0.10153,-0.618216471782817
0.074018,-0.629661949692301
0.046166,-0.639723672045088
0.018036,-0.64837623571684
-0.010315,-0.655600381229652
-0.038827,-0.661380681064694
-0.06744,-0.665705776492842
-0.096096,-0.668569919641577
-0.12474,-0.669974788004277
-0.1533,-0.66991593562743
-0.18173,-0.668403802926645
-0.20998,-0.665458051531152
-0.23797,-0.66108350247922
-0.26566,-0.655302856570433
-0.29299,-0.648138193088937
-0.3199,-0.63961083729095
-0.34634,-0.62974862886639
-0.37226,-0.618584182422209
-0.3976,-0.606145932605031
-0.42232,-0.592473175737782
-0.44636,-0.577598292855721
-0.46967,-0.561554752478836
-0.49221,-0.544383495566531
-0.51394,-0.526130466944973
-0.5348,-0.506829673950401
-0.55477,-0.486534181845958
-0.57379,-0.465281404730813
-0.59183,-0.443117278569705
-0.60886,-0.42009330437518
-0.62485,-0.396264003546647
-0.63975,-0.371669967248957
-0.65354,-0.346361500072172
-0.66621,-0.320402611862598
-0.67771,-0.293836885907472
-0.68803,-0.266719634528315
-0.69715,-0.239106505461102
-0.70505,-0.211051672390376
-0.71173,-0.182621186621404
-0.71717,-0.153873830108861
-0.72135,-0.124860638766945
-0.72428,-0.0956468791552153
-0.72595,-0.0662924002585309
-0.72635,-0.0368507137354783
-0.7255,-0.00739058296653631
-0.7234,0.0220239603708857
-0.72005,0.0513348220228517
-0.71546,0.0804832923861004
-0.70965,0.109404795303375
-0.70263,0.138039607649077
-0.69441,0.166333991713178
-0.68502,0.194226176122696
-0.67447,0.221664856037396
-0.66279,0.248594256710259
-0.65,0.274964407580825
-0.63613,0.300724483780317
-0.62122,0.325817463233093
-0.60528,0.350205565354894
-0.58835,0.373845888780788
-0.57048,0.396685699416843
-0.55169,0.418688458137247
-0.53202,0.439817401514704
-0.51151,0.460037108247084
-0.49022,0.479299920126574
-0.46817,0.497579678604717
-0.44541,0.514846586938493
-0.42199,0.531069229133663
-0.39796,0.546216219622025
-0.37336,0.560264916490669
-0.34824,0.573193419249159
-0.32265,0.584981485947635
-0.29663,0.59561861143545
-0.27024,0.605088084869962
-0.24352,0.613383867269491
-0.21653,0.620494314233332
-0.1893,0.626426166587976
-0.16189,0.631179017452368
-0.13435,0.634754480067541
-0.10672,0.6371634952375
-0.079051,0.638416428381108
-0.051385,0.638529871664539
-0.023768,0.637522323564928
0.0037579,0.635416474260918
0.031149,0.632236842673924
0.058363,0.628010014164645
0.085363,0.622767707379189
0.11211,0.616543538095138
0.13857,0.609375584293567
0.1647,0.601297951821176
0.19047,0.592350317421535
0.21584,0.582568433342216
0.24079,0.571998736613679
0.26529,0.560687634441263
0.2893,0.548672841502221
0.31281,0.536006173551299
0.33577,0.522719753793507
0.35816,0.508851027630269
0.37997,0.494447969232845
0.40116,0.479543411127916
0.42172,0.464179100732802
0.44161,0.448380459615686
0.46083,0.432188421085353
0.47934,0.415625508927126
0.49713,0.398720737058916
0.51418,0.381499915155478
0.53048,0.3639927124745
0.546,0.346216059085872
0.56072,0.328183277450407
0.57464,0.309918929845968
0.58774,0.291440922730139
0.60001,0.272768450756812
0.61142,0.25390617499528
0.62198,0.234876225872485
0.63166,0.215684386342382
0.64046,0.196345041209649
0.64837,0.176871484067107
0.65537,0.157268144412628
0.66147,0.13755414149104
0.66665,0.117737523571222
0.67092,0.0978391789033193
0.67426,0.0778674027328473
0.67668,0.0578421064927807
0.67817,0.0377770517910342
0.67875,0.0177026805229577
0.6784,-0.00236768571798409
0.67715,-0.0223980808291416
0.67498,-0.0423723947603468
0.67192,-0.0622541551803452
0.66797,-0.082013813337116
0.66315,-0.101613575570411
0.65745,-0.12103238634834
0.65091,-0.140226473732991
0.64354,-0.159157309028552
0.63534,-0.177799219671344
0.62634,-0.19611563103152
0.61655,-0.214077188632024
0.60599,-0.231653994072101
0.59468,-0.248816767334022
0.58265,-0.265530373376131
0.5699,-0.281778345614845
0.55646,-0.297537803318026
0.54236,-0.312781592053375
0.5276,-0.327502301429207
0.51222,-0.341679344078723
0.49624,-0.355297133825714
0.47968,-0.368344803369418
0.46257,-0.380808456608252
0.44492,-0.392687184718699
0.42677,-0.403968651323416
0.40814,-0.414646677817757
0.38905,-0.424720451878041
0.36954,-0.43417895137536
0.34962,-0.443025620885757
0.32932,-0.451260897398067
0.30868,-0.458875589834532
0.28771,-0.465875357167027
0.26644,-0.472263066382189
0.24491,-0.478032032536783
0.22313,-0.483190383282869
0.20114,-0.487735928619716
0.17896,-0.491673145208844
0.15661,-0.495011889320336
0.13413,-0.497751421528914
0.11155,-0.499889975023996
0.08888,-0.50143987783702
0.066156,-0.502405354769622
0.043401,-0.502793682443048
0.020641,-0.502612253200657
-0.002098,-0.501868416650277
-0.024791,-0.500570082863239
-0.047414,-0.498726185330732
-0.069943,-0.496346280156994
-0.092354,-0.49344019886492
-0.11462,-0.49001553342786
-0.13673,-0.486089712528165
-0.15864,-0.481663232230138
-0.18035,-0.47675545806286
-0.20182,-0.47137085858215
-0.22304,-0.465523944164853
-0.24398,-0.459222116339005
-0.26463,-0.452481610515655
-0.28496,-0.445310526229351
-0.30496,-0.437724939638759
-0.3246,-0.429732091482754
-0.34386,-0.421339246479853
-0.36273,-0.41256082641001
-0.38119,-0.403409184774914
-0.39922,-0.393894618518591
-0.41679,-0.384018024184781
-0.4339,-0.373794800691086
-0.45051,-0.363221967720454
-0.46663,-0.35231870543645
-0.48221,-0.3410770968746
-0.49726,-0.329511881254502
-0.51175,-0.317626006741415
-0.52565,-0.305412760170817
-0.53897,-0.292887311696473
-0.55166,-0.280037621146497
-0.56373,-0.266874328902364
-0.57515,-0.253396421552691
-0.58591,-0.239608247869779
-0.59599,-0.22551090414191
-0.60537,-0.211102774361321
-0.61404,-0.196387432592439
-0.62199,-0.181372489385279
-0.6292,-0.166061168124577
-0.63566,-0.150460420596151
-0.64136,-0.134579975527594
-0.64628,-0.11842410499719
-0.65042,-0.102007315252284
-0.65376,-0.0853371436581009
-0.65629,-0.068422658884806
-0.65801,-0.0512812672445388
-0.65891,-0.0339291933018041
-0.65898,-0.0163812300373164
-0.65822,0.00134203848701022
-0.65662,0.0192233635479221
-0.65417,0.0372487142550435
-0.65087,0.0553997149444725
-0.64673,0.0736476641487204
-0.64174,0.0919711695214782
-0.6359,0.110347995326878
-0.62921,0.128755924763546
-0.62167,0.147173463000991
-0.61328,0.165580394301771
-0.60406,0.183943410735289
-0.594,0.20224185097363
-0.58311,0.220451148951953
-0.57139,0.238551798030915
-0.55885,0.256521658927937
-0.54551,0.274329831184154
-0.53136,0.291961526238194
-0.51643,0.309385934289541
-0.50071,0.326589915761775
-0.48423,0.343545533024698
-0.46699,0.360236042237776
-0.44901,0.376639572112437
-0.43031,0.392730898060971
-0.4109,0.40849035230669
-0.39081,0.423888676086375
-0.37004,0.438912043062396
-0.34863,0.453530060032456
-0.32659,0.467722178543958
-0.30395,0.481461745368505
-0.28074,0.494718101877954
-0.25698,0.50746577485004
-0.23271,0.519669567122017
-0.20796,0.531294983605451
-0.18275,0.542316622432032
-0.15713,0.552695131104803
-0.13112,0.562403376218849
-0.10478,0.571395450345167
-0.078132,0.579639873777024
-0.051226,0.587097175081853
-0.024102,0.593730147090204
0.0031944,0.599500521747247
0.030617,0.604370025663399
0.058119,0.608301239212315
0.085653,0.611258276053027
0.11317,0.613206560431511
0.14061,0.614105666979188
0.16794,0.61393181197578
0.19509,0.612648224446753
0.22202,0.610231159489861
0.24867,0.606653546674188
0.27499,0.60189408942621
0.30094,0.59594444944945
0.32645,0.588785118229501
0.35147,0.580403226304571
0.37597,0.570806716034143
0.39988,0.559990849879211
0.42316,0.547963300113038
0.44577,0.534741841050951
0.46765,0.52033742209229
0.48876,0.504770257754497
0.50906,0.488067737935484
0.52851,0.470262538236033
0.54707,0.451390932704673
0.5647,0.431491308109772
0.58138,0.410617672073114
0.59706,0.388813123917988
0.61171,0.366125693470591
0.62532,0.342620939336554
0.63785,0.318354641352889
0.64928,0.293387983821541
0.6596,0.267792213907729
0.66877,0.241622515780162
0.6768,0.214956495817279
0.68366,0.187858020400007
0.68934,0.160392766565643
0.69384,0.132633270640245
0.69714,0.104640602471763
0.69924,0.076479441353728
0.70013,0.0482079126818002
0.69981,0.0198843338254514
0.69828,-0.0084347724573762
0.69553,-0.0367036477460113
0.69157,-0.064872079509074
0.68639,-0.092902847184082
0.68,-0.120755870804007
0.67242,-0.14838290614299
0.66362,-0.175767854394604
0.65364,-0.202869674139584
0.64248,-0.229658363799693
0.63014,-0.256114077770878
0.61664,-0.28221136206229
0.60199,-0.307928769055145
0.58622,-0.33323429578995
0.56934,-0.358103488583966
0.55136,-0.382519038939689
0.53232,-0.40644807970535
0.51224,-0.429861250326233
0.49115,-0.452725769111792
0.46907,-0.475014728290427
0.44605,-0.496684843732786
0.4221,-0.517710712230984
0.39728,-0.538045393118596
0.37162,-0.557648361445449
0.34517,-0.576470885377286
0.31796,-0.594474046828722
0.29005,-0.61160603876402
0.26148,-0.627821187288088
0.2323,-0.6430729421294
0.20258,-0.657300862861314
0.17236,-0.670457472776156
0.1417,-0.682492601052114
0.11067,-0.693348243731356
0.079312,-0.702982735951342
0.047704,-0.711342490949234
0.015906,-0.718379478452616
-0.016018,-0.72404890017221
-0.048001,-0.728307984129618
-0.079974,-0.731115705696203
-0.11187,-0.732435479073308
-0.14363,-0.732241653917215
-0.17517,-0.730500062902174
-0.20642,-0.727181398794205
-0.23733,-0.722276301217076
-0.26782,-0.715770022864364
-0.29781,-0.707644323869955
-0.32726,-0.697908652028679
-0.35607,-0.686550585688133
-0.38419,-0.673577791243206
-0.41156,-0.659006919284677
-0.4381,-0.642847012318429
-0.46376,-0.625123275784348
-0.48847,-0.60585880860526
-0.51217,-0.585082091992417
-0.53479,-0.562818054946932
-0.55629,-0.539110516287989
-0.57661,-0.514002775665472
-0.5957,-0.487544140584682
-0.61349,-0.459772797324111
-0.62996,-0.43075402392666
-0.64504,-0.400536293558506
-0.6587,-0.369182856455386
-0.67089,-0.336752389922183
-0.68159,-0.303320468523105
-0.69075,-0.268952016804389
-0.69834,-0.233716319930685
-0.70434,-0.197691568570188
-0.70871,-0.16094606888524
-0.71145,-0.12356769215192
-0.71253,-0.085635297764086
-0.71192,-0.0472180830021594
-0.70963,-0.00840484751081719
-0.70565,0.0307173276529656
-0.69996,0.0700728519144741
-0.69256,0.109583060219961
-0.68347,0.14915458224877
-0.67268,0.188707346653214
-0.6602,0.22815985803176
-0.64605,0.267424795052029
-0.63024,0.306420424024641
-0.6128,0.345057486423158
-0.59374,0.383258431937132
-0.5731,0.420935657633275
-0.5509,0.458011228707378
-0.52719,0.494395555460826
-0.502,0.530007503351985
-0.47537,0.564768208628918
-0.44736,0.598588655606078
-0.41801,0.631389517596563
-0.38738,0.663087324704472
-0.35552,0.693605625361832
-0.3225,0.722861620450755
-0.2884,0.750762953534885
-0.25326,0.777242355186799
-0.21718,0.802210971664101
-0.18022,0.825595274762725
-0.14248,0.847307242685506
-0.10402,0.867279878939281
-0.064953,0.885426516562791
-0.025356,0.90167435472576
0.014675,0.915950450726537
0.055041,0.928182275943846
0.095647,0.938303328585407
0.13639,0.946248626662908
0.17717,0.951959170673417
0.21789,0.955385383076334
0.25844,0.956477798984616
0.29872,0.955196559895557
0.33862,0.95150400983996
0.37805,0.945380845831864
0.41689,0.936801661772964
0.45506,0.925767144672372
0.49244,0.912270152641076
0.52894,0.89632031699402
0.56447,0.877941209677001
0.59892,0.857152872080192
0.63221,0.833994754931169
0.66424,0.808506674242057
0.69493,0.780742986728541
0.72418,0.75075399442838
0.75193,0.718615380444626
0.77808,0.684392049129292
0.80256,0.648160968266237
0.82529,0.609999610679263
0.84622,0.570006151050728
0.86527,0.528270771453186
0.88237,0.484882254613105
0.89748,0.439948052122582
0.91054,0.393572939461654
0.92151,0.345871406780436
0.93033,0.296947740925746
0.93698,0.246924547248497
0.94141,0.195913430642512
0.94361,0.144043366243399
0.94355,0.0914386823495425
0.94122,0.038230966924724
0.93661,-0.0154463743835335
0.92971,-0.0694626056675267
0.92052,-0.123685870375626
0.90907,-0.177965421566158
0.89535,-0.232169603658376
0.8794,-0.286149458115672
0.86123,-0.339769058615864
0.84089,-0.392877892208689
0.8184,-0.445340794686162
0.79383,-0.497002550582481
0.7672,-0.547733881620679
0.7386,-0.597379124735523
0.70807,-0.645803531357799
0.67567,-0.692879108193509
0.6415,-0.738458275998027
0.60561,-0.78241972511903
0.56809,-0.824638155204763
0.52903,-0.864989598752093
0.48851,-0.903363080436698
0.44663,-0.939647503142156
0.40348,-0.97374327692995
0.35917,-1.00554920459008
0.31379,-1.03498153455399
0.26745,-1.06195927592691
0.22026,-1.08640707260126
0.17233,-1.10825735142066
0.12376,-1.12745922893355
0.074681,-1.14395491069594
0.025197,-1.15770371058434
-0.024572,-1.16866912757064
-0.07451,-1.17682308008831
-0.1245,-1.18214535969518
-0.17442,-1.18461998395869
-0.22416,-1.18424467316412
-0.27359,-1.18101441659451
-0.32261,-1.17494522603769
-0.37109,-1.16604830680155
-0.41892,-1.15434628783361
-0.466,-1.1398785511944
-0.5122,-1.12267545474857
-0.55742,-1.10278209755638
-0.60155,-1.08024744126699
-0.6445,-1.05513757362646
-0.68615,-1.02750891044867
-0.72642,-0.997438549853989
-0.7652,-0.964996359842705
-0.80241,-0.93026697919992
-0.83797,-0.893344911972719
-0.87178,-0.854315462555485
-0.90377,-0.813276511701794
-0.93386,-0.770326087488772
-0.96198,-0.725567073275545
-0.98808,-0.679118209456654
-1,-0.62214862122449
-1,-0.549501079401018
-1,-0.466255463247818
-1,-0.376806390930703
-1,-0.284897055910469
-1,-0.193657596239392
-1,-0.105647135432676
-1,-0.0228986075633891
-1,0.0530345160868038
-1,0.121030451667979
-1,0.18035108171462
-1,0.230594426280352
-1,0.271648267861943
-1,0.30364550809448
-1,0.326921746497984
-1,0.341975482613009
-1,0.349431255079915
-1,0.350005946581545
-1,0.344478403682336
-1,0.333662446699473
-1,0.318383277746314
-0.97584,0.317331013358823
-0.94858,0.329677903560837
-0.91927,0.353685745358131
-0.88799,0.38762806164142
-0.85481,0.429824915974734
-0.8198,0.478664920894171
-0.78305,0.53260877859424
-0.74464,0.590214625121508
-0.70467,0.650135716039862
-0.66324,0.711132661069083
-0.62044,0.772089475556599
-0.57637,0.832009921682233
-0.53115,0.890005261098105
-0.48487,0.945319590968072
-0.43766,0.997295897370698
-0.38963,1.04539119214847
-0.3409,1.08916410046777
-0.29158,1.1282774212667
-0.2418,1.16247558202091
-0.19167,1.19159410182198
-0.14132,1.21553534078564
-0.090879,1.2342627343282
-0.040459,1.24780630196259
0.0098125,1.25624117970158
0.059815,1.25968559233109
0.10943,1.25829416375797
0.15853,1.2522431785173
0.20701,1.24174114948258
0.25476,1.22701586531758
0.30165,1.20829205222766
0.34759,1.18581750933952
0.39247,1.15983889888261
0.43618,1.13059676423774
0.47863,1.09833617568868
0.51973,1.06330013828233
0.55939,1.02572408828068
0.59752,0.985831418832145
0.63405,0.94384476211313
0.6689,0.899972723212286
0.702,0.85441416983113
0.73329,0.807361784651219
0.76272,0.759004957372966
0.79023,0.7095172934627
0.81579,0.659076435587426
0.83935,0.607842866380226
0.8609,0.555987571489774
0.8804,0.503662227475766
0.89785,0.451027392305196
0.91323,0.398230571023719
0.92656,0.345433217224171
0.93782,0.292772931920795
0.94703,0.240392748255214
0.95422,0.188442378507756
0.9594,0.137056848461966
0.96261,0.0863766172316989
0.96387,0.0365266534139001
0.96323,-0.0123630594788559
0.96072,-0.0601781158140772
0.95639,-0.10680630172964
0.95029,-0.152141543423975
0.94247,-0.196086922123974
0.93299,-0.238549462066768
0.92189,-0.279458004487018
0.90924,-0.31874005469575
0.89509,-0.356340112182288
0.87951,-0.392204385879813
0.86256,-0.426290582665598
0.84429,-0.458575458886954
0.82477,-0.489038187150097
0.80406,-0.517669023987936
0.78222,-0.544468553468202
0.75932,-0.569439354804668
0.73543,-0.59258656223487
0.71059,-0.613940372305138
0.68489,-0.633514306127073
0.65837,-0.651345890787104
0.6311,-0.667469586462143
0.60316,-0.681909768919098
0.57459,-0.694712234974804
0.54546,-0.705917207641742
0.51583,-0.715567246837794
0.48578,-0.723691302278898
0.45535,-0.730336524375676
0.42461,-0.735541608508057
0.39363,-0.739337667620993
0.36246,-0.741763866027586
0.33117,-0.742850185014948
0.29982,-0.742625917947962
0.26846,-0.741126497298987
0.23716,-0.738376622304455
0.20598,-0.734399093851545
0.17497,-0.729221955826036
0.1442,-0.722861909294612
0.1137,-0.715355598864635
0.083551,-0.706716995659185
0.053786,-0.696976841091428
0.024463,-0.686159996949218
-0.0043697,-0.674293000995454
-0.032667,-0.661405290891032
-0.060381,-0.647525668967316
-0.08747,-0.632686115130191
-0.11389,-0.616918480027442
-0.13961,-0.6002631299775
-0.16459,-0.582759414136093
-0.18879,-0.564444650513334
-0.21217,-0.545353340666544
-0.23472,-0.52553878495327
-0.25639,-0.50503823782554
-0.27717,-0.483904392209409
-0.29702,-0.462178563516167
-0.31592,-0.4399063358594
-0.33386,-0.417142648670634
-0.35081,-0.393933457839216
-0.36676,-0.370330754176797
-0.38168,-0.346374906907701
-0.39558,-0.3221250967874
-0.40843,-0.297624179525177
-0.42022,-0.272915150932899
-0.43095,-0.248046999007403
-0.44062,-0.223071868598035
-0.4492,-0.198020497264888
-0.45671,-0.172942122787868
-0.46314,-0.147876997173449
-0.4685,-0.122871450341336
-0.47278,-0.0979602811254687
-0.47598,-0.0731750434133591
-0.47813,-0.0485655983873231
-0.47921,-0.0241578514968272
-0.47925,5.73222188783801e-06
-0.47825,0.0238930729564722
-0.47623,0.0474669364965203
-0.47321,0.0706873342998546
-0.46919,0.0935283174527393
-0.46421,0.115946774542516
-0.45828,0.137909493922715
-0.45143,0.159377732128844
-0.44369,0.180309712121337
-0.43507,0.200677505316055
-0.42562,0.220435907360077
-0.41536,0.239549568239532
-0.40433,0.257977618732691
-0.39255,0.275691013441582
-0.38008,0.292641825879679
-0.36695,0.308790756160507
-0.35319,0.324106889910576
-0.33886,0.338545108643021
-0.324,0.35206522507142
-0.30865,0.364632484224248
-0.29287,0.376203041582317
-0.27669,0.386749475262099
-0.26018,0.396229153010179
-0.24338,0.404610901948972
-0.22635,0.411859222886579
-0.20915,0.417936472495126
-0.19183,0.422812068450866
-0.17444,0.426462333909663
-0.15705,0.428855403047584
-0.13972,0.429961445187348
-0.12249,0.429768243215889
-0.10544,0.428248919600752
-0.088617,0.425390284932806
-0.07208,0.421182038514441
-0.055887,0.415617600956935
-0.040095,0.40869467485066
-0.024759,0.400416310706196
-0.0099311,0.390792277669894
0.0043354,0.379836944317328
0.017991,0.367571128186016
0.030987,0.354021176176545
0.043278,0.339219902587307
0.054822,0.323207222439972
0.065577,0.306027931664855
0.075506,0.287733454143662
0.084573,0.268380081576614
0.092746,0.248029607488709
0.099997,0.226749653586186
0.1063,0.204612259467178
0.11164,0.18169924415484
0.11598,0.158081819347005
0.11933,0.13385541526166
0.12167,0.109110130080195
0.12299,0.0839365895429096
0.1233,0.0584379957380819
0.12259,0.032709882316889
0.12086,0.00684613136512305
0.11814,-0.0190413934413366
0.11443,-0.0448519020887744
0.10974,-0.0704892731189248
0.10411,-0.0958420291752332
0.097547,-0.120814224952801
0.09009,-0.145301905005932
0.081766,-0.169206919222545
0.072613,-0.19243092659202
0.062667,-0.214880214848836
0.051972,-0.236462096307811
0.040571,-0.257088657369735
0.028513,-0.276674500087058
0.015849,-0.295137832390656
0.0026298,-0.312402893848073
-0.011088,-0.328397328025846
-0.02525,-0.343055900267113
-0.039795,-0.356316655849103
-0.054667,-0.36812661292733
-0.069804,-0.37843783052135
-0.085144,-0.387208537896196
-0.10063,-0.394407569561184
-0.11619,-0.400002855999312
-0.13176,-0.40396915639151
-0.1473,-0.406305924815133
-0.16272,-0.40699631887595
-0.17798,-0.406048506763001
-0.193,-0.403461706786815
-0.20773,-0.399250783553496
-0.22212,-0.393443436999936
-0.2361,-0.386062775585715
-0.24961,-0.377135522671596
-0.2626,-0.366698481600123
-0.27503,-0.354803443261523
-0.28683,-0.341491123251973
-0.29796,-0.326814759250656
-0.30836,-0.310821766019112
-0.31801,-0.293583428870477
-0.32685,-0.275159001955264
-0.33484,-0.25561140492299
-0.34195,-0.235012321887041
-0.34814,-0.213431245717591
-0.35338,-0.190941446233949
-0.35764,-0.167617234939115
-0.36088,-0.143524287287133
-0.36309,-0.118741601060822
-0.36424,-0.0933418297830937
-0.36432,-0.0674051438818958
-0.3633,-0.0410005813517345
-0.36117,-0.0142008487113204
-0.35793,0.0129132752078145
-0.35357,0.0402644138053576
-0.34808,0.0677803880449215
-0.34146,0.0953881682252993
-0.33372,0.12300904646951
-0.32486,0.150569704040069
-0.31489,0.177996222817718
-0.30383,0.205209295805049
-0.29169,0.232135314126631
-0.27849,0.258700382973611
-0.26426,0.284825524206742
-0.24901,0.310445143767751
-0.23278,0.335484607277788
-0.21561,0.359864598171457
-0.19752,0.383519548251904
-0.17855,0.406382570809647
-0.15875,0.428380758852855
-0.13815,0.44945374090576
-0.11681,0.469531338730314
-0.094756,0.48856315554513
-0.072051,0.506489404298732
-0.048744,0.523255359284905
-0.024883,0.538813250147253
-0.00052732,0.553114496401227
0.024271,0.566117219698504
0.049454,0.577782353590549
0.074963,0.588074272050229
0.10074,0.596962229088264
0.12673,0.604423095592235
0.15286,0.610427819377578
0.17908,0.614960967298477
0.20533,0.618011698049669
0.23154,0.619566348969724
0.25765,0.619617295698677
0.2836,0.618162513213393
0.30933,0.61520505404488
0.33478,0.610752469558994
0.3599,0.604823595299617
0.38461,0.597424110878742
0.40888,0.588586313650177
0.43263,0.578326493061778
0.45581,0.566670121804535
0.47838,0.553657088788
0.50028,0.539323329801735
0.52146,0.523708272908772
0.54188,0.506860705517902
0.56148,0.488821034602088
0.58023,0.469644143949587
0.59809,0.449387820633444
0.61501,0.428103315859086
0.63097,0.40585744553666
0.64592,0.382705584725837
0.65984,0.358714534724347
0.6727,0.333951033427619
0.68447,0.308479858453962
0.69514,0.282377102264448
0.70467,0.255703562904876
0.71305,0.228528029631079
0.72027,0.200923620851823
0.72631,0.172957300599912
0.73116,0.144696347281629
0.7348,0.116198733575329
0.73725,0.0875425705829723
0.73847,0.0587753384113534
0.73849,0.029969885379399
0.7373,0.00118753170804683
0.73489,-0.0275217959663352
0.73128,-0.056096998647225
0.72646,-0.0844922911514736
0.72046,-0.112646385288273
0.71328,-0.140509829688268
0.70493,-0.168037158317832
0.69543,-0.195180470055919
0.6848,-0.221891710048571
0.67305,-0.248131906056537
0.66021,-0.273856190655317
0.64629,-0.299031463887408
0.63133,-0.32361333798982
0.61535,-0.347564819191226
0.59836,-0.370863771965176
0.58041,-0.393471570881271
0.56151,-0.415367415868176
0.5417,-0.436523742843957
0.52101,-0.456916155567452
0.49947,-0.476523934655866
0.4771,-0.49533774055138
0.45395,-0.513335931082054
0.43003,-0.530517546007094
0.4054,-0.54686177271442
0.38007,-0.562369731928801
0.3541,-0.577023605180941
0.3275,-0.590828127397519
0.30032,-0.603776861786619
0.2726,-0.615862269981259
0.24436,-0.627091227113255
0.21566,-0.637452763045954
0.18652,-0.646951671496023
0.157,-0.655575999811417
0.12712,-0.663330433869509
0.096923,-0.670216166336818
0.066457,-0.676228064138705
0.035762,-0.681362140796454
0.0048755,-0.685617467485513
-0.026158,-0.688990599991842
-0.057298,-0.691479277273152
-0.088501,-0.693080183714147
-0.11973,-0.693794191367663
-0.15093,-0.693612347375901
-0.18207,-0.692535887866315
-0.21311,-0.690567694182902
-0.244,-0.68770462272918
-0.27471,-0.68395365666711
-0.30519,-0.679315071054206
-0.3354,-0.67379121819755
-0.3653,-0.667386147457929
-0.39485,-0.660105250016262
-0.42402,-0.651962329398951
-0.45276,-0.642962888283362
-0.48104,-0.633120445415661
-0.50882,-0.62244727975058
-0.53606,-0.610954390062049
-0.56272,-0.598651480721913
-0.58876,-0.585546971014886
-0.61415,-0.571655423247902
-0.63885,-0.556988573410114
-0.66281,-0.541548164594826
-0.68601,-0.525350000932877
-0.70841,-0.508405989633613
-0.72997,-0.49072455826114
-0.75064,-0.472303669406149
-0.77041,-0.453162435041765
-0.78923,-0.433306886605006
-0.80706,-0.412739702670445
-0.82387,-0.391468122934215
-0.83964,-0.369510213904233
-0.85431,-0.346862661159207
-0.86787,-0.323541919990355
-0.88027,-0.299550302588709
-0.8915,-0.274908184611258
-0.90151,-0.249620323919341
-0.91029,-0.223708285953328
-0.91779,-0.197176967359701
-0.924,-0.170047211398634
-0.92889,-0.142337302239502
-0.93244,-0.114070306532763
-0.93463,-0.0852724630849532
-0.93543,-0.0559643987608158
-0.93483,-0.0261763697244836
-0.93282,0.00405450201492673
-0.92937,0.0347014326295139
-0.92449,0.0657172146352937
-0.91815,0.0970691332095205
-0.91035,0.128714976457318
-0.9011,0.160598755675137
-0.89038,0.19267720505053
-0.87819,0.224903856651369
-0.86455,0.257216311976478
-0.84946,0.289555988749533
-0.83293,0.321861769821958
-0.81497,0.354072375519166
-0.7956,0.386120907760466
-0.77484,0.417938016192628
-0.75272,0.449447138271182
-0.72925,0.480583064000729
-0.70447,0.511269655557232
-0.67842,0.541424384266887
-0.65112,0.570976964239245
-0.62263,0.599839707307874
-0.59297,0.627943274638311
-0.5622,0.655205873884827
-0.53037,0.681545759956385
-0.49753,0.706883927792668
-0.46372,0.731153636269071
-0.42901,0.754278208564356
-0.39346,0.776182993598101
-0.35713,0.79679756652955
-0.32008,0.816057410954641
-0.28237,0.833905138283201
-0.24408,0.85027650274282
-0.20528,0.865111493680907
-0.16603,0.878363167067525
-0.12641,0.88998224501059
-0.086493,0.89992473034188
-0.046355,0.908150501412083
-0.0060718,0.914624438694967
0.034279,0.919315713526273
0.07462,0.922198569873215
0.11487,0.923249848242166
0.15496,0.922458739000859
0.1948,0.919809749427666
0.23431,0.915291997402107
0.27342,0.90890655421278
0.31205,0.900657240880957
0.35012,0.890550507374653
0.38755,0.878595231330052
0.42428,0.864817253477676
0.46022,0.84923364357811
0.49531,0.831876524948574
0.52947,0.812774865815755
0.56264,0.791969433122697
0.59474,0.769494912632661
0.62572,0.745402595085446
0.65551,0.719741210710341
0.68406,0.692571094202531
0.7113,0.663945670054372
0.73719,0.633933643805427
0.76168,0.602606865359543
0.78472,0.570037820963544
0.80626,0.536297542574065
0.82627,0.50146870341631
0.8447,0.46562624336821
0.86154,0.428866287591483
0.87676,0.391284491209964
0.89031,0.352958552072042
0.90221,0.314001089510355
0.91241,0.274497776489538
0.92092,0.234554279378625
0.92772,0.194266957888102
0.93283,0.153751230670762
0.93623,0.113104734679982
0.93794,0.0724372184124752
0.93797,0.0318572988307863
0.93633,-0.00853081945906157
0.93305,-0.048615121265794
0.92814,-0.0882957495344327
0.92165,-0.127456439790887
0.91359,-0.166001119299717
0.90402,-0.20381634534835
0.89295,-0.240815471622276
0.88045,-0.276892218407555
0.86655,-0.311957740262612
0.85131,-0.345918288985759
0.83477,-0.378694337287003
0.81699,-0.410206050167146
0.79802,-0.440383780068496
0.77793,-0.469154072219654
0.75678,-0.496450665889265
0.73462,-0.522223169339264
0.71153,-0.546414053820033
0.68755,-0.568992055864212
0.66277,-0.589911837659871
0.63725,-0.609140982197428
0.61105,-0.626659197938708
0.58424,-0.642449949645215
0.5569,-0.656493581551444
0.52908,-0.668791400440863
0.50086,-0.679340134525174
0.47231,-0.688141011333272
0.44348,-0.695214308779986
0.41446,-0.700566175319874
0.3853,-0.704221372829402
0.35606,-0.706212158522696
0.32682,-0.706561692971442
0.29763,-0.705307826282184
0.26855,-0.702492256419696
0.23964,-0.698159044246695
0.21096,-0.692353301820256
0.18256,-0.685127452022779
0.15449,-0.676538641193765
0.1268,-0.6666464850155
0.099531,-0.65551779512156
0.07274,-0.64321166143997
0.046462,-0.629795680537892
0.020738,-0.615338057764421
-0.0043964,-0.599909615458846
-0.028907,-0.583582339954514
-0.052761,-0.566428136667198
-0.075932,-0.548521484149806
-0.098392,-0.529935549677763
-0.12012,-0.510745414666671
-0.14109,-0.491021711805222
-0.16129,-0.470839629379032
-0.18069,-0.450262349758512
-0.1993,-0.429370880418852
-0.2171,-0.408235842206769
-0.23408,-0.386924561105749
-0.25024,-0.365506837896396
-0.26557,-0.34404472237555
-0.28008,-0.32260664277392
-0.29377,-0.301256427034932
-0.30664,-0.280051956894963
-0.31871,-0.259059014970872
-0.32998,-0.238332650074868
-0.34047,-0.217932012674523
-0.35019,-0.197910009428269
-0.35915,-0.178312518055683
-0.36738,-0.159192724055248
-0.37489,-0.140592906679362
-0.3817,-0.122552230954497
-0.38784,-0.105113109679309
-0.39332,-0.0883040681362219
-0.39818,-0.0721632809526106
-0.40244,-0.0567203249809965
-0.40612,-0.041996500548763
-0.40926,-0.0280201049128251
-0.41188,-0.0148089957868445
-0.41401,-0.0023790131096736
-0.41569,0.00924916494892958
-0.41693,0.0200741845873623
-0.41778,0.0300812020977413
-0.41826,0.0392675354459732
-0.41841,0.0476260165643313
-0.41826,0.0551538573181249
-0.41783,0.0618596593846888
-0.41716,0.0677465637131426
-0.41627,0.0728283700670981
-0.41521,0.0771052427027306
-0.41399,0.0805962267703217
-0.41264,0.0833205689775733
-0.4112,0.0852900323817247
-0.40968,0.0865324466807549
-0.40811,0.0870732703353226
-0.40652,0.0869355586204969
-0.40493,0.0861473612642851
-0.40336,0.0847401329672969
-0.40183,0.0827473405716195
-0.40036,0.0802032612367983
-0.39897,0.0771419638484525
-0.39767,0.0736038621624055
-0.39648,0.0696260153092877
-0.39541,0.0652491627848464
-0.39447,0.0605158768245676
-0.39368,0.0554616047978444
-0.39303,0.050137192917908
-0.39255,0.0445748475020855
-0.39222,0.0388277251734322
-0.39207,0.0329273159205486
-0.39207,0.0269309956452504
-0.39225,0.0208709096495889
-0.39259,0.0147947654950767
-0.39308,0.00875391293952036
-0.39373,0.00278623905654203
-0.39453,-0.00306771070861939
-0.39546,-0.00875922045860054
-0.39651,-0.0142419679746022
-0.39767,-0.0194730925228724
-0.39893,-0.0244139843287323
-0.40026,-0.0290160304867241
-0.40165,-0.0332389743848642
-0.40308,-0.0370433176454245
-0.40451,-0.0403767897006232
-0.40593,-0.0432007540868428
-0.40731,-0.0454741687312071
-0.40862,-0.0471555250123872
-0.40983,-0.0482044239728326
-0.41092,-0.0485902205780548
-0.41184,-0.0482691594261551
-0.41257,-0.0472106604495402
-0.41307,-0.045381183777506
-0.41331,-0.0427534951454588
-0.41326,-0.0393065732442556
-0.41287,-0.035010579708091
-0.41211,-0.0298445463484852
-0.41094,-0.0237882049104847
-0.40934,-0.0168375720156863
-0.40725,-0.00897270517373022
-0.40464,-0.000183881851627597
-0.40149,0.00952237198900268
-0.39774,0.0201558287393741
-0.39337,0.0317092234405148
-0.38834,0.0441762239993637
-0.38262,0.0575437155629659
-0.37618,0.071793176032759
-0.36897,0.0869167417872179
-0.36097,0.102892931686561
-0.35216,0.119689642609495
-0.34251,0.137274248961546
-0.33199,0.155614390592439
-0.32058,0.174671240802443
-0.30826,0.194401674291266
-0.29502,0.214752757089656
-0.28084,0.235672381967713
-0.26571,0.257103062829338
-0.24963,0.278977109138522
-0.23259,0.301227826251854
-0.21459,0.323783764886823
-0.19564,0.346564250714155
-0.17573,0.369498248059258
-0.15489,0.392494981425767
-0.13313,0.41546518158119
-0.11046,0.438323416952282
-0.086909,0.460975871538976
-0.062507,0.483324063797877
-0.037284,0.505268740783587
-0.011277,0.526707901944777
0.015474,0.547538278447962
0.042927,0.567657339331029
0.071031,0.586959752973944
0.099734,0.605340562264336
0.12898,0.622695551472691
0.15872,0.638929696979996
0.18887,0.653932710743813
0.21938,0.667610782076308
0.25019,0.679879223363216
0.28121,0.690641547418214
0.31238,0.699817298283199
0.34363,0.707334500475187
0.37487,0.713115976340544
0.40603,0.717098038079551
0.43703,0.719223018275715
0.4678,0.719447891234681
0.49824,0.717721250808309
0.52828,0.714009330315695
0.55783,0.708279518500494
0.58682,0.700516613393132
0.61517,0.690713262147332
0.64279,0.678862024474524
0.66961,0.664971125454642
0.69554,0.649047122151281
0.72051,0.631110518313059
0.74445,0.611193152165694
0.76729,0.589335756467362
0.78895,0.565578312017293
0.80938,0.539981817738562
0.82851,0.512608257842701
0.84627,0.483519160996502
0.86263,0.452803967193906
0.87751,0.420535544616107
0.89089,0.38681605575637
0.90272,0.351746533850371
0.91295,0.315424513366382
0.92156,0.277964316778211
0.92852,0.239483319313678
0.93381,0.200105526033513
0.9374,0.159949414847178
0.93928,0.1191403926708
0.93944,0.0778057922373806
0.93787,0.0360707247747692
0.93457,-0.0059378765130894
0.92955,-0.0480881056388601
0.92281,-0.0902555213027269
0.91436,-0.132318245251458
0.90422,-0.174153000921639
0.8924,-0.215646795139411
0.87893,-0.25668392283908
0.86384,-0.297150391301892
0.84714,-0.336952265780387
0.82889,-0.375978196668882
0.80911,-0.414136250093694
0.78784,-0.451338729704592
0.76512,-0.487504648052608
0.74101,-0.522546754860826
0.71555,-0.55639082474722
0.68879,-0.588968677466171
0.66078,-0.620219794233667
0.63159,-0.650077618485317
0.60127,-0.678488236616281
0.56988,-0.705402903879857
0.53748,-0.730779270440171
0.50415,-0.754567386875517
0.46995,-0.776728175334383
0.43494,-0.797233220142717
0.3992,-0.816049512036412
0.3628,-0.833149426817162
0.32581,-0.848511199002325
0.2883,-0.862119125364804
0.25036,-0.873948747039587
0.21206,-0.883984678390796
0.17346,-0.892227316360935
0.13466,-0.898660835004078
0.095717,-0.90328915841111
0.056719,-0.906109676200392
0.017739,-0.907126219241725
-0.021146,-0.906345259771069
-0.05986,-0.903776446201018
-0.098331,-0.899435136532407
-0.13648,-0.893336122694606
-0.17424,-0.885502604360425
-0.21154,-0.87596133667515
-0.2483,-0.864734894030178
-0.28447,-0.851864349553031
-0.31997,-0.83738266665032
-0.35474,-0.821330406232351
-0.38873,-0.803760753793741
-0.42187,-0.784721024327933
-0.45411,-0.764267449549593
-0.4854,-0.742462030777167
-0.51569,-0.719369816571665
-0.54493,-0.695056586254893
-0.57308,-0.66959431509121
-0.6001,-0.64305798080557
-0.62596,-0.615530268283741
-0.65063,-0.587097725613665
-0.67406,-0.557832727026525
-0.69624,-0.527823626485017
-0.71715,-0.497161628855554
-0.73676,-0.465930101363618
-0.75506,-0.434218303089086
-0.77204,-0.402117466887955
-0.78768,-0.36971015978091
-0.80198,-0.337084080655091
-0.81493,-0.30432082631402
-0.82654,-0.271509156751442
-0.83679,-0.238718492307445
-0.8457,-0.206029797712598
-0.85328,-0.173523176574575
-0.85952,-0.141260486973247
-0.86444,-0.109308757678739
-0.86805,-0.0777293307729806
-0.87036,-0.0465766517440273
-0.87139,-0.0159048631714883
-0.87116,0.0142342665561945
-0.86968,0.0438003427008539
-0.86697,0.0727565098112492
-0.86305,0.101070434817312
-0.85795,0.128707568944018
-0.85167,0.155655342320326
-0.84425,0.181890309274837
-0.83571,0.207396301705606
-0.82608,0.232156650608099
-0.81536,0.256177494643303
-0.8036,0.279446785865683
-0.79082,0.301960852856722
-0.77704,0.32372336724219
-0.76229,0.344736902486893
-0.7466,0.365003522803114
-0.72999,0.384532633434683
-0.71249,0.403332297697331
-0.69414,0.421402241195765
-0.67496,0.438750581624709
-0.65497,0.455392280394473
-0.63421,0.471332906285553
-0.61272,0.486570550894173
-0.59051,0.501119724417303
-0.56762,0.514985801017969
-0.54408,0.52817422571181
-0.51993,0.540683113917319
-0.49519,0.552519647590646
-0.4699,0.563683460084296
-0.44409,0.574175617211853
-0.4178,0.58399101151761
-0.39107,0.593119776485341
-0.36392,0.601563334674673
-0.33639,0.609317459136854
-0.30852,0.616373557680505
-0.28036,0.622712412268437
-0.25192,0.628336386502755
-0.22327,0.633220872119116
-0.19442,0.637364608514565
-0.16543,0.640748278657957
-0.13632,0.643368179368153
-0.10714,0.645211183119994
-0.077932,0.646262911067117
-0.048724,0.646518788484826
-0.019558,0.645972001956009
0.0095294,0.644618203870014
0.038502,0.642455540748934
0.067323,0.639483872297038
0.095958,0.635706314766673
0.12437,0.631126699160602
0.15253,0.625755339531626
0.18041,0.619608333457248
0.20796,0.61268982865299
0.23516,0.605016481730516
0.26198,0.596607253544719
0.28839,0.587482516177688
0.31436,0.577663280999907
0.33986,0.567170542901863
0.36487,0.556032132750141
0.38935,0.544265859712544
0.41329,0.531903146512235
0.43665,0.518963334615581
0.45941,0.505470251820081
0.48155,0.491450639573213
0.50304,0.476925404831878
0.52387,0.461924895321222
0.544,0.446463973686104
0.56341,0.430559292517622
0.58209,0.414235763335766
0.6,0.397501971732056
0.61713,0.380375151949409
0.63346,0.36287150331177
0.64896,0.344998414575191
0.66361,0.326763209633628
0.67739,0.308172800648122
0.69027,0.289226027032046
0.70225,0.269937279692134
0.71329,0.250303376825323
0.72337,0.230321700075573
0.73249,0.210004800182532
0.74061,0.189347417073574
0.74773,0.168359534008155
0.75382,0.147040855691255
0.75888,0.12540489180758
0.76288,0.10345363839377
0.76582,0.0812018509381128
0.76768,0.0586592992497761
0.76845,0.0358387862731602
0.76814,0.0127699295581467
0.76673,-0.0105271405381763
0.76421,-0.0340331590496466
0.7606,-0.0577079752156138
0.75588,-0.081525334590378
0.75006,-0.105448792934479
0.74314,-0.129442169823686
0.73514,-0.153455786303615
0.72605,-0.177452716944351
0.71588,-0.201392661751467
0.70465,-0.225226453697945
0.69238,-0.24889926545322
0.67907,-0.272368149152804
0.66474,-0.295586310078358
0.64942,-0.318497948478984
0.63311,-0.341063932934815
0.61585,-0.363230310531836
0.59766,-0.384947702111251
0.57856,-0.406172034983678
0.55858,-0.42685762168593
0.53775,-0.446959032259686
0.51609,-0.466440003479695
0.49364,-0.485258206546516
0.47044,-0.503367922793634
0.44651,-0.520737081535929
0.42188,-0.537338464752872
0.39661,-0.553127705739222
0.37072,-0.568077762657792
0.34425,-0.582161880110587
0.31725,-0.595347250050924
0.28976,-0.60760484012163
0.26182,-0.618909816253533
0.23347,-0.629241775559037
0.20476,-0.638577419259315
0.17575,-0.646884709133957
0.14646,-0.654155353718737
0.11697,-0.66035641446219
0.087304,-0.665477724842501
0.057524,-0.66949998661863
0.027678,-0.672407749262224
-0.0021841,-0.674187996741836
-0.032011,-0.674829308236988
-0.061752,-0.674322609609909
-0.091354,-0.672659488217385
-0.12077,-0.669837092827947
-0.14994,-0.665847799956873
-0.17883,-0.660699840981086
-0.20738,-0.654395046952872
-0.23554,-0.646937687358122
-0.26326,-0.638334111737629
-0.2905,-0.628599788966012
-0.31722,-0.617757337211522
-0.34335,-0.605812543165691
-0.36887,-0.592794609323321
-0.39373,-0.578728800530466
-0.41789,-0.563644069074558
-0.44131,-0.547571679142425
-0.46394,-0.530536615079506
-0.48576,-0.512580376351574
-0.50673,-0.493741922920058
-0.52682,-0.474064550521631
-0.54599,-0.453586495470851
-0.56422,-0.432355652477332
-0.58148,-0.41041897370682
-0.59775,-0.387828718164218
-0.61299,-0.364625132367041
-0.6272,-0.34086714943451
-0.64035,-0.316604854265506
-0.65243,-0.291894479323138
-0.66342,-0.266788113814244
-0.6733,-0.241332886693987
-0.68207,-0.215585202488605
-0.68971,-0.189592373127842
-0.69622,-0.163407614756831
-0.70158,-0.137072376412806
-0.7058,-0.110639366269262
-0.70886,-0.0841464286389238
-0.71077,-0.0576402392234476
-0.71151,-0.0311507843433013
-0.7111,-0.00472299011618536
-0.70954,0.0216025486089493
-0.70682,0.0477975912745223
-0.70294,0.0738376205734153
-0.69793,0.0996799966926301
-0.69177,0.125305975147932
-0.68449,0.150679991245587
-0.67609,0.175776446087359
-0.66658,0.200571443936884
-0.65597,0.225043486058728
-0.64428,0.249166563199662
-0.63153,0.272912088186908
-0.61773,0.296257905765027
-0.60289,0.31918799094513
-0.58705,0.341669854344132
-0.57022,0.363681118285896
-0.55241,0.385208481663348
-0.53367,0.406217067280154
-0.514,0.426692825538383
-0.49345,0.446602203598864
-0.47203,0.465926706843233
-0.44977,0.484645983776134
-0.42671,0.502731638102214
-0.40288,0.520157228998389
-0.3783,0.536906278024244
-0.35302,0.552948883370549
-0.32707,0.568260191953727
-0.30049,0.582812961758532
-0.27331,0.596586424488401
-0.24558,0.609551072631538
-0.21733,0.621686206476004
-0.18861,0.632964262603841
-0.15946,0.643360548401947
-0.12992,0.652853615151529
-0.10004,0.661418080750835
-0.069874,0.669023379441024
-0.039459,0.675648415732633
-0.0088462,0.681270058980251
0.021914,0.685865019886888
0.05277,0.68940988343463
0.083671,0.69188261598605
0.11457,0.693265963220959
0.1454,0.693532460703118
0.17612,0.692666633498056
0.20668,0.690656693379528
0.23701,0.68747961732218
0.26707,0.683126381589168
0.2968,0.677584953995531
0.32615,0.670848851584108
0.35506,0.662909092493475
0.38349,0.653769955592069
0.41136,0.643416952370496
0.43865,0.631865446788524
0.46528,0.619110307564854
0.49122,0.605167206825156
0.51641,0.590046181136273
0.54079,0.573752642805033
0.56433,0.556310479271487
0.58697,0.53773580535273
0.60866,0.518045575121225
0.62937,0.497271873080578
0.64903,0.475428648139968
0.66761,0.452544513882414
0.68507,0.428651803654719
0.70136,0.403777640306398
0.71645,0.377959036473035
0.73028,0.35121780410989
0.74284,0.32359987199218
0.75408,0.295139769949227
0.76396,0.265869259773471
0.77246,0.235831729187128
0.77955,0.205071291193713
0.78519,0.173623961777731
0.78937,0.141540317732995
0.79205,0.108858986724531
0.79323,0.0756373457759039
0.79288,0.0419239879627277
0.79099,0.00777372106585375
0.78754,-0.0267627196539906
0.78254,-0.0616172903727819
0.77597,-0.0967322468247477
0.76784,-0.132037774103172
0.75814,-0.167471276419465
0.74689,-0.202955778211464
0.73409,-0.238419891316542
0.71976,-0.273784201751538
0.70392,-0.308965324064232
0.6866,-0.3438718965098
0.66782,-0.378416378574382
0.6476,-0.412517099921625
0.62599,-0.446077606967609
0.60303,-0.479000004729623
0.57876,-0.511188374132374
0.55321,-0.542558909677059
0.52646,-0.573003433243639
0.49853,-0.602441996790821
0.46951,-0.630768424928192
0.43944,-0.657895880856269
0.4084,-0.683726543832802
0.37644,-0.708179255564611
0.34363,-0.731174413105935
0.31006,-0.752621770885609
0.27579,-0.77244786831174
0.24089,-0.790588132281165
0.20546,-0.806965503114439
0.16956,-0.821525298488642
0.13328,-0.834210962897449
0.096708,-0.844968237935635
0.059923,-0.853753626709775
0.023012,-0.860528355679368
-0.013939,-0.865260029789221
-0.050842,-0.867921562736342
-0.087611,-0.868493113574647
-0.12416,-0.866961956118175
-0.1604,-0.863319942812127
-0.19625,-0.857569446219424
-0.23162,-0.849715268252024
-0.26643,-0.839772071220082
-0.3006,-0.827762676014455
-0.33404,-0.813709041219694
-0.36669,-0.797654552804038
-0.39847,-0.779644412140195
-0.4293,-0.759724525069772
-0.45911,-0.737947921621959
-0.48785,-0.71438708933711
-0.51543,-0.689098982395244
-0.54181,-0.662163723512765
-0.56693,-0.633663366274952
-0.59073,-0.603679467006145
-0.61316,-0.572298467775319
-0.63417,-0.539608449205045
-0.65373,-0.505711206396939
-0.67179,-0.47070198763932
-0.68832,-0.434682857838377
-0.70329,-0.397758439637866
-0.71667,-0.360032360520291
-0.72844,-0.321611754324475
-0.73858,-0.282603349316984
-0.74708,-0.243117672308326
-0.75393,-0.203264895139243
-0.75912,-0.163151449265399
-0.76266,-0.122892140658564
-0.76453,-0.0825826747119816
-0.76476,-0.042337133094668
-0.76335,-0.00225850261058926
-0.76032,0.0375478372446686
-0.75568,0.0769855298700042
-0.74946,0.115954047629041
-0.74168,0.154360376909848
-0.73238,0.19210607010815
-0.72158,0.229106551744336
-0.70933,0.265269354012334
-0.69567,0.300506372889426
-0.68063,0.334743639689324
-0.66427,0.367899259116285
-0.64663,0.399902814057652
-0.62776,0.430688518061102
-0.60772,0.460189576236404
-0.58657,0.488341050036606
-0.56436,0.515089503080316
-0.54115,0.540385679931246
-0.51701,0.56417848477835
-0.492,0.586424946238008
-0.46618,0.607090624467609
-0.43962,0.626142305909476
-0.41239,0.643549453967398
-0.38455,0.65929267706578
-0.35619,0.673340652861858
-0.32735,0.685690976627291
-0.29812,0.696328349598263
-0.26857,0.705242953996637
-0.23877,0.712430284992744
-0.20879,0.717890848072763
-0.1787,0.721629753188587
-0.14857,0.723656233888279
-0.11847,0.723983116449139
-0.088485,0.722615163777368
-0.058669,0.719573869837728
-0.029095,0.714879997952507
0.00016897,0.708557222816317
0.029057,0.700632841505037
0.057506,0.691138733785497
0.085453,0.680109984379836
0.11284,0.66758724008171
0.1396,0.653608094617898
0.16568,0.638217194347208
0.19104,0.621473426463005
0.21561,0.603423508676312
0.23936,0.58413274808074
0.26223,0.563657537208299
0.28419,0.542067756284895
0.30519,0.519427456720584
0.3252,0.495808988463886
0.3442,0.47129673689197
0.36214,0.445960203267855
0.37901,0.419884418702613
0.39478,0.393149636615904
0.40944,0.365844639077645
0.42298,0.338062410156547
0.43537,0.309881709078517
0.44663,0.281404315506245
0.45673,0.252710457049657
0.46569,0.223897368231699
0.4735,0.195050721436799
0.48018,0.166266249367726
0.48573,0.13762989876668
0.49017,0.109231644213216
0.49351,0.0811542993936349
0.49577,0.0534794524952173
0.49698,0.0262922603735028
0.49716,-0.000329585882611771
0.49633,-0.0263171837646922
0.49453,-0.0515964834614148
0.4918,-0.0760919842666967
0.48815,-0.0997519437751564
0.48364,-0.12250892482841
0.47829,-0.144314967996899
0.47215,-0.165117656564178
0.46526,-0.184870521743776
0.45765,-0.203541263663872
0.44938,-0.221088418217833
0.44048,-0.237487145933907
0.431,-0.252712587518041
0.42098,-0.266748620835641
0.41047,-0.279579873968094
0.39951,-0.291200033890584
0.38814,-0.301610885004712
0.37642,-0.310806501814952
0.36437,-0.31880504804801
0.35205,-0.325614582443517
0.3395,-0.331250099647904
0.32675,-0.33573964548903
0.31386,-0.339099288814887
0.30085,-0.341364988030231
0.28778,-0.342558548846435
0.27467,-0.342719681931681
0.26156,-0.34188696010173
0.2485,-0.340089857335951
0.23551,-0.337372102947698
0.22262,-0.333780517015351
0.20988,-0.329348501362348
0.1973,-0.324127412123751
0.18493,-0.318152176145968
0.17278,-0.311473139530428
0.1609,-0.304122132428234
0.14929,-0.296152133128496
0.13798,-0.287609495878944
0.127,-0.278533904111491
0.11637,-0.268965864217032
0.10609,-0.258960099045278
0.096202,-0.248550103596581
0.086703,-0.237784447295414
0.077612,-0.226706068098953
0.068937,-0.21536012598856
0.060688,-0.203790640970916
0.052871,-0.192042235969436
0.045492,-0.18015855268972
0.038553,-0.168183945434474
0.032056,-0.156161857149555
0.026001,-0.144135001943078
0.020386,-0.132145519984071
0.015202,-0.120238806854821
0.010448,-0.108455414443994
0.0061105,-0.0968398021736255
0.0021819,-0.0854336730132578
-0.0013545,-0.0742817629805604
-0.0045106,-0.0634261421827995
-0.0073057,-0.0529107084288726
-0.0097574,-0.0427780253924115
-0.011888,-0.0330715378998756
-0.01372,-0.0238340016007472
-0.015275,-0.0151054168473664
-0.016581,-0.00692682853629473
-0.017665,0.0006621143394615
-0.018553,0.0076250917890717
-0.019274,0.0139276300663824
-0.01986,0.0195358600680739
-0.020339,0.0244206770341795
-0.020743,0.0285550520793058
-0.021102,0.0319162470928714
-0.021448,0.0344845253977538
-0.02181,0.0362457266157135
-0.022219,0.0371894912552808
-0.022705,0.0373099392962218
-0.023296,0.0366068267881254
-0.02402,0.0350848374219753
-0.024904,0.0327536052271231
-0.025971,0.0296298024966681
-0.027245,0.0257349195208099
-0.02875,0.0210940632248836
-0.030503,0.0157400423250168
-0.032522,0.00971051335325272
-0.034824,0.00304700132876628
-0.037423,-0.00420454768685865
-0.040331,-0.0119942135374024
-0.043556,-0.0202671244245025
-0.047107,-0.0289665348432741
-0.05099,-0.0380334380224816
-0.055206,-0.0474048749042007
-0.059759,-0.0570186311154238
-0.064647,-0.0668103884223632
-0.069866,-0.0767144821645465
-0.075412,-0.0866660635794354
-0.081279,-0.0966013803755733
-0.087457,-0.106456531616021
-0.093937,-0.116170199111327
-0.1007,-0.125677676020892
-0.10775,-0.134930578365372
-0.11505,-0.143865002819878
-0.12259,-0.152426575117343
-0.13035,-0.16056304097853
-0.13832,-0.168233056936369
-0.14647,-0.175390821197071
-0.15477,-0.181988599296444
-0.16321,-0.187993603442866
-0.17176,-0.193371636439444
-0.1804,-0.198096138678962
-0.18909,-0.202133086979084
-0.19782,-0.205465989848007
-0.20655,-0.208071197646873
-0.21526,-0.209935161006713
-0.22391,-0.21103847851363
-0.23249,-0.211380159675659
-0.24097,-0.210959713321301
-0.24931,-0.20977007818669
-0.25749,-0.20781425307777
-0.26548,-0.205096230402074
-0.27325,-0.201621039935339
-0.28079,-0.197409527114269
-0.28806,-0.192472854654733
-0.29504,-0.186829153372976
-0.30171,-0.180501938568759
-0.30805,-0.173518672457157
-0.31403,-0.165902078117838
-0.31964,-0.157685417161526
-0.32486,-0.148902314860152
-0.32967,-0.139585918933018
-0.33405,-0.129768199100975
-0.33799,-0.11948677795566
-0.34149,-0.108790267159091
-0.34452,-0.0977126756687595
-0.34707,-0.086290104506077
-0.34915,-0.0745741173841294
-0.35073,-0.062597723056251
-0.35182,-0.0504075779795452
-0.35239,-0.0380303885612352
-0.35247,-0.0255202901878763
-0.35202,-0.0129001568477613
-0.35107,-0.000218634325097091
-0.34959,0.0125007294484683
-0.3476,0.0252184887682414
-0.34509,0.0379058546787637
-0.34206,0.050536243525435
-0.33852,0.0630784211173202
-0.33446,0.0755132891770312
-0.32989,0.0878175231329649
-0.32482,0.0999652874903847
-0.31925,0.111937073690704
-0.31319,0.123711868587916
-0.30664,0.135275674741042
-0.29961,0.146613402398556
-0.29211,0.157709754615535
-0.28414,0.168557334767572
-0.27573,0.179133384871674
-0.26687,0.189433196256921
-0.25758,0.199444793487103
-0.24787,0.209158299553067
-0.23776,0.218558622704342
-0.22724,0.227649276111497
-0.21634,0.236419320089681
-0.20508,0.244854059509618
-0.19345,0.252958539122362
-0.18149,0.260716800992014
-0.1692,0.268126144537214
-0.15661,0.275172609875434
-0.14371,0.281863281698449
-0.13055,0.288177814116329
-0.11712,0.294118813513779
-0.10346,0.299670485386208
-0.089573,0.304830125973793
-0.075483,0.309590260637466
-0.061209,0.313943601380634
-0.04677,0.317883331626633
-0.032185,0.321403320408549
-0.017473,0.324498274380349
-0.0026547,0.32716257805748
0.01225,0.329391212419869
0.027221,0.331179736334482
0.04224,0.332525732899531
0.057284,0.333425111966766
0.072333,0.333874863375799
0.087367,0.333873024456649
0.10237,0.333421582971322
0.11731,0.332513917827255
0.13218,0.331155216412244
0.14695,0.329343120475352
0.1616,0.32707672523948
0.17612,0.324363787889084
0.19048,0.321204124793414
0.20467,0.317606013372645
0.21866,0.313569599857061
0.23245,0.309110712999494
0.246,0.304227872760613
0.25931,0.298935307839797
0.27235,0.293237378406567
0.28511,0.287145193021987
0.29757,0.280667628419436
0.30972,0.273818937510943
0.32153,0.26660254441963
0.333,0.259035234585231
0.3441,0.251121922659678
0.35481,0.242865198871258
0.36512,0.234273071245461
0.37501,0.225350274293432
0.38445,0.216091344824711
0.39344,0.206504883581979
0.40195,0.196588373590465
0.40996,0.18633775741164
0.41744,0.175740396257585
0.42439,0.164799206276976
0.43077,0.153499947453175
0.43657,0.141837081239755
0.44177,0.129804805796225
0.44634,0.117389848830763
0.45027,0.104588043795053
0.45354,0.0913952764885293
0.45612,0.077800195931372
0.45801,0.0638081139399546
0.45918,0.0494154694541995
0.45962,0.034626462412258
0.45931,0.0194440687505167
0.45825,0.00388502294076193
0.45641,-0.0120454435065104
0.45378,-0.0283366934974884
0.45037,-0.0449592034856268
0.44615,-0.0618985613432405
0.44114,-0.0791159233637326
0.43531,-0.0965907518685714
0.42868,-0.114280841026427
0.42125,-0.132142448909215
0.41302,-0.150131782770311
0.40399,-0.168206227858044
0.39418,-0.186310541628374
0.3836,-0.204388261184719
0.37227,-0.222376158714173
0.3602,-0.240214770457805
0.34741,-0.257842026824565
0.33393,-0.275188217725364
0.31978,-0.292186950890879
0.305,-0.308761739017964
0.2896,-0.324852463800903
0.27362,-0.340391941760327
0.2571,-0.355309438070803
0.24008,-0.369533607192387
0.22258,-0.383009698628013
0.20467,-0.395661250804727
0.18636,-0.407441154707428
0.16772,-0.418283316952222
0.14877,-0.428145570236265
0.12958,-0.436969686283316
0.11018,-0.444716137881742
0.090631,-0.451339122577016
0.070972,-0.456805801010208
0.051254,-0.461086319519578
0.031527,-0.464155305708252
0.011841,-0.465992207869778
-0.0077558,-0.466582763703553
-0.027213,-0.465917049028981
-0.046484,-0.463992213383488
-0.065521,-0.460810783892036
-0.084276,-0.456379875629906
-0.10271,-0.450717214870362
-0.12077,-0.443838679797506
-0.13841,-0.435763802612741
-0.15561,-0.426534128260419
-0.17232,-0.416185997235795
-0.18849,-0.404750889551488
-0.20411,-0.392285362089381
-0.21913,-0.378835325718253
-0.23354,-0.364466658286814
-0.24729,-0.349230143059993
-0.26037,-0.33319272078039
-0.27276,-0.316425232332627
-0.28444,-0.29899979644278
-0.29539,-0.280987611864685
-0.3056,-0.262464555347833
-0.31507,-0.243515528933437
-0.32378,-0.224215500054553
-0.33174,-0.204651410045639
-0.33894,-0.184902496938103
-0.34539,-0.165054179359212
-0.35109,-0.145186855707815
-0.35605,-0.12538176074772
-0.36028,-0.105718230331779
-0.36379,-0.0862715129865057
-0.3666,-0.0671184768472602
-0.36873,-0.0483347465371439
-0.37019,-0.0299850078899167
-0.371,-0.0121302417998095
-0.3712,0.00515897021795151
-0.37079,0.0218363546728285
-0.36982,0.0378400947489551
-0.36829,0.0531350829733133
-0.36625,0.0676723248684528
-0.36371,0.0814231437403217
-0.36071,0.0943544412746651
-0.35727,0.106445846933408
-0.35343,0.117673609027651
-0.34921,0.128027266368646
-0.34464,0.137500533979175
-0.33974,0.146098623568465
-0.33456,0.153814232109148
-0.32911,0.160660249640054
-0.32342,0.166651192663205
-0.31752,0.171802963165879
-0.31143,0.176139974502396
-0.30519,0.179678447347408
-0.29881,0.182450098735528
-0.29232,0.184483817588296
-0.28574,0.185813122530654
-0.27909,0.186474615567261
-0.27239,0.186506619031793
-0.26567,0.185940595197665
-0.25893,0.184823952902459
-0.25219,0.183201005937691
-0.24548,0.181105067214418
-0.2388,0.178581901527358
-0.23217,0.175671295279343
-0.2256,0.172414518170127
-0.21909,0.168860269061517
-0.21266,0.165047064046379
-0.20632,0.161011462308005
-0.20006,0.156802115854952
-0.1939,0.152453784875584
-0.18783,0.148011109950565
-0.18186,0.143510514930262
-0.17599,0.138988006176777
-0.17021,0.134485452368727
-0.16451,0.130048092314715
-0.1589,0.125707636102192
-0.15337,0.12149855898585
-0.14791,0.117456356984314
-0.1425,0.113623510548332
-0.13714,0.110031918559888
-0.13181,0.106718588645199
-0.12651,0.103708555664695
-0.12121,0.101038399901464
-0.1159,0.0987379227299492
-0.11057,0.096830344795836
-0.10521,0.0953326258015582
-0.099783,0.0942758554122283
-0.094291,0.093672518176349
-0.088711,0.0935379278949785
-0.083029,0.0938822827232619
-0.077229,0.0947125409793427
-0.071294,0.096033286310702
-0.065209,0.0978452803741183
-0.058959,0.100145888187904
-0.052531,0.102928044212487
-0.045909,0.106183248555722
-0.039078,0.109901080479313
-0.032026,0.114067398209267
-0.024741,0.118665223320547
-0.01721,0.123676287681038
-0.0094231,0.129079304320995
-0.0013693,0.134851781499149
0.0069603,0.140969172583553
0.015571,0.147403157836786
0.024473,0.154126666678908
0.033668,0.161108006545997
0.04316,0.168314261309835
0.05295,0.17571016389779
0.063039,0.183259491138151
0.073424,0.190923277657338
0.084101,0.198660688918045
0.095063,0.206428316196848
0.1063,0.214179697232875
0.11781,0.221873168564487
0.12958,0.229464044402437
0.14158,0.23689397366684
0.15381,0.244117492596189
0.16625,0.251086139307591
0.17887,0.257743151087115
0.19165,0.264034211189249
0.20458,0.269916070814253
0.21762,0.275333655382146
0.23074,0.280231516865785
0.24392,0.284563085989332
0.25713,0.288283132125649
0.27033,0.291341669014369
0.28349,0.293693966003083
0.29658,0.295301096823699
0.30957,0.296130247484984
0.32241,0.296140020694882
0.33508,0.295305793714957
0.34753,0.293595348134795
0.35973,0.290986405608903
0.37166,0.287473106100026
0.38326,0.283033824127756
0.39451,0.277664788533397
0.40537,0.271362324996675
0.41581,0.264130720785082
0.42578,0.255966146207427
0.43527,0.246888260114215
0.44423,0.236905888523263
0.45263,0.226033994453813
0.46044,0.214292370626886
0.46763,0.201704437991785
0.47416,0.188288758189863
0.48001,0.174074474931163
0.48515,0.159091270901016
0.48954,0.14336123122738
0.49316,0.12691463496089
0.49599,0.109787653469899
0.49799,0.0920055284489691
0.49915,0.0736062461034057
0.49945,0.0546296808239797
0.49886,0.0351087759718249
0.49737,0.0150847726627862
0.49495,-0.00541034136230024
0.4916,-0.0263307798137794
0.4873,-0.0476357354101071
0.48205,-0.0692748177229427
0.47583,-0.0912061724614832
0.46864,-0.113381303965796
0.46048,-0.135747828994779
0.45135,-0.158251812421576
0.44125,-0.180839711767454
0.43018,-0.20345995936908
0.41816,-0.22604941614402
0.4052,-0.248544956458108
0.3913,-0.270892826201367
0.37649,-0.293026387385856
0.36079,-0.314878115920427
0.3442,-0.336396709945471
0.32676,-0.35751611305069
0.3085,-0.378167924718297
0.28943,-0.398298871045394
0.26959,-0.417847540944016
0.24902,-0.436748049772373
0.22773,-0.454955305827738
0.20578,-0.472405687795144
0.1832,-0.489045007295327
0.16003,-0.504821220724671
0.1363,-0.519693308886628
0.11206,-0.533615969223304
0.087359,-0.546542919509776
0.062235,-0.558436976029976
0.036738,-0.569260931467732
0.010915,-0.57898129567369
-0.015183,-0.587566029433157
-0.041509,-0.594988589984779
-0.068009,-0.601222904878726
-0.094631,-0.606245953868048
-0.12132,-0.610036058622834
-0.14803,-0.612580332409161
-0.1747,-0.613862693332255
-0.20127,-0.613866100446376
-0.2277,-0.612588413569633
-0.25392,-0.610017796928054
-0.27989,-0.606157503981574
-0.30554,-0.60100106423172
-0.33083,-0.594556892703747
-0.3557,-0.586830737270851
-0.38009,-0.577826371275455
-0.40396,-0.567560966930322
-0.42726,-0.556054933412483
-0.44993,-0.543323620517887
-0.47192,-0.529385520478076
-0.4932,-0.514276166785205
-0.51371,-0.498021895948022
-0.53342,-0.480663285810823
-0.55227,-0.462229266635743
-0.57023,-0.442760900531351
-0.58726,-0.422300617222806
-0.60332,-0.400890873326761
-0.61839,-0.378587832080875
-0.63243,-0.355442422779108
-0.6454,-0.331499966824043
-0.65729,-0.306822170334535
-0.66806,-0.281460022565701
-0.67771,-0.255483975440177
-0.68619,-0.228941165941852
-0.69351,-0.201902865225423
-0.69964,-0.174428105975943
-0.70456,-0.146571637423247
-0.70828,-0.118405204783407
-0.71078,-0.0899898664079524
-0.71206,-0.0613909149665226
-0.71211,-0.0326675746622355
-0.71094,-0.00388702082945442
-0.70854,0.0248941315235922
-0.70491,0.053622308763598
-0.70007,0.0822334638932664
-0.69402,0.110672046333189
-0.68677,0.138883895794884
-0.67834,0.166810494231687
-0.66874,0.194399244398504
-0.65798,0.221604215713795
-0.64609,0.248371791282782
-0.63308,0.274658884440965
-0.61898,0.300417766108612
-0.60382,0.325598748894232
-0.58762,0.35015979281846
-0.57041,0.374059260774805
-0.55223,0.397250068534935
-0.5331,0.419697293246748
-0.51307,0.441355068618484
-0.49216,0.462192619537188
-0.47043,0.482163075568898
-0.4479,0.501237915091261
-0.42462,0.51938247431734
-0.40063,0.536565949604181
-0.37598,0.552754553606028
-0.35071,0.567920860075114
-0.32487,0.582036370930666
-0.29851,0.595072940800074
-0.27167,0.607011301949033
-0.24442,0.617818111424112
-0.21679,0.627479575000002
-0.18885,0.635968863317755
-0.16064,0.643271951621194
-0.13221,0.649378518306355
-0.10363,0.654267108478542
-0.074936,0.657933382923531
-0.046187,0.660370274606335
-0.017436,0.661573504229508
0.011265,0.661542234757911
0.039866,0.660280233407179
0.068314,0.657792973757085
0.096558,0.654088933925234
0.12455,0.649181283489886
0.15223,0.643078004885985
0.17955,0.635791789744207
0.20648,0.627352311265709
0.23294,0.617765365225146
0.25891,0.607061882992673
0.28433,0.59526279958209
0.30915,0.582387957794556
0.33334,0.568470678609495
0.35684,0.553532157228682
0.37963,0.537612891243717
0.40165,0.520738319813934
0.42288,0.502950665972953
0.44327,0.484282368150864
0.4628,0.46477927644116
0.48143,0.444481996412554
0.49914,0.423440551873511
0.5159,0.401703745647145
0.53168,0.379317987213742
0.54646,0.356333775625446
0.56022,0.332803398820753
0.57295,0.308786409312991
0.58463,0.284339035919851
0.59525,0.259520502421653
0.60479,0.234383221626963
0.61324,0.208979832636713
0.62061,0.183376242065452
0.62689,0.157632196172446
0.63207,0.131800552352805
0.63616,0.105941634285246
0.63916,0.0801124048296073
0.64107,0.0543652076511606
0.64192,0.0287690454042177
0.64169,0.00336711918440691
0.64042,-0.0217753864261663
0.63811,-0.0466073321380237
0.63478,-0.0710759284520934
0.63044,-0.0951363345566844
0.62513,-0.118729609342988
0.61885,-0.141817080103303
0.61164,-0.164348356149203
0.60352,-0.186280233152319
0.59451,-0.207576949608403
0.58464,-0.228202811492081
0.57394,-0.248123638609391
0.56244,-0.267307882634449
0.55017,-0.285727453104657
0.53715,-0.303365684718427
0.52343,-0.320193870383274
0.50903,-0.33619701831514
0.49398,-0.351364659052237
0.47831,-0.365690708057952
0.46207,-0.379158427127856
0.44528,-0.391765533391931
0.42799,-0.403499665660693
0.41021,-0.414370629204334
0.39199,-0.424376625324825
0.37337,-0.433514290555681
0.35437,-0.441794193872404
0.33503,-0.449223367935474
0.3154,-0.455798693778658
0.29549,-0.461538783134907
0.27535,-0.466449929189956
0.255,-0.470550737437198
0.23449,-0.473847255066018
0.21385,-0.476350206712939
0.19311,-0.4780739491321
0.1723,-0.479035522642252
0.15147,-0.479239005205066
0.13063,-0.47870759222161
0.10983,-0.477449775459679
0.089101,-0.47547608541436
0.068471,-0.472800677465845
0.047977,-0.469433632831875
0.027649,-0.465386680144792
0.0075208,-0.460669764299357
-0.012377,-0.455293495276584
-0.032011,-0.449266657790367
-0.051352,-0.442599421031273
-0.070371,-0.43530292550887
-0.089038,-0.427388032961086
-0.10733,-0.418870238238469
-0.1252,-0.409750572999864
-0.14265,-0.400054573022806
-0.15964,-0.389795748469551
-0.17614,-0.37898490857304
-0.19214,-0.367645127689032
-0.20761,-0.355793905688259
-0.22254,-0.343458514444424
-0.23689,-0.330651121657776
-0.25067,-0.317408290923059
-0.26384,-0.303748219503515
-0.27639,-0.289695906428373
-0.28832,-0.275288454416008
-0.29961,-0.260556841947212
-0.31024,-0.245526166900223
-0.32021,-0.230230766420832
-0.32952,-0.21471136574657
-0.33814,-0.198990417908175
-0.34608,-0.183104452003337
-0.35333,-0.167085392391769
-0.35989,-0.150967805633553
-0.36575,-0.134779866663979
-0.37092,-0.118558421021452
-0.37539,-0.102331307962872
-0.37916,-0.0861255247321027
-0.38225,-0.069981216399074
-0.38464,-0.0539182337834171
-0.38635,-0.0379688633008721
-0.38738,-0.0221595009250379
-0.38774,-0.00651822470911669
-0.38744,0.00892654616601366
-0.38649,0.0241471413035717
-0.3849,0.0391175007342984
-0.38268,0.0538138310998533
-0.37985,0.0682076808667706
-0.37643,0.0822678718913829
-0.37242,0.0959769188671917
-0.36786,0.109299537131313
-0.36275,0.122216888047321
-0.35711,0.134709379420911
-0.35098,0.146742825747732
-0.34436,0.158302037756573
-0.33728,0.169365634409545
-0.32977,0.179908092699398
-0.32184,0.189916290532563
-0.31352,0.199372937118065
-0.30483,0.20826551325462
-0.29581,0.216571154744595
-0.28646,0.224289106800222
-0.27681,0.23141453873485
-0.2669,0.237932331084916
-0.25674,0.243841897555631
-0.24637,0.249132429724328
-0.23579,0.253814977295984
-0.22505,0.257881164400586
-0.21416,0.261336968996021
-0.20315,0.264185182991126
-0.19205,0.266426140896175
-0.18087,0.268073146614296
-0.16965,0.269127580968924
-0.1584,0.26960350918215
-0.14716,0.269502791809761
-0.13595,0.268832305417123
-0.12478,0.2676102824061
-0.11369,0.265841537401394
-0.1027,0.263534809370722
-0.091838,0.260695909432688
-0.081121,0.257336318712592
-0.070574,0.253465911205744
-0.060222,0.249093038475484
-0.050086,0.244227583825892
-0.040189,0.238878938116113
-0.030553,0.233056592325212
-0.021197,0.226772084325847
-0.01214,0.220038290622502
-0.0034019,0.212868149329538
0.0050002,0.205276358436335
0.013051,0.197279952548112
0.020736,0.188897961543528
0.02804,0.180149966756154
0.034953,0.171059277709894
0.041462,0.161649322114296
0.047558,0.151945900185887
0.053235,0.141978189475091
0.058483,0.131774279160887
0.063299,0.12136572124162
0.067678,0.110784439119017
0.071618,0.100063911466037
0.075117,0.0892378527365011
0.078176,0.0783413481577649
0.080794,0.067408020375483
0.082974,0.0564722065487693
0.08472,0.0455684619521132
0.086038,0.0347318821493591
0.086932,0.0239953782480161
0.08741,0.0133919627206169
0.08748,0.0029536197916962
0.087152,-0.00728810791245005
0.086437,-0.0173023826641499
0.085346,-0.0270600121360765
0.083892,-0.0365326920460156
0.082089,-0.0456931173703466
0.079952,-0.0545150494746283
0.077496,-0.0629740848731206
0.074736,-0.0710482295925836
0.071692,-0.078714602399813
0.068379,-0.0859541952458816
0.064816,-0.0927489519446564
0.06102,-0.0990838250821843
0.057011,-0.104944653852523
0.052806,-0.110320863347088
0.048424,-0.115203843283079
0.043885,-0.119586322758875
0.039206,-0.12346478063832
0.034407,-0.126836843917003
0.029506,-0.129702848130486
0.024522,-0.132064793335268
0.019473,-0.133926925640414
0.014377,-0.135295393998126
0.0092525,-0.136177539672878
0.0041172,-0.136582238264708
-0.0010119,-0.136520045600587
-0.0061176,-0.136002590229948
-0.011184,-0.135043149205556
-0.016195,-0.133655943790131
-0.021135,-0.131856048717168
-0.025991,-0.129660833932406
-0.030748,-0.127087649434272
-0.035392,-0.124154162296701
-0.039911,-0.120879343063872
-0.044292,-0.117281992992167
-0.048525,-0.113382505139491
-0.052599,-0.109201269991867
-0.056503,-0.104758116107966
-0.060228,-0.100073338667165
-0.063764,-0.0951662844281632
-0.067106,-0.0900586618169546
-0.070243,-0.0847690012320228
-0.07317,-0.0793171365944349
-0.075877,-0.0737196369246291
-0.078362,-0.0679958151484001
-0.080617,-0.0621621384166948
-0.082635,-0.0562329670273129
-0.084414,-0.0502241555817299
-0.085947,-0.0441485171007175
-0.087231,-0.038018899067882
-0.088259,-0.0318447413135408
-0.089029,-0.0256360447120339
-0.089534,-0.0193991587335307
-0.089773,-0.0131416177363455
-0.08974,-0.00686787479621798
-0.08943,-0.000580383652208849
-0.088841,0.00571799537009362
-0.087966,0.0120279780175269
-0.086803,0.0183495716965577
-0.085349,0.0246830712321192
-0.083598,0.0310313247802523
-0.081547,0.0373970497904648
-0.079192,0.0437836239247639
-0.076531,0.0501934774035676
-0.07356,0.056629771330494
-0.070276,0.0630955045536037
-0.066677,0.069592790622296
-0.062762,0.0761222898806408
-0.058529,0.0826842611516639
-0.053978,0.0892771950062839
-0.04911,0.095897492402433
-0.043923,0.102542214215579
-0.038421,0.109204621903994
-0.032608,0.115875117069462
-0.026486,0.122543550299815
-0.02006,0.12919740072074
-0.013338,0.135820373355466
-0.0063255,0.142395437506979
0.00096734,0.148902005087708
0.0085312,0.155317823922033
0.016354,0.161617892537049
0.024425,0.167776699718352
0.032727,0.173764285240848
0.041247,0.179551076177748
0.049968,0.185105723622744
0.05887,0.19039415954817
0.067934,0.195381878877618
0.077139,0.200033586369906
0.086462,0.204312948476569
0.09588,0.208183914826882
0.10537,0.211611791961348
0.1149,0.214557431908293
0.12444,0.216980810305691
0.13398,0.218857261329932
0.14347,0.220145807780124
0.15289,0.220815838042072
0.1622,0.220831363254266
0.17139,0.220175464516626
0.18041,0.218817742170513
0.18923,0.216732807710782
0.19782,0.213900261793848
0.20616,0.210311953170055
0.21421,0.205955328705506
0.22195,0.200829707281056
0.22933,0.194922096557005
0.23634,0.188239780625685
0.24295,0.180791675881123
0.24913,0.172588047079144
0.25486,0.163647617691681
0.26011,0.153988269594846
0.26486,0.143634338263363
0.26909,0.132614904839565
0.27279,0.120969671591237
0.27594,0.10873860603626
0.27853,0.0959683490781162
0.28054,0.0827023787396488
0.28197,0.0689953169757042
0.2828,0.0548945527233588
0.28305,0.0404699618473994
0.28269,0.0257706802223097
0.28174,0.0108647221740913
0.2802,-0.00418138739229882
0.27806,-0.0193116260787027
0.27535,-0.0344505287850163
0.27207,-0.0495313568878168
0.26822,-0.0644964214813694
0.26383,-0.0792749636416022
0.2589,-0.0938100674100645
0.25345,-0.108043040235727
0.24751,-0.121908292833238
0.24108,-0.135358992232322
0.2342,-0.148335503165649
0.22687,-0.160799471519655
0.21912,-0.172708986146937
0.21098,-0.184020851327163
0.20247,-0.194699843659509
0.19361,-0.204718575222575
0.18443,-0.214049788024097
0.17495,-0.222674926938829
0.16519,-0.230583421254253
0.15518,-0.237764494230122
0.14495,-0.2442079434527
0.13451,-0.249919526620888
0.1239,-0.254895952247466
0.11313,-0.259149310115055
0.10223,-0.262689357366656
0.091231,-0.265523328209947
0.08014,-0.267674303464318
0.068986,-0.26916156115033
0.057789,-0.270007737735243
0.04657,-0.270237081108734
0.035346,-0.269877668569663
0.024139,-0.268956407986975
0.012967,-0.267501663466666
0.0018468,-0.265543231466623
-0.0092025,-0.263109666935835
-0.020165,-0.260230199171584
-0.031022,-0.256931793003588
-0.041761,-0.253243469944326
-0.052361,-0.249188841885646
-0.062811,-0.244793894004696
-0.073093,-0.240080603219127
-0.083194,-0.235070757579436
-0.093098,-0.229783106883527
-0.10279,-0.224234090502173
-0.11226,-0.218441431894441
-0.1215,-0.212424778872499
-0.13049,-0.206195810604641
-0.13921,-0.199759334658418
-0.14766,-0.193129134044261
-0.15583,-0.186318325687706
-0.16371,-0.179339009429197
-0.17128,-0.172194611494992
-0.17854,-0.164896123030618
-0.18547,-0.157445410543521
-0.19207,-0.149851589643951
-0.19833,-0.142121850826687
-0.20425,-0.134268916278416
-0.2098,-0.126287322543624
-0.215,-0.118193943098491
-0.21982,-0.109986115972308
-0.22427,-0.101674972191542
-0.22834,-0.0932675653366558
-0.23203,-0.0847747717746361
-0.23532,-0.0761953683188188
-0.23823,-0.0675478892411871
-0.24074,-0.0588366286656417
-0.24286,-0.050076383856097
-0.24457,-0.0412677432980795
-0.24589,-0.032429310650334
-0.24681,-0.0235714410538833
-0.24734,-0.0147122717141269
-0.24747,-0.00586085007403682
-0.24721,0.00296664914082168
-0.24656,0.0117562298321266
-0.24553,0.0204887253692026
-0.24412,0.0291488046368404
-0.24233,0.0377247416676055
-0.24017,0.0462007487565379
-0.23765,0.0545582985985835
-0.23478,0.0627772589297637
-0.23155,0.0708516472701568
-0.22799,0.0787575951844136
-0.22409,0.0864871601695962
-0.21987,0.0940233934963439
-0.21534,0.101350067419802
-0.21051,0.108452096584958
-0.20539,0.115315852621422
-0.19999,0.121929383857868
-0.19433,0.128275153763593
-0.18841,0.134346520842989
-0.18226,0.140123760089111
-0.17589,0.145592052966078
-0.16931,0.150741065918125
-0.16255,0.155549707606681
-0.15561,0.160011100963768
-0.14852,0.164107968301698
-0.14129,0.16783004403703
-0.13395,0.171158338763354
-0.12651,0.174082266903876
-0.119,0.176583649240469
-0.11144,0.178646204769125
-0.10385,0.180255754599055
-0.096254,0.181397378291723
-0.088678,0.18205462139649
-0.081144,0.182213333827022
-0.073679,0.181858049012051
-0.066308,0.180974278268093
-0.059057,0.179548116392232
-0.051949,0.177568869220024
-0.045013,0.175024433253715
-0.038273,0.171905743353875
-0.031753,0.168206580090164
-0.025478,0.163922601490031
-0.019473,0.159051250856755
-0.013759,0.153594590465342
-0.008357,0.147558503494708
-0.0032904,0.14095017066521
0.0014239,0.133782575610249
0.0057668,0.126071540931513
0.0097223,0.117837173894017
0.013276,0.109103796329217
0.016416,0.0999004286575956
0.019131,0.0902596347607728
0.021412,0.0802177355391417
0.023253,0.069815378430796
0.024652,0.0590986004190199
0.025606,0.0481158221396463
0.026115,0.0369182935235557
0.026184,0.0255618288745305
0.025817,0.0141036198798705
0.025023,0.00260403786332186
0.023813,-0.00887424658340231
0.022198,-0.020268543571526
0.020195,-0.0315135770144187
0.017822,-0.0425432118954541
0.015095,-0.0532941182786194
0.012037,-0.0637020272349909
0.0086715,-0.0737035736365286
0.0050223,-0.0832379316394703
0.0011163,-0.092246021638896
-0.0030205,-0.100672807372544
-0.0073582,-0.108465512721242
-0.011867,-0.11557510112642
-0.016516,-0.121956496725769
-0.021272,-0.127567782804916
-0.026104,-0.132372808961654
-0.030976,-0.13633782162678
-0.035854,-0.139433863115607
-0.040705,-0.141637837972306
-0.045492,-0.14292951737926
-0.050179,-0.143292738438468
-0.05473,-0.142715512356516
-0.059111,-0.141191468425076
-0.063286,-0.138717897689262
-0.067218,-0.135294801160382
-0.070875,-0.13092846757076
-0.07422,-0.125626775008201
-0.077222,-0.119403473560391
-0.079849,-0.112276281247033
-0.082067,-0.104264479565048
-0.083849,-0.0953935610555154
-0.085167,-0.0856928680539019
-0.085995,-0.0751957790080081
-0.086307,-0.0639382419765853
-0.086082,-0.0519611902860554
-0.0853,-0.0393093683891128
-0.083945,-0.0260324721527621
-0.082003,-0.0121844258178731
-0.079461,0.00217808585646485
-0.076313,0.0169924719316148
-0.072551,0.0321945468222013
-0.068174,0.0477154287169119
-0.063185,0.0634814190287109
-0.057585,0.0794185059144924
-0.051384,0.095447907258536
-0.044592,0.111489298509248
-0.037225,0.12745905526012
-0.029299,0.143273399580775
-0.020837,0.15884580176791
-0.011862,0.174090173114946
-0.0023999,0.188921320595164
0.0075187,0.203253996126442
0.017863,0.217005494317548
0.028597,0.230094014527286
0.039684,0.242440675095128
0.051087,0.253971384036959
0.062763,0.264614031754443
0.074671,0.274302113901964
0.086768,0.282974564414313
0.099008,0.290574754108943
0.11135,0.297055494377484
0.12373,0.302362118747195
0.13613,0.306470072160924
0.14848,0.309341947280109
0.16074,0.310953827410813
0.17286,0.311286562942153
0.1848,0.31033339717501
0.1965,0.308083581305634
0.20793,0.304546224729215
0.21904,0.299731996533537
0.22979,0.293660495510036
0.24012,0.286343726439484
0.25001,0.27781731188285
0.25942,0.268120625367776
0.2683,0.257288038883129
0.27663,0.245371526923785
0.28436,0.232414004221911
0.29146,0.218464999792331
0.29792,0.203593068160085
0.30369,0.187850882660188
0.30876,0.171306626036582
0.31311,0.154031856268874
0.31671,0.136091594897526
0.31955,0.117558639611318
0.32161,0.0985026606499112
0.32288,0.0789962407839972
0.32336,0.0591196243895805
0.32304,0.0389495167408223
0.32191,0.0185574997875226
0.31997,-0.00198376305598385
0.31722,-0.022602987851221
0.31367,-0.0432248524450788
0.30933,-0.0637731575383198
0.30419,-0.0841882196002831
0.29829,-0.104388720607824
0.29162,-0.124315500323139
0.2842,-0.143907132602228
0.27605,-0.16310251395178
0.2672,-0.181835551282931
0.25765,-0.200060604943506
0.24744,-0.217720709619783
0.23658,-0.234774035270605
0.22511,-0.25117044523627
0.21306,-0.266862400609012
0.20045,-0.281813676127412
0.18731,-0.295991305012695
0.17368,-0.309358998657038
0.15958,-0.321894105044753
0.14507,-0.333556534857913
0.13016,-0.344330717275568
0.11489,-0.354199603520703
0.099316,-0.363134096508228
0.083461,-0.371121054659728
0.067368,-0.378146235742802
0.051076,-0.384198317518877
0.034626,-0.389267602809258
0.018058,-0.39334713251613
0.0014121,-0.396432677907584
-0.015271,-0.398522273660224
-0.03195,-0.399615761512499
-0.048585,-0.39971583284161
-0.065138,-0.398829143623592
-0.081566,-0.396961985401229
-0.097831,-0.394124177745054
-0.1139,-0.390332091726452
-0.12972,-0.385592404026489
-0.14527,-0.379927686896897
-0.1605,-0.373351483294314
-0.17539,-0.365892068394987
-0.18989,-0.357566817664968
-0.20397,-0.348398784587161
-0.2176,-0.338415095167496
-0.23074,-0.32763813295864
-0.24338,-0.316108119605201
-0.25546,-0.303841662195335
-0.26698,-0.290880284562
-0.2779,-0.27725491492633
-0.28819,-0.262994500444823
-0.29784,-0.248140368513417
-0.30682,-0.232727882328505
-0.31511,-0.216793978089687
-0.32269,-0.200375777652635
-0.32954,-0.183509446027034
-0.33566,-0.166244071127982
-0.34102,-0.148615521476377
-0.34562,-0.130670073764397
-0.34945,-0.1124535826128
-0.35251,-0.0940175431919996
-0.35477,-0.0753942245595178
-0.35625,-0.0566362694638952
-0.35695,-0.0377963007713294
-0.35685,-0.0189104762680741
-0.35597,-3.00100194863488e-05
-0.3543,0.0188055983990065
-0.35186,0.0375454689287256
-0.34866,0.0561386159338002
-0.3447,0.0745430463547247
-0.34,0.0927106901116678
-0.33457,0.110597611271438
-0.32843,0.1281573458054
-0.3216,0.14534300186063
-0.3141,0.16210896947045
-0.30596,0.178404876228362
-0.29719,0.194193035193342
-0.28783,0.2094252089756
-0.2779,0.224061140798816
-0.26743,0.238061097958668
-0.25646,0.251379854106789
-0.24502,0.263976771099676
-0.23313,0.275823811307311
-0.22085,0.286874694990414
-0.20819,0.297107074141999
-0.1952,0.306489339927318
-0.18193,0.314983692152763
-0.16839,0.322578345697905
-0.15465,0.329238856415842
-0.14072,0.334958223483053
-0.12666,0.339715192713783
-0.11251,0.343492781928813
-0.098297,0.34628790509822
-0.084066,0.348095837773165
-0.069854,0.348916954689591
-0.055703,0.34875239113494
-0.041649,0.347608641877534
-0.027728,0.345496670870248
-0.013978,0.342429578139722
-0.00043493,0.338423649637312
0.012867,0.333498836281139
0.025894,0.327678058201774
0.038614,0.32098750208382
0.050997,0.31345700781935
0.063012,0.305117986942882
0.074634,0.296006852576431
0.085835,0.286160969034944
0.096592,0.27562124988722
0.10688,0.26442895178685
0.11669,0.252636365999088
0.12599,0.240286276634145
0.13478,0.227436296995286
0.14303,0.21413221247628
0.15074,0.200431147457264
0.15791,0.18639772679509
0.16452,0.172085972390962
0.17058,0.157561931427058
0.17607,0.142877192935345
0.18102,0.128107058585953
0.18542,0.113314105998012
0.18927,0.0985561036766338
0.1926,0.0839072711191569
0.1954,0.0694231961870398
0.1977,0.0551721845323315
0.19951,0.0412157957649324
0.20085,0.0276155021615728
0.20173,0.0144232403629681
0.20218,0.00169621209087896
0.20222,-0.0105135234553835
0.20188,-0.0221525199908586
0.20117,-0.0331829177871895
0.20013,-0.0435587507909969
0.19878,-0.0532440433173106
0.19714,-0.0622123441507042
0.19524,-0.0704387126268937
0.19312,-0.0778932097371459
0.19079,-0.084565350556216
0.18828,-0.0904463225300589
0.18561,-0.0955367898588022
0.18282,-0.0998307256678922
0.17993,-0.103332109798733
0.17695,-0.106060708251563
0.17392,-0.108026719205297
0.17085,-0.109254928230689
0.16776,-0.1097741810141
0.16468,-0.109608762146876
0.16161,-0.108801108720301
0.15859,-0.107377837898402
0.15561,-0.105389301207831
0.1527,-0.102874247225139
0.14986,-0.0998833777549775
0.14711,-0.0964609991955885
0.14447,-0.0926451497444416
0.14192,-0.0884974074025207
0.13949,-0.0840597136716459
0.13717,-0.0793866117898418
0.13498,-0.0745190896032767
0.1329,-0.0695155923019792
0.13094,-0.0644247668639587
0.12911,-0.0592859078790957
0.12738,-0.0541591099317245
0.12577,-0.0490824500298679
0.12426,-0.044104588931074
0.12284,-0.0392737690400046
0.12151,-0.0346289459828832
0.12025,-0.030215048382929
0.11905,-0.0260729208513871
0.1179,-0.0222387097816531
0.11677,-0.0187582708685996
0.11565,-0.015668942136257
0.11453,-0.0129998564174723
0.11338,-0.0107871845715169
0.11219,-0.00905665371580093
0.11093,-0.00783931217018336
0.10957,-0.00716930835100827
0.1081,-0.00706723385011751
0.10649,-0.00755662894596165
0.10472,-0.00865502107385219
0.10275,-0.0103890562708749
0.10057,-0.0127694874468795
0.098154,-0.0158054517057254
0.095468,-0.0195101068293023
0.092491,-0.0238895561120957
0.089196,-0.0289481700491014
0.085562,-0.0346840552347655
0.081563,-0.0410937141468072
0.077177,-0.0481692020164483
0.072383,-0.0558981878075934
0.067163,-0.0642626557426614
0.061495,-0.0732432039001025
0.055365,-0.0828136932058866
0.048759,-0.0929430500597134
0.041661,-0.103598351382062
0.034064,-0.114739252518228
0.025959,-0.126321852996733
0.01734,-0.138298236540836
0.008205,-0.150615498376896
-0.0014464,-0.163216899294872
-0.011611,-0.176041450995184
-0.022284,-0.18902520787483
-0.033458,-0.202101683191155
-0.045118,-0.215198590366709
-0.057255,-0.228245463250174
-0.069846,-0.241164997853753
-0.082874,-0.253881081548542
-0.096314,-0.266314916589695
-0.11014,-0.27838718143719
-0.12432,-0.290016123977251
-0.13884,-0.301133876875875
-0.15364,-0.311651949635055
-0.1687,-0.321497581864402
-0.18397,-0.330590890255679
-0.19942,-0.338863648757443
-0.21501,-0.346251962476336
-0.23069,-0.352690276888626
-0.24641,-0.358113999944118
-0.26213,-0.362468997651994
-0.2778,-0.365704199804665
-0.29337,-0.367772966924614
-0.30879,-0.368634078705306
-0.32401,-0.368252390036805
-0.33897,-0.366591801012145
-0.35364,-0.363639192875837
-0.36795,-0.35937134599075
-0.38185,-0.353772895278053
-0.3953,-0.34684317743169
-0.40823,-0.338571767837947
-0.4206,-0.32896336342371
-0.43236,-0.31802783376269
-0.44345,-0.305772043212402
-0.45384,-0.292222887051084
-0.46346,-0.277393534843674
-0.47228,-0.261315709404615
-0.48025,-0.244020807660538
-0.48733,-0.225546848457331
-0.49346,-0.205921666186296
-0.49862,-0.185193961153861
-0.50277,-0.163413375034663
-0.50587,-0.140629165766085
-0.50788,-0.116889099035565
-0.50878,-0.0922533411651687
-0.50854,-0.0667831114917095
-0.50714,-0.0405462647077201
-0.50455,-0.0136067822168476
-0.50076,0.0139614530245972
-0.49575,0.042086040213428
-0.48951,0.0706904451323525
-0.48202,0.0997044182556688
-0.4733,0.129035287127264
-0.46333,0.158604600162288
-0.45211,0.18833295774556
-0.43966,0.218127856797511
-0.42597,0.24791124393472
-0.41107,0.277589613077573
-0.39496,0.307082113096648
-0.37767,0.336298528950808
-0.35922,0.365151394244603
-0.33963,0.393558313375116
-0.31894,0.421428940586629
-0.29718,0.448676901361575
-0.27439,0.475214527252846
-0.2506,0.500963464425127
-0.22585,0.525848216347759
-0.2002,0.549783487326427
-0.1737,0.57268642824086
-0.14638,0.594493852583801
-0.11832,0.61512385146524
-0.089563,0.63450969095421
-0.060172,0.652584584726133
-0.030211,0.669283485383065
0.00025732,0.684546197684253
0.031162,0.698312661287095
0.062439,0.710530384635238
0.094013,0.721146775498677
0.12581,0.730112273770121
0.15776,0.737384769814304
0.18979,0.742927788267944
0.22181,0.746698510598665
0.25375,0.74866563053658
0.28553,0.748801243138015
0.31707,0.747081602168346
0.34829,0.743487601385814
0.37912,0.738012418122826
0.40947,0.73064514559684
0.43926,0.721379863680963
0.46842,0.710222788501804
0.49687,0.697182904123814
0.52454,0.682279102357717
0.55135,0.665530852337535
0.57723,0.646965418380597
0.60212,0.626623436690582
0.62594,0.604540837814693
0.64864,0.580771332871372
0.67014,0.555359652295822
0.69039,0.528364536358387
0.70934,0.499854665435845
0.72692,0.469890286074418
0.74309,0.438545543179307
0.7578,0.405896483136505
0.771,0.372018683122207
0.78266,0.337000090217622
0.79273,0.300921415149131
0.80117,0.263862650442087
0.80797,0.225923082020227
0.8131,0.187199901755607
0.81653,0.147785770102378
0.81825,0.107781704092013
0.81824,0.0672850133973031
0.81651,0.0264092163338871
0.81304,-0.0147447455261199
0.80784,-0.0560670514573999
0.80093,-0.097436773877723
0.7923,-0.138749990069355
0.78199,-0.179882877446207
0.77001,-0.220721692385873
0.75639,-0.261149726915577
0.74117,-0.301044310713289
0.72437,-0.340296771069252
0.70605,-0.378783819033838
0.68625,-0.416389271475865
0.66501,-0.453006610889231
0.64239,-0.488526043228363
0.61845,-0.522838965963243
0.59325,-0.555841554248084
0.56685,-0.587437548048697
0.53932,-0.617532924938503
0.51073,-0.646038955533205
0.48115,-0.672874535299286
0.45065,-0.697967872481097
0.41932,-0.721242813893261
0.38722,-0.742644908600698
0.35444,-0.762117469503616
0.32107,-0.779604510298302
0.28718,-0.795067860281416
0.25285,-0.808478294415143
0.21818,-0.819800733904926
0.18324,-0.829019412191717
0.14811,-0.836128043318876
0.11289,-0.841114223600209
0.077645,-0.843987648453946
0.042473,-0.844751945510706
0.0074484,-0.84342394563325
-0.027346,-0.840025153263716
-0.061832,-0.834584318311134
-0.095929,-0.8271340899512
-0.12956,-0.817712600811923
-0.16266,-0.806370759972139
-0.19515,-0.793158517354564
-0.22697,-0.778138167086633
-0.25803,-0.761358445701587
-0.2883,-0.742900510808227
-0.31769,-0.722825352549868
-0.34616,-0.701213229259711
-0.37366,-0.678150514275478
-0.40013,-0.653718885923023
-0.42552,-0.628001460801477
-0.4498,-0.601095034698364
-0.47292,-0.573089959218157
-0.49485,-0.544083617734819
-0.51556,-0.514176255480896
-0.53501,-0.483460095957646
-0.5532,-0.452047703651613
-0.57009,-0.420035103253509
-0.58567,-0.387524204941181
-0.59993,-0.354618485698285
-0.61285,-0.32141203209765
-0.62444,-0.288010493718606
-0.63469,-0.254510657097382
-0.64359,-0.220998968391337
-0.65117,-0.187580158023939
-0.65741,-0.154333251801002
-0.66234,-0.121350716782786
-0.66597,-0.0887178683991529
-0.66831,-0.056511238547764
-0.66939,-0.0248122599636322
-0.66922,0.00631142526773022
-0.66784,0.0367836996207226
-0.66527,0.0665392264892602
-0.66154,0.095516502992078
-0.65667,0.123666959480358
-0.65071,0.150932370175208
-0.64369,0.177263861976171
-0.63564,0.202622187007735
-0.62661,0.22696289282438
-0.61662,0.250261467901235
-0.60572,0.272488699727751
-0.59396,0.293613100277268
-0.58136,0.313625077000945
-0.56798,0.332504055429343
-0.55385,0.350244009717802
-0.53902,0.366836648542878
-0.52353,0.382280080745417
-0.50742,0.396578203157232
-0.49074,0.409732628718399
-0.47352,0.421758392112324
-0.45582,0.432659244655124
-0.43767,0.442452372439862
-0.41911,0.451158350887197
-0.40019,0.45879292945592
-0.38095,0.465375284569683
-0.36142,0.470934546520809
-0.34166,0.475485186052052
-0.32169,0.479059290422114
-0.30156,0.481680316420261
-0.28129,0.483386509744314
-0.26095,0.484190192550939
-0.24055,0.484126941178435
-0.22013,0.483228029743917
-0.19974,0.481513104325291
-0.1794,0.479014127960873
-0.15915,0.475757359901666
-0.13902,0.471771149749453
-0.11904,0.46708474665752
-0.09925,0.461719901277757
-0.079676,0.455702020536224
-0.060347,0.449056475027716
-0.041292,0.441807832702094
-0.02254,0.433979249083398
-0.0041165,0.42559458921759
0.013954,0.416678261463842
0.031644,0.407252102918323
0.048932,0.39733958333849
0.065795,0.38696359725492
0.08221,0.376145803179496
0.098158,0.364909075132535
0.11362,0.353276484394623
0.12857,0.341265291399597
0.143,0.328900738390905
0.15689,0.31620477076507
0.17022,0.303195905494981
0.18299,0.289904001275891
0.19516,0.276337491092465
0.20675,0.262531483014697
0.21772,0.24849708494965
0.22808,0.234262539853028
0.2378,0.219839363471626
0.24689,0.205254655897983
0.25534,0.190532365057305
0.26313,0.175685665652218
0.27026,0.160733272687459
0.27673,0.145697655370908
0.28253,0.130596111233842
0.28766,0.115448496743001
0.29211,0.10026859722324
0.29588,0.0850721198266618
0.29897,0.0698756913018668
0.30137,0.0546886340738159
0.30309,0.0395287164974897
0.30412,0.0244050491010978
0.30447,0.00933411293045839
0.30413,-0.0056770948089178
0.30311,-0.0206148110855014
0.30141,-0.0354677692056851
0.29904,-0.0502197983050749
0.296,-0.0648587734823167
0.2923,-0.0793689294474962
0.28795,-0.0937321530503816
0.28297,-0.107921682651496
0.27735,-0.121926837535107
0.27113,-0.135713369455571
0.2643,-0.149266078318544
0.2569,-0.162548706121303
0.24893,-0.175538728926215
0.24042,-0.18820327382578
0.23139,-0.200509570876659
0.22187,-0.212418584115218
0.21187,-0.223902240084802
0.20144,-0.234912665519287
0.19059,-0.245417082866165
0.17936,-0.25537378370659
0.16778,-0.26474259614725
0.15589,-0.273478496267789
0.14372,-0.281541389725867
0.13131,-0.288889090124874
0.1187,-0.295479123909661
0.10593,-0.301270202636216
0.093047,-0.306218212602794
0.080092,-0.310282680418437
0.067111,-0.313423765197397
0.05415,-0.315603527300141
0.041258,-0.31678469069971
0.02848,-0.316934812741522
0.015866,-0.316022869927297
0.0034646,-0.314021207158806
-0.0086751,-0.310905617431585
-0.020504,-0.306655686698197
-0.031976,-0.301257190670494
-0.043039,-0.29469720555704
-0.05365,-0.286971293878408
-0.063761,-0.278078638309251
-0.07333,-0.268026150164686
-0.082313,-0.25682564780791
-0.090669,-0.244495134573085
-0.098361,-0.231060385500911
-0.10535,-0.216551562406957
-0.11161,-0.201011438373343
-0.1171,-0.184480959739585
-0.12181,-0.167021643863157
-0.12569,-0.14868054739923
-0.12875,-0.129536324284002
-0.13095,-0.109654130608445
-0.13228,-0.0891087508995148
-0.13274,-0.0679881406606329
-0.13232,-0.0463811078095179
-0.13102,-0.0243821028699631
-0.12883,-0.00208008256020141
-0.12578,0.0204133974982123
-0.12185,0.0430087409585383
-0.11708,0.0655923537948788
-0.11147,0.0880642402455819
-0.10505,0.110316226958926
-0.097843,0.132242043736437
-0.089868,0.153743226493126
-0.081161,0.174718191481555
-0.071754,0.195069082632913
-0.061685,0.214699832373243
-0.050989,0.23352124393868
-0.039709,0.251446805386728
-0.027888,0.268395189114835
-0.015571,0.284290672949008
-0.0028058,0.299062759310176
0.010361,0.312648703093066
0.023878,0.32499091778897
0.037695,0.33603919043483
0.05176,0.345750053227957
0.066019,0.354085946236856
0.080419,0.361016594642874
0.094906,0.36651843333286
0.10942,0.370570248802709
0.12392,0.373168070514793
0.13834,0.374304157904522
0.15262,0.373973053491919
0.16672,0.372186716222465
0.18058,0.368956653157505
0.19414,0.364294281971665
0.20735,0.358218572002271
0.22016,0.350754569852541
0.23251,0.341924616443829
0.24436,0.331763480907061
0.25565,0.320300608878589
0.26634,0.307575493409307
0.27637,0.293620172292349
0.28571,0.278482251939615
0.2943,0.262198642800287
0.30211,0.244819002893379
0.3091,0.226394677677514
0.31522,0.206969704877948
0.32044,0.186595895389196
0.32473,0.165329958083076
0.32806,0.143231025794909
0.3304,0.120358562419749
0.33173,0.0967780262925538
0.33201,0.0725430532652802
0.33124,0.0477257414167109
0.3294,0.0223961774340404
0.32647,-0.00337924833902269
0.32244,-0.0295317491487589
0.31731,-0.0559853247177441
0.31108,-0.0826604856447871
0.30373,-0.109492168822353
0.29529,-0.136392066218932
0.28574,-0.163292851032762
0.27511,-0.190109345698136
0.2634,-0.216766884642665
0.25063,-0.24318694362754
0.23683,-0.269283079661312
0.22201,-0.294980070025237
0.2062,-0.320199490435477
0.18943,-0.344862991149998
0.17174,-0.368887553386735
0.15315,-0.392203993052286
0.13371,-0.414734557084557
0.11346,-0.43640468678045
0.092446,-0.45714058965404
0.070712,-0.476873193227008
0.048309,-0.495534564532108
0.025292,-0.513057221501104
0.0017172,-0.529375640510803
-0.022359,-0.544428163890515
-0.046873,-0.558153263109278
-0.071761,-0.570491700626325
-0.09696,-0.581388951013007
-0.1224,-0.590791260292306
-0.14801,-0.598646882724517
-0.17372,-0.604908497825533
-0.19946,-0.609534298912349
-0.22516,-0.612488722067404
-0.25073,-0.613728067665523
-0.27611,-0.613226085211146
-0.30122,-0.610957150995179
-0.32598,-0.606897473216406
-0.35033,-0.601040786727408
-0.37418,-0.593373551004155
-0.39745,-0.583884703607503
-0.4201,-0.572595616961682
-0.44202,-0.559502028469713
-0.46317,-0.544631409648695
-0.48348,-0.528014386193238
-0.50287,-0.509676384090079
-0.52129,-0.489660562450226
-0.53867,-0.468008813913413
-0.55496,-0.444776025804113
-0.57011,-0.420026398594554
-0.58406,-0.393822794280865
-0.59677,-0.366240317171098
-0.60819,-0.337354698594973
-0.61828,-0.307247655428757
-0.627,-0.276003598190024
-0.63433,-0.243721645889443
-0.64023,-0.210495290945275
-0.64467,-0.176418281384861
-0.64764,-0.141596687771283
-0.64913,-0.106143469432714
-0.6491,-0.0701516733776682
-0.64757,-0.0337398484935491
-0.64451,0.00299342063946552
-0.63994,0.0399317280798353
-0.63385,0.0769700736335101
-0.62626,0.11399378939655
-0.61717,0.150898832995095
-0.6066,0.187578326380019
-0.59458,0.223919214744925
-0.58112,0.259821952055425
-0.56626,0.295179073200278
-0.55003,0.329887742821351
-0.53246,0.363852377591173
-0.5136,0.396971807182155
-0.49348,0.429158674546386
-0.47215,0.460325149451446
-0.44966,0.490386233799301
-0.42606,0.519262357606902
-0.4014,0.546881338287297
-0.37573,0.573179774858351
-0.34911,0.59809654883702
-0.32161,0.621567516320625
-0.29327,0.643550878982704
-0.26416,0.664002671478082
-0.23434,0.682886631051431
-0.20388,0.700167132423024
-0.17283,0.715825641402089
-0.14128,0.729829129915019
-0.10928,0.742164128227883
-0.0769,0.752819255747463
-0.044211,0.761785112880085
-0.011281,0.769057060314009
0.02182,0.774633599580979
0.055022,0.778516427865888
0.088253,0.780708880827993
0.12144,0.781215334571687
0.15452,0.780048794215027
0.18742,0.777221959935281
0.22006,0.772742213765965
0.25237,0.766620245592134
0.28428,0.758869487622386
0.31573,0.749512956303863
0.34664,0.738566301828143
0.37694,0.726046489110244
0.40656,0.711971327399306
0.43543,0.696359040955
0.46349,0.679235282647085
0.49066,0.660616381333143
0.51688,0.640525636578774
0.54208,0.6189840570756
0.5662,0.596017727958089
0.58917,0.571648802983493
0.61094,0.54591051474555
0.63145,0.518836780972533
0.65063,0.490453789621164
0.66844,0.46080297427197
0.68483,0.429929537708576
0.69975,0.397880486460654
0.71315,0.364702972384175
0.72499,0.330450320246498
0.73525,0.295194101429978
0.74388,0.258996392971238
0.75087,0.221939406285969
0.75618,0.184097038867977
0.7598,0.145556502910929
0.76172,0.106413186823065
0.76192,0.066758872303245
0.7604,0.0266944733697936
0.75716,-0.0136747680618706
0.7522,-0.0542433070869864
0.74554,-0.0948938000058407
0.73718,-0.135517772381635
0.72714,-0.176002512197756
0.71546,-0.216220660937199
0.70214,-0.256066617708247
0.68723,-0.295418801854303
0.67076,-0.334161466352297
0.65276,-0.372187369968498
0.63328,-0.409384962253839
0.61237,-0.445642988071215
0.59008,-0.480854214743986
0.56647,-0.514910962455749
0.54158,-0.547723728621218
0.51548,-0.579198774378399
0.48823,-0.609249769305686
0.45991,-0.637784799007657
0.43058,-0.664725625795061
0.40032,-0.689993278254431
0.36919,-0.713526045566599
0.33729,-0.735249153208711
0.30467,-0.755117216101237
0.27144,-0.773066326061191
0.23767,-0.78904985862534
0.20344,-0.803029882335521
0.16883,-0.814977396440451
0.13395,-0.824850074087942
0.098862,-0.832632321900984
0.063666,-0.838303242258158
0.028445,-0.841851600047827
-0.0067129,-0.843271249553365
-0.041722,-0.842562828988427
-0.076494,-0.839731212520667
-0.11095,-0.834792181377395
-0.14499,-0.827754915926961
-0.17856,-0.818657638231264
-0.21155,-0.807520104506857
-0.2439,-0.794384141204375
-0.27553,-0.779293919104246
-0.30636,-0.762294741267439
-0.33633,-0.74344677173964
-0.36536,-0.722806079601936
-0.39339,-0.700438995240976
-0.42036,-0.676418566337221
-0.44621,-0.650821475620427
-0.47087,-0.623718005285824
-0.4943,-0.595193636122696
-0.51645,-0.565336426457623
-0.53727,-0.534234118986745
-0.55672,-0.501979153453467
-0.57475,-0.468657735452008
-0.59134,-0.434370718057005
-0.60645,-0.399213025202946
-0.62005,-0.363279360497342
-0.63212,-0.326668761008524
-0.64264,-0.289480716739839
-0.65159,-0.251811989047024
-0.65895,-0.213754071577636
-0.66473,-0.175413429830274
-0.6689,-0.136875622339963
-0.67148,-0.0982434540100782
-0.67247,-0.0596154787672376
-0.67187,-0.0210835533544996
-0.66969,0.0172616000008679
-0.66595,0.0553259055654166
-0.66067,0.0930158153979245
-0.65387,0.130241440511602
-0.64558,0.166911602496969
-0.63582,0.202944687863935
-0.62463,0.23825497601834
-0.61205,0.272756527079818
-0.59811,0.306373722081967
-0.58287,0.339019915225624
-0.56637,0.370617495141393
-0.54865,0.401099032030128
-0.52978,0.430385758929366
-0.50981,0.458407495121423
-0.4888,0.485096288189269
-0.46681,0.510388629945226
-0.4439,0.534227123702116
-0.42015,0.556546869874067
-0.39561,0.577301655882056
-0.37037,0.596432799100478
-0.34449,0.613896117571379
-0.31804,0.62965369380608
-0.2911,0.643667065563247
-0.26374,0.655906522194191
-0.23604,0.666343556509454
-0.20807,0.674959520340293
-0.1799,0.681744926808386
-0.15162,0.686683832398247
-0.12329,0.689778361756035
-0.094981,0.691037653629207
-0.066773,0.690470219955876
-0.038735,0.688092551447769
-0.010935,0.683928408688627
0.016559,0.678007283874884
0.043682,0.670365188023445
0.070367,0.661041372016478
0.096554,0.650082207688324
0.12218,0.637536685976568
0.1472,0.623468204647686
0.17154,0.607928884199681
0.19516,0.590985697803477
0.21801,0.572708551567404
0.24004,0.553167951250931
0.26122,0.532447844900041
0.28149,0.510618593705979
0.30083,0.487767255595405
0.31921,0.463984531394114
0.33658,0.439346707310656
0.35293,0.413945791271517
0.36823,0.387868972457066
0.38245,0.36119694032776
0.39559,0.33402483782673
0.40763,0.306441760520072
0.41855,0.278529143829414
0.42835,0.250374408407714
0.43702,0.222059582814659
0.44455,0.193659639117552
0.45094,0.165248697573908
0.4562,0.136905028667757
0.46033,0.108700171715433
0.46333,0.0806977167251821
0.46521,0.0529599047642727
0.46599,0.0255529751660316
0.46568,-0.00146342029396527
0.46428,-0.02804458600339
0.46183,-0.054130166886689
0.45834,-0.0796716414828302
0.45382,-0.10463198055018
0.44831,-0.128962888345939
0.44183,-0.152623715591843
0.4344,-0.175581699079752
0.42606,-0.197797151761827
0.41683,-0.219241273407531
0.40675,-0.239880623681067
0.39585,-0.259686901201476
0.38416,-0.278637278793979
0.37171,-0.296714520285916
0.35856,-0.313884720706669
0.34472,-0.330138939643364
0.33025,-0.345452134109884
0.31518,-0.359809628102013
0.29956,-0.373191171856543
0.28342,-0.385587807743592
0.26681,-0.396985570055539
0.24977,-0.407374647339599
0.23234,-0.416749242433691
0.21458,-0.425092544390804
0.19651,-0.432409256450393
0.1782,-0.438684675949761
0.15967,-0.443926159633204
0.14097,-0.448136786786093
0.12215,-0.451316417132797
0.10324,-0.453477391857325
0.084289,-0.454628003728128
0.065335,-0.454781447685518
0.046416,-0.453954748227536
0.027573,-0.452165556823139
0.0088407,-0.449436409393893
-0.0097437,-0.445791499481348
-0.028144,-0.441256599342517
-0.046328,-0.435861148622389
-0.064262,-0.42963575040817
-0.081914,-0.422612464324897
-0.099254,-0.414825200601573
-0.11625,-0.406307005493274
-0.13288,-0.397096746117408
-0.14912,-0.38723545058786
-0.16494,-0.376760320891716
-0.18032,-0.365711812353422
-0.19523,-0.354124437109073
-0.20966,-0.342041671785258
-0.22359,-0.329505534951978
-0.237,-0.316555603282361
-0.24988,-0.30323565537473
-0.2622,-0.289576709151924
-0.27396,-0.275620640742788
-0.28514,-0.261401945512187
-0.29574,-0.246962804913385
-0.30574,-0.232335433737095
-0.31512,-0.217542886723364
-0.32389,-0.202622119178638
-0.33204,-0.18760523611613
-0.33955,-0.172511898988578
-0.34642,-0.157365701973991
-0.35264,-0.142185078761961
-0.35821,-0.126990904784399
-0.36313,-0.111805170813836
-0.36738,-0.0966350975032452
-0.37097,-0.0814976942241654
-0.37389,-0.0664023270326144
-0.37613,-0.0513516689330077
-0.3777,-0.0363574367507398
-0.37859,-0.0214232724165018
-0.3788,-0.0065533560463298
-0.37833,0.00824805293910759
-0.37718,0.0229769726962898
-0.37535,0.037629966229452
-0.37284,0.0522043307696401
-0.36964,0.0667056183624991
-0.36577,0.0811238884524729
-0.36122,0.0954593279341379
-0.35599,0.109713042749837
-0.35009,0.123879608066126
-0.34353,0.137948612465723
-0.33631,0.151913414609896
-0.32843,0.165770705574045
-0.3199,0.179512674209469
-0.31074,0.193120800128628
-0.30095,0.206583306108942
-0.29054,0.219886863539987
-0.27954,0.233002553723445
-0.26795,0.245911932119853
-0.25579,0.258590791399892
-0.24308,0.271011027466274
-0.22985,0.283134849117702
-0.21611,0.294932557105729
-0.20189,0.306367095660184
-0.18721,0.317403996686718
-0.17211,0.327997149698624
-0.15661,0.33810723084073
-0.14073,0.34770160829816
-0.12452,0.356731927022439
-0.108,0.365160835167241
-0.09121,0.372946273658903
-0.074185,0.380047444887951
-0.056961,0.386425164686161
-0.039573,0.392043598988791
-0.022061,0.396867152755716
-0.0044597,0.400865585164839
0.013188,0.40400801771606
0.030846,0.406269221703741
0.048472,0.407624928265389
0.066029,0.408056531644546
0.083477,0.407548594369724
0.10077,0.406084532203978
0.11788,0.403660910012069
0.13476,0.400271253355107
0.15137,0.395912298657186
0.16767,0.390583752675904
0.18363,0.384295405961501
0.1992,0.377050402976408
0.21435,0.368861493947847
0.22904,0.359741675853875
0.24323,0.34970402011002
0.25689,0.338768904078086
0.26998,0.326954837815873
0.28247,0.314285888983813
0.29432,0.300782706314219
0.30551,0.286477538982148
0.316,0.271396435717441
0.32577,0.255574619424634
0.33479,0.239046428019673
0.34304,0.221852000256221
0.35048,0.204020297322865
0.35711,0.185600057145598
0.36291,0.16663983684381
0.36785,0.147179307828759
0.37194,0.127279417596522
0.37515,0.106986957997956
0.37748,0.0863581201965267
0.37893,0.0654550174977526
0.37949,0.0443353127773421
0.37917,0.0230661325308008
0.37797,0.00171282093719879
0.37589,-0.0196627100644221
0.37296,-0.0409810630202881
0.36917,-0.0621807440070351
0.36455,-0.0831870838422398
0.35911,-0.103931937433879
0.35288,-0.12433982848929
0.34588,-0.144339185858914
0.33813,-0.16386392745351
0.32967,-0.182839829255871
0.32051,-0.201210750793931
0.3107,-0.218907552951569
0.30027,-0.235867773554312
0.28925,-0.252036529720657
0.27768,-0.267359671436303
0.26559,-0.281793046948978
0.25304,-0.295280129916103
0.24005,-0.307786078310565
0.22666,-0.319280252145512
0.21293,-0.329722015902697
0.19889,-0.33908651642456
0.18459,-0.347348060318236
0.17006,-0.354496316835458
0.15535,-0.36051938135481
0.14052,-0.365397538575691
0.12559,-0.369135388776875
0.11062,-0.371727926370873
0.09564,-0.373185199987862
0.080706,-0.373510348299015
0.065856,-0.372714589116133
0.051133,-0.370812046938993
0.036576,-0.367822138260254
0.022229,-0.363764668886646
0.0081285,-0.358665084341375
-0.0056855,-0.35255038669492
-0.019177,-0.345451317658276
-0.032309,-0.337400288935993
-0.045048,-0.328432965340614
-0.057362,-0.318587943734776
-0.069218,-0.30790453612837
-0.080589,-0.296426107788288
-0.091445,-0.284195973316782
-0.10176,-0.271259234586495
-0.11152,-0.257670101756195
-0.12068,-0.243465723653145
-0.12925,-0.228709109442652
-0.13719,-0.213445367991485
-0.1445,-0.197733439466617
-0.15115,-0.181619504308541
-0.15715,-0.165167629683376
-0.16248,-0.148432210013214
-0.16714,-0.131472962111858
-0.17112,-0.114344653881696
-0.17443,-0.0971111195430561
-0.17706,-0.0798267141911147
-0.17903,-0.0625585711176889
-0.18033,-0.04535981172507
-0.18099,-0.0283000692670185
-0.18101,-0.0114378717477793
-0.18041,0.00516436606961594
-0.17921,0.0214431743322073
-0.17742,0.0373437490002426
-0.17507,0.0528053933693353
-0.17218,0.0677721383095822
-0.16879,0.0821789986490988
-0.16491,0.0959781207789161
-0.16059,0.109107653889562
-0.15584,0.12152620287318
-0.15072,0.133173507388197
-0.14524,0.144013204674274
-0.13945,0.15400011571854
-0.13339,0.163091090975638
-0.1271,0.171246292795313
-0.12061,0.178437540367182
-0.11396,0.18463994369116
-0.1072,0.189825068244563
-0.10037,0.193970291673717
-0.093512,0.197057304802437
-0.086661,0.199077438622739
-0.079862,0.200023121978428
-0.073154,0.199892782969775
-0.066581,0.198686484390063
-0.06018,0.196411214847709
-0.053993,0.19307607318232
-0.048055,0.188697181553837
-0.042403,0.18329477894688
-0.037076,0.176890742097997
-0.032105,0.169513907514562
-0.027524,0.161196012564442
-0.023365,0.151972013459653
-0.019656,0.141881701146075
-0.016425,0.130967884584644
-0.013697,0.119277030847267
-0.011494,0.106859649111374
-0.0098388,0.0937676476021252
-0.0087471,0.0800579718205498
-0.0082347,0.0657900439787775
-0.0083147,0.051025668888925
-0.0089967,0.0358294495660647
-0.010286,0.0202696041659026
-0.012188,0.00441523983724783
-0.014702,-0.0116613192097218
-0.017827,-0.0278870652211789
-0.021558,-0.0441876661640512
-0.025887,-0.0604877591193366
-0.030803,-0.0767112475217063
-0.036291,-0.0927808528487871
-0.042337,-0.108621513777667
-0.04892,-0.124157182833241
-0.056018,-0.139312736409966
-0.063607,-0.15401477670323
-0.07166,-0.168191519209209
-0.080147,-0.181772683062954
-0.089034,-0.194688643535077
-0.09829,-0.206874926632286
-0.10788,-0.218270538166292
-0.11775,-0.228805443934461
-0.12788,-0.238429918803365
-0.13822,-0.247090354510236
-0.14873,-0.254739455646587
-0.15936,-0.261329497502286
-0.17006,-0.266814295282899
-0.18079,-0.271158142035079
-0.1915,-0.274327947618215
-0.20214,-0.276294224604233
-0.21267,-0.277039173553567
-0.22303,-0.276540695915837
-0.23317,-0.274781786791465
-0.24306,-0.271765349098555
-0.25264,-0.267488624569898
-0.26186,-0.261952288026089
-0.27068,-0.255167652081451
-0.27905,-0.247147379611782
-0.28693,-0.237912724461445
-0.29428,-0.227491714981152
-0.30106,-0.215917480914214
-0.30723,-0.203226733149229
-0.31276,-0.189465800187659
-0.3176,-0.17467301225029
-0.32174,-0.158909041084783
-0.32513,-0.142221563895397
-0.32776,-0.124676244025104
-0.3296,-0.106336811222923
-0.33062,-0.0872638045592809
-0.3308,-0.0675209823591617
-0.33014,-0.0471877584277776
-0.32861,-0.026331802887424
-0.3262,-0.00502419494681145
-0.3229,0.0166632951291732
-0.31871,0.0386530553545072
-0.31362,0.060872460972467
-0.30763,0.0832477204452906
-0.30074,0.105706380387471
-0.29296,0.128171945346309
-0.28428,0.150581866321449
-0.27472,0.172864730605306
-0.26428,0.194959113128917
-0.25299,0.216791548462162
-0.24084,0.2383108809759
-0.22787,0.259448827483745
-0.21408,0.280155214790619
-0.19951,0.300366749886532
-0.18416,0.320041370043716
-0.16807,0.339126217420282
-0.15127,0.357569089959809
-0.13377,0.375335045160085
-0.11561,0.392382363577693
-0.096827,0.408667753420163
-0.077449,0.424155009558641
-0.057514,0.438807752307535
-0.037061,0.452590229640255
-0.016128,0.465469415821896
0.0052412,0.4774115933451
0.027002,0.488383302877185
0.04911,0.498352830144089
0.071516,0.507287651081355
0.094171,0.515156081156187
0.11702,0.521923986201279
0.14002,0.527565499073157
0.16311,0.532049248589981
0.18623,0.535341444652011
0.20933,0.537415071009906
0.23235,0.538242323023665
0.25524,0.537803321786238
0.27793,0.536070736162488
0.30037,0.53302715486638
0.3225,0.528656633937939
0.34425,0.522937837678276
0.36558,0.515868220467518
0.38641,0.507431249097484
0.40671,0.497636900151895
0.4264,0.486479638719816
0.44544,0.473971500021373
0.46377,0.46012389765444
0.48133,0.44494775094294
0.49809,0.428475762396771
0.51398,0.41072801659368
0.52897,0.391743719881732
0.543,0.371554480128912
0.55605,0.350214712106652
0.56806,0.32776635067976
0.57901,0.304269865423801
0.58886,0.279784360697025
0.59759,0.2543811217449
0.60516,0.228124587932507
0.61155,0.201086731592747
0.61674,0.173343612874964
0.62072,0.144979854968602
0.62347,0.116077195015961
0.62498,0.0867200756992998
0.62524,0.0569926368578919
0.62425,0.0269836514294683
0.62201,-0.00321705276353305
0.61852,-0.0335215442861418
0.61377,-0.0638535591325369
0.60779,-0.0941191344662566
0.60058,-0.124235197776458
0.59215,-0.154122772526918
0.58251,-0.183708831507117
0.57169,-0.212912869324428
0.55971,-0.241658476905498
0.54659,-0.269875184097288
0.53236,-0.297492415687904
0.51705,-0.324442031953927
0.50068,-0.350667720444031
0.4833,-0.376102685123304
0.46494,-0.4006889157179
0.44563,-0.424377699627666
0.42543,-0.447107609960274
0.40437,-0.468831461090904
0.38249,-0.489508078506029
0.35985,-0.509088113828938
0.3365,-0.52752499454175
0.31247,-0.544791062864542
0.28783,-0.560845715472325
0.26262,-0.575661817380475
0.2369,-0.589209642751961
0.21072,-0.601466173551814
0.18414,-0.612407607908971
0.15722,-0.622010717888358
0.13001,-0.630261303416066
0.10256,-0.637153361640365
0.074941,-0.642672654931891
0.047205,-0.646813234657601
0.019406,-0.649574986851597
-0.008395,-0.650957785370148
-0.036143,-0.650966367502988
-0.063782,-0.649608932836158
-0.091256,-0.646896637573704
-0.11851,-0.642843821360075
-0.14549,-0.637468078427071
-0.17214,-0.630787981779756
-0.19842,-0.622834507823982
-0.22426,-0.613625871965267
-0.24962,-0.60319191750256
-0.27446,-0.591571252703496
-0.29871,-0.578786502738178
-0.32235,-0.564883908471485
-0.34531,-0.549890639612829
-0.36756,-0.533847418063079
-0.38906,-0.516797447889345
-0.40975,-0.498770008335982
-0.42961,-0.479811931742672
-0.44858,-0.459953325102937
-0.46664,-0.439239520674218
-0.48375,-0.41771203359017
-0.49986,-0.39540068873745
-0.51495,-0.372347131925772
-0.52899,-0.348593874908271
-0.54194,-0.324175431833076
-0.55377,-0.299126150618051
-0.56446,-0.273486512265533
-0.57398,-0.247293249249638
-0.58231,-0.220586259476707
-0.58943,-0.193406688935742
-0.59532,-0.165795344818541
-0.59997,-0.137798810894396
-0.60335,-0.109452026727714
-0.60547,-0.0808089122333201
-0.60631,-0.0519147802812421
-0.60587,-0.022821297524273
-0.60414,0.0064238275399474
-0.60112,0.035770274010825
-0.59681,0.0651672907164846
-0.59123,0.0945506813670197
-0.58438,0.123862253823993
-0.57627,0.153043167869086
-0.56691,0.182036009359541
-0.55633,0.210771646606141
-0.54454,0.239188535266082
-0.53157,0.267218512872766
-0.51745,0.294790330521912
-0.5022,0.321839989739795
-0.48587,0.348289321006991
-0.46848,0.374073477243619
-0.45009,0.399110991388103
-0.43072,0.423339261345879
-0.41044,0.446676113431263
-0.38928,0.46905591162505
-0.3673,0.490406474374772
-0.34456,0.510652845397347
-0.32112,0.529720409861798
-0.29702,0.547552206087233
-0.27235,0.564070666767646
-0.24714,0.579228681534412
-0.22149,0.592953821786247
-0.19544,0.605200197502425
-0.16907,0.615915605599024
-0.14245,0.625052202524
-0.11566,0.632560188989377
-0.088746,0.638415311360272
-0.061798,0.642582677421842
-0.034883,0.645037409364184
-0.0080745,0.645759189154322
0.018558,0.644735495988053
0.044946,0.641961775534971
0.071018,0.637438389413653
0.096706,0.631172808545194
0.12195,0.623184495083088
0.14667,0.613487784215854
0.17082,0.602118119104985
0.19434,0.589117112484456
0.21716,0.574523266122885
0.23924,0.558394102160384
0.26052,0.540786480537737
0.28095,0.52176289027558
0.30049,0.501396316577891
0.3191,0.4797664448948
0.33672,0.456941577127428
0.35334,0.433016059961896
0.36891,0.408073159396899
0.3834,0.382199745161206
0.39678,0.355483173486627
0.40904,0.32802350306715
0.42015,0.299913379058899
0.43009,0.27124414480423
0.43885,0.24211074401029
0.44642,0.21260813747719
0.45278,0.182820973091404
0.45794,0.152845065818881
0.46189,0.122767405409273
0.46464,0.0926798241346722
0.46619,0.0626676649741779
0.46654,0.0328081813431332
0.46571,0.00318421839384858
0.46372,-0.0261197130260049
0.46058,-0.0550280527998645
0.45631,-0.0834677455472007
0.45094,-0.111362996661053
0.44448,-0.138653314217427
0.43698,-0.165263286693723
0.42846,-0.191130383962248
0.41896,-0.21619005006103
0.40851,-0.240385935694285
0.39716,-0.263655742198832
0.38494,-0.285949546641245
0.3719,-0.307214662891307
0.35808,-0.327405695391475
0.34353,-0.346477650862035
0.32831,-0.364380363326057
0.31245,-0.381083704536856
0.29602,-0.396545604175091
0.27906,-0.410738342709218
0.26163,-0.423632371984929
0.24379,-0.435198098404197
0.22558,-0.445422091766246
0.20707,-0.454282734942303
0.1883,-0.461775165004016
0.16934,-0.467886539285243
0.15023,-0.472620659067574
0.13103,-0.475980377293555
0.11179,-0.47797560626225
0.092559,-0.47862289874289
0.073385,-0.477944907914167
0.054319,-0.475966800388909
0.035404,-0.472721396898851
0.016686,-0.468244942513912
-0.0017947,-0.462580003535261
-0.019996,-0.455772049043659
-0.037881,-0.447871754259497
-0.055412,-0.438932239579334
-0.072557,-0.429011544497856
-0.089283,-0.418169493449721
-0.10556,-0.406468036249755
-0.12136,-0.393970681409198
-0.13667,-0.38075157159284
-0.15145,-0.366871417302148
-0.1657,-0.352407955334593
-0.17938,-0.337420844648362
-0.19249,-0.321982969004153
-0.20502,-0.306168305863391
-0.21695,-0.290042091788535
-0.22828,-0.273675270554516
-0.239,-0.257133769463428
-0.24911,-0.240484751060798
-0.2586,-0.223786798511365
-0.26747,-0.207096992743061
-0.27573,-0.19047663496436
-0.28338,-0.173980946430232
-0.29042,-0.157658304987687
-0.29686,-0.141557186524547
-0.3027,-0.12571695621567
-0.30795,-0.110175468775404
-0.31263,-0.0949752336799178
-0.31673,-0.0801386844919174
-0.32027,-0.0656931408487332
-0.32326,-0.0516612223613855
-0.3257,-0.0380532590178347
-0.32761,-0.0248836899173916
-0.32901,-0.0121694033341113
-0.32989,9.38295759228307e-05
-0.33027,0.0119054144762015
-0.33015,0.0232761133279008
-0.32956,0.0342037781532793
-0.32848,0.0447132668732345
-0.32694,0.0548139300374373
-0.32495,0.0645174886726117
-0.32249,0.0738597420706791
-0.31959,0.0828582531643791
-0.31625,0.0915378478401938
-0.31246,0.0999361481446714
-0.30824,0.108078092841823
-0.30359,0.115992672118311
-0.29852,0.123704083130492
-0.29302,0.131246887364304
-0.28709,0.138655748655377
-0.28075,0.145949737282977
-0.27399,0.153157027663983
-0.26682,0.160297564227861
-0.25925,0.167384077117319
-0.25126,0.174445257418968
-0.24287,0.181492244569927
-0.23409,0.188529035076098
-0.22491,0.195568434504648
-0.21535,0.202607706696023
-0.20541,0.209646327609526
-0.19509,0.216685444988628
-0.18441,0.22371261614499
-0.17337,0.230719445008716
-0.16198,0.23769351239124
-0.15027,0.244604590748468
-0.13823,0.251438378318767
-0.12588,0.258171526099197
-0.11325,0.26476655711968
-0.10034,0.271197730737163
-0.087182,0.277425753433258
-0.073791,0.283414012145297
-0.06019,0.289123118571222
-0.046401,0.294513268024598
-0.03245,0.299542477591838
-0.018359,0.304171164370967
-0.004158,0.308356922764146
0.010128,0.312060026330983
0.024469,0.315240418616355
0.038839,0.317861974992624
0.053206,0.319888459447295
0.067543,0.321288422023232
0.081818,0.322031641014257
0.096002,0.322092153353078
0.11006,0.321443938841735
0.12397,0.320071503080645
0.1377,0.317961130728111
0.15122,0.315102667378413
0.16449,0.311481980535239
0.1775,0.307104564005935
0.1902,0.301962277676971
0.20258,0.296066051311657
0.2146,0.289419962194248
0.22625,0.28204488580062
0.23748,0.273945329383617
0.24829,0.26514966719045
0.25864,0.255675366074769
0.26851,0.245545596482801
0.27789,0.234795048646958
0.28676,0.223459513973554
0.29509,0.211567431654374
0.30287,0.199155417713451
0.31009,0.186265750994678
0.31673,0.172936782383924
0.32278,0.159210067903166
0.32823,0.145128609052414
0.33308,0.130742769688356
0.33731,0.116092640340372
0.34093,0.101231041488468
0.34393,0.0862047287850701
0.34632,0.0710689649926465
0.34808,0.0558620351104342
0.34924,0.0406442883082567
0.34979,0.0254624506721889
0.34974,0.0103655725233013
0.34911,-0.00458960025116494
0.3479,-0.019356698240709
0.34612,-0.0338918604263356
0.34381,-0.0481325534975855
0.34096,-0.06204015947225
0.33759,-0.0755745346226276
0.33374,-0.0886809585397234
0.3294,-0.101331765467127
0.32462,-0.11347785364063
0.3194,-0.125091522475632
0.31377,-0.136141277924169
0.30775,-0.146601217228577
0.30137,-0.156443649138189
0.29464,-0.165655377662559
0.28759,-0.174220864575846
0.28023,-0.182138297986862
0.27261,-0.189387794703054
0.26472,-0.195980181882049
0.2566,-0.201914149869626
0.24827,-0.207193789451662
0.23975,-0.211827763738905
0.23105,-0.215835901714934
0.22219,-0.219239412658725
0.2132,-0.222052934741144
0.2041,-0.22429305014102
0.19488,-0.225999863704881
0.18559,-0.22718720201799
0.17621,-0.227899271321631
0.16678,-0.228159355480796
0.15731,-0.227995544558454
0.14779,-0.227453915999016
0.13826,-0.226556902301707
0.1287,-0.225351673546275
0.11915,-0.223859708942225
0.10959,-0.22212554661669
0.10004,-0.220181492433395
0.090512,-0.218054974641581
0.081002,-0.215780484382531
0.071517,-0.21338903360574
0.062061,-0.210910088981006
0.052637,-0.208371673462833
0.043249,-0.205798992283575
0.033897,-0.203217084669814
0.024585,-0.200647039192611
0.015311,-0.198110434472977
0.0060798,-0.195623432894295
-0.0031105,-0.1932021411679
-0.012257,-0.190858424497262
-0.021362,-0.188604039866841
-0.030423,-0.186446576372973
-0.039439,-0.184390954325835
-0.048411,-0.182441077066801
-0.057338,-0.180598238523322
-0.066219,-0.178861395571279
-0.075051,-0.17722597784631
-0.083835,-0.175687468171045
-0.09257,-0.174239862796616
-0.10125,-0.172872263737411
-0.10988,-0.171578105741349
-0.11846,-0.170350664600107
-0.12697,-0.16916836078833
-0.13543,-0.168027684849517
-0.14382,-0.16691011698866
-0.15215,-0.16580764409819
-0.1604,-0.164698686897327
-0.16858,-0.163573439804487
-0.17668,-0.162417023601037
-0.1847,-0.161218244137486
-0.19262,-0.159954375343544
-0.20043,-0.158601386351849
-0.20813,-0.157142227443681
-0.21571,-0.155558556566132
-0.22316,-0.153831516837978
-0.23045,-0.151927590047321
-0.23758,-0.149824559741249
-0.24454,-0.147502577538253
-0.2513,-0.144929525225715
-0.25784,-0.142071725831214
-0.26416,-0.138910024018264
-0.27024,-0.135422811934402
-0.27604,-0.131572423738417
-0.28157,-0.127346359718839
-0.28679,-0.122715916093036
-0.29169,-0.117662441822018
-0.29625,-0.112168659077714
-0.30046,-0.106226437844485
-0.30428,-0.0998132432396448
-0.30771,-0.09292529425993
-0.31073,-0.0855594301135426
-0.31332,-0.0777132760207048
-0.31546,-0.0693853453820406
-0.31715,-0.0605898845796944
-0.31836,-0.0513314450083179
-0.3191,-0.0416364009209279
-0.31933,-0.0315112057675605
-0.31907,-0.0209906020230532
-0.31829,-0.0100943688835886
-0.317,0.00114060294975081
-0.31519,0.0126793053972383
-0.31285,0.0244891033870776
-0.31,0.0365179102089239
-0.30662,0.0487288958978078
-0.30274,0.0610615299833027
-0.29834,0.0734747888557894
-0.29345,0.0859075447753156
-0.28806,0.0983137605696075
-0.28221,0.110623926199317
-0.27589,0.122788576240123
-0.26912,0.134753710194152
-0.26193,0.146455927332921
-0.25434,0.157833557235962
-0.24636,0.168835613591235
-0.23801,0.179413978920436
-0.22933,0.18950966005212
-0.22033,0.199078985147289
-0.21104,0.208077361228772
-0.20149,0.216461018563882
-0.1917,0.224195799772309
-0.18169,0.231256612454712
-0.1715,0.237611969075728
-0.16115,0.243241271258774
-0.15067,0.248126265791924
-0.14008,0.252258888401799
-0.12942,0.255625123514462
-0.11869,0.258236514019148
-0.10794,0.260088318479868
-0.097176,0.261195710646505
-0.086434,0.261567681832034
-0.075736,0.261218686658903
-0.065101,0.260169720983633
-0.054556,0.258440860852125
-0.044119,0.256057816146336
-0.033815,0.253045201740747
-0.023663,0.249430726492508
-0.013682,0.245244020390216
-0.0038919,0.240514944720455
0.0056919,0.235276188103047
0.01505,0.229558970033723
0.02417,0.223397723537038
0.033037,0.216826733088629
0.041636,0.209879178087588
0.049958,0.202590876041403
0.057993,0.194998031466214
0.065732,0.187136869510376
0.073166,0.179042578102069
0.080291,0.170752159264218
0.087103,0.162302964020161
0.093596,0.153730005795462
0.099768,0.145068274498164
0.10562,0.13635384653887
0.11115,0.127620300480118
0.11636,0.118901056337673
0.12125,0.110226814435965
0.12582,0.101625029168244
0.13007,0.0931195577173526
0.13402,0.0847452577906238
0.13766,0.0765224882317575
0.14099,0.0684665078237598
0.14403,0.0606025701617053
0.14678,0.0529482552404945
0.14923,0.0455068240770981
0.15141,0.0382992098922737
0.15332,0.0313375865904363
0.15496,0.024626491177894
0.15634,0.0181713196682385
0.15748,0.0119851641002973
0.15837,0.00606455439429375
0.15904,0.000422115878782248
0.15949,-0.00493928617313822
0.15972,-0.0100249332988626
0.15976,-0.014824550681022
0.15961,-0.0193379634066
0.15928,-0.0235659170523364
0.15879,-0.0275026504221636
0.15815,-0.0311448547204839
0.15736,-0.0344988231138524
0.15644,-0.037563774416726
0.15541,-0.0403333746204407
0.15426,-0.0428192819832629
0.15303,-0.0450104860421008
0.1517,-0.0469224707463882
0.1503,-0.0485547897574148
0.14883,-0.0499164500250306
0.1473,-0.0510165270699425
0.14573,-0.0518565923340342
0.14411,-0.0524543757418926
0.14245,-0.0528254356288337
0.14077,-0.0529758287980393
0.13906,-0.0529260133425175
0.13733,-0.0526927531887824
0.13559,-0.0522894123918008
0.13383,-0.0517410560898775
0.13206,-0.0510667263293166
0.13029,-0.0502800903739099
0.12851,-0.0494048754999981
0.12673,-0.0484574561338251
0.12495,-0.047455187238789
0.12316,-0.0464230833928139
0.12136,-0.0453842080220907
0.11956,-0.0443519662222643
0.11776,-0.0433389155476989
0.11595,-0.0423638795764217
0.11413,-0.0414427278731511
0.11231,-0.0405810156561472
0.11047,-0.0397978942561309
0.10863,-0.0390932574124655
0.10677,-0.0384809272775114
0.1049,-0.0379632674629093
0.10302,-0.0375406060037714
0.10112,-0.0372188812746439
0.099202,-0.0369993978947074
0.097272,-0.0368766115958659
0.095326,-0.0368468760125187
0.093366,-0.0369036174338499
0.091391,-0.0370401891101554
0.089402,-0.0372484855015716
0.087401,-0.0375186134987971
0.085387,-0.0378416426448472
0.083362,-0.0382073711294258
0.081327,-0.0386055281925103
0.079281,-0.039027495717085
0.077228,-0.0394624871073007
0.075164,-0.0399041487390533
0.073093,-0.040343942172988
0.071013,-0.0407762302124212
0.068923,-0.0411971308092949
0.066824,-0.0416028156224159
0.064714,-0.0419918393551566
0.06259,-0.0423654799608489
0.060453,-0.0427242470548952
0.0583,-0.0430710039180073
0.056129,-0.0434097234151468
0.053937,-0.0437459346322752
0.051723,-0.0440848204722465
0.049485,-0.0444319072783887
0.047219,-0.0447943462864303
0.044924,-0.0451782019661752
0.042597,-0.0455899871677351
0.040236,-0.0460356641186322
0.037839,-0.0465205880021208
0.035403,-0.0470502118233126
0.032928,-0.0476276891482351
0.030411,-0.0482564348363274
0.027851,-0.0489384810538668
0.025248,-0.0496739256377821
0.022601,-0.0504620145921103
0.01991,-0.0513005569508542
0.017175,-0.0521862309109522
0.014398,-0.0531133820158632
0.011581,-0.0540745960194191
0.008724,-0.0550626888847463
0.0058306,-0.0560681685841562
0.0029029,-0.0570810268405092
-5.6217e-05,-0.0580905141025561
-0.003042,-0.0590841820324853
-0.0060537,-0.060051504682769
-0.0090856,-0.0609801216380376
-0.012135,-0.0618587713710778
-0.015198,-0.0626765153823676
-0.01827,-0.0634224821448852
-0.021348,-0.0640873666848169
-0.024427,-0.064661942399788
-0.027505,-0.0651395632916315
-0.030576,-0.0655129411955244
-0.033636,-0.0657760053952864
-0.036681,-0.0659238922114236
-0.039706,-0.0659521675325833
-0.042706,-0.0658569289052527
-0.045678,-0.0656363529493158
-0.048613,-0.0652859708601049
-0.051509,-0.0648045414281998
-0.054358,-0.0641890840606526
-0.057157,-0.0634390548613981
-0.059897,-0.0625515108079444
-0.062575,-0.0615261469602154
-0.065183,-0.0603611496479015
-0.067716,-0.0590558080084533
-0.070169,-0.0576103686917714
-0.072535,-0.0560244129876559
-0.074809,-0.0542985214286299
-0.076986,-0.0524341076195224
-0.079063,-0.0504347403006677
-0.081033,-0.0483027129719263
-0.082895,-0.0460437044577525
-0.084643,-0.0436623081413858
-0.086276,-0.0411658489035857
-0.087792,-0.0385629464905647
-0.089189,-0.0358630594524379
-0.090465,-0.0330760892593733
-0.091619,-0.0302127820627133
-0.092652,-0.0272857632993601
-0.093564,-0.0243080975318338
-0.094353,-0.0212913686336886
-0.095023,-0.0182500786111644
-0.095571,-0.015195494656576
-0.095999,-0.0121396405398305
-0.09631,-0.009095527522832
-0.096503,-0.00607361136889586
-0.09658,-0.00308417300563446
-0.096542,-0.000136276930326307
-0.096391,0.0027615618443299
-0.096129,0.00560156912987011
-0.095756,0.00837832860173267
-0.095275,0.0110863284665815
-0.094686,0.0137224251833
-0.09399,0.0162848094807496
-0.093189,0.0187721378200306
-0.092284,0.0211842966761525
-0.091275,0.0235229835434437
-0.090165,0.0257891662932965
-0.088952,0.0279869664422216
-0.08764,0.0301185665948598
-0.086229,0.0321875461420598
-0.084717,0.0342000482993278
-0.083108,0.0361597328704112
-0.081403,0.0380704213862999
-0.0796,0.039938217622157
-0.077703,0.0417664964670598
-0.075712,0.0435593253430467
-0.07363,0.0453190199731362
-0.071457,0.0470486527903936
-0.069197,0.0487488735421999
-0.066851,0.0504205831198371
-0.06442,0.0520648607658237
-0.061911,0.0536784616115577
-0.059325,0.0552591721626725
-0.056666,0.056803443114331
-0.053939,0.0583059970546054
-0.051146,0.0597625166887915
-0.048296,0.0611643929526851
-0.04539,0.0625056998085622
-0.042436,0.0637776561838497
-0.03944,0.064970897544004
-0.036408,0.0660758460858173
-0.033347,0.0670822807395065
-0.030264,0.0679797525066729
-0.027167,0.0687571910376364
-0.024064,0.0694033487848418
-0.020962,0.069907909056336
-0.017871,0.0702594026231806
-0.0148,0.0704465217431794
-0.011758,0.0704584400477903
-0.0087535,0.0702854333172551
-0.0057979,0.0699168415147739
-0.0028998,0.069343669887309
-7.0493e-05,0.0685565830555174
0.0026821,0.0675487864629701
0.0053466,0.0663132343651756
0.0079144,0.064844995842425
0.010376,0.0631403972603986
0.012722,0.0611970336327708
0.014945,0.0590151494182422
0.017037,0.0565967586971208
0.018991,0.0539460711680414
0.020799,0.0510682949187006
0.022457,0.0479723380914896
0.023958,0.0446677070956016
0.025298,0.0411664209813234
0.026475,0.0374837407108279
0.027485,0.033635705577225
0.028327,0.029640814135986
0.029002,0.0255205636181499
0.029508,0.0212960966429031
0.02985,0.0169928896251133
0.03003,0.0126370093452177
0.030053,0.00825650390548723
0.029925,0.00388097711798461
0.029654,-0.000458070783061566
0.029249,-0.00472777324770883
0.028718,-0.00889585618847526
0.028073,-0.0129285211914454
0.027327,-0.0167910143404992
0.026491,-0.0204503441613583
0.025578,-0.0238744855979248
0.024606,-0.027029510377894
0.023587,-0.0298854721608487
0.022538,-0.0324129248496793
0.021472,-0.034586773460078
0.020407,-0.0363826192017305
0.019358,-0.0377797206110715
0.018338,-0.0387625518847819
0.017365,-0.039316751548133
0.016452,-0.0394332234972065
0.015612,-0.0391076062874828
0.014862,-0.0383367607532211
0.014209,-0.0371262542463036
0.01367,-0.0354813661193304
0.013253,-0.0334138856841315
0.012967,-0.0309400109595668
0.01282,-0.0280800048390879
0.012819,-0.0248577928358286
0.01297,-0.0213005216627012
0.013276,-0.0174395752282799
0.013738,-0.0133105195181679
0.014359,-0.008949965135018
0.015135,-0.00439963938012416
0.016064,0.00029714923640065
0.017142,0.0050954722958401
0.018361,0.00994734400510067
0.019714,0.0148043696981483
0.021192,0.0196177027572288
0.022782,0.0243365728308573
0.024476,0.0289138350677729
0.026257,0.0333000233814441
0.028113,0.0374489988154286
0.030026,0.0413143041537204
0.031983,0.0448543933064008
0.033967,0.0480300839135486
0.03596,0.050804680685518
0.037945,0.0531455035311043
0.039903,0.0550228080138346
0.041818,0.0564125461969381
0.04367,0.0572932728602508
0.045442,0.0576487637888215
0.047115,0.0574662910114371
0.048671,0.0567373564483609
0.050092,0.0554574259612509
0.05136,0.0536256017868278
0.052459,0.0512457304476831
0.05337,0.0483234592915856
0.05408,0.0448704560430138
0.054571,0.0408994987358825
0.054832,0.0364293439745833
0.054848,0.0314803374790614
0.054607,0.026075988442528
0.0541,0.0202441305688342
0.053316,0.0140140224663511
0.052248,0.00741838415847387
0.05089,0.000492702204496886
0.049235,-0.00672690906000254
0.047283,-0.0141995595230675
0.045029,-0.0218852671279634
0.042476,-0.0297399289349262
0.039624,-0.037719538856781
0.036476,-0.0457791747156922
0.033039,-0.0538714942110665
0.029314,-0.0619530083232209
0.025315,-0.0699750121390069
0.021049,-0.0778912262768649
0.016526,-0.085656519639531
0.01176,-0.0932251350676106
0.0067645,-0.100552623784627
0.0015564,-0.107594504588943
-0.0038488,-0.114308751675707
-0.0094307,-0.120653092562325
-0.015171,-0.126588027975128
-0.021048,-0.132075138460087
-0.027039,-0.137077477454075
-0.03312,-0.141559636031723
-0.039267,-0.14548872359239
-0.045455,-0.148834359185916
-0.051657,-0.151567863812236
-0.057844,-0.153661566247301
-0.063992,-0.155093394296914
-0.070071,-0.155842294320434
-0.076052,-0.155889687104233
-0.081907,-0.155220570647083
-0.087608,-0.15382357059407
-0.093125,-0.15168939968817
-0.098429,-0.148811769865802
-0.10349,-0.145186557605053
-0.10829,-0.140820678358434
-0.11278,-0.13570713544798
-0.11695,-0.129857021371105
-0.12077,-0.123281189442456
-0.12422,-0.115997665135868
-0.12726,-0.108015220111197
-0.12988,-0.099357326767778
-0.13206,-0.090051480681368
-0.13377,-0.0801204721661092
-0.13499,-0.0695902328232113
-0.13572,-0.0585034491126642
-0.13593,-0.0468931020617819
-0.13561,-0.0347983419198263
-0.13475,-0.0222622968518304
-0.13336,-0.00934497507918526
-0.13141,0.00391117581359887
-0.12891,0.0174494429394826
-0.12585,0.0312179800777282
-0.12225,0.0451481458101152
-0.1181,0.0591818853566287
-0.11342,0.0732491820604109
-0.10821,0.0872872107022159
-0.10249,0.101226036445513
-0.096275,0.114995796514405
-0.08958,0.128528818341837
-0.082429,0.141754647147513
-0.074844,0.154604275302134
-0.06685,0.167009843252607
-0.058477,0.17890291694802
-0.049754,0.190217576035702
-0.040713,0.200889902364015
-0.031387,0.21085901698633
-0.021813,0.220065636914313
-0.012026,0.228455323768316
-0.0020635,0.235977662079212
0.0080345,0.242585503633505
0.018229,0.248236868560423
0.02848,0.252894868021998
0.038746,0.25652714075021
0.048987,0.259107496858422
0.059162,0.260615227188864
0.06923,0.261035134127808
0.07915,0.260357399209011
0.088883,0.258578798691754
0.098387,0.255699793613142
0.10763,0.251731680450038
0.11656,0.246679858155505
0.12515,0.240563743986966
0.13337,0.233411724005649
0.14118,0.225251646664027
0.14854,0.216110528315065
0.15544,0.206036484347049
0.16183,0.19506405230199
0.1677,0.183245720909024
0.17303,0.170639854600565
0.17778,0.157293374067308
0.18196,0.143279815055061
0.18554,0.128662709398428
0.18852,0.113518060538026
0.19088,0.0979151013817383
0.19262,0.0819304967501638
0.19375,0.065652155559111
0.19426,0.0491597842592758
0.19416,0.0325389594368203
0.19345,0.0158700784934979
0.19215,-0.000758266907021844
0.19028,-0.0172535549650799
0.18784,-0.0335377029738323
0.18485,-0.0495319638295297
0.18133,-0.0651596037305015
0.1773,-0.0803480365087977
0.17278,-0.0950304650704854
0.1678,-0.10913968267312
0.16238,-0.122617897804627
0.15655,-0.135409632766916
0.15032,-0.147478144045926
0.14372,-0.158788599302034
0.13679,-0.16930186299442
0.12953,-0.17900656681072
0.12199,-0.187877668555347
0.11418,-0.195909954052831
0.10612,-0.203107523320343
0.09784,-0.209475058952527
0.089363,-0.215023311302562
0.080707,-0.219771846274952
0.071896,-0.223742861642502
0.06295,-0.226963491272147
0.053886,-0.229466752237391
0.044726,-0.231286196543262
0.035486,-0.232459676872984
0.026185,-0.233025567963518
0.01684,-0.233023360683607
0.0074664,-0.232493771185324
-0.0019186,-0.231476239832973
-0.011299,-0.23000912535733
-0.02066,-0.228129849573136
-0.029986,-0.225873522946545
-0.039263,-0.223273638499593
-0.048475,-0.220359980114474
-0.057609,-0.217160703902484
-0.066649,-0.213699597088922
-0.075579,-0.20999618067702
-0.084386,-0.20606810485581
-0.093054,-0.201928679343603
-0.10157,-0.197589425398662
-0.10991,-0.193051818210398
-0.11807,-0.188323816717488
-0.12603,-0.183406397449846
-0.13378,-0.178302119272095
-0.14129,-0.172999799409389
-0.14856,-0.167499504469259
-0.15556,-0.161788036633181
-0.16228,-0.155856512889832
-0.16871,-0.149699641980739
-0.17483,-0.143307672827571
-0.18062,-0.136667427388973
-0.18608,-0.129778025581989
-0.19117,-0.122618879504111
-0.19591,-0.115198379935607
-0.20026,-0.107503648357323
-0.20421,-0.0995271623775383
-0.20776,-0.0912732848840715
-0.21089,-0.082741048427099
-0.2136,-0.073940008677137
-0.21586,-0.0648657677659198
-0.21767,-0.0555249801388005
-0.21902,-0.045925635227365
-0.2199,-0.0360765923900077
-0.2203,-0.0259871788197516
-0.22022,-0.015674245611566
-0.21964,-0.00514546721095106
-0.21856,0.00558430688001665
-0.21698,0.0164948575257001
-0.2149,0.0275621896746665
-0.21229,0.0387821156939634
-0.20918,0.0501222029346259
-0.20554,0.0615725338111363
-0.20138,0.0731120817189289
-0.19671,0.084711495669614
-0.19151,0.0963577492166195
-0.1858,0.108021827655318
-0.17957,0.119684881258451
-0.17283,0.131322066870897
-0.16558,0.142911880587931
-0.15782,0.154436205571132
-0.14956,0.165872877855307
-0.14081,0.177197198886101
-0.13158,0.188383221650814
-0.12188,0.199404825328951
-0.11171,0.21024399232764
-0.10109,0.22087509268234
-0.090031,0.231273867305674
-0.078551,0.241412799694389
-0.066665,0.251264871380602
-0.054389,0.260803623345177
-0.041747,0.269998020702506
-0.028759,0.278817311766257
-0.015448,0.287229765622645
-0.0018399,0.295201762281948
0.012038,0.302698224690062
0.026157,0.30968301226402
0.040489,0.316120754168239
0.054999,0.321972769759287
0.069655,0.327201197100091
0.08442,0.331766391479022
0.09926,0.335630802450596
0.11413,0.33875169947475
0.129,0.34109468261756
0.14383,0.342625879060584
0.15857,0.343305650456736
0.17318,0.343098464147565
0.18761,0.341965955473777
0.20184,0.33989100564807
0.2158,0.336837440228049
0.22946,0.332784603586331
0.24277,0.327710442942233
0.25569,0.321600104171291
0.26817,0.314437875955847
0.28017,0.306215505229649
0.29165,0.296931303047594
0.30256,0.286581849641958
0.31287,0.275177527418908
0.32253,0.262725084062354
0.33151,0.2492432395436
0.33977,0.234752745269335
0.34727,0.21927569288168
0.35398,0.202842288949439
0.35987,0.185488683418563
0.3649,0.167247641031995
0.36905,0.148163263980055
0.3723,0.128287743054009
0.37461,0.107663707008917
0.37597,0.0863471824750538
0.37636,0.0643961324316199
0.37575,0.0418611346526432
0.37415,0.0188150002423936
0.37153,-0.00468312978536756
0.36788,-0.0285720304021361
0.36321,-0.0527757916909818
0.3575,-0.0772310510469704
0.35075,-0.10187167549799
0.34298,-0.126616524336904
0.33418,-0.151396978308977
0.32436,-0.176141858748401
0.31353,-0.200780169272066
0.30171,-0.225235929563792
0.28892,-0.249431559651789
0.27517,-0.273298070840604
0.2605,-0.296753500978609
0.24491,-0.319737666646677
0.22845,-0.34217306921575
0.21115,-0.36398562415175
0.19303,-0.385113895725769
0.17414,-0.405486653456011
0.15452,-0.425034631726037
0.1342,-0.443699965341031
0.11324,-0.461413930753992
0.09168,-0.478116272850764
0.069568,-0.493749858643305
0.046957,-0.508258516657278
0.023902,-0.521587490852871
0.00045745,-0.533685655383962
-0.023317,-0.544502952376544
-0.047362,-0.553992364468606
-0.071617,-0.562110312382062
-0.096018,-0.568815217470447
-0.1205,-0.574068095849511
-0.145,-0.577835180120487
-0.16945,-0.580084711082897
-0.19379,-0.580793904434381
-0.21794,-0.57993361042518
-0.24183,-0.577478282105471
-0.26541,-0.573421295291015
-0.2886,-0.567749817970328
-0.31132,-0.560446880446315
-0.33352,-0.551515308246495
-0.35512,-0.540952106406717
-0.37606,-0.528764923276417
-0.39628,-0.514970224610768
-0.4157,-0.499576775641414
-0.43427,-0.48260947164204
-0.45193,-0.464098513025502
-0.46861,-0.444070513923717
-0.48426,-0.422563574951598
-0.49883,-0.399624306613331
-0.51226,-0.375297780040828
-0.52452,-0.349649010728076
-0.53554,-0.322727943187289
-0.5453,-0.294608137023803
-0.55376,-0.265365519262536
-0.56087,-0.235068551644767
-0.56662,-0.203807422157442
-0.57097,-0.171665192093779
-0.57389,-0.138724259382759
-0.57539,-0.105093718899949
-0.57542,-0.0708567200547639
-0.574,-0.0361248045044174
-0.5711,-0.000992159200453256
-0.56673,0.0344342867562397
-0.56089,0.0700479680588537
-0.55358,0.105745883469419
-0.54481,0.141423737819219
-0.53459,0.176979501306998
-0.52293,0.212316261260898
-0.50987,0.247322236009192
-0.49541,0.28190685356864
-0.47958,0.315977546439219
-0.46242,0.349435926120433
-0.44395,0.382197054755819
-0.42421,0.414175069035051
-0.40324,0.445286429409567
-0.38108,0.475452488372542
-0.35778,0.504594047589832
-0.33339,0.532634386346403
-0.30796,0.559501641127453
-0.28155,0.585123204810425
-0.25422,0.60942862628433
-0.22603,0.632351888395571
-0.19705,0.65382573056844
-0.16735,0.673784494641614
-0.13701,0.692158971367676
-0.10609,0.708894521006948
-0.074689,0.723921659922349
-0.042876,0.737183760887989
-0.01074,0.748622055651152
0.021631,0.758179130292307
0.054154,0.765804654498402
0.086734,0.771447235153241
0.11928,0.775059700612934
0.15171,0.77660693737506
0.18393,0.776056355227797
0.21584,0.773374558388024
0.24736,0.768543890407451
0.2784,0.761553157418622
0.30886,0.752389962922498
0.33866,0.741056716292278
0.36772,0.727568332772533
0.39595,0.71194263245379
0.42328,0.694214675712929
0.44961,0.674410845086972
0.47489,0.652587300107131
0.49903,0.628793588197683
0.52197,0.603095208660427
0.54364,0.575561738986522
0.56399,0.546279292188244
0.58296,0.515337880112223
0.60048,0.482821058150965
0.61653,0.448842048040517
0.63105,0.413505457767309
0.64402,0.376935754687603
0.65538,0.339240452189353
0.66513,0.30055476332356
0.67323,0.261002841617528
0.67967,0.220718532859027
0.68445,0.17984698333197
0.68755,0.138523391456307
0.68897,0.0968856477214254
0.68872,0.0550769840722419
0.68682,0.0132479145807325
0.68327,-0.0284646360272045
0.6781,-0.0699168878821204
0.67134,-0.110964150923825
0.66302,-0.151465685917925
0.65316,-0.191295970483816
0.64183,-0.230309057251705
0.62905,-0.268384370069328
0.61488,-0.305396429453684
0.59937,-0.341227596593628
0.58258,-0.375763368768073
0.56457,-0.408895922843357
0.54541,-0.440519415470366
0.52515,-0.470548344153847
0.50388,-0.498887451190172
0.48165,-0.525466886494293
0.45855,-0.55021071505098
0.43465,-0.573056058107996
0.41002,-0.593953370365926
0.38474,-0.612858907376574
0.35889,-0.629735871899844
0.33255,-0.644555121411558
0.30579,-0.657302900213182
0.2787,-0.667964445947302
0.25134,-0.676547738013783
0.2238,-0.683057625197304
0.19615,-0.687511980832004
0.16847,-0.689932135930522
0.14082,-0.690357210937995
0.11329,-0.688818164319937
0.085938,-0.685362875251521
0.058838,-0.680040352720596
0.032054,-0.672907146040371
0.0056542,-0.664021743597183
-0.020299,-0.653447335768288
-0.045747,-0.641252372830534
-0.070628,-0.627505635698144
-0.09489,-0.61228180344329
-0.11848,-0.595657736876036
-0.14134,-0.57770640571565
-0.16343,-0.558509042478691
-0.18471,-0.538151356995927
-0.20512,-0.516705523381546
-0.22465,-0.494267727441989
-0.24324,-0.47091379950084
-0.26087,-0.446730497771644
-0.27751,-0.421803407273623
-0.29313,-0.396214575179494
-0.30771,-0.370048048249618
-0.32124,-0.343394248340085
-0.33369,-0.316331113113715
-0.34505,-0.288938764417558
-0.35532,-0.261303845981394
-0.36448,-0.233500640873255
-0.37254,-0.20561312606824
-0.37948,-0.177708095454388
-0.38532,-0.149865694803807
-0.39006,-0.122159295380518
-0.3937,-0.0946542290844009
-0.39626,-0.0674217505383445
-0.39775,-0.0405279420651937
-0.39819,-0.0140396933352677
-0.39759,0.0119853003702755
-0.39598,0.0374841782917557
-0.39338,0.0623996626184894
-0.38982,0.0866737816994302
-0.38533,0.11025022375217
-0.37994,0.13307618679266
-0.37369,0.155096378997664
-0.36661,0.176263034169257
-0.35873,0.196536390955488
-0.35012,0.215855280301609
-0.34079,0.234187917954319
-0.3308,0.251490720697363
-0.3202,0.26771978934237
-0.30903,0.282840150582972
-0.29734,0.296818176181148
-0.28518,0.309622824825927
-0.2726,0.321226560794624
-0.25966,0.331598591053467
-0.2464,0.340721670239376
-0.23288,0.348575696967752
-0.21916,0.355139340695646
-0.20528,0.360406153750566
-0.19131,0.364360175520499
-0.17729,0.367000871614919
-0.16327,0.368333230274176
-0.14931,0.368359619031389
-0.13546,0.367088048886006
-0.12176,0.364538660753086
-0.10827,0.360726426648663
-0.095018,0.3556857699545
-0.082062,0.349444018136341
-0.069437,0.342039354146627
-0.057182,0.333514994343572
-0.045333,0.3239195088854
-0.033925,0.313305421336501
-0.02299,0.301729414174549
-0.012557,0.289252342933637
-0.0026547,0.275937098239214
0.006692,0.261849373008959
0.01546,0.247056683505848
0.023629,0.231628228283102
0.031179,0.215632837770995
0.038095,0.199140764219749
0.044361,0.182220608686312
0.049967,0.164942025313645
0.0549,0.147371180201282
0.059154,0.129574543200803
0.062722,0.111615987731238
0.0656,0.0935574511024356
0.067786,0.0754587514113709
0.06928,0.0573774728756943
0.070083,0.0393681725653225
0.070199,0.0214832824286856
0.069633,0.00377239921280225
0.068392,-0.0137174846670109
0.066485,-0.0309417348427795
0.063921,-0.047859299230757
0.060712,-0.0644313856661336
0.056873,-0.0806203369503564
0.052414,-0.0963946087659699
0.047356,-0.111720786060634
0.041714,-0.126569762911137
0.035508,-0.140913466909919
0.028758,-0.154725881920067
0.021487,-0.167981589094194
0.013717,-0.180657522321407
0.0054759,-0.192729206416451
-0.0032128,-0.204175366656201
-0.012318,-0.214972673075406
-0.021813,-0.225100420622497
-0.031666,-0.234537194669088
-0.041845,-0.243261814580832
-0.052317,-0.251253484295166
-0.063046,-0.258490413553441
-0.073998,-0.264952419959835
-0.085136,-0.270619277565295
-0.096422,-0.275470857863325
-0.10782,-0.279489451343585
-0.11928,-0.282649733196919
-0.13077,-0.284934530370381
-0.14226,-0.286335482587288
-0.15368,-0.286822280316674
-0.16501,-0.286384987781526
-0.17621,-0.285015851220184
-0.18722,-0.282694581901165
-0.19801,-0.279413781842783
-0.20854,-0.275169512336037
-0.21876,-0.269953600681448
-0.22863,-0.263762326300802
-0.23811,-0.256595898212247
-0.24716,-0.248457924348136
-0.25574,-0.239354884520125
-0.26382,-0.229303015223398
-0.27135,-0.218311403319342
-0.2783,-0.206398108079907
-0.28464,-0.19358811159707
-0.29033,-0.179904076490727
-0.29535,-0.165381122265875
-0.29966,-0.150048804740835
-0.30324,-0.13394629450948
-0.30606,-0.11711214498407
-0.3081,-0.099590828304136
-0.30934,-0.0814304252920279
-0.30976,-0.0626806425690367
-0.30934,-0.0433911401783474
-0.30807,-0.0236175488184231
-0.30594,-0.00341874062788186
-0.30293,0.0171528807444279
-0.29904,0.038036885302548
-0.29426,0.059175559775809
-0.2886,0.0805003320742413
-0.28204,0.101958119721362
-0.2746,0.123480423646724
-0.26628,0.145003219590787
-0.25709,0.166460706181142
-0.24704,0.187787736952308
-0.23615,0.208914390318709
-0.22442,0.229783929289625
-0.21187,0.250337379354245
-0.19854,0.270501174833617
-0.18443,0.290221964052345
-0.16958,0.309434990356683
-0.154,0.328090696439199
-0.13774,0.346124009982093
-0.1208,0.363496566794627
-0.10323,0.380156101257614
-0.08506,0.396055854423845
-0.066318,0.411156755618843
-0.047042,0.425420112781736
-0.027265,0.438812803901699
-0.0070242,0.451304507101581
0.013642,0.462867607589571
0.034698,0.473480000711541
0.056102,0.48312054065354
0.077817,0.491773468909003
0.099802,0.499425319560038
0.12202,0.506068266185169
0.14442,0.51168933991069
0.16697,0.516286256655803
0.18962,0.51985251062362
0.21234,0.522393555335268
0.23508,0.523909929482588
0.2578,0.524405948331379
0.28045,0.523881789439729
0.303,0.522349385888746
0.32539,0.519807928971418
0.34759,0.516268805750201
0.36956,0.511745777216114
0.39125,0.506246984511462
0.41261,0.499776017965771
0.43361,0.492347663804686
0.45421,0.483978105875637
0.47436,0.474676977717273
0.49402,0.464455893039345
0.51315,0.453327853717126
0.53172,0.441314121365562
0.54967,0.428419942842694
0.56698,0.41466715252526
0.58361,0.400075631283011
0.59951,0.384655799615296
0.61466,0.368432375152627
0.62901,0.351418762843218
0.64254,0.333641072715648
0.65521,0.315120155419236
0.66698,0.295872039058804
0.67783,0.275923180067376
0.68773,0.255300290636472
0.69664,0.234022123643592
0.70455,0.212122625479287
0.71141,0.189617419891658
0.71721,0.166536423676805
0.72192,0.142905375620665
0.72553,0.118760639592679
0.728,0.0941238677723996
0.72932,0.0690263211113008
0.72947,0.0434986253713771
0.72844,0.0175773201193948
0.72621,-0.00870481804269064
0.72277,-0.0353116974063198
0.71811,-0.0622057010545877
0.71222,-0.0893491789479588
0.7051,-0.116698266516697
0.69674,-0.144212866329784
0.68713,-0.171857215335491
0.67629,-0.199578056127929
0.66422,-0.227324479508842
0.65091,-0.255056472658345
0.63638,-0.28272196768977
0.62065,-0.3102608528623
0.60371,-0.337630610203835
0.5856,-0.364767377079236
0.56633,-0.391614296465063
0.54591,-0.418122010030935
0.52438,-0.444226697976048
0.50176,-0.469869743903608
0.47808,-0.494991273223246
0.45337,-0.519532394152252
0.42766,-0.543436994605622
0.401,-0.566638339835935
0.37341,-0.589085536770914
0.34494,-0.610720093956779
0.31563,-0.631486824614286
0.28553,-0.651327760832583
0.25468,-0.670192122316018
0.22313,-0.688029382828095
0.19093,-0.704791079737352
0.15814,-0.72042482405988
0.12481,-0.734884366510276
0.090982,-0.748136078253928
0.056726,-0.760137228683042
0.022095,-0.770851988907169
-0.012853,-0.780247871343126
-0.048058,-0.788294989922044
-0.083461,-0.794967607232524
-0.119,-0.800242305861122
-0.15461,-0.804096441837378
-0.19024,-0.806519438449304
-0.22582,-0.807497157877521
-0.26129,-0.807020828146408
-0.29659,-0.805086681459393
-0.33165,-0.801688117951103
-0.36642,-0.796831628935965
-0.40083,-0.790519687181703
-0.43482,-0.782759225286586
-0.46833,-0.773560929042106
-0.5013,-0.762938547310446
-0.53367,-0.750908230556195
-0.56539,-0.737495305945973
-0.59639,-0.722717285262403
-0.62662,-0.706599923902337
-0.65603,-0.689175129417321
-0.68455,-0.670464298647475
-0.71214,-0.650502106142415
-0.73875,-0.629325723051601
-0.76432,-0.60696603967239
-0.78881,-0.583462907781311
-0.81217,-0.558854977799743
-0.83436,-0.533186306861353
-0.85534,-0.506504122003001
-0.87506,-0.478849511807845
-0.89349,-0.450272239804984
-0.91059,-0.420820244887658
-0.92633,-0.390545995133425
-0.94068,-0.359504069765121
-0.95361,-0.327749131476073
-0.9651,-0.295341660291232
-0.97512,-0.262337607098883
-0.98365,-0.22879493652731
-0.99068,-0.194778822934184
-0.9962,-0.16035823820298
-1,-0.125455121223522
-1,-0.0884909533274584
-1,-0.0510667015771706
-1,-0.0144949326916512
-1,0.0201761598736448
-0.9971,0.054283672622093
-0.99189,0.088473858302723
-0.98517,0.12266677832265
-0.97695,0.156784481992709
-0.96725,0.190745545787894
-0.95609,0.224468198603115
-0.94349,0.257872887929981
-0.92948,0.290876933143952
-0.91409,0.323397726989354
-0.89734,0.355362744003001
-0.87927,0.386695194052546
-0.85991,0.417324786275801
-0.83932,0.447166670174605
-0.81751,0.47616402782084
-0.79453,0.504255140519304
-0.77044,0.531369179602379
-0.74527,0.557452632521399
-0.71908,0.582445788761978
-0.6919,0.606308337191758
-0.6638,0.628987725338743
-0.63483,0.650438346257276
-0.60504,0.670622020967906
-0.57448,0.68950819694685
-0.54322,0.707059110806846
-0.51131,0.723247583528818
-0.47881,0.738048886513244
-0.44578,0.751441507098812
-0.41228,0.763407663489728
-0.37838,0.773926206103947
-0.34413,0.78298914981546
-0.30959,0.790592453403853
-0.27483,0.796728466752355
-0.23991,0.801394698124388
-0.20489,0.804593323739018
-0.16983,0.806330649424832
-0.13479,0.80661654453724
-0.099834,0.805460906489539
-0.065012,0.802884094354701
-0.030384,0.79890729032469
0.0039963,0.793556736882679
0.038075,0.786862180094633
0.071799,0.778856231349912
0.10512,0.769576703162544
0.13799,0.759064995446272
0.17037,0.747371103766439
0.2022,0.734535208404386
0.23346,0.720618166237505
0.26409,0.705666347030218
0.29407,0.68974279950984
0.32336,0.67290752367831
0.35193,0.655223804989778
0.37974,0.63674839868168
0.40676,0.61753853804119
0.43298,0.597664932602598
0.45837,0.577192287753779
0.4829,0.556178518060587
0.50656,0.534689041844439
0.52933,0.512785893773035
0.55118,0.490519010498699
0.57212,0.467956472161096
0.59211,0.445141824462716
0.61116,0.422134257264051
0.62925,0.398981395876937
0.64638,0.375734643746564
0.66253,0.352431849989329
0.67771,0.32912066201428
0.69191,0.305840109983022
0.70512,0.282620777503541
0.71735,0.259499943689708
0.72859,0.236504035093672
0.73885,0.213664353839692
0.74812,0.191000048062678
0.75642,0.168541691229375
0.76374,0.146305625854431
0.77008,0.124303246476126
0.77547,0.102563411163973
0.77989,0.0810909067148631
0.78336,0.0599001706440087
0.78589,0.0390052513167154
0.78748,0.018411749114894
0.78816,-0.00185986117506025
0.78792,-0.0218075721938554
0.78679,-0.041415056261343
0.78478,-0.0606699722748818
0.7819,-0.0795638068927449
0.77817,-0.098084244453632
0.7736,-0.116223896055427
0.76823,-0.133957607832967
0.76206,-0.151276389236399
0.75511,-0.168169960214088
0.74742,-0.184612716380379
0.73899,-0.200597175816252
0.72985,-0.21610869484357
0.72004,-0.231120064282855
0.70956,-0.245624447292158
0.69845,-0.259602235186003
0.68673,-0.27303904192647
0.67443,-0.285917875474763
0.66158,-0.29822029054094
0.6482,-0.309934748796374
0.63432,-0.32104838859436
0.61997,-0.331547821034545
0.60518,-0.341419779167413
0.58998,-0.350651634100509
0.57439,-0.359239189716498
0.55846,-0.367163159873394
0.54219,-0.374429763190749
0.52564,-0.381021422356176
0.50882,-0.386938995614749
0.49176,-0.392183556645711
0.4745,-0.396749100730552
0.45705,-0.400646420736489
0.43945,-0.403877534229555
0.42173,-0.406444872942017
0.4039,-0.408366059479721
0.386,-0.409648438726142
0.36805,-0.410305782413041
0.35006,-0.410364174774466
0.33207,-0.40983684459661
0.31409,-0.408748568292309
0.29614,-0.40712543601677
0.27825,-0.404986554796197
0.26042,-0.402367104544068
0.24267,-0.399299511138142
0.22502,-0.395813118880807
0.20747,-0.391948772762874
0.19005,-0.387733273534486
0.17276,-0.38320350508915
0.15561,-0.378396014280812
0.1386,-0.373353401755392
0.12175,-0.368107107671608
0.10506,-0.362693386445989
0.088533,-0.357149026848495
0.072171,-0.351510835909737
0.055975,-0.345815207627306
0.039947,-0.340096291844047
0.024085,-0.334388260135071
0.00839,-0.328721941596233
-0.0071436,-0.323129287508653
-0.022517,-0.317638796456473
-0.037735,-0.312277826151083
-0.052802,-0.307071521170985
-0.067723,-0.302042741713691
-0.082504,-0.297212358426115
-0.097149,-0.292597321627358
-0.11167,-0.288216604024442
-0.12606,-0.284075970816589
-0.14034,-0.280190810724499
-0.1545,-0.276560658130428
-0.16856,-0.273194194470018
-0.18252,-0.270092191919674
-0.19638,-0.267248776818785
-0.21015,-0.264660023621756
-0.22383,-0.262316055286265
-0.23742,-0.26020224307318
-0.25094,-0.258315107222135
-0.26437,-0.256630490343479
-0.27772,-0.25513022761273
-0.29099,-0.253793919219858
-0.30418,-0.252599781315985
-0.31729,-0.251525389390176
-0.33032,-0.25054831658071
-0.34327,-0.249646670811517
-0.35613,-0.248792137726996
-0.3689,-0.247959348750399
-0.38157,-0.247118581682367
-0.39415,-0.246252201365162
-0.40661,-0.24532324096337
-0.41897,-0.244317159436615
-0.4312,-0.243200972666377
-0.44331,-0.241957373955302
-0.45527,-0.240552668300746
-0.46709,-0.238970535052238
-0.47875,-0.237187030000891
-0.49023,-0.235172835028753
-0.50154,-0.232917402422081
-0.51264,-0.230388773426888
-0.52353,-0.227568314925369
-0.5342,-0.22444139534662
-0.54462,-0.220982383025715
-0.55478,-0.21717242106307
-0.56467,-0.212998789560766
-0.57427,-0.20844684706305
-0.58356,-0.203500980936819
-0.59252,-0.198145393598921
-0.60113,-0.192364738680835
-0.60938,-0.186152019366836
-0.61724,-0.179492551561516
-0.6247,-0.172380818349092
-0.63173,-0.164804227691886
-0.63832,-0.156759786040668
-0.64445,-0.148245096930904
-0.6501,-0.139258484702095
-0.65525,-0.129799065688904
-0.65987,-0.11985937743744
-0.66396,-0.109449183373757
-0.66749,-0.0985698341951618
-0.67044,-0.0872233971545809
-0.67279,-0.0754125818743769
-0.67453,-0.06314805284279
-0.67564,-0.0504393197180556
-0.6761,-0.0372948104999295
-0.67591,-0.0237367381210269
-0.67503,-0.00976833857694596
-0.67347,0.00458549545520537
-0.6712,0.0193126034211773
-0.66823,0.0343817825301454
-0.66453,0.0497768557761702
-0.6601,0.065471985298211
-0.65493,0.0814416302030735
-0.64901,0.0976611803805387
-0.64235,0.114092666747292
-0.63494,0.130703184911561
-0.62677,0.147464840619264
-0.61784,0.164347207693969
-0.60816,0.181311330270408
-0.59772,0.198327308898147
-0.58653,0.215358674194002
-0.57459,0.232372168639599
-0.5619,0.249338165940178
-0.54848,0.266216138475551
-0.53433,0.282972819036041
-0.51945,0.299581873461861
-0.50386,0.316008684100082
-0.48758,0.332213095507171
-0.47061,0.348166566081283
-0.45298,0.363828724480595
-0.43469,0.379173168104527
-0.41578,0.394156128515613
-0.39625,0.408750841937832
-0.37614,0.422915648385427
-0.35547,0.436613049537934
-0.33426,0.449810172212845
-0.31255,0.4624642420907
-0.29036,0.474540720553624
-0.26772,0.486005529324982
-0.24467,0.496818781759157
-0.22124,0.506944674122774
-0.19745,0.516359360600261
-0.17335,0.525027417845529
-0.14897,0.53292015444935
-0.12434,0.540015400340733
-0.099506,0.546285340072037
-0.074494,0.551713475770916
-0.049344,0.556282857688397
-0.024092,0.559979920715996
0.0012286,0.562796444613554
0.02658,0.564725810762042
0.051928,0.565765849482778
0.077237,0.565917308216961
0.10247,0.565182526434596
0.1276,0.563572741614377
0.15259,0.561098939522102
0.17741,0.557777039990755
0.20201,0.553611952440779
0.22639,0.548636759076444
0.25049,0.542862192817951
0.2743,0.536317829036722
0.29779,0.529032997216381
0.32092,0.521028779147823
0.34367,0.512333926863763
0.36601,0.502975280132521
0.38792,0.492984864966877
0.40938,0.482398063271625
0.43036,0.471244633260172
0.45084,0.459556382442805
0.4708,0.447365878515774
0.49022,0.434705372012433
0.50909,0.421613314375273
0.52737,0.408109846534652
0.54506,0.394229265927453
0.56215,0.380008835580752
0.57861,0.365472285688921
0.59443,0.350646428114364
0.60962,0.335574456906263
0.62414,0.32027447005285
0.638,0.30478063236195
0.65118,0.289116754028229
0.66368,0.27331224219427
0.67549,0.257392615670896
0.6866,0.241379351933367
0.697,0.22528985894948
0.70669,0.209144950273364
0.71567,0.192967389551189
0.72391,0.176758478768786
0.73142,0.160531509347708
0.7382,0.144301439795295
0.74423,0.128069152169017
0.74952,0.111846109252943
0.75405,0.0956295845948384
0.75783,0.0794274532945606
0.76085,0.0632409288139392
0.7631,0.0470656263075313
0.76459,0.0309073639387944
0.76532,0.0147724649709024
0.76528,-0.00134005680760893
0.76447,-0.0174298113220194
0.7629,-0.0334880583861879
0.76057,-0.0495070791078745
0.75748,-0.0654802980077427
0.75363,-0.0814023511834289
0.74903,-0.0972617104087221
0.74368,-0.113049684014434
0.73759,-0.128752802253504
0.73076,-0.144361595802392
0.7232,-0.159862775738682
0.71491,-0.175247824071689
0.70591,-0.190497605283039
0.69619,-0.20560721933802
0.68577,-0.220561291836237
0.67467,-0.235336517164363
0.66287,-0.249933494906373
0.6504,-0.264335219367169
0.63727,-0.27852585193951
0.62349,-0.292491019691233
0.60906,-0.306225422917447
0.594,-0.319716550861796
0.57833,-0.332946532442262
0.56205,-0.345908553289628
0.54519,-0.35858282498347
0.52775,-0.370961930410915
0.50976,-0.383026554691248
0.49123,-0.394763214910431
0.47217,-0.406163607763634
0.45261,-0.417209164211673
0.43257,-0.427881049787109
0.41206,-0.438168230146523
0.39111,-0.448051589546777
0.36974,-0.457513529167692
0.34797,-0.46653826763652
0.32582,-0.47511204320497
0.30333,-0.483208433677453
0.2805,-0.4908212288059
0.25738,-0.497923843192401
0.23397,-0.5045110968045
0.21032,-0.510558374397055
0.18644,-0.5160557798979
0.16237,-0.520983508208016
0.13812,-0.525336635380174
0.11372,-0.529107737004416
0.089207,-0.532282559490356
0.064598,-0.53485666738853
0.039923,-0.536824199000473
0.015206,-0.538182893453155
-0.0095274,-0.538932422638972
-0.03425,-0.539072991608494
-0.058938,-0.538607886849924
-0.083567,-0.537542484250523
-0.10811,-0.535881907539446
-0.13255,-0.533638456655096
-0.15686,-0.530822607882911
-0.18101,-0.527440970819004
-0.20499,-0.523511736805376
-0.22878,-0.519054635048305
-0.25234,-0.514075388684128
-0.27567,-0.508597903465837
-0.29874,-0.502637957463329
-0.32153,-0.496211779816613
-0.34402,-0.489335536802438
-0.36619,-0.482024906773954
-0.38803,-0.474302135997734
-0.40951,-0.466179357435265
-0.43061,-0.457667580138993
-0.45133,-0.44879134826503
-0.47163,-0.439555826855341
-0.49149,-0.429965136593284
-0.51091,-0.420037146813805
-0.52986,-0.409778069812825
-0.54832,-0.39919186650741
-0.56627,-0.388280479229916
-0.58368,-0.377036674121126
-0.60055,-0.365468096890805
-0.61684,-0.353564512904031
-0.63255,-0.341331041460997
-0.64764,-0.328755379485719
-0.66209,-0.315826216653981
-0.6759,-0.302548057461988
-0.68902,-0.288901003500316
-0.70146,-0.274890333288054
-0.71317,-0.260497065062876
-0.72416,-0.245727504789249
-0.73439,-0.230571176554228
-0.74385,-0.215026528654928
-0.75252,-0.199091837000432
-0.76039,-0.182772681464218
-0.76743,-0.166065597347004
-0.77364,-0.148982113317095
-0.77899,-0.13152336174085
-0.78348,-0.113704261258888
-0.78709,-0.0955356670425393
-0.7898,-0.0770248776293952
-0.79162,-0.0581983145907841
-0.79253,-0.039074931516305
-0.79253,-0.0196819492133575
-0.7916,-3.7721560106522e-05
-0.78975,0.0198248782542923
-0.78697,0.0398769765419255
-0.78326,0.0600863445841236
-0.77861,0.080426371231273
-0.77304,0.100853580248746
-0.76655,0.121326935889708
-0.75913,0.141815960255783
-0.7508,0.162277446572791
-0.74156,0.182674016380619
-0.73142,0.202966751433451
-0.72039,0.223116711450081
-0.70848,0.243086173040309
-0.69571,0.262832214960743
-0.68208,0.282323884902741
-0.66761,0.301526159164532
-0.65232,0.320401924372926
-0.63622,0.338921029610359
-0.61934,0.357045222839851
-0.60168,0.374753208371735
-0.58328,0.392008638849278
-0.56415,0.408786482424457
-0.54431,0.425064397832562
-0.52379,0.440815720304087
-0.50261,0.456018707800325
-0.4808,0.470649070419977
-0.45838,0.484688806156332
-0.43538,0.498118365128237
-0.41182,0.510925164295239
-0.38773,0.523095473201193
-0.36315,0.534607894639704
-0.3381,0.545450483242721
-0.3126,0.55561950373694
-0.2867,0.565096027194619
-0.26042,0.573871821246447
-0.2338,0.581932947716999
-0.20686,0.589276271579472
-0.17964,0.595892895996942
-0.15218,0.6017697421111
-0.12451,0.606898310804822
-0.096672,0.611265347300161
-0.068695,0.614863924769265
-0.04062,0.617683718216576
-0.012485,0.619714342041171
0.01567,0.620944334688318
0.043806,0.621362581410424
0.071884,0.620958708200391
0.099861,0.619720418238077
0.1277,0.617638787362767
0.15535,0.61469764886773
0.18278,0.610890368510418
0.20995,0.606211670795515
0.2368,0.600642879208498
0.26331,0.594184734599179
0.28942,0.586824175402967
0.3151,0.578559692837738
0.3403,0.569384480479449
0.36498,0.559295176850044
0.38911,0.548298818065457
0.41264,0.536395984162501
0.43553,0.523589560605285
0.45774,0.509884330715225
0.47925,0.495301387037864
0.5,0.479844942705714
0.51998,0.463542569079706
0.53914,0.446410443471242
0.55745,0.428469997459867
0.57489,0.409753781663962
0.59142,0.390287705364276
0.60703,0.370113855542631
0.62167,0.349256674496563
0.63534,0.327762697042852
0.64802,0.30568021474478
0.65967,0.283042822237489
0.67029,0.25990087616175
0.67987,0.236309415490263
0.68838,0.212310890465983
0.69581,0.187951116134802
0.70217,0.163292018051232
0.70744,0.138384495143384
0.71162,0.1132837878127
0.7147,0.0880395320954751
0.71669,0.0627100550686032
0.71758,0.0373440668027809
0.71738,0.0119957169697917
0.7161,-0.0132782216313048
0.71374,-0.0384281004376116
0.71032,-0.0633968974198272
0.70584,-0.0881383236317314
0.70032,-0.112601569870469
0.69377,-0.136741332591111
0.68621,-0.160510968184805
0.67767,-0.183857016338217
0.66816,-0.206737153268816
0.6577,-0.229112196937756
0.64632,-0.250939592751235
0.63405,-0.272175643812961
0.62092,-0.292777334503739
0.60694,-0.312718579820415
0.59216,-0.331958514019658
0.5766,-0.35046808179305
0.5603,-0.368214175694551
0.5433,-0.385161744696554
0.52562,-0.401290328310626
0.50731,-0.416570024123083
0.4884,-0.430979335218955
0.46892,-0.444504535595877
0.44893,-0.457116762286213
0.42845,-0.468805698626665
0.40753,-0.479554459104895
0.3862,-0.489356491011817
0.36451,-0.498199328623013
0.34249,-0.506081222424553
0.32019,-0.512994663294352
0.29765,-0.518935423095547
0.27491,-0.523902339882663
0.25201,-0.527897051414702
0.22899,-0.530923692017804
0.20588,-0.532995964238322
0.18274,-0.5341129874801
0.15961,-0.534277161546795
0.13651,-0.533508458401129
0.11349,-0.531818500341452
0.090586,-0.529222407119704
0.067839,-0.525734173988736
0.045282,-0.521372571212852
0.022953,-0.516156141682848
0.00088438,-0.510107011436265
-0.020889,-0.503247857799397
-0.042332,-0.495601058884146
-0.063418,-0.48719450412605
-0.084111,-0.478052877634483
-0.10438,-0.468201330724968
-0.12421,-0.457676546803967
-0.14355,-0.44649688521231
-0.16239,-0.434695718347321
-0.1807,-0.422302778353978
-0.19846,-0.40935139613344
-0.21564,-0.395869430842482
-0.23221,-0.381879476637238
-0.24816,-0.367413939823678
-0.26347,-0.352504742500262
-0.27812,-0.337182425470575
-0.29208,-0.321468047249501
-0.30535,-0.305396470104369
-0.3179,-0.288990388489484
-0.32973,-0.272284082156073
-0.34082,-0.255305271980425
-0.35115,-0.23807545040821
-0.36072,-0.220625088259247
-0.36951,-0.202976072012325
-0.37752,-0.185157352422507
-0.38475,-0.167202580116488
-0.39119,-0.149140684113204
-0.39683,-0.130995786937739
-0.40167,-0.112794645515067
-0.40571,-0.094565181583665
-0.40896,-0.0763426658313991
-0.41142,-0.0581597210356633
-0.4131,-0.0400531218614324
-0.41399,-0.0220469693908386
-0.41411,-0.00417642794402992
-0.41347,0.013523016947645
-0.41208,0.0310168266484209
-0.40995,0.0482724155678044
-0.4071,0.0652525225393946
-0.40354,0.0819247859662133
-0.3993,0.0982471501702845
-0.39438,0.114193340702201
-0.38881,0.129728621658041
-0.3826,0.14482746428099
-0.37579,0.159450566938661
-0.36839,0.173571066017475
-0.36043,0.187158361185284
-0.35192,0.200194769078824
-0.3429,0.212651632244437
-0.33339,0.224507323366732
-0.32342,0.235739379021016
-0.313,0.24634037222198
-0.30218,0.256285936925673
-0.29097,0.265568592483387
-0.2794,0.27418018350752
-0.26749,0.282119931540497
-0.25529,0.289371132472094
-0.2428,0.295941938528524
-0.23007,0.301823613302296
-0.21711,0.307023877374279
-0.20396,0.311541566869527
-0.19064,0.315383406263956
-0.17717,0.318562513828852
-0.16359,0.321082226473174
-0.14992,0.322952876920095
-0.1362,0.32417552830807
-0.12243,0.324773468075064
-0.10867,0.324743042349908
-0.094921,0.324102721069962
-0.081225,0.322858091905901
-0.067604,0.321019086560828
-0.054089,0.318592284130627
-0.040706,0.315585138600392
-0.027484,0.312003434898409
-0.014451,0.307852230938953
-0.001636,0.303135147495559
0.010933,0.297855305152172
0.023228,0.292015347330871
0.035221,0.285617467351072
0.046882,0.278661959131756
0.058186,0.271151272851692
0.069104,0.263086570760575
0.07961,0.254470161513345
0.089678,0.245305212885607
0.099284,0.235596977760367
0.1084,0.225349289979503
0.11701,0.214573609655843
0.12509,0.2032813245891
0.13261,0.191479022712147
0.13957,0.179191425361315
0.14593,0.166427627350346
0.15169,0.153213452223218
0.15684,0.139580109108942
0.16135,0.125547510755598
0.16522,0.111148079701876
0.16844,0.0964160138676789
0.171,0.0813859757830708
0.17291,0.0661068001221173
0.17414,0.0506077809162582
0.17472,0.0349459431332416
0.17462,0.0191546516108458
0.17387,0.0032915377836651
0.17245,-0.0126048823948205
0.17039,-0.0284757350617641
0.16768,-0.0442770888212824
0.16433,-0.0599636640518677
0.16036,-0.0754831602800217
0.15578,-0.0907866691694626
0.1506,-0.105829600897405
0.14483,-0.120572342174506
0.1385,-0.134965880874146
0.13163,-0.148962656374209
0.12422,-0.162532674117221
0.11631,-0.175631681549803
0.10792,-0.18822026759065
0.099062,-0.200270256557689
0.089771,-0.211746654812738
0.08007,-0.222619162693668
0.069986,-0.232859493759131
0.059548,-0.24244064184065
0.048784,-0.251338472609452
0.037725,-0.259529969257275
0.026403,-0.266993262829041
0.014851,-0.273707619002447
0.0030998,-0.27965575715057
-0.0088163,-0.28482140698171
-0.020863,-0.289189892819791
-0.033001,-0.292744853518469
-0.045201,-0.295476725249573
-0.057422,-0.297373343628617
-0.069629,-0.298425516533699
-0.081786,-0.2986262484461
-0.093855,-0.297969308211085
-0.1058,-0.29645100068636
-0.11758,-0.294066338211137
-0.12917,-0.290821508118483
-0.14052,-0.286713296603727
-0.1516,-0.281746013748233
-0.16237,-0.275922734015862
-0.1728,-0.269253049184586
-0.18285,-0.261744341567137
-0.1925,-0.253416982535204
-0.20171,-0.244286647948873
-0.21044,-0.234364957804314
-0.21867,-0.223674863083621
-0.22638,-0.212247950072604
-0.23352,-0.200099840722019
-0.24008,-0.187262522394321
-0.24603,-0.173765583897799
-0.25135,-0.159643328021902
-0.25601,-0.144925564253111
-0.26001,-0.129659867532094
-0.26332,-0.113884664298759
-0.26593,-0.0976447339347187
-0.26783,-0.0809887171073585
-0.269,-0.0639595887115511
-0.26943,-0.0466018879820919
-0.26912,-0.0289674797706942
-0.26806,-0.0111051980487823
-0.26626,0.00692525479839213
-0.2637,0.0250793911189027
-0.2604,0.0432968203414815
-0.25635,0.0615283760629918
-0.25157,0.079713330643074
-0.24605,0.0978057304072013
-0.23982,0.115743485821384
-0.23289,0.133468268525442
-0.22526,0.150934069839823
-0.21695,0.168091620584933
-0.20799,0.184883327778665
-0.19839,0.201261601300784
-0.18818,0.217173794407754
-0.17737,0.232579796524422
-0.16599,0.247436315439251
-0.15407,0.261699090403566
-0.14163,0.275332096322389
-0.1287,0.288299962264979
-0.11531,0.300569242148462
-0.10149,0.31210938500658
-0.087262,0.322899357070308
-0.072665,0.332914239535603
-0.057727,0.342135226170607
-0.04248,0.350546416332252
-0.026955,0.358135843368471
-0.011182,0.364896188422464
0.0048049,0.370821448375678
0.020975,0.375909744943684
0.037296,0.380161764286442
0.053737,0.383581631951217
0.070268,0.386177137993881
0.086858,0.387958396357953
0.10348,0.388940379011009
0.12009,0.389129274131624
0.13668,0.388550890690914
0.15321,0.387222730535755
0.16966,0.385170131034438
0.18599,0.382409455559666
0.20218,0.378964333168841
0.21819,0.374848946445195
0.23402,0.370099162757118
0.24962,0.364730481299137
0.26498,0.358771207375968
0.28007,0.352244455681113
0.29486,0.345168554484323
0.30933,0.337564866548412
0.32346,0.329456603535218
0.33722,0.320860414304544
0.35059,0.311794550692789
0.36354,0.302270600691129
0.37606,0.292309177729056
0.38812,0.281922743067693
0.3997,0.271124153859451
0.41078,0.259926137372882
0.42134,0.248340868766452
0.43136,0.236379642700692
0.44083,0.224060027168838
0.44972,0.211389278561016
0.45803,0.198388219343241
0.46572,0.185058356441791
0.47279,0.171415044121065
0.47922,0.157469476605556
0.485,0.14323647785431
0.49011,0.128725891072438
0.49454,0.113950558085209
0.49827,0.0989178782308188
0.50129,0.0836379372325778
0.5036,0.0681299924354577
0.50517,0.0523978828198543
0.506,0.036454980222653
0.50607,0.020307069157774
0.50539,0.00397573181488772
0.50393,-0.0125349829289111
0.50168,-0.0292205986446317
0.49865,-0.0460617508712338
0.49483,-0.0630424875982602
0.4902,-0.0801575339583266
0.48476,-0.0973956947720033
0.4785,-0.114748820019412
0.47143,-0.132196756788321
0.46354,-0.149725110435153
0.45482,-0.167324620775723
0.44528,-0.184975742245679
0.4349,-0.202673462755805
0.4237,-0.220395159940337
0.41168,-0.238119523050257
0.39883,-0.255834370872648
0.38516,-0.273520541064494
0.37067,-0.291161278332053
0.35537,-0.308734945994334
0.33927,-0.326216675637835
0.32237,-0.343587178997339
0.30469,-0.360817524973619
0.28624,-0.377879311709626
0.26703,-0.394745459792124
0.24708,-0.41138343227278
0.22641,-0.427757313851932
0.20503,-0.443836978455433
0.18298,-0.45957575550353
0.16027,-0.474937241940769
0.13694,-0.489872281273934
0.11301,-0.504337736093338
0.088518,-0.5182833709988
0.063492,-0.531662191943693
0.037971,-0.54442317994494
0.011991,-0.556515911312904
-0.014408,-0.567889104924707
-0.041183,-0.578490230589249
-0.068289,-0.588265980848797
-0.095683,-0.597165646046386
-0.12332,-0.605140826912029
-0.15114,-0.61213554283011
-0.1791,-0.618102132878031
-0.20714,-0.622988722640865
-0.23521,-0.626749215240909
-0.26325,-0.629336412026259
-0.29121,-0.630711300035108
-0.31902,-0.63082814443118
-0.34663,-0.629652235392334
-0.37397,-0.627144324615397
-0.40098,-0.623270389134404
-0.4276,-0.618001967563511
-0.45376,-0.611308891644698
-0.47941,-0.603175656888632
-0.50448,-0.593584650167997
-0.5289,-0.582517467979606
-0.55263,-0.569978172647631
-0.57559,-0.555959674837344
-0.59774,-0.54047607935064
-0.619,-0.523529013152217
-0.63933,-0.505139954221567
-0.65867,-0.485331371066215
-0.67697,-0.464133661640628
-0.69417,-0.441575712399797
-0.71024,-0.417706878846716
-0.72512,-0.392569762728887
-0.73877,-0.36621538630196
-0.75115,-0.338700365889739
-0.76222,-0.310084449704674
-0.77195,-0.280435804972942
-0.78029,-0.24981282640992
-0.78724,-0.218301453465513
-0.79275,-0.185970533077893
-0.7968,-0.152895405912656
-0.79937,-0.119154504396288
-0.80045,-0.084833889272035
-0.80003,-0.0500232738165483
-0.79809,-0.0148052854227987
-0.79462,0.0207382650166277
-0.78962,0.0565213547973172
-0.78309,0.0924572362214259
-0.77504,0.128453901482497
-0.76547,0.16442538926427
-0.75439,0.200285985551589
-0.74181,0.235952975230366
-0.72774,0.271348812608798
-0.71222,0.306380572586537
-0.69525,0.340975576564107
-0.67687,0.375050437167076
-0.6571,0.408530785431197
-0.63598,0.441337364196616
-0.61355,0.47338975119691
-0.58984,0.504616795100888
-0.56489,0.534950011544222
-0.53876,0.56431080502921
-0.5115,0.592622616892279
-0.48315,0.619820667889621
-0.45378,0.645829933781402
-0.42343,0.670592040303739
-0.39218,0.694034737885295
-0.36008,0.71609943069337
-0.32721,0.736718630159617
-0.29363,0.755834993606559
-0.2594,0.773401613650779
-0.22461,0.789359794714201
-0.18933,0.803658412213855
-0.15363,0.816254516247313
-0.11759,0.827106208773555
-0.08129,0.836174260143565
-0.044802,0.843429245129047
-0.0082081,0.848843641453041
0.028412,0.852394640031182
0.064978,0.854064046598185
0.10141,0.85383880033104
0.13763,0.851712344621029
0.17356,0.847684133209989
0.20912,0.841757569166672
0.24424,0.833947086090568
0.27884,0.824268745961244
0.31285,0.812747375192797
0.34619,0.799407256133181
0.3788,0.784286786347126
0.41062,0.767435098867503
0.44157,0.748894227760038
0.4716,0.728721844650094
0.50065,0.706979546174739
0.52866,0.683730662439878
0.55558,0.659045786344968
0.58135,0.632992195606389
0.60594,0.605654945138188
0.62929,0.577108980781311
0.65137,0.547441248630775
0.67214,0.516738564876486
0.69156,0.485085188939162
0.7096,0.452568273524154
0.72623,0.419274736575388
0.74144,0.385303496047648
0.75519,0.350737997979417
0.76747,0.315668803311351
0.77826,0.280181978530699
0.78756,0.244372011339784
0.79536,0.208329782703641
0.80165,0.172140329224282
0.80643,0.135888549533969
0.80971,0.0996637798148264
0.81148,0.0635411558049201
0.81177,0.0276113112795067
0.81059,-0.00804047758907667
0.80794,-0.0433435822009939
0.80385,-0.0782195728059541
0.79834,-0.112593922651086
0.79143,-0.146397949170976
0.78316,-0.179555444068283
0.77355,-0.212001678984277
0.76264,-0.243668846522094
0.75046,-0.274496599033504
0.73704,-0.304432954817999
0.72244,-0.333412622525845
0.70669,-0.361384239470302
0.68982,-0.388309773052712
0.6719,-0.414134109176824
0.65296,-0.438820132261219
0.63306,-0.462324744636439
0.61223,-0.484624063087689
0.59054,-0.505681441167221
0.56803,-0.525473778255842
0.54475,-0.54398276655127
0.52076,-0.561187695548631
0.4961,-0.577081876389405
0.47084,-0.591648510544296
0.44502,-0.604885849948535
0.4187,-0.616790076951027
0.39194,-0.627356324420044
0.36477,-0.636601682058718
0.33727,-0.644523977257209
0.30948,-0.651135580118229
0.28145,-0.656453256803451
0.25325,-0.660482455012868
0.22491,-0.66324927028465
0.1965,-0.664766477822681
0.16806,-0.665058242075813
0.13965,-0.664142720869949
0.11132,-0.662040358686578
0.083109,-0.658781220715274
0.055076,-0.654387703600723
0.027265,-0.648886655139563
-0.00027601,-0.642304951550284
-0.027502,-0.634671048531947
-0.05437,-0.626015500019593
-0.080834,-0.616367526373771
-0.10686,-0.605763391125055
-0.13239,-0.594226313319245
-0.15741,-0.581800885270886
-0.18186,-0.568513676520892
-0.20572,-0.554405534796104
-0.22896,-0.539520249107132
-0.25153,-0.52388792559299
-0.27341,-0.50754889438161
-0.29458,-0.490550508548055
-0.315,-0.472929580205808
-0.33466,-0.454735455755357
-0.35353,-0.436011291185725
-0.37159,-0.416801292434847
-0.38883,-0.397156503549688
-0.40523,-0.377124489848484
-0.42077,-0.35674849003392
-0.43545,-0.336081616876061
-0.44927,-0.315183246543621
-0.4622,-0.294093745429725
-0.47424,-0.272858940747627
-0.48541,-0.251542291410593
-0.49569,-0.23018986534611
-0.50508,-0.208846918982308
-0.51359,-0.187563862495327
-0.52122,-0.166386136910155
-0.52799,-0.145368366017681
-0.53389,-0.12454853560025
-0.53895,-0.103979375227034
-0.54316,-0.0836940922592633
-0.54655,-0.0637384230621138
-0.54913,-0.0441517607211124
-0.55091,-0.0249669027514427
-0.55191,-0.00621740736491402
-0.55215,0.012063890874337
-0.55165,0.0298460519766725
-0.55042,0.0471083187264726
-0.54849,0.0638243426979208
-0.54588,0.0799717936329226
-0.54261,0.0955325918478076
-0.5387,0.110492979048145
-0.53418,0.124836056236596
-0.52906,0.138558025076676
-0.52338,0.151643944996925
-0.51716,0.164085443730314
-0.51043,0.175872612498595
-0.5032,0.187009691534675
-0.49551,0.197490353182836
-0.48737,0.207322412955682
-0.47883,0.216495584586967
-0.46989,0.225022504852582
-0.4606,0.23289722666976
-0.45097,0.240128795325464
-0.44102,0.246730923976583
-0.43079,0.252706144922625
-0.42029,0.258070280600694
-0.40956,0.26282742630226
-0.3986,0.267001848254803
-0.38745,0.270603986460526
-0.37613,0.273647768883863
-0.36464,0.276164454593126
-0.35302,0.278168957072837
-0.34128,0.279684873444446
-0.32944,0.280734823258696
-0.31751,0.281347466335536
-0.3055,0.281555590843182
-0.29344,0.28137965420938
-0.28132,0.280859189152174
-0.26916,0.280025835118669
-0.25697,0.27891137446505
-0.24476,0.277546782481018
-0.23253,0.275968861449651
-0.22029,0.274210629764027
-0.20804,0.272308449275701
-0.19578,0.270300270441948
-0.18352,0.268216765154666
-0.17126,0.266089140158015
-0.15899,0.263955406452496
-0.14671,0.261850458102088
-0.13443,0.259798142927946
-0.12213,0.257834724923279
-0.10982,0.255983090020309
-0.097492,0.254267796491635
-0.085139,0.252713099815843
-0.07276,0.251337670496075
-0.06035,0.250157873633085
-0.047905,0.249186772066332
-0.035422,0.248433410641981
-0.022899,0.247902346699999
-0.010333,0.247594872831341
0.0022737,0.247505435739793
0.014925,0.247627443502399
0.027617,0.247947632989391
0.040347,0.248448375790206
0.053113,0.249109297662507
0.065907,0.249903721407518
0.078724,0.250802642419157
0.091557,0.251774320654567
0.1044,0.252786270655994
0.11723,0.253793598825712
0.13005,0.254761754406329
0.14284,0.255648391150904
0.15559,0.256413390895979
0.16828,0.257012118905352
0.18091,0.257412324723718
0.19345,0.25757049394368
0.2059,0.25745748223596
0.21823,0.257034449194121
0.23045,0.256285509972672
0.24252,0.255176911732551
0.25444,0.253691169550173
0.2662,0.251817185890534
0.27778,0.249542137097582
0.28918,0.246867167054497
0.30037,0.243782691186772
0.31135,0.240293137639629
0.32211,0.236406932871411
0.33263,0.232128320635349
0.34291,0.227473046716163
0.35293,0.222451102804918
0.36268,0.217075137144032
0.37215,0.21135974616514
0.38134,0.205328234938154
0.39023,0.198995636290254
0.3988,0.192370004970879
0.40706,0.185475804961268
0.41498,0.178320550634193
0.42256,0.170920114753408
0.42979,0.163289307822325
0.43665,0.155434303428655
0.44314,0.147368929170839
0.44924,0.139098005378383
0.45494,0.130626329716822
0.46024,0.121965912059027
0.46511,0.113112033504575
0.46956,0.104076149980781
0.47357,0.0948602208002805
0.47713,0.0854658504218906
0.48023,0.0758942630131817
0.48285,0.0661388956230797
0.48499,0.0562018184936512
0.48664,0.0460845653000161
0.48778,0.0357807628971375
0.4884,0.0252851846011895
0.4885,0.0146010217255626
0.48805,0.00371595080578681
0.48705,-0.00737237749573671
0.48549,-0.0186656323807994
0.48335,-0.0301723006231411
0.48062,-0.0418987615464719
0.47729,-0.0538495404589464
0.47336,-0.0660201536149445
0.4688,-0.0784211525109372
0.46361,-0.0910527401063114
0.45777,-0.103921560516952
0.45128,-0.117024472687803
0.44413,-0.130357908910629
0.4363,-0.143925425806481
0.42779,-0.157721423365009
0.41859,-0.171740446916246
0.40869,-0.18597728252334
0.39808,-0.200427033691168
0.38675,-0.215085180536196
0.37471,-0.229932826564332
0.36194,-0.244962159217417
0.34845,-0.260152313735756
0.33423,-0.275487247460116
0.31927,-0.290955238297409
0.30359,-0.306526193727351
0.28718,-0.322178216451532
0.27004,-0.337889230373557
0.25219,-0.353622857275347
0.23362,-0.369354392129382
0.21435,-0.385047075842843
0.19438,-0.400670282130924
0.17374,-0.416177047718573
0.15243,-0.431530776190493
0.13049,-0.446674735167598
0.10792,-0.461567181442142
0.084755,-0.476153834764519
0.061019,-0.490380064076729
0.036744,-0.5041866821907
0.011963,-0.517511875359667
-0.01329,-0.530292850214075
-0.038974,-0.542462774805244
-0.065048,-0.55395362013485
-0.091467,-0.564695548466721
-0.11819,-0.574622412196503
-0.14515,-0.583653927584189
-0.17231,-0.591723113296094
-0.19961,-0.598758890192492
-0.22698,-0.604681805524434
-0.25438,-0.609430406350556
-0.28173,-0.612930285116154
-0.30898,-0.615121261360387
-0.33605,-0.615934559797081
-0.36288,-0.61531163617788
-0.38939,-0.613189511903346
-0.41553,-0.609526064812718
-0.44121,-0.604268112576114
-0.46637,-0.59737775130127
-0.49093,-0.588816204708665
-0.51482,-0.578553017571982
-0.53798,-0.566573244294755
-0.56034,-0.552868046600671
-0.58181,-0.53741954280842
-0.60235,-0.520240574997748
-0.62187,-0.501331984692839
-0.64033,-0.480722425414488
-0.65765,-0.458433131416591
-0.67378,-0.434501451210727
-0.68866,-0.408969767860649
-0.70224,-0.381891190275979
-0.71447,-0.353326418014633
-0.72529,-0.323333568344945
-0.73468,-0.291996967687666
-0.74258,-0.259390457977784
-0.74897,-0.225607203816458
-0.7538,-0.190731376722187
-0.75706,-0.154867277255248
-0.75871,-0.11811044908848
-0.75873,-0.0805615401949214
-0.75712,-0.0423372765702551
-0.75385,-0.00354185550688507
-0.74892,0.0357114756418156
-0.74233,0.0753055134670467
-0.73407,0.115130756716776
-0.72415,0.155072476048904
-0.71259,0.195007875775503
-0.69939,0.234826248398548
-0.68457,0.274415375727808
-0.66816,0.313658052218474
-0.65018,0.352444240018965
-0.63067,0.390658530109655
-0.60966,0.428192399324903
-0.58719,0.464939151657646
-0.5633,0.500797222983313
-0.53806,0.535650545100227
-0.5115,0.569404884387591
-0.48368,0.601964818282801
-0.45467,0.633230024385974
-0.42452,0.663114610035556
-0.39332,0.691517950965056
-0.36112,0.718360743749203
-0.32801,0.74355434853531
-0.29406,0.76702070396173
-0.25935,0.788685913149509
-0.22396,0.808482364822829
-0.18799,0.826335479083105
-0.15151,0.842190173279306
-0.11463,0.855979906034421
-0.077414,0.867665620179719
-0.039972,0.877198361204609
-0.0023942,0.884538052222776
0.035228,0.889652834527732
0.072798,0.892515344401346
0.11022,0.893104005478263
0.14741,0.891412026585356
0.18427,0.887435160160536
0.22069,0.881163208329553
0.2566,0.872611743840206
0.29191,0.861802600731251
0.32651,0.848747948488812
0.36032,0.833474625411759
0.39326,0.81602113396881
0.42525,0.796434878156935
0.45619,0.77475485976783
0.48602,0.751042263805992
0.51465,0.725352708110316
0.54202,0.697758344435283
0.56805,0.668328202412536
0.59269,0.637149351624599
0.61587,0.604306450642537
0.63753,0.569887451972062
0.65763,0.533995444019615
0.67611,0.49672816099714
0.69294,0.458198524421052
0.70809,0.418528556933006
0.72151,0.377829388957897
0.73318,0.336222332237135
0.7431,0.293848142749025
0.75123,0.250829553926274
0.75758,0.207308041394062
0.76214,0.163421131315278
0.76491,0.11930634474585
0.7659,0.0751043109751834
0.76513,0.0309611411602123
0.76262,-0.0129772477172718
0.75838,-0.056577155164943
0.75246,-0.0996895470074368
0.74487,-0.14218746273841
0.73566,-0.183936471533784
0.72488,-0.22480067918955
0.71256,-0.264662427550805
0.69876,-0.303400757459763
0.68353,-0.340903747909395
0.66693,-0.377063451124759
0.64902,-0.411779119534041
0.62985,-0.444967028193101
0.6095,-0.476538374252876
0.58803,-0.506418570068298
0.5655,-0.534547624102317
0.54198,-0.560872668950394
0.51755,-0.585341732337754
0.49226,-0.607928247931635
0.4662,-0.628598352332454
0.43943,-0.647336450351627
0.41202,-0.664135718192272
0.38404,-0.678997577958435
0.35556,-0.691931007648612
0.32664,-0.702959130616131
0.29737,-0.71209451568184
0.26779,-0.719378645567853
0.23798,-0.724846354838017
0.20801,-0.728534256105738
0.17793,-0.730494806069305
0.14781,-0.730777587152375
0.11772,-0.729429018969606
0.087718,-0.726501008030179
0.057856,-0.722053278195819
0.028196,-0.716143157563151
-0.001205,-0.708828442090573
-0.030291,-0.700166671340006
-0.059011,-0.690217454833125
-0.087314,-0.679040544915329
-0.11515,-0.666694971533504
-0.14247,-0.653238316712273
-0.16923,-0.638729082317359
-0.19539,-0.623227797046149
-0.22091,-0.606794863897931
-0.24574,-0.589481396613017
-0.26985,-0.571344226390789
-0.2932,-0.552435632943588
-0.31577,-0.532817354039345
-0.33752,-0.51254202751208
-0.35841,-0.491653236079434
-0.37843,-0.470207940113951
-0.39755,-0.448257222718953
-0.41575,-0.425853101711198
-0.43299,-0.4030317867511
-0.44927,-0.379844954936137
-0.46456,-0.356332780663513
-0.47885,-0.332539474317603
-0.49212,-0.308503504444169
-0.50436,-0.284264655542841
-0.51557,-0.259869682397524
-0.52572,-0.235347104031278
-0.53481,-0.210731728815767
-0.54285,-0.186069468180731
-0.54981,-0.161383959941017
-0.55571,-0.136716805373966
-0.56054,-0.112100368998113
-0.56431,-0.0875730858303546
-0.56701,-0.0631620557931343
-0.56865,-0.0388988935854067
-0.56924,-0.0148175981866362
-0.56878,0.00905461242148837
-0.56728,0.0326897187826186
-0.56476,0.056052803859308
-0.56123,0.0791120985651149
-0.55669,0.101846994347421
-0.55118,0.124217232032302
-0.54469,0.146205133101074
-0.53726,0.16777508746401
-0.52891,0.188893132883064
-0.51965,0.209535285913099
-0.50951,0.229671815805225
-0.49851,0.24927690432835
-0.48668,0.26832153092826
-0.47405,0.286775212065573
-0.46065,0.304607434080298
-0.44651,0.321788806287161
-0.43165,0.338299359180896
-0.41612,0.354105404851253
-0.39993,0.369193009752326
-0.38313,0.383535291033555
-0.36575,0.397110765838542
-0.34782,0.409903198448482
-0.32937,0.421901343000947
-0.31044,0.433091205865707
-0.29105,0.443472059474707
-0.27125,0.453032015385986
-0.25107,0.461765589860388
-0.23054,0.469672886949749
-0.20969,0.476758789239282
-0.18857,0.483017374070427
-0.16719,0.488463989849598
-0.14559,0.493108774889553
-0.12381,0.496957621772727
-0.10189,0.500013032658954
-0.079839,0.502297805922816
-0.057705,0.503821820725433
-0.035518,0.504597738528503
-0.013307,0.504640986195509
0.0088951,0.503966032101615
0.031057,0.502587459689683
0.053146,0.500518592378529
0.075133,0.497774099433341
0.096985,0.494366499512076
0.11867,0.490307007869693
0.14016,0.485608458395639
0.16143,0.480286868768985
0.18243,0.474341899486054
0.20314,0.467782189874092
0.22354,0.460623353856986
0.24358,0.452863998796807
0.26325,0.444518600021617
0.2825,0.435584412377334
0.30131,0.426067017430016
0.31965,0.41597111029475
0.3375,0.405307897083809
0.35483,0.394086098625006
0.3716,0.38230475975806
0.3878,0.369977281248793
0.4034,0.357113441371925
0.41838,0.34372719196941
0.43271,0.329828035625158
0.44637,0.315428977806649
0.45934,0.300545445101444
0.4716,0.285194349738113
0.48314,0.269400690725041
0.49394,0.253187869720652
0.50398,0.236577313652599
0.51324,0.219588205530019
0.52172,0.202252107848205
0.5294,0.184594840200115
0.53627,0.166644200120699
0.54232,0.148428723070646
0.54754,0.129976653417173
0.55192,0.111315110384932
0.55547,0.0924842284896794
0.55816,0.0735038326329863
0.56001,0.0544136541213327
0.561,0.0352386524395705
0.56112,0.0159984174345197
0.56039,-0.00327033728784714
0.55879,-0.0225478590491996
0.55633,-0.0418066225845785
0.553,-0.0610285882177703
0.54881,-0.0801892833975236
0.54375,-0.0992747272405764
0.53783,-0.118265216195158
0.53104,-0.137151989526368
0.52339,-0.155920791419331
0.51489,-0.174553550582654
0.50553,-0.193044615025389
0.49533,-0.211376533533013
0.48428,-0.229545212681339
0.4724,-0.247535463028858
0.4597,-0.265331153148202
0.44618,-0.282923406749112
0.43185,-0.300302231055953
0.41673,-0.317449794154987
0.40082,-0.334357388323445
0.38415,-0.351001881059922
0.36672,-0.367371480836677
0.34856,-0.383441830380892
0.32967,-0.399201442417062
0.31008,-0.41462749127902
0.28981,-0.429696179403564
0.26888,-0.44438371673449
0.24732,-0.45865971772756
0.22513,-0.472511641661657
0.20236,-0.485904870526258
0.17904,-0.498802874041157
0.15518,-0.511183509651178
0.13081,-0.52302222514325
0.10598,-0.534278591554158
0.080711,-0.544922095608933
0.05504,-0.554919397400008
0.029003,-0.564236721738689
0.002639,-0.572838844773492
-0.024014,-0.580691281469724
-0.050915,-0.587759080108501
-0.078022,-0.594007350998825
-0.10529,-0.599400219535839
-0.13268,-0.603906672900006
-0.16013,-0.607483704631256
-0.18761,-0.610103723088488
-0.21507,-0.611737794949846
-0.24246,-0.612356978579315
-0.26972,-0.611925999738238
-0.29681,-0.61042050569451
-0.32367,-0.60781110959196
-0.35025,-0.604072852578076
-0.3765,-0.599185318778804
-0.40237,-0.593132614336673
-0.42779,-0.585888437336046
-0.45271,-0.57743388679597
-0.47708,-0.567756828189248
-0.50083,-0.55683641523225
-0.52392,-0.544667812593812
-0.54628,-0.531237325321815
-0.56786,-0.516539556104199
-0.5886,-0.500568817763832
-0.60845,-0.483327004536581
-0.62736,-0.464822334583003
-0.64526,-0.445053367522083
-0.66211,-0.424033332060253
-0.67786,-0.401779755715714
-0.69245,-0.378305982860789
-0.70585,-0.353644008337762
-0.718,-0.327818003160494
-0.72886,-0.300860135438797
-0.7384,-0.272815690755018
-0.74656,-0.243717252400339
-0.75333,-0.213623356327604
-0.75866,-0.182582381323536
-0.76253,-0.150655450973753
-0.76491,-0.117904938393528
-0.76578,-0.0843999282293078
-0.76512,-0.0502130102315965
-0.76292,-0.0154249628247225
-0.75916,0.0198865167263818
-0.75383,0.055641069054199
-0.74695,0.0917363610125815
-0.7385,0.128084895551294
-0.72849,0.164591571197119
-0.71694,0.20115063415478
-0.70385,0.237665722495799
-0.68926,0.274021446093662
-0.67317,0.31012018543536
-0.65562,0.345852167500403
-0.63664,0.381108687349518
-0.61627,0.415777977317806
-0.59453,0.449764188553027
-0.57148,0.482957943672705
-0.54717,0.515249962206261
-0.52162,0.546556859779221
-0.49491,0.576774746641467
-0.46709,0.605808943022086
-0.43821,0.63357551480139
-0.40832,0.660002263534678
-0.3775,0.685007047917331
-0.34581,0.708517547318238
-0.31331,0.73047214435813
-0.28007,0.750812970567242
-0.24617,0.769480197593496
-0.21167,0.78642966123119
-0.17664,0.801624464483866
-0.14117,0.815020611770514
-0.10533,0.826585168976638
-0.069203,0.836286180952404
-0.032862,0.844101509901961
0.0036095,0.850010517050184
0.040128,0.853995056288007
0.076612,0.856041655701862
0.11298,0.856141644254269
0.14914,0.854283330666446
0.18501,0.850460903232654
0.22051,0.844675501212908
0.25555,0.83692699411334
0.29005,0.827222146690514
0.32393,0.815573592034707
0.35709,0.801984025542651
0.38947,0.78647806112769
0.42097,0.769068139578136
0.45153,0.749786504069382
0.48106,0.728658650488766
0.50949,0.705719050145604
0.53676,0.681016155744063
0.56278,0.654586456875171
0.58751,0.626493004956249
0.61086,0.596781774358526
0.6328,0.565528249398652
0.65326,0.532800205155888
0.6722,0.498679641687217
0.68956,0.463243059124267
0.70532,0.426590031001828
0.71943,0.388813816476682
0.73187,0.350022164085275
0.7426,0.310316664008637
0.75163,0.269827986316191
0.75892,0.228669516256411
0.76448,0.186974333717048
0.7683,0.144872670583616
0.77039,0.102503344858152
0.77076,0.0600078992461283
0.76942,0.0175257463302696
0.7664,-0.0247949598845584
0.76172,-0.0668110341755874
0.75541,-0.10838044812166
0.74752,-0.149351888616942
0.73808,-0.189586215092812
0.72713,-0.228951304942304
0.71474,-0.26730297605854
0.70095,-0.304514333107194
0.68582,-0.340462030626467
0.66941,-0.375029941104082
0.65179,-0.408104551407655
0.63302,-0.439585995696614
0.61318,-0.469374420485299
0.59232,-0.497395985746051
0.57054,-0.523563982304256
0.54789,-0.547821779576288
0.52447,-0.570102686123548
0.50034,-0.590364406933884
0.47558,-0.608571781996477
0.45028,-0.624690059353891
0.42452,-0.638694208888773
0.39837,-0.650576136166565
0.37191,-0.660335229663619
0.34522,-0.667977897306663
0.31839,-0.6735095549346
0.29148,-0.67695771875931
0.26457,-0.678353011518389
0.23775,-0.677721108235155
0.21107,-0.675113281169577
0.18462,-0.670571126231525
0.15845,-0.664157488464602
0.13264,-0.655928994335986
0.10725,-0.645950986236166
0.082336,-0.634297427096485
0.057961,-0.621042400350916
0.034178,-0.606265759075703
0.01104,-0.590050063755483
-0.011406,-0.572482415767858
-0.033112,-0.55365057440766
-0.05404,-0.533647881738149
-0.074147,-0.512565930871646
-0.093402,-0.490501214612425
-0.11177,-0.467548464579152
-0.12923,-0.443808586402683
-0.14574,-0.419368953566293
-0.1613,-0.394334417065643
-0.17589,-0.368805948011773
-0.18948,-0.342870878056554
-0.20207,-0.316624916527155
-0.21365,-0.290160056894364
-0.22423,-0.263577087250766
-0.23378,-0.236951035303509
-0.24233,-0.2103779094278
-0.24987,-0.183937843063462
-0.25641,-0.157710159916854
-0.26197,-0.131778116748631
-0.26656,-0.106217822727388
-0.27019,-0.0810968750502656
-0.27288,-0.0564808593766362
-0.27466,-0.0324386370195583
-0.27555,-0.00903173299512806
-0.27558,0.0136792342854728
-0.27477,0.0356441407755215
-0.27316,0.0568086211167294
-0.27078,0.077124480650137
-0.26767,0.0965431220191833
-0.26386,0.11502503986058
-0.25939,0.13253243504983
-0.25431,0.149023202474121
-0.24865,0.164468364309624
-0.24246,0.178836182012789
-0.23578,0.192101594252343
-0.22867,0.204231437762266
-0.22116,0.215209703423612
-0.2133,0.225020451366645
-0.20514,0.233648813819348
-0.19674,0.241074347580999
-0.18813,0.24729537789083
-0.17937,0.252303738238437
-0.17051,0.256094139370359
-0.16159,0.258671614997867
-0.15267,0.260035044259738
-0.14379,0.260193585947886
-0.13501,0.259150043227454
-0.12637,0.256917176678146
-0.11792,0.253508378396828
-0.1097,0.248944907712438
-0.10176,0.243246698689775
-0.094145,0.236436048462266
-0.086899,0.228537536918547
-0.08006,0.219581572067712
-0.073671,0.209598932944553
-0.067769,0.198624467450941
-0.062392,0.186694759032153
-0.057571,0.173852088686833
-0.053342,0.160138575685655
-0.049735,0.145599563548907
-0.046775,0.130285494532574
-0.044489,0.114248082358298
-0.042899,0.097542340870241
-0.042024,0.0802266226571052
-0.041881,0.0623617935285468
-0.042485,0.0440104703509524
-0.043842,0.0252415072777914
-0.045964,0.00612232538947772
-0.048851,-0.0132739516441945
-0.052504,-0.0328725409737881
-0.056921,-0.0525973747928328
-0.062094,-0.0723692494489285
-0.068014,-0.0921081444093596
-0.074663,-0.111729226071449
-0.082029,-0.131150876323459
-0.090087,-0.150287059276632
-0.098813,-0.169051668092308
-0.10818,-0.187359099675559
-0.11815,-0.20511881638998
-0.1287,-0.222250347718364
-0.13979,-0.238671483615104
-0.15136,-0.254286607369699
-0.16339,-0.269022030581712
-0.17582,-0.282794763488171
-0.1886,-0.29552458799014
-0.20169,-0.307143727985723
-0.21501,-0.317567357407818
-0.22853,-0.326736843921809
-0.24218,-0.334587372363421
-0.2559,-0.341059001393791
-0.26963,-0.346098047354079
-0.28331,-0.34965803923411
-0.29687,-0.351692901880722
-0.31025,-0.35216623372347
-0.3234,-0.35105852612072
-0.33624,-0.348342950864631
-0.34872,-0.344010387356781
-0.36077,-0.338052128506914
-0.37232,-0.330460695612845
-0.38333,-0.321252617341748
-0.39373,-0.310441765483655
-0.40346,-0.298047479648203
-0.41247,-0.284100925267129
-0.4207,-0.268635078052537
-0.42809,-0.251683951917342
-0.43461,-0.233304088037862
-0.44019,-0.213539474312535
-0.44479,-0.1924453129441
-0.44837,-0.170084639976419
-0.45088,-0.146517954289596
-0.45229,-0.121817056972455
-0.45257,-0.0960610695770563
-0.45167,-0.0693181910351984
-0.44957,-0.041668194760226
-0.44624,-0.0131906225029691
-0.44167,0.0160225811933965
-0.43583,0.0458868399973237
-0.4287,0.0763185563544774
-0.42028,0.107222594510825
-0.41056,0.138504718929032
-0.39953,0.170074243844885
-0.38719,0.201838731413604
-0.37355,0.233699805897525
-0.35863,0.26554996619617
-0.34242,0.297299874228405
-0.32495,0.328848153007142
-0.30624,0.360094374093052
-0.28632,0.390934733919364
-0.26521,0.421273482897921
-0.24295,0.451009774475713
-0.21959,0.480034619971879
-0.19515,0.50825825216568
-0.16969,0.535579942947804
-0.14325,0.561908363301869
-0.1159,0.587140783219448
-0.087682,0.611189517024723
-0.058665,0.633962187925723
-0.028909,0.65537258720375
0.0015155,0.675334853271672
0.032541,0.693768766206281
0.064093,0.710596479558257
0.096096,0.725744267090744
0.12847,0.739141235606027
0.16115,0.750732637779535
0.19403,0.760448763291035
0.22704,0.768237188793978
0.26009,0.774046892694549
0.2931,0.777837598876826
0.32597,0.779564823315588
0.35863,0.779204891869102
0.39097,0.776722771728267
0.42292,0.772105581669209
0.45439,0.765344624259928
0.48528,0.756428165341026
0.5155,0.745350439986169
0.54498,0.732126116367422
0.57363,0.716771812851117
0.60136,0.699305902288249
0.6281,0.679763049953261
0.65376,0.658175879518911
0.67826,0.634582385626625
0.70154,0.609039111455881
0.72353,0.581609057789503
0.74415,0.552351716864046
0.76334,0.521337251305554
0.78105,0.488650190897329
0.79722,0.454377195765643
0.81179,0.418604469762698
0.82473,0.381437807325815
0.836,0.34298860227073
0.84555,0.303362363013154
0.85336,0.262679116401587
0.8594,0.221059825337778
0.86365,0.178630145728071
0.8661,0.135523264519889
0.86675,0.0918819302847699
0.86558,0.047837588588914
0.8626,0.00353076489923768
0.85781,-0.0409023949328272
0.85124,-0.0853113313701615
0.84289,-0.129560730711706
0.83279,-0.173509719416017
0.82097,-0.217017485415527
0.80745,-0.25995525052228
0.79228,-0.302186074303464
0.77549,-0.343585808731781
0.75712,-0.384037505867431
0.73723,-0.423419364245465
0.71586,-0.461624745033804
0.69307,-0.498548349292149
0.66891,-0.534097250094233
0.64344,-0.568184681804575
0.61672,-0.600732276530076
0.58881,-0.631671645927964
0.55977,-0.66094539100049
0.52966,-0.688507619220378
0.49856,-0.714309248206471
0.46652,-0.738323191545836
0.43361,-0.760527078791155
0.39991,-0.780896566328214
0.36547,-0.79942953233057
0.33037,-0.816120583533815
0.29467,-0.830977526106208
0.25845,-0.844004657314196
0.22178,-0.855211520449042
0.18473,-0.86461236956466
0.14736,-0.872232961611083
0.10975,-0.878093492997237
0.071973,-0.882214900200493
0.034098,-0.884621638847399
-0.0038024,-0.885338160300231
-0.041654,-0.884387500775562
-0.079385,-0.881793089192882
-0.11692,-0.877575710229139
-0.1542,-0.871765877132396
-0.19113,-0.864374758549615
-0.22767,-0.855438513256107
-0.26372,-0.844968289793519
-0.29922,-0.832984503287429
-0.33411,-0.819514605395621
-0.36833,-0.80459109466776
-0.40179,-0.788227569396919
-0.43444,-0.770451654552318
-0.46622,-0.751294176832181
-0.49707,-0.730787744572852
-0.52693,-0.70896553610855
-0.55574,-0.685860285384104
-0.58345,-0.661510850257061
-0.61001,-0.63595993448051
-0.63537,-0.60925213479138
-0.65949,-0.581439693268598
-0.68232,-0.552572121764315
-0.70383,-0.522710074415374
-0.72397,-0.491906630259089
-0.74271,-0.460221959699098
-0.76003,-0.427727539751802
-0.7759,-0.394494448598559
-0.79029,-0.360591307846575
-0.80318,-0.326090046786068
-0.81456,-0.291070433318136
-0.82442,-0.255616103465839
-0.83274,-0.219803835634391
-0.83952,-0.183717235201692
-0.84474,-0.147427968681991
-0.84842,-0.111025295535899
-0.85054,-0.0745802209836193
-0.85112,-0.0381762196101518
-0.85016,-0.00188927225418388
-0.84766,0.0342132583704405
-0.84365,0.0700511474900856
-0.83812,0.105566114913918
-0.83111,0.140682760691659
-0.82262,0.175344100056307
-0.81268,0.209487961223867
-0.80131,0.243057691403907
-0.78855,0.275988450850913
-0.77442,0.308225960559769
-0.75894,0.339726551431319
-0.74216,0.370434746479395
-0.72411,0.400302466983919
-0.70483,0.429282121779784
-0.68435,0.457335815696676
-0.66272,0.484420326156711
-0.63997,0.510504707107497
-0.61616,0.535547165957102
-0.59133,0.559513672030118
-0.56552,0.58237794687148
-0.53878,0.604113853581053
-0.51116,0.624696639055018
-0.4827,0.644111276921486
-0.45348,0.662321939023398
-0.42352,0.679321864835619
-0.3929,0.695084034268113
-0.36166,0.709595880741711
-0.32985,0.722849892903265
-0.29755,0.734821102732634
-0.26479,0.745508534660927
-0.23165,0.754894014047233
-0.19818,0.762968564409916
-0.16444,0.769723837051299
-0.13049,0.775152571517057
-0.096399,0.779242261869251
-0.062215,0.781992357529866
-0.028006,0.783397480965826
0.0061695,0.783455830582788
0.040249,0.782165856493563
0.074171,0.779527257232781
0.10788,0.77554543316851
0.1413,0.770215312252122
0.17438,0.763542217153719
0.20707,0.755540652349663
0.23929,0.746210152207668
0.271,0.735567952961774
0.30212,0.723615680242872
0.33261,0.710372057957749
0.36241,0.695854437037663
0.39146,0.680078724888755
0.4197,0.663059341224433
0.4471,0.644831393443312
0.47358,0.625408833770881
0.49912,0.604832618783359
0.52365,0.583127448560533
0.54713,0.560326469809011
0.56953,0.536476150059354
0.59079,0.511610263690401
0.61089,0.485781000274181
0.62978,0.459031763144446
0.64742,0.431405031802004
0.66379,0.402956087526587
0.67886,0.373741539780442
0.69259,0.34381002097369
0.70497,0.3132244454416
0.71596,0.282035178391925
0.72554,0.25029568819902
0.7337,0.21806765780864
0.74042,0.185410084918898
0.74568,0.152377939749878
0.74947,0.119028556275248
0.75178,0.0854193061498143
0.7526,0.0516057060474435
0.75193,0.0176473190907778
0.74975,-0.0164097990230944
0.74608,-0.050502538428266
0.74091,-0.0845783256486335
0.73424,-0.118587514059641
0.72608,-0.152477193091579
0.71645,-0.186186285980042
0.70536,-0.219656602358677
0.69281,-0.252841683273222
0.67883,-0.285684058973784
0.66345,-0.31811939369022
0.64667,-0.350102192386113
0.62853,-0.381574275616005
0.60905,-0.412484083655179
0.58827,-0.442772477987849
0.56622,-0.472383686148371
0.54294,-0.501259246501671
0.51846,-0.529347997878446
0.49282,-0.556599158618646
0.46607,-0.582956743654638
0.43827,-0.608355193468946
0.40945,-0.632745681701648
0.37967,-0.656072520741549
0.34898,-0.678283915716155
0.31745,-0.699318339203715
0.28513,-0.719123385284311
0.25207,-0.737655944337704
0.21836,-0.754852526255062
0.18405,-0.77066502917105
0.1492,-0.785052191858695
0.1139,-0.797957744361597
0.078207,-0.809339772210226
0.042199,-0.819154070705983
0.0059507,-0.827358763204682
-0.030462,-0.833914627825184
-0.066961,-0.838784548011335
-0.10347,-0.841935967990635
-0.1399,-0.843332021103321
-0.17619,-0.842954584685496
-0.21224,-0.840772816270253
-0.24797,-0.836761745153598
-0.28331,-0.830909691080487
-0.31817,-0.823201705901269
-0.35247,-0.813628483839869
-0.38612,-0.802178580874019
-0.41905,-0.788854367861409
-0.45117,-0.773654928449081
-0.4824,-0.756584526236405
-0.51268,-0.737666667480801
-0.5419,-0.716903143032063
-0.57001,-0.694322901157542
-0.59692,-0.669946744229035
-0.62257,-0.643810835525716
-0.64688,-0.615948231543945
-0.66978,-0.586396231581427
-0.69121,-0.555202152286331
-0.7111,-0.522412897413385
-0.7294,-0.488088713971448
-0.74604,-0.452284310629283
-0.76098,-0.41507072269432
-0.77417,-0.376522888312225
-0.78555,-0.336709492654672
-0.79509,-0.295714476350186
-0.80275,-0.253624348853268
-0.8085,-0.210532648904787
-0.8123,-0.16652851501551
-0.81414,-0.121717121818814
-0.81399,-0.0761987098904688
-0.81185,-0.0300887471226713
-0.8077,0.016503245693688
-0.80154,0.0634610729966403
-0.79337,0.110666710005137
-0.78319,0.15800430378999
-0.77102,0.205348599301419
-0.75688,0.25257068884388
-0.74079,0.299542782297867
-0.72276,0.346149471385068
-0.70284,0.392259558329146
-0.68106,0.437748171419669
-0.65746,0.482492271734171
-0.63209,0.526367025785265
-0.605,0.569250356794159
-0.57625,0.611019175491624
-0.54589,0.651561191007173
-0.51399,0.690761991776328
-0.48063,0.728502104004475
-0.44587,0.76467695306658
-0.40979,0.799183003705538
-0.37248,0.831913974263898
-0.33402,0.862772651620688
-0.2945,0.891665394150034
-0.25402,0.918497613716767
-0.21266,0.943192346363637
-0.17054,0.965660386498411
-0.12774,0.985835693878706
-0.084377,1.00364637238216
-0.040556,1.0190276610779
0.0036167,1.03192236117331
0.04803,1.04227838011888
0.092573,1.05005029678461
0.13713,1.05519672648732
0.1816,1.05769248892799
0.22586,1.05751082484755
0.26979,1.05462755648287
0.31329,1.04903690537356
0.35624,1.04073414786781
0.39853,1.0297237568591
0.44007,1.01603307784284
0.48073,0.999678340564859
0.52041,0.980689265637304
0.55902,0.959113696164621
0.59644,0.934991227840687
0.6326,0.908391275514852
0.66738,0.879368958869484
0.70071,0.848003812560977
0.73249,0.814371113783988
0.76263,0.778548399103517
0.79108,0.74064277366367
0.81773,0.700738133653264
0.84253,0.658941905517792
0.86541,0.61536286345759
0.8863,0.570107944614906
0.90516,0.52330184261101
0.92192,0.475057896100887
0.93654,0.425499224249767
0.94899,0.374760647212235
0.95923,0.322975082555802
0.96723,0.270277355281404
0.97296,0.216799751911573
0.97642,0.162690629171465
0.9776,0.108099359730283
0.97648,0.053164114666015
0.97308,-0.00196078033669846
0.9674,-0.0571276445124201
0.95947,-0.1121767133621
0.94929,-0.166965788247864
0.93691,-0.22133456303515
0.92236,-0.275128158685461
0.90567,-0.328201200431223
0.88689,-0.380406118993633
0.86607,-0.431598610253255
0.84327,-0.481634586062829
0.81855,-0.530375137453323
0.79198,-0.577683032052114
0.76361,-0.62344206443526
0.73353,-0.667527757011337
0.70182,-0.709820949546625
0.66855,-0.750218615980171
0.6338,-0.788627386156321
0.59766,-0.824958077750209
0.56022,-0.859128563967349
0.52157,-0.891065884564839
0.4818,-0.92070769202401
0.441,-0.948003121216391
0.39927,-0.972905768622267
0.3567,-0.995382673759281
0.31339,-1.01540637753289
0.26944,-1.03295572994102
0.22495,-1.04801632527272
0.18001,-1.06058802359724
0.13472,-1.07067580132974
0.089193,-1.07827996595753
0.04351,-1.08342160628532
-0.0022232,-1.0861205003433
-0.04791,-1.0864024312275
-0.093454,-1.08429820326684
-0.13876,-1.07984339606885
-0.18373,-1.07307502022184
-0.22827,-1.06403374934245
-0.2723,-1.0527729600176
-0.31571,-1.03933308769311
-0.35843,-1.023773001976
-0.40036,-1.00614298577492
-0.44141,-0.986492706815838
-0.48152,-0.964892392383102
-0.52059,-0.941397547314013
-0.55855,-0.916072617402184
-0.59531,-0.888972791056452
-0.63082,-0.860173903668576
-0.665,-0.829744194025845
-0.69778,-0.797751279291098
-0.72909,-0.764260343334425
-0.75888,-0.729347491221397
-0.78709,-0.693088009372922
-0.81367,-0.65556168383896
-0.83855,-0.616834740344089
-0.8617,-0.576989975518766
-0.88307,-0.536106207230329
-0.90263,-0.494271375576615
-0.92032,-0.45155584979943
-0.93613,-0.408050502796455
-0.95002,-0.363837672975491
-0.96198,-0.319012337627139
-0.97197,-0.273654443455815
-0.97998,-0.227851339652114
-0.986,-0.181693450274582
-0.99003,-0.135278088030326
-0.99206,-0.08869753683418
-0.99209,-0.0420443416614165
-0.99012,0.00459185983414694
-0.98617,0.0511120447506644
-0.98024,0.0974277427250247
-0.97236,0.143439871851434
-0.96254,0.189058955826738
-0.95081,0.234191602962481
-0.93721,0.278737122543188
-0.92176,0.322607185199792
-0.9045,0.365711784978377
-0.88548,0.407955380866473
-0.86474,0.449248727844358
-0.84233,0.489503469173855
-0.8183,0.528635164527452
-0.7927,0.566565638896417
-0.7656,0.603209927653718
-0.73706,0.638488116679051
-0.70714,0.672327358704164
-0.67591,0.704655925252222
-0.64344,0.735405778283668
-0.6098,0.764514542106658
-0.57507,0.79191954392954
-0.53932,0.81756780110575
-0.50263,0.841409018141733
-0.46507,0.863404655156052
-0.42674,0.883505330229545
-0.3877,0.901684636588733
-0.34805,0.917906614930016
-0.30787,0.93214413754158
-0.26723,0.944386072466639
-0.22623,0.954613039172922
-0.18495,0.962815026877739
-0.14347,0.968990523560368
-0.10187,0.973145566951983
-0.06024,0.975285352633642
-0.018655,0.975425940675803
0.022802,0.973586358480601
0.064054,0.969792473735652
0.10502,0.964072497858024
0.14563,0.956464350738119
0.18581,0.947010207000986
0.22549,0.935757861741902
0.26459,0.9227512793652
0.30305,0.908045210365997
0.3408,0.891694456265989
0.37779,0.873767360354039
0.41395,0.854326699030306
0.44922,0.833436560344174
0.48356,0.811175197131432
0.5169,0.787607995339523
0.5492,0.762810345412926
0.5804,0.736848785254264
0.61047,0.709802969714187
0.63937,0.681753415930489
0.66704,0.652764168995113
0.69346,0.622913584525144
0.71859,0.592274357771218
0.7424,0.560919735046343
0.76485,0.528913676985331
0.78591,0.496317929832445
0.80557,0.463205154458867
0.8238,0.429639629655081
0.84057,0.395676688479397
0.85587,0.36137726309525
0.86968,0.32679726417625
0.88199,0.291993936803305
0.89278,0.257016146854478
0.90204,0.221911552658422
0.90977,0.186732413001414
0.91597,0.151532759663206
0.92062,0.116351281462387
0.92373,0.0812348999812843
0.92531,0.0462353745023035
0.92534,0.0113842611612373
0.92385,-0.0232675805306409
0.92084,-0.0576778060204506
0.91633,-0.0917977925495598
0.91031,-0.125597861513894
0.90282,-0.159027947243581
0.89387,-0.19204558267954
0.88348,-0.224608662207429
0.87167,-0.256676997995335
0.85846,-0.288213521958156
0.84388,-0.319177773833285
0.82796,-0.349528128250154
0.81073,-0.379223611153428
0.79221,-0.408232741268493
0.77245,-0.436510824590669
0.75147,-0.464026364798582
0.72931,-0.49074502289148
0.70601,-0.516631553244377
0.6816,-0.541658774437708
0.65613,-0.565792397709225
0.62963,-0.589008559612403
0.60216,-0.611270692599629
0.57375,-0.632555578920088
0.54445,-0.652837016344357
0.5143,-0.672094915984677
0.48335,-0.690307674011998
0.45165,-0.707453447544761
0.41926,-0.723503776510095
0.38621,-0.738448187385067
0.35257,-0.752261780539023
0.31838,-0.764931242138636
0.28371,-0.776431116567024
0.2486,-0.786749363748077
0.21311,-0.795870621655485
0.17731,-0.803770189717602
0.14124,-0.8104389892909
0.10497,-0.815858895899989
0.068565,-0.82000896936519
0.032074,-0.82287866938622
-0.0044365,-0.824453459201784
-0.040906,-0.824720680894671
-0.077275,-0.823670533483519
-0.11348,-0.821293082666257
-0.14947,-0.817588051007806
-0.18519,-0.812560251056971
-0.22056,-0.806200229778018
-0.25554,-0.798517091116527
-0.29007,-0.789520083600368
-0.32407,-0.779203745339987
-0.3575,-0.767580662308153
-0.3903,-0.754663016695006
-0.4224,-0.740455112321093
-0.45374,-0.724962320191608
-0.48426,-0.708190845738782
-0.51392,-0.690162304747691
-0.54264,-0.670880688185944
-0.57037,-0.650357945401008
-0.59706,-0.62861219184098
-0.62265,-0.605658704355402
-0.6471,-0.58152491335931
-0.67035,-0.556232574932516
-0.69235,-0.529805720027068
-0.71307,-0.502284380684998
-0.73245,-0.473698247868827
-0.75045,-0.444082665832268
-0.76705,-0.413491355020052
-0.7822,-0.381969199312292
-0.79588,-0.349574893946113
-0.80804,-0.316354432973145
-0.81869,-0.282386608890591
-0.82777,-0.247722661346767
-0.83529,-0.212441861697542
-0.84122,-0.176614194888625
-0.84556,-0.140322270060129
-0.84829,-0.103641633426284
-0.84942,-0.0666620300036155
-0.84894,-0.0294671567172244
-0.84685,0.0078593480921559
-0.84317,0.0452217191435667
-0.83789,0.0825395689179949
-0.83104,0.119717922317328
-0.82263,0.156667852365889
-0.81269,0.193293396982011
-0.80123,0.229510814512903
-0.78829,0.265226838139696
-0.7739,0.300351006415878
-0.75808,0.334805552288877
-0.74089,0.368496092369164
-0.72236,0.401340220093818
-0.70254,0.433253275758754
-0.68148,0.464151748890201
-0.65922,0.493963400724781
-0.63583,0.52260556162101
-0.61135,0.550012293543195
-0.58585,0.576111480075657
-0.5594,0.60082871326839
-0.53204,0.624112672004611
-0.50386,0.645895818028074
-0.47491,0.666129698605052
-0.44526,0.68476852208537
-0.41499,0.701763243923218
-0.38416,0.717079054500475
-0.35285,0.730679508105823
-0.32112,0.742543344262218
-0.28905,0.752648048714137
-0.25671,0.760978801420877
-0.22417,0.767528063945511
-0.1915,0.772295032274739
-0.15878,0.775277592414693
-0.12607,0.776488021890881
-0.093453,0.775933433092585
-0.060984,0.773637827335087
-0.028735,0.769626112118482
0.0032294,0.763929203778838
0.034845,0.756582759930451
0.066051,0.747628209001908
0.096789,0.737112645046175
0.127,0.725086330310954
0.15664,0.711612090896255
0.18565,0.696750328951132
0.21398,0.680564702975367
0.2416,0.66313470413052
0.26845,0.644528355126949
0.29451,0.624832221599949
0.31973,0.604123294422032
0.34409,0.582490901712503
0.36756,0.56002441293845
0.39012,0.53681807341517
0.41174,0.51295992885262
0.43241,0.48854519501067
0.45211,0.463664611274562
0.47083,0.438409917303366
0.48857,0.412878198006567
0.50532,0.387160418263916
0.52107,0.361339694683256
0.53584,0.335512255026875
0.54961,0.309752190736341
0.56241,0.284150156335958
0.57423,0.258777540715618
0.58508,0.233702443360579
0.59498,0.208995215904366
0.60394,0.184718072513462
0.61198,0.160931712246218
0.61911,0.137685896588858
0.62535,0.11502692721299
0.63073,0.0930037664242993
0.63526,0.0716507247994068
0.63897,0.0510034793903263
0.64187,0.0310823739543438
0.644,0.0119163545483469
0.64537,-0.00648231578878239
0.64602,-0.0240936025528226
0.64595,-0.0409219421549686
0.64521,-0.0569550039809009
0.64381,-0.0721974198808256
0.64178,-0.0866531176941134
0.63914,-0.100333261952841
0.63591,-0.11325503547576
0.63212,-0.125433070852214
0.62778,-0.136894759679178
0.62293,-0.147655241795569
0.61758,-0.157741899019449
0.61174,-0.167191555248733
0.60543,-0.176040552302447
0.59868,-0.184316720583984
0.59148,-0.192070063814646
0.58385,-0.199345113336545
0.57581,-0.206180939633446
0.56735,-0.21263344432822
0.55849,-0.218748481859077
0.54922,-0.224584797581386
0.53955,-0.230195162601302
0.52947,-0.235640873698541
0.51899,-0.24097359582725
0.50811,-0.246243125570409
0.49681,-0.251511056792285
0.4851,-0.256824484865343
0.47296,-0.262239534942614
0.46039,-0.267803082041299
0.44739,-0.273553024355029
0.43394,-0.279533501067733
0.42003,-0.285784796600416
0.40567,-0.292327894651024
0.39084,-0.299189489432026
0.37553,-0.306392408639548
0.35975,-0.313940602272126
0.34347,-0.321851907432273
0.3267,-0.330124939489558
0.30944,-0.338749895541035
0.29168,-0.347717485704503
0.27343,-0.357003952876598
0.25468,-0.366588982075114
0.23544,-0.376440489607042
0.21571,-0.386524888494189
0.19551,-0.39679324162664
0.17484,-0.407200116639259
0.1537,-0.417703942680692
0.13213,-0.428237659010132
0.11013,-0.438744918371614
0.087718,-0.449166134253237
0.064912,-0.459440686039555
0.041734,-0.469505806457142
0.018208,-0.479297260648392
-0.0056459,-0.488754335711583
-0.029798,-0.49781382698178
-0.054224,-0.506416386973412
-0.078896,-0.51450492096153
-0.10378,-0.522021419226367
-0.12885,-0.528914883460009
-0.15406,-0.535126849000435
-0.1794,-0.540621350408283
-0.20481,-0.545344906481088
-0.23026,-0.549253902385897
-0.2557,-0.552299426135392
-0.28111,-0.554452180290157
-0.30644,-0.55567769008321
-0.33163,-0.555931250035801
-0.35665,-0.555183689279305
-0.38146,-0.55341215815018
-0.40599,-0.550577750603403
-0.43021,-0.546659643229808
-0.45406,-0.541630365212433
-0.47749,-0.535465620757028
-0.50046,-0.528152113986537
-0.52291,-0.519671379830249
-0.54479,-0.510009062113358
-0.56605,-0.499154873892924
-0.58664,-0.487102450594303
-0.6065,-0.473841719680057
-0.6256,-0.459382416295905
-0.64388,-0.443728136966219
-0.6613,-0.426892550156095
-0.6778,-0.408882589253217
-0.69334,-0.389714639778585
-0.70789,-0.369419923951161
-0.72139,-0.348018854838062
-0.73382,-0.325552388434853
-0.74512,-0.302047560593303
-0.75527,-0.277549208117918
-0.76422,-0.252093266498429
-0.77196,-0.225737223466535
-0.77844,-0.198524904566817
-0.78364,-0.170510180751924
-0.78754,-0.141753588393401
-0.79012,-0.112319405109665
-0.79135,-0.0822657618924119
-0.79123,-0.0516663762599963
-0.78974,-0.0205906510983335
-0.78686,0.01089749901485
-0.78261,0.0427109085769948
-0.77697,0.0747757960059816
-0.76994,0.107016605272819
-0.76153,0.139351275494367
-0.75174,0.171702419252911
-0.7406,0.20397665725847
-0.7281,0.236100180340521
-0.71428,0.267980375529821
-0.69914,0.29954198289849
-0.68272,0.330696646718147
-0.66504,0.361363119187663
-0.64614,0.391453796230205
-0.62604,0.420893641869765
-0.60478,0.449605557616473
-0.58241,0.477506060458607
-0.55896,0.504524163690476
-0.53447,0.530594103501166
-0.509,0.555641962694706
-0.4826,0.579597289709533
-0.4553,0.602409777018479
-0.42718,0.624010422853603
-0.39827,0.644354671835044
-0.36865,0.663382587649283
-0.33836,0.681053714702556
-0.30746,0.697330288791235
-0.27603,0.712163629890338
-0.24411,0.725527813356583
-0.21177,0.737394437895666
-0.17908,0.747734529035412
-0.1461,0.756527456816612
-0.11289,0.763760493071073
-0.079521,0.769420095776752
-0.046057,0.773498190945174
-0.012565,0.77598966888713
0.020892,0.776895439980358
0.054247,0.77621879631826
0.087437,0.773968304372166
0.12039,0.770150351743457
0.15306,0.764789051019011
0.18536,0.757892238009457
0.21725,0.74948953751535
0.24865,0.739598097551983
0.27951,0.728247034896855
0.30977,0.715467206183046
0.33937,0.701290284774078
0.36825,0.685747957023197
0.39637,0.668886032437465
0.42366,0.650738439455782
0.45008,0.631350913629174
0.47558,0.610770164229322
0.50012,0.589049882464898
0.52364,0.566233178555688
0.54611,0.542375642136524
0.56749,0.517533989662944
0.58775,0.491771652566082
0.60685,0.465148282053305
0.62477,0.437733542361347
0.64148,0.40959574821227
0.65695,0.380800104396327
0.67117,0.351422122578434
0.68412,0.321535951475503
0.69579,0.291219769869278
0.70617,0.26055259969346
0.71527,0.229626479763868
0.72306,0.198511532528468
0.72956,0.167294900917315
0.73477,0.136059886232484
0.7387,0.104891400824455
0.74136,0.0738728937522375
0.74275,0.0430764845382714
0.74291,0.0125922575062827
0.74183,-0.0175151762456828
0.73956,-0.0471596929983405
0.7361,-0.0762777196332942
0.73148,-0.104804010116351
0.72573,-0.132674372664434
0.71889,-0.159820443235682
0.71097,-0.18619516956532
0.70202,-0.211741035899111
0.69207,-0.236409099459018
0.68115,-0.260159311612871
0.6693,-0.282953150681471
0.65657,-0.304747631908451
0.64298,-0.325520163368202
0.62858,-0.345243666596599
0.61342,-0.363888811389311
0.59752,-0.381448037785963
0.58094,-0.397902566411168
0.56371,-0.413247848834946
0.54588,-0.427476700944208
0.52748,-0.440595337667488
0.50857,-0.452598938152572
0.48918,-0.463496580001978
0.46935,-0.473301360503243
0.44913,-0.482022303490763
0.42855,-0.489680092884901
0.40766,-0.496289834031816
0.3865,-0.501869457323592
0.3651,-0.50644638241176
0.3435,-0.510047824642115
0.32175,-0.512692952597876
0.29986,-0.514423719165783
0.27789,-0.515262528864294
0.25586,-0.515245155459149
0.23381,-0.514402513403358
0.21176,-0.512775652263517
0.18976,-0.510390567587725
0.16782,-0.507290030142183
0.14598,-0.50350700650628
0.12426,-0.499080448367566
0.1027,-0.494038248418903
0.081307,-0.488422965614066
0.060118,-0.482265565531215
0.039152,-0.475600037928059
0.018433,-0.468458065607461
-0.0020239,-0.46087505473773
-0.022194,-0.45288120233367
-0.042061,-0.44450773040216
-0.061608,-0.435785214229812
-0.080819,-0.426743352256998
-0.09968,-0.417411607743445
-0.11818,-0.407820464412075
-0.1363,-0.397994269217203
-0.15403,-0.38795818719095
-0.17136,-0.377737123863212
-0.18828,-0.367354862850838
-0.20478,-0.356833397836685
-0.22085,-0.346192438302269
-0.23648,-0.335449068750894
-0.25167,-0.324624939831278
-0.26641,-0.313737159149486
-0.28069,-0.302798465062358
-0.2945,-0.291817477742709
-0.30785,-0.280813806272655
-0.32072,-0.269792971077396
-0.33312,-0.258770939236136
-0.34503,-0.247749256163204
-0.35645,-0.236732361636586
-0.36739,-0.225734083001391
-0.37783,-0.214753058095584
-0.38777,-0.203790303909581
-0.39722,-0.192855925982938
-0.40617,-0.181952121511359
-0.41462,-0.17108188133235
-0.42257,-0.160248591519101
-0.43002,-0.149455712741172
-0.43696,-0.138699130817657
-0.4434,-0.127983381736324
-0.44934,-0.117312328844834
-0.45477,-0.106681676906124
-0.4597,-0.0960953404654781
-0.46412,-0.0855488473377581
-0.46804,-0.0750457726213448
-0.47145,-0.0645811978988539
-0.47435,-0.0541507937651351
-0.47675,-0.0437581306409744
-0.47864,-0.0333981908499229
-0.48003,-0.0230738923441019
-0.48091,-0.0127796206286338
-0.48128,-0.0025103688448997
-0.48115,0.00773090728534449
-0.48051,0.0179497450166492
-0.47937,0.0281436286797373
-0.47773,0.0383110462113884
-0.47558,0.048458758177375
-0.47293,0.0585852567521674
-0.46978,0.0686898308497875
-0.46613,0.0787724486907259
-0.46198,0.0888336460130732
-0.45734,0.0988670228621455
-0.4522,0.108875561167017
-0.44656,0.118862349143259
-0.44043,0.128823104923336
-0.43381,0.138755125845996
-0.42671,0.14864966395042
-0.41912,0.158508127611234
-0.41106,0.168317899863972
-0.40252,0.178077589214368
-0.39351,0.187780112637411
-0.38404,0.197414005164174
-0.37411,0.206971982706231
-0.36374,0.216435550611672
-0.35292,0.225799873854177
-0.34167,0.235049100355165
-0.32999,0.244173745704047
-0.3179,0.253154957185042
-0.30541,0.261974265909182
-0.29253,0.270614044890792
-0.27926,0.279065266676035
-0.26563,0.287303959957144
-0.25164,0.295317000257928
-0.23731,0.303085641124898
-0.22266,0.310587187302316
-0.2077,0.317803843860055
-0.19245,0.324714939300239
-0.17692,0.331305534606693
-0.16115,0.337543633589821
-0.14513,0.343421429393185
-0.1289,0.348913973148027
-0.11248,0.3539980849972
-0.095879,0.358660892454065
-0.07913,0.362880572389732
-0.062252,0.366639169562617
-0.045268,0.369919515734384
-0.028202,0.372704951517893
-0.011076,0.374981311007128
0.0060838,0.376733873871047
0.023255,0.377950841262638
0.040412,0.378620884862035
0.05753,0.378734117485984
0.074584,0.37828209637287
0.091548,0.377257194303745
0.1084,0.375655766714113
0.1251,0.373464324052223
0.14164,0.370685615164735
0.15798,0.367311892651726
0.17409,0.363334694398405
0.18996,0.358760131906277
0.20554,0.353576458617394
0.22082,0.347787552512033
0.23577,0.34139511504769
0.25035,0.334391773712893
0.26454,0.326777930642229
0.27831,0.318552947687901
0.29163,0.309715462952041
0.30447,0.300263656550258
0.31682,0.29021026641454
0.32864,0.279557333933435
0.3399,0.268305699609806
0.35058,0.256462672110185
0.36067,0.244048042957053
0.37013,0.231069025824783
0.37894,0.217537347933697
0.38709,0.203475498179185
0.39456,0.188906690922792
0.40133,0.17385414350357
0.40739,0.158347872193333
0.41272,0.1424151858503
0.41731,0.126087868354252
0.42116,0.109407834994027
0.42425,0.0924092264476559
0.42657,0.0751263410900241
0.42814,0.0576147944166187
0.42893,0.0399088399691054
0.42895,0.0220540610055324
0.42821,0.00410381564957966
0.4267,-0.013898634149247
0.42443,-0.0319047079945038
0.4214,-0.0498704349907179
0.41763,-0.0677421651437758
0.41312,-0.0854749050751511
0.40788,-0.103024704348831
0.40192,-0.12034991143836
0.39525,-0.137412141832701
0.3879,-0.154162191755177
0.37987,-0.170565951626698
0.37118,-0.186587934192592
0.36185,-0.202192839341718
0.3519,-0.217346810886048
0.34135,-0.232018414697705
0.33021,-0.246186765525093
0.31852,-0.259818221746677
0.30628,-0.272899700061752
0.29354,-0.285398424779804
0.2803,-0.297303951828779
0.2666,-0.308594889232371
0.25246,-0.319256730377372
0.23791,-0.329273846077224
0.22297,-0.33863784502021
0.20768,-0.347331925288362
0.19206,-0.355348050219215
0.17615,-0.362670967159597
0.15996,-0.369302486245106
0.14354,-0.375228824915462
0.1269,-0.380453848197329
0.11009,-0.384966218514069
0.093135,-0.388761372985898
0.076061,-0.391839815349218
0.058904,-0.394198946658106
0.041696,-0.395836901813667
0.024467,-0.396754128801083
0.007252,-0.396949413282157
-0.0099177,-0.39642313980945
-0.02701,-0.395176538963633
-0.043993,-0.393211788474022
-0.060832,-0.390529840442454
-0.0775,-0.387136457265877
-0.093961,-0.383034591454739
-0.11019,-0.378233099506515
-0.12614,-0.372729192802153
-0.1418,-0.366537480650719
-0.15713,-0.359664847874968
-0.17211,-0.352126642242041
-0.18669,-0.343922504902113
-0.20087,-0.335076453238262
-0.21459,-0.325587190176494
-0.22785,-0.315477452793339
-0.24061,-0.304759192259573
-0.25285,-0.293450161297407
-0.26454,-0.281564927772693
-0.27565,-0.26911509859491
-0.28617,-0.256124357223339
-0.29607,-0.242610682475969
-0.30533,-0.228594343884483
-0.31393,-0.214096875778827
-0.32185,-0.199140208219597
-0.32907,-0.183745944922931
-0.33558,-0.167942175618455
-0.34136,-0.151753998301803
-0.3464,-0.135210739121506
-0.35068,-0.118336855985014
-0.3542,-0.101166909820888
-0.35695,-0.0837351729914809
-0.35892,-0.0660746477978359
-0.36011,-0.0482236880385769
-0.36051,-0.0302163915523151
-0.36013,-0.0120971421205536
-0.35896,0.00609753376474162
-0.35702,0.0243164189942616
-0.35429,0.0425276022779798
-0.35079,0.0606862299206497
-0.34653,0.0787458452990756
-0.34152,0.0966601782691692
-0.33577,0.114384599243495
-0.3293,0.131869868604761
-0.32211,0.149079422147008
-0.31423,0.165966011208716
-0.30568,0.182482745223936
-0.29647,0.198591988840477
-0.28663,0.214250121123766
-0.27618,0.229417603651664
-0.26515,0.244052201435839
-0.25356,0.258118388647079
-0.24144,0.271579970628402
-0.22883,0.284394157782783
-0.21574,0.296536544649395
-0.20222,0.307969000880072
-0.1883,0.318658522451936
-0.174,0.328584892437667
-0.15938,0.337709548193245
-0.14446,0.34601012334234
-0.12929,0.353456089944921
-0.1139,0.360026319090783
-0.098332,0.365699318086599
-0.082626,0.370455722822714
-0.066824,0.374277283512418
-0.050966,0.377148968339424
-0.035094,0.379057608494387
-0.01925,0.379992227468002
-0.0034733,0.379946235854201
0.012194,0.378915008058608
0.027712,0.376897563650226
0.043042,0.373897074215654
0.058146,0.369920780079064
0.072984,0.364977803889785
0.087525,0.359085456640545
0.10173,0.352261515793723
0.11557,0.344531280826183
0.12901,0.335921206865914
0.14202,0.326461853473637
0.15457,0.316186428073519
0.16664,0.305136912678396
0.1782,0.29335395524178
0.18923,0.280883517511696
0.19971,0.267774666091336
0.20961,0.254070282238446
0.21892,0.239821885649653
0.22763,0.225086537277121
0.23572,0.209916777633836
0.24317,0.19435999306523
0.24998,0.178472794597221
0.25614,0.162310155880176
0.26163,0.145916674580178
0.26647,0.129356748822658
0.27063,0.112671801587496
0.27412,0.0959129384564318
0.27694,0.0791300131456567
0.2791,0.062377631099673
0.28059,0.0456976601318995
0.28142,0.0291350278773847
0.28159,0.0127281699898904
0.28112,-0.00347631842832048
0.28001,-0.0194416744784093
0.27828,-0.0351256347414401
0.27593,-0.0504978118829981
0.27298,-0.0655238127374304
0.26945,-0.0801673342452366
0.26534,-0.0944066903338294
0.26069,-0.10820337832811
0.25549,-0.121543739831054
0.24978,-0.134397931165485
0.24357,-0.146746436886947
0.23688,-0.158571574391668
0.22974,-0.169850594517121
0.22216,-0.180572427390206
0.21418,-0.190713886420995
0.20581,-0.200265167527682
0.19708,-0.209213063414459
0.18802,-0.217542306137091
0.17865,-0.22524408208209
0.16901,-0.232300527909205
0.15911,-0.23870943795671
0.14899,-0.244459387734525
0.13868,-0.249539495341122
0.12821,-0.253939860327929
0.1176,-0.2576592811507
0.10688,-0.260696453293401
0.096088,-0.26304434546768
0.085246,-0.264703547936945
0.074382,-0.265676552034772
0.063525,-0.26596678038113
0.052701,-0.265580725739935
0.041937,-0.264526623492134
0.03126,-0.262814062100975
0.020693,-0.260456577445345
0.010261,-0.257469189405928
-1.2581e-05,-0.253869010734864
-0.010106,-0.249675736438171
-0.019998,-0.244911074022788
-0.029668,-0.239598354646375
-0.039097,-0.233762828009324
-0.04827,-0.227433620911286
-0.057168,-0.220639280022502
-0.065775,-0.213409350818532
-0.07408,-0.205777082503423
-0.082068,-0.197774837184369
-0.089726,-0.189434829906462
-0.097045,-0.180791186967465
-0.10401,-0.17187414010631
-0.11062,-0.162720221810064
-0.11685,-0.153352196192725
-0.12271,-0.143806859333958
-0.12819,-0.134116393330122
-0.13327,-0.124300842712622
-0.13796,-0.114391928900702
-0.14225,-0.104414955465229
-0.14614,-0.0943965750641053
-0.14962,-0.0843562112500695
-0.1527,-0.0743215143059951
-0.15537,-0.064311018835623
-0.15764,-0.0543499848266231
-0.1595,-0.0444534027766305
-0.16097,-0.0346495429699695
-0.16204,-0.0249542168905551
-0.16272,-0.0153873351185843
-0.16302,-0.00597135179260871
-0.16294,0.00327744596759975
-0.1625,0.0123336104360399
-0.1617,0.0211799987356674
-0.16055,0.0297994468566963
-0.15907,0.0381680613983182
-0.15726,0.0462721704574479
-0.15513,0.0540995358408787
-0.15271,0.0616248368305249
-0.15,0.0688352788649056
-0.14701,0.0757213262082934
-0.14376,0.0822691534789226
-0.14027,0.0884620590066785
-0.13655,0.0942890655994825
-0.13262,0.0997369104667683
-0.1285,0.104791041044715
-0.1242,0.109443841727597
-0.11974,0.113686292284163
-0.11515,0.117501275272495
-0.11044,0.120880569083313
-0.10564,0.12380872606515
-0.10076,0.126279849122373
-0.095836,0.12827683980086
-0.090878,0.129793418399734
-0.08591,0.130822005031729
-0.080955,0.131355080756801
-0.076035,0.131386275798754
-0.071172,0.130910472333171
-0.066386,0.129925330034127
-0.061697,0.128430960606804
-0.05713,0.126425898089348
-0.052702,0.123913498378476
-0.048433,0.120898829672828
-0.044344,0.117387594091667
-0.040455,0.113386710290503
-0.036782,0.108906959772083
-0.033344,0.103959832916121
-0.030158,0.09855865529179
-0.02724,0.0927186952565616
-0.024606,0.0864564480038222
-0.02227,0.0797904924590232
-0.020245,0.0727413747167143
-0.018544,0.0653307096322936
-0.017178,0.0575818933254236
-0.016154,0.0495220960274227
-0.015483,0.0411778394040257
-0.015171,0.0325780888067819
-0.015222,0.0237544469155676
-0.015642,0.0147382677354906
-0.01643,0.00556497667760223
-0.01759,-0.00373144495556732
-0.019118,-0.0131132700756074
-0.021013,-0.0225430928064583
-0.02327,-0.0319819373899826
-0.025882,-0.0413892712851272
-0.028843,-0.050725291294782
-0.032141,-0.0599475869757515
-0.035765,-0.0690137119630128
-0.039701,-0.0778803141168186
-0.043935,-0.0865046929356198
-0.048448,-0.0948423551898411
-0.053223,-0.10285028288594
-0.058236,-0.110482886097591
-0.063467,-0.117696956402851
-0.068889,-0.124447474519864
-0.074476,-0.130690207263711
-0.0802,-0.136381572164288
-0.08603,-0.141477783075684
-0.091936,-0.145937135089112
-0.097884,-0.149718103606618
-0.10384,-0.152780774222383
-0.10977,-0.155087960511682
-0.11563,-0.156598643551769
-0.12139,-0.157280537268354
-0.12701,-0.157102245002152
-0.13245,-0.156034315536077
-0.13768,-0.154057439689435
-0.14264,-0.151139207405637
-0.14732,-0.147274876015216
-0.15167,-0.142452947735258
-0.15564,-0.136657177381856
-0.15922,-0.129897876538048
-0.16235,-0.122169885032528
-0.16502,-0.113493042823288
-0.16718,-0.103877574938485
-0.16881,-0.0933481929775204
-0.16987,-0.0819261334448794
-0.17036,-0.0696591243830134
-0.17023,-0.0565782596799734
-0.16948,-0.0427375954560331
-0.16808,-0.0281862597796643
-0.16603,-0.0129904440532047
-0.16329,0.00280113386270306
-0.15988,0.0191106993701673
-0.15578,0.0358686726840887
-0.15098,0.0530065425194541
-0.14548,0.0704511531901287
-0.1393,0.0881128648839396
-0.13243,0.105913455257762
-0.12487,0.123778779938382
-0.11665,0.141618012254387
-0.10776,0.159359152077238
-0.098232,0.176916552312491
-0.088076,0.194212474776731
-0.077314,0.211169144204197
-0.065967,0.227711997382006
-0.054058,0.243770030048978
-0.041615,0.259273793299084
-0.028665,0.274158198825188
-0.015237,0.288362467935503
-0.0013653,0.301827554631772
0.012921,0.314501801395872
0.027586,0.326336440483372
0.042594,0.33728707577535
0.057911,0.347315873558446
0.073499,0.356388941099306
0.089321,0.364477803843277
0.10534,0.37155970611134
0.12151,0.377611034909867
0.13781,0.382627172602738
0.15418,0.386590654662318
0.17058,0.38948944713095
0.18699,0.391331509709533
0.20336,0.392119022611587
0.21965,0.391857319325888
0.23582,0.390554570062048
0.25182,0.388214024193948
0.26763,0.3848574381898
0.28321,0.380506475810329
0.2985,0.375167688148604
0.31348,0.368865130667853
0.3281,0.36161439643504
0.34234,0.353446259924483
0.35614,0.344373536372429
0.36948,0.334423972417222
0.38231,0.323614565312769
0.3946,0.311968099847482
0.40632,0.299511509209406
0.41743,0.286267032713173
0.42789,0.272252580365759
0.43768,0.257496907129983
0.44676,0.242021964024302
0.45509,0.225843622600922
0.46266,0.208994583851245
0.46942,0.191490625020153
0.47535,0.173355589994671
0.48042,0.154611720431866
0.48461,0.135286691160653
0.4879,0.115411735667545
0.49025,0.0950052394336931
0.49166,0.0741042091313732
0.4921,0.0527373742206459
0.49155,0.0309332970431322
0.49001,0.00873429394034533
0.48747,-0.0138148913290896
0.4839,-0.0366836883047729
0.47932,-0.0598169630670498
0.47371,-0.0831710083002497
0.46708,-0.106690494067016
0.45942,-0.130327195596371
0.45075,-0.15401794013958
0.44108,-0.177696819939918
0.43041,-0.201305124655521
0.41875,-0.2247844017494
0.40613,-0.24806348660999
0.39257,-0.271070579990502
0.37808,-0.293743020307081
0.36269,-0.316012767925905
0.34643,-0.337809660724439
0.32932,-0.359071507542358
0.3114,-0.379729852521029
0.2927,-0.399720870535277
0.27325,-0.418986649844815
0.2531,-0.437461299027672
0.23227,-0.455096948530999
0.21081,-0.471839879277126
0.18877,-0.487633630423652
0.16617,-0.502443763731991
0.14307,-0.516225491676381
0.1195,-0.52894962817914
0.095521,-0.540577975293478
0.071168,-0.551085868751583
0.046489,-0.560451143949748
0.021531,-0.568655525121323
-0.0036575,-0.575683777578918
-0.029034,-0.581528475175731
-0.054547,-0.58618252784139
-0.080151,-0.589644221674848
-0.1058,-0.591916309641361
-0.13145,-0.593006988664543
-0.15704,-0.592916464505051
-0.18254,-0.591661799497343
-0.2079,-0.589258758325773
-0.23308,-0.585729373821396
-0.25801,-0.581078259602169
-0.28267,-0.575333100498648
-0.30701,-0.568517496989532
-0.33098,-0.560651349650578
-0.35454,-0.551758622367268
-0.37764,-0.541858671887232
-0.40025,-0.53098154151916
-0.42232,-0.51915040355795
-0.4438,-0.506382351030206
-0.46467,-0.492711353509796
-0.48488,-0.478161931933258
-0.50438,-0.4627503516282
-0.52314,-0.446500559400608
-0.54112,-0.429434627899871
-0.55827,-0.411565089526478
-0.57457,-0.392918572213843
-0.58998,-0.373517498864975
-0.60445,-0.353372833376157
-0.61796,-0.332508096684049
-0.63047,-0.310941413292166
-0.64194,-0.288685968552057
-0.65235,-0.265765286630675
-0.66165,-0.242188293100642
-0.66983,-0.217981361945385
-0.67685,-0.1931619189972
-0.68267,-0.167739583001716
-0.68729,-0.141746862048014
-0.69066,-0.115196742148304
-0.69278,-0.0881229686474897
-0.6936,-0.0605380044872896
-0.69313,-0.0324810498234603
-0.69133,-0.00397469100141153
-0.68819,0.0249504451959835
-0.68371,0.0542508325562403
-0.67786,0.0838960478032159
-0.67065,0.113837629932618
-0.66206,0.144036233996696
-0.6521,0.174438914244376
-0.64077,0.204990765999787
-0.62807,0.235636976309826
-0.61402,0.26630970330715
-0.59863,0.296940043429757
-0.58191,0.32746033075537
-0.56389,0.357791195871527
-0.54458,0.387861049069969
-0.52403,0.417577232071889
-0.50226,0.44685511043715
-0.47931,0.475604363185286
-0.45523,0.503725512606969
-0.43005,0.531129582964345
-0.40382,0.557724129324918
-0.37661,0.583402101315929
-0.34846,0.608070249918852
-0.31943,0.631634722624713
-0.28959,0.653996903199385
-0.259,0.6750649982825
-0.22774,0.694741037207793
-0.19587,0.712940164384765
-0.16346,0.729583688505587
-0.13058,0.744600744626524
-0.097331,0.75790651324504
-0.063769,0.769441238635881
-0.029978,0.779147048104716
0.0039634,0.786973934290333
0.037975,0.792879188595149
0.071979,0.796829706257545
0.1059,0.798803583789131
0.13965,0.798780003854688
0.17316,0.796754399374277
0.20636,0.792735436533614
0.23917,0.786735555282303
0.27152,0.778777995892747
0.30334,0.768894738530443
0.33455,0.757117169214292
0.36511,0.743505498813175
0.39494,0.728112509765439
0.42399,0.711006241813103
0.45219,0.692250829008889
0.47949,0.671920672906751
0.50584,0.650096739867988
0.53119,0.62686334441455
0.55549,0.602305401019603
0.5787,0.576513520001244
0.60078,0.54958050587557
0.62169,0.521598414598993
0.64139,0.492656134924126
0.65985,0.462844853846724
0.67704,0.432254950365528
0.69293,0.400973461444512
0.70751,0.369096870636088
0.72074,0.336704147182134
0.73262,0.30388719728147
0.74312,0.27072326016096
0.75224,0.237297384424459
0.75996,0.203683328276782
0.76629,0.169965415201491
0.77121,0.136211476502796
0.77472,0.102488427961266
0.77684,0.0688748297810277
0.77756,0.0354337250453646
0.77689,0.00222811684864791
0.77485,-0.030673964778016
0.77144,-0.0632176975048776
0.76669,-0.0953388457390194
0.76061,-0.126982753412603
0.75322,-0.158097214012588
0.74456,-0.188619263617914
0.73463,-0.218509183809276
0.72349,-0.247703342770536
0.71114,-0.276165552250791
0.69764,-0.303838988158736
0.68301,-0.330681928997334
0.66729,-0.356651780508414
0.65052,-0.381707012336339
0.63275,-0.40580127987671
0.61402,-0.428893589115849
0.59437,-0.450948946594223
0.57385,-0.471931327138214
0.5525,-0.491812814476586
0.53038,-0.510558556829452
0.50755,-0.528129593696912
0.48404,-0.544507411949947
0.45991,-0.559668829690838
0.43522,-0.573588050276239
0.41003,-0.586238358489036
0.38438,-0.597608287775449
0.35833,-0.607684664248929
0.33194,-0.616453761613903
0.30527,-0.623902220066592
0.27836,-0.630032551438569
0.25128,-0.634838230915668
0.22408,-0.63832081309998
0.19681,-0.640488700843809
0.16954,-0.641341163247144
0.14231,-0.640892643013532
0.11518,-0.639154951694701
0.088206,-0.636140715713889
0.061429,-0.631874239587677
0.034905,-0.62637774923819
0.0086839,-0.619675936645875
-0.017189,-0.611798417564918
-0.042664,-0.602774900884439
-0.0677,-0.592640878930813
-0.09225,-0.581431310505226
-0.11627,-0.56918209558786
-0.13973,-0.555939345627606
-0.16259,-0.541748815973169
-0.1848,-0.526647366323524
-0.20633,-0.510678457728611
-0.22717,-0.493904448497331
-0.24726,-0.476364224625108
-0.26658,-0.458106185214054
-0.28512,-0.439192362135589
-0.30285,-0.419679187739172
-0.31973,-0.399609503214744
-0.33577,-0.379050810070547
-0.35094,-0.358058880963498
-0.36523,-0.336693091100469
-0.37863,-0.315013858262741
-0.39114,-0.29308792958247
-0.40274,-0.270970268068675
-0.41344,-0.248726712904066
-0.42324,-0.22642235763676
-0.43214,-0.204119583396778
-0.44015,-0.1818839170194
-0.44728,-0.159781257017028
-0.45354,-0.137875611591447
-0.45895,-0.116234702693574
-0.46352,-0.0949195780776497
-0.46727,-0.0739911859041645
-0.47022,-0.0535082635906862
-0.47241,-0.0335404782110503
-0.47385,-0.0141417477450258
-0.47458,0.00462649039125695
-0.47462,0.0227137136731332
-0.474,0.0400727088522929
-0.47276,0.0566533638887892
-0.47093,0.0724125284118097
-0.46854,0.0873143848667822
-0.46564,0.101315764766376
-0.46225,0.114391476235186
-0.45841,0.126517267939482
-0.45416,0.137670859773366
-0.44954,0.147832702167969
-0.44457,0.157001294556567
-0.4393,0.165168070969087
-0.43375,0.172341695564084
-0.42797,0.178522793266676
-0.42199,0.183720741430716
-0.41583,0.187959549486847
-0.40953,0.1912600075271
-0.40312,0.193647533069665
-0.39661,0.195165733213303
-0.39004,0.195849852343001
-0.38343,0.195742524138192
-0.37679,0.19489883390854
-0.37015,0.19336785086112
-0.36352,0.191207436194503
-0.35692,0.188473713521034
-0.35035,0.185234773180525
-0.34382,0.181559177921767
-0.33734,0.177514038511811
-0.33091,0.173170845813008
-0.32454,0.168595219127355
-0.31821,0.163868337764248
-0.31194,0.159051999372085
-0.3057,0.154227482642825
-0.2995,0.149459761816722
-0.29332,0.144820825045868
-0.28715,0.140378664883682
-0.28098,0.136195876585015
-0.2748,0.132328635090254
-0.26858,0.128840804666606
-0.26232,0.125778114852213
-0.25599,0.123192174150647
-0.24957,0.121130075060788
-0.24305,0.11962612802287
-0.2364,0.11871770798019
-0.22961,0.118428361374763
-0.22266,0.118776739039737
-0.21552,0.119783928737409
-0.20818,0.121457130856284
-0.20062,0.123799062072319
-0.19283,0.126800871484856
-0.18477,0.130466341022264
-0.17645,0.134771925926142
-0.16784,0.139701845216003
-0.15892,0.145239212229467
-0.14969,0.151351560475234
-0.14014,0.158001795858097
-0.13026,0.165149779523694
-0.12003,0.172761124432117
-0.10945,0.180791995597338
-0.098518,0.189193414323736
-0.087234,0.197911935655
-0.075597,0.206892568997342
-0.063607,0.216079736312372
-0.051272,0.225412925745954
-0.038595,0.234832971795619
-0.025585,0.244278987329285
-0.012255,0.253687454706241
0.0013835,0.262995665495859
0.015314,0.272139700947191
0.029521,0.281057308976484
0.043983,0.289685035860741
0.058679,0.297960783952355
0.073585,0.30582327801813
0.088676,0.313213120610193
0.10392,0.320069180497595
0.1193,0.326342021264722
0.13478,0.331979298949826
0.15033,0.33693257553836
0.16591,0.341150883877342
0.18149,0.344590407801468
0.19704,0.347214713710488
0.21252,0.348987360608368
0.22791,0.349888136404282
0.24315,0.349881345975925
0.25823,0.348957209154146
0.27309,0.347090586282107
0.28772,0.344282062964187
0.30206,0.340516420567418
0.31609,0.33579612154697
0.32978,0.330130839033897
0.34308,0.323521419465448
0.35597,0.315984133406785
0.36841,0.307532814728768
0.38037,0.298186691238603
0.39183,0.287976526096837
0.40274,0.276919655859292
0.41309,0.265051954676908
0.42285,0.252408709536867
0.43199,0.239023985434945
0.44048,0.224930103052611
0.44831,0.210172019918146
0.45545,0.194788981843986
0.46189,0.178829435656221
0.46761,0.162340588568465
0.47259,0.145367389050714
0.47682,0.127959123275206
0.48028,0.110159795526521
0.48298,0.0920300689515391
0.4849,0.0736201183129663
0.48604,0.0549849733129304
0.4864,0.0361819346146488
0.48596,0.0172536130763712
0.48474,-0.00174101445679268
0.48274,-0.0207463930195525
0.47996,-0.0397114730578765
0.4764,-0.0585904965456186
0.47208,-0.0773287226023882
0.467,-0.0958807519520918
0.46118,-0.114195483443302
0.45462,-0.132233737613037
0.44733,-0.149959979326531
0.43934,-0.167328166691705
0.43065,-0.184307596470753
0.42128,-0.200866363496673
0.41124,-0.216980256351546
0.40056,-0.232617534902057
0.38925,-0.247756433085365
0.37734,-0.262369415698851
0.36484,-0.276440218383437
0.35177,-0.289955095945441
0.33816,-0.302895696547363
0.32404,-0.315240814102977
0.30941,-0.326990049685526
0.29432,-0.338123169601555
0.27879,-0.348627012393682
0.26284,-0.35849478416524
0.2465,-0.367717925853665
0.22981,-0.376279588161964
0.21278,-0.384179153895577
0.19546,-0.391399800453356
0.17786,-0.397941932874796
0.16004,-0.403783103770839
0.142,-0.408927647541581
0.1238,-0.413357229114924
0.10547,-0.417058128761754
0.08703,-0.420028306616755
0.068524,-0.422257652088299
0.049989,-0.423735193033267
0.031455,-0.424454915744582
0.012962,-0.424407750346955
-0.0054603,-0.42359019941411
-0.023773,-0.421996720010271
-0.041942,-0.419623985266161
-0.059933,-0.416470555807684
-0.07771,-0.412535450579282
-0.09524,-0.407820451576992
-0.11249,-0.402329663620452
-0.12942,-0.396063913192052
-0.146,-0.389028880521619
-0.1622,-0.381234123783438
-0.17799,-0.3726921866397
-0.19333,-0.363410393662019
-0.20819,-0.353399148012449
-0.22255,-0.34267852786053
-0.23638,-0.331268555409895
-0.24965,-0.319188738737636
-0.26233,-0.30645769542869
-0.2744,-0.29310025117528
-0.28584,-0.279145592513398
-0.29663,-0.264625653612711
-0.30675,-0.249573727864422
-0.31619,-0.234030691181513
-0.32492,-0.218027612829509
-0.33294,-0.201608950452719
-0.34023,-0.184813897549366
-0.3468,-0.167698451569527
-0.35263,-0.150308369160415
-0.35771,-0.132687191018385
-0.36206,-0.114897530040597
-0.36566,-0.0969859475497699
-0.36852,-0.0790068063346925
-0.37065,-0.0610190778832131
-0.37205,-0.0430762374124885
-0.37272,-0.0252256300911006
-0.37268,-0.00752288474213347
-0.37194,0.00997888600301749
-0.37052,0.0272229453538953
-0.36841,0.0441736832856576
-0.36565,0.060776871617299
-0.36225,0.0769872890538801
-0.35823,0.0927611720515298
-0.3536,0.108064901760465
-0.34839,0.12285956378686
-0.34262,0.137110830103069
-0.33632,0.150782008956364
-0.3295,0.163850694190593
-0.3222,0.176284834900953
-0.31444,0.188060672119672
-0.30624,0.199162181018806
-0.29763,0.209573024046434
-0.28863,0.219284855364744
-0.27929,0.228274205480603
-0.26962,0.236535994585734
-0.25965,0.244065680080115
-0.24941,0.250859638971287
-0.23894,0.256908032255868
-0.22825,0.26221877862626
-0.21739,0.26678462998896
-0.20638,0.270608780031312
-0.19525,0.273695627924636
-0.18404,0.276043288576944
-0.17276,0.277667282939104
-0.16146,0.278567393971295
-0.15016,0.278753112688174
-0.13889,0.278234289686991
-0.12768,0.27702097517776
-0.11656,0.275123265315704
-0.10555,0.272558556677885
-0.094685,0.269338699360051
-0.083985,0.265481956693518
-0.073477,0.261006189514393
-0.063182,0.255932973846851
-0.053121,0.250286369239948
-0.043318,0.244089626429031
-0.033789,0.237370671546324
-0.024553,0.230158252160924
-0.015627,0.222482490442083
-0.0070248,0.214376161545396
0.0012399,0.205873344276087
0.0091561,0.197010204234843
0.016711,0.187822223076548
0.023898,0.17834787999397
0.030709,0.16862582749512
0.037138,0.158695254890407
0.043179,0.148594594494911
0.048833,0.138365657680056
0.054094,0.128046509797435
0.058964,0.117676901165119
0.063444,0.107295927647868
0.067536,0.0969416276611957
0.071243,0.0866506703186194
0.074573,0.0764610856637842
0.07753,0.0664077633283148
0.080121,0.0565240726593193
0.082356,0.0468431982325897
0.084244,0.0373962565668677
0.085795,0.028212305558138
0.087019,0.0193176606274549
0.087932,0.0107398497678988
0.088543,0.00250115493639875
0.088867,-0.00537684298183451
0.088919,-0.0128740194864688
0.088711,-0.0199744921601809
0.088262,-0.0266613558014841
0.087584,-0.0329228136137127
0.086696,-0.0387466246084067
0.085614,-0.0441230275545894
0.084355,-0.0490440644510704
0.082935,-0.0535044583338996
0.081375,-0.0574978024030217
0.079691,-0.0610209008541605
0.0779,-0.0640727346498691
0.076023,-0.0666513412109905
0.074076,-0.0687579663082258
0.072078,-0.0703943972737183
0.070048,-0.0715630055393711
0.068004,-0.0722674909799671
0.065964,-0.0725126944214895
0.063944,-0.0723058835615168
0.061965,-0.0716525361319183
0.060043,-0.0705603691172478
0.058193,-0.0690395566921253
0.056435,-0.0670983930141013
0.054783,-0.064747966999641
0.053251,-0.0620014076509035
0.051856,-0.0588709931075209
0.050609,-0.0553724860028295
0.049525,-0.0515211289772575
0.048613,-0.0473358147891577
0.047883,-0.0428371635441201
0.047346,-0.0380459161069194
0.04701,-0.03298457971224
0.04688,-0.0276786946911473
0.046961,-0.0221555455980218
0.04726,-0.0164415836149107
0.047778,-0.0105662711265278
0.048518,-0.0045591703612291
0.049482,0.00155020189211988
0.050668,0.00773028738801713
0.052077,0.0139510491805247
0.053707,0.0201823812526004
0.055555,0.0263943226680621
0.057617,0.0325572391600891
0.059888,0.0386419730571673
0.062363,0.0446207027513536
0.065035,0.0504661321754366
0.067898,0.0561530521417395
0.070941,0.0616551147187451
0.074155,0.06694744568526
0.077531,0.0720072377496882
0.081057,0.0768119618763255
0.084721,0.0813401403758136
0.088512,0.0855726843460427
0.092413,0.0894887338151684
0.096412,0.0930704857429417
0.10049,0.0962981295426702
0.10464,0.0991598698461905
0.10883,0.101632429769416
0.11306,0.103707787727282
0.1173,0.105368474309988
0.12152,0.10659008952659
0.12572,0.107365689079096
0.12987,0.107680616843222
0.13396,0.107529402146366
0.13794,0.106884752480548
0.14182,0.105747078826005
0.14555,0.104094940843815
0.14912,0.101919631705606
0.15251,0.0992157349531105
0.1557,0.095980830624841
0.15865,0.092200379443239
0.16134,0.0878654223846112
0.16376,0.0829793006471934
0.16588,0.0775405704480886
0.16768,0.0715515375980548
0.16913,0.0650102325343999
0.17021,0.0579188335418159
0.17092,0.0502977390702851
0.17122,0.0421520597649147
0.17109,0.0334893643156679
0.17053,0.0243338987120499
0.16952,0.0147080287350191
0.16804,0.00463210955458339
0.16609,-0.00586079874217725
0.16365,-0.0167430004114398
0.16072,-0.0279770240189156
0.15728,-0.0395332823180815
0.15334,-0.0513671438242777
0.1489,-0.0634304457550508
0.14394,-0.0756882824357546
0.13848,-0.088087851098368
0.13252,-0.100578204184736
0.12605,-0.113118747813436
0.1191,-0.125648876054819
0.11167,-0.138115806365766
0.10378,-0.150459852021947
0.095424,-0.16263678639402
0.086634,-0.174588162556349
0.077424,-0.186259198752898
0.067813,-0.197596103599798
0.057823,-0.208545398903101
0.047477,-0.219054864987846
0.036801,-0.229072808908921
0.02582,-0.238550436202562
0.014562,-0.24744074460874
0.0030573,-0.255698117131108
-0.0086641,-0.263279891352956
-0.020569,-0.270144967689036
-0.032625,-0.276255612147742
-0.0448,-0.281578457321377
-0.057055,-0.286079873669175
-0.069357,-0.289731785249376
-0.08167,-0.292509554763895
-0.093956,-0.294390926516647
-0.10618,-0.295358803583315
-0.1183,-0.295395947185746
-0.13029,-0.294497708969292
-0.1421,-0.292652371137124
-0.1537,-0.289858009517036
-0.16505,-0.286113623745049
-0.17611,-0.281419343800773
-0.18686,-0.275791339723
-0.19725,-0.269236425961122
-0.20726,-0.261776187054849
-0.21685,-0.253429032355778
-0.22598,-0.244210579490985
-0.23463,-0.234148794123102
-0.24277,-0.223273661940811
-0.25038,-0.211623582006284
-0.25741,-0.199220683515137
-0.26386,-0.186110484541228
-0.2697,-0.172334056150021
-0.2749,-0.157927864740883
-0.27945,-0.142938516181786
-0.28333,-0.127412160850661
-0.28653,-0.111400732288735
-0.28903,-0.0949520018534276
-0.29083,-0.0781238281255957
-0.29191,-0.060965766029206
-0.29228,-0.0435414106006822
-0.29192,-0.025901636014009
-0.29084,-0.0081077030212789
-0.28903,0.00978739733804271
-0.2865,0.0277242066710186
-0.28326,0.0456399052059552
-0.27931,0.0634783179070023
-0.27465,0.0811904408143197
-0.26931,0.0987125164279202
-0.26329,0.115993133446314
-0.2566,0.132985183190467
-0.24927,0.149631890825147
-0.24131,0.16588539779561
-0.23274,0.181699330814486
-0.22358,0.197030184961715
-0.21385,0.211838371403691
-0.20358,0.226081568748909
-0.19279,0.239724227658628
-0.18151,0.2527302644999
-0.16977,0.265064581704771
-0.1576,0.276694262339729
-0.14502,0.287596871096922
-0.13207,0.297744683738631
-0.11879,0.307106893889184
-0.1052,0.31566624960691
-0.091346,0.323398084898477
-0.077258,0.3302846655243
-0.062977,0.336306588155254
-0.048539,0.341447714648776
-0.033983,0.345693134222234
-0.019347,0.349030435963348
-0.0046703,0.351448955613675
0.010006,0.352938739729344
0.024643,0.353492636001189
0.039201,0.353105672532568
0.053642,0.351776336504598
0.067924,0.349503284393297
0.08201,0.346289326014996
0.095863,0.342140813963867
0.10944,0.337062605556213
0.12271,0.331067334650214
0.13564,0.32417231247728
0.1482,0.316400591708916
0.16034,0.307764640314617
0.17204,0.298290408092651
0.18327,0.288006769451671
0.194,0.276944318327411
0.20421,0.265141722785167
0.21388,0.252643218481537
0.22298,0.239489021576579
0.23149,0.225722462808745
0.23939,0.211388227004775
0.24668,0.196545666136189
0.25333,0.18124214410296
0.25934,0.165536206483707
0.2647,0.149486347839249
0.2694,0.133149328462334
0.27344,0.116586224473405
0.27681,0.0998523693265417
0.27951,0.0830041565769282
0.28155,0.0661044681089735
0.28293,0.049212069113034
0.28365,0.0323805375654563
0.28372,0.0156649033848292
0.28314,-0.000887851933003837
0.28193,-0.0172240730883026
0.2801,-0.0332939378062103
0.27765,-0.0490598381053886
0.27461,-0.0644732507961514
0.27098,-0.0795007598382999
0.26679,-0.0941002653368773
0.26204,-0.108246415218542
0.25675,-0.121913691122867
0.25095,-0.135070174914919
0.24464,-0.147702261996861
0.23786,-0.159782327244634
0.23061,-0.171302186574314
0.22292,-0.182247778640314
0.21481,-0.192608484476635
0.2063,-0.202377132515636
0.19741,-0.211549898831091
0.18816,-0.220126123682791
0.17858,-0.228100665488477
0.16868,-0.23548002093292
0.15849,-0.242265413965879
0.14804,-0.248454072512144
0.13735,-0.254047729528197
0.12644,-0.259051945723185
0.11535,-0.26346065635919
0.10409,-0.26728097656533
0.09269,-0.270515859150778
0.081184,-0.273162045956534
0.069597,-0.275218170208505
0.057956,-0.27668308931784
0.046291,-0.277553787600818
0.034628,-0.277828902217917
0.023,-0.277503378167249
0.011432,-0.276575342600234
-4.5443e-05,-0.275041530562825
-0.011403,-0.272898648260867
-0.022614,-0.270145524898665
-0.033649,-0.266780772896282
-0.044483,-0.262806240743602
-0.055087,-0.258223463951155
-0.065437,-0.253037464968036
-0.075507,-0.247254543327451
-0.085276,-0.240885634124206
-0.09472,-0.233942971914293
-0.10382,-0.226443277435144
-0.11255,-0.218401323756241
-0.1209,-0.20984180053162
-0.12885,-0.200789379558312
-0.13638,-0.191268090814367
-0.14348,-0.181308212751066
-0.15014,-0.170944253366718
-0.15634,-0.160205801074875
-0.16209,-0.149139842662043
-0.16736,-0.137776510110119
-0.17216,-0.126161054612499
-0.17648,-0.114334825657623
-0.18032,-0.102342213569451
-0.18367,-0.0902213477172338
-0.18653,-0.0780115290862575
-0.18891,-0.0657591708303127
-0.1908,-0.0535001998439978
-0.19222,-0.0412831066833386
-0.19316,-0.0291428051370177
-0.19363,-0.0171168784163341
-0.19363,-0.00523639607903346
-0.19318,0.00645913862512968
-0.19228,0.0179395501310231
-0.19094,0.0291758842161289
-0.18918,0.0401338512548065
-0.18699,0.0507982666856753
-0.18439,0.0611478874121984
-0.1814,0.0711574746940448
-0.17803,0.0808069427354077
-0.17428,0.0900885986946793
-0.17018,0.098983074093081
-0.16574,0.107477196438573
-0.16097,0.115563428976961
-0.15588,0.123239271954793
-0.1505,0.130491846716432
-0.14484,0.137315304743693
-0.13891,0.143709872583098
-0.13274,0.149666125580008
-0.12633,0.155189528057449
-0.11972,0.160268040575528
-0.1129,0.164913017844563
-0.10592,0.169110195671727
-0.098772,0.172868111669536
-0.091491,0.176181826973029
-0.084093,0.179049884242767
-0.076598,0.181470857084462
-0.069029,0.183441300744038
-0.061406,0.184958580387329
-0.053751,0.186019423618666
-0.046088,0.186618763492836
-0.03844,0.186751063887504
-0.03083,0.186410654755628
-0.023282,0.185591262665324
-0.015821,0.184285644790494
-0.0084715,0.182486425502681
-0.0012584,0.180186106707285
0.0057915,0.177375968856145
0.012654,0.174048544167169
0.019301,0.170194770078604
0.025708,0.165807283572184
0.031847,0.160877781455018
0.037692,0.155398985681744
0.043216,0.149363982157648
0.048395,0.142768638085913
0.053197,0.135605342656447
0.057601,0.127872103335248
0.06158,0.11956715864888
0.065107,0.110689067995253
0.068158,0.101238990567153
0.070709,0.0912202333574997
0.072738,0.0806393078848164
0.074222,0.0695044758222003
0.07514,0.0578267440510865
0.075471,0.0456191082936673
0.075201,0.0329010611728945
0.074308,0.0196909541716657
0.072781,0.00601391131372142
0.070605,-0.00810307560622541
0.067769,-0.0226292454150176
0.064266,-0.0375286494064002
0.060088,-0.0527628576777566
0.055232,-0.0682887867529343
0.049694,-0.084061528933104
0.043477,-0.100030786207655
0.036586,-0.116141857125808
0.029026,-0.132338049749059
0.02081,-0.148556788463414
0.011951,-0.164732572830778
0.0024669,-0.180795842405319
-0.0076222,-0.196674194714708
-0.018292,-0.212291992844789
-0.029512,-0.227568685580322
-0.041252,-0.242422419980692
-0.053473,-0.256766289509631
-0.066137,-0.270512722945001
-0.0792,-0.283571896175993
-0.092614,-0.295852025044446
-0.10633,-0.307261905051455
-0.12029,-0.317707060374615
-0.13444,-0.327096372294196
-0.14872,-0.335339971605782
-0.16306,-0.342344580183049
-0.17741,-0.348032061056151
-0.19168,-0.352309628877418
-0.20582,-0.35510540929094
-0.21975,-0.356344806217313
-0.23341,-0.355968528853135
-0.24671,-0.353909753010532
-0.25958,-0.350112891384745
-0.27196,-0.344541037090998
-0.28376,-0.337151901796557
-0.29493,-0.327930326093508
-0.30537,-0.316847199790405
-0.31503,-0.30390065254281
-0.32383,-0.289089352219684
-0.33171,-0.272427926953755
-0.3386,-0.253936755132053
-0.34443,-0.233640941736532
-0.34916,-0.211591512200348
-0.35272,-0.187837403539509
-0.35507,-0.162447266525272
-0.35615,-0.13548948263188
-0.35592,-0.107045583981443
-0.35435,-0.0772132644291466
-0.3514,-0.0460935313837565
-0.34703,-0.0137875818979952
-0.34123,0.0195836150642291
-0.33398,0.0538937040867287
-0.32526,0.0890153571099478
-0.31507,0.124809150621883
-0.3034,0.161137184260058
-0.29024,0.19786670707134
-0.27562,0.234843407072407
-0.25953,0.271929681658664
-0.242,0.308975957809562
-0.22305,0.345834943502867
-0.2027,0.38236572471691
-0.181,0.418414782740354
-0.15797,0.453845455831242
-0.13367,0.488509533967295
-0.10813,0.522276492656674
-0.081424,0.555001912263706
-0.053595,0.58655789781425
-0.024712,0.616815048689356
0.0051599,0.645650118305315
0.035951,0.672945767732878
0.067584,0.698588020211714
0.099982,0.722470056920452
0.13306,0.744488817048367
0.16674,0.764553337783552
0.20092,0.782568238476055
0.23553,0.798461939815293
0.27045,0.812148138139414
0.3056,0.823561686548669
0.34087,0.832635175448616
0.37617,0.839317082983684
0.41139,0.843556384871715
0.44641,0.845297503747452
0.48115,0.844513301608535
0.51547,0.841156947526141
0.54929,0.835212352188048
0.58248,0.826652626181944
0.61493,0.815458613188068
0.64655,0.801633581138856
0.6772,0.785162674544957
0.7068,0.766062010603519
0.73524,0.744350839319098
0.76241,0.72005117163476
0.78821,0.693194742087652
0.81255,0.663828314202697
0.83533,0.632002722900275
0.85647,0.597786066541569
0.87588,0.561251641402501
0.89349,0.522490205850065
0.90921,0.481589755812218
0.92299,0.438663596530426
0.93477,0.393835259760697
0.94448,0.347226006434894
0.95209,0.29898170134627
0.95754,0.249241977796823
0.96081,0.198167230663683
0.96186,0.145915365214062
0.96068,0.0926600128908421
0.95725,0.0385751277765017
0.95156,-0.0161627371648333
0.94362,-0.0713653621019345
0.93343,-0.126848129341619
0.921,-0.18242753557033
0.90637,-0.237904454308491
0.88955,-0.293095504293127
0.87058,-0.347813631452282
0.8495,-0.401874823535095
0.82635,-0.455103511011962
0.80119,-0.507321975814697
0.77408,-0.558356717537025
0.74507,-0.608050922029021
0.71423,-0.656251943649402
0.68165,-0.702801144329448
0.64738,-0.747570258839499
0.61152,-0.790423382534382
0.57414,-0.831245719073361
0.53533,-0.869929227831731
0.49519,-0.906368278698221
0.4538,-0.940478261926615
0.41125,-0.972187845421681
0.36766,-1.001417577997
0.3231,-1.02812198526412
0.27769,-1.05224862522514
0.23152,-1.07376439784463
0.18469,-1.09264661284087
0.13731,-1.10887547203816
0.08948,-1.1224426639875
0.041297,-1.13335275424853
-0.0071352,-1.14161666384255
-0.055716,-1.1472535757993
-0.10435,-1.15029366455788
-0.15293,-1.15076736431045
-0.20136,-1.14871364477867
-0.24955,-1.14418253745636
-0.29741,-1.13723237726912
-0.34483,-1.12791249385439
-0.39174,-1.11629378686614
-0.43804,-1.1024409636716
-0.48365,-1.08642723118167
-0.52849,-1.0683310465583
-0.57247,-1.04822589457176
-0.61553,-1.02620168754294
-0.65757,-1.00232974556764
-0.69854,-0.976701547067556
-0.73836,-0.949400205980955
-0.77696,-0.92050722550786
-0.81429,-0.890115315223366
-0.85028,-0.858308797003605
-0.88488,-0.825177561647337
-0.91803,-0.790805932064593
-0.94968,-0.755278576578406
-0.97979,-0.718685222295638
-1,-0.674961684765127
-1,-0.611791192427541
-1,-0.534703113061139
-1,-0.448529291860682
-1,-0.357433195342093
-1,-0.264944247199915
-1,-0.173996528138606
-1,-0.0869709615668644
-1,-0.00574009150508726
-1,0.0682854276928125
-1,0.13410947355414
-1,0.191103018304106
-1,0.238957331934465
-1,0.277638466276752
-1,0.30734357564037
-1,0.328459541220448
-1,0.341524277651488
-1,0.347191013044632
-1,0.346195750460489
-1,0.339328040520406
-1,0.327405122883315
-1,0.311249429431916
-1,0.291669384754919
-1,0.269443390162573
-1,0.245306836092275
-1,0.219941954223238
-1,0.19397029464057
-1,0.167947594559005
-1,0.142360792924237
-1,0.117626939070605
-1,0.0940937428919823
-0.99529,0.0755260169029274
-0.96568,0.0797984366091198
-0.93441,0.103580345482783
-0.90151,0.143693313583522
-0.86702,0.197132716765107
-0.83099,0.261085223569119
-0.79344,0.332971679818154
-0.75443,0.410427572960147
-0.714,0.49132941148304
-0.6722,0.573790446266565
-0.62909,0.65615359320453
-0.58471,0.737004092976729
-0.53913,0.815138234452445
-0.4924,0.889571105294916
-0.4446,0.95950132855282
-0.39577,1.02433052754202
-0.346,1.08360781422821
-0.29535,1.13704079528422
-0.24391,1.18445616025097
-0.19174,1.22580925285565
-0.13893,1.26114398277547
-0.085571,1.29057945909541
-0.031739,1.31430879337661
0.022471,1.33257070377032
0.076969,1.34564277688944
0.13166,1.35382717492873
0.18644,1.35743504505696
0.24122,1.35679099009276
0.29589,1.35220922676255
0.35034,1.34398971157458
0.40448,1.33242974330915
0.4582,1.31780340395732
0.51139,1.30036001496618
0.56394,1.2803231941309
0.61575,1.25789786196982
0.66669,1.23324653273589
0.71666,1.206515456739
0.76557,1.17784114422117
0.81328,1.14731136547721
0.85971,1.1150162164888
0.90474,1.08101517245925
0.94827,1.04535565251616
0.9902,1.00807346375986
1,0.946681071742457
1,0.860201472377135
1,0.755753869132664
1,0.639575150500424
1,0.517052944793249
1,0.392766016935551
1,0.270530890235734
1,0.153453511552458
1,0.0439847585528277
1,-0.0560213945143511
1,-0.145248187870129
1,-0.2228559270613
1,-0.288422345940577
1,-0.341884350376891
1,-0.383481899193526
1,-0.413704662410551
1,-0.433241979648068
1,-0.44293652649675
1,-0.44374198623122
1,-0.436684920391975
1,-0.422830936003271
1,-0.403255160625272
1,-0.379016959784573
1,-0.351138764983185
1,-0.320588824559014
1,-0.288267644020196
1,-0.254997846753475
1,-0.221517159695934
1,-0.188474211009466
1,-0.15642681725793
1,-0.125842435238113
1,-0.0971004575953914
1,-0.0704960407835455
1,-0.046245167929164
1,-0.0244906668794361
1,-0.00530892432927137
0.978,-0.0049928506651774
0.93943,-0.0322044334456622
0.89978,-0.0817904314451112
0.85916,-0.148949570379542
0.81766,-0.229275847594014
0.7754,-0.318752757214755
0.73247,-0.413788710504408
0.68898,-0.511202659851637
0.64503,-0.608228438318112
0.60072,-0.702503823178815
0.55615,-0.792054353122127
0.51141,-0.875280156941841
0.46661,-0.95091543599953
0.42183,-1.0180256394552
0.37716,-1.07596810071417
0.33269,-1.1243608429106
0.2885,-1.16305843050723
0.24468,-1.19211164856409
0.20131,-1.21174452894247
0.15846,-1.22233096086919
0.1162,-1.2243640221321
0.074606,-1.21842306669255
0.033742,-1.20515750893351
-0.0063282,-1.18526238643817
-0.045545,-1.15945958497925
-0.083852,-1.12848040397015
-0.1212,-1.09305336357304
-0.15753,-1.05388104679082
-0.19281,-1.01164853525735
-0.22698,-0.96698924911939
-0.26003,-0.920515770548232
-0.2919,-0.87277066135604
-0.32257,-0.824254661709676
-0.35202,-0.775420446693738
-0.38023,-0.726668456412818
-0.40717,-0.678337165557677
-0.43283,-0.630718768475809
-0.45721,-0.584065430531165
-0.4803,-0.538580444379287
-0.50209,-0.494419679156317
-0.5226,-0.451716125906883
-0.54182,-0.410555908560058
-0.55976,-0.370997184359328
-0.57644,-0.333078774686551
-0.59188,-0.296820334214943
-0.60609,-0.262215709137046
-0.61909,-0.229243171688605
-0.63091,-0.197874213959086
-0.64157,-0.16806617492605
-0.65111,-0.139779010396625
-0.65956,-0.112966712381413
-0.66694,-0.0875707004220437
-0.6733,-0.0635445468128092
-0.67866,-0.0408293577106962
-0.68307,-0.0193787669403157
-0.68655,0.000865495926668024
-0.68916,0.0199410958159942
-0.69093,0.0378910828836327
-0.69189,0.0547624121978681
-0.69209,0.0705897765551865
-0.69157,0.085404995281787
-0.69036,0.0992445794832025
-0.68852,0.112126061366968
-0.68607,0.12408111974252
-0.68305,0.135137489998183
-0.67951,0.145311843625773
-0.67549,0.154619078260148
-0.67102,0.163079815700973
-0.66614,0.170711483329959
-0.66089,0.177528581262383
-0.65531,0.183542946954518
-0.64943,0.188771413757204
-0.64328,0.193234446441765
-0.6369,0.196947539851637
-0.63032,0.199929189454244
-0.62358,0.202192428311679
-0.6167,0.203760323173638
-0.60971,0.204656008182155
-0.60264,0.20490203824419
-0.59551,0.20452726415624
-0.58835,0.203557406433444
-0.58118,0.202022316955528
-0.57402,0.199954313862897
-0.56689,0.197386763397248
-0.5598,0.194360291887232
-0.55277,0.190912798385283
-0.5458,0.187093648224424
-0.53892,0.182937816140367
-0.53213,0.178489771059966
-0.52543,0.173800273418134
-0.51883,0.168916224979614
-0.51234,0.163879960696524
-0.50595,0.158743564711442
-0.49966,0.153557954916418
-0.49347,0.148371496738632
-0.48738,0.143228928714021
-0.48139,0.13817056889657
-0.47547,0.13325396539137
-0.46963,0.12851912242739
-0.46385,0.124012685450325
-0.45812,0.119777660334813
-0.45243,0.115852610451985
-0.44676,0.112278509577792
-0.4411,0.109089404885816
-0.43542,0.106327256061286
-0.42972,0.104016706985368
-0.42397,0.102189571894869
-0.41814,0.100882198613597
-0.41223,0.100111046223369
-0.4062,0.0999052847799582
-0.40004,0.100280972645142
-0.39371,0.101264972306611
-0.38719,0.102876975537176
-0.38047,0.105122605642963
-0.3735,0.10802520494115
-0.36627,0.111591844915006
-0.35875,0.115830742084962
-0.35091,0.120750479807315
-0.34272,0.126359391096942
-0.33417,0.132650288153356
-0.32522,0.139625545944638
-0.31585,0.14728010946256
-0.30603,0.15561020133658
-0.29574,0.164605530566885
-0.28496,0.17425059435612
-0.27366,0.184533275623135
-0.26183,0.195429518843736
-0.24944,0.206920893337399
-0.23648,0.218979041223708
-0.22292,0.231583010528052
-0.20876,0.24469607655061
-0.19399,0.25827707264356
-0.17858,0.272297056198073
-0.16254,0.286708083776229
-0.14586,0.301462936878722
-0.12853,0.316516232730985
-0.11054,0.331825310593872
-0.091916,0.347324278452695
-0.072643,0.362960665991509
-0.05273,0.378676575828853
-0.032186,0.39441142204913
-0.011024,0.41010127468699
0.010745,0.425682885030568
0.033103,0.441090286728027
0.056031,0.456256594329047
0.079506,0.471113285819769
0.1035,0.485588954562995
0.128,0.499623199400954
0.15296,0.513142063658829
0.17835,0.526074851766956
0.20413,0.538348386512682
0.23028,0.549904662358449
0.25674,0.560670331032368
0.28347,0.570576895871163
0.31043,0.57956208277305
0.33757,0.587563411894312
0.36483,0.594513034942219
0.39216,0.600348511906335
0.4195,0.605006575561139
0.4468,0.608432933137976
0.474,0.610575153847387
0.50102,0.611369496521544
0.52782,0.61077496016354
0.55431,0.608733580171752
0.58045,0.605212831390768
0.60614,0.600157784225536
0.63134,0.593541872983859
0.65596,0.585325716370345
0.67995,0.575490822804816
0.70322,0.564007032193736
0.72571,0.550858335087899
0.74736,0.536041111341847
0.76809,0.519547587312257
0.78784,0.501382168007049
0.80656,0.481566865019878
0.82416,0.460108211117923
0.8406,0.437037518760294
0.85583,0.412398276902652
0.86978,0.38622825321603
0.88241,0.358582145743963
0.89367,0.329519768951576
0.90352,0.299111146921636
0.91193,0.26744030249086
0.91885,0.234585705800812
0.92427,0.200648973671662
0.92815,0.165725567785441
0.93048,0.129925650994016
0.93124,0.093360862832712
0.93041,0.0561409514572705
0.92801,0.0184006228176769
0.92401,-0.01974609239797
0.91843,-0.0581681940293782
0.91128,-0.0967322576298431
0.90256,-0.135314279111807
0.8923,-0.173779463506189
0.88052,-0.211995858134646
0.86724,-0.249837926672562
0.8525,-0.287174531284163
0.83632,-0.323889027333108
0.81875,-0.359858152068788
0.79983,-0.394964806036975
0.77961,-0.429093434749286
0.75813,-0.462141094202133
0.73544,-0.494011283631122
0.71161,-0.5246014344813
0.68668,-0.553829974537636
0.66073,-0.581605836646979
0.63381,-0.607855907838578
0.606,-0.632502309112027
0.57735,-0.655488583431875
0.54795,-0.676748467432727
0.51786,-0.696232734483719
0.48715,-0.713900786433626
0.45589,-0.729721037018879
0.42417,-0.743656165999995
0.39206,-0.755680928831504
0.35963,-0.765781373203711
0.32696,-0.773946491314843
0.29411,-0.780183567321169
0.26118,-0.784485654104135
0.22822,-0.786872243388696
0.19531,-0.787362146417204
0.16252,-0.78598119515272
0.12992,-0.782760813180981
0.097569,-0.777744802651168
0.065534,-0.770980388926651
0.033873,-0.762523430641333
0.0026479,-0.752432792968618
-0.028088,-0.740774918178727
-0.058284,-0.727622813667484
-0.08789,-0.713053526197499
-0.11686,-0.697148526155772
-0.14515,-0.67999228457419
-0.17272,-0.661672463474974
-0.19954,-0.642284362400034
-0.22556,-0.621912053976269
-0.25078,-0.600665181337869
-0.27514,-0.578626541107034
-0.29864,-0.555899224343715
-0.32125,-0.53257746288612
-0.34295,-0.508752899779862
-0.36373,-0.484519654989251
-0.38357,-0.459963508380196
-0.40247,-0.435175544704381
-0.42043,-0.410248188423839
-0.43743,-0.385257150235649
-0.45347,-0.360276853746665
-0.46856,-0.335385478344565
-0.48269,-0.310646724504163
-0.49588,-0.286132456045891
-0.50812,-0.261896349108012
-0.51942,-0.237990094800695
-0.5298,-0.214469107599084
-0.53926,-0.191374850083161
-0.54782,-0.168750535986431
-0.55549,-0.146631559189345
-0.56229,-0.12505278826547
-0.56823,-0.104039680271464
-0.57334,-0.0836235681383746
-0.57764,-0.0638316644479217
-0.58114,-0.044679132617725
-0.58387,-0.0261852107887996
-0.58585,-0.00836393689681632
-0.58712,0.00876097337668819
-0.58769,0.0251813395827449
-0.5876,0.0408800379048881
-0.58686,0.0558558613581556
-0.58552,0.0700913473232866
-0.5836,0.0835790138803213
-0.58114,0.096305239310804
-0.57815,0.108274394166341
-0.57468,0.119476036223859
-0.57075,0.129910604219205
-0.5664,0.139572838826488
-0.56165,0.148468136029879
-0.55653,0.156603246344118
-0.55109,0.163971327183345
-0.54533,0.170591993984431
-0.5393,0.176468941609353
-0.53303,0.181607952723573
-0.52653,0.186031331046449
-0.51984,0.189752116317119
-0.51298,0.192790501137441
-0.50597,0.195172060538291
-0.49884,0.196918771377548
-0.49161,0.19805663338736
-0.48431,0.1986068885443
-0.47694,0.198608630881889
-0.46952,0.198099572497551
-0.46207,0.197115348959772
-0.45461,0.195688978585962
-0.44715,0.193857861009918
-0.43968,0.191676682575856
-0.43224,0.189175579862828
-0.42481,0.186408381260155
-0.41741,0.183416888764988
-0.41004,0.180246758586579
-0.4027,0.176945379223316
-0.39539,0.173560097756467
-0.38811,0.170136769415485
-0.38086,0.166718604187944
-0.37363,0.163352681509865
-0.36641,0.160087690379037
-0.35921,0.15695725734779
-0.35201,0.154003857325503
-0.3448,0.151268260629892
-0.33758,0.1487810658719
-0.33032,0.146585711499785
-0.32301,0.144719708606761
-0.31565,0.143207059261843
-0.30821,0.142082065794283
-0.30068,0.14137127429429
-0.29305,0.141093916351531
-0.28529,0.141277243753423
-0.27739,0.14193910408382
-0.26933,0.143096334630229
-0.2611,0.144756762817639
-0.25267,0.146935188765266
-0.24402,0.149643913552056
-0.23515,0.152877786323807
-0.22603,0.156639588277754
-0.21665,0.160923321189666
-0.20699,0.165723175639129
-0.19703,0.171033376669011
-0.18676,0.17684068484744
-0.17618,0.18311856008588
-0.16525,0.189859801056082
-0.15399,0.197028419884421
-0.14236,0.204610376732445
-0.13037,0.212572569931843
-0.11801,0.220882077429572
-0.10526,0.229514284948561
-0.092129,0.238430411496099
-0.078609,0.247593806947123
-0.064697,0.25696678342713
-0.050394,0.266508858487969
-0.035704,0.276176176347753
-0.020628,0.285925591335583
-0.0051737,0.295710793227967
0.01065,0.305483359779648
0.026836,0.315195903078467
0.043368,0.324796468690578
0.060233,0.334233408454531
0.077417,0.343456143584411
0.094895,0.352408380690177
0.11265,0.361036865557477
0.13066,0.36928876780986
0.14889,0.377103667623195
0.16732,0.384428020066955
0.18593,0.391215565167773
0.20467,0.397405305025131
0.22351,0.402941124098531
0.24243,0.407780095188915
0.26138,0.411869273381275
0.28032,0.415156845031771
0.29921,0.417593691989693
0.31801,0.419134595841444
0.33666,0.419724323807903
0.35513,0.419323658330387
0.37337,0.417892992849137
0.39131,0.415379126836194
0.40892,0.411749344929942
0.42613,0.406959190583234
0.4429,0.400978574157944
0.45917,0.393775461411247
0.47489,0.385324966992455
0.49001,0.375609097062452
0.50447,0.364608962039146
0.51822,0.352313302503657
0.53121,0.338717754169982
0.54338,0.323816667135504
0.55471,0.307633510451316
0.56512,0.290170647120988
0.5746,0.271465522059386
0.58308,0.251538859901195
0.59055,0.230442071611806
0.59695,0.208213272135665
0.60226,0.184908701269735
0.60645,0.160590551120729
0.60949,0.135324357314141
0.61136,0.109184153505094
0.61205,0.0822563564620474
0.61155,0.0546351335346339
0.60983,0.0264036178039724
0.6069,-0.0023366375007927
0.60276,-0.0314794323782167
0.59741,-0.0609177961605215
0.59085,-0.0905471973187406
0.58311,-0.120245940628737
0.57419,-0.149904242453611
0.56412,-0.179403038834742
0.55292,-0.208626790283432
0.54061,-0.237466368828128
0.52724,-0.265799085074514
0.51284,-0.293509963414452
0.49744,-0.320493943330598
0.48109,-0.34664265678483
0.46383,-0.371856082260103
0.44571,-0.396036960926474
0.42678,-0.419093650525516
0.40709,-0.44094230305543
0.3867,-0.461501040927779
0.36566,-0.480700016479047
0.34403,-0.498474425070645
0.32187,-0.514766142684464
0.29924,-0.529524867224592
0.2762,-0.542708827539474
0.25282,-0.554277723356723
0.22916,-0.564201767498433
0.20529,-0.572453885465439
0.18126,-0.57902552309914
0.15714,-0.583909297694641
0.133,-0.587099741393794
0.1089,-0.58860120073287
0.08491,-0.588419115965076
0.061083,-0.586572892230493
0.037489,-0.58308072229498
0.014185,-0.577969527057757
-0.0087664,-0.571268933948799
-0.031305,-0.563012221409403
-0.053373,-0.553236933572502
-0.074915,-0.541985215321899
-0.095878,-0.529303914250414
-0.11621,-0.515243456544516
-0.13585,-0.499849400050806
-0.15476,-0.483179367012064
-0.17289,-0.465290447509002
-0.1902,-0.446245288730074
-0.20664,-0.426102017239223
-0.22217,-0.404920976286498
-0.23677,-0.382777451373999
-0.25039,-0.359734523651717
-0.263,-0.335858440031073
-0.27458,-0.311223477208609
-0.28509,-0.285893431672524
-0.29453,-0.259951311761681
-0.30286,-0.233463569284469
-0.31007,-0.206503435652826
-0.31615,-0.179147328718242
-0.3211,-0.151479248663549
-0.32489,-0.123564510155721
-0.32754,-0.0954881876736782
-0.32903,-0.0673189982568026
-0.32939,-0.0391471601687383
-0.3286,-0.011040363660954
-0.32668,0.0169245939747725
-0.32365,0.0446661570842011
-0.31953,0.0721016477335414
-0.31432,0.0991650394518601
-0.30807,0.125769103548029
-0.30079,0.151842025249966
-0.29252,0.177304755626012
-0.28329,0.202082548377615
-0.27313,0.226106762448168
-0.26209,0.249301379236461
-0.25021,0.271594520131323
-0.23752,0.292927630885008
-0.22409,0.313225570534647
-0.20996,0.332424703395329
-0.19518,0.35046565917958
-0.1798,0.36729479478493
-0.16389,0.3828504300635
-0.1475,0.397081538136302
-0.13069,0.40994034155836
-0.11353,0.421376258535977
-0.096074,0.431350315316036
-0.078393,0.439822046877562
-0.060551,0.446756718097133
-0.042617,0.452122104221409
-0.024656,0.455892473300734
-0.0067406,0.458043031369511
0.011063,0.458555756202431
0.028686,0.457417246854061
0.046058,0.454617589224752
0.063113,0.450153764151869
0.07978,0.444025237365309
0.095994,0.436238448159934
0.11169,0.426805779415448
0.12679,0.415734925936673
0.14125,0.4030551732249
0.15499,0.388786215429331
0.16796,0.372962049952527
0.1801,0.355620240885066
0.19135,0.336800533693451
0.20166,0.316551034111932
0.21098,0.294925534756208
0.21927,0.271988569601579
0.22647,0.247796975827683
0.23256,0.222429559092931
0.23749,0.19595861634536
0.24124,0.168471482862288
0.24377,0.140050474927072
0.24508,0.110801182161413
0.24514,0.0808228466110172
0.24394,0.050221579411651
0.24147,0.0191059795535825
0.23775,-0.0123943243406178
0.23276,-0.0441660986685822
0.22652,-0.0760831391029096
0.21904,-0.108019982498504
0.21035,-0.139840800920342
0.20047,-0.171412961424527
0.18943,-0.202603136514189
0.17726,-0.233281643416017
0.164,-0.263318505512323
0.1497,-0.292580333605597
0.1344,-0.320942735729432
0.11816,-0.348277942018859
0.10103,-0.374467146291592
0.083064,-0.399399903037749
0.064328,-0.422967543027897
0.044885,-0.445068937287234
0.024801,-0.465610527367045
0.0041468,-0.484504837078053
-0.017009,-0.501674300370117
-0.038592,-0.51704817540614
-0.060529,-0.53056505416097
-0.082745,-0.542172414354497
-0.10517,-0.551831043586887
-0.12771,-0.55949678901251
-0.15031,-0.565152540690852
-0.17289,-0.56878594781363
-0.19537,-0.570389792791112
-0.21767,-0.569962107045315
-0.23972,-0.567513473774701
-0.26145,-0.56306514546396
-0.28279,-0.556647200963572
-0.30367,-0.548296773959438
-0.32402,-0.538056378825258
-0.34378,-0.525979752397463
-0.36288,-0.51212141363015
-0.38126,-0.496542950963501
-0.39886,-0.479310439515935
-0.41563,-0.46049957279205
-0.43152,-0.440192088245527
-0.44648,-0.418472662857898
-0.46045,-0.395418864203913
-0.4734,-0.371122745207655
-0.4853,-0.345685625584074
-0.49609,-0.319191398083517
-0.50575,-0.2917371627755
-0.51424,-0.263413134169128
-0.52154,-0.234316156028882
-0.52764,-0.204552974364692
-0.5325,-0.174212987240967
-0.53611,-0.143391047913288
-0.53846,-0.112183462604908
-0.53953,-0.0806772929445222
-0.53933,-0.0489715169862941
-0.53785,-0.0171567635530173
-0.53508,0.0146860470528929
-0.53104,0.0464643959690877
-0.52573,0.0780942936272478
-0.51915,0.109501511828572
-0.51133,0.140600161746152
-0.50227,0.171320118390866
-0.492,0.201584351991856
-0.48054,0.231320432264508
-0.46792,0.260454891819511
-0.45415,0.288930908026885
-0.43927,0.316685152307744
-0.42332,0.343651485227881
-0.40633,0.369771391732354
-0.38834,0.394987401140442
-0.36939,0.419245151200528
-0.34952,0.442494964901707
-0.32878,0.464685596622592
-0.30722,0.485766615980523
-0.2849,0.505682896397307
-0.26185,0.524399869370859
-0.23815,0.541864172758595
-0.21384,0.55803897135051
-0.18899,0.572880207535862
-0.16365,0.586354619199118
-0.1379,0.598416984716519
-0.11179,0.609036453182359
-0.085391,0.618179660827794
-0.058773,0.625813448841881
-0.032003,0.631908508069216
-0.0051506,0.636438060783447
0.021713,0.639377458117134
0.04852,0.640707482864633
0.075198,0.640410938458366
0.10168,0.638477226737078
0.12788,0.634887798968096
0.15375,0.629646771557638
0.17922,0.622760625281735
0.2042,0.614223240592389
0.22865,0.604055898668416
0.25249,0.592272225429582
0.27566,0.578894486772716
0.29811,0.563959066845933
0.31977,0.547498301908417
0.34059,0.529555488594797
0.36052,0.510181863893839
0.37951,0.489433929361919
0.39751,0.46737111345988
0.4145,0.444075955972369
0.43041,0.419610564449782
0.44524,0.394070746459436
0.45894,0.367539962564975
0.47149,0.340111651578887
0.48287,0.311884714213324
0.49306,0.282959679924221
0.50207,0.253457710237948
0.50987,0.223483555675944
0.51646,0.193147831734899
0.52186,0.162577362151012
0.52606,0.131886069631497
0.52907,0.10118876839469
0.53092,0.0706121985436781
0.53162,0.0402739836491505
0.53119,0.0102880441558248
0.52965,-0.0192383951951413
0.52703,-0.0481996921111362
0.52337,-0.0764876585329328
0.5187,-0.10400311793123
0.51304,-0.130665019443178
0.50645,-0.156380363982509
0.49894,-0.181086853766712
0.49058,-0.204705125277397
0.48139,-0.227182052579868
0.47142,-0.24846579692537
0.46071,-0.26851524768837
0.44931,-0.287292542506826
0.43726,-0.304771726191367
0.42461,-0.320930604139261
0.41139,-0.33576624105614
0.39766,-0.349269941850172
0.38346,-0.361444174034778
0.36883,-0.37230107964472
0.35382,-0.381853588705629
0.33848,-0.390115580520713
0.32284,-0.397116728938163
0.30696,-0.40287703088177
0.29087,-0.40743085129007
0.27462,-0.410808897387955
0.25825,-0.413045924174179
0.24181,-0.414171992299495
0.22532,-0.414235080555041
0.20883,-0.413274429445859
0.19238,-0.411328819973577
0.17601,-0.408435807337766
0.15975,-0.404638489268894
0.14363,-0.399983386607352
0.1277,-0.394503817372403
0.11198,-0.388243776515837
0.096503,-0.381245071093869
0.081305,-0.373544377844269
0.066415,-0.365178366570625
0.051861,-0.356183365140692
0.037668,-0.346596557126088
0.023865,-0.336451728287507
0.010476,-0.325782563477213
-0.0024764,-0.314622627116293
-0.014969,-0.303003858271788
-0.026984,-0.290959825374979
-0.038501,-0.278522380296655
-0.049501,-0.26572195462424
-0.059971,-0.252591228007064
-0.069897,-0.239162843562403
-0.079267,-0.225469781015244
-0.088068,-0.211543422779376
-0.096296,-0.197419426567914
-0.10394,-0.183130509715275
-0.111,-0.168714017681472
-0.11747,-0.154205325420138
-0.12335,-0.13964143991407
-0.12864,-0.125059416534751
-0.13334,-0.110495075078923
-0.13746,-0.0959893866982108
-0.14101,-0.0815860894436957
-0.14399,-0.0673222934744143
-0.1464,-0.0532284619454361
-0.14827,-0.0393507456525367
-0.1496,-0.0257242036267126
-0.15041,-0.0123884833687455
-0.15072,0.000614460595617758
-0.15053,0.0132570614908172
-0.14987,0.0255022541702285
-0.14877,0.037306656963005
-0.14723,0.0486454834405278
-0.14528,0.0594877747375639
-0.14295,0.0697987882908421
-0.14025,0.0795568058659884
-0.13722,0.0887293647806396
-0.13387,0.0972987535934272
-0.13024,0.105237798223148
-0.12635,0.112527567316984
-0.12224,0.119141834320183
-0.11792,0.125071719643994
-0.11343,0.130300723271794
-0.1088,0.134814375065037
-0.10406,0.138600547363879
-0.099235,0.141653336645068
-0.094363,0.14396270873625
-0.089474,0.145521777249817
-0.084597,0.14632739668572
-0.079766,0.146376095497384
-0.075012,0.145666709584029
-0.070365,0.144200951482906
-0.065858,0.141980822888771
-0.061521,0.139010944238661
-0.057383,0.135298870323821
-0.053476,0.130852295680101
-0.049828,0.12568195931378
-0.046466,0.119801672154979
-0.043418,0.113226765160147
-0.040712,0.105973521059596
-0.03837,0.0980631111234818
-0.036417,0.0895179682917238
-0.034876,0.0803625112195841
-0.033767,0.0706243958850339
-0.033108,0.0603346820556451
-0.032919,0.0495249011477281
-0.033215,0.0382298360961469
-0.034008,0.026488177113355
-0.035312,0.0143392304502486
-0.037136,0.00182540406056166
-0.039488,-0.0110088511301875
-0.042373,-0.0241164907811041
-0.045794,-0.0374482634880165
-0.049753,-0.0509538426438972
-0.054247,-0.064579832341736
-0.059273,-0.0782719613823938
-0.064826,-0.0919754192145398
-0.070895,-0.105632206690747
-0.07747,-0.11918428330544
-0.084538,-0.132573169560147
-0.092082,-0.145738921860655
-0.10008,-0.15861862549668
-0.10852,-0.171156372541332
-0.11737,-0.183288957330299
-0.12661,-0.194958222749082
-0.13621,-0.20610462605066
-0.14615,-0.216676902055048
-0.15637,-0.22660266970437
-0.16687,-0.235839258699863
-0.17759,-0.244325170905961
-0.18851,-0.252015424180936
-0.19957,-0.258850444705217
-0.21075,-0.264790550668035
-0.222,-0.269791465950747
-0.23327,-0.273806898614021
-0.24452,-0.276798060660975
-0.25571,-0.278733753747897
-0.26679,-0.279582848817859
-0.27772,-0.279323009891765
-0.28845,-0.277932697132467
-0.29892,-0.275384686906213
-0.30911,-0.271677961012138
-0.31896,-0.266803556108966
-0.32842,-0.260754208078295
-0.33745,-0.253532050604202
-0.34601,-0.245147163381963
-0.35405,-0.235608779853253
-0.36153,-0.224932985175058
-0.36841,-0.213141317047055
-0.37465,-0.200259468745077
-0.38021,-0.186316103455859
-0.38506,-0.171349184023944
-0.38914,-0.155381211824002
-0.39245,-0.138466195632776
-0.39493,-0.120637908140647
-0.39656,-0.101942630285749
-0.39731,-0.0824281937429457
-0.39715,-0.0621424748023859
-0.39606,-0.0411395372788189
-0.39403,-0.0194843917017623
-0.39102,0.00277306996496315
-0.38702,0.0255743594390329
-0.38203,0.0488483294013659
-0.37602,0.0725378362907688
-0.36899,0.0965765307761999
-0.36094,0.12089261332039
-0.35186,0.145419423905284
-0.34175,0.170089087907517
-0.33062,0.194827459288221
-0.31848,0.219557627475725
-0.30533,0.244210239531743
-0.29118,0.268716867381919
-0.27606,0.292997270152849
-0.25998,0.316979035503486
-0.24297,0.340583646054304
-0.22504,0.363745019891944
-0.20624,0.386379777771289
-0.18658,0.408422913852116
-0.1661,0.429804318015092
-0.14484,0.450452195221759
-0.12284,0.470295871968264
-0.10015,0.489260644065833
-0.076793,0.507291108781117
-0.052831,0.524320674607007
-0.028311,0.540287222511965
-0.0032831,0.555132224862939
0.0222,0.568800320230483
0.048082,0.581238152402746
0.074308,0.592397080946603
0.10082,0.602231914362313
0.12755,0.610694691397895
0.15444,0.617744523177657
0.18143,0.623346460995195
0.20845,0.627464507301697
0.23544,0.630070789149311
0.26233,0.631137935695773
0.28904,0.630632904009387
0.31551,0.628534315657597
0.34168,0.624831324309723
0.36746,0.619500230057514
0.39278,0.612522914510607
0.41759,0.603901532607178
0.4418,0.593625443177679
0.46536,0.581704032059033
0.48818,0.568133450777869
0.51022,0.55293669178995
0.53139,0.536121205120313
0.55165,0.517719073830883
0.57092,0.497752157713372
0.58915,0.476256004966072
0.60628,0.453269146098544
0.62227,0.428846545757147
0.63705,0.403032999969365
0.65059,0.375893685229963
0.66283,0.34748643447433
0.67373,0.317876517075128
0.68326,0.28714091277381
0.69138,0.255356620793854
0.69805,0.222598582075605
0.70325,0.188952795413278
0.70695,0.15450436810171
0.70913,0.119342653888467
0.70978,0.0835652358600811
0.70888,0.0472660867258934
0.70641,0.010533463492814
0.70239,-0.0265221063991681
0.69679,-0.0638124483293195
0.68963,-0.101233212342185
0.68091,-0.138685056687262
0.67064,-0.176068436822144
0.65884,-0.213279451395739
0.64552,-0.250221433256054
0.63072,-0.286784552974413
0.61446,-0.322866728936728
0.59676,-0.358375520060768
0.57768,-0.393199852363048
0.55724,-0.427246901488907
0.53549,-0.460419599155025
0.51248,-0.492620829284753
0.48826,-0.523756824344477
0.46289,-0.553732436454542
0.43642,-0.582462169537507
0.40892,-0.609856647413625
0.38046,-0.635826607997301
0.3511,-0.660293519997129
0.32092,-0.683175683618205
0.28999,-0.704399302498073
0.25838,-0.72389980840071
0.22619,-0.741600501281725
0.19347,-0.7574548082411
0.16033,-0.771398202925366
0.12684,-0.783383868267053
0.09308,-0.793373983564023
0.059146,-0.801328022904571
0.025121,-0.807214816215535
-0.0089108,-0.811011500277728
-0.042863,-0.812701696720188
-0.076651,-0.812276805424584
-0.11019,-0.809735333635832
-0.14339,-0.805078436020107
-0.17618,-0.798324110410555
-0.20848,-0.789497457412229
-0.24019,-0.778614464373805
-0.27125,-0.76571349025994
-0.30157,-0.750828241632025
-0.33109,-0.734010442515247
-0.35972,-0.715303207153245
-0.3874,-0.694764121709085
-0.41406,-0.672453831164815
-0.43964,-0.648441502844204
-0.46406,-0.622786760186276
-0.48729,-0.595577082059865
-0.50925,-0.566883211552346
-0.5299,-0.536790156827129
-0.54919,-0.505384764927841
-0.56707,-0.472753003670995
-0.58351,-0.43899252797226
-0.59846,-0.404192868074
-0.6119,-0.368456598304626
-0.62381,-0.331893823472525
-0.63415,-0.294602701107146
-0.6429,-0.256683574418496
-0.65006,-0.218250253741248
-0.6556,-0.17940174044913
-0.65954,-0.140258944014493
-0.66185,-0.100919703195599
-0.66254,-0.0614896501704706
-0.66163,-0.0220846534179801
-0.65911,0.0171970886868461
-0.655,0.0562527468793023
-0.64933,0.0949718321488463
-0.64211,0.133256160271927
-0.63338,0.170998671473159
-0.62315,0.208110993190143
-0.61147,0.244493421685676
-0.59837,0.280055414857559
-0.5839,0.314702295735307
-0.5681,0.348346843882788
-0.55102,0.380903661960492
-0.5327,0.412299392128798
-0.5132,0.442458457317193
-0.49259,0.471299018305565
-0.47091,0.498759452179652
-0.44823,0.524774795870338
-0.42461,0.549287428022375
-0.40012,0.572240680763251
-0.37483,0.593581047989303
-0.3488,0.613267263720207
-0.32211,0.63125510001518
-0.29483,0.647507357842319
-0.26703,0.661994317110701
-0.23879,0.67468648822476
-0.21018,0.685563528692327
-0.18127,0.694613770213549
-0.15215,0.70181879183129
-0.12288,0.707178104609218
-0.093548,0.710685652082713
-0.064223,0.712345741609467
-0.034979,0.712167826730753
-0.0058889,0.710166646094757
0.022974,0.706361048692171
0.051539,0.700775117332694
0.079736,0.693437416544966
0.1075,0.684383555817508
0.13476,0.673649819353554
0.16145,0.661276102557061
0.18751,0.64730887750898
0.21288,0.631798931976253
0.23751,0.614806788726534
0.26133,0.596384586421097
0.28429,0.57659122406748
0.30633,0.555482152140312
0.32742,0.533130777179952
0.3475,0.50960083366841
0.36653,0.484961302671835
0.38446,0.459276061123337
0.40126,0.43261781870741
0.41689,0.405056896379653
0.43132,0.376667000961856
0.44451,0.347514960027653
0.45645,0.317682176075442
0.4671,0.287237134327716
0.47646,0.256265321848035
0.48449,0.224833700731969
0.49119,0.193021691439893
0.49655,0.160908812997767
0.50057,0.128579494353004
0.50324,0.0961120069333932
0.50456,0.0635844670875393
0.50455,0.0310870496127872
0.50321,-0.00129808042020236
0.50056,-0.0334831726106685
0.49661,-0.0653862927532222
0.49138,-0.0969255918461655
0.48491,-0.128007307768901
0.47721,-0.158553396701327
0.46833,-0.188471643912365
0.4583,-0.217676333989035
0.44715,-0.246089964804463
0.43492,-0.273637045441061
0.42167,-0.300231660391926
0.40743,-0.325804700166242
0.39226,-0.350281008067205
0.37621,-0.373590711032341
0.35933,-0.395670820377626
0.34167,-0.416466351462178
0.3233,-0.435916226536783
0.30427,-0.453971645623091
0.28465,-0.470580982222737
0.26449,-0.485707260425009
0.24385,-0.499319665008252
0.22281,-0.511379129266274
0.20142,-0.521863886305506
0.17976,-0.530745216793303
0.15787,-0.538019836563462
0.13584,-0.543668753565013
0.11373,-0.547683650338406
0.091588,-0.550074524016455
0.069495,-0.550842066470923
0.04751,-0.549996283314724
0.025696,-0.54755198702065
0.0041145,-0.543529074165217
-0.017175,-0.537952948375467
-0.038112,-0.530852459769782
-0.058641,-0.522262550870532
-0.078707,-0.512222861161006
-0.098254,-0.500775328244335
-0.11723,-0.487965847011868
-0.13559,-0.473847678684514
-0.15329,-0.458479528469337
-0.17028,-0.441918633337333
-0.18652,-0.424227012769531
-0.20197,-0.405468938955563
-0.21659,-0.385708794471672
-0.23036,-0.365024091441357
-0.24324,-0.343486000780394
-0.2552,-0.321165965359279
-0.26623,-0.298148372234439
-0.2763,-0.274510810954109
-0.28539,-0.250330483396849
-0.29348,-0.225681936007549
-0.30058,-0.200657454534794
-0.30667,-0.175338638795939
-0.31174,-0.149803316087108
-0.31579,-0.124131166371513
-0.31882,-0.0984007822359779
-0.32085,-0.0727020968734121
-0.32186,-0.0471017060608245
-0.32188,-0.0216820557059812
-0.32091,0.00348657681033627
-0.31897,0.0283313842162563
-0.31608,0.0527800598835576
-0.31226,0.0767632375099029
-0.30753,0.100216394838926
-0.30192,0.123073878268921
-0.29546,0.145271517889953
-0.28817,0.166756098078089
-0.2801,0.187463128224036
-0.27127,0.207343593048621
-0.26172,0.226348132102348
-0.25149,0.244429091493651
-0.24063,0.261534725262499
-0.22917,0.277626806516989
-0.21716,0.292664883206145
-0.20463,0.306623225910699
-0.19165,0.319459715615208
-0.17826,0.331142942857146
-0.16449,0.341658964209999
-0.1504,0.350986708808697
-0.13605,0.359100504470822
-0.12146,0.366001789103635
-0.1067,0.371677390425461
-0.091814,0.376122463470619
-0.076846,0.37933949872825
-0.061843,0.381335094127933
-0.046853,0.382118698735532
-0.031923,0.381702973409932
-0.017098,0.380104705188363
-0.0024214,0.377345109568805
0.012061,0.37344696821536
0.026309,0.368438163792281
0.04028,0.362348445566953
0.053933,0.355209697714155
0.067232,0.347058579178643
0.080141,0.337934796138058
0.092622,0.327878116965868
0.10465,0.31693702343681
0.11618,0.305151015724583
0.1272,0.292575746380939
0.13767,0.279257710609392
0.14759,0.265264348352008
0.15691,0.250641164181518
0.16563,0.235451657045572
0.17373,0.219757228482149
0.1812,0.203623207309459
0.18803,0.187116172618876
0.19421,0.170301731062391
0.19973,0.153242715115364
0.20458,0.135997767302682
0.20878,0.118642468579088
0.21231,0.101234136319141
0.21518,0.0838356687507696
0.21739,0.0665050037741936
0.21895,0.049301526488186
0.21986,0.0322763843231413
0.22013,0.0154796689467717
0.21976,-0.00104857622894043
0.21878,-0.0172557665996395
0.21718,-0.0331106688804825
0.21499,-0.0485710005686001
0.2122,-0.0636167755627519
0.20884,-0.0782174313196285
0.20491,-0.0923573753157941
0.20043,-0.106019193637262
0.19542,-0.119184944279782
0.18989,-0.131844587950397
0.18385,-0.143995169033328
0.17733,-0.155625163521559
0.17034,-0.166731643573755
0.16289,-0.177319076235199
0.15501,-0.187383354890272
0.14672,-0.19692130964144
0.13803,-0.205938321991024
0.12896,-0.21443943373032
0.11955,-0.222414770123474
0.1098,-0.229872525112079
0.099747,-0.236808113438904
0.08941,-0.243220301988407
0.078815,-0.249105612490434
0.067987,-0.254459773011444
0.056953,-0.25927667588889
0.04574,-0.263549053362233
0.034377,-0.267267563284136
0.022893,-0.270421577375995
0.011317,-0.272999844196103
-0.00032073,-0.274990097077731
-0.011988,-0.276378281301865
-0.023655,-0.277151156352776
-0.035288,-0.277293712960782
-0.046855,-0.276791316725055
-0.058325,-0.275630887842442
-0.069664,-0.273798856450558
-0.080841,-0.271283967245846
-0.091824,-0.268076523796775
-0.10258,-0.264167741044383
-0.11308,-0.259552898224619
-0.1233,-0.254234516229928
-0.1332,-0.248209198628858
-0.14276,-0.24148379765168
-0.15195,-0.234065984088186
-0.16074,-0.225964015908129
-0.16911,-0.217193920399052
-0.17704,-0.207777677377817
-0.1845,-0.197734193373185
-0.19147,-0.187086878502551
-0.19795,-0.175877016988315
-0.2039,-0.164129691234231
-0.20931,-0.151878480436087
-0.21418,-0.139170328454562
-0.21848,-0.126039522269871
-0.2222,-0.112523995825514
-0.22534,-0.0986709503774047
-0.22788,-0.0845189380959492
-0.22981,-0.0701058058820615
-0.23113,-0.0554750883837204
-0.23183,-0.0406662039589128
-0.23191,-0.02572143240163
-0.23135,-0.0106692534231618
-0.23017,0.00444436772352533
-0.22835,0.0195903974838999
-0.2259,0.0347322748391281
-0.22282,0.0498359918586435
-0.21911,0.0648707615850218
-0.21477,0.0798094849388179
-0.20981,0.0946216429068203
-0.20424,0.109275052928885
-0.19805,0.12375212239861
-0.19126,0.138025598993333
-0.18387,0.152076256560845
-0.1759,0.165877351160281
-0.16736,0.179404471885969
-0.15825,0.192643417277161
-0.14859,0.205574095281213
-0.1384,0.218172484923967
-0.12769,0.230419703670531
-0.11647,0.242301785979856
-0.10476,0.253801982372043
-0.092579,0.264902753013538
-0.079945,0.27558738545668
-0.066878,0.285839052493182
-0.053399,0.295640790172996
-0.039528,0.3049769576889
-0.02529,0.313829937402665
-0.010706,0.322184177711811
0.0041961,0.330021331494347
0.019393,0.337324911323005
0.034857,0.344077332945339
0.05056,0.350260516441905
0.066475,0.355857489586066
0.082573,0.360851357093282
0.098823,0.36522446603962
0.1152,0.368963667980675
0.13166,0.372045950871336
0.14819,0.374464091387641
0.16475,0.376204026295827
0.1813,0.377246758737193
0.19782,0.377584804573272
0.21427,0.377205567142193
0.23062,0.376100256980211
0.24684,0.374263580358086
0.26289,0.371685998390037
0.27875,0.368369779764716
0.29437,0.364304646739973
0.30972,0.359485440195447
0.32477,0.353911421939584
0.33948,0.347578200223713
0.35383,0.340493498461983
0.36777,0.33265256352124
0.38127,0.324055635919545
0.3943,0.314707096549391
0.40682,0.304607272225833
0.4188,0.29376071829948
0.43021,0.282175380543029
0.44102,0.269861827209065
0.45119,0.256825155673032
0.46068,0.243065990041583
0.46948,0.228603577872672
0.47754,0.213442149578649
0.48483,0.197588558000241
0.49133,0.181059016313577
0.497,0.163862096242942
0.50182,0.146014797756253
0.50574,0.127518288390043
0.50875,0.108390520358911
0.51082,0.0886477040583445
0.51191,0.0682968144125175
0.51201,0.0473593595256209
0.51108,0.0258457794445743
0.50911,0.00377946961053019
0.50607,-0.0188211809459092
0.50194,-0.0419349550707938
0.49671,-0.0655315770806356
0.49035,-0.0895891206118797
0.48286,-0.114070854793347
0.47422,-0.138943957135037
0.46443,-0.164164919696997
0.45348,-0.1896902673443
0.44136,-0.215477817062832
0.42809,-0.241465491621963
0.41366,-0.267599149118162
0.39808,-0.293817850690184
0.38137,-0.320049587720725
0.36352,-0.346237733488955
0.34457,-0.372302829338452
0.32453,-0.398171570982668
0.30343,-0.423763054956547
0.28129,-0.449000115115513
0.25815,-0.473796206232837
0.23403,-0.498074692884641
0.20899,-0.52173979382887
0.18306,-0.544705459534635
0.15628,-0.566888842433462
0.12871,-0.588197593937373
0.1004,-0.60854208387102
0.071399,-0.627838549129048
0.041776,-0.645995979225676
0.011591,-0.662927204823012
-0.019091,-0.678547402465074
-0.050202,-0.692774333392743
-0.08167,-0.70552774993579
-0.11342,-0.716729621898133
-0.14538,-0.726308714056682
-0.17747,-0.734195977533255
-0.2096,-0.740319306341197
-0.24171,-0.744628979131763
-0.27371,-0.747073219414583
-0.30551,-0.74760073853896
-0.33703,-0.746170153211469
-0.36818,-0.742742518213336
-0.39888,-0.737290026497663
-0.42905,-0.729795323844656
-0.45859,-0.720235875390816
-0.48744,-0.708615849231269
-0.51549,-0.694924531823904
-0.54267,-0.679169727139041
-0.56891,-0.661374575770997
-0.59412,-0.641559775144755
-0.61824,-0.619766248507503
-0.64117,-0.596021069398252
-0.66287,-0.570384265606238
-0.68326,-0.542911680930341
-0.70227,-0.513662080217247
-0.71985,-0.482710128594285
-0.73595,-0.450141596018726
-0.7505,-0.416034353935431
-0.76347,-0.380487569035194
-0.77481,-0.343600241184578
-0.78448,-0.305476034873717
-0.79244,-0.266219581667077
-0.79866,-0.225940801093424
-0.80312,-0.184758180946728
-0.8058,-0.142793742653895
-0.80669,-0.100176225605028
-0.80576,-0.0570212229715031
-0.80302,-0.0134598180283342
-0.79847,0.0303757752329244
-0.79211,0.0743564705924116
-0.78395,0.118352327539169
-0.774,0.162236818030638
-0.76229,0.205875435463745
-0.74883,0.249146351133849
-0.73367,0.291912402875019
-0.71682,0.334058126072987
-0.69834,0.375452513020081
-0.67825,0.415986003197881
-0.6566,0.455548001382487
-0.63345,0.49402360654406
-0.60885,0.531305889833882
-0.58285,0.567298206604341
-0.55551,0.601908418655117
-0.5269,0.635044129295355
-0.49709,0.666616243083008
-0.46613,0.696556542247594
-0.43411,0.724786939087291
-0.40109,0.75124671206301
-0.36716,0.775869614062211
-0.3324,0.798595131841237
-0.29688,0.81937739023944
-0.26069,0.83816974707997
-0.22391,0.854934560777625
-0.18662,0.869643404629327
-0.14893,0.882254780851698
-0.1109,0.892755626683001
-0.072637,0.90112225912471
-0.034221,0.90734387044492
0.0042554,0.911411799474271
0.042703,0.91332262603639
0.081033,0.913078267560774
0.11915,0.91068069873204
0.15698,0.906148360573105
0.19442,0.899491642428154
0.23139,0.890731742201623
0.2678,0.879891131404524
0.30356,0.866993189323008
0.33859,0.852069232533921
0.37282,0.835163935002639
0.40615,0.81630972516221
0.43851,0.795550790704953
0.46982,0.772932487426364
0.50002,0.748514923083681
0.52902,0.72234649927001
0.55676,0.694487215443621
0.58318,0.665004915799249
0.60822,0.633972024784499
0.63181,0.601455353284332
0.65392,0.567544959040913
0.67448,0.532317594610315
0.69345,0.495859314800618
0.7108,0.45826861309103
0.72649,0.419643797546806
0.74049,0.380087564276078
0.75278,0.339710517849032
0.76334,0.298626360714581
0.77215,0.256947884688321
0.77922,0.214805900771678
0.78453,0.172319606360594
0.78811,0.129632121109798
0.78994,0.0868644946035557
0.79007,0.0441679098261698
0.7885,0.00167617390655255
0.78527,-0.0404656068077678
0.78041,-0.0821152457070823
0.77395,-0.123137512142348
0.76594,-0.163392465505986
0.75644,-0.202733610402027
0.74548,-0.241036200978831
0.73312,-0.278175163274603
0.71942,-0.314029537878803
0.70445,-0.348478578243089
0.68827,-0.381413412669115
0.67093,-0.412746160724247
0.65252,-0.442379777361833
0.6331,-0.470235756784324
0.61274,-0.496246392279084
0.59152,-0.520348256101928
0.5695,-0.542499005214315
0.54677,-0.562653379209036
0.52339,-0.580788277435958
0.49944,-0.5968853812584
0.475,-0.610931776749777
0.45014,-0.622927659865532
0.42493,-0.632884762504815
0.39945,-0.640817336655097
0.37376,-0.646756950009348
0.34795,-0.650726918104505
0.32207,-0.652773615650966
0.2962,-0.652939276816011
0.2704,-0.65127709457831
0.24474,-0.64784084395419
0.21928,-0.642691225961675
0.19407,-0.635900732658037
0.16917,-0.627542406755851
0.14464,-0.617688091909958
0.12053,-0.606414373398399
0.096877,-0.593809396499353
0.073736,-0.579955074352297
0.051146,-0.564937988552587
0.029146,-0.54884615336198
0.0077735,-0.531767421201845
-0.012943,-0.513793690483551
-0.032969,-0.49501304330159
-0.05228,-0.475515287345149
-0.070853,-0.455390040585461
-0.088666,-0.43472477738147
-0.1057,-0.413604743731246
-0.12195,-0.39212104315791
-0.13739,-0.370351080784199
-0.15202,-0.348377881043571
-0.16583,-0.326278854819285
-0.17883,-0.304139059421767
-0.191,-0.282024684565417
-0.20236,-0.260013919965767
-0.21291,-0.238177130715998
-0.22266,-0.216583261331495
-0.23162,-0.195297622768899
-0.2398,-0.174380193595314
-0.24722,-0.15389177800244
-0.2539,-0.13389155108702
-0.25986,-0.114435124688894
-0.26513,-0.0955804784677706
-0.26971,-0.0773630941760503
-0.27366,-0.0598430621816653
-0.27698,-0.0430536701915306
-0.27972,-0.0270420290139395
-0.2819,-0.0118422951794126
-0.28355,0.00251597658136956
-0.28471,0.0160009739915769
-0.28542,0.0285805311587976
-0.2857,0.0402384454857219
-0.2856,0.0509502226362534
-0.28515,0.0607007022161823
-0.28439,0.069475809369918
-0.28335,0.0772706528252211
-0.28206,0.084088397905303
-0.28058,0.0899169352839906
-0.27892,0.0947696059704897
-0.27714,0.0986433786053262
-0.27524,0.10156689942402
-0.27328,0.103549618217919
-0.27129,0.104607812244882
-0.26928,0.104777947737442
-0.2673,0.104082527760171
-0.26536,0.102562059187406
-0.26348,0.100263334620846
-0.2617,0.0972223963756619
-0.26003,0.0934880153419292
-0.25848,0.0891180583865148
-0.25708,0.0841615000161761
-0.25583,0.0786810891947008
-0.25474,0.0727416374495816
-0.25383,0.0664004874292116
-0.25309,0.059729561386335
-0.25253,0.0527957361475043
-0.25215,0.0456673065205418
-0.25195,0.0384117172148081
-0.25192,0.0311011160010641
-0.25205,0.0238092786464029
-0.25235,0.0165942599841237
-0.25279,0.00952915499174596
-0.25337,0.00267470196791132
-0.25406,-0.00389812430119484
-0.25486,-0.0101345717041676
-0.25574,-0.0159726637248545
-0.25668,-0.0213540933368267
-0.25767,-0.026232921954262
-0.25869,-0.0305675002526258
-0.2597,-0.0343064585480381
-0.26069,-0.0374146441700609
-0.26164,-0.0398640283225623
-0.26251,-0.0416188017388135
-0.2633,-0.0426679310769044
-0.26396,-0.0429841862888376
-0.26448,-0.0425580880669083
-0.26484,-0.0413878121655226
-0.26501,-0.0394708450625501
-0.26497,-0.0368120424276833
-0.26469,-0.0334151128527861
-0.26417,-0.0293053436637114
-0.26337,-0.0244955618050748
-0.26228,-0.0190107596718762
-0.26089,-0.0128854029977844
-0.25917,-0.00614619432609154
-0.25712,0.00116467905751852
-0.25472,0.00900822674037492
-0.25197,0.0173340800179769
-0.24884,0.0261060634743029
-0.24535,0.0352633113188517
-0.24148,0.0447561677842293
-0.23723,0.0545304928317129
-0.23261,0.0645225704298519
-0.2276,0.0746848732517988
-0.22223,0.0849472827071487
-0.21649,0.0952530169172107
-0.21039,0.105542900451806
-0.20393,0.115764981012232
-0.19714,0.125852538784227
-0.19002,0.135751145380869
-0.18259,0.145403201823877
-0.17485,0.154765176995759
-0.16684,0.16377678379195
-0.15855,0.172403151831815
-0.15002,0.180594216852595
-0.14125,0.188318964319179
-0.13227,0.195540770507345
-0.12309,0.202234663827755
-0.11374,0.208371350212206
-0.10423,0.213934033543374
-0.094583,0.218907238354799
-0.08482,0.223278855809839
-0.074958,0.22704317135031
-0.065019,0.230196470095961
-0.055021,0.232740083309387
-0.044984,0.234678256292276
-0.034927,0.236018552873802
-0.02487,0.23677059304824
-0.014832,0.236946436980835
-0.00483,0.236561545946088
0.0051144,0.235630561969514
0.014985,0.234171296677292
0.024763,0.232201921050059
0.034432,0.229742364345238
0.043974,0.226812412284579
0.053372,0.223432076145813
0.062611,0.219622600029227
0.071675,0.215405000059762
0.080549,0.210800350898708
0.089219,0.205829994637072
0.097671,0.200514943771015
0.10589,0.194874650726784
0.11387,0.188933436476473
0.12159,0.182707780914671
0.12905,0.176222893186835
0.13623,0.169495504122619
0.14312,0.162542392026531
0.14971,0.155379842109533
0.15599,0.148023216558107
0.16197,0.140501421183009
0.16761,0.132816437434603
0.17293,0.124992746208637
0.17791,0.117042613914701
0.18255,0.108982809219698
0.18684,0.100825762116722
0.19078,0.0925873414051653
0.19437,0.0842856370949808
0.19759,0.0759251272886797
0.20046,0.0675286403054684
0.20297,0.0591108721881572
0.20513,0.0506942380858981
0.20692,0.042284459261448
0.20837,0.0339104829896371
0.20946,0.0255820959944678
0.2102,0.0173154239942865
0.2106,0.00913112341550682
0.21067,0.00105281425639398
0.21041,-0.00690165726549461
0.20983,-0.0147123273877464
0.20894,-0.0223582113792017
0.20774,-0.029825613268525
0.20626,-0.0370850539231177
0.20449,-0.0441248565546815
0.20245,-0.0509259887722937
0.20015,-0.0574715680392917
0.1976,-0.0637470683814295
0.19482,-0.0697330318392447
0.19182,-0.0754141120474296
0.18861,-0.080778862086089
0.18521,-0.0858120699535757
0.18162,-0.0905108665105624
0.17786,-0.0948678055725349
0.17396,-0.0988647344998371
0.16991,-0.102505099615003
0.16573,-0.105787656523212
0.16144,-0.10870758963756
0.15706,-0.111257488186605
0.15259,-0.113442983481132
0.14805,-0.115265429773837
0.14345,-0.116730238542432
0.13881,-0.117838684655175
0.13414,-0.118596189826471
0.12945,-0.119011485704675
0.12477,-0.119081051399764
0.12009,-0.118821250793568
0.11545,-0.118227147411453
0.11085,-0.117306414942641
0.1063,-0.116069350895805
0.10182,-0.114520760464989
0.097423,-0.11266611734857
0.093125,-0.110509104115652
0.088937,-0.108055586449981
0.084874,-0.105310098004734
0.080948,-0.102278214236824
0.077172,-0.0989654750579959
0.073559,-0.0953772527104477
0.070121,-0.0915193844152702
0.06687,-0.0873979265039588
0.063817,-0.0830196865247159
0.060973,-0.0783918894976424
0.058349,-0.073521894387449
0.055955,-0.0684176976156532
0.053798,-0.0630897982407749
0.051887,-0.0575489357315086
0.05023,-0.0518064750731125
0.048832,-0.0458761748879679
0.047698,-0.0397733274549618
0.046833,-0.0335140207837334
0.046238,-0.0271174751892215
0.045916,-0.0206034011635128
0.045865,-0.01399502699664
0.046086,-0.00731552233718647
0.046573,-0.00059250399516398
0.047325,0.00614733323948776
0.048337,0.0128758756333469
0.0496,0.0195617534565314
0.051108,0.0261741330247577
0.052851,0.0326805949481614
0.054817,0.0390469579066963
0.056998,0.0452416330358662
0.059379,0.0512309454787013
0.061948,0.0569828272738465
0.064692,0.0624668061789046
0.067595,0.0676524891127264
0.070641,0.072510566709506
0.073814,0.077013603730764
0.077097,0.0811358965805902
0.080472,0.0848533206239215
0.083922,0.0881446506885729
0.087426,0.0909888557479844
0.090969,0.0933703113501431
0.094529,0.0952732466820816
0.098088,0.0966854069905977
0.10163,0.0975994317399522
0.10512,0.0979983008673423
0.10856,0.0978852639066197
0.11192,0.0972564021221137
0.11519,0.0961171542239754
0.11833,0.0944583942107385
0.12135,0.0922966818798105
0.1242,0.0896246707583605
0.12689,0.0864604964765183
0.12939,0.0828129472144541
0.13167,0.0786832051696069
0.13373,0.0740886087125028
0.13556,0.0690517958883377
0.13712,0.0635770138503409
0.1384,0.0576758463384487
0.13939,0.0513655522543478
0.14008,0.0446675765418913
0.14044,0.0375914352905056
0.14047,0.0301589958372063
0.14015,0.0223867322095886
0.13946,0.0142863427083304
0.1384,0.00588014573015266
0.13696,-0.00280898025834835
0.13511,-0.0117731263608727
0.13286,-0.020987125456295
0.13018,-0.0304422018506744
0.12709,-0.0401061074947891
0.12356,-0.049965568129581
0.11959,-0.06000084429201
0.11517,-0.0701949971448508
0.1103,-0.0805264951744361
0.10497,-0.0909781730761126
0.099187,-0.101524375470399
0.092942,-0.112145227218929
0.086233,-0.122820982283793
0.079062,-0.133529695284149
0.071429,-0.144249843800818
0.063337,-0.154958737922096
0.054788,-0.165634233075407
0.045786,-0.176253883586185
0.036338,-0.186793534334728
0.026448,-0.197230672422747
0.016127,-0.207539695364671
0.0053845,-0.217694468401986
-0.0057712,-0.227670182132829
-0.017326,-0.237439645122873
-0.029267,-0.246975540109614
-0.041578,-0.256248922163416
-0.054242,-0.265229905046857
-0.067245,-0.27389105589715
-0.080562,-0.282199720668193
-0.094177,-0.290126771489424
-0.10807,-0.297643958036726
-0.12221,-0.304716580667001
-0.13657,-0.311308847580788
-0.15114,-0.317397843025547
-0.16588,-0.322949704531572
-0.18077,-0.327937691201064
-0.19578,-0.332334375829701
-0.21087,-0.336105374830705
-0.22603,-0.339234060727571
-0.2412,-0.341681857421376
-0.25637,-0.343430767846302
-0.27149,-0.344450553276108
-0.28654,-0.344724377190994
-0.30148,-0.344232145816395
-0.31627,-0.342951958333928
-0.33087,-0.340861313001378
-0.34526,-0.337952885868032
-0.35939,-0.334209878000766
-0.37322,-0.329615967558263
-0.38673,-0.324170704177138
-0.39987,-0.317864526013877
-0.41261,-0.310695830927554
-0.42491,-0.302662326514416
-0.43673,-0.293761461776918
-0.44804,-0.283998163555949
-0.45881,-0.27338347388338
-0.46901,-0.261933285002912
-0.47859,-0.249652383115568
-0.48753,-0.236558830353533
-0.49579,-0.222666273588528
-0.50336,-0.20800676888732
-0.5102,-0.192604308808987
-0.51629,-0.176490653544549
-0.52159,-0.159688273938377
-0.5261,-0.142241197360838
-0.52978,-0.124180122333802
-0.53262,-0.105546395328101
-0.5346,-0.0863814459886839
-0.5357,-0.0667256437811564
-0.5359,-0.0466173732647621
-0.5352,-0.0261071070607396
-0.53359,-0.0052462299784392
-0.53105,0.0159220150363583
-0.52757,0.0373548561639522
-0.52316,0.0589964271030003
-0.51781,0.0807967702085948
-0.51152,0.10270483239369
-0.50428,0.124677669621028
-0.49612,0.146650694571416
-0.48702,0.168580835038367
-0.477,0.190414218422678
-0.46607,0.212097408993317
-0.45425,0.233571669047478
-0.44154,0.25479067667706
-0.42797,0.27569752423171
-0.41355,0.29624344901156
-0.39831,0.316373144772309
-0.38226,0.336042691636643
-0.36544,0.355196743127405
-0.34787,0.373787423381443
-0.32957,0.391774580775656
-0.31058,0.40911101419993
-0.29093,0.425752937403951
-0.27065,0.441660929072454
-0.24977,0.456800592926981
-0.22833,0.471135566181383
-0.20637,0.484629326699775
-0.18392,0.497254044417735
-0.16103,0.508975300029605
-0.13773,0.519769517594645
-0.11406,0.529615540929038
-0.090063,0.538492954914809
-0.065788,0.54637847963797
-0.041273,0.553255696314542
-0.016566,0.55910716551975
0.0082904,0.563919479953801
0.033248,0.56767908253459
0.058261,0.570374802611238
0.083281,0.571996124914176
0.10826,0.57253398138368
0.13315,0.57198104085184
0.1579,0.570329663754999
0.18247,0.567580602264056
0.2068,0.563726853756309
0.23084,0.558763016966206
0.25455,0.552692773872293
0.27787,0.545512487001632
0.30077,0.537235135923257
0.32318,0.527857391975737
0.34507,0.517392654429525
0.36639,0.505852851128585
0.38709,0.493248589060434
0.40714,0.479604081367361
0.42649,0.464939227724834
0.4451,0.449277451589607
0.46294,0.432651901881494
0.47996,0.415087992163533
0.49614,0.396626483629738
0.51145,0.377312087182077
0.52585,0.357184153380017
0.53932,0.336291461536383
0.55183,0.314681677784139
0.56336,0.292407652661045
0.5739,0.269532334792584
0.58342,0.246110254839889
0.5919,0.222194970294064
0.59935,0.197859849275611
0.60573,0.173155116815858
0.61106,0.148155158035969
0.61532,0.122922027237712
0.61851,0.0975207078499452
0.62063,0.0720165079708311
0.62169,0.0464803263208241
0.62168,0.0209705383431835
0.62062,-0.0044443266866375
0.61852,-0.0296971764374101
0.6154,-0.0547168818116497
0.61125,-0.0794535790826936
0.6061,-0.103846768085455
0.59998,-0.12782947226613
0.59289,-0.151353950081984
0.58486,-0.174367563426866
0.57592,-0.196815654283731
0.56609,-0.218651309802711
0.55539,-0.23983564447947
0.54386,-0.260323033521135
0.53153,-0.280071567176336
0.51842,-0.299051375654598
0.50458,-0.317221442879807
0.49002,-0.334562972541344
0.47479,-0.351046530021406
0.45893,-0.366642802869375
0.44246,-0.381338646383795
0.42543,-0.395112610488178
0.40787,-0.407952394873551
0.38982,-0.419846472130121
0.37132,-0.430784696070391
0.3524,-0.44076613209715
0.3331,-0.449790320626597
0.31347,-0.45785019953544
0.29354,-0.464948729405241
0.27334,-0.471097222904763
0.25292,-0.476298973282503
0.23232,-0.48055842420265
0.21156,-0.483895900125042
0.1907,-0.486314673154818
0.16976,-0.487834002022666
0.14879,-0.488463547343095
0.12782,-0.488219959008214
0.10688,-0.487125248465992
0.086016,-0.485193486166375
0.065257,-0.482444665907011
0.04464,-0.478897212271416
0.024196,-0.474572318926025
0.0039583,-0.469491214837373
-0.016042,-0.463676269862962
-0.035772,-0.457148878580828
-0.055205,-0.449933678829409
-0.074311,-0.442054825356318
-0.093061,-0.43353616307015
-0.11143,-0.424403576460662
-0.1294,-0.41468903628986
-0.14693,-0.404411500952546
-0.16401,-0.393601779568419
-0.18061,-0.382284530515113
-0.19672,-0.370493488298242
-0.21231,-0.358253903519006
-0.22737,-0.345598180831421
-0.24187,-0.33254869788107
-0.25581,-0.319141187005341
-0.26917,-0.305406246819889
-0.28193,-0.291369357123259
-0.29409,-0.277065799837991
-0.30563,-0.262522840549158
-0.31654,-0.247767753352491
-0.32682,-0.232834277468717
-0.33646,-0.217752859423962
-0.34545,-0.20255026206103
-0.3538,-0.187264127867761
-0.36149,-0.171917450693657
-0.36854,-0.15655014546643
-0.37494,-0.141192277567425
-0.38069,-0.12587232074401
-0.38579,-0.110616443410567
-0.39025,-0.0954553854664596
-0.39407,-0.0804150897471623
-0.39726,-0.0655240654896693
-0.39982,-0.0508044605511984
-0.40177,-0.0362872179941705
-0.40311,-0.0219944811350818
-0.40386,-0.00795522508129491
-0.40401,0.00581930646453239
-0.40359,0.0193031694523798
-0.4026,0.0324817297298836
-0.40105,0.0453427437939201
-0.39897,0.0578617103290237
-0.39636,0.0700273485759251
-0.39324,0.0818248067991765
-0.38962,0.0932444090212979
-0.38552,0.104273769954645
-0.38095,0.11490629496433
-0.37593,0.125133080550388
-0.37046,0.13495862863773
-0.36457,0.14437617694655
-0.35827,0.153385073240193
-0.35158,0.161982414956061
-0.3445,0.17017855048093
-0.33705,0.177979638312631
-0.32925,0.185388476330428
-0.3211,0.192420029239303
-0.31263,0.19907663535452
-0.30385,0.205365312569717
-0.29476,0.211304173463501
-0.28539,0.216897717513202
-0.27574,0.222161628254431
-0.26583,0.227105473003417
-0.25567,0.231741094594264
-0.24528,0.236074506570146
-0.23467,0.240114290630065
-0.22384,0.243878290631198
-0.21282,0.247369179036157
-0.20161,0.250599519259312
-0.19024,0.253567319775682
-0.1787,0.256288475965541
-0.16702,0.258763282877873
-0.15521,0.260994220698494
-0.14327,0.262992828958654
-0.13123,0.264755431756516
-0.1191,0.266280939251924
-0.10689,0.267570331102064
-0.094612,0.268624714825502
-0.082287,0.269438582160766
-0.069928,0.270007116339678
-0.05755,0.270324669248128
-0.045174,0.270380602269659
-0.032814,0.270165681571346
-0.02049,0.26966758754305
-0.0082188,0.268874188070166
0.0039785,0.267770632344456
0.016082,0.26634115513099
0.028073,0.264570563612053
0.039927,0.262440254076416
0.051625,0.259933456807343
0.063144,0.257032400128635
0.074462,0.253719760099155
0.085555,0.249977608102523
0.096401,0.245789546414576
0.10698,0.241142400119056
0.11726,0.236017151513109
0.12722,0.23039879981794
0.13684,0.224276814713979
0.1461,0.217644658199635
0.15497,0.210491904936359
0.16343,0.202812782946017
0.17146,0.194605540900587
0.17903,0.185864439147444
0.18614,0.176602980990894
0.19275,0.166820365975596
0.19885,0.156526585787111
0.20442,0.145732774407619
0.20945,0.134458189896744
0.21392,0.122720828582672
0.21782,0.110544671097833
0.22114,0.0979579554347714
0.22386,0.0849842617170457
0.22597,0.0716502154866246
0.22748,0.0579989958740806
0.22836,0.0440564043811297
0.22863,0.0298705076530616
0.22826,0.0154690266643036
0.22728,0.000906856935625429
0.22566,-0.0137851113439463
0.22342,-0.0285592880402742
0.22056,-0.0433708068349604
0.21708,-0.0581783329713267
0.21299,-0.0729372538885152
0.2083,-0.0876016913855521
0.20302,-0.102126172683101
0.19716,-0.116466986200036
0.19073,-0.130583248893645
0.18376,-0.144422916430648
0.17626,-0.157941390424623
0.16825,-0.171094149537515
0.15975,-0.18383822413743
0.15078,-0.196133357846902
0.14137,-0.207935488543895
0.13155,-0.219198994614845
0.12135,-0.22987855054425
0.11078,-0.23994542011379
0.099899,-0.249349138832695
0.088724,-0.258054497079159
0.077292,-0.266025099293354
0.06564,-0.27322494760631
0.053805,-0.27961970704095
0.041826,-0.285176203806981
0.029741,-0.289864210387606
0.017589,-0.293656329099256
0.0054128,-0.296525752821848
-0.0067506,-0.298451541676158
-0.018856,-0.299412365374471
-0.030866,-0.299393297523593
-0.042738,-0.298381503330377
-0.05443,-0.296366990668076
-0.065906,-0.293347123779999
-0.077122,-0.289319704375155
-0.088042,-0.2842892019415
-0.098627,-0.278263449076003
-0.10884,-0.271254570577788
-0.11865,-0.263282558539059
-0.12801,-0.254361654991165
-0.1369,-0.244521300789398
-0.14529,-0.23379523787432
-0.15314,-0.222212589702407
-0.16044,-0.209820341096338
-0.16715,-0.196656587511232
-0.17325,-0.182766149979931
-0.17872,-0.168198154793641
-0.18356,-0.153018736822355
-0.18773,-0.137276429279588
-0.19123,-0.121033848129215
-0.19405,-0.104355843117145
-0.19618,-0.0873072558832449
-0.19762,-0.0699584696926274
-0.19836,-0.05237490860174
-0.19842,-0.034638251024897
-0.19778,-0.0168112992332306
-0.19646,0.00103071772066048
-0.19446,0.0188196508706521
-0.19179,0.0364878106397687
-0.18848,0.0539552527848427
-0.18453,0.071156850385282
-0.17996,0.0880267804252697
-0.17479,0.104500861715666
-0.16905,0.120511016842321
-0.16275,0.136003114937047
-0.15593,0.150914029984248
-0.14862,0.165182978200297
-0.14083,0.178768000124408
-0.13262,0.191607000293769
-0.124,0.203660829500103
-0.11501,0.214888248935281
-0.1057,0.225240602891684
-0.096085,0.234690989029558
-0.086213,0.243206914360311
-0.076118,0.25076315890063
-0.065838,0.257338626728978
-0.05541,0.262917388315021
-0.044871,0.26748863168844
-0.034256,0.271047952404141
-0.023603,0.273594508984456
-0.012945,0.27513453120947
-0.0023177,0.275678243689753
0.0082451,0.275240656646131
0.018714,0.273843897260596
0.029055,0.271512215959309
0.039239,0.268274897230429
0.04924,0.264167107012916
0.059028,0.25922513546615
0.068579,0.253489889727913
0.077869,0.247005111409551
0.086876,0.239817306447308
0.095578,0.23197409703111
0.10395,0.223520603527813
0.11199,0.214515783949569
0.11966,0.20500157230643
0.12696,0.195033135716009
0.13387,0.184659983880333
0.14037,0.173925651419857
0.14646,0.162882352319779
0.15212,0.151572956828882
0.15736,0.140053664893911
0.16215,0.128360138479393
0.1665,0.116539879696896
0.17041,0.104641020435979
0.17386,0.0926958633231536
0.17687,0.0807523804949793
0.17943,0.0688474128660078
0.18155,0.0570223310382214
0.18324,0.0453207368726266
0.1845,0.0337791523751689
0.18533,0.0224270807462512
0.18576,0.011309416709047
0.18579,0.000459737547096669
0.18544,-0.0100839520314266
0.18472,-0.0202888410039498
0.18366,-0.0301127434269487
0.18226,-0.0395295814175003
0.18056,-0.0484977379313616
0.17857,-0.0569867248733459
0.17631,-0.0649688042008464
0.1738,-0.0724195680351902
0.17108,-0.0793035227546564
0.16815,-0.0856071269583167
0.16506,-0.0912982857361876
0.16181,-0.0963681418771211
0.15844,-0.100797585982774
0.15496,-0.104582299826731
0.15141,-0.107708167224084
0.1478,-0.110176074056779
0.14416,-0.111984514013608
0.14051,-0.113137807342553
0.13688,-0.113637760659
0.13327,-0.11350657803979
0.12972,-0.112753010647212
0.12625,-0.11138977174675
0.12286,-0.109447441499729
0.11959,-0.106940819035355
0.11644,-0.103901351415297
0.11344,-0.100351037036867
0.11059,-0.0963259903746786
0.10791,-0.0918580620398289
0.10541,-0.0869822983637836
0.10311,-0.0817280452902094
0.10101,-0.0761340856110326
0.099115,-0.0702420826657779
0.097439,-0.0640882416664002
0.09598,-0.0577151908599956
0.094746,-0.0511621357879613
0.093733,-0.0444732613524065
0.092943,-0.0376910386458005
0.092372,-0.0308597286051144
0.092015,-0.0240244391546295
0.091866,-0.0172303233836029
0.091916,-0.0105233910792904
0.092156,-0.00394890235163146
0.092572,0.00244622796780628
0.093153,0.00861746955391495
0.093882,0.0145192308452047
0.094743,0.0201073023739872
0.095718,0.0253385853961784
0.096787,0.030170858093177
0.097929,0.0345633155949712
0.099124,0.0384784583979028
0.10035,0.0418813200886383
0.10158,0.0447365675422307
0.10279,0.0470120931554982
0.10396,0.0486825699934466
0.10506,0.0497217911053912
0.10607,0.0501113091126937
0.10696,0.0498324027503567
0.10772,0.0488817944509375
0.1083,0.0472395334468661
0.1087,0.0449100913595771
0.10888,0.041888274822632
0.10882,0.0381763662251368
0.10851,0.0337903286069106
0.10791,0.028734854588078
0.107,0.0230204998142959
0.10577,0.0166699175443395
0.1042,0.00970776427523434
0.10225,0.00214508822490968
0.099925,-0.00598486194385367
0.097194,-0.0146582813797881
0.094045,-0.0238454137290725
0.090457,-0.0335190396160733
0.08642,-0.0436464862032157
0.081917,-0.054196667455391
0.076935,-0.0651376071875248
0.071463,-0.0764359716953709
0.065488,-0.0880597104822228
0.059004,-0.099973518088505
0.052001,-0.112143417571154
0.044472,-0.124535263804096
0.036413,-0.137113562376463
0.02782,-0.149842789248897
0.018689,-0.162688472849334
0.0090246,-0.175611695066968
-0.0011773,-0.188577584083856
-0.011911,-0.20154838756473
-0.023169,-0.214483895649321
-0.034948,-0.227346294522498
-0.047237,-0.240095229387642
-0.060026,-0.252690339026066
-0.073302,-0.265090351817838
-0.08705,-0.277253132609516
-0.10125,-0.289133534816538
-0.1159,-0.300698771839444
-0.13095,-0.311891684478738
-0.1464,-0.322674252250332
-0.16222,-0.333003010478757
-0.17838,-0.342831584779065
-0.19484,-0.352105413877536
-0.21159,-0.360787301638331
-0.22857,-0.368818408513597
-0.24577,-0.376161342733731
-0.26313,-0.382760383609622
-0.28062,-0.388569076575354
-0.29819,-0.393535257662232
-0.3158,-0.397611332841111
-0.33339,-0.400740262931513
-0.35093,-0.402881502390021
-0.36836,-0.403987115756086
-0.38562,-0.404004915618917
-0.40266,-0.402888495647149
-0.41941,-0.400582985252999
-0.43584,-0.397058173774675
-0.45187,-0.392268017612148
-0.46744,-0.386170187478059
-0.48249,-0.378726926177388
-0.49696,-0.369905627934167
-0.51079,-0.359679175296468
-0.52391,-0.348018670160594
-0.53627,-0.334909803221241
-0.5478,-0.320336080120947
-0.55844,-0.304287536423898
-0.56814,-0.286767577528169
-0.57683,-0.267775944706331
-0.58445,-0.247317244786242
-0.59096,-0.225415069804899
-0.5963,-0.202093284659029
-0.60042,-0.177383098416411
-0.60327,-0.151321138956792
-0.60481,-0.123955121752062
-0.60499,-0.0953333014450392
-0.60378,-0.0655181021981792
-0.60113,-0.0345671068636024
-0.59703,-0.00256219097130744
-0.59144,0.0304194421897398
-0.58434,0.0642915554091936
-0.5757,0.0989703149639979
-0.56552,0.134353916999008
-0.55378,0.170343664365494
-0.54048,0.206831343914746
-0.52562,0.243704151137505
-0.5092,0.280848834622883
-0.49124,0.318140315434534
-0.47175,0.355455064974176
-0.45075,0.392667113670227
-0.42827,0.429644958574878
-0.40435,0.466249267151846
-0.37903,0.502338676485932
-0.35234,0.537781974529581
-0.32434,0.572438133561072
-0.29509,0.606162710009557
-0.26465,0.638813133671336
-0.23309,0.670245576200854
-0.20047,0.700327302786847
-0.16687,0.728924201437631
-0.13238,0.755898202851719
-0.097075,0.781123823392802
-0.061047,0.80447754080839
-0.02439,0.825840305928253
0.012802,0.845100951277763
0.05043,0.862155055813499
0.088391,0.876904608747205
0.12658,0.889259058372478
0.16489,0.89913596565999
0.20322,0.906467236082804
0.24145,0.911185273075079
0.27947,0.913233234788984
0.31718,0.912573000945252
0.35446,0.909168901515804
0.39121,0.903004091496109
0.42731,0.894063636893172
0.46266,0.882350372957048
0.49715,0.867874987149057
0.53068,0.850662563528269
0.56315,0.830750029228611
0.59447,0.808191124542743
0.62453,0.783037714507887
0.65326,0.755369073304409
0.68056,0.725262927569883
0.70636,0.692816454015611
0.73058,0.658133026236922
0.75315,0.621326077398021
0.77401,0.582521858933502
0.79308,0.54183904793411
0.81033,0.499424180170119
0.82569,0.455412829558791
0.83913,0.409957677924483
0.8506,0.363206218610025
0.86008,0.315319809319907
0.86754,0.266458992943502
0.87296,0.216786391281672
0.87634,0.166476290131226
0.87765,0.115684997845335
0.87692,0.0645938994387018
0.87413,0.0133620740864868
0.86931,-0.0378374296206304
0.86247,-0.0888405658741651
0.85365,-0.139473652045217
0.84287,-0.189575637038534
0.83017,-0.2389861969408
0.81559,-0.287550971540598
0.79918,-0.335118279533399
0.781,-0.381536440480889
0.7611,-0.426666441330769
0.73954,-0.470377059678467
0.7164,-0.512533361828743
0.69174,-0.55301712552644
0.66563,-0.591720694884295
0.63815,-0.628541767161325
0.60938,-0.663386444603215
0.57941,-0.696164068524477
0.54831,-0.726805146542352
0.51618,-0.755238258096091
0.4831,-0.781408446382772
0.44916,-0.80526939530512
0.41446,-0.826776866649812
0.37909,-0.84589810249405
0.34313,-0.862619063396314
0.30669,-0.87692015013854
0.26986,-0.88879370148493
0.23274,-0.898235537227997
0.19541,-0.905260186544916
0.15798,-0.909875639508999
0.12054,-0.912100080982742
0.083179,-0.911960993676364
0.045991,-0.90948969814545
0.0090672,-0.904722556052978
-0.027501,-0.897699522335891
-0.063628,-0.888467256503709
-0.099226,-0.877075475022322
-0.13421,-0.86357756542216
-0.1685,-0.848032548524958
-0.20202,-0.830505713310304
-0.23468,-0.811055590607847
-0.26642,-0.789756107356196
-0.29717,-0.766684404107401
-0.32685,-0.74191087796682
-0.3554,-0.715513454164172
-0.38277,-0.687581443006222
-0.4089,-0.658203516015831
-0.43372,-0.627457973460049
-0.4572,-0.595442087708161
-0.47929,-0.562250840750373
-0.49994,-0.527974593084748
-0.51912,-0.492712060450709
-0.5368,-0.456565720484179
-0.55295,-0.419637973015452
-0.56753,-0.382020601933949
-0.58053,-0.343816091345847
-0.59193,-0.30512490769425
-0.60173,-0.266057460759468
-0.60989,-0.226699071546711
-0.61644,-0.187163703538554
-0.62135,-0.147540349473387
-0.62464,-0.107931797659543
-0.62631,-0.0684337152546922
-0.62638,-0.0291475417579061
-0.62485,0.00983887794715652
-0.62175,0.0484295932760534
-0.61709,0.0865402670252668
-0.6109,0.124084197145647
-0.60322,0.160968518447667
-0.59406,0.197120889910357
-0.58347,0.232458714009721
-0.57148,0.266908975994342
-0.55813,0.300401795271518
-0.54346,0.33287254657184
-0.52752,0.364256032500418
-0.51034,0.39450398402426
-0.49199,0.423554343076878
-0.47251,0.451358617600616
-0.45194,0.4778813752853
-0.43035,0.503077301595786
-0.40779,0.526909918554481
-0.38431,0.549351625711043
-0.35998,0.570368692675235
-0.33485,0.589938877919259
-0.30899,0.608035719469817
-0.28245,0.624645542105671
-0.2553,0.639751222099766
-0.22762,0.653326554808638
-0.19946,0.665361496818977
-0.1709,0.6758376918408
-0.14201,0.684738518943745
-0.11285,0.692057116603778
-0.0835,0.697780389099194
-0.054036,0.701894000224009
-0.024531,0.704385660210712
0.0049385,0.705242892911623
0.034297,0.704454549464646
0.063468,0.702010495425887
0.092372,0.697899834805135
0.12093,0.692112068197743
0.14907,0.684642807301619
0.1767,0.67547823802217
0.20376,0.664621285451824
0.23016,0.652066401428111
0.25583,0.637816430822853
0.28069,0.621873781172482
0.30467,0.604248096057589
0.32769,0.584947443182192
0.34969,0.563993424907868
0.37059,0.541403405229482
0.39033,0.517205858714923
0.40885,0.491437639464848
0.42609,0.464141544232184
0.44199,0.435364165938403
0.45651,0.405168826396774
0.4696,0.373623349150412
0.48122,0.340804844489218
0.49132,0.306788486115269
0.49988,0.2716680513103
0.50687,0.235542365607803
0.51226,0.198511595062176
0.51605,0.160696354458861
0.51821,0.122208148631892
0.51875,0.0831774971023699
0.51767,0.0437390686233644
0.51496,0.00401953261559436
0.51065,-0.0358351162231436
0.50474,-0.075689869621761
0.49726,-0.115400537896416
0.48825,-0.154812587351837
0.47772,-0.193790110653236
0.46573,-0.232179591644754
0.45232,-0.269832984434307
0.43752,-0.306618828630139
0.4214,-0.342393860272254
0.40402,-0.377017457292926
0.38544,-0.410355850503301
0.36571,-0.442292782123866
0.3449,-0.472715497911026
0.32309,-0.501510787920467
0.30035,-0.528576609014604
0.27674,-0.553831178603977
0.25235,-0.57719020950679
0.22725,-0.598585603021166
0.20151,-0.617965294052671
0.17521,-0.635285306546611
0.14842,-0.650517909471996
0.12123,-0.663635546906475
0.093709,-0.674628162143282
0.065931,-0.683497432603955
0.037969,-0.690256212308383
0.0098995,-0.694924407494577
-0.018206,-0.69753169204727
-0.04628,-0.698118636517085
-0.074248,-0.696729131136844
-0.10204,-0.693412622576257
-0.1296,-0.688232723324295
-0.15686,-0.681254482947298
-0.18375,-0.672541409304176
-0.2102,-0.662154499973284
-0.23618,-0.650181036332465
-0.2616,-0.636683085077679
-0.28643,-0.621745322673955
-0.3106,-0.605438961043508
-0.33406,-0.587837334183239
-0.35677,-0.56902094187106
-0.37868,-0.549066485883608
-0.39974,-0.528045471875093
-0.41991,-0.506030555891576
-0.43915,-0.483093186791988
-0.45742,-0.459301696425472
-0.47469,-0.434727198628866
-0.49092,-0.409433445502435
-0.50609,-0.383490999613671
-0.52016,-0.356958867968646
-0.53311,-0.329899556624922
-0.54492,-0.30237629932864
-0.55558,-0.274458190109678
-0.56507,-0.246209363179069
-0.57337,-0.217687777405082
-0.58048,-0.188959168699587
-0.58639,-0.16008589656514
-0.59111,-0.131140224256704
-0.59462,-0.102177773918113
-0.59694,-0.0732683203365335
-0.59806,-0.0444684591078319
-0.598,-0.015844288816961
-0.59677,0.0125401461937344
-0.59439,0.0406173268424971
-0.59086,0.0683340923202121
-0.5862,0.095636071905532
-0.58045,0.12245517322084
-0.57362,0.148736825530598
-0.56573,0.174432009969931
-0.55682,0.199483306494978
-0.5469,0.223850842805835
-0.53603,0.247473582797592
-0.52421,0.270320026386199
-0.5115,0.292339552315974
-0.49792,0.313497654544722
-0.48351,0.333759536535913
-0.46831,0.35309168485775
-0.45235,0.37147048671922
-0.43569,0.388859321514514
-0.41834,0.405249586810049
-0.40037,0.420611669980721
-0.3818,0.434937316204166
-0.36268,0.448214032606925
-0.34304,0.460441536142622
-0.32294,0.471607687117704
-0.3024,0.481721145502909
-0.28146,0.490792755693733
-0.26018,0.498820463080393
-0.23857,0.50582922613175
-0.21669,0.511828499795974
-0.19457,0.516837508531072
-0.17224,0.520883138293568
-0.14974,0.52399061916795
-0.1271,0.526190817007755
-0.10435,0.527518534367705
-0.081534,0.52800065055358
-0.058674,0.527673355082697
-0.035799,0.526574316497507
-0.01294,0.524740003001724
0.0098764,0.522208253404165
0.032623,0.519016583873884
0.055276,0.515203760971044
0.077809,0.510806571429827
0.1002,0.505862420296181
0.12243,0.500410349277713
0.14447,0.49448217768617
0.1663,0.488109577003246
0.1879,0.481323099529094
0.20926,0.47415880875103
0.23035,0.466641280868121
0.25116,0.458799770813972
0.27167,0.450658920209385
0.29186,0.442238776813732
0.31171,0.433554918643492
0.33121,0.424626061956443
0.35033,0.415457923977544
0.36907,0.406067534694705
0.3874,0.39645816794729
0.40531,0.386636479326037
0.42278,0.376604046876301
0.43979,0.36635809101579
0.45633,0.355899572853215
0.47237,0.345217449416789
0.4879,0.334305890158861
0.5029,0.323155844804377
0.51735,0.311755746015667
0.53123,0.30009215487343
0.54451,0.288142947631228
0.55719,0.275901651232475
0.56924,0.263352300959728
0.58064,0.250479025381435
0.59137,0.237266382966339
0.6014,0.223692241650047
0.61073,0.209751813980949
0.61932,0.195424827532109
0.62716,0.18070125081238
0.63423,0.16557218743351
0.64051,0.150029920247684
0.64598,0.134067923103976
0.65062,0.117680844797564
0.65441,0.100864469660533
0.65734,0.0836230571410002
0.65939,0.0659602510762122
0.66055,0.0478865617310082
0.66079,0.0294030237872081
0.66011,0.0105252423690401
0.6585,-0.00872719035045916
0.65594,-0.0283393306630314
0.65243,-0.0482855501598756
0.64796,-0.0685396537713926
0.64253,-0.089068267643856
0.63614,-0.109833107233222
0.62877,-0.130807745000507
0.62044,-0.151946467759635
0.61115,-0.173204067948746
0.6009,-0.194537005701723
0.5897,-0.215896936369427
0.57756,-0.237233038669146
0.56449,-0.258493978136421
0.55051,-0.279622131650264
0.53563,-0.300563911921366
0.51988,-0.321255821320348
0.50327,-0.34164307804492
0.48582,-0.361672243588699
0.46756,-0.381285275547207
0.44852,-0.400422266917273
0.42872,-0.419031117277807
0.40819,-0.437060358604551
0.38697,-0.454453376157932
0.3651,-0.47115128874725
0.34259,-0.487117532867902
0.3195,-0.502297953402108
0.29586,-0.516648269169501
0.27171,-0.530126371291067
0.24709,-0.542693468268689
0.22204,-0.554314927292543
0.1966,-0.564960847569263
0.17082,-0.574599002306409
0.14474,-0.58320399598176
0.1184,-0.590757067266573
0.09185,-0.597238358031068
0.065128,-0.602636970647017
0.03828,-0.606944037669045
0.011351,-0.610153726207927
-0.015615,-0.612263949292287
-0.042574,-0.613276083220944
-0.069483,-0.613195369226411
-0.096298,-0.612029635800604
-0.12298,-0.609792616413722
-0.14947,-0.606487953441716
-0.17575,-0.602141655226577
-0.20176,-0.596766267831713
-0.22746,-0.59037817528353
-0.25282,-0.583004015110058
-0.27779,-0.574663375926741
-0.30233,-0.565377193762748
-0.3264,-0.555167057291035
-0.34996,-0.544054607631866
-0.37298,-0.532068428091965
-0.39542,-0.519234606591313
-0.41724,-0.505576567090526
-0.4384,-0.491114975451
-0.45887,-0.475875109748071
-0.47863,-0.459892669585749
-0.49762,-0.443181194505946
-0.51582,-0.425765519726991
-0.53321,-0.407678848903633
-0.54975,-0.388945384861335
-0.56541,-0.369588733126628
-0.58016,-0.349631274637727
-0.59399,-0.329108476862214
-0.60686,-0.308043104456439
-0.61875,-0.286461729197703
-0.62964,-0.26439313106162
-0.63952,-0.241874346304445
-0.64836,-0.218933133847578
-0.65615,-0.195603654460738
-0.66287,-0.171916740630106
-0.66852,-0.147914322638466
-0.67307,-0.123623778473822
-0.67654,-0.0990967954320415
-0.6789,-0.0743660935278039
-0.68016,-0.0494775899129823
-0.68031,-0.0244715868011161
-0.67936,0.000602668117329811
-0.6773,0.0257050764457188
-0.67415,0.050782068594265
-0.6699,0.0757931108396521
-0.66457,0.100687369190322
-0.65817,0.125414765641529
-0.65071,0.149927481861797
-0.6422,0.174181130270361
-0.63265,0.198135625820955
-0.62209,0.221740995501336
-0.61054,0.244948386708028
-0.59801,0.267718916980138
-0.58452,0.290015773804414
-0.5701,0.311797802731266
-0.55478,0.333021844848646
-0.53858,0.353652067764513
-0.52154,0.373645112562236
-0.50367,0.392975301738298
-0.48502,0.411602729503905
-0.46562,0.429492284529046
-0.4455,0.446614058191915
-0.4247,0.462936146577448
-0.40326,0.478426292501885
-0.38122,0.493053210970893
-0.35862,0.50678762845573
-0.33551,0.519595667976291
-0.31192,0.531455820855583
-0.2879,0.542342721067646
-0.26351,0.552221556823327
-0.23878,0.561073381802841
-0.21376,0.568878125287472
-0.18851,0.575608321556386
-0.16306,0.58125381894007
-0.13748,0.585789468877441
-0.11181,0.589201234766164
-0.086101,0.591476611955728
-0.060403,0.592605739129322
-0.034767,0.592580734750296
-0.0092432,0.591396430094302
0.016119,0.589050876928392
0.041271,0.585545660174594
0.066163,0.580884564693861
0.090749,0.575076125656389
0.11498,0.568130514548839
0.13881,0.560061405645421
0.1622,0.550890328803946
0.18509,0.540629244082883
0.20746,0.529311836783004
0.22925,0.516958989288504
0.25043,0.503603032285445
0.27096,0.489277380660197
0.2908,0.47401552591168
0.30992,0.457857588915196
0.32829,0.440848008880799
0.34587,0.423026146178314
0.36264,0.404440996335308
0.37857,0.385140584103108
0.39364,0.365178207221237
0.40782,0.344602509385264
0.42108,0.323456962327331
0.43342,0.301801740406189
0.44482,0.279693921819074
0.45526,0.257186381195903
0.46473,0.234334368061675
0.47321,0.211185927676083
0.48071,0.18780392956784
0.4872,0.164231647160941
0.4927,0.140532067284585
0.49719,0.116752479325233
0.50068,0.0929480993799
0.50317,0.0691713017701282
0.50467,0.0454777964005044
0.50517,0.0219093166047126
0.50468,-0.00149040659828756
0.50323,-0.0246628289769159
0.50081,-0.0475690208210875
0.49745,-0.0701577486291844
0.49315,-0.0923918515032311
0.48793,-0.114232159503461
0.48182,-0.135631984131413
0.47484,-0.156547655666592
0.467,-0.176946939617431
0.45834,-0.196785946740779
0.44887,-0.216035198748412
0.43863,-0.234655883843319
0.42764,-0.252617939327862
0.41594,-0.269884807290848
0.40356,-0.286423499170311
0.39053,-0.302205212729703
0.37689,-0.317198323108209
0.36266,-0.331384990879261
0.3479,-0.344729808311293
0.33263,-0.357214140204363
0.31689,-0.368818983376088
0.30072,-0.379525951846697
0.28417,-0.389310641838681
0.26726,-0.398167011455979
0.25004,-0.406082173508214
0.23255,-0.413045829438494
0.21483,-0.419050389219962
0.19692,-0.424090984818647
0.17886,-0.428165396374225
0.16068,-0.43128130679231
0.14243,-0.433439689362559
0.12415,-0.434643757363577
0.10587,-0.434906096442573
0.087634,-0.434236405519871
0.069477,-0.432648681657538
0.051439,-0.430156521270389
0.033555,-0.426776718130595
0.01586,-0.422528360940238
-0.0016104,-0.417431582451278
-0.018821,-0.411507241522078
-0.03574,-0.404778844600592
-0.052335,-0.39727104665029
-0.068573,-0.389008392187718
-0.084424,-0.380016944043051
-0.099858,-0.370323317322533
-0.11485,-0.359957565759629
-0.12936,-0.348940606506443
-0.14338,-0.337309062890024
-0.15687,-0.32508753114372
-0.16982,-0.312312379871057
-0.18219,-0.299006230083009
-0.19397,-0.285202101932115
-0.20514,-0.270933008144219
-0.21569,-0.256238352808012
-0.22559,-0.241146719636064
-0.23483,-0.225691844196841
-0.2434,-0.20991054632918
-0.25129,-0.193840977349263
-0.25848,-0.17751376303895
-0.26498,-0.160974629747656
-0.27078,-0.144265262716295
-0.27586,-0.127415366358848
-0.28024,-0.110473534487508
-0.28391,-0.093479863932314
-0.28687,-0.0764736775003459
-0.28913,-0.0594997505879138
-0.2907,-0.0426057860404093
-0.29158,-0.0258328979124935
-0.29179,-0.00923028566439974
-0.29134,0.00715534680082117
-0.29023,0.0232882669953058
-0.2885,0.0391132961016123
-0.28616,0.0545835707589394
-0.28322,0.0696605231708877
-0.27971,0.0842988785581647
-0.27566,0.0984495331959673
-0.27108,0.11207676809081
-0.26601,0.125134807978918
-0.26046,0.13759357311688
-0.25448,0.149407258234134
-0.24808,0.160548585519953
-0.2413,0.170984161231464
-0.23416,0.180691757946451
-0.22669,0.189651763565156
-0.21894,0.197832819635635
-0.21091,0.205232310268293
-0.20265,0.211834288952589
-0.19418,0.217635073739105
-0.18553,0.222633954550618
-0.17674,0.226825612178272
-0.16783,0.230216291947567
-0.15883,0.232814334089949
-0.14976,0.234637263646671
-0.14067,0.235687656074448
-0.13156,0.235993211443899
-0.12247,0.23557181684901
-0.11343,0.234440597335424
-0.10445,0.232630591436922
-0.095559,0.230169354254273
-0.086781,0.227084749795309
-0.078136,0.22340722590968
-0.069643,0.219169334805625
-0.061318,0.21440674584136
-0.05318,0.20915451731904
-0.045243,0.203449996965158
-0.037521,0.197331375663946
-0.030027,0.190837214460525
-0.022772,0.184006767969349
-0.015767,0.176878723474972
-0.0090213,0.169491433108282
-0.0025419,0.161883531245707
0.0036644,0.154092851627931
0.0095906,0.146155260248192
0.015234,0.138107075734263
0.02059,0.129982407359967
0.025656,0.12181393716893
0.030431,0.113633278532824
0.034915,0.105470839062032
0.039107,0.097354253524184
0.043011,0.0893116230795656
0.046629,0.0813689322175049
0.049965,0.0735509770121912
0.053025,0.0658821414728219
0.055816,0.0583862941304777
0.058343,0.0510844993408805
0.060616,0.0439984224983735
0.062643,0.0371478834532374
0.064436,0.0305533732495114
0.066006,0.0242343705816579
0.067363,0.0182080145157295
0.068523,0.0124932754448783
0.069494,0.00710391890132097
0.070295,0.00205702573573161
0.070938,-0.00263353439348404
0.071439,-0.00695413817186125
0.071812,-0.0108934462216369
0.072073,-0.0144410221481017
0.072239,-0.0175869294604678
0.072324,-0.0203243449193136
0.072346,-0.0226464002077023
0.07232,-0.0245488070470529
0.072261,-0.0260296790476498
0.072184,-0.0270893182088095
0.072105,-0.0277292369218582
0.072037,-0.0279542859066828
0.071995,-0.0277705735989104
0.071989,-0.0271889223126649
0.07203,-0.0262230821929032
0.072132,-0.0248867228370595
0.072302,-0.023198389586953
0.072547,-0.0211801788993175
0.072876,-0.0188550836674814
0.073293,-0.0162499881316804
0.073804,-0.0133927836453953
0.07441,-0.0103151750519498
0.075112,-0.00705112508681538
0.075912,-0.00363478114194743
0.076807,-0.000103213665952506
0.077796,0.00350665254719592
0.078875,0.00715683261685601
0.080037,0.0108073598297015
0.081279,0.0144207927595973
0.08259,0.0179569292229453
0.083965,0.0213789925026552
0.085394,0.0246504126877142
0.086865,0.027734464733926
0.08837,0.0305984338146282
0.089897,0.03321096769437
0.091436,0.0355443592128899
0.092974,0.0375726040158926
0.094501,0.0392742370241726
0.096005,0.0406308089916239
0.097472,0.0416255835816397
0.098895,0.0422490991507034
0.10026,0.0424931075777667
0.10156,0.0423560079348849
0.10278,0.0418359510118454
0.10392,0.0409422892777635
0.10495,0.039671218415064
0.10589,0.0380456375775914
0.1067,0.0360652126111456
0.1074,0.0337554641821164
0.10797,0.0311326808682504
0.1084,0.0282128422333161
0.10869,0.0250187877803961
0.10883,0.0215710062519251
0.10881,0.0178876463814373
0.10864,0.0139993554905696
0.1083,0.00992391788115987
0.1078,0.00569050131398303
0.10712,0.00131450404631157
0.10628,-0.00317060609870047
0.10526,-0.00774728289664653
0.10407,-0.0123891294779016
0.1027,-0.0170781629670387
0.10116,-0.0217889388831855
0.099448,-0.0264996285003305
0.097564,-0.0311905088578233
0.095511,-0.0358419659446343
0.093292,-0.0404351105751515
0.090906,-0.0449552225436104
0.08836,-0.0493855511453904
0.085653,-0.0537142097930951
0.082788,-0.0579307358854273
0.079766,-0.0620277230952964
0.07659,-0.0659990997101772
0.07326,-0.0698424032821678
0.069778,-0.0735568196262717
0.066144,-0.0771445136187697
0.062361,-0.0806079195761136
0.058426,-0.0839541986223476
0.054342,-0.0871898246141447
0.050109,-0.0903228838211853
0.045727,-0.0933626549139787
0.041196,-0.0963192278742319
0.036517,-0.0992024235439032
0.03169,-0.102022395760702
0.026717,-0.104787876143336
0.021598,-0.10750774216958
0.016335,-0.110189307345807
0.01093,-0.112838452428133
0.005384,-0.115460498373535
-0.00029972,-0.118058491011189
-0.0061195,-0.12063475554433
-0.012071,-0.123188982695563
-0.018151,-0.125719561294243
-0.024354,-0.128222168935024
-0.030678,-0.130692981177092
-0.037116,-0.133124960419409
-0.043662,-0.135509387914011
-0.050312,-0.137837884681637
-0.057058,-0.140099599789107
-0.063893,-0.142282711837727
-0.070811,-0.144375670331568
-0.077802,-0.146364498848096
-0.08486,-0.148236608518958
-0.091975,-0.149977926865021
-0.09914,-0.15157580800161
-0.10634,-0.153013212513882
-0.11358,-0.154284847964197
-0.12083,-0.155369203943464
-0.1281,-0.156261907951022
-0.13536,-0.156943001904278
-0.14262,-0.157410148075611
-0.14985,-0.157645770980932
-0.15705,-0.157642745905344
-0.16422,-0.157402647921908
-0.17132,-0.156904538118466
-0.17837,-0.156154342292906
-0.18533,-0.155135201691976
-0.19221,-0.153849406308414
-0.19898,-0.152285126699156
-0.20564,-0.150441741021324
-0.21218,-0.148320371580237
-0.21857,-0.145908817073149
-0.22481,-0.143206722729218
-0.23088,-0.140208578154788
-0.23676,-0.136904940006726
-0.24245,-0.133298306561909
-0.24793,-0.129386023403749
-0.25319,-0.12516882757021
-0.2582,-0.120635448646228
-0.26296,-0.115787482277203
-0.26745,-0.110622124979762
-0.27167,-0.105147962362789
-0.27558,-0.0993530174376105
-0.27919,-0.0932460866254594
-0.28248,-0.0868303483141039
-0.28543,-0.0801044275247166
-0.28804,-0.0730781528566608
-0.29029,-0.0657553808792782
-0.29217,-0.0581424912150863
-0.29366,-0.0502403648072677
-0.29477,-0.0420676416315216
-0.29547,-0.033627232728388
-0.29576,-0.0249315007326953
-0.29562,-0.0159853164940905
-0.29505,-0.00680217703217521
-0.29405,0.00259782244836046
-0.2926,0.0122045880432414
-0.29069,0.0220089752252307
-0.28833,0.0319880843408702
-0.2855,0.0421307461842662
-0.2822,0.0524207886503548
-0.27843,0.0628384834172241
-0.27419,0.0733618059074828
-0.26947,0.0839749152434328
-0.26427,0.0946600507500062
-0.2586,0.105391059061685
-0.25245,0.116150586094209
-0.24582,0.126921529855697
-0.23873,0.137672759064895
-0.23116,0.148392344669103
-0.22313,0.159054690347002
-0.21464,0.169638780131505
-0.2057,0.180120579516876
-0.19632,0.190474393438945
-0.1865,0.200681406655269
-0.17626,0.210714210489277
-0.1656,0.220554144652231
-0.15453,0.230182867258328
-0.14308,0.239568161920195
-0.13124,0.248697232728267
-0.11905,0.257536478602842
-0.10652,0.266058781726562
-0.093654,0.274247585132332
-0.080484,0.282074775442896
-0.067026,0.289515699675282
-0.053302,0.296544906743712
-0.039332,0.303138660119045
-0.025139,0.309273225469524
-0.010749,0.314923494387131
0.0038177,0.320068348098702
0.018536,0.324687116119416
0.033377,0.328757453075644
0.048319,0.332261806472625
0.063336,0.335184002461794
0.078399,0.337507421197602
0.093485,0.339220191786636
0.10857,0.340314078458825
0.12362,0.34077682949424
0.13861,0.340600158263333
0.15352,0.339783108903813
0.16832,0.338323482981204
0.18299,0.336225745876856
0.19751,0.333499821270691
0.21184,0.330145173717744
0.22596,0.326167812834669
0.23986,0.321586419361844
0.2535,0.316407363886163
0.26688,0.310656646436535
0.27996,0.304345944930534
0.29273,0.297497375826288
0.30516,0.290126175793438
0.31724,0.282256489968465
0.32895,0.273911660950612
0.34027,0.265113803191385
0.35119,0.255890867425254
0.36169,0.246267374626667
0.37174,0.236257014930306
0.38135,0.225893922203149
0.39048,0.215190776980643
0.39913,0.204172143412551
0.40728,0.192856636948034
0.41492,0.181264888506126
0.42202,0.16940370794146
0.42858,0.157290646690032
0.43459,0.144943931240334
0.44001,0.132359539014439
0.44485,0.119552454009558
0.44909,0.106530261625674
0.4527,0.0932868565579797
0.45568,0.0798273025055193
0.45801,0.0661506077966765
0.45968,0.0522582001288788
0.46067,0.0381459067152385
0.46097,0.0238124344990493
0.46056,0.00925134532595745
0.45943,-0.00554047766865265
0.45757,-0.0205634779356971
0.45497,-0.0358160032367179
0.45162,-0.051294816067929
0.44752,-0.0669881418462263
0.44264,-0.0828998677760718
0.43699,-0.0990168720342023
0.43057,-0.115320107042343
0.42337,-0.131793675766902
0.4154,-0.148409883561373
0.40665,-0.165147086945034
0.39714,-0.181966950072863
0.38686,-0.198840933616046
0.37582,-0.215734426210229
0.36405,-0.232594128425062
0.35155,-0.249375355276541
0.33833,-0.266034258861832
0.32442,-0.282514173016534
0.30984,-0.298757143693697
0.2946,-0.314713278780819
0.27873,-0.330325920866115
0.26225,-0.345542087046087
0.2452,-0.360298620085632
0.22759,-0.374548293820061
0.20946,-0.388236092065972
0.19084,-0.401309899333074
0.17176,-0.413721660695278
0.15225,-0.425428232663947
0.13235,-0.436384561720783
0.11208,-0.446560436064463
0.091498,-0.455910714511228
0.070626,-0.464406450149871
0.049503,-0.472020359309917
0.028166,-0.478729126883056
0.0066562,-0.484510569943892
-0.014991,-0.489348711219009
-0.036733,-0.493228084090944
-0.058531,-0.496137253932865
-0.080345,-0.498067840116991
-0.10213,-0.499010823651741
-0.12386,-0.498971323340008
-0.14547,-0.497937225596267
-0.16694,-0.495916451376291
-0.18822,-0.492910984903536
-0.20927,-0.488925664662735
-0.23004,-0.483960374921454
-0.2505,-0.478026047835635
-0.27061,-0.471135071510169
-0.29033,-0.463300902354063
-0.30962,-0.454537701296
-0.32843,-0.444852600788095
-0.34673,-0.434261817616313
-0.36447,-0.422773801228881
-0.38164,-0.410420216483635
-0.39817,-0.397206338532543
-0.41405,-0.383160485888001
-0.42923,-0.3682992836573
-0.44368,-0.352644332900438
-0.45737,-0.336220702482163
-0.47026,-0.319048213871173
-0.48234,-0.301164121081847
-0.49356,-0.282589152778728
-0.50391,-0.263359720368059
-0.51335,-0.243501677515071
-0.52187,-0.223053806593417
-0.52944,-0.202049415414114
-0.53604,-0.180523818608781
-0.54166,-0.158520295616815
-0.54628,-0.13607988143216
-0.54989,-0.113247970756803
-0.55247,-0.0900647138873394
-0.55402,-0.0665795800012226
-0.55453,-0.042840648709734
-0.55399,-0.0188933939872469
-0.5524,0.00521285545394511
-0.54975,0.0294346202324676
-0.54607,0.0537049728835352
-0.54133,0.077984504578954
-0.53556,0.10221296042546
-0.52876,0.126337383594527
-0.52094,0.150305035475842
-0.51211,0.174065103268003
-0.50229,0.197562645168028
-0.4915,0.220741224037773
-0.47975,0.243552477200218
-0.46707,0.265941448844524
-0.45347,0.287864536360527
-0.43899,0.30926668995717
-0.42365,0.330100319203735
-0.40749,0.350310757075567
-0.39052,0.369861719096249
-0.37278,0.388710982900556
-0.35432,0.406805734804774
-0.33516,0.424108668439396
-0.31534,0.440581645012829
-0.2949,0.456187344496906
-0.27389,0.470883171734839
-0.25235,0.48463126653245
-0.23032,0.497399051581801
-0.20785,0.509152143074538
-0.18499,0.519856073774588
-0.16178,0.529485073415507
-0.13828,0.538006728632365
-0.11454,0.545391970123553
-0.090615,0.551611930250936
-0.066554,0.556643535885712
-0.042413,0.560464245739826
-0.018249,0.563052224536727
0.0058818,0.564387784478331
0.029926,0.564455960739058
0.053825,0.563242538881828
0.077522,0.560735998815399
0.10097,0.5569349167067
0.1241,0.551830137809954
0.14686,0.545419433253551
0.16921,0.5377154194808
0.19109,0.52872788108582
0.21246,0.518479161648529
0.23325,0.506979234640457
0.25343,0.494257674383902
0.27295,0.480344515453606
0.29177,0.465276980962943
0.30986,0.449104688531912
0.32716,0.431863908487777
0.34364,0.413601493877815
0.35929,0.394386462487057
0.37405,0.374266959911159
0.38791,0.353310027211972
0.40083,0.331573948367772
0.41281,0.309137928961874
0.42381,0.286066267151598
0.43382,0.262431591567159
0.44283,0.238311141168937
0.45082,0.213776217210809
0.45778,0.18889858440175
0.46371,0.163755579097282
0.4686,0.138419259012309
0.47246,0.112969951307423
0.47527,0.0874699442060812
0.47705,0.0619944891027754
0.4778,0.036612049957855
0.47753,0.0113907307640439
0.47625,-0.0136039554811709
0.47397,-0.0383108367811049
0.4707,-0.0626743989703708
0.46646,-0.0866383188843839
0.46127,-0.110147675855872
0.45516,-0.133143302812833
0.44813,-0.155586932808985
0.44022,-0.177429162760122
0.43145,-0.198628297144415
0.42185,-0.219143138461812
0.41144,-0.238941954961402
0.40026,-0.257987269111751
0.38833,-0.276253320496086
0.37568,-0.293717639572377
0.36235,-0.310354160855819
0.34837,-0.326142536613335
0.33377,-0.341068082615612
0.31859,-0.355114177351972
0.30286,-0.368270958133209
0.28661,-0.380534740397012
0.26989,-0.391892577802581
0.25272,-0.402347011807192
0.23515,-0.411891219877584
0.2172,-0.420533584281002
0.19893,-0.428265301569125
0.18036,-0.435093863992426
0.16153,-0.441025223876798
0.14248,-0.446064234297346
0.12325,-0.450215004116173
0.10388,-0.453481178448515
0.084399,-0.455874292612749
0.064849,-0.457402534599324
0.045268,-0.458074328181769
0.025695,-0.457897493521846
0.0061665,-0.456881156289236
-0.013278,-0.455033167705513
-0.032603,-0.45236321948845
-0.05177,-0.448880114736817
-0.07074,-0.444591426066983
-0.08948,-0.439508045576708
-0.10795,-0.433638140168828
-0.12612,-0.426994913017812
-0.14394,-0.419580528109138
-0.16139,-0.411410407922973
-0.17844,-0.402502885155208
-0.19504,-0.392863386409727
-0.21117,-0.382508981068089
-0.22679,-0.371450875572508
-0.24188,-0.359710036436594
-0.2564,-0.347299936029995
-0.27033,-0.33424241535415
-0.28364,-0.320558054128926
-0.29631,-0.306273227612863
-0.30831,-0.291410840584915
-0.31962,-0.275997728271811
-0.33022,-0.260063110523588
-0.34009,-0.243637273971429
-0.34921,-0.226750468462602
-0.35758,-0.209446799057957
-0.36517,-0.191758073099917
-0.37198,-0.173727397957157
-0.378,-0.155398305291771
-0.38321,-0.136805959655482
-0.38761,-0.117992453220464
-0.3912,-0.0990041465866686
-0.39398,-0.079889406389523
-0.39593,-0.0606819181621398
-0.39708,-0.0414393682659954
-0.39741,-0.0222000279734086
-0.39693,-0.00300741676190543
-0.39566,0.0160847672344041
-0.39359,0.035038526741159
-0.39073,0.0538150570042959
-0.3871,0.072368873935491
-0.38271,0.0906580478012078
-0.37758,0.108637573040641
-0.3717,0.126283702313686
-0.36512,0.143546455579045
-0.35783,0.160400775001691
-0.34985,0.176820548783837
-0.34122,0.192765106079166
-0.33194,0.208213072654151
-0.32204,0.223137387539465
-0.31154,0.237514901022773
-0.30047,0.251319206492488
-0.28884,0.264537131036881
-0.27667,0.277159495346151
-0.26401,0.289158762246314
-0.25086,0.30053064463207
-0.23726,0.311260465985614
-0.22323,0.321340686897976
-0.20881,0.33075524227576
-0.19402,0.339496708630853
-0.17889,0.347557717273362
-0.16345,0.354931420280123
-0.14774,0.361604440182886
-0.13178,0.367573529998098
-0.11561,0.372829145322129
-0.099269,0.377357887077407
-0.082782,0.381154170097457
-0.066185,0.384210931110194
-0.049514,0.386520307884034
-0.032804,0.38807493572311
-0.016089,0.388868971454613
0.00059536,0.388896920290394
0.017215,0.388155041325004
0.033737,0.386642132649362
0.050127,0.384358169330681
0.066351,0.381304498678031
0.082377,0.377485166189518
0.098173,0.372906426668522
0.11371,0.367578503068957
0.12895,0.36150801474251
0.14388,0.354717103173742
0.15845,0.347212578226658
0.17265,0.339018381091383
0.18644,0.330149516092571
0.19981,0.320635637278918
0.21272,0.310495285128771
0.22515,0.299752370689914
0.23709,0.288441906951713
0.2485,0.276584744760628
0.25938,0.264219328208686
0.26969,0.251367644541265
0.27943,0.238067357584062
0.28857,0.224345508361251
0.29711,0.210241956689581
0.30503,0.19579094543111
0.31232,0.181028560183185
0.31897,0.165991276751235
0.32496,0.150707366356925
0.3303,0.135219748046322
0.33498,0.119567039667374
0.339,0.103790575692842
0.34234,0.0879177833475073
0.34502,0.0719935029963835
0.34704,0.0560603986471082
0.34839,0.0401506148291116
0.34909,0.0243088889202761
0.34913,0.00856646639770615
0.34854,-0.00702780835406154
0.34731,-0.022442066527695
0.34545,-0.0376444772916717
0.34299,-0.0525896084424351
0.33993,-0.0672447624758555
0.33629,-0.0815739004723859
0.33208,-0.0955469719149667
0.32731,-0.109139889028684
0.32201,-0.122319563974185
0.31619,-0.135061661546728
0.30987,-0.147342491082366
0.30306,-0.15914725092392
0.29578,-0.170461649906813
0.28805,-0.181272531268004
0.27989,-0.191568333487382
0.27131,-0.201346806754147
0.26233,-0.210606191345083
0.25296,-0.219352875732372
0.24323,-0.227585151455026
0.23314,-0.23531728973768
0.22272,-0.242554138136844
0.21198,-0.249307850118866
0.20094,-0.255588966247471
0.18961,-0.261414041479197
0.178,-0.266804221807035
0.16614,-0.271769164829135
0.15403,-0.276331330245465
0.14169,-0.280508225392376
0.12913,-0.284320395009843
0.11638,-0.287775567625712
0.10343,-0.290900565243155
0.090306,-0.293710305578415
0.077023,-0.29621787320159
0.063594,-0.298436003381575
0.050029,-0.300379015650549
0.036347,-0.30205544638124
0.022561,-0.303473343194
0.0086863,-0.304638396516054
-0.0052594,-0.305552415254725
-0.019263,-0.306217371401482
-0.033306,-0.306631258509629
-0.047372,-0.306790404219082
-0.061441,-0.306687162338317
-0.075498,-0.306314520209372
-0.089519,-0.305659447144056
-0.10349,-0.304711749057241
-0.11738,-0.303451170052134
-0.13118,-0.301866111576302
-0.14487,-0.299944103370245
-0.15842,-0.297664900566673
-0.1718,-0.29500252050577
-0.18501,-0.291949232130836
-0.198,-0.288475269782974
-0.21077,-0.284570906062903
-0.22328,-0.280213288578725
-0.23551,-0.275384441544796
-0.24743,-0.270063464464656
-0.25903,-0.264242523369119
-0.27027,-0.257902433314197
-0.28114,-0.251037655563013
-0.2916,-0.243631718086484
-0.30163,-0.23567467151606
-0.31121,-0.227162198250685
-0.32032,-0.218094758343303
-0.32893,-0.208469382297782
-0.33703,-0.198295328891532
-0.34459,-0.187576800590451
-0.3516,-0.176328721797108
-0.35804,-0.164566980639544
-0.36389,-0.152307925297393
-0.36913,-0.139567927472216
-0.37375,-0.126370409562475
-0.37774,-0.11274391784023
-0.38109,-0.0987204243836191
-0.38378,-0.0843264529590315
-0.3858,-0.0695908332219786
-0.38715,-0.0545508692134322
-0.38781,-0.0392348871371158
-0.38778,-0.0236779630965864
-0.38705,-0.00791221433278591
-0.38563,0.00801877537869658
-0.3835,0.0240856239352091
-0.38067,0.0402491169092249
-0.37714,0.0564706947973514
-0.37292,0.072706106358311
-0.368,0.0889226474175605
-0.36239,0.105083194065535
-0.35611,0.121140859265493
-0.34916,0.137057132822707
-0.34155,0.152794114054148
-0.33329,0.168315652163533
-0.3244,0.183580834686237
-0.3149,0.198546264864657
-0.3048,0.21317536551064
-0.29411,0.227438321968282
-0.28286,0.241297082842246
-0.27106,0.254723071672015
-0.25875,0.267674237747716
-0.24593,0.280128684891661
-0.23263,0.292059489576427
-0.21887,0.303444126840451
-0.20469,0.314249756534465
-0.19009,0.324466004315271
-0.17511,0.33407163531885
-0.15978,0.343044950862944
-0.14412,0.351372164713769
-0.12816,0.359039155024522
-0.11192,0.366039613412581
-0.095432,0.372365131021051
-0.078729,0.378005385214145
-0.061836,0.382954979302519
-0.044785,0.387207722283713
-0.027602,0.39076164320039
-0.010318,0.39361477538613
0.0070368,0.395766035447755
0.024434,0.397216633880163
0.041845,0.397969660650995
0.059238,0.398027470284996
0.076587,0.397396235159008
0.093861,0.396081515072601
0.11103,0.394089125600863
0.12807,0.391429514546054
0.14495,0.388111542147088
0.16164,0.384143411127374
0.17811,0.37953267645455
0.19435,0.374301051487576
0.21031,0.368451589023812
0.22598,0.362001863437067
0.24133,0.35496594765286
0.25634,0.347362159997594
0.27098,0.339204390288865
0.28523,0.33051000125743
0.29906,0.321291300138158
0.31245,0.311563575327429
0.32539,0.301351488228048
0.33785,0.290671789864439
0.34981,0.279541769778948
0.36124,0.267971241093584
0.37213,0.255978451577546
0.38247,0.24358789521946
0.39222,0.230806195551756
0.40138,0.217654888160609
0.40992,0.204144676639584
0.41783,0.190291942222196
0.42509,0.176109707397248
0.43168,0.161607832871037
0.43759,0.146800648749924
0.4428,0.131698197070228
0.4473,0.116314076226017
0.45108,0.100664275290404
0.45412,0.0847587773730956
0.45641,0.0686097347918936
0.45793,0.0522232055506893
0.45869,0.0356222378058034
0.45867,0.0188206661582908
0.45787,0.00183921201336587
0.45628,-0.0153039131406545
0.45389,-0.0325931240245111
0.45071,-0.0500007006877424
0.44673,-0.0675047891713053
0.44195,-0.0850815747005918
0.43637,-0.102706431236581
0.42999,-0.120354875021122
0.42283,-0.137988541261109
0.41487,-0.155588622539555
0.40614,-0.173115761591543
0.39663,-0.190544832669026
0.38637,-0.207833441795194
0.37535,-0.224956166775275
0.3636,-0.241872556465848
0.35113,-0.258546115571652
0.33795,-0.274944718192526
0.32409,-0.291026051376025
0.30956,-0.30675573837662
0.29439,-0.322092165308619
0.2786,-0.336996638778765
0.26222,-0.35142671278095
0.24527,-0.365345711738434
0.22777,-0.378722874741998
0.20977,-0.391511141216839
0.19128,-0.403681442496804
0.17234,-0.415198111160419
0.15298,-0.426028827905363
0.13324,-0.436137758661158
0.11315,-0.445494909629763
0.092742,-0.454074645962909
0.072054,-0.461851432577822
0.05112,-0.468803794147417
0.029979,-0.47491074225119
0.0086642,-0.480156867488434
-0.012787,-0.48452889862632
-0.034337,-0.488015826062102
-0.055951,-0.490611151734342
-0.077593,-0.492311617400928
-0.099226,-0.493116231787764
-0.12081,-0.493023932617587
-0.14232,-0.492045001266918
-0.16372,-0.49019072674194
-0.18497,-0.487470208093458
-0.20604,-0.483898162221107
-0.22689,-0.479486256275908
-0.2475,-0.47425836874276
-0.26783,-0.468232969818926
-0.28785,-0.461431225491965
-0.30754,-0.453883434015342
-0.32687,-0.445619167287831
-0.3458,-0.436659317426006
-0.36432,-0.427039464811359
-0.38238,-0.416776536192224
-0.39998,-0.405908956822912
-0.41708,-0.394461871333909
-0.43366,-0.38246381503109
-0.4497,-0.369945244974462
-0.46516,-0.35692249652705
-0.48003,-0.34342217653277
-0.49429,-0.329470962584538
-0.5079,-0.315079975529078
-0.52085,-0.300269548381278
-0.53312,-0.285059360773661
-0.54468,-0.2694605044641
-0.55552,-0.253491490616725
-0.5656,-0.237153974409535
-0.57492,-0.2204653963206
-0.58344,-0.20342571450519
-0.59116,-0.186050218363922
-0.59805,-0.168343809605967
-0.6041,-0.150317530455977
-0.60929,-0.131979539053492
-0.6136,-0.113335311428676
-0.61702,-0.0943952711704057
-0.61953,-0.0751660243314451
-0.62113,-0.0556655887583534
-0.6218,-0.0359057950863617
-0.62153,-0.0159004518955124
-0.62031,0.00433552485623093
-0.61814,0.0247794433657599
-0.61501,0.0454104525425621
-0.61091,0.0662098533868369
-0.60583,0.0871613052195603
-0.59978,0.108236143528189
-0.59276,0.129404050603621
-0.58477,0.15063430387375
-0.5758,0.171904203253095
-0.56586,0.193183483273593
-0.55495,0.214444142333946
-0.54309,0.235646120903611
-0.53028,0.256755660544069
-0.51653,0.277737761251908
-0.50184,0.298564945780885
-0.48625,0.319187157858261
-0.46975,0.339574653829635
-0.45236,0.359692892981595
-0.4341,0.379504631630072
-0.41499,0.39897168325246
-0.39506,0.418048971048092
-0.37431,0.436709507795126
-0.35278,0.454912304878679
-0.3305,0.472613856464359
-0.30748,0.489784857713428
-0.28376,0.506386347508339
-0.25937,0.52238032066758
-0.23435,0.537723462345903
-0.20871,0.552391829293223
-0.18252,0.566333685895102
-0.15579,0.579520963485039
-0.12858,0.5919087681075
-0.10092,0.603462358587654
-0.072863,0.614139427781382
-0.044447,0.623904130122699
-0.015719,0.632720474284474
0.01327,0.640550706207548
0.042473,0.647359969260113
0.071838,0.653113331621021
0.10132,0.65778227191811
0.13085,0.661326813231837
0.16039,0.663722095805158
0.18989,0.664947604166438
0.21928,0.664972459255387
0.24852,0.663780802149155
0.27755,0.66135488010252
0.30631,0.6576762518613
0.33476,0.652741557933813
0.36282,0.646530456145213
0.39046,0.63904676846901
0.41761,0.630284442860544
0.44422,0.620244740504341
0.47024,0.608935085887465
0.49562,0.596367968669337
0.52029,0.582545113505836
0.54422,0.567489350339185
0.56735,0.551217965154248
0.58963,0.533750929553318
0.61101,0.515110036415826
0.63146,0.495332927089117
0.65093,0.474454383876823
0.66938,0.452513487106877
0.68677,0.429551841103385
0.70307,0.405619445671525
0.71824,0.38076438877587
0.73226,0.35504674467524
0.74509,0.328519847151184
0.75673,0.301259714705726
0.76713,0.273321579979318
0.7763,0.244786709557608
0.7842,0.215718068772574
0.79084,0.186198988554425
0.7962,0.156304594752006
0.80028,0.126115940116245
0.80307,0.0957090095008695
0.80457,0.0651607438691607
0.80478,0.0345464373178304
0.80372,0.00395244552698341
0.80138,-0.0265508652020192
0.79778,-0.0568861631193357
0.79293,-0.0869804446178478
0.78684,-0.116766649677411
0.77952,-0.146184837026066
0.77099,-0.175175571438816
0.76127,-0.203681987875297
0.75038,-0.231651394293989
0.73834,-0.259036461695941
0.72516,-0.285803447227855
0.71089,-0.311901489193395
0.69553,-0.337304855976316
0.67911,-0.361987174041836
0.66167,-0.385915459372321
0.64321,-0.409082437018669
0.62379,-0.43145795017297
0.60341,-0.453039120972562
0.58211,-0.473816090263815
0.55993,-0.493774150081823
0.53689,-0.51291034424735
0.51302,-0.531224335613191
0.48836,-0.548710956020631
0.46295,-0.565361689053835
0.43681,-0.581180715418657
0.40998,-0.596167914669507
0.3825,-0.610320045773675
0.35441,-0.623631748373524
0.32575,-0.636096380236251
0.29655,-0.647714104118375
0.26686,-0.658476027386313
0.23673,-0.668366425147467
0.20619,-0.677379481955155
0.17528,-0.685510337774028
0.14407,-0.692733046680837
0.11258,-0.699042509268687
0.080879,-0.704414504962756
0.049004,-0.708833881485731
0.017008,-0.712281533220782
-0.015057,-0.714736585776874
-0.047141,-0.716178939978459
-0.079191,-0.716587606551913
-0.11115,-0.715938649552977
-0.14298,-0.714220620380381
-0.1746,-0.711400823002747
-0.20599,-0.70747559456317
-0.23706,-0.702413194103243
-0.26778,-0.696204650477944
-0.29809,-0.688837590294391
-0.32794,-0.680304827452869
-0.35727,-0.670596353600089
-0.38603,-0.659707742776325
-0.41417,-0.647639380398084
-0.44164,-0.634395715172843
-0.4684,-0.619991941910573
-0.49439,-0.604436911967916
-0.51957,-0.587749090408097
-0.54389,-0.569946961285482
-0.56732,-0.551063468856757
-0.58982,-0.531135079383278
-0.61134,-0.510192851770135
-0.63186,-0.488284932997025
-0.65133,-0.465449843438029
-0.66974,-0.441746940022713
-0.68705,-0.417228627524061
-0.70323,-0.391947692886888
-0.71827,-0.36597056225307
-0.73215,-0.339365417627622
-0.74485,-0.312199937372777
-0.75635,-0.284539444702688
-0.76664,-0.256452831185155
-0.77571,-0.22800980737032
-0.78356,-0.199286031061408
-0.79018,-0.170352263162093
-0.79558,-0.141287910238222
-0.79974,-0.112154701087983
-0.80269,-0.0830350643425095
-0.80441,-0.0539885362102388
-0.80492,-0.0250837567396802
-0.80424,0.00360558707595162
-0.80236,0.0320263628659585
-0.79931,0.0601143487545233
-0.7951,0.0878134081397423
-0.78976,0.115061154746019
-0.78329,0.141814553188143
-0.77573,0.168018289734393
-0.76709,0.193631374607078
-0.75739,0.218618628442253
-0.74668,0.242928878647947
-0.73497,0.266529557740751
-0.72228,0.289397125445984
-0.70866,0.311494324436972
-0.69414,0.332789161629909
-0.67874,0.353262658415639
-0.6625,0.372892569356772
-0.64546,0.391655120844869
-0.62766,0.4095264276632
-0.60912,0.426498415093778
-0.5899,0.442546854575766
-0.57003,0.457657770044196
-0.54955,0.471818850275256
-0.52851,0.485012472097484
-0.50694,0.497232383374263
-0.4849,0.508459858046667
-0.46242,0.518689159504014
-0.43955,0.527910731123005
-0.41633,0.536119924197174
-0.39282,0.543301696716498
-0.36905,0.549455512458818
-0.34507,0.554578042210028
-0.32092,0.55867147299896
-0.29665,0.561735252270418
-0.27231,0.563766882119979
-0.24794,0.564769986355233
-0.22357,0.564760644601115
-0.19925,0.56374997911062
-0.17503,0.561745018626448
-0.15094,0.558764266344908
-0.12701,0.554835146331347
-0.10329,0.549976909104552
-0.079813,0.544214402890281
-0.05661,0.537577908151816
-0.033714,0.530099887467716
-0.011155,0.521815984934964
0.011035,0.512762025551366
0.03283,0.502977482545773
0.054205,0.492504454098206
0.075133,0.481384526814819
0.095594,0.469662890535483
0.11556,0.457380440478521
0.13503,0.444593385431943
0.15397,0.431344257222927
0.17236,0.417673630879896
0.1902,0.40363402878662
0.20748,0.389278618268805
0.22417,0.37464466970568
0.24028,0.359784982456743
0.2558,0.344748419811668
0.27071,0.329571704748442
0.28502,0.314302681338656
0.29873,0.298989181525102
0.31183,0.283670045445289
0.32433,0.268390287956805
0.33622,0.253183566507941
0.34752,0.238095317725754
0.35822,0.223156717889554
0.36834,0.208408436985708
0.37787,0.193875154445768
0.38684,0.179597205000496
0.39525,0.165603908871417
0.40311,0.151921948474257
0.41043,0.138574785520172
0.41723,0.125589675408583
0.42353,0.112995836594056
0.42934,0.100815537076037
0.43467,0.0890644861340446
0.43955,0.0777671142723801
0.44399,0.0669390905777961
0.44802,0.0566030542093473
0.45164,0.0467641379965708
0.45489,0.0374424734608004
0.45777,0.0286398422396444
0.46031,0.0203650571339296
0.46252,0.0126172642645055
0.46443,0.00540233729142873
0.46605,-0.00128365226202596
0.4674,-0.00744530021085041
0.46849,-0.0130952705520655
0.46934,-0.0182452422828664
0.46997,-0.0229060128498628
0.47038,-0.0271023738133016
0.4706,-0.0308477394193107
0.47063,-0.0341683445961068
0.47048,-0.0370928086683599
0.47017,-0.0396436424056632
0.4697,-0.0418527192176656
0.46908,-0.043751290410952
0.46832,-0.0453693274477725
0.46743,-0.0467349956325954
0.4664,-0.0478890457179552
0.46524,-0.0488664863289967
0.46395,-0.0497041267974573
0.46254,-0.0504317881585363
0.461,-0.0510875649598299
0.45934,-0.051700308144263
0.45753,-0.0523201085723716
0.4556,-0.0529683398918897
0.45352,-0.0536868683118464
0.45129,-0.054510601568711
0.44891,-0.0554677247123412
0.44636,-0.0565948357935892
0.44364,-0.0579193336666714
0.44075,-0.0594602405243932
0.43766,-0.0612512573695911
0.43437,-0.0633145922771756
0.43086,-0.0656771432483623
0.42714,-0.0683464285192347
0.42317,-0.0713508536079644
0.41896,-0.0746976687148467
0.41449,-0.0783988029791009
0.40974,-0.0824693765510064
0.4047,-0.0869190372120808
0.39937,-0.0917451221411233
0.39372,-0.0969570514568506
0.38774,-0.10255871151461
0.38142,-0.108549206924464
0.37475,-0.114923594774372
0.36772,-0.121673590329777
0.36031,-0.128795633398623
0.35251,-0.136282494935922
0.34431,-0.144124019729681
0.33571,-0.152300414438808
0.32668,-0.160806686402251
0.31722,-0.169627604693577
0.30733,-0.17873998880113
0.29698,-0.188136957304448
0.28618,-0.197795300603433
0.27492,-0.207693997755242
0.26318,-0.217821699978088
0.25097,-0.228152950669762
0.23827,-0.238673773687946
0.22509,-0.249357635075585
0.21142,-0.260183388104322
0.19726,-0.271127420101519
0.18262,-0.282157401689683
0.16748,-0.293257070890399
0.15186,-0.304394039135819
0.13576,-0.315538649149696
0.11918,-0.326664318932599
0.10214,-0.337732964540986
0.084641,-0.348712403475211
0.066699,-0.359565095395216
0.048327,-0.370252535923482
0.029541,-0.380734398092111
0.010359,-0.390968643081543
-0.009198,-0.400910929594383
-0.029107,-0.410514952543784
-0.049347,-0.41973574213345
-0.069888,-0.428524170557128
-0.090701,-0.436830044168942
-0.11176,-0.444606118919083
-0.13302,-0.451795006524099
-0.15446,-0.458350702175156
-0.17604,-0.464223857723614
-0.19772,-0.469364070861181
-0.21945,-0.473714369565481
-0.2412,-0.477229136964892
-0.26292,-0.479858698385708
-0.28457,-0.481559208570052
-0.3061,-0.482285686940589
-0.32746,-0.481993838415782
-0.3486,-0.480641507815826
-0.36947,-0.478189803130305
-0.39003,-0.474611320833311
-0.41022,-0.469874296364984
-0.43,-0.463959525989468
-0.44931,-0.456844090810145
-0.46811,-0.44851791336754
-0.48635,-0.43897457243223
-0.50398,-0.42821119135247
-0.52096,-0.416235634229125
-0.53724,-0.403057217656556
-0.55277,-0.388686558191675
-0.56752,-0.37315017966707
-0.58145,-0.356479664749491
-0.59451,-0.338702750994423
-0.60667,-0.319858400451445
-0.6179,-0.299993827724131
-0.62817,-0.279161859809734
-0.63744,-0.257411224468883
-0.64569,-0.234800969276864
-0.65291,-0.211404380143212
-0.65906,-0.187282148811592
-0.66413,-0.162505395883652
-0.6681,-0.137144321469424
-0.67097,-0.111281230412318
-0.67273,-0.0849984877324515
-0.67336,-0.0583687628217004
-0.67288,-0.031484346507387
-0.67127,-0.00442106307624648
-0.66854,0.0227386606824896
-0.66469,0.0499170046271578
-0.65972,0.0770423107511822
-0.65366,0.104028023951539
-0.6465,0.130807902534734
-0.63827,0.157304733077591
-0.62898,0.183449804071176
-0.61864,0.209183609352855
-0.60728,0.234441409629977
-0.59492,0.25916392970916
-0.58159,0.283291053116215
-0.56732,0.306764165508035
-0.55213,0.329535406841095
-0.53605,0.351560067886206
-0.51913,0.372782984550435
-0.50139,0.393164813216351
-0.48288,0.4126584191699
-0.46365,0.431212229738326
-0.44372,0.448795229088471
-0.42315,0.465364801351727
-0.40198,0.480885482495794
-0.38026,0.495321685215226
-0.35805,0.508631828533602
-0.33539,0.520785935691059
-0.31233,0.531757324084188
-0.28894,0.541508418348365
-0.26527,0.550009161831458
-0.24137,0.55723685778815
-0.2173,0.563168451715717
-0.19313,0.567774305107106
-0.1689,0.571042914578604
-0.14469,0.572948582833644
-0.12054,0.573484884956357
-0.096532,0.572630477195763
-0.072714,0.570378119987443
-0.049153,0.566718486678282
-0.025904,0.561650084357785
-0.0030294,0.555172680314006
0.019412,0.547290088885615
0.041367,0.538013771330033
0.062777,0.527357384148707
0.083593,0.515343399824273
0.10376,0.501996651711683
0.12324,0.487356055699584
0.14197,0.471452599498443
0.15993,0.454342067507259
0.17707,0.43607675154623
0.19335,0.41671228852436
0.20876,0.396327831499208
0.22325,0.374989888948748
0.23681,0.352782626528197
0.24942,0.329794800373764
0.26107,0.306123855725194
0.27174,0.281864157592842
0.28144,0.257127112280121
0.29016,0.232019909531933
0.2979,0.206650628653371
0.30467,0.181132266714204
0.31049,0.155585805244505
0.31537,0.130127632132984
0.31932,0.104866859619079
0.32237,0.0799180830485888
0.32454,0.0553892862103516
0.32587,0.0313944109996611
0.32638,0.00803370834574442
0.32611,-0.0145922002209327
0.32508,-0.0364006228274253
0.32336,-0.057289336061504
0.32095,-0.0771956693047678
0.31792,-0.0960395775689587
0.3143,-0.113759579612915
0.31012,-0.13031165781831
0.30545,-0.145638341035592
0.30031,-0.159710682337767
0.29474,-0.17250957039311
0.28881,-0.184003001354
0.28253,-0.194194620983439
0.27596,-0.203080542039849
0.26913,-0.210673872077584
0.26208,-0.216994410037317
0.25486,-0.222060122798716
0.2475,-0.225902453462901
0.24003,-0.228563467633712
0.23249,-0.230085832859283
0.22491,-0.230519457791898
0.21733,-0.22991179932495
0.20977,-0.228322240368532
0.20226,-0.225811123231916
0.19484,-0.222430825913991
0.18752,-0.218248295322091
0.18032,-0.213333195998335
0.17328,-0.20774084009227
0.1664,-0.201543115269923
0.15972,-0.194793762881821
0.15324,-0.187559984412662
0.14698,-0.179903146040435
0.14096,-0.171878133026518
0.13519,-0.1635403486461
0.12968,-0.154943912759293
0.12444,-0.146140216660231
0.11948,-0.137176802760983
0.11481,-0.128096537085473
0.11044,-0.118937042465304
0.10638,-0.109730360707597
0.10262,-0.100517608973557
0.099177,-0.0913257953072702
0.096052,-0.082181295109104
0.093246,-0.0731088897327716
0.090766,-0.0641265998477386
0.088609,-0.055253533775279
0.08678,-0.0465028793667383
0.085276,-0.0378882527727524
0.084098,-0.0294199400737992
0.083245,-0.0211064054180998
0.082713,-0.0129563067381
0.082503,-0.00497421373262802
0.082608,0.00283310778304267
0.083023,0.0104590672280334
0.083745,0.0178991390209023
0.084765,0.0251464014434554
0.086077,0.0321946447637711
0.087671,0.0390356661833675
0.089536,0.0456593471195963
0.091663,0.0520559719225191
0.094038,0.0582129000103255
0.096647,0.0641156490335281
0.099479,0.0697510276278951
0.10252,0.0751051867712462
0.10574,0.0801524464378861
0.10914,0.0848813526898514
0.1127,0.0892768571743679
0.11639,0.0933141867319644
0.1202,0.0969763347962507
0.12411,0.100245773595509
0.1281,0.103105191290054
0.13216,0.105545479378942
0.13625,0.107542375183137
0.14037,0.109089797651898
0.14449,0.11017447438881
0.14859,0.110785265184567
0.15266,0.110920616130777
0.15668,0.110579530486296
0.16062,0.109754271252758
0.16447,0.10844682901509
0.16822,0.106667146959016
0.17184,0.104416689390633
0.17533,0.101712384289616
0.17866,0.0985611310930194
0.18182,0.0949764799552339
0.18479,0.0909696949533608
0.18757,0.0865647880845047
0.19013,0.0817733125534975
0.19247,0.0766187272985296
0.19458,0.0711261251242414
0.19643,0.0653065006729466
0.19802,0.059181389660771
0.19935,0.0527802539989638
0.20039,0.0461159734837839
0.20115,0.0392172731419623
0.20162,0.0321100594701777
0.20178,0.0248098365105184
0.20163,0.0173380275897167
0.20117,0.00972017453274661
0.2004,0.00198437762598904
0.1993,-0.00585483218095802
0.19788,-0.013772177876987
0.19614,-0.021741908507602
0.19407,-0.0297460937412636
0.19168,-0.0377589311934803
0.18895,-0.0457712924909828
0.18591,-0.0537509126187876
0.18253,-0.0616922618945313
0.17883,-0.0695746985683167
0.17481,-0.077380910634
0.17046,-0.0851042926433513
0.16579,-0.0927324344940862
0.1608,-0.100256150440252
0.15549,-0.107669271055533
0.14987,-0.114960999001443
0.14392,-0.122139449040723
0.13767,-0.129190960043513
0.13109,-0.136129213297598
0.12421,-0.142945350903967
0.11702,-0.149642307195437
0.10952,-0.156225178540935
0.10171,-0.162700801664839
0.0936,-0.169069960288933
0.085187,-0.17533825659724
0.076475,-0.181509945764743
0.067465,-0.187590390032197
0.058159,-0.193585039506544
0.048561,-0.199497859671743
0.038674,-0.205332311155666
0.028499,-0.211092883585374
0.018041,-0.216781860963683
0.0073045,-0.222400092600862
-0.003709,-0.227949493977513
-0.014993,-0.233429114001424
-0.026542,-0.238836472796387
-0.03835,-0.244167565832092
-0.050411,-0.249417275062944
-0.062717,-0.254578249731116
-0.075261,-0.259642281732678
-0.088031,-0.264597000195837
-0.10102,-0.269430713830916
-0.11421,-0.274124466156847
-0.1276,-0.278666535479096
-0.14117,-0.283037317824203
-0.1549,-0.287211406257399
-0.16878,-0.291166816600846
-0.18279,-0.294877555637497
-0.19692,-0.29832254250641
-0.21114,-0.30147049611354
-0.22543,-0.304290215827425
-0.23978,-0.306758877403601
-0.25415,-0.308838936641611
-0.26852,-0.31049688436863
-0.28288,-0.311710875632926
-0.29719,-0.312447015821709
-0.31143,-0.312677549626846
-0.32557,-0.312373180999001
-0.33958,-0.311504332083955
-0.35344,-0.310049571010603
-0.36712,-0.307987414610159
-0.38059,-0.305297127056891
-0.39381,-0.301951947318595
-0.40677,-0.297943372783882
-0.41943,-0.293255890714905
-0.43177,-0.287883777411785
-0.44375,-0.28181479302845
-0.45534,-0.275039389281144
-0.46653,-0.267565450951548
-0.47727,-0.259385349303549
-0.48754,-0.250501547536578
-0.4973,-0.240909978518729
-0.50655,-0.230631188492354
-0.51524,-0.219668230397177
-0.52334,-0.208024933023645
-0.53084,-0.19572058096611
-0.53771,-0.182771757957011
-0.54391,-0.169185162466788
-0.54944,-0.154989029204253
-0.55425,-0.140191318725271
-0.55833,-0.12481308979727
-0.56166,-0.108878057786984
-0.56422,-0.0924114993587183
-0.56599,-0.075439310938103
-0.56694,-0.0579798157585018
-0.56706,-0.0400595225115567
-0.56635,-0.0217182078034663
-0.56477,-0.00297567950939703
-0.56233,0.0161279534247329
-0.559,0.035566934145652
-0.55479,0.0552982598512597
-0.54968,0.0752884511864465
-0.54367,0.0954979161666874
-0.53676,0.115883318758776
-0.52894,0.136406995562421
-0.52021,0.157029628715926
-0.51059,0.177697003249534
-0.50006,0.198374107275621
-0.48865,0.219005575162753
-0.47635,0.23955091600664
-0.46318,0.25996076429824
-0.44915,0.280187572950563
-0.43427,0.300186801135774
-0.41856,0.319910416036072
-0.40203,0.339316552211925
-0.38471,0.358354961299324
-0.36661,0.37698509698176
-0.34777,0.395153468697451
-0.32819,0.412827508527713
-0.30791,0.429963170413168
-0.28695,0.44652349946456
-0.26535,0.462463828672069
-0.24314,0.47774223795731
-0.22034,0.492327917149391
-0.197,0.50617804383427
-0.17315,0.519256436820112
-0.14882,0.531533625789035
-0.12406,0.542971947510262
-0.098915,0.553532229053598
-0.07342,0.563182905432071
-0.047622,0.571890904216344
-0.021566,0.579624693232506
0.0046988,0.586352107099471
0.031128,0.592045265629218
0.057669,0.596674809655511
0.084275,0.600215644576495
0.1109,0.602647757836646
0.13748,0.603942836882466
0.16397,0.604081052632296
0.19033,0.603054008217243
0.2165,0.60084833022537
0.24243,0.597454747282403
0.26806,0.592860489882774
0.29335,0.587065430268156
0.31825,0.580072566391742
0.34271,0.57188765677804
0.36668,0.562518834009375
0.39011,0.551976209622738
0.41295,0.540271481332904
0.43517,0.527432347881777
0.4567,0.513469316148443
0.47752,0.498415929758562
0.49758,0.4823014034834
0.51683,0.46515084445183
0.53524,0.447000292067592
0.55277,0.427886344126182
0.56938,0.40784515207132
0.58504,0.386918987338794
0.59971,0.365146554713655
0.61337,0.34257743811522
0.62598,0.319253850430528
0.63752,0.29522567082426
0.64795,0.270532749856494
0.65727,0.245235258581803
0.66544,0.219378432797462
0.67246,0.19302368944308
0.6783,0.166221485890549
0.68295,0.139026684177204
0.6864,0.11149599913717
0.68864,0.0836858742641313
0.68968,0.0556655494874107
0.68949,0.0274828647420744
0.68809,-0.000796211385087437
0.68547,-0.0291153824009126
0.68165,-0.0574058159546234
0.67661,-0.0856203648163787
0.67039,-0.113686646437724
0.66297,-0.141558648664447
0.65438,-0.169176298883346
0.64463,-0.196485032270945
0.63374,-0.223429236276995
0.62172,-0.249961800593304
0.6086,-0.276029416129895
0.5944,-0.301583079806923
0.57914,-0.326579057146753
0.56285,-0.350972133071196
0.54556,-0.374717606551114
0.52729,-0.397780280073154
0.50809,-0.420111874263304
0.48797,-0.441684931083768
0.46699,-0.46245303188059
0.44517,-0.482385783988958
0.42257,-0.501437424464747
0.39921,-0.519581078793632
0.37514,-0.536784107816642
0.35041,-0.553010572023956
0.32507,-0.568223285815298
0.29916,-0.582392893906606
0.27274,-0.595482792800605
0.24585,-0.607466744154252
0.21856,-0.618305814167695
0.19091,-0.627974484926562
0.16297,-0.636436968777052
0.13478,-0.64367275814658
0.10642,-0.649645042686953
0.077927,-0.654337057183622
0.04938,-0.657717984420679
0.020832,-0.659766124648582
-0.0076551,-0.660461509932929
-0.036018,-0.659785450913814
-0.064197,-0.657723826796941
-0.092128,-0.654263692566699
-0.11975,-0.649396050278464
-0.147,-0.643114195826248
-0.17382,-0.63541749181145
-0.20014,-0.626301662746934
-0.22591,-0.615774717500895
-0.25106,-0.603839863627795
-0.27555,-0.590518825792351
-0.2993,-0.575818367776629
-0.32227,-0.559762840766314
-0.34439,-0.54236816150341
-0.36562,-0.523665413101746
-0.38591,-0.503689866273896
-0.40519,-0.48246460109976
-0.42343,-0.460031961342718
-0.44058,-0.436434005716018
-0.45659,-0.411711527506435
-0.47143,-0.385918053854198
-0.48505,-0.359101185520309
-0.49741,-0.33130986395954
-0.5085,-0.302614952446968
-0.51827,-0.273073460670089
-0.5267,-0.242751804777114
-0.53376,-0.211714684107058
-0.53944,-0.180038318416667
-0.54372,-0.147798598838412
-0.54659,-0.115076305537637
-0.54803,-0.0819463541719617
-0.54804,-0.0484914293630718
-0.54662,-0.0147979457868946
-0.54376,0.0190547312240833
-0.53949,0.0529658451238364
-0.5338,0.0868500763750303
-0.52671,0.120615088330595
-0.51823,0.15417323695907
-0.50839,0.187428727299035
-0.49722,0.22028229106101
-0.48474,0.252642468364378
-0.471,0.284404945865871
-0.45601,0.315488039006584
-0.43984,0.34578677272896
-0.42252,0.375210457066093
-0.4041,0.403668244575356
-0.38465,0.431057519847751
-0.36421,0.457291839174844
-0.34284,0.482286074138383
-0.32061,0.50595182234012
-0.29759,0.528201194965939
-0.27384,0.548957261288841
-0.24944,0.568140008403658
-0.22445,0.585684698386081
-0.19896,0.601519291883582
-0.17305,0.615576021881045
-0.14678,0.627808002319185
-0.12025,0.638157700312002
-0.093535,0.646579862983351
-0.066716,0.653036732824267
-0.039878,0.657495466376796
-0.013105,0.659929603860636
0.013518,0.660318584558164
0.039908,0.658649395743786
0.06598,0.654914718497575
0.091654,0.6491164310454
0.11685,0.641264462101445
0.14148,0.631369702687451
0.16547,0.619454494886214
0.18875,0.605553351176408
0.21125,0.589710221240509
0.23289,0.571968598537162
0.2536,0.552378289847883
0.27333,0.531008047349941
0.29201,0.507925625272619
0.30959,0.483211257147564
0.32602,0.456953339018994
0.34125,0.429244677370766
0.35524,0.400186678519152
0.36795,0.369885037613511
0.37936,0.338460878411442
0.38942,0.306022281782751
0.39813,0.27270076943664
0.40546,0.238620863819124
0.4114,0.203912648223473
0.41595,0.168714275423401
0.4191,0.13315892358463
0.42086,0.0973865308150106
0.42123,0.0615308219982347
0.42024,0.0257385370428837
0.4179,-0.00985244570162565
0.41424,-0.0451009844335642
0.40927,-0.0798826323058269
0.40304,-0.114060968869159
0.39558,-0.147509222563844
0.38692,-0.180112694152456
0.37713,-0.211740852893485
0.36623,-0.242291845760407
0.35427,-0.271668491845217
0.34132,-0.299766236114038
0.32743,-0.32649321433533
0.31264,-0.351778709211778
0.29702,-0.375549847796208
0.28063,-0.397742452019887
0.26353,-0.418302143928559
0.24579,-0.437177570195972
0.22746,-0.454337029331328
0.20861,-0.469751756755008
0.1893,-0.483404534341633
0.16961,-0.495274098161364
0.14959,-0.505359610882598
0.12932,-0.51365543617461
0.10885,-0.520175262549034
0.088263,-0.524924398182349
0.067608,-0.527927158498918
0.046954,-0.529208454284716
0.026365,-0.528797373933223
0.005902,-0.526728420548016
-0.014374,-0.523040091874152
-0.034404,-0.517775053518064
-0.054129,-0.510978632897474
-0.073496,-0.502701916573236
-0.092449,-0.492997384940718
-0.11094,-0.481923438043637
-0.12891,-0.469533781075102
-0.14632,-0.455891863033971
-0.16313,-0.44106668062948
-0.17929,-0.425122549599537
-0.19476,-0.408125718341448
-0.20951,-0.390149597242784
-0.22351,-0.37127135083132
-0.23673,-0.351569011667887
-0.24914,-0.33111908423917
-0.26071,-0.309994604160001
-0.27144,-0.288285810061883
-0.28129,-0.266064551805571
-0.29027,-0.243422605343113
-0.29836,-0.220442832140086
-0.30556,-0.19721311407711
-0.31187,-0.173822623484402
-0.31727,-0.150343955787392
-0.32179,-0.126870892914838
-0.32543,-0.103489100722433
-0.3282,-0.0802822848974511
-0.33011,-0.0573297721170771
-0.33118,-0.0347120443548675
-0.33144,-0.0125151517698611
-0.3309,0.00918807811520462
-0.32959,0.030323280809693
-0.32755,0.0508101104437911
-0.32479,0.0705884044705557
-0.32137,0.0895795940469205
-0.3173,0.107730045853323
-0.31265,0.124963993951757
-0.30743,0.141234933792276
-0.3017,0.156484931613991
-0.2955,0.170663899239607
-0.28888,0.183722724088164
-0.28187,0.195629892815899
-0.27454,0.206340050203371
-0.26692,0.215828168814347
-0.25907,0.224064773158989
-0.25103,0.231033053053252
-0.24285,0.236720118490545
-0.23457,0.241124622653898
-0.22625,0.244240390474775
-0.21793,0.246072898435223
-0.20965,0.24663743053178
-0.20145,0.245957310889957
-0.19339,0.244047438706755
-0.18549,0.240945565628229
-0.17779,0.236692499424675
-0.17033,0.231330823083897
-0.16315,0.224903760369252
-0.15627,0.217468985589292
-0.14973,0.209079749514462
-0.14354,0.199806714167083
-0.13774,0.18971067266313
-0.13235,0.178857742568976
-0.12737,0.167331419475411
-0.12283,0.15520481977163
-0.11875,0.142548104697826
-0.11512,0.129449274469214
-0.11195,0.115993447289048
-0.10926,0.10225358209312
-0.10703,0.0883202398744097
-0.10526,0.0742807001639663
-0.10396,0.0602095708459745
-0.1031,0.0461984789897413
-0.10269,0.0323203564294982
-0.10269,0.0186676710821546
-0.1031,0.00531613794859524
-0.1039,-0.00765974949203527
-0.10506,-0.0201816007635917
-0.10656,-0.0321779141316699
-0.10837,-0.0435778195328128
-0.11045,-0.0543060365006566
-0.11279,-0.0643085230454344
-0.11533,-0.0735134468413094
-0.11806,-0.0818741590458011
-0.12092,-0.0893292218366351
-0.12388,-0.0958297465867417
-0.1269,-0.101331514235026
-0.12994,-0.105795904187774
-0.13295,-0.109183094401716
-0.13589,-0.111461391751955
-0.13872,-0.112607134928367
-0.14139,-0.112597001489285
-0.14386,-0.111416572135535
-0.14609,-0.109059587483918
-0.14802,-0.105512323151802
-0.14963,-0.100785537373109
-0.15087,-0.0948877917028525
-0.15171,-0.0878409605026508
-0.15209,-0.0796553648196675
-0.15199,-0.0703617603059175
-0.15138,-0.059999574462566
-0.15021,-0.0485997721208217
-0.14847,-0.0362155910335674
-0.14611,-0.0228875237752252
-0.14312,-0.00867454629994723
-0.13947,0.00636561641720735
-0.13513,0.0221776171989296
-0.13009,0.0386945963552827
-0.12434,0.0558421195575174
-0.11784,0.0735637826615196
-0.1106,0.0917822707300011
-0.10259,0.110435125351439
-0.093814,0.129448498285102
-0.084266,0.148748879439231
-0.073938,0.168266659775526
-0.062832,0.187930070226447
-0.050949,0.207668525746862
-0.038291,0.227413844415536
-0.024867,0.247096763086628
-0.010685,0.266650102335087
0.0042441,0.286008404957837
0.019904,0.305105775346677
0.036281,0.323880086990406
0.053353,0.342268159293732
0.0711,0.360209679614178
0.089496,0.377644312645741
0.10851,0.394510122092459
0.12812,0.410752704055517
0.14829,0.42631535394982
0.16899,0.441146001370033
0.19017,0.455183451375929
0.21179,0.468368718285917
0.23381,0.480646708801777
0.25618,0.491960090402127
0.27886,0.502259204869784
0.30178,0.511480276965319
0.3249,0.519572591028697
0.34815,0.526475681304466
0.37148,0.532138185683856
0.39482,0.536503221916404
0.41811,0.539518935518763
0.44128,0.541132078441839
0.46427,0.541297665149499
0.487,0.539964353612991
0.50941,0.537092409726183
0.53143,0.53264569707154
0.55297,0.526577728530268
0.57398,0.51886505673343
0.59437,0.509474417537176
0.61409,0.498395666973084
0.63305,0.48560854739895
0.6512,0.471115318240039
0.66845,0.454907281560281
0.68476,0.437004630155528
0.70005,0.417421227218936
0.71427,0.396188129089812
0.72735,0.373335077954052
0.73925,0.348912563092105
0.74991,0.322972043434347
0.75928,0.29557212443987
0.76732,0.26678329620308
0.77399,0.236683998472022
0.77926,0.205364586150818
0.78309,0.172915364758546
0.78545,0.139431672995023
0.78633,0.105025178169167
0.78571,0.0698103105279404
0.78357,0.0339005871210269
0.7799,-0.00258700830090184
0.77471,-0.0395212570115614
0.768,-0.076770642671844
0.75976,-0.114214661287512
0.75002,-0.151715746547408
0.73878,-0.189148918202912
0.72608,-0.226373636882
0.71192,-0.263270752362003
0.69633,-0.299720018275305
0.67936,-0.33558944863218
0.66103,-0.370764057654784
0.64138,-0.405131648227517
0.62045,-0.438586122676889
0.59829,-0.471022625262702
0.57494,-0.502348411063697
0.55045,-0.532476522215713
0.52486,-0.561335351923562
0.49825,-0.588838979792302
0.47065,-0.614930192028833
0.44212,-0.639555242736729
0.41273,-0.662658210885987
0.38253,-0.684198670554624
0.35157,-0.704150722507543
0.31993,-0.722479629199649
0.28766,-0.739167550093538
0.25482,-0.754204226707848
0.22147,-0.767586644552958
0.18769,-0.77930373455222
0.15352,-0.789368578112351
0.11904,-0.797784527495861
0.084302,-0.80456839933226
0.049376,-0.809734744119317
0.014323,-0.813303147702557
-0.020797,-0.815298017024357
-0.055921,-0.815745277225991
-0.090987,-0.814672579158214
-0.12594,-0.8121138109778
-0.16071,-0.80809625446998
-0.19525,-0.802658461751941
-0.2295,-0.795837703368729
-0.26339,-0.787662060754514
-0.29689,-0.778181225364009
-0.32992,-0.767424163119151
-0.36245,-0.755439452199218
-0.39442,-0.742268080400212
-0.42578,-0.727951270538737
-0.45648,-0.712529344359647
-0.48649,-0.69605559386124
-0.51575,-0.678570119666929
-0.54422,-0.660116033649648
-0.57188,-0.640752410484123
-0.59867,-0.620519919051425
-0.62458,-0.599480135210526
-0.64956,-0.577680094655355
-0.67358,-0.555168451326121
-0.69662,-0.53200103255327
-0.71865,-0.508230323408473
-0.73966,-0.483919248431441
-0.75961,-0.459115007306645
-0.77849,-0.433872744689571
-0.79629,-0.408252213444482
-0.81299,-0.382307560089848
-0.82857,-0.356086611325911
-0.84304,-0.32965263179585
-0.85638,-0.30305707672805
-0.86859,-0.27635490415138
-0.87966,-0.24959461799199
-0.88959,-0.222825190474134
-0.89839,-0.196101620784466
-0.90605,-0.169467067059323
-0.91258,-0.142968325734012
-0.91799,-0.116653414699242
-0.92228,-0.0905621978565501
-0.92546,-0.0647338254913102
-0.92755,-0.0392127482469845
-0.92855,-0.0140312433793452
-0.92848,0.010774770350519
-0.92736,0.0351678697805254
-0.92519,0.059125673531856
-0.922,0.0826168076538372
-0.9178,0.105618739594519
-0.91262,0.128102324658532
-0.90646,0.150056494705376
-0.89935,0.171463305396748
-0.8913,0.192314972893973
-0.88235,0.212590340228973
-0.87249,0.232295407866762
-0.86176,0.251421324842834
-0.85017,0.269970067004928
-0.83775,0.287937844207291
-0.82451,0.305331441846231
-0.81047,0.322158910336389
-0.79566,0.338422007972819
-0.78008,0.354139831372813
-0.76376,0.369323017599642
-0.74673,0.383975333062335
-0.72898,0.398124686681756
-0.71056,0.411773524581481
-0.69146,0.42494823761251
-0.67172,0.437656980513709
-0.65134,0.449922694575438
-0.63035,0.461757543545659
-0.60877,0.473172153627304
-0.5866,0.484190475340959
-0.56387,0.494824427936874
-0.54059,0.505090738472543
-0.51678,0.515002181426512
-0.49246,0.524568003527826
-0.46764,0.533801739742664
-0.44234,0.542712602364238
-0.41658,0.55130604023451
-0.39037,0.559591673709618
-0.36374,0.567567389210268
-0.3367,0.575236402042503
-0.30927,0.582598680946406
-0.28147,0.589651520392613
-0.25331,0.596397468506042
-0.22483,0.602820998799986
-0.19603,0.608921948316058
-0.16695,0.614682907414883
-0.1376,0.620095164512081
-0.10801,0.625142416936678
-0.078205,0.629806340853023
-0.048201,0.634074099957701
-0.01803,0.637925780593077
0.012286,0.641343689078372
0.042716,0.64430574446449
0.073235,0.646791373331192
0.10381,0.648775878757337
0.13442,0.650240814569676
0.16503,0.651162969730599
0.19561,0.651519678028191
0.22613,0.651289394503149
0.25655,0.650444745874836
0.28686,0.648976676655671
0.317,0.646854281153453
0.34695,0.644059562994538
0.37668,0.640578141208212
0.40615,0.636391682282949
0.43533,0.631486697232511
0.46418,0.625846716201081
0.49268,0.619468251766029
0.52078,0.612336351843501
0.54846,0.604449567402721
0.57568,0.595802743115716
0.6024,0.58638803274572
0.6286,0.576210570399208
0.65424,0.565271180298467
0.67928,0.553567337162403
0.7037,0.541108805501314
0.72745,0.527892939555959
0.75051,0.513929462646822
0.77283,0.499215729372199
0.79439,0.483761475302065
0.81515,0.467571454668279
0.83507,0.450646360255703
0.85412,0.432991051069728
0.87228,0.414621072693856
0.88949,0.395530651462617
0.90575,0.375741398360689
0.921,0.355252095144754
0.93522,0.334072767429563
0.94838,0.312214862044487
0.96045,0.289690690947356
0.9714,0.266512952029694
0.9812,0.242694323358146
0.98983,0.218254524837838
0.99726,0.193211029360363
1,0.165019281621785
1,0.133157457977925
1,0.0993319622097942
1,0.0649779414988143
1,0.0312783274956369
1,-0.00081615436121448
1,-0.0305663389092543
1,-0.0574236647058765
1,-0.0810092178629838
1,-0.10109306501018
0.99395,-0.122049978949844
0.98557,-0.144632643877764
0.97582,-0.168699627427877
0.96471,-0.194094049547864
0.95223,-0.220663761822482
0.9384,-0.24824074309016
0.92323,-0.276654709964705
0.90675,-0.305722163236379
0.88895,-0.335282485985127
0.86987,-0.365160086212094
0.84954,-0.395178832610954
0.82798,-0.425173865662923
0.80522,-0.454986201848533
0.78131,-0.484450987432148
0.75626,-0.513432692742694
0.73013,-0.541786282769992
0.70296,-0.569378047949775
0.67479,-0.596087395566204
0.64568,-0.621793248973067
0.61566,-0.64640014918648
0.58479,-0.669814315946833
0.55313,-0.691946544912679
0.52072,-0.71272924435696
0.48764,-0.732085256773799
0.45392,-0.749969556209185
0.41963,-0.766335468970714
0.38483,-0.781144472530152
0.34958,-0.794366465827951
0.31394,-0.805979752184183
0.27796,-0.815978183673863
0.24172,-0.824346904499085
0.20527,-0.831087362373658
0.16867,-0.836207422228804
0.13199,-0.839713196136217
0.09528,-0.841624644567133
0.058604,-0.841962601797965
0.022024,-0.840750083905091
-0.014399,-0.838012493471891
-0.050611,-0.833782111611662
-0.086549,-0.828089660015958
-0.12216,-0.820971545009226
-0.15738,-0.812459968361271
-0.19216,-0.802594248930898
-0.22644,-0.791410489442419
-0.26018,-0.778956219939133
-0.29332,-0.765272281184432
-0.32581,-0.750400543000061
-0.3576,-0.734382658202417
-0.38865,-0.717266425772899
-0.41892,-0.699103334775502
-0.44835,-0.679931664178447
-0.47691,-0.65980014474662
-0.50457,-0.638764544329963
-0.53128,-0.616869921226186
-0.55701,-0.594166148679378
-0.58172,-0.570698083410017
-0.6054,-0.54652733643698
-0.62801,-0.521704993019065
-0.64952,-0.496279457621228
-0.66991,-0.470302815042726
-0.68917,-0.443835847208524
-0.70727,-0.416929649868792
-0.7242,-0.389640629053066
-0.73995,-0.362027638208982
-0.75452,-0.334156993028769
-0.76788,-0.306076717665584
-0.78005,-0.277855406453233
-0.79101,-0.249546433106271
-0.80077,-0.221211257816906
-0.80935,-0.192923195706441
-0.81673,-0.164733159079036
-0.82293,-0.136701769653782
-0.82797,-0.108895388307141
-0.83186,-0.081375369464376
-0.83461,-0.0541969103529157
-0.83625,-0.0274230585547887
-0.8368,-0.0011136043808975
-0.83628,0.0246763982401446
-0.83471,0.0498977157591945
-0.83213,0.0744928735279893
-0.82855,0.098422018221911
-0.82402,0.121631537131732
-0.81856,0.144080894183075
-0.81221,0.16572693601067
-0.805,0.186533500481723
-0.79696,0.206471579849565
-0.78813,0.225511867796967
-0.77854,0.24363354173776
-0.76824,0.260808918411405
-0.75725,0.277028228963799
-0.74562,0.292274732950168
-0.73338,0.306541805014929
-0.72056,0.319831631325547
-0.7072,0.332146518423309
-0.69334,0.343489252839963
-0.67899,0.353885539181578
-0.66421,0.363342299276001
-0.64901,0.371888474046319
-0.63342,0.379555532635697
-0.61748,0.386369065461367
-0.6012,0.392371701193495
-0.58461,0.397604121522859
-0.56774,0.402104564388565
-0.5506,0.405923233164312
-0.53322,0.409103978782115
-0.51561,0.411699245771116
-0.49779,0.413759667351611
-0.47978,0.415333084094316
-0.46158,0.416478577883541
-0.4432,0.41725527385929
-0.42467,0.417705881788544
-0.40598,0.417888187935982
-0.38714,0.41785564190311
-0.36816,0.417656591102809
-0.34905,0.417333760599665
-0.3298,0.416938746008804
-0.31041,0.416521262741876
-0.2909,0.416113115250344
-0.27126,0.41575269296403
-0.25149,0.415474945845608
-0.23159,0.415310787437122
-0.21157,0.415279311539806
-0.19142,0.4154040059246
-0.17115,0.415696123517443
-0.15076,0.416163788903498
-0.13025,0.416812027814488
-0.10962,0.417642886015958
-0.088884,0.418645261418877
-0.068042,0.419807770953524
-0.0471,0.421114356279682
-0.026066,0.422543848665403
-0.0049502,0.424069627498855
0.016238,0.425661732175997
0.037484,0.427284242907295
0.058776,0.428899272527842
0.080095,0.430462871914594
0.10143,0.431933164381228
0.12275,0.433256174574287
0.14404,0.434381379776298
0.16527,0.4352512622593
0.18642,0.435811599925494
0.20746,0.436004921050155
0.22835,0.435765349231943
0.24907,0.435036886815609
0.26959,0.433765748337642
0.28986,0.431886765725869
0.30986,0.429349731834962
0.32954,0.426095899749182
0.34886,0.422068874811412
0.36779,0.41722335396476
0.38628,0.411509722429342
0.40429,0.40488395699684
0.42179,0.397315478427427
0.43873,0.388770962427711
0.45508,0.379230954686008
0.47079,0.368673319861795
0.48582,0.357082155817295
0.50014,0.34445480888287
0.5137,0.330784991483968
0.52648,0.316086236355754
0.53844,0.30037329176335
0.54954,0.283661866045004
0.55975,0.265975758370079
0.56905,0.247352369239279
0.5774,0.227824574080267
0.58479,0.20744317481297
0.59119,0.186257513460562
0.59659,0.164329431344162
0.60095,0.141707166750965
0.60429,0.118471186870726
0.60657,0.0946814984314634
0.60781,0.070424419274748
0.60798,0.0457681836351494
0.60711,0.0208089406628682
0.60518,-0.00437430108611835
0.60222,-0.0296816291941807
0.59822,-0.055028724721745
0.59322,-0.0803093566328813
0.58722,-0.105432334404742
0.58025,-0.130299176747282
0.57234,-0.154808541284435
0.56352,-0.178859906910662
0.55382,-0.202356564810787
0.54328,-0.225200578415128
0.53195,-0.247288789187081
0.51986,-0.26853195384083
0.50706,-0.288840262959631
0.4936,-0.308126509465079
0.47953,-0.32630859659362
0.4649,-0.34331144963141
0.44977,-0.359060997372765
0.43418,-0.373501497759731
0.4182,-0.386572058302078
0.40188,-0.398224826952809
0.38529,-0.408409723702969
0.36846,-0.417106565843067
0.35147,-0.424283615665652
0.33437,-0.429923618491642
0.31722,-0.434014798144383
0.30006,-0.436565625861385
0.28295,-0.437586588457261
0.26595,-0.437090194260861
0.24911,-0.43509826981394
0.23247,-0.431647555827938
0.21608,-0.426778997651114
0.2,-0.420528950183204
0.18425,-0.412959128215782
0.16889,-0.404120869232333
0.15395,-0.394078313397745
0.13947,-0.382897105626826
0.12549,-0.37064258888178
0.11202,-0.357400484062763
0.099111,-0.343240463427665
0.086778,-0.328244093243913
0.075041,-0.312496660715827
0.063923,-0.296081919503168
0.053439,-0.27908597166165
0.043598,-0.261598801724838
0.034413,-0.243707966479677
0.025888,-0.225503136012346
0.018026,-0.207073733706212
0.010827,-0.188508475464434
0.0042866,-0.169896009153088
-0.0015996,-0.151322137463454
-0.006843,-0.132872793172265
-0.011454,-0.114630483052329
-0.015451,-0.0966781368618732
-0.018846,-0.0790915203884109
-0.021664,-0.0619476292253031
-0.023926,-0.0453188282684691
-0.025657,-0.0292741489684549
-0.026883,-0.0138781867248063
-0.027632,0.000808944706531137
-0.027938,0.0147285825930159
-0.027829,0.0278299132427827
-0.027343,0.0400630926465607
-0.026514,0.0513840283699425
-0.025377,0.0617543802588367
-0.023972,0.0711384462361984
-0.022335,0.0795072281975203
-0.020509,0.0868333846732836
-0.018531,0.0930967172776826
-0.016445,0.0982787727888768
-0.014288,0.102368780542918
-0.012105,0.105357120845784
-0.0099363,0.107239397658245
-0.0078242,0.108014601637416
-0.0058086,0.107686768025419
-0.0039299,0.106264007733614
-0.0022294,0.103757293964428
-0.00074712,0.100180988965219
0.00048061,0.0955549297444399
0.0014142,0.089900793967967
0.0020178,0.0832442655859948
0.0022573,0.0756151616861311
0.002097,0.0670449297735479
0.0015066,0.0575697218734895
0.00045664,0.0472293421429639
-0.0010838,0.0360645674270035
-0.0031377,0.0241218776480417
-0.0057297,0.0114499848874784
-0.0088815,-0.00189965525650092
-0.012612,-0.0158726434632462
-0.016935,-0.0304098862696436
-0.021866,-0.0454513715323055
-0.027415,-0.0609339467666905
-0.033591,-0.0767929752487692
-0.040397,-0.0929600466714507
-0.047834,-0.10936422258181
-0.055902,-0.125933879548056
-0.064598,-0.142596769264599
-0.073914,-0.159278639144474
-0.083841,-0.175905163740304
-0.094367,-0.192402056210354
-0.10548,-0.208697408152754
-0.11715,-0.224710229122251
-0.12937,-0.240371793884965
-0.14211,-0.255608537388932
-0.15534,-0.270345430559629
-0.16904,-0.284516153178695
-0.18319,-0.298063698539596
-0.19773,-0.310911054457404
-0.21264,-0.32299726224165
-0.22788,-0.334261698673062
-0.24342,-0.344653608469154
-0.2592,-0.354109953274894
-0.27519,-0.362582252408421
-0.29135,-0.37002825921594
-0.30762,-0.376397701257642
-0.32396,-0.38165056946615
-0.34031,-0.385742000909518
-0.35664,-0.388647198315162
-0.37289,-0.390336615804973
-0.38901,-0.390785656383152
-0.40494,-0.389967544979371
-0.42064,-0.38786981234833
-0.43605,-0.384477611772899
-0.45113,-0.37978990213242
-0.46582,-0.373802527007376
-0.48006,-0.366509421639165
-0.49382,-0.357925792576026
-0.50703,-0.348054455520382
-0.51966,-0.336918165202355
-0.53164,-0.324525952897858
-0.54294,-0.310905486768955
-0.55351,-0.296084261441696
-0.5633,-0.280089204128662
-0.57227,-0.262953726205069
-0.58038,-0.244715807822139
-0.58758,-0.22540890460259
-0.59385,-0.205084282751974
-0.59914,-0.183784150527339
-0.60341,-0.161549782063382
-0.60665,-0.138442839843234
-0.60882,-0.114517630287324
-0.60988,-0.0898210823266106
-0.60983,-0.0644224599830993
-0.60864,-0.0383849331910208
-0.60628,-0.0117649762814687
-0.60275,0.01536580063592
-0.59803,0.0429404577496667
-0.59211,0.0708904108298932
-0.58499,0.0991404210708847
-0.57665,0.127626949580215
-0.56711,0.156268305069314
-0.55636,0.184992853205232
-0.5444,0.21373193755372
-0.53125,0.242406736207816
-0.51692,0.270940139628079
-0.50141,0.299266304629483
-0.48475,0.327308510335008
-0.46695,0.354998592886947
-0.44804,0.382262820199447
-0.42804,0.409032859237085
-0.40698,0.43523969900144
-0.38489,0.460816182613466
-0.3618,0.485699012757766
-0.33775,0.5098228840085
-0.31279,0.533115810498882
-0.28695,0.55551772473729
-0.26027,0.576972984789708
-0.2328,0.597424233387985
-0.20459,0.616814887834172
-0.17569,0.635091123884072
-0.14615,0.652203403731511
-0.11603,0.668100199545152
-0.085386,0.682733335453923
-0.054267,0.696064421380572
-0.022737,0.708053512997971
0.0091459,0.71866546161948
0.041319,0.72786712899065
0.073725,0.735632475635703
0.1063,0.741937590512718
0.13898,0.746761421703848
0.1717,0.750085605588332
0.2044,0.751898677941782
0.23701,0.752188175452231
0.26948,0.750956463012544
0.30173,0.748196103508781
0.33371,0.743914609289112
0.36534,0.738109597552911
0.39658,0.730800769530182
0.42734,0.721988519915054
0.45758,0.711695006658309
0.48722,0.699930091352689
0.51621,0.686715951922271
0.54449,0.672076984834866
0.572,0.656038980239201
0.59868,0.638628386899083
0.62446,0.619864270494065
0.64931,0.599788972574923
0.67315,0.578425630842025
0.69594,0.555810972729719
0.71763,0.531984381910594
0.73816,0.506978995423775
0.75749,0.480836845094438
0.77558,0.453606013946423
0.79237,0.425323371796199
0.80783,0.396037897883801
0.82193,0.365806953152778
0.83461,0.334670849640876
0.84585,0.302684531897658
0.85562,0.269905726903884
0.86388,0.236385302943714
0.87061,0.202181833855073
0.87579,0.167358322306159
0.87939,0.131972027678473
0.8814,0.0960885769235943
0.8818,0.059770908656137
0.88058,0.0230852019599355
0.87773,-0.0139018500137889
0.87324,-0.0511252737014792
0.86712,-0.0885088005214258
0.85936,-0.125984272287936
0.84998,-0.16347011190926
0.83897,-0.200898718774677
0.82635,-0.238193835313938
0.81215,-0.275267341716165
0.79637,-0.312046576229796
0.77904,-0.348451606530462
0.7602,-0.38439191388974
0.73987,-0.419786193868241
0.71809,-0.454548516328197
0.69489,-0.488599505001589
0.67033,-0.521845611435994
0.64445,-0.554199771090076
0.61729,-0.585583110942615
0.58892,-0.61590395097227
0.55939,-0.645078203156346
0.52875,-0.673030839627569
0.49708,-0.699674674062023
0.46444,-0.724930561131805
0.43089,-0.748728686352659
0.39651,-0.770994588727181
0.36138,-0.791652809454834
0.32556,-0.810644651172389
0.28914,-0.827905085910571
0.2522,-0.84337389040694
0.21481,-0.857004489990045
0.17707,-0.868741147511627
0.13904,-0.878552578512222
0.10083,-0.886391835161601
0.062505,-0.892234626409709
0.024163,-0.896051907032554
-0.014116,-0.897825611430908
-0.052245,-0.897542533169774
-0.090139,-0.895195898800889
-0.12771,-0.890782740693524
-0.16488,-0.884311263734335
-0.20157,-0.875798326334984
-0.23768,-0.865252355895089
-0.27315,-0.852704867236968
-0.30789,-0.838183456608337
-0.34183,-0.821727077259878
-0.3749,-0.803383216564674
-0.40702,-0.783197958272434
-0.43812,-0.761222745744607
-0.46815,-0.737527038887532
-0.49703,-0.712171022473874
-0.52471,-0.685228169466468
-0.55113,-0.656773440243017
-0.57624,-0.626888474073023
-0.6,-0.595665546096322
-0.62236,-0.563195636828507
-0.64327,-0.529566184614033
-0.66271,-0.494881492251124
-0.68064,-0.459241707451612
-0.69703,-0.422748123681961
-0.71185,-0.385499964832266
-0.72509,-0.347606586997681
-0.73673,-0.309174816483514
-0.74676,-0.270313555517579
-0.75518,-0.23113739239654
-0.76197,-0.191747130161304
-0.76715,-0.152258778896755
-0.77071,-0.112774716694555
-0.77267,-0.0734051392304246
-0.77304,-0.0342555233991453
-0.77183,0.0045759896170599
-0.76909,0.0429709590771393
-0.76481,0.0808428790639154
-0.75904,0.118089729861491
-0.75182,0.154607932486381
-0.74316,0.190318437169835
-0.73312,0.225127972946961
-0.72174,0.258949965721723
-0.70905,0.291713830609144
-0.69512,0.323335078962095
-0.67998,0.35375075158407
-0.66369,0.382895645724612
-0.64631,0.410705398774824
-0.62788,0.437133730259033
-0.60847,0.462128883068897
-0.58814,0.485644344100073
-0.56695,0.507639927819116
-0.54495,0.528089866217896
-0.52222,0.546959351353245
-0.49881,0.564230209016663
-0.4748,0.579876751872846
-0.45024,0.59389085944902
-0.4252,0.60626472577511
-0.39975,0.616991706519214
-0.37395,0.626074326000251
-0.34788,0.633508266580953
-0.32158,0.639313980760899
-0.29514,0.64349492881729
-0.26861,0.646070882206832
-0.24206,0.647059921350207
-0.21554,0.646493520757991
-0.18913,0.644391337307335
-0.16287,0.640792924382489
-0.13683,0.635730963993455
-0.11106,0.629246811614768
-0.085624,0.621377606143558
-0.060569,0.612168875543817
-0.035945,0.601669646884474
-0.011805,0.589928376894853
0.011808,0.576999259126623
0.034846,0.562936024341409
0.057269,0.547796531427166
0.079036,0.531639664896869
0.10011,0.514526468369366
0.12046,0.496522444562124
0.14006,0.477698520648123
0.15887,0.458117597697632
0.17687,0.437849023537654
0.19404,0.416965263579231
0.21036,0.395539108817807
0.22581,0.373641383462736
0.24039,0.351353908725442
0.25408,0.328750055099092
0.26687,0.305901441961403
0.27877,0.282890745960181
0.28977,0.259792132827142
0.29987,0.236677867051176
0.30907,0.21361626056657
0.31739,0.19068489404851
0.32483,0.16795143446767
0.3314,0.145480600262001
0.33711,0.123332433105177
0.34198,0.10156841043587
0.34604,0.0802563313071029
0.34928,0.0594371048816801
0.35174,0.039165228701193
0.35344,0.019489287711108
0.35441,0.000458590570415999
0.35465,-0.0179010876101431
0.35421,-0.0355472794933898
0.35311,-0.0524479912054662
0.35138,-0.0685737223102186
0.34904,-0.0839057556691572
0.34613,-0.0984203577856135
0.34267,-0.112105739557279
0.3387,-0.124945811276516
0.33423,-0.136944162872108
0.32931,-0.148091087494888
0.32397,-0.158381693220664
0.31822,-0.167830345058172
0.3121,-0.176444810379179
0.30564,-0.184235144971889
0.29887,-0.191213359691725
0.29181,-0.197400467593807
0.2845,-0.202809712787177
0.27695,-0.207470202319615
0.26918,-0.211415931107266
0.26124,-0.214661986867241
0.25312,-0.217252382978615
0.24487,-0.219209078964569
0.23649,-0.22057278989977
0.22801,-0.221376187596269
0.21945,-0.221652066058272
0.21081,-0.221447282190831
0.20212,-0.220796624398721
0.19339,-0.219739012098807
0.18464,-0.218308222099557
0.17587,-0.216547712180959
0.16711,-0.214485314109062
0.15836,-0.212157592236474
0.14962,-0.209607043006727
0.14092,-0.206857483958334
0.13226,-0.203939051526864
0.12364,-0.20088598109422
0.11508,-0.197719915095792
0.10658,-0.194466345234733
0.098142,-0.191151484804559
0.08978,-0.187792331294126
0.081495,-0.184407377890287
0.073294,-0.18101115202231
0.06518,-0.17761731458336
0.057155,-0.174238964075903
0.049228,-0.170882983865024
0.041399,-0.167557484260733
0.033672,-0.164268160900942
0.026053,-0.161016910579483
0.018542,-0.157806738700679
0.011148,-0.154634601943367
0.0038705,-0.151499489558474
-0.0032831,-0.14839602668269
-0.010312,-0.145320169882054
-0.017209,-0.142264161233163
-0.023972,-0.139221077071513
-0.030595,-0.136181829719528
-0.03707,-0.133134225972852
-0.043394,-0.130067478524033
-0.049561,-0.126969904294757
-0.055563,-0.123827847517062
-0.061393,-0.120627094416405
-0.067046,-0.117354781347587
-0.072511,-0.113994995363571
-0.077783,-0.110534195382871
-0.082853,-0.10695813703676
-0.087709,-0.10325016439836
-0.092344,-0.0993958221459372
-0.096748,-0.0953806106772904
-0.10091,-0.0911896686447149
-0.10481,-0.0868016165159851
-0.10845,-0.0822066988905669
-0.11181,-0.0773885762271663
-0.11488,-0.0723334970047415
-0.11765,-0.0670302315548034
-0.12009,-0.0614551669338326
-0.1222,-0.0555975957633549
-0.12396,-0.0494427928926876
-0.12537,-0.0429880774096674
-0.1264,-0.0362184704919116
-0.12705,-0.0291317712326941
-0.1273,-0.021721455870335
-0.12714,-0.0139851979874125
-0.12656,-0.00592422744812536
-0.12556,0.00244988013676391
-0.12412,0.0111321893081536
-0.12224,0.0201083490707846
-0.11991,0.0293640958866239
-0.11712,0.0388855249774123
-0.11387,0.0486519195221114
-0.11017,0.0586301563644449
-0.10599,0.0688075119008977
-0.10136,0.0791436381489286
-0.096271,0.0896058073731116
-0.090726,0.10015941477002
-0.084735,0.1107641000882
-0.078304,0.121378926407999
-0.071448,0.131956975675864
-0.064179,0.142450045817867
-0.05651,0.152809535813951
-0.048461,0.162982758996168
-0.040049,0.172917498876858
-0.031295,0.182560517645708
-0.022221,0.191858626329767
-0.012853,0.200757352112729
-0.0032107,0.209207540350134
0.0066745,0.217157249800421
0.016777,0.224558256814952
0.027068,0.231364563352166
0.037516,0.237531525186117
0.048094,0.243020454224659
0.058766,0.247792201906627
0.0695,0.251811622826239
0.080263,0.255047376008661
0.091022,0.257472411399906
0.10174,0.259061293902368
0.11238,0.259790960116256
0.1229,0.25963756194739
0.13328,0.25859390754807
0.14346,0.256637226642697
0.15342,0.253762748704222
0.16311,0.249958513853492
0.1725,0.245222228125585
0.18155,0.239552393380445
0.19022,0.23294851953986
0.19846,0.225403850331196
0.20625,0.216929226966043
0.21355,0.207534875515297
0.22032,0.197230521652109
0.22652,0.186025467882591
0.23213,0.173943437337239
0.23711,0.161004564320667
0.24143,0.147233138042529
0.24506,0.132656311570741
0.24798,0.117310360768082
0.25016,0.101230677336533
0.25158,0.0844584907418902
0.25221,0.0670313105842097
0.25206,0.0490122735526054
0.25108,0.0304391462616754
0.24929,0.0113799931721454
0.24666,-0.00811152788965901
0.24319,-0.0279726843981762
0.23888,-0.0481352073520659
0.23373,-0.0685283142104185
0.22773,-0.0890886443012313
0.2209,-0.109738529822867
0.21324,-0.130405865172279
0.20476,-0.15101782160574
0.19547,-0.171503235723881
0.18539,-0.191787127179281
0.17453,-0.211801200797486
0.16292,-0.231469978296062
0.15058,-0.250722019658642
0.13753,-0.269491490778633
0.12379,-0.287719311662254
0.10939,-0.305346534273329
0.094366,-0.322311972778735
0.078742,-0.338563672038092
0.062553,-0.35405091253734
0.04583,-0.368728838097779
0.02861,-0.382554640519119
0.010928,-0.395490348472236
-0.0071753,-0.407499251018338
-0.025665,-0.418551481960705
-0.044497,-0.42861724132843
-0.063633,-0.437672413636529
-0.083031,-0.445695909455113
-0.10264,-0.452663509193509
-0.12243,-0.458565152691926
-0.14235,-0.463387430470267
-0.16235,-0.467115810794155
-0.1824,-0.469750491780255
-0.20243,-0.47127440097635
-0.22241,-0.471686993333417
-0.24229,-0.470986665335603
-0.26202,-0.469171385356586
-0.28157,-0.466253981138233
-0.30087,-0.462229679160237
-0.31989,-0.457109537643513
-0.33857,-0.450895183608688
-0.35688,-0.443603054322661
-0.37477,-0.435246550906731
-0.39219,-0.425836504185831
-0.4091,-0.415388982895349
-0.42546,-0.403924034362244
-0.44121,-0.391449752322081
-0.45633,-0.37799409622576
-0.47077,-0.363578234265969
-0.4845,-0.348232199240788
-0.49746,-0.331970268211951
-0.50962,-0.314815874906656
-0.52096,-0.296806641060385
-0.53142,-0.27796107464069
-0.54098,-0.258311365980616
-0.5496,-0.237885067047783
-0.55726,-0.216720018269134
-0.56392,-0.194846510220427
-0.56956,-0.17230266695058
-0.57415,-0.149124433266305
-0.57766,-0.125344938934159
-0.58008,-0.101008831109019
-0.58139,-0.076161328215269
-0.58157,-0.0508467642940792
-0.5806,-0.025107414174862
-0.57848,0.00100262811286149
-0.57519,0.0274361687322345
-0.57074,0.0541308591496584
-0.5651,0.0810436072043301
-0.55829,0.108111272271501
-0.55031,0.13527129578222
-0.54116,0.162463533918363
-0.53086,0.189616905873541
-0.51941,0.216668520829604
-0.50682,0.2435567199156
-0.49313,0.270200668420973
-0.47834,0.296536189656753
-0.46249,0.322485069855617
-0.44559,0.347982482318755
-0.42769,0.372946990875036
-0.4088,0.397315993971431
-0.38897,0.421014656781132
-0.36824,0.44396818747574
-0.34664,0.466111741881146
-0.32421,0.48738338168118
-0.301,0.50771834137664
-0.27705,0.527059280366453
-0.25242,0.545342172070193
-0.22714,0.562522091739654
-0.20128,0.578541740980214
-0.17488,0.593358173587192
-0.148,0.606926980414366
-0.12068,0.619219167753078
-0.093,0.630189977410191
-0.065002,0.639811838639425
-0.036744,0.648060530998317
-0.0082881,0.654912740618361
0.02031,0.660351813185924
0.048987,0.664361844444547
0.077689,0.666935451305228
0.10635,0.668063890938437
0.13492,0.66774989195686
0.16333,0.665991787389201
0.19152,0.662791519732196
0.21944,0.658161708651527
0.24702,0.652108858156002
0.27422,0.644656931572579
0.30096,0.635814096724798
0.32719,0.625598068685152
0.35286,0.614034065808007
0.37791,0.601145550309591
0.40228,0.586954173429174
0.42592,0.571487138664115
0.44877,0.5547681709249
0.47079,0.536832489180968
0.49192,0.517708966465549
0.51211,0.497428074774923
0.53132,0.476028216682092
0.5495,0.453545809383655
0.56661,0.430022111036843
0.58261,0.405501174609768
0.59745,0.380020703790365
0.6111,0.353627005663812
0.62353,0.326372005070997
0.63471,0.298310675407716
0.64461,0.26949886363356
0.65321,0.239998882804464
0.66049,0.209876430117896
0.66642,0.179190590148766
0.671,0.148015500749579
0.67421,0.116420419557051
0.67606,0.0844907409890539
0.67654,0.0523075093350621
0.67565,0.0199531757371932
0.6734,-0.0124838369762549
0.6698,-0.0449130362994749
0.66486,-0.0772450909968202
0.65861,-0.109379646641414
0.65106,-0.141225406076828
0.64225,-0.172679132766986
0.63221,-0.203638653384517
0.62096,-0.23401334223185
0.60855,-0.263702728652996
0.59501,-0.29261652002659
0.5804,-0.32065351955863
0.56475,-0.34772931877342
0.54813,-0.373746432940792
0.53057,-0.398629761086646
0.51214,-0.422295437241196
0.49288,-0.444677743296069
0.47287,-0.465698563515315
0.45214,-0.485309657845201
0.43078,-0.503444605497485
0.40883,-0.52006189704228
0.38636,-0.535119842231952
0.36344,-0.548578531933164
0.34012,-0.56041614315984
0.31647,-0.570612012775104
0.29255,-0.579155130704905
0.26843,-0.586035909645597
0.24416,-0.591261670579737
0.21982,-0.594831669911413
0.19546,-0.596761515149133
0.17113,-0.597080192078648
0.14691,-0.595805096214985
0.12285,-0.592966528389166
0.099009,-0.588598206428474
0.075433,-0.582745759085173
0.052177,-0.575456945264562
0.029294,-0.566781799694975
0.0068296,-0.556776628432273
-0.015169,-0.545500357290995
-0.036662,-0.53301812535329
-0.057606,-0.519395831912696
-0.077964,-0.504703064426105
-0.097703,-0.489013534958311
-0.11679,-0.472402316728198
-0.13519,-0.454942050360207
-0.15288,-0.436710251737283
-0.16983,-0.417780975906836
-0.18603,-0.398238114408741
-0.20145,-0.378156232313962
-0.21607,-0.357607508386922
-0.22989,-0.336674744177105
-0.24288,-0.315424562721303
-0.25505,-0.293937964680008
-0.26637,-0.2722753827055
-0.27685,-0.250508189068248
-0.28649,-0.228706803102321
-0.29527,-0.206923719144556
-0.30321,-0.185224642512992
-0.31032,-0.163676253865207
-0.31658,-0.14232152430574
-0.32202,-0.121219581777576
-0.32665,-0.100425649276988
-0.33047,-0.0799823768679265
-0.33351,-0.059942756317792
-0.33578,-0.040351344803441
-0.33729,-0.0212441448689434
-0.33808,-0.00267091675799083
-0.33815,0.0153389566961416
-0.33754,0.0327442803470932
-0.33627,0.0495107778154692
-0.33437,0.0656038059583852
-0.33185,0.0810046770816456
-0.32876,0.0956790167660424
-0.32513,0.109596023363498
-0.32097,0.12274388106106
-0.31633,0.135097312468863
-0.31124,0.146636133137854
-0.30573,0.157345259337106
-0.29983,0.167214572794017
-0.29358,0.176231271984287
-0.28702,0.18438115064467
-0.28018,0.191657038693222
-0.27309,0.198058013885412
-0.26579,0.203581195042357
-0.25832,0.208222551369989
-0.2507,0.211992354646119
-0.24298,0.214890266377444
-0.23519,0.216922489837646
-0.22737,0.218093209921748
-0.21953,0.218427315971974
-0.21173,0.217928994581206
-0.20399,0.216615428407844
-0.19635,0.214499214278264
-0.18882,0.211611278144844
-0.18146,0.207959679674822
-0.17428,0.20357093390196
-0.16731,0.198471041929029
-0.16059,0.192677596527287
-0.15414,0.186215795394135
-0.14797,0.179123737903941
-0.14213,0.171419366014917
-0.13663,0.163133480289975
-0.13148,0.154306412597194
-0.12672,0.144962899421128
-0.12235,0.135143980407415
-0.1184,0.124880492194713
-0.11487,0.114216330432844
-0.11177,0.103197258610451
-0.10912,0.0918618237008201
-0.10693,0.0802489839778886
-0.10518,0.0684190195163969
-0.10389,0.0564180526213844
-0.10306,0.0442941708697474
-0.10268,0.0321029450116663
-0.10274,0.0199042732588058
-0.10323,0.0077597095843883
-0.10415,-0.00427715399829566
-0.10547,-0.0161386756591899
-0.10718,-0.0277627857446031
-0.10927,-0.0390938874361206
-0.1117,-0.0500612542500974
-0.11446,-0.0606064024574965
-0.11752,-0.0706678757601808
-0.12085,-0.0801838750846484
-0.12442,-0.089094400800078
-0.12819,-0.0973355516657937
-0.13215,-0.104864632924989
-0.13625,-0.111628092384422
-0.14045,-0.117572946651767
-0.14472,-0.122655973616951
-0.14902,-0.126836087279488
-0.15332,-0.130082936522936
-0.15758,-0.132368767288132
-0.16176,-0.133669188139373
-0.16582,-0.13396368777198
-0.16973,-0.133243336510141
-0.17345,-0.13150189064594
-0.17694,-0.128735931034672
-0.18016,-0.124944875119444
-0.1831,-0.1201530806437
-0.1857,-0.114367826753714
-0.18795,-0.107619816748706
-0.1898,-0.0999286129009073
-0.19124,-0.0913342024584383
-0.19223,-0.0818700991727778
-0.19276,-0.071586172311695
-0.19279,-0.0605222024568269
-0.19231,-0.0487311615560572
-0.1913,-0.0362680059904731
-0.18974,-0.0231879495652585
-0.18761,-0.00954501604340831
-0.18491,0.00459434866652038
-0.18162,0.0191702494791357
-0.17773,0.0341223194562732
-0.17325,0.04937671909294
-0.16815,0.0648804193255695
-0.16245,0.0805617725394719
-0.15614,0.0963584204992113
-0.14922,0.112209992591572
-0.14172,0.128037411043579
-0.13363,0.143778489093831
-0.12496,0.159371842446827
-0.11574,0.174743936293819
-0.10597,0.189835957927169
-0.095681,0.204580002939175
-0.084893,0.218911203532271
-0.073629,0.232767085911205
-0.061915,0.246087011931742
-0.049782,0.258810218973157
-0.037262,0.270877214431189
-0.024383,0.282234577118103
-0.011185,0.292826848423663
0.0022985,0.302603739871486
0.016028,0.311516568472385
0.029965,0.319520524596449
0.044069,0.326574182453897
0.058298,0.332639387821066
0.07261,0.337682189357244
0.086962,0.341672735901187
0.10131,0.344585080268946
0.11562,0.346405047602283
0.12983,0.347108155071068
0.14392,0.346693836998829
0.15784,0.34515914484117
0.17154,0.342499781339172
0.18499,0.338725728360858
0.19815,0.333851262976334
0.21097,0.327886772816274
0.22343,0.320861809149898
0.23549,0.312806162810224
0.2471,0.3037419664652
0.25825,0.293714462570367
0.2689,0.28276439927418
0.27901,0.270928048350843
0.28856,0.258252076366608
0.29752,0.244783035286605
0.30588,0.230581049855983
0.31359,0.215686080647566
0.32065,0.200157772937362
0.32703,0.184047856625478
0.33271,0.167407657530951
0.33769,0.150301518489993
0.34193,0.132772872041985
0.34545,0.114891362504493
0.34821,0.0967013633732867
0.35023,0.0782698634014032
0.35149,0.0596504858540817
0.35199,0.0408991889331456
0.35173,0.0220720356817519
0.35071,0.00322337410902091
0.34894,-0.0155882088772694
0.34642,-0.0343100082878859
0.34317,-0.052881034662248
0.3392,-0.0712430130370093
0.33452,-0.0893417961978117
0.32915,-0.107121020669358
0.32311,-0.124524460161835
0.31642,-0.141497929342874
0.3091,-0.157990778565264
0.30118,-0.173949622336859
0.29269,-0.189320757350866
0.28365,-0.204059521960863
0.27411,-0.218108029029823
0.26409,-0.231421939655836
0.25362,-0.2439621142905
0.24275,-0.255680362572782
0.23152,-0.266530372513614
0.21996,-0.27647646724039
0.20811,-0.285485603030321
0.19602,-0.293520851205278
0.18373,-0.300551026701651
0.17128,-0.306550897216238
0.15872,-0.31149379721552
0.1461,-0.315353095450248
0.13346,-0.318110759225902
0.12084,-0.319756631785316
0.10829,-0.320280241508918
0.095853,-0.319676763716592
0.083576,-0.317943523031103
0.0715,-0.31508449509688
0.059668,-0.311107824869115
0.048123,-0.306025175043923
0.036902,-0.299855521649791
0.026047,-0.292619861679748
0.015593,-0.284345741317302
0.0055755,-0.275065157906315
-0.0039716,-0.264814275333428
-0.013016,-0.253633051820892
-0.021532,-0.241568504397964
-0.029491,-0.228670095525073
-0.036869,-0.214991460463988
-0.043645,-0.200590467931986
-0.049798,-0.185526900826502
-0.055317,-0.1698678933343
-0.060184,-0.153679509726431
-0.064391,-0.137032516425742
-0.067929,-0.119998734309945
-0.070793,-0.102651729247652
-0.072979,-0.0850650633380715
-0.074488,-0.0673138042108303
-0.075321,-0.0494719663360839
-0.075484,-0.0316141376989977
-0.074985,-0.0138145228599806
-0.07383,0.00385680932361339
-0.072034,0.0213287386696947
-0.069612,0.0385316233219537
-0.066577,0.0554008030990229
-0.06295,0.0718719216952753
-0.05875,0.0878845637173345
-0.054001,0.103379921740904
-0.048727,0.118302585281019
-0.042955,0.132599685374285
-0.036713,0.146221625791358
-0.030033,0.159120372730077
-0.022946,0.171251735118714
-0.015487,0.18257340418083
-0.0076933,0.193044578791038
0.00039603,0.202626010131001
0.0087416,0.211281062814721
0.017305,0.218977457262746
0.02604,0.225682044902156
0.034905,0.231365816658196
0.043855,0.23600188194606
0.052844,0.23956554902764
0.061824,0.242033579489119
0.070751,0.243387973506396
0.079572,0.243609255930998
0.088243,0.242684400066252
0.096713,0.240601197182458
0.10494,0.237355516103662
0.11286,0.232933997694762
0.12044,0.227339523095341
0.12763,0.220575802377941
0.13438,0.212647489151726
0.14064,0.203560219921371
0.14637,0.193327991305904
0.15154,0.181978871391765
0.15609,0.169529633620174
0.15998,0.15600254864806
0.16319,0.141438743436464
0.16568,0.125878878388135
0.16741,0.10936234582871
0.16836,0.0919414066810281
0.16849,0.0736626314139436
0.16779,0.0545890331943578
0.16623,0.0347804637149989
0.1638,0.0143074420825193
0.16048,-0.00676020675569886
0.15627,-0.0283403429651009
0.15115,-0.0503579735892096
0.14512,-0.0727312161946379
0.13818,-0.0953750035170342
0.13033,-0.118204192173654
0.12157,-0.141136115920812
0.11193,-0.164070432315656
0.10141,-0.186917747659839
0.090022,-0.209591384731683
0.07779,-0.232000726601726
0.064736,-0.254056342183979
0.050884,-0.275671160430838
0.036262,-0.296759910232707
0.020901,-0.317239392192746
0.0048318,-0.337031037696575
-0.011908,-0.356057698492209
-0.029283,-0.374247698864215
-0.047253,-0.391532799206422
-0.065774,-0.407847218218115
-0.084806,-0.42313255827471
-0.1043,-0.437331975225856
-0.12422,-0.450401714047214
-0.1445,-0.462288262080524
-0.16511,-0.472958993525806
-0.18598,-0.482370107801671
-0.20707,-0.490492838639673
-0.22832,-0.497297190607353
-0.24969,-0.502768435547959
-0.27111,-0.506883012390574
-0.29253,-0.509626285189877
-0.3139,-0.510991804770245
-0.33516,-0.510973085088447
-0.35626,-0.509571739279365
-0.37714,-0.506789004035769
-0.39776,-0.502641076886501
-0.41805,-0.497134078113511
-0.43796,-0.490281072862246
-0.45745,-0.482108177284833
-0.47646,-0.47263692686534
-0.49494,-0.461892333726948
-0.51284,-0.449901851891931
-0.53013,-0.436709239864528
-0.54674,-0.422340901296801
-0.56265,-0.406845728284631
-0.57779,-0.390252630057053
-0.59214,-0.372610743107547
-0.60565,-0.353962109829411
-0.61829,-0.334356792843725
-0.63002,-0.313842622587689
-0.64079,-0.292456954291916
-0.65059,-0.270257237470437
-0.65937,-0.247285940101372
-0.66711,-0.223594410382005
-0.67378,-0.199232262072597
-0.67935,-0.17424623658972
-0.68379,-0.148679329727267
-0.68708,-0.122577555246299
-0.6892,-0.0959879040165775
-0.69013,-0.0689566588135771
-0.68985,-0.0415280365858528
-0.68834,-0.0137431291472437
-0.68558,0.0143608871644478
-0.68157,0.0427365061315078
-0.6763,0.0713368681710273
-0.66975,0.10012459778952
-0.66191,0.129063907475853
-0.65278,0.158114203278824
-0.64236,0.18723245035785
-0.63065,0.216375142057438
-0.61763,0.245514700280686
-0.60332,0.274607916625618
-0.58772,0.303615295913343
-0.57082,0.332509152362046
-0.55265,0.361242856815563
-0.5332,0.38978570550902
-0.51249,0.418098838345094
-0.49053,0.446145629825801
-0.46733,0.47389260705426
-0.44292,0.501295316867246
-0.41731,0.528316799346273
-0.39053,0.554912698695794
-0.3626,0.581041646110859
-0.33355,0.606658759663614
-0.3034,0.631725294525518
-0.2722,0.656186680403758
-0.23998,0.679992208263583
-0.20678,0.703088611524902
-0.17263,0.725429765564007
-0.13759,0.746954746049147
-0.1017,0.767607511861682
-0.065014,0.787327502194119
-0.027586,0.806052543192948
0.010522,0.823715324660242
0.049248,0.840246621175977
0.08853,0.855577951837273
0.12829,0.869631887181305
0.16847,0.882341110395182
0.20898,0.893625077814804
0.24976,0.903417424978571
0.29071,0.91163593249997
0.33175,0.918203121148233
0.37281,0.923055348264339
0.41379,0.926120224592448
0.4546,0.927328235450732
0.49516,0.926622041186615
0.53537,0.923941486610411
0.57513,0.919226389460923
0.61437,0.912440979715395
0.65297,0.903533805383404
0.69086,0.892479780838902
0.72793,0.879246821187465
0.76409,0.863813499392324
0.79925,0.846168189166955
0.83332,0.826308107231775
0.86621,0.80423829070423
0.89782,0.77996314331021
0.92808,0.753509187653167
0.95689,0.724898421349897
0.98417,0.694163899669915
1,0.654067451043244
1,0.595789033832599
1,0.524406193233224
1,0.44436910278701
1,0.359524362997692
1,0.273143892765176
1,0.187958144556082
1,0.106192825408393
1,0.0296082891090828
1,-0.0404592250915306
1,-0.103055299976641
1,-0.157564737605672
1,-0.203669327437544
1,-0.241306594610223
1,-0.270630059648267
1,-0.291971459624322
1,-0.305805298815532
1,-0.312716016287064
1,-0.313367980350562
1,-0.308478446887958
1,-0.298793551183423
1,-0.285067341958613
1,-0.268043812284984
1,-0.248441835243841
1,-0.226942872706869
0.97704,-0.221167300658436
0.9471,-0.233141652319935
0.9152,-0.260376872414485
0.88143,-0.300436697306768
0.84584,-0.351001207636369
0.80851,-0.409866761056713
0.76954,-0.474953525797199
0.729,-0.544348217806531
0.68698,-0.616299863690638
0.64358,-0.689221898647446
0.5989,-0.761699014808184
0.55304,-0.832489991203268
0.5061,-0.900526953110005
0.45818,-0.964911524291464
0.40939,-1.02490094117749
0.35985,-1.07989360645275
0.30965,-1.12944395023498
0.25892,-1.17321899951323
0.20776,-1.21101246982495
0.15629,-1.2427159560122
0.10462,-1.26831534458713
0.05286,-1.28787795498548
0.0011327,-1.30153046086324
-0.050457,-1.30946182925787
-0.1018,-1.31190746971125
-0.15277,-1.30912526642386
-0.20329,-1.30142445741482
-0.25322,-1.28910410931656
-0.30248,-1.27249433824167
-0.35095,-1.25191434240538
-0.39854,-1.2276902273226
-0.44516,-1.20014661141108
-0.4907,-1.1695847399214
-0.53507,-1.13629467897495
-0.57819,-1.10055771558871
-0.61997,-1.0626334465376
-0.66033,-1.02276446848662
-0.69919,-0.981172971971731
-0.73648,-0.938065724257155
-0.77213,-0.893630922376301
-0.80607,-0.848035997641391
-0.83825,-0.801441060914793
-0.8686,-0.753980255775428
-0.89708,-0.705784312367901
-0.92364,-0.656969180212507
-0.94823,-0.607634614396
-0.97083,-0.557885622259169
-0.99141,-0.507820030312699
-1,-0.4501723545141
-1,-0.381812669984609
-1,-0.306861932448485
-1,-0.228833714598902
-1,-0.150671261144733
-1,-0.0747875303833271
-1,-0.00310746989673442
-1,0.0628882290677134
-1,0.122118633306528
-1,0.173858020627467
-1,0.21769192503371
-1,0.253474350172427
-1,0.281286654954413
-1,0.30139853892386
-1,0.314231477070267
-1,0.320324876555037
-1,0.32030515312069
-1,0.314857854251841
-0.99339,0.309593026010853
-0.97464,0.313154367653702
-0.95432,0.324506008528574
-0.93251,0.342591966721404
-0.90927,0.366371176335577
-0.88466,0.394832198490835
-0.85878,0.426976285723956
-0.83167,0.461878804709466
-0.80343,0.498649406401978
-0.77414,0.536459419740115
-0.74386,0.574563420263474
-0.71268,0.612278466381647
-0.68067,0.649003586691518
-0.64793,0.684197118021651
-0.61452,0.717409303589351
-0.58053,0.748254939717088
-0.54603,0.776427066363911
-0.51111,0.801676714933473
-0.47584,0.823824907716017
-0.44029,0.842755888048415
-0.40454,0.858402727854602
-0.36866,0.870749280268267
-0.33272,0.879823012914915
-0.29679,0.885688029348542
-0.26094,0.888438380747581
-0.22522,0.88820654797844
-0.18971,0.885132135682769
-0.15445,0.879388038160247
-0.11951,0.87114869234865
-0.084932,0.860607141582171
-0.050775,0.847954809957647
-0.017084,0.833387960810816
0.016094,0.817100734652809
0.048719,0.799286053738674
0.08075,0.78013027938774
0.11215,0.759812599369152
0.14289,0.738507517679917
0.17293,0.716372784572195
0.20225,0.693562897558808
0.23081,0.670210366366401
0.25861,0.64645546160055
0.2856,0.622403344043256
0.31178,0.598164309889243
0.33712,0.573826868335605
0.36162,0.549480950016691
0.38525,0.525192170131458
0.408,0.501018675725097
0.42987,0.477017513286996
0.45084,0.453227613107808
0.47091,0.429686139987718
0.49006,0.406412149288393
0.5083,0.383430890570426
0.52561,0.360748892826569
0.542,0.338378783682719
0.55745,0.316314796985123
0.57196,0.294550530752305
0.58554,0.273085925365118
0.59817,0.251903194562723
0.60986,0.230992306233666
0.62061,0.210341782232482
0.6304,0.189923974874454
0.63925,0.169728035281679
0.64715,0.149734328257166
0.65411,0.129931069557989
0.66011,0.11029058720999
0.66518,0.0908098062076568
0.6693,0.0714683211749364
0.67249,0.0522616530986539
0.67475,0.0331832914664346
0.67608,0.0142250948588888
0.67649,-0.00461493181302331
0.676,-0.0233265052627769
0.67461,-0.0419046058813549
0.67233,-0.0603412845916661
0.66917,-0.0786265306132787
0.66516,-0.0967342235851153
0.66029,-0.114655600007614
0.65459,-0.132366616339347
0.64807,-0.149846423538752
0.64074,-0.167077384594969
0.63263,-0.184030224582913
0.62375,-0.200681951332861
0.61412,-0.217007957128131
0.60376,-0.23298310472033
0.59268,-0.248590022871042
0.58092,-0.263796016754066
0.56847,-0.278594030655159
0.55538,-0.292953652978848
0.54166,-0.306856196825641
0.52732,-0.320293087915211
0.5124,-0.333242129641724
0.49691,-0.34569309886889
0.48087,-0.357638481734525
0.46432,-0.369058543559698
0.44726,-0.379953980879095
0.42974,-0.390305143378293
0.41176,-0.400113652119801
0.39337,-0.409361424228239
0.37457,-0.418052116721795
0.3554,-0.426177396903274
0.33589,-0.433727043421277
0.31605,-0.440704519720045
0.29592,-0.447102192119609
0.27553,-0.452911218550033
0.2549,-0.458129537443209
0.23406,-0.462753339182014
0.21304,-0.466777630201847
0.19187,-0.470196709772004
0.17056,-0.47301936268274
0.14916,-0.47523635209299
0.12769,-0.476846446751429
0.10618,-0.477847595999695
0.084659,-0.478237974539064
0.063151,-0.478019772481003
0.041683,-0.477196227130418
0.020285,-0.475769199145519
-0.0010143,-0.47374042635632
-0.02219,-0.471114379148673
-0.043212,-0.467893829473965
-0.064054,-0.464082973636798
-0.08469,-0.459687317234423
-0.10509,-0.454710362757722
-0.12523,-0.449158380903354
-0.14507,-0.443027904981561
-0.1646,-0.436329919081831
-0.18379,-0.429071999441975
-0.20259,-0.421244003962268
-0.221,-0.412858754892246
-0.23898,-0.403917672640266
-0.25651,-0.394427752427309
-0.27355,-0.384385507454379
-0.29008,-0.37379387780465
-0.30608,-0.362660899788613
-0.32152,-0.350991111192406
-0.33637,-0.338786105810014
-0.35061,-0.32605244611075
-0.36422,-0.312800517163005
-0.37717,-0.299036108721646
-0.38945,-0.28477593365409
-0.40102,-0.27002286759917
-0.41187,-0.254790719266794
-0.42199,-0.239101720290315
-0.43135,-0.22296949500327
-0.43994,-0.206415129688483
-0.44774,-0.189457731149541
-0.45473,-0.172114255722071
-0.46092,-0.154421606752317
-0.46627,-0.136394755135734
-0.47079,-0.118067498381911
-0.47446,-0.0994656403645496
-0.47729,-0.0806299537227265
-0.47925,-0.0615825111315348
-0.48035,-0.0423591831317548
-0.48059,-0.022998478748678
-0.47997,-0.00353987507784867
-0.47848,0.0159849688584143
-0.47613,0.0355369235563337
-0.47292,0.0550794622692234
-0.46886,0.0745719303762319
-0.46396,0.0939716359322738
-0.45822,0.113242996231951
-0.45166,0.132342554166159
-0.44428,0.151236703244531
-0.43611,0.169878748567303
-0.42715,0.188235143889368
-0.41742,0.206269329134389
-0.40695,0.223936189294895
-0.39574,0.241207397054158
-0.38383,0.25803964263683
-0.37124,0.274393796796331
-0.358,0.290228058398363
-0.34412,0.305514701435312
-0.32965,0.320208841386786
-0.3146,0.334282876693078
-0.29901,0.347702031297111
-0.28292,0.36042702098343
-0.26635,0.37243110671667
-0.24934,0.383683937710045
-0.23193,0.394153417103597
-0.21416,0.403807243587259
-0.19606,0.412621554811157
-0.17768,0.420565489100726
-0.15905,0.427618505892902
-0.14022,0.433754490724121
-0.12122,0.438958671099085
-0.10211,0.443203969424388
-0.08293,0.446469232550148
-0.063716,0.448741929167499
-0.044517,0.450007529219837
-0.025377,0.450254300645448
-0.0063409,0.44947272723469
0.012546,0.447655342083984
0.031243,0.444800227834961
0.0497,0.440903328074052
0.067882,0.435970412685746
0.085739,0.430004191368461
0.10323,0.423011741018639
0.12032,0.415008142098561
0.13695,0.405996996960834
0.1531,0.396001598061533
0.16871,0.385031091526225
0.18377,0.373120120483157
0.19821,0.360278737639379
0.21201,0.346534003189847
0.22514,0.331918669964212
0.23756,0.316461905556289
0.24925,0.300204069670793
0.26016,0.283171327131955
0.27029,0.265414696427696
0.27959,0.246966895077305
0.28806,0.227881969436517
0.29566,0.20820008951487
0.30239,0.187978679062869
0.30823,0.167272655720278
0.31317,0.146140735567069
0.3172,0.124642987479245
0.32031,0.102838797052574
0.3225,0.080792608767446
0.32376,0.0585636020466477
0.32411,0.0362270646328427
0.32354,0.0138468019330811
0.32206,-0.00850985204083659
0.31969,-0.0307674546388532
0.31642,-0.0528685806102788
0.31228,-0.0747426715123078
0.30728,-0.0963256688608951
0.30145,-0.117546099248598
0.2948,-0.138343656466407
0.28735,-0.158661723640691
0.27914,-0.178433874289821
0.27019,-0.19760283666551
0.26054,-0.216105966662186
0.25021,-0.23389327628755
0.23924,-0.250912063486687
0.22767,-0.267109393488705
0.21553,-0.282441500439447
0.20286,-0.296866340940787
0.18971,-0.310337547387863
0.17611,-0.322821847698201
0.16212,-0.334275781829184
0.14776,-0.344678967686012
0.1331,-0.353993743900883
0.11816,-0.362207041518173
0.103,-0.369296917273948
0.08767,-0.375242776617823
0.072202,-0.380039471215744
0.056647,-0.383680885220953
0.041048,-0.386166682237259
0.025447,-0.387502390199877
0.0098917,-0.387694338088296
-0.0055797,-0.386756767831063
-0.020922,-0.384705129033163
-0.036098,-0.381561707856915
-0.051067,-0.377351449357417
-0.06579,-0.37210233474085
-0.080231,-0.365846532780488
-0.094353,-0.358618226012906
-0.10813,-0.350460647630997
-0.12151,-0.341404116312249
-0.13448,-0.331496701176595
-0.147,-0.320779629417922
-0.15905,-0.309302373617993
-0.17059,-0.297104974650273
-0.1816,-0.284233586095215
-0.19205,-0.270730621428479
-0.20193,-0.256649071929115
-0.2112,-0.242026764505713
-0.21985,-0.226910351988231
-0.22786,-0.211344809037335
-0.23521,-0.195372387295212
-0.24188,-0.179031818374466
-0.24787,-0.162372535941936
-0.25314,-0.145421469102285
-0.2577,-0.128223405767309
-0.26153,-0.110813881837686
-0.26462,-0.0932271490936238
-0.26697,-0.0755026165205252
-0.26858,-0.0576825104695926
-0.26943,-0.0397951173683833
-0.26953,-0.0218786052712861
-0.26888,-0.0039703790864639
-0.26748,0.0138940814662859
-0.26533,0.0316821165020277
-0.26243,0.0493645415069372
-0.25881,0.0668938973709663
-0.25445,0.0842465581617739
-0.24938,0.101382098121264
-0.24361,0.118262753594498
-0.23714,0.134861640377189
-0.23,0.151139520466647
-0.2222,0.167063375087302
-0.21377,0.18259162462195
-0.20471,0.197699423085366
-0.19507,0.212339446472453
-0.18485,0.226484830986435
-0.17409,0.240096687013396
-0.16282,0.253135212310259
-0.15106,0.265568668004069
-0.13885,0.277358223237945
-0.12622,0.288468113547867
-0.1132,0.298866353291643
-0.099831,0.308517081264955
-0.086149,0.317386324586224
-0.072191,0.325442157016973
-0.057993,0.332656256023199
-0.043596,0.339000628304656
-0.029039,0.344450137907597
-0.014359,0.348984467493752
0.0004025,0.352584764792743
0.015207,0.355236443425816
0.030016,0.356929103642859
0.044788,0.357654132592634
0.059488,0.357409738673276
0.074075,0.35619557479708
0.088512,0.354015748192725
0.10276,0.350876674530591
0.11679,0.346794146133029
0.13056,0.341781755974329
0.14404,0.335860091085794
0.15719,0.3290476627955
0.16999,0.321375814401159
0.1824,0.312870795453236
0.1944,0.303569003204546
0.20595,0.293499388080705
0.21703,0.282699018933765
0.22761,0.271203198830418
0.23768,0.259059708352621
0.24721,0.246310352178329
0.25619,0.233005796042275
0.26458,0.219180279499912
0.27239,0.204890796661635
0.27958,0.190174098919347
0.28615,0.175079102446579
0.29209,0.159655684366718
0.29739,0.14395300825043
0.30203,0.128010768700445
0.30602,0.111881938074193
0.30933,0.0955989640791597
0.31198,0.0792136029205693
0.31395,0.0627619441033386
0.31525,0.0462883889425209
0.31587,0.0298277639932678
0.31582,0.0134207282708199
0.3151,-0.00289615715419558
0.3137,-0.0190983348760979
0.31164,-0.0351497389252825
0.30892,-0.0510211208460376
0.30554,-0.0666898499516437
0.30152,-0.0821247932839207
0.29685,-0.0973113260041275
0.29156,-0.112219286200112
0.28565,-0.126829314907667
0.27914,-0.141116815778563
0.27203,-0.155068746375307
0.26435,-0.168659865885287
0.25611,-0.181870877352973
0.24733,-0.19468069687566
0.23803,-0.207067661250617
0.22823,-0.219010508622085
0.21796,-0.230481755551333
0.20723,-0.241464703197715
0.19608,-0.251929882736575
0.18454,-0.26184597887873
0.17263,-0.2711886746495
0.16039,-0.279925415998473
0.14785,-0.288025534293332
0.13504,-0.295460960293835
0.12199,-0.302206740277757
0.10875,-0.30822658149261
0.095344,-0.313495515137088
0.08181,-0.317988289779524
0.068185,-0.321681126414433
0.054507,-0.324551614722221
0.040811,-0.326581552589008
0.027131,-0.327757647357463
0.013507,-0.328066775565726
-2.7935e-05,-0.32750171916583
-0.013438,-0.326058473475351
-0.02669,-0.323737943863849
-0.039747,-0.320542478045257
-0.052581,-0.316482394800854
-0.065156,-0.3115684995552
-0.077444,-0.305817855665561
-0.089415,-0.299250857502509
-0.10104,-0.291890983143992
-0.11229,-0.283763750657045
-0.12314,-0.274898756590811
-0.13358,-0.265339326339779
-0.14357,-0.255116630479524
-0.15309,-0.244266082059457
-0.16213,-0.232833012293887
-0.17067,-0.220862175416196
-0.1787,-0.208404069942125
-0.18619,-0.195497662164569
-0.19315,-0.182201103548635
-0.19956,-0.168564193916211
-0.2054,-0.154628562640331
-0.21068,-0.140450176966012
-0.21539,-0.12608011194283
-0.21953,-0.111571345876429
-0.2231,-0.0969767641792447
-0.22609,-0.0823401316761792
-0.22851,-0.0677112145777498
-0.23037,-0.0531430046151049
-0.23167,-0.0386819907304652
-0.23242,-0.0243752592989709
-0.23263,-0.010268787939102
-0.2323,0.00360131086957502
-0.23146,0.0171860199941991
-0.23012,0.0304423826815329
-0.22828,0.04334124187754
-0.22597,0.0558435521878643
-0.22321,0.0679111269250311
-0.22001,0.0795152732901289
-0.2164,0.0906213233894026
-0.21239,0.101205905526812
-0.20799,0.111255781571486
-0.20325,0.120737061282696
-0.19817,0.12963747110462
-0.19278,0.137940685883951
-0.1871,0.145635328295169
-0.18116,0.152707285123753
-0.17497,0.159155761237559
-0.16857,0.164968880944751
-0.16196,0.170156067968782
-0.15519,0.174707009789525
-0.14827,0.178625638512379
-0.14122,0.181920148888691
-0.13407,0.184594832708999
-0.12685,0.186650968770779
-0.11957,0.188102387345381
-0.11226,0.188958092040805
-0.10495,0.189223150891585
-0.097655,0.188910585270191
-0.090401,0.188031501328584
-0.083219,0.18659160623337
-0.076121,0.184606269952503
-0.069139,0.182083556471658
-0.062291,0.179035868689468
-0.0556,0.175475152850932
-0.049091,0.171411252098269
-0.042783,0.166856536243178
-0.036698,0.161822900168667
-0.030858,0.156321565369244
-0.025283,0.150364405119593
-0.019994,0.143962767000787
-0.015009,0.137129487246998
-0.010346,0.129878249317395
-0.0060249,0.122221632292078
-0.0020613,0.114174143608337
0.0015287,0.105751056222336
0.0047284,0.0969673710477948
0.0075284,0.087842823697136
0.0099149,0.0783971384248572
0.011875,0.0686501157264488
0.013404,0.0586270907558253
0.01449,0.0483517921237539
0.015133,0.0378547457195667
0.015322,0.0271629244766667
0.015058,0.01630849731281
0.014342,0.00532685847619866
0.013172,-0.00574727349238843
0.011554,-0.0168748616506971
0.0094952,-0.0280136805557005
0.0070004,-0.0391219858951177
0.0040795,-0.050155930468192
0.00074943,-0.0610661253170873
-0.0029801,-0.0718055661221432
-0.007091,-0.0823244410513067
-0.011563,-0.0925706236608396
-0.016378,-0.102493364529123
-0.021512,-0.112040281935096
-0.02694,-0.121158621465518
-0.032637,-0.129797037841694
-0.038573,-0.137903314421838
-0.044721,-0.145428481317289
-0.051045,-0.152321190369708
-0.057519,-0.158537309832988
-0.064105,-0.1640312129826
-0.070769,-0.168760640465811
-0.077477,-0.172687580902436
-0.08419,-0.175775180442162
-0.090876,-0.177994101700516
-0.097494,-0.179315623093637
-0.10401,-0.179717894024038
-0.11039,-0.179185617834661
-0.11658,-0.17769482667602
-0.12257,-0.175248157441631
-0.12832,-0.171847860126114
-0.13378,-0.167488832423302
-0.13893,-0.162182748208533
-0.14373,-0.155940069613261
-0.14816,-0.148785146305869
-0.15218,-0.140738414072263
-0.15578,-0.131839100786801
-0.15892,-0.122118632250283
-0.16158,-0.111616343272676
-0.16374,-0.100377101755293
-0.16538,-0.0884492167205646
-0.16648,-0.0758826235765914
-0.16703,-0.0627347347112321
-0.16702,-0.0490675273839623
-0.16642,-0.0349302436278189
-0.16525,-0.0203975032501577
-0.16348,-0.0055253684130472
-0.16112,0.00961706138954192
-0.15816,0.0249669433926156
-0.1546,0.0404609270201966
-0.15044,0.05603715138105
-0.14569,0.0716294522461355
-0.14035,0.087177625740848
-0.13442,0.102628182236668
-0.12792,0.117920018082165
-0.12086,0.132995270141929
-0.11323,0.147815397545624
-0.10507,0.162321895530502
-0.096372,0.176477639017275
-0.087162,0.190239011579456
-0.077456,0.203566164389534
-0.067268,0.21642526937699
-0.05662,0.228782787880002
-0.045529,0.240610457940374
-0.034021,0.251878818246482
-0.022114,0.262564586788256
-0.0098355,0.272643497007776
0.0027901,0.282093859176716
0.015737,0.290896023952379
0.028978,0.299031886654724
0.042485,0.306484805343183
0.056227,0.313238004244138
0.070174,0.319276160626071
0.084296,0.324585893179219
0.098561,0.329154613910617
0.11294,0.332973267839312
0.12739,0.336025861964674
0.14188,0.338300418110504
0.15639,0.33979694667736
0.17086,0.340495835508769
0.18528,0.340399427235644
0.1996,0.339498385224823
0.21379,0.337789255706841
0.22781,0.335266263320283
0.24163,0.331929540986345
0.25521,0.327776806412956
0.26852,0.322811497011088
0.28151,0.31702697522455
0.29416,0.310431025222936
0.30644,0.30303563234869
0.31829,0.294833835197804
0.3297,0.285840704432933
0.34063,0.276066622894547
0.35104,0.265518052477746
0.36091,0.254213025077121
0.37019,0.242156335114158
0.37888,0.229379044270573
0.38693,0.215895670903965
0.39431,0.201721868919244
0.40101,0.1868886223282
0.407,0.171423699128274
0.41226,0.155358960509951
0.41676,0.13872132910598
0.42049,0.12154780436113
0.42344,0.103882496308095
0.42557,0.0857518444962644
0.42689,0.0672042419860424
0.42738,0.0482822169155691
0.42703,0.0290297325597329
0.42584,0.00949800698230084
0.4238,-0.010264795613522
0.4209,-0.0302144234188042
0.41715,-0.0502963617822882
0.41254,-0.0704642766896642
0.40708,-0.0906651040341951
0.40079,-0.110834619964329
0.39365,-0.130931155719669
0.38569,-0.150895651644331
0.37692,-0.170671703352181
0.36735,-0.190206867694135
0.357,-0.209446239993854
0.34589,-0.228334753506586
0.33404,-0.246819050424098
0.32148,-0.264841563654018
0.30823,-0.28235066048711
0.29433,-0.299286488499963
0.27979,-0.315606774495641
0.26465,-0.331262802526825
0.24895,-0.346202416879964
0.23272,-0.360379925308029
0.21601,-0.373741730552562
0.19884,-0.386251941143839
0.18126,-0.397868187235538
0.1633,-0.408559282823866
0.14502,-0.418282185784692
0.12646,-0.427000707721078
0.10765,-0.434693016236885
0.088642,-0.441333648808194
0.069482,-0.446899810890038
0.050215,-0.451372668873832
0.030887,-0.454736799345481
0.011539,-0.456984082910544
-0.007779,-0.458106285221528
-0.027024,-0.458100895975327
-0.046153,-0.456970489840866
-0.06512,-0.454719841782752
-0.083884,-0.451359438804839
-0.1024,-0.446901481298104
-0.12063,-0.441364725931087
-0.13854,-0.434775975135342
-0.15608,-0.42715624971346
-0.17322,-0.41853638509188
-0.18993,-0.408954524713912
-0.20617,-0.398446487320115
-0.2219,-0.387045420342146
-0.23711,-0.374803741129656
-0.25176,-0.361765919264431
-0.26583,-0.347983692156303
-0.27929,-0.333505910522006
-0.29213,-0.318392583270499
-0.30432,-0.302696289971144
-0.31585,-0.286476940408116
-0.3267,-0.269791255334907
-0.33686,-0.252699130532045
-0.34633,-0.235268652705096
-0.35508,-0.217550315748644
-0.36312,-0.199608430448435
-0.37044,-0.18150167725824
-0.37704,-0.163289745417273
-0.38292,-0.145031233857125
-0.38808,-0.126781964868335
-0.39253,-0.108601071577827
-0.39627,-0.0905410084247093
-0.3993,-0.0726470484605676
-0.40165,-0.0549792360542351
-0.40331,-0.0375779194264102
-0.40431,-0.0204956383824775
-0.40466,-0.00377812364806463
-0.40437,0.0125360517684397
-0.40347,0.0284007857037853
-0.40196,0.0437877863260097
-0.39988,0.0586547631010941
-0.39723,0.0729793191135846
-0.39405,0.0867265784810861
-0.39036,0.0998677876254289
-0.38617,0.112387742488059
-0.38151,0.124268236834582
-0.37641,0.135489578725448
-0.37089,0.14603922676906
-0.36498,0.155903759933718
-0.35869,0.165084604851507
-0.35206,0.173573332804913
-0.34511,0.181368963340864
-0.33786,0.188476902451639
-0.33035,0.194893111540465
-0.32258,0.200635945571211
-0.31459,0.205712047913039
-0.3064,0.210133518794821
-0.29803,0.21391678824585
-0.2895,0.217081576067907
-0.28084,0.219642546874138
-0.27206,0.221624875401411
-0.26318,0.223054309215459
-0.25422,0.223956518662032
-0.2452,0.22435654504686
-0.23613,0.224285741595833
-0.22704,0.223764991015674
-0.21792,0.222835802695873
-0.20881,0.221518256803487
-0.1997,0.219851599902258
-0.19062,0.217859877780853
-0.18157,0.21557638376783
-0.17255,0.213040915686567
-0.16359,0.210275194631797
-0.15468,0.207315267282267
-0.14584,0.204185459758724
-0.13706,0.200922054716534
-0.12835,0.197555071787873
-0.11972,0.194108524999443
-0.11117,0.190608162226112
-0.10269,0.187087651387061
-0.094288,0.18357265062787
-0.085963,0.1800881357232
-0.07771,0.1766606138327
-0.069529,0.17331320764554
-0.061412,0.170071391394464
-0.053358,0.166956455075847
-0.045358,0.163991436258
-0.037408,0.161196238183999
-0.0295,0.158590431678158
-0.021629,0.156190343117768
-0.013785,0.154012708622478
-0.0059624,0.152070657918102
0.0018484,0.150376786162607
0.0096549,0.148941135279862
0.017463,0.147770007412547
0.025282,0.146868808078399
0.033119,0.146240226621994
0.040977,0.145881443027831
0.048866,0.145790237249514
0.056788,0.145958815311371
0.064746,0.146375646465627
0.072746,0.147028532562676
0.080783,0.147896760739287
0.088863,0.148961286575447
0.09698,0.150195906188254
0.10513,0.151570701428705
0.11331,0.153054193073105
0.12151,0.154609224344636
0.12971,0.156187593205352
0.13791,0.157748223419896
0.1461,0.159249471953181
0.15425,0.160635580984951
0.16235,0.161855730274065
0.17038,0.162857106745957
0.17832,0.163586802639834
0.18614,0.163985980616487
0.19382,0.164000144372058
0.20133,0.16357254191254
0.20865,0.162653730888893
0.21574,0.16118693784534
0.22259,0.159133453888506
0.22916,0.156448284746787
0.23543,0.153097689445509
0.24136,0.149043450628252
0.24693,0.144259907408951
0.25211,0.138725177920711
0.25689,0.132436185594806
0.26122,0.125375905851684
0.26509,0.117546483494021
0.26849,0.108965833533618
0.27138,0.0996422990174992
0.27376,0.0896062182978391
0.27561,0.0788903956769807
0.27691,0.067529062437415
0.27767,0.0555791522272409
0.27787,0.043092451795138
0.27751,0.0301302255313003
0.2766,0.0167673114152323
0.27512,0.00306544046712802
0.27309,-0.0108962132394029
0.27052,-0.0250338928415539
0.26741,-0.0392697883645013
0.26377,-0.053525639100807
0.25963,-0.0677102470613273
0.255,-0.0817393754247046
0.24989,-0.0955368659184927
0.24433,-0.109020594476574
0.23833,-0.122120933827931
0.23193,-0.134758368007988
0.22515,-0.146862719131473
0.21801,-0.158373640692954
0.21054,-0.169233400270806
0.20277,-0.179388412605388
0.19473,-0.18879038091729
0.18644,-0.197404488907256
0.17794,-0.205193475386867
0.16926,-0.212127047975669
0.16042,-0.218189283854526
0.15146,-0.22336203103025
0.14241,-0.227633760081195
0.13329,-0.231006507093163
0.12414,-0.233478913330518
0.11498,-0.235062201340967
0.10585,-0.235763110084786
0.096763,-0.235604988600001
0.087758,-0.234605135553745
0.078857,-0.232788459897368
0.070085,-0.230183461898695
0.061465,-0.226822565074903
0.053024,-0.2227378057589
0.044781,-0.217966204361327
0.036757,-0.212546531346873
0.028974,-0.206517357787788
0.021449,-0.199919887916482
0.014197,-0.192797919104616
0.007234,-0.185195489887883
0.00057327,-0.177157702201013
-0.0057739,-0.168730768065285
-0.011799,-0.159962578871254
-0.017494,-0.150901389748723
-0.022853,-0.141595940799064
-0.027876,-0.132098302811076
-0.032558,-0.122457996978054
-0.036902,-0.112726909934416
-0.040911,-0.10295725196711
-0.04459,-0.0932013599326535
-0.047945,-0.0835107725052314
-0.050984,-0.0739362229501248
-0.053719,-0.0645291130716472
-0.056161,-0.0553389678615288
-0.058324,-0.0464143737987349
-0.060223,-0.0378022639393506
-0.061874,-0.0295473704447612
-0.063293,-0.0216910877485547
-0.064502,-0.0142750699544186
-0.065516,-0.00733450106383631
-0.066358,-0.00090392592422967
-0.067047,0.00498691315755006
-0.067603,0.010312610484099
-0.068048,0.0150508693775918
-0.068401,0.0191851262203513
-0.068683,0.022702812653754
-0.068913,0.0255968010844859
-0.069113,0.0278627180465315
-0.069296,0.0295055679772987
-0.069485,0.0305307597644374
-0.069695,0.030950155590812
-0.06994,0.0307815777170315
-0.070237,0.0300452745196309
-0.070597,0.0287676375244554
-0.071034,0.0269773516964483
-0.071558,0.0247073790990129
-0.072177,0.0219949346453291
-0.072901,0.0188783647083282
-0.073733,0.0154012234168136
-0.074681,0.0116065127079738
-0.075746,0.00754089379954097
-0.076931,0.00325129437653951
-0.078238,-0.00121564892327721
-0.079663,-0.00581036919723828
-0.081207,-0.0104860167267823
-0.082867,-0.0151963161789247
-0.084638,-0.0198953350943808
-0.086514,-0.0245380546699541
-0.088491,-0.0290830502620303
-0.090563,-0.033491624899936
-0.092722,-0.0377270617192713
-0.094958,-0.0417539864663999
-0.097265,-0.0455422701187993
-0.099634,-0.0490648739408607
-0.10206,-0.0523012203420593
-0.10452,-0.0552234747169471
-0.10702,-0.0578204376282898
-0.10955,-0.0600830923113132
-0.1121,-0.0620047353629303
-0.11466,-0.0635810099514079
-0.11722,-0.0648098587380846
-0.11978,-0.0656988104201192
-0.12233,-0.0662558009912217
-0.12486,-0.0664891439462754
-0.12736,-0.0664074721382467
-0.12984,-0.0660344558571118
-0.13228,-0.0653832796074848
-0.13467,-0.0644658994622144
-0.13703,-0.0633153013607317
-0.13932,-0.0619363155965207
-0.14156,-0.0603554272573637
-0.14373,-0.0585863756091593
-0.14583,-0.0566471196898959
-0.14785,-0.0545511899995335
-0.14979,-0.0523156100032748
-0.15164,-0.0499523829145825
-0.15339,-0.0474691411713974
-0.15503,-0.044869766439376
-0.15656,-0.0421623737302734
-0.15798,-0.0393582406794231
-0.15927,-0.0364560689098222
-0.16043,-0.0334591991903995
-0.16145,-0.0303671739486537
-0.16233,-0.0271838314607407
-0.16306,-0.0239089285303671
-0.16363,-0.0205388910183181
-0.16404,-0.0170749005666711
-0.16428,-0.0135145024851475
-0.16434,-0.00985233534406319
-0.16421,-0.00608079368945825
-0.1639,-0.0022054194469394
-0.16338,0.00178740044066127
-0.16267,0.00588940553376058
-0.16174,0.0101119168433256
-0.1606,0.0144521717549003
-0.15924,0.0189109309391098
-0.15766,0.023484380043736
-0.15584,0.0281799119129637
-0.15378,0.0329989762941806
-0.15149,0.0379308031124701
-0.14894,0.04298463192082
-0.14615,0.0481486103402058
-0.1431,0.0534237782084649
-0.13979,0.058806745971819
-0.13622,0.0642906472762306
-0.13238,0.0698733906183778
-0.12827,0.0755493985078571
-0.12388,0.0813178362177067
-0.11921,0.0871743316016983
-0.11425,0.0931191879824938
-0.10901,0.0991416933665126
-0.10348,0.10523734111582
-0.097645,0.111410459074593
-0.091515,0.117653921404821
-0.085082,0.123964892676656
-0.078346,0.130338172566884
-0.071302,0.136770511508651
-0.063954,0.143253684255193
-0.056298,0.14978160957866
-0.048336,0.156345679817049
-0.040071,0.162934762703185
-0.031505,0.169536748382475
-0.022645,0.176135386949458
-0.013494,0.182714507371395
-0.0040616,0.189253581797988
0.0056456,0.195731370781089
0.015614,0.202121491056492
0.025834,0.20839712134625
0.03629,0.214527421186831
0.046969,0.220481122449808
0.057852,0.226223088127398
0.068922,0.231717570689985
0.080155,0.236924212453001
0.091533,0.241804572632918
0.10303,0.246317001951087
0.11461,0.250411131707781
0.12627,0.2540554784025
0.13795,0.257192661760946
0.14964,0.25978313437097
0.1613,0.261780812416125
0.1729,0.26314321372572
0.1844,0.2638247560043
0.19576,0.263778845601467
0.20695,0.262966996715599
0.21792,0.261343799573578
0.22865,0.258881978974357
0.23908,0.255540361230749
0.24919,0.251297592668047
0.25893,0.246127035173648
0.26826,0.240006258307484
0.27714,0.232917177684887
0.28554,0.22485345029906
0.29343,0.215818735709189
0.30076,0.205810235465609
0.3075,0.194835155341973
0.31362,0.1829089022255
0.31909,0.170053404204008
0.32388,0.156295564884991
0.32797,0.141673257660619
0.33133,0.126225051033649
0.33394,0.10999666582669
0.33578,0.0930385590511801
0.33683,0.0754038152292723
0.33709,0.0571611314631031
0.33653,0.0383678584480538
0.33515,0.0190928936244243
0.33295,-0.000587400874469375
0.32992,-0.020600115787755
0.32607,-0.0408623642343454
0.32138,-0.0613077456708685
0.31587,-0.0818555263590549
0.30955,-0.102423191807538
0.30242,-0.122936643439144
0.2945,-0.143316056273338
0.2858,-0.163486855550259
0.27634,-0.18337366885075
0.26614,-0.202902901368806
0.25522,-0.222004793706448
0.24359,-0.240622407761635
0.2313,-0.258681581046063
0.21836,-0.276126336368306
0.20481,-0.292895191599943
0.19067,-0.308939207524489
0.17599,-0.32419923524352
0.16079,-0.338632223440907
0.14511,-0.352195028864128
0.12899,-0.364846166768237
0.11247,-0.376547170523076
0.09559,-0.387263602854584
0.078395,-0.396962061066894
0.060926,-0.405614383029989
0.043227,-0.413195713555114
0.025344,-0.419683587998896
0.007321,-0.425060074862051
-0.010796,-0.429310410858834
-0.028958,-0.432421061130663
-0.047122,-0.434384760234047
-0.065239,-0.43519551771151
-0.083262,-0.434850454947519
-0.10115,-0.43335414048303
-0.11885,-0.430708556021459
-0.13631,-0.426914662399415
-0.15351,-0.42199659044441
-0.17038,-0.41595987222333
-0.18688,-0.408817393249507
-0.20299,-0.400602690875659
-0.21864,-0.391328348360171
-0.23381,-0.381026929698272
-0.24845,-0.369724252778749
-0.26253,-0.357454978926276
-0.27602,-0.344260125568658
-0.28887,-0.330170075985445
-0.30107,-0.315235501558155
-0.31257,-0.299492560679993
-0.32335,-0.282986965933109
-0.3334,-0.265778310149507
-0.34267,-0.247906189787783
-0.35116,-0.229429944546829
-0.35885,-0.21040837254833
-0.36572,-0.190898164419314
-0.37176,-0.170960054467034
-0.37696,-0.150656246349728
-0.3813,-0.130040872932019
-0.38479,-0.109182068391413
-0.38742,-0.0881423916607698
-0.38918,-0.0669779584754096
-0.39009,-0.0457600658313027
-0.39015,-0.0245552306642113
-0.38935,-0.00341659755645056
-0.38771,0.0175930899665053
-0.38524,0.0384128252033648
-0.38195,0.0589850451697501
-0.37785,0.0792569374801391
-0.37298,0.0991591949564616
-0.36733,0.118648495625416
-0.36093,0.137674522147224
-0.3538,0.156190557392285
-0.34598,0.174139737613427
-0.33747,0.191488614106671
-0.32831,0.208194438122696
-0.31853,0.224216016331051
-0.30814,0.239529808308897
-0.29719,0.254098069215301
-0.2857,0.267895303033157
-0.2737,0.280899669881737
-0.26122,0.293093358314595
-0.24828,0.304470165843026
-0.23493,0.315011708456547
-0.22119,0.324712913316228
-0.2071,0.333565217924783
-0.19267,0.341580086214529
-0.17795,0.348755652022075
-0.16296,0.355101925142438
-0.14774,0.360623786951063
-0.1323,0.365344376650561
-0.11669,0.369271669329217
-0.10093,0.372423671975619
-0.085042,0.374824772292999
-0.069061,0.37649447393164
-0.05301,0.377456901954411
-0.036915,0.37773721970004
-0.020804,0.377359426830711
-0.0046991,0.37635042873552
0.011373,0.374735448747478
0.02739,0.372541005082768
0.043326,0.369791334510231
0.059156,0.366508873228196
0.074859,0.362716961441706
0.09041,0.358436064625092
0.10578,0.353680783890145
0.12095,0.34846793512941
0.1359,0.342814857871259
0.15058,0.336716578907277
0.165,0.330194536359264
0.1791,0.323239017925902
0.19288,0.315859722537174
0.20629,0.308044647717746
0.21932,0.299794087594214
0.23194,0.291103344873323
0.24411,0.281956333980834
0.25582,0.272350307458975
0.26703,0.262271077770281
0.27771,0.251702938730131
0.28785,0.240644106485532
0.29741,0.229081844407375
0.30636,0.217002290893212
0.31469,0.204405811440253
0.32237,0.191289438590863
0.32937,0.177647606306603
0.33568,0.163487601995627
0.34127,0.148812111342586
0.34613,0.133634857108534
0.35023,0.117963330747389
0.35357,0.10182201383242
0.35613,0.0852336708071806
0.3579,0.0682264979995619
0.35887,0.0508323325569992
0.35903,0.0330850996940774
0.35839,0.0150342837171423
0.35692,-0.00328901250210343
0.35464,-0.021832410240981
0.35155,-0.0405426370295496
0.34765,-0.059367201428561
0.34296,-0.0782409609701259
0.33747,-0.0971126323174714
0.33121,-0.115914059040215
0.3242,-0.134572885795819
0.31643,-0.153037700803703
0.30795,-0.171231234322996
0.29878,-0.189079894263481
0.28893,-0.206522706003107
0.27843,-0.22349604665098
0.26733,-0.239921435325513
0.25564,-0.255740468547918
0.2434,-0.270890715066222
0.23065,-0.285308607691812
0.21743,-0.298931814175198
0.20377,-0.311708529437541
0.18971,-0.323589920739096
0.17531,-0.334516575815594
0.16059,-0.344452232389928
0.14561,-0.353351205427844
0.13042,-0.361169361163754
0.11504,-0.367887709269734
0.099545,-0.373467905848973
0.083964,-0.377891580346671
0.068348,-0.381141207883617
0.052742,-0.383205374252639
0.037197,-0.384073965571463
0.021751,-0.383748290681647
0.0064552,-0.382229545898484
-0.0086474,-0.379525323820507
-0.023511,-0.375646528601118
-0.038095,-0.370610692998534
-0.052355,-0.364437793494368
-0.066249,-0.357151366857078
-0.079739,-0.34878046651225
-0.092779,-0.339352186210727
-0.10534,-0.32890413884619
-0.11737,-0.317464621097304
-0.12885,-0.305078249230328
-0.13973,-0.291778828397134
-0.14998,-0.277605449818116
-0.15957,-0.262600497228917
-0.16848,-0.24681532499485
-0.17666,-0.23028498610849
-0.1841,-0.213060019564557
-0.19078,-0.195194660852753
-0.19666,-0.176729824810733
-0.20173,-0.157716677022734
-0.20598,-0.138213152145735
-0.20938,-0.118266160986481
-0.21192,-0.0979270866477083
-0.2136,-0.077256736202293
-0.2144,-0.0563068828096951
-0.21433,-0.0351425795047459
-0.21336,-0.013808000913986
-0.21153,0.00761921214170709
-0.2088,0.0290959780237074
-0.20521,0.0505493905209645
-0.20076,0.0719143731560703
-0.19545,0.0931342524697037
-0.18931,0.114138845249191
-0.18235,0.13486414204281
-0.17459,0.155245839454238
-0.16606,0.175214156088939
-0.15677,0.194712000560854
-0.14677,0.213664927277918
-0.13607,0.232016552612074
-0.12472,0.249697476914046
-0.11275,0.266644964560086
-0.10019,0.282803850832105
-0.087088,0.298113781463123
-0.073486,0.312516818266687
-0.059428,0.325957592601006
-0.044959,0.338384109654538
-0.030128,0.349746095561362
-0.014981,0.359998800586044
0.00042782,0.369097653086265
0.016049,0.377003484498267
0.031831,0.383681567162324
0.047718,0.389099091648393
0.063661,0.393231284552326
0.079601,0.396053680616307
0.095486,0.397548445679712
0.11126,0.397701148690476
0.12687,0.396503232344514
0.14226,0.393949394330563
0.15737,0.390034628924878
0.17216,0.384769560891717
0.18657,0.378162794145557
0.20055,0.370228898062118
0.21404,0.360979861145665
0.227,0.350440425057103
0.23939,0.338645293978673
0.25114,0.325614408371651
0.26222,0.311385125763043
0.27257,0.295985895513185
0.28216,0.279459616199541
0.29094,0.261845070692647
0.29888,0.243191621739157
0.30594,0.22354855761943
0.31207,0.202956468244988
0.31727,0.181484856347287
0.32148,0.1591803171938
0.3247,0.136114082355854
0.32689,0.112345699941303
0.32803,0.0879384059933036
0.32811,0.0629639789922806
0.32712,0.0374990074022072
0.32504,0.0116143270843886
0.32187,-0.0146111956559911
0.31761,-0.0410945903317708
0.31225,-0.0677594816144533
0.30581,-0.094514995215695
0.29828,-0.121283541735392
0.28968,-0.147978524826095
0.28002,-0.174516227482452
0.26932,-0.200810552410539
0.2576,-0.226776271091953
0.24489,-0.252324250280418
0.23122,-0.277365126489072
0.21661,-0.301819696573371
0.20109,-0.325612269868724
0.18472,-0.348650448559157
0.16751,-0.370868443318915
0.14953,-0.392179958824658
0.1308,-0.412522125533897
0.11139,-0.431816348780389
0.091325,-0.450007437061747
0.07067,-0.46703167252934
0.049474,-0.48283272078139
0.027789,-0.497360204129565
0.0056698,-0.510568546222821
-0.016828,-0.522417389909778
-0.039646,-0.53287030930599
-0.062728,-0.541897354432111
-0.086014,-0.549472480797997
-0.10944,-0.555571208549597
-0.13296,-0.560184945141868
-0.1565,-0.563298074999963
-0.18001,-0.564908107443621
-0.20342,-0.565009000500696
-0.22667,-0.563599969259125
-0.2497,-0.560685017979778
-0.27246,-0.556279807405379
-0.29488,-0.550394669227814
-0.31691,-0.54305060075076
-0.33849,-0.534269653842604
-0.35956,-0.524074521241013
-0.38006,-0.512488143617477
-0.39996,-0.499555539734613
-0.41918,-0.485301629564876
-0.43768,-0.469764281029415
-0.45541,-0.452983585276542
-0.47233,-0.435007919356305
-0.48839,-0.415883789908973
-0.50354,-0.395655050648459
-0.51774,-0.37436969244584
-0.53096,-0.352085175108622
-0.54315,-0.328850260681027
-0.55429,-0.304727540751266
-0.56433,-0.279766822701941
-0.57325,-0.254028352192326
-0.58101,-0.22756424364459
-0.5876,-0.20044067760734
-0.59299,-0.172718420667415
-0.59714,-0.144444630515769
-0.60006,-0.115690944641784
-0.60172,-0.0865169649122176
-0.60211,-0.0569854953202507
-0.60121,-0.0271525190251627
-0.59902,0.00291853759527455
-0.59553,0.0331677076053186
-0.59074,0.0635324048003308
-0.58466,0.093942608277123
-0.57727,0.124346774089885
-0.56859,0.154680492364156
-0.55864,0.184871154599448
-0.54741,0.214864120321362
-0.53492,0.244598989136436
-0.5212,0.274005432336107
-0.50625,0.303029677268449
-0.49011,0.331603666464249
-0.47279,0.3596723543709
-0.45432,0.387178398832695
-0.43474,0.414057288026911
-0.41408,0.440248388601675
-0.39237,0.465696360515781
-0.36965,0.490344775893776
-0.34595,0.514145802794172
-0.32133,0.537038204589327
-0.29583,0.558966930000143
-0.26949,0.579883949094581
-0.24236,0.599741358711889
-0.2145,0.618485820474727
-0.18595,0.636076400746534
-0.15677,0.652469044242585
-0.12701,0.667626328030421
-0.096734,0.681507392155531
-0.065999,0.694075435643576
-0.034863,0.705297726503594
-0.003389,0.715142539316852
0.028363,0.723582567397032
0.060331,0.730593849170715
0.092445,0.736150365342223
0.12465,0.740236732861108
0.15686,0.742824122237385
0.18903,0.743904429092498
0.22109,0.743468453116492
0.25296,0.741499419666513
0.28457,0.737982715050406
0.31586,0.732913656366154
0.34677,0.726296092315062
0.37722,0.718126248072396
0.40714,0.708402061623808
0.43648,0.69713803595944
0.46515,0.684332388190459
0.49311,0.670007534359443
0.52028,0.654175505630644
0.54661,0.636862095683489
0.57203,0.618088956189195
0.59648,0.597881434488459
0.61991,0.576274764273227
0.64226,0.553303983279143
0.66348,0.52901057538771
0.68351,0.503432831039293
0.70232,0.476627714049508
0.71983,0.448628801187779
0.73603,0.41950170393543
0.75086,0.389299124965027
0.76428,0.358076712139303
0.77625,0.325890922147655
0.78675,0.292812040622054
0.79573,0.25889730859321
0.80317,0.224213940245924
0.80905,0.188835194512207
0.81334,0.152829631188104
0.81602,0.11626732915448
0.81709,0.079232223018466
0.81652,0.0417946815483943
0.81431,0.00403409946295263
0.81046,-0.0339653480886545
0.80497,-0.072118272461247
0.79784,-0.110341008033061
0.78909,-0.148539172635053
0.77872,-0.186627530519188
0.76676,-0.224508813806114
0.75324,-0.262079178386804
0.73816,-0.299254985778059
0.72159,-0.335919940625813
0.70353,-0.371986899911253
0.68405,-0.407343416659728
0.66317,-0.441897290752596
0.64096,-0.475538819123554
0.61747,-0.508162622107641
0.59274,-0.539677749184866
0.56684,-0.569985901887501
0.53984,-0.598986278727098
0.51179,-0.62659434948404
0.48276,-0.652727006204828
0.45283,-0.677297970193798
0.42207,-0.700228965460098
0.39054,-0.721458525833505
0.35832,-0.740926482075429
0.32549,-0.75857621389798
0.29213,-0.774356357487344
0.2583,-0.78823682768487
0.2241,-0.800176792891784
0.1896,-0.810150888161415
0.15486,-0.818155124374753
0.11998,-0.824174097939872
0.085037,-0.828201409150086
0.050096,-0.830247704991795
0.01524,-0.830324500550878
-0.019457,-0.828451042479257
-0.053921,-0.824652932779729
-0.088078,-0.818960805827061
-0.12186,-0.811413517546173
-0.15519,-0.802049355076388
-0.18801,-0.790919620315683
-0.22024,-0.778068861528688
-0.25183,-0.763557518693885
-0.28272,-0.747450126357291
-0.31285,-0.729813044961394
-0.34215,-0.710705124943883
-0.37059,-0.690207296674527
-0.3981,-0.668386629230684
-0.42463,-0.645312041690701
-0.45015,-0.621066859614866
-0.47461,-0.595728937692806
-0.49797,-0.569376920315009
-0.52018,-0.542080418437289
-0.54122,-0.513921862952251
-0.56106,-0.48498416643618
-0.57965,-0.455333333511543
-0.59698,-0.425049212378313
-0.61302,-0.394205513363472
-0.62775,-0.362876026745422
-0.64116,-0.331139602283239
-0.65322,-0.299061818963868
-0.66392,-0.266710109708155
-0.67325,-0.234151087662641
-0.68121,-0.20145579772188
-0.68779,-0.168689030851356
-0.69298,-0.13590825326172
-0.69679,-0.103177709108181
-0.69922,-0.0705574188824612
-0.70029,-0.038116609438715
-0.69998,-0.00589991597050349
-0.69832,0.0260326695269504
-0.69532,0.0576257725953037
-0.69099,0.0888298159448403
-0.68536,0.119587031122517
-0.67843,0.149857374552297
-0.67025,0.179579785588639
-0.66083,0.208708062313476
-0.6502,0.237195009510594
-0.63838,0.265001882200525
-0.62542,0.292076186343887
-0.61135,0.318371109232424
-0.59619,0.343853630119396
-0.58,0.368473721984865
-0.56281,0.392191728411283
-0.54466,0.414970565563218
-0.52559,0.436776767482153
-0.50566,0.457566431642035
-0.48489,0.477318526312441
-0.46335,0.495994573421108
-0.44108,0.513565762147259
-0.41813,0.530004950145402
-0.39454,0.545294962443122
-0.37038,0.559405425361207
-0.34569,0.572318793946998
-0.32052,0.584021399284548
-0.29493,0.594496124064584
-0.26898,0.603723962095185
-0.24272,0.611692699202166
-0.21621,0.618388928264952
-0.1895,0.623806423322147
-0.16264,0.627945293634223
-0.13571,0.630788931845096
-0.10875,0.632337612994243
-0.081819,0.632591485065264
-0.05498,0.631547946671034
-0.02829,0.629206976591993
-0.0018049,0.625571719318697
0.024417,0.620646270912251
0.050319,0.614436810807677
0.075843,0.606950222743499
0.10094,0.598200713987537
0.12555,0.58820007846842
0.14961,0.576955806830931
0.17309,0.564496279848736
0.19592,0.550836530139748
0.21807,0.536010143089757
0.23947,0.52003529432309
0.2601,0.502954319555006
0.27989,0.4847909972792
0.29882,0.46559053830094
0.31685,0.445399465433527
0.33393,0.424256739384728
0.35005,0.402223748977925
0.36515,0.379341311006311
0.37923,0.355676872522591
0.39225,0.331287875310748
0.40419,0.306236837444513
0.41502,0.280581147706645
0.42475,0.254401925406155
0.43334,0.227760076694008
0.4408,0.200735327381901
0.4471,0.173390592202166
0.45225,0.145802830400123
0.45625,0.11805054069081
0.4591,0.0902110175036432
0.46079,0.0623507389054233
0.46134,0.0345474495303442
0.46076,0.00687806170822686
0.45905,-0.0205910943559633
0.45624,-0.0477822984268591
0.45235,-0.0746186261383004
0.44738,-0.101041163198058
0.44138,-0.12697066638498
0.43436,-0.152343764711259
0.42636,-0.177089962430319
0.41739,-0.201157684546144
0.4075,-0.224483018115787
0.39672,-0.247009218413227
0.38508,-0.268687451860705
0.37263,-0.289462404348351
0.35939,-0.3092978285802
0.34542,-0.32814486690665
0.33074,-0.345976010332969
0.31541,-0.362752737660889
0.29946,-0.378451481167182
0.28294,-0.393047170261607
0.26589,-0.406522182323615
0.24835,-0.418865948557182
0.23037,-0.430067038808784
0.212,-0.440114172522755
0.19328,-0.449004396633043
0.17425,-0.456742043459552
0.15496,-0.46333028333844
0.13546,-0.468771709591909
0.1158,-0.473068788771705
0.096007,-0.476241210224397
0.076144,-0.478295763859787
0.056251,-0.479245999992981
0.036377,-0.479104196030366
0.016567,-0.477884503322776
-0.0031315,-0.475600598541487
-0.022674,-0.472267844366271
-0.042012,-0.467899784211263
-0.061102,-0.462511996084228
-0.079897,-0.456118836548437
-0.098353,-0.448735634613115
-0.11642,-0.44037375715013
-0.13407,-0.43105742638686
-0.15124,-0.42079476951784
-0.1679,-0.409605175888915
-0.18401,-0.397509235652506
-0.19952,-0.384520590572288
-0.2144,-0.370661715711058
-0.2286,-0.355946812625458
-0.2421,-0.340405206078299
-0.25485,-0.324055423014639
-0.26683,-0.306928945826135
-0.27799,-0.289044628927799
-0.28831,-0.270432768385021
-0.29776,-0.251124607984407
-0.3063,-0.231143847368962
-0.31392,-0.210529560086282
-0.32059,-0.189317278071465
-0.32628,-0.167538617655079
-0.33097,-0.14522845265406
-0.33466,-0.122437996921139
-0.33731,-0.099200541318399
-0.33891,-0.0755560518359683
-0.33947,-0.0515634082148134
-0.33895,-0.027258000415234
-0.33736,-0.00269209683523531
-0.33469,0.0220848500576819
-0.33095,0.0470124264071345
-0.32612,0.0720454364039012
-0.32022,0.0971228583069226
-0.31324,0.122195025488528
-0.3052,0.147200877992256
-0.29612,0.172072125981435
-0.28599,0.196758994076861
-0.27484,0.221198747455886
-0.2627,0.245320260162566
-0.24958,0.269062712633149
-0.23551,0.292360833960706
-0.22051,0.315155334369398
-0.20463,0.33737158763305
-0.1879,0.358939835999765
-0.17035,0.379796571847877
-0.15203,0.399870721633522
-0.13298,0.419094908004156
-0.11325,0.437399650989951
-0.092881,0.454722818085965
-0.071931,0.470997835614179
-0.050453,0.486160584317707
-0.028499,0.500151943340029
-0.0061335,0.512909737372416
0.01659,0.524379712430061
0.039607,0.534507911656432
0.062855,0.543244142459628
0.08627,0.550542084763132
0.10979,0.556361867191707
0.13333,0.560653480798339
0.15685,0.56339395871508
0.18026,0.564546377197793
0.2035,0.564086331679116
0.22649,0.561985950440264
0.24918,0.55823807005814
0.27148,0.552823397084241
0.29332,0.545728707134655
0.31465,0.536961329932204
0.33539,0.526523299625091
0.35547,0.514420213563315
0.37482,0.500660845191066
0.39339,0.485271514358463
0.41111,0.468277606002913
0.42792,0.449710852866518
0.44376,0.429607602048815
0.45857,0.408007258391697
0.4723,0.384958305179029
0.48489,0.360508087957481
0.49631,0.334724153211328
0.50651,0.307673904927005
0.51543,0.279415559371235
0.52305,0.250028013527087
0.52932,0.219582565214999
0.53423,0.18817204707329
0.53774,0.15588193034053
0.53983,0.122804155822759
0.54047,0.0890258656466193
0.53966,0.0546499795911406
0.53739,0.0197817427889439
0.53363,-0.0154896215546262
0.52841,-0.0510461736069079
0.5217,-0.0867947384802251
0.51353,-0.122620662181273
0.50389,-0.158425106335506
0.4928,-0.194102965320134
0.48029,-0.229540064706316
0.46637,-0.264633355640585
0.45107,-0.299277359337159
0.4344,-0.333382931620738
0.41642,-0.366840222587564
0.39715,-0.399555943289067
0.37664,-0.431431220384805
0.35493,-0.462373502952363
0.33206,-0.492298617400997
0.30809,-0.521117433990582
0.28306,-0.54875484301037
0.25705,-0.575120315112805
0.2301,-0.600143743256751
0.20229,-0.62374463549209
0.17367,-0.64585933139852
0.14433,-0.666410724579423
0.11432,-0.685343372572655
0.083733,-0.702589839899577
0.052638,-0.718093427808224
0.021116,-0.73179957536389
-0.010753,-0.743658480988694
-0.042885,-0.753623379239119
-0.075195,-0.761651275902247
-0.1076,-0.767705643848085
-0.14001,-0.771751753341886
-0.17235,-0.773769113618585
-0.20452,-0.773731526026718
-0.23644,-0.771624409237151
-0.26802,-0.767436243593103
-0.29918,-0.761166362465623
-0.32983,-0.752816127328783
-0.3599,-0.742403918245759
-0.38929,-0.729939757673189
-0.41793,-0.715449406432333
-0.44574,-0.698963748554287
-0.47265,-0.680524857248894
-0.49858,-0.660175754598829
-0.52346,-0.637966873355852
-0.54722,-0.613953622304039
-0.5698,-0.58820163993597
-0.59113,-0.560775918339055
-0.61116,-0.53175418598472
-0.62982,-0.501207721850835
-0.64707,-0.469222980986604
-0.66286,-0.435888991362747
-0.67713,-0.401287073530946
-0.68986,-0.365519671902407
-0.70099,-0.328673823170991
-0.71051,-0.290858622371008
-0.71838,-0.252175625910378
-0.72456,-0.212717326140646
-0.72905,-0.172595678286118
-0.73183,-0.131920171362522
-0.73287,-0.0907875684571691
-0.73218,-0.0493108905677452
-0.72976,-0.00760533803987693
-0.72559,0.0342305458955536
-0.7197,0.0760779023550866
-0.71208,0.117834884350441
-0.70275,0.159394563911668
-0.69174,0.200642085698283
-0.67905,0.241482187158297
-0.66474,0.281794338489464
-0.64882,0.321478619492389
-0.63132,0.360440415333237
-0.61231,0.398563182115326
-0.59181,0.43575363535937
-0.56988,0.47191102336458
-0.54656,0.506946956424943
-0.52193,0.540756698905459
-0.49604,0.573248230715491
-0.46894,0.604343162736654
-0.44072,0.633947553680889
-0.41143,0.661987957465083
-0.38116,0.688380775767677
-0.34997,0.713059593832174
-0.31795,0.73595238504372
-0.28517,0.757000259035769
-0.25172,0.776142635647468
-0.21768,0.793327515318657
-0.18314,0.808504724359901
-0.14818,0.82163519910707
-0.11289,0.832683369885208
-0.077371,0.841610167331565
-0.0417,0.848393331129495
-0.0059727,0.85301173769116
0.029716,0.855447133745221
0.065274,0.855686900263768
0.10061,0.853724620583958
0.13563,0.849557754651176
0.17024,0.843187623216647
0.20434,0.834614816022038
0.23785,0.823854699491061
0.27067,0.810919912754412
0.30271,0.795828478250016
0.33389,0.778610155770885
0.36412,0.759296430919512
0.39331,0.737919753045292
0.42138,0.714520242489078
0.44825,0.689143457739396
0.47386,0.661853207959975
0.49813,0.632711782461901
0.52099,0.601786192230582
0.54238,0.56915302002015
0.56225,0.534902033038891
0.58053,0.499116513291571
0.59719,0.461901888953296
0.61219,0.423371203332286
0.62548,0.383633150811464
0.63704,0.342812059535586
0.64683,0.30102654519493
0.65485,0.258416767904296
0.66108,0.215121404687264
0.6655,0.171273854014335
0.66814,0.127036220874229
0.66897,0.0825445469158673
0.66802,0.0379540233272801
0.66531,-0.00657690582295475
0.66085,-0.0508994941915403
0.65469,-0.094847966352153
0.64684,-0.138277645415909
0.63736,-0.181028631227291
0.62629,-0.222948746999886
0.6137,-0.263874894184101
0.59961,-0.303677528172581
0.58412,-0.342199538228367
0.56727,-0.379311281167797
0.54914,-0.414880294278054
0.52981,-0.448776576463356
0.50934,-0.480891590069885
0.48783,-0.511108665333813
0.46535,-0.539331138717603
0.44198,-0.565474933822794
0.41781,-0.589462261429066
0.39293,-0.611223760606743
0.36742,-0.630707382033217
0.34136,-0.647877684851938
0.31486,-0.662692621274345
0.28798,-0.67514411995729
0.26082,-0.685223309615092
0.23345,-0.692944237478809
0.20597,-0.698317951877936
0.17845,-0.70137600043197
0.15098,-0.702151785259973
0.12362,-0.700702398777455
0.096453,-0.697086335800794
0.069548,-0.691372778612008
0.042975,-0.6836376194414
0.016795,-0.673967391278857
-0.0089256,-0.662451422103442
-0.034131,-0.649187182545873
-0.058765,-0.634276159050484
-0.082775,-0.617823293682035
-0.10611,-0.599934874219968
-0.12873,-0.580723664774013
-0.15059,-0.56030095757301
-0.17166,-0.538784917759471
-0.19189,-0.516281165484351
-0.21126,-0.492904352787774
-0.22974,-0.468765666955616
-0.24731,-0.443977581214719
-0.26394,-0.418642795449001
-0.27962,-0.392867705728514
-0.29434,-0.366758324150663
-0.30809,-0.340416960449432
-0.32086,-0.313939600530387
-0.33265,-0.287421313852732
-0.34345,-0.260945809847069
-0.35328,-0.234606872977664
-0.36214,-0.208488381309106
-0.37003,-0.182663233115649
-0.37697,-0.157207536266233
-0.38297,-0.132189766472732
-0.38805,-0.107677017212919
-0.39222,-0.0837252772420298
-0.3955,-0.0603866735254015
-0.39792,-0.0377154149884141
-0.39949,-0.0157503547058498
-0.40024,0.00546907270991204
-0.4002,0.0259047972047185
-0.39938,0.0455364163745628
-0.39783,0.0643294826247296
-0.39556,0.0822694477790639
-0.3926,0.0993441043032394
-0.38898,0.11554414337153
-0.38472,0.130870891373651
-0.37987,0.145312650253528
-0.37443,0.158885096022266
-0.36845,0.171589137475461
-0.36194,0.18344386431721
-0.35494,0.194460816845303
-0.34748,0.204652988495694
-0.33957,0.214049397465604
-0.33124,0.222676802620506
-0.32252,0.230559778847059
-0.31343,0.237728182876495
-0.30399,0.244215599582651
-0.29423,0.250050560503208
-0.28417,0.255264347697589
-0.27382,0.259897176843916
-0.26321,0.263980731686949
-0.25236,0.267546458780392
-0.24128,0.270632223068705
-0.22998,0.273280087209863
-0.2185,0.275512196399521
-0.20683,0.277370991134934
-0.19499,0.278891903469966
-0.18301,0.280096305030804
-0.17088,0.281023136551901
-0.15862,0.281702161440877
-0.14625,0.282154820518712
-0.13376,0.28241730307466
-0.12118,0.282506979473507
-0.10851,0.282447593482378
-0.095756,0.28226276399848
-0.08293,0.281970750761256
-0.07004,0.281587762738888
-0.057091,0.281129933359769
-0.044096,0.28060677826144
-0.03106,0.280027926600508
-0.017991,0.279400410042665
-0.0049009,0.278725884753142
0.0082045,0.278005932209746
0.021312,0.277236356640225
0.034414,0.276412363198091
0.047498,0.275524992182654
0.060555,0.274564579601659
0.07357,0.273516552496609
0.086534,0.272367058157315
0.099432,0.271098624364873
0.11225,0.269691950594937
0.12497,0.268123717382471
0.13759,0.266379737383082
0.15008,0.264432797905969
0.16243,0.262260656860471
0.17462,0.259838245388616
0.18663,0.257138873641851
0.19844,0.254135260730043
0.21004,0.250807796389769
0.22139,0.247121435544914
0.23248,0.24305186331678
0.24329,0.238576738106752
0.25379,0.233668604541998
0.26396,0.228304115541907
0.27377,0.222456577042975
0.2832,0.216104830163342
0.29223,0.209232883514309
0.30083,0.201822099638965
0.30897,0.193852364895088
0.31663,0.185310467779469
0.32378,0.176181886858517
0.33041,0.166466400604373
0.33648,0.156153320664124
0.34197,0.145238775803019
0.34686,0.133724665700558
0.35114,0.121625067238146
0.35477,0.108941492444569
0.35773,0.0956802326935218
0.36002,0.0818661988412105
0.36161,0.0675166116048279
0.3625,0.0526643575062733
0.36266,0.0373320084592087
0.36208,0.0215481044693921
0.36076,0.0053527008379041
0.3587,-0.0112058674915466
0.35588,-0.0280886231186382
0.35231,-0.0452429736632435
0.34798,-0.0626215604290322
0.3429,-0.0801677579418817
0.33707,-0.0978264467606644
0.3305,-0.11553789436544
0.3232,-0.133240371010594
0.31519,-0.150864942227528
0.30646,-0.168361076671934
0.29705,-0.185657678254926
0.28696,-0.202698804263516
0.27622,-0.219420313341363
0.26485,-0.235760870913191
0.25287,-0.251663372227777
0.24031,-0.267068610004563
0.22719,-0.281925038293374
0.21354,-0.296181671153837
0.19938,-0.309797155388688
0.18476,-0.322717259340566
0.16969,-0.33490884028121
0.15422,-0.346327514277121
0.13837,-0.356943668794841
0.12217,-0.3667334622868
0.10567,-0.375664025977614
0.088896,-0.383714299043238
0.071883,-0.390867100432258
0.054666,-0.39710929086227
0.037281,-0.402431045367439
0.019765,-0.406825164658251
0.0021541,-0.410287838545204
-0.015517,-0.412819523838326
-0.033211,-0.414422562754367
-0.050893,-0.415102890177914
-0.068527,-0.414868704334886
-0.086078,-0.413730865845427
-0.10351,-0.411701645787403
-0.12079,-0.408796612957923
-0.13787,-0.40502272859196
-0.15474,-0.400408146898607
-0.17134,-0.394960578687063
-0.18765,-0.388700800341562
-0.20363,-0.381644918027721
-0.21926,-0.373819763212495
-0.23449,-0.365238020303294
-0.2493,-0.35592289788353
-0.26366,-0.345898135720201
-0.27753,-0.335179921955277
-0.2909,-0.323800137062491
-0.30373,-0.311780291606954
-0.316,-0.299147752697808
-0.32768,-0.285926460171332
-0.33876,-0.272151707983844
-0.34922,-0.257859564317894
-0.35902,-0.24307091061547
-0.36816,-0.227823320101468
-0.37662,-0.212151930265362
-0.38439,-0.196096270347964
-0.39145,-0.179690838641229
-0.3978,-0.162979808852432
-0.40342,-0.145999031968888
-0.40831,-0.128791312805174
-0.41247,-0.111403734378224
-0.41588,-0.0938705847758104
-0.41856,-0.0762442840048282
-0.4205,-0.0585680565462616
-0.42171,-0.0408911128481908
-0.42218,-0.0232511237688801
-0.42193,-0.00569735772793992
-0.42096,0.0117279641859657
-0.41928,0.0289823352141353
-0.41692,0.0460096756975792
-0.41387,0.0627743578248689
-0.41016,0.0792289477316887
-0.4058,0.0953329023082138
-0.4008,0.111052674089494
-0.39519,0.126346834633247
-0.389,0.141169078016954
-0.38222,0.155500354160244
-0.3749,0.169300115542723
-0.36705,0.182541539350114
-0.3587,0.195195175590954
-0.34987,0.207238027807188
-0.34058,0.218653305831507
-0.33087,0.229415269185582
-0.32076,0.23950681349968
-0.31027,0.248918621007623
-0.29944,0.257633477857053
-0.28829,0.265643407208914
-0.27684,0.272948435267628
-0.26512,0.279547986732052
-0.25317,0.285433944481509
-0.24101,0.290607413593965
-0.22867,0.295069789776604
-0.21617,0.298830333986686
-0.20353,0.30190466348207
-0.1908,0.304291162420646
-0.17798,0.306011555599128
-0.16512,0.307069025397935
-0.15222,0.307488879170215
-0.13931,0.30729156592426
-0.12643,0.30648582736249
-0.11357,0.305107827295891
-0.10078,0.303170607861872
-0.088063,0.300703066917203
-0.075438,0.297734341628418
-0.062926,0.294291556927307
-0.05054,0.290405433296762
-0.038292,0.286109515235949
-0.026199,0.281435019237353
-0.014268,0.276417813612808
-0.0025146,0.271090145862462
0.0090594,0.265490616440122
0.020439,0.259652063902336
0.031623,0.253611899885688
0.042603,0.24740476939829
0.053373,0.241063790144982
0.063934,0.234624975420699
0.074277,0.228118136621625
0.084405,0.221575968298282
0.094315,0.215027970569087
0.10401,0.20850450010019
0.11348,0.202025949310597
0.12273,0.195614981350399
0.13177,0.18929893331809
0.14059,0.183093144656318
0.14919,0.177010012226521
0.15758,0.17106636133511
0.16575,0.16526709069217
0.17372,0.159629285631723
0.18146,0.154142173495606
0.189,0.148816931195486
0.19632,0.14364491518754
0.20343,0.138623694544651
0.21032,0.133740899382151
0.217,0.128991063664656
0.22346,0.124359454734659
0.2297,0.119831486343005
0.23572,0.115392921564315
0.24152,0.111030050263313
0.24709,0.106722441729237
0.25244,0.10245948345702
0.25756,0.0982238937470713
0.26244,0.0939934143702856
0.26709,0.0897571077806599
0.2715,0.0854986367126012
0.27568,0.0812125312884037
0.2796,0.0768726513612934
0.28329,0.0724812717637194
0.28672,0.0680191685931161
0.2899,0.0634799175666736
0.29283,0.0588602285080482
0.2955,0.0541520872140141
0.29791,0.0493513355276292
0.30006,0.0444570920812764
0.30194,0.0394638073875386
0.30356,0.03437716857368
0.3049,0.0291896460163311
0.30597,0.0239054987790565
0.30677,0.0185310371981869
0.30728,0.0130593256597745
0.30752,0.00750256254405655
0.30747,0.00185851231555108
0.30713,-0.00387180397050454
0.30651,-0.00967733959594571
0.30559,-0.0155614085519837
0.30438,-0.0215166007023577
0.30287,-0.0275418285792552
0.30107,-0.0336263180813038
0.29896,-0.0397739422720186
0.29654,-0.0459854836644425
0.29382,-0.0522518191200419
0.29079,-0.0585708643026434
0.28745,-0.0649388632330951
0.28379,-0.0713582118252646
0.27982,-0.0778214181787725
0.27554,-0.084320615814448
0.27094,-0.0908552399044574
0.26603,-0.0974158446172233
0.2608,-0.104000877121501
0.25527,-0.110593011847386
0.24941,-0.117199657606911
0.24326,-0.123796217614438
0.23679,-0.130384733349748
0.23002,-0.136951710312833
0.22295,-0.143486311655838
0.21559,-0.14997276002814
0.20795,-0.156391742312683
0.20002,-0.162736432598343
0.19183,-0.168980718206182
0.18337,-0.175113262970682
0.17467,-0.181105414788186
0.16573,-0.186937569682589
0.15656,-0.192590610713399
0.14719,-0.198031613282226
0.13761,-0.203247063656414
0.12786,-0.208202578527519
0.11794,-0.212877555034624
0.10788,-0.217240974923462
0.097693,-0.221266948291271
0.0874,-0.224928626918304
0.077024,-0.228197774060371
0.066585,-0.231048160068717
0.056106,-0.233453819658231
0.045608,-0.235391348683973
0.035117,-0.236836519937716
0.024657,-0.237766760244981
0.01425,-0.2381631096178
0.0039249,-0.23800512988369
-0.0062959,-0.23727675267418
-0.016385,-0.235962375797761
-0.026318,-0.234049623158722
-0.036069,-0.231528156336591
-0.045614,-0.228391177068593
-0.054928,-0.224634398191919
-0.063986,-0.220255883338423
-0.07277,-0.215261027372221
-0.081254,-0.209655279307311
-0.089418,-0.203448618636986
-0.097247,-0.196658292697109
-0.10472,-0.18930268661861
-0.11182,-0.181403731135852
-0.11854,-0.172993169290496
-0.12487,-0.164107721599014
-0.13079,-0.154779859639623
-0.13629,-0.1450452384591
-0.14138,-0.134955973230478
-0.14604,-0.124553912501758
-0.15029,-0.113901106170425
-0.15411,-0.103044637645751
-0.1575,-0.0920330058272538
-0.16049,-0.080936650960264
-0.16306,-0.0698047403276763
-0.16523,-0.0586974169287111
-0.16701,-0.0476744891531297
-0.16841,-0.0367936961405661
-0.16945,-0.0261167288093324
-0.17014,-0.0156991609787467
-0.17049,-0.00558985899436329
-0.17053,0.00415455569599777
-0.17027,0.0134878518338218
-0.16973,0.0223663740831219
-0.16894,0.0307426957344461
-0.16791,0.0385827971674141
-0.16666,0.045857389350079
-0.16523,0.0525274092154152
-0.16363,0.0585695561990721
-0.16189,0.0639594859878844
-0.16002,0.0686878799115776
-0.15806,0.0727360199674078
-0.15602,0.076100709605156
-0.15393,0.0787769621257765
-0.15181,0.0807662690784565
-0.14969,0.0820682815396937
-0.14757,0.0827037190636303
-0.14549,0.082680497798672
-0.14346,0.0820185066425613
-0.1415,0.0807396499078716
-0.13963,0.078867141275988
-0.13788,0.0764174693027046
-0.13624,0.0734310452605076
-0.13475,0.0699296972788663
-0.13341,0.0659494258300858
-0.13223,0.0615294229913568
-0.13124,0.0566957176564951
-0.13044,0.0514852759659139
-0.12984,0.0459355303397896
-0.12946,0.0400759052040544
-0.12929,0.0339507492450268
-0.12935,0.0275930341932019
-0.12964,0.0210404078265911
-0.13017,0.0143257949892674
-0.13093,0.00749211493213502
-0.13193,0.000574283389738407
-0.13317,-0.00639291765237007
-0.13465,-0.0133759123992031
-0.13637,-0.0203431794907108
-0.13831,-0.0272511009303257
-0.14048,-0.0340698576265023
-0.14287,-0.0407669787214146
-0.14547,-0.0473089595021278
-0.14826,-0.0536551983959588
-0.15124,-0.0597754877505888
-0.1544,-0.0656416675770507
-0.15772,-0.0712208581123679
-0.16119,-0.0764849210838913
-0.16479,-0.0814031733644286
-0.16851,-0.0859513774256694
-0.17233,-0.0901040322653471
-0.17623,-0.0938355905463107
-0.1802,-0.0971288359081611
-0.18422,-0.0999666300306354
-0.18827,-0.102332653386435
-0.19234,-0.104219371181416
-0.1964,-0.105612032929622
-0.20044,-0.106505537462481
-0.20443,-0.106888180196681
-0.20836,-0.106758299750068
-0.21222,-0.106122635026723
-0.21598,-0.104979985020979
-0.21962,-0.103330411328162
-0.22312,-0.101175204575967
-0.22648,-0.0985316082511357
-0.22966,-0.0953998864073583
-0.23266,-0.0917963688090192
-0.23545,-0.0877278758801252
-0.23801,-0.0832009197498873
-0.24033,-0.0782291062480726
-0.2424,-0.072831512857609
-0.24419,-0.0670164351597021
-0.24568,-0.0607907296711778
-0.24686,-0.0541673610587744
-0.24772,-0.0471639253544072
-0.24823,-0.0397865387871447
-0.24839,-0.0320541138438664
-0.24817,-0.0239732057263248
-0.24757,-0.0155624264446287
-0.24656,-0.00682742148151761
-0.24513,0.00222199283126762
-0.24327,0.0115729275715587
-0.24097,0.0212103853863995
-0.23822,0.0311180958764316
-0.235,0.0412866266000322
-0.23131,0.051697565446291
-0.22713,0.0623405948583681
-0.22245,0.0732048628634661
-0.21727,0.0842720498845734
-0.21159,0.0955183668060136
-0.20538,0.106938499959119
-0.19865,0.118512675346799
-0.19139,0.130224869334281
-0.18361,0.142047800201487
-0.17528,0.153975507744918
-0.16642,0.165982507389459
-0.15703,0.178043149961322
-0.14709,0.190147228898489
-0.13662,0.202267799706192
-0.12562,0.214380054963388
-0.11408,0.22646908726248
-0.10202,0.238506319314546
-0.089438,0.250469323407658
-0.076343,0.262333232348822
-0.062748,0.274069066469191
-0.04866,0.285649891633861
-0.034095,0.297044642891136
-0.019067,0.308221396814906
-0.0035923,0.319146857924059
0.012307,0.329783400562056
0.028611,0.340092721844774
0.045296,0.350034376092391
0.062336,0.359565770867707
0.079702,0.368641713463566
0.097363,0.377214864858927
0.11529,0.385239134143162
0.13344,0.392660563480903
0.15179,0.399435347290192
0.1703,0.405516747101931
0.18892,0.410849814872349
0.20762,0.415389549142758
0.22635,0.419085703288846
0.24507,0.421892881728592
0.26373,0.423763770253744
0.28229,0.424658534767614
0.30071,0.424544820324091
0.31893,0.423382775035136
0.33691,0.421142757542946
0.35461,0.417804555617659
0.37197,0.413341725181264
0.38894,0.407731307137042
0.40548,0.400961558776615
0.42154,0.393023101058764
0.43707,0.383909109211702
0.45203,0.373622780496333
0.46638,0.362175684990877
0.48006,0.349571408626386
0.49304,0.335829528005277
0.50528,0.320974912511136
0.51673,0.305028942537938
0.52737,0.288032072857758
0.53715,0.270017118631783
0.54604,0.251024867500552
0.55401,0.231101623583414
0.56103,0.210297052440743
0.56706,0.18865492034886
0.57208,0.166227927502983
0.57607,0.143074604146484
0.579,0.119249229624247
0.58086,0.0948159661549217
0.58162,0.0698303718922249
0.58127,0.0443542693976984
0.57979,0.0184453405241643
0.57717,-0.00783639300595264
0.57342,-0.0344160392077531
0.5685,-0.061245920680292
0.56244,-0.0882500727384877
0.55521,-0.115376419612224
0.54683,-0.142556874274413
0.53729,-0.169734792096838
0.52661,-0.19684244164182
0.51481,-0.223805338857626
0.50188,-0.250568118593273
0.48784,-0.277070547272081
0.47273,-0.303235730556844
0.45655,-0.329005420290898
0.43934,-0.354308839185934
0.42113,-0.379074876493927
0.40193,-0.40324933405986
0.3818,-0.42675663747451
0.36077,-0.449528704012424
0.33888,-0.471498437048216
0.31618,-0.49259447564729
0.2927,-0.512759274046331
0.2685,-0.531926350566306
0.24363,-0.550031774228934
0.21815,-0.567008565060269
0.19211,-0.5827970595983
0.16556,-0.597345690996693
0.13858,-0.610589227776559
0.11121,-0.622483358776833
0.08353,-0.632972860194149
0.055595,-0.642014297843316
0.027474,-0.649565168966226
-0.0007719,-0.655591323951652
-0.029071,-0.660059041290907
-0.057361,-0.662943411087638
-0.085573,-0.664223017225316
-0.11364,-0.6638818328771
-0.1415,-0.661912882708842
-0.16908,-0.65830910601321
-0.19631,-0.653066321457573
-0.22315,-0.646205485773317
-0.24951,-0.63773079268305
-0.27535,-0.627670260689908
-0.3006,-0.616048622436724
-0.3252,-0.602895109261841
-0.3491,-0.588249563118339
-0.37225,-0.572159655301582
-0.39459,-0.55467100438602
-0.41608,-0.535841403504293
-0.43667,-0.515729736818244
-0.45632,-0.494401763954126
-0.47498,-0.47191975932064
-0.49263,-0.44836378626941
-0.50922,-0.42380395958161
-0.52472,-0.398315275079356
-0.5391,-0.371974587321815
-0.55234,-0.344865477785313
-0.56442,-0.317074565458095
-0.57531,-0.288681012478971
-0.585,-0.25977039637286
-0.59347,-0.230423491722726
-0.60072,-0.200729503023311
-0.60673,-0.170766889375774
-0.61149,-0.140610335492434
-0.61501,-0.110343826517991
-0.61728,-0.0800413378193261
-0.61832,-0.0497884873457483
-0.61812,-0.0196552845035463
-0.61668,0.0102958732220405
-0.61404,0.0399813937008836
-0.61019,0.0693403898911357
-0.60515,0.0983103215194668
-0.59895,0.126822215523407
-0.59159,0.154826565948087
-0.58311,0.182261941489998
-0.57353,0.209074370404192
-0.56287,0.235217975046801
-0.55117,0.260640484780759
-0.53845,0.2853013026711
-0.52475,0.309156173501502
-0.51009,0.33217450065106
-0.49453,0.354308560453624
-0.47808,0.375535682733777
-0.4608,0.395817626047271
-0.44271,0.415134792253684
-0.42387,0.433454131497382
-0.4043,0.45076277659481
-0.38406,0.467035441869171
-0.36318,0.482260223824431
-0.34171,0.496422046135282
-0.3197,0.509504171274877
-0.29718,0.521504229517299
-0.2742,0.532417166581984
-0.25081,0.542236339530635
-0.22704,0.550969205585309
-0.20296,0.558605202657233
-0.17859,0.565156865641263
-0.15399,0.570625779962659
-0.1292,0.575019780346731
-0.10427,0.578344431577046
-0.079229,0.580619128818024
-0.054133,0.581854194419102
-0.029022,0.582064429915988
-0.0039398,0.581265248798079
0.02107,0.579472480223121
0.045964,0.576702175736617
0.070702,0.572972643948451
0.095239,0.568300093875748
0.11953,0.562698705641204
0.14355,0.556195513447292
0.16723,0.548794716860019
0.19055,0.540518267847815
0.21347,0.531387076277691
0.23593,0.521405880482139
0.25792,0.510603223295082
0.27938,0.498989087870029
0.30028,0.48658039198709
0.32059,0.473399152489243
0.34026,0.459456077680299
0.35926,0.444767205507936
0.37756,0.429352374558497
0.39513,0.413233893632509
0.41193,0.396428002221356
0.42794,0.378960322470306
0.44312,0.360848478156942
0.45746,0.342125267654711
0.47091,0.322805166583195
0.48348,0.302931756814649
0.49511,0.282519042120358
0.50581,0.261608449817925
0.51556,0.2402400924543
0.52433,0.21844442934993
0.53211,0.196257957997513
0.5389,0.1737282958751
0.54468,0.150895794876707
0.54943,0.127793682636731
0.55317,0.104477924572786
0.55588,0.0809915297480374
0.55756,0.0573804793250124
0.55822,0.033699069010671
0.55784,0.00998440191803806
0.55644,-0.0137119733599432
0.55401,-0.0373507255258231
0.55056,-0.0608889446993874
0.54611,-0.0842749122631876
0.54065,-0.107473702481024
0.53421,-0.130435623320578
0.52678,-0.15313034263323
0.51839,-0.175514730592392
0.50904,-0.197559053211692
0.49876,-0.219223360162306
0.48755,-0.240483098754462
0.47543,-0.26131238188243
0.46243,-0.281677933068565
0.44855,-0.301563971986027
0.43382,-0.320947442044511
0.41826,-0.339807811685277
0.40189,-0.35812749841367
0.38472,-0.375899525793552
0.36679,-0.393103827886863
0.34812,-0.409725451619327
0.32873,-0.425754286841172
0.30864,-0.441184719510798
0.28789,-0.456000431537176
0.26649,-0.47019938983528
0.24449,-0.48376183044115
0.22191,-0.496676670525257
0.19879,-0.508925575079346
0.17514,-0.520507281090116
0.15103,-0.531390187737174
0.12646,-0.541571066627025
0.10148,-0.551032889516246
0.076136,-0.559751134138639
0.050456,-0.567709398133542
0.024484,-0.574886628254664
-0.0017408,-0.581262333584492
-0.028176,-0.586814853218861
-0.054781,-0.591523689518254
-0.081511,-0.595366922114737
-0.10832,-0.598321379983008
-0.13517,-0.600369618467173
-0.16202,-0.601497264753764
-0.1888,-0.601671568563694
-0.21549,-0.600883012512439
-0.24203,-0.599111689174743
-0.26838,-0.596344854103364
-0.29448,-0.592561295947809
-0.32029,-0.587748540112838
-0.34577,-0.581901697434393
-0.37086,-0.5750075513943
-0.39551,-0.567054125944129
-0.41968,-0.558038356020464
-0.44332,-0.547957248103813
-0.46638,-0.53680814518576
-0.48881,-0.524588919747733
-0.51057,-0.511305502779708
-0.53161,-0.496962944805009
-0.55189,-0.481573016843064
-0.57136,-0.465145357059706
-0.58998,-0.447695167898375
-0.60771,-0.429241864550319
-0.6245,-0.409800465384255
-0.64032,-0.389396935308132
-0.65513,-0.368058065100442
-0.66889,-0.345810672637455
-0.68156,-0.322680933234376
-0.69311,-0.298701230058804
-0.70352,-0.273915499286826
-0.71274,-0.248353637538993
-0.72076,-0.222062983265801
-0.72754,-0.19508144158049
-0.73306,-0.167453026215885
-0.73729,-0.139218010800666
-0.74023,-0.110434653683679
-0.74184,-0.0811444506508117
-0.74212,-0.0514037061209443
-0.74105,-0.0212641927492379
-0.73862,0.0092201502117517
-0.73483,0.0399878994327557
-0.72965,0.0709956629295361
-0.72311,0.102171639085507
-0.71519,0.133460293762088
-0.70589,0.164806195364824
-0.69523,0.196141013713539
-0.6832,0.227410369321241
-0.66982,0.258550757505264
-0.6551,0.289500791246977
-0.63906,0.320195428095627
-0.62171,0.350576222615209
-0.60306,0.380592044442778
-0.58315,0.410177297399261
-0.56198,0.439286519317054
-0.5396,0.467855193230976
-0.51602,0.495835228987839
-0.49127,0.523178766170628
-0.46539,0.549832522086064
-0.4384,0.575755563907028
-0.41035,0.600896335526437
-0.38127,0.625211396332422
-0.35121,0.648650725427065
-0.3202,0.671175633137573
-0.2883,0.69273592215731
-0.25555,0.713288754416438
-0.222,0.732791474337356
-0.18771,0.751195820053132
-0.15273,0.768458188366855
-0.11713,0.784525594986166
-0.080958,0.799355663191401
-0.044293,0.812893259896785
-0.0071923,0.825090971863774
0.030272,0.835898412876792
0.068028,0.845264781469522
0.10601,0.85314537188607
0.14413,0.859485588225092
0.18233,0.86424699867285
0.22052,0.867382064549389
0.25862,0.868845072405709
0.29657,0.868608291307209
0.33427,0.866630159711883
0.37166,0.862889166779647
0.40865,0.857358861662782
0.44516,0.850017417742715
0.48112,0.840855206465518
0.51645,0.829865786297828
0.55107,0.81704593786497
0.58491,0.802402982121631
0.61791,0.785960387945971
0.64998,0.767732266982965
0.68106,0.74774739793232
0.71108,0.726038587915745
0.73997,0.702641356659069
0.76769,0.677614955911541
0.79416,0.651006888058684
0.81932,0.622868938244869
0.84313,0.593269929910764
0.86554,0.562283339480263
0.88649,0.529977146490287
0.90593,0.496420525241662
0.92384,0.46170394694468
0.94017,0.425910414168795
0.95489,0.389129399840663
0.96797,0.351453064364348
0.97937,0.312965688994668
0.98909,0.273772291529517
0.9971,0.233969338740474
1,0.191150346475655
1,0.145101013079474
1,0.0978896711944823
1,0.0512292184823907
1,0.00650468426427162
1,-0.0351982461810991
1,-0.0730642008129473
0.9986,-0.107554748893542
0.991,-0.1426683103583
0.98171,-0.178270961761854
0.97075,-0.214225634410341
0.95814,-0.250395766402267
0.94392,-0.286633583362639
0.92811,-0.322800660953898
0.91075,-0.358754802972289
0.89188,-0.394354480367285
0.87152,-0.429477299499185
0.84973,-0.463990128661957
0.82656,-0.497762370099328
0.80204,-0.530684067969096
0.77623,-0.562643076718961
0.74918,-0.593536370437115
0.72094,-0.623271580350345
0.69157,-0.651760614052406
0.66113,-0.678921835776151
0.62968,-0.704681684268491
0.59727,-0.728983189459187
0.56396,-0.751777636492538
0.52983,-0.773010242142259
0.49494,-0.792638338780837
0.45935,-0.810630915956392
0.42312,-0.826967946441149
0.38634,-0.841617351492445
0.34905,-0.854575886223068
0.31134,-0.865827360817128
0.27326,-0.875375840478875
0.23489,-0.883220069749393
0.1963,-0.889362545598912
0.15756,-0.89380929193313
0.11872,-0.896584345469531
0.079874,-0.897693594821019
0.041073,-0.897160404594463
0.0023871,-0.895007902763534
-0.036117,-0.891261318456859
-0.074373,-0.885947548288563
-0.11232,-0.879098421216113
-0.14989,-0.870743918022711
-0.18702,-0.860915662860067
-0.22366,-0.849655574202636
-0.25975,-0.837005529120865
-0.29522,-0.822998996057497
-0.33003,-0.807684050355218
-0.36412,-0.791104534539504
-0.39743,-0.773299743107481
-0.42994,-0.754333835568001
-0.46157,-0.734244913009923
-0.4923,-0.713093366606681
-0.52208,-0.690933669561896
-0.55087,-0.667821355954751
-0.57864,-0.643818582703404
-0.60535,-0.618983621538666
-0.63097,-0.593377252060507
-0.65548,-0.567067820675157
-0.67885,-0.540120306704108
-0.70105,-0.512594962869507
-0.72207,-0.484561102364089
-0.74188,-0.456078368502
-0.76049,-0.427226244615144
-0.77786,-0.398060738730081
-0.79399,-0.368646616861475
-0.80888,-0.339053545846589
-0.82251,-0.309338055025702
-0.83489,-0.279566296647518
-0.84602,-0.249802542613641
-0.85588,-0.220092552681286
-0.86449,-0.190495003558351
-0.87185,-0.161062103443435
-0.87797,-0.131846324597661
-0.88284,-0.102883623869912
-0.88649,-0.0742247168540897
-0.88892,-0.0459081345338396
-0.89015,-0.0179758107036362
-0.89018,0.00954402885063332
-0.88904,0.0366133168134444
-0.88673,0.0632097866426351
-0.88328,0.0893028430290959
-0.87871,0.114863900964074
-0.87304,0.139867251308784
-0.86629,0.164290673860539
-0.85848,0.18811583065473
-0.84963,0.211328470713122
-0.83978,0.233903679530832
-0.82894,0.255831225557956
-0.81715,0.277091217173293
-0.80443,0.297671699019212
-0.79081,0.317560422851936
-0.77632,0.33674560606804
-0.761,0.355209115075848
-0.74487,0.372943306247652
-0.72797,0.389934732132704
-0.71032,0.406180733633565
-0.69196,0.421672936414672
-0.67293,0.436398873431226
-0.65326,0.450350773762289
-0.63297,0.46353251709389
-0.6121,0.475942745280277
-0.5907,0.487568763538386
-0.56878,0.498418876435097
-0.54639,0.508488731194489
-0.52355,0.517786282413371
-0.50031,0.526307199610289
-0.47668,0.534067125079414
-0.45272,0.541060577559967
-0.42844,0.547302322300603
-0.40388,0.552801007702619
-0.37907,0.55756765204916
-0.35404,0.56161500655793
-0.32883,0.564949585621726
-0.30345,0.567594974415683
-0.27795,0.569558389353995
-0.25234,0.570863304034156
-0.22666,0.571523535140516
-0.20093,0.571559574848596
-0.17518,0.570989375475956
-0.14944,0.56982837035121
-0.12374,0.568089537500497
-0.098084,0.565802734682445
-0.072513,0.562983246849341
-0.047047,0.559649695807747
-0.021707,0.555822098802683
0.0034821,0.55151811602289
0.028498,0.546754883839781
0.053321,0.541550496123106
0.077929,0.5359214684222
0.1023,0.529882576556213
0.12642,0.523452608120069
0.15026,0.516641878682382
0.1738,0.509460132116445
0.19703,0.501923658081463
0.21992,0.494038673693041
0.24246,0.485817772472806
0.26461,0.477256031812774
0.28638,0.468371379439151
0.30773,0.459162583353048
0.32864,0.449627664070333
0.3491,0.439771353276947
0.36908,0.429588755498395
0.38857,0.41908202019933
0.40754,0.408244018288607
0.42598,0.397075018899989
0.44386,0.385566361877323
0.46117,0.373717123240294
0.47789,0.361525168486512
0.49399,0.348979982778562
0.50947,0.33608669808672
0.5243,0.322840689441246
0.53847,0.309244341670113
0.55196,0.295298195255322
0.56476,0.281008657152677
0.57686,0.266386672458013
0.58823,0.251431745338113
0.59888,0.236163728257308
0.60879,0.220596147238589
0.61794,0.204737052359393
0.62634,0.188612020337667
0.63397,0.172237863752677
0.64084,0.155646040434328
0.64692,0.138849355091059
0.65222,0.121874756965634
0.65674,0.104752416006593
0.66047,0.0875068319723851
0.66341,0.0701645894800842
0.66557,0.0527605410738964
0.66693,0.0353129817710956
0.66751,0.0178558241617746
0.66731,0.000419740454025147
0.66633,-0.0169681661624755
0.66457,-0.0342845528213385
0.66204,-0.0515025107083112
0.65876,-0.0685857557375919
0.65472,-0.0855137763381379
0.64994,-0.102257331024921
0.64444,-0.118781121659585
0.63821,-0.135068294469345
0.63129,-0.15108055353017
0.62368,-0.166793135826169
0.61541,-0.182170878103292
0.6065,-0.197178788706544
0.59696,-0.21179056782947
0.58682,-0.225973074857701
0.5761,-0.239696180773439
0.56483,-0.252925840826224
0.55302,-0.265640809013777
0.54071,-0.277808806237624
0.52793,-0.289397182530384
0.51469,-0.300388915879547
0.50104,-0.3107507358187
0.48698,-0.320474419367023
0.47256,-0.329535467124129
0.4578,-0.337919385871353
0.44272,-0.345620416808813
0.42737,-0.352618096173179
0.41176,-0.358910503664165
0.39592,-0.364496198198198
0.37988,-0.369374435914167
0.36367,-0.37354531007403
0.34731,-0.377017223498323
0.33083,-0.379797891730055
0.31425,-0.381901886723332
0.2976,-0.383341728331848
0.2809,-0.384135529603086
0.26416,-0.384312995749727
0.24742,-0.383890356687505
0.23069,-0.382894859112686
0.21399,-0.381354611308411
0.19733,-0.379305151855604
0.18074,-0.376772338149285
0.16422,-0.373795758317903
0.14778,-0.370417639642243
0.13145,-0.366666422517222
0.11522,-0.3625882214985
0.099117,-0.35821475131566
0.083141,-0.353585160947839
0.0673,-0.348737526818878
0.051601,-0.343708664156393
0.036049,-0.33853472552814
0.020649,-0.333250202038167
0.0054015,-0.327890472946915
-0.0096871,-0.322486130776791
-0.024617,-0.317067762007277
-0.039386,-0.311663131622672
-0.053993,-0.306297566698069
-0.068437,-0.300993580842939
-0.082717,-0.295770564753262
-0.096834,-0.29064609377272
-0.11079,-0.28563628942629
-0.12457,-0.280742835035779
-0.13819,-0.275978385717857
-0.15164,-0.271344616672209
-0.16491,-0.266834054036316
-0.17801,-0.262446584049817
-0.19093,-0.258173002806448
-0.20367,-0.25400419921364
-0.21621,-0.249916377113365
-0.22857,-0.245903919731578
-0.24072,-0.241938867488681
-0.25266,-0.23799802463333
-0.26439,-0.234062512957159
-0.27589,-0.230102539561031
-0.28717,-0.226102405855034
-0.29821,-0.222035948342513
-0.309,-0.217876621101114
-0.31953,-0.213598249582767
-0.32981,-0.209190446935235
-0.33981,-0.204626279146701
-0.34953,-0.199888416118307
-0.35897,-0.194967783711533
-0.36811,-0.189847491581022
-0.37695,-0.184519671808414
-0.38548,-0.178976634380686
-0.3937,-0.173218535341299
-0.40159,-0.167237166754952
-0.40916,-0.161040086589833
-0.41639,-0.15462528087023
-0.42329,-0.148005364052667
-0.42984,-0.141182320689667
-0.43606,-0.134179190157944
-0.44192,-0.12699848395213
-0.44744,-0.119663149858723
-0.45261,-0.112189876744875
-0.45744,-0.104604714998978
-0.46191,-0.0969184227878535
-0.46604,-0.0891587445926402
-0.46982,-0.0813442002537402
-0.47326,-0.0735001676649882
-0.47636,-0.0656494613175922
-0.47912,-0.0578121870213793
-0.48154,-0.0500056757067808
-0.48364,-0.0422592822858179
-0.48541,-0.034589014785924
-0.48685,-0.0270069997848445
-0.48798,-0.0195365920493776
-0.4888,-0.0121946783147152
-0.4893,-0.00498497005250609
-0.4895,0.00207749158714878
-0.48941,0.00897645956271938
-0.48901,0.0157174613782218
-0.48833,0.022286598331966
-0.48735,0.0286917998637147
-0.48609,0.0349289378147699
-0.48455,0.040999200091162
-0.48272,0.0469155493610537
-0.48061,0.0526854355624611
-0.47823,0.0583117833063091
-0.47556,0.0638160766222569
-0.47262,0.0692047056666525
-0.46939,0.0745013898964885
-0.46587,0.0797284718170274
-0.46207,0.0848992595813985
-0.45798,0.0900342510491934
-0.4536,0.0951518192149551
-0.44891,0.100282939254878
-0.44392,0.105445739069176
-0.43863,0.110654882518453
-0.43302,0.115936595973807
-0.42709,0.121310890401714
-0.42084,0.12679217379474
-0.41426,0.132397267229107
-0.40734,0.138144399353291
-0.40007,0.14405235638888
-0.39245,0.150132378923543
-0.38448,0.156389209524837
-0.37614,0.16283688974573
-0.36742,0.169489069014063
-0.35833,0.176343809243357
-0.34886,0.183401314583674
-0.33899,0.190670771711539
-0.32873,0.198146058821684
-0.31807,0.205823544926558
-0.307,0.213701581908887
-0.29553,0.221765262944404
-0.28364,0.230011467876113
-0.27133,0.238431777522023
-0.25861,0.247006248865501
-0.24547,0.255720887048802
-0.23191,0.264559399766018
-0.21794,0.2734966277798
-0.20354,0.282523077093199
-0.18874,0.291605134866318
-0.17353,0.300720203696433
-0.15791,0.309847767380332
-0.1419,0.318954764628511
-0.12549,0.328021117338542
-0.1087,0.337015610442714
-0.091534,0.345910778594288
-0.074003,0.354677808010063
-0.056117,0.363288397015907
-0.037887,0.371714777491422
-0.019329,0.379926773601594
-0.00045379,0.387897056870138
0.018719,0.395594928431361
0.038177,0.402993314043247
0.0579,0.41006315071863
0.077872,0.416777837023692
0.09807,0.423108473408433
0.11848,0.429031927981723
0.13907,0.434517225681147
0.15982,0.439536973200501
0.18071,0.444067604313022
0.20171,0.448082092148834
0.22279,0.451551563300291
0.24393,0.454454044609708
0.2651,0.456766549882087
0.28626,0.458458730775448
0.30739,0.459510135774416
0.32845,0.4598942841776
0.3494,0.459580779866152
0.37022,0.458551907024433
0.39085,0.456771306244154
0.41127,0.454218378532366
0.43143,0.450863835242566
0.4513,0.446687205288104
0.47082,0.441653734872365
0.48997,0.435747912596879
0.50869,0.428940827370181
0.52693,0.42120118711605
0.54466,0.412511651685696
0.56182,0.402844664526422
0.57837,0.392180219949723
0.59426,0.380497797055158
0.60945,0.367784668338262
0.62387,0.35401280633257
0.6375,0.339179830058395
0.65028,0.323274781187269
0.66216,0.306287741633528
0.6731,0.288217542800899
0.68306,0.269070353776473
0.69199,0.248850951154672
0.69984,0.227563096770382
0.7066,0.205239438033822
0.71221,0.181898288139965
0.71665,0.157575706661115
0.71989,0.132313887460836
0.72189,0.106151617707121
0.72265,0.0791536226400304
0.72213,0.0513743475763686
0.72033,0.0228881652097797
0.71723,-0.00623121415415661
0.71284,-0.0358903778556955
0.70715,-0.065997333427069
0.70015,-0.0964637581859122
0.69187,-0.127177193890768
0.6823,-0.158038478554329
0.67146,-0.188939856578385
0.65938,-0.219762411339659
0.64607,-0.250396521731218
0.63157,-0.280721187239867
0.61589,-0.310632094883197
0.59907,-0.340019489582416
0.58114,-0.368780117016485
0.56215,-0.396804531812335
0.54214,-0.423989253509838
0.52113,-0.45025384589504
0.4992,-0.475494957918126
0.47637,-0.499638647972725
0.45269,-0.522615252723555
0.42822,-0.544353838444652
0.40302,-0.564785153822475
0.37712,-0.583866155503733
0.35058,-0.601554730077311
0.32347,-0.617804080742891
0.29583,-0.632587882569403
0.26772,-0.645883031940171
0.2392,-0.657670432739559
0.21033,-0.667935491972608
0.18115,-0.676683164827235
0.15174,-0.683905167224358
0.12214,-0.689613018865397
0.092414,-0.693816785229245
0.062621,-0.696529391554039
0.032822,-0.69776479774716
0.0030694,-0.697544295357679
-0.026578,-0.695890256752906
-0.05606,-0.692824723389036
-0.085324,-0.688374886913513
-0.11431,-0.682566237111183
-0.14297,-0.675431391359639
-0.17123,-0.666988878999965
-0.19905,-0.657270740441394
-0.22637,-0.646304448204787
-0.25314,-0.634120613848037
-0.27931,-0.620751688579515
-0.30482,-0.606223441993565
-0.32963,-0.590570423755186
-0.35368,-0.573818587207652
-0.37693,-0.556001066526359
-0.39934,-0.537155892817471
-0.42085,-0.517309215796869
-0.44144,-0.496506440129468
-0.46105,-0.474777635198821
-0.47965,-0.452161805438729
-0.4972,-0.428696612053849
-0.51368,-0.404432300721439
-0.52905,-0.379413002109466
-0.54327,-0.353676587655361
-0.55634,-0.327284275080449
-0.56821,-0.3002773087983
-0.57888,-0.27271650315771
-0.58831,-0.244647017055735
-0.59651,-0.216136916967179
-0.60345,-0.187241081291558
-0.60912,-0.158016805286659
-0.61353,-0.128536289333143
-0.61666,-0.0988593248378844
-0.61852,-0.0690559535761714
-0.6191,-0.0391874580409007
-0.61843,-0.00933562596017865
-0.61649,0.0204407781317667
-0.61332,0.0500591660673416
-0.60891,0.0794573658654689
-0.6033,0.108554806160012
-0.59651,0.137273500245671
-0.58854,0.165554909136628
-0.57945,0.193313890094394
-0.56925,0.220483636162969
-0.55798,0.246992265769944
-0.54567,0.272773694127449
-0.53235,0.297768862487113
-0.51809,0.321896972480781
-0.5029,0.345106826357315
-0.48684,0.367336096825884
-0.46996,0.388523175415974
-0.4523,0.408616698014696
-0.43392,0.427560775000339
-0.41487,0.445305391974529
-0.39522,0.461792445303093
-0.37501,0.476981673249733
-0.35431,0.490826717888688
-0.33317,0.503292968167857
-0.31167,0.514334644127112
-0.28987,0.523913582346836
-0.26782,0.532006772803321
-0.24561,0.538575056759374
-0.22329,0.543597465675557
-0.20092,0.547061433119455
-0.17859,0.548939886246688
-0.15636,0.549217503198578
-0.13428,0.54789676066328
-0.11243,0.544972755005065
-0.090872,0.540448573304334
-0.069669,0.534333390363058
-0.04888,0.526644451419842
-0.028568,0.517402515583584
-0.0087864,0.506638118464439
0.010405,0.494384497811005
0.028955,0.480682877973765
0.046814,0.465581304550408
0.063932,0.449132008394742
0.08027,0.431397559877824
0.095779,0.412439983623559
0.11043,0.392334138891549
0.12418,0.371152975000431
0.13701,0.348983752323164
0.14888,0.325907410231959
0.15977,0.302012370149387
0.16968,0.277405414139623
0.17857,0.252175554575348
0.18644,0.226424480484981
0.19329,0.200261127074769
0.19911,0.173789671402528
0.20391,0.147122113699665
0.20768,0.120358575772546
0.21046,0.0936234533683474
0.21224,0.067019922085385
0.21305,0.0406603364878125
0.21291,0.014653462143902
0.21184,-0.0108983633382161
0.20988,-0.0358866006434256
0.20707,-0.0602013109506986
0.20343,-0.0837498836688402
0.19901,-0.106434738741029
0.19385,-0.128165094318385
0.188,-0.14885149798753
0.18151,-0.168408796552846
0.17441,-0.186773225843593
0.16678,-0.203863871515587
0.15866,-0.2196186119872
0.15011,-0.233978219305618
0.14118,-0.246895661472219
0.13193,-0.258328482782569
0.12242,-0.268239925358251
0.11271,-0.276599662544988
0.10285,-0.283391597152452
0.09292,-0.288590166819998
0.082963,-0.292191009489013
0.073043,-0.29419220049777
0.063217,-0.29459974502231
0.053547,-0.293422879648606
0.044085,-0.29068125201368
0.034892,-0.286396339947711
0.026018,-0.280599232808906
0.017519,-0.273324031010653
0.0094416,-0.264613788428652
0.0018366,-0.25451495926557
-0.0052502,-0.243079585453879
-0.011779,-0.230367599700785
-0.017705,-0.216440287769434
-0.022998,-0.201369424619739
-0.027617,-0.185225524175122
-0.031539,-0.168089645606826
-0.034734,-0.150044088824049
-0.037183,-0.131178120773252
-0.038867,-0.111584216902334
-0.039771,-0.0913578506081614
-0.039889,-0.0706008864758722
-0.03921,-0.0494137391950759
-0.037738,-0.0279038269109917
-0.035476,-0.00618031508615479
-0.032427,0.0156494784257984
-0.028607,0.0374733733924326
-0.024029,0.0591809293122838
-0.018712,0.0806621138035842
-0.012682,0.101805527288372
-0.0059649,0.122502301865322
0.0014096,0.142646335682162
0.0094042,0.162131639313984
0.017982,0.180856145065852
0.027103,0.19872211870178
0.036722,0.21563485523895
0.046791,0.23150334783728
0.05726,0.246241341688394
0.068078,0.259768816077291
0.079188,0.272009331569975
0.090535,0.282893722903824
0.10206,0.292358452373997
0.1137,0.30034413561802
0.1254,0.306803115127542
0.1371,0.311695639095667
0.14874,0.314990263533273
0.16025,0.31665654316724
0.17157,0.316673877969238
0.18265,0.315038361830533
0.19343,0.311753054499964
0.20384,0.306819923047786
0.21384,0.300262912139272
0.22337,0.292108947643749
0.23237,0.282387293030635
0.24081,0.271151100854266
0.24863,0.258449737511083
0.2558,0.244350893812689
0.26226,0.228913486176686
0.26799,0.212217747592504
0.27296,0.194351883765333
0.27713,0.175401049606839
0.28048,0.155460653247038
0.28299,0.134631948288878
0.28464,0.113018261701615
0.28541,0.0907218250604924
0.28531,0.0678633663389856
0.28431,0.0445455834103757
0.28242,0.0208832669873157
0.27963,-0.00301718202100636
0.27596,-0.027037120656437
0.27142,-0.051058991206726
0.266,-0.0749844868597015
0.25974,-0.0986969850948452
0.25265,-0.122090956524255
0.24475,-0.145065835842634
0.23607,-0.167521001089468
0.22663,-0.189366555535077
0.21646,-0.210516980666321
0.20561,-0.230878534905471
0.1941,-0.250376303349942
0.18198,-0.268931153191336
0.16928,-0.2864782653315
0.15605,-0.302952120771859
0.14233,-0.31829660904337
0.12817,-0.332458134161247
0.11361,-0.345394779478289
0.098697,-0.357070809428854
0.083485,-0.367452063264588
0.068019,-0.376514011518923
0.052351,-0.384236142194354
0.036528,-0.390606181947499
0.020599,-0.395618078056529
0.004619,-0.399267219359781
-0.011371,-0.401561301927148
-0.027317,-0.402508762046931
-0.043173,-0.402124926260605
-0.058893,-0.40043082894776
-0.074429,-0.397450589812045
-0.089739,-0.393215091555529
-0.10478,-0.387759546186397
-0.1195,-0.381115456424812
-0.13387,-0.373327849904526
-0.14785,-0.36444362941971
-0.16139,-0.354502828711217
-0.17447,-0.343561273973363
-0.18704,-0.331664018592078
-0.19908,-0.318868542972098
-0.21054,-0.305218706610921
-0.22141,-0.290775836935433
-0.23165,-0.27559152239609
-0.24124,-0.259722880728572
-0.25015,-0.243222491183145
-0.25835,-0.226137756799198
-0.26584,-0.20853267909682
-0.27259,-0.190460580005997
-0.27857,-0.171964549673376
-0.28379,-0.153107621419041
-0.28822,-0.133937391707093
-0.29185,-0.114502259101636
-0.29469,-0.0948644674015396
-0.29672,-0.0750732704125434
-0.29794,-0.0551805998380108
-0.29835,-0.0352388095455945
-0.29795,-0.0152988352582954
-0.29675,0.00458386813458441
-0.29476,0.0243520632483542
-0.29199,0.0439489912005274
-0.28844,0.0633275937297927
-0.28413,0.0824355245806821
-0.27908,0.101218006460857
-0.2733,0.119627596391428
-0.26683,0.137602289902448
-0.25968,0.15509263070158
-0.25187,0.172053662033648
-0.24343,0.18843833937989
-0.2344,0.20419227445979
-0.2248,0.21927187446615
-0.21466,0.233636501708804
-0.20402,0.24724208518045
-0.19291,0.260050849113792
-0.18137,0.272024196815998
-0.16944,0.283124389999452
-0.15716,0.293315873703421
-0.14456,0.30257368162006
-0.13169,0.310867746444114
-0.1186,0.318165166688975
-0.10531,0.324454282973058
-0.091891,0.329703620893567
-0.07837,0.333899560858366
-0.064797,0.337026667894662
-0.051217,0.339072586848385
-0.037676,0.340027451396597
-0.024215,0.339887765662794
-0.010883,0.33864973672762
0.0022788,0.33631557514565
0.015224,0.332888782040325
0.027913,0.328379172369943
0.040301,0.3227978627689
0.052345,0.316158351419311
0.064006,0.30847892763095
0.075245,0.299781507221629
0.086025,0.29009205432178
0.096308,0.279438570439284
0.10606,0.267853090120482
0.11525,0.255372416672135
0.12384,0.242031165962302
0.13181,0.227874675325472
0.13914,0.212955790989661
0.14579,0.197317263408797
0.15174,0.181007362097697
0.15698,0.164084887007027
0.16149,0.146608119277621
0.16525,0.128633292184897
0.16826,0.110228167027621
0.1705,0.0914530613772805
0.17196,0.0723679033461114
0.17265,0.0530452877670357
0.17256,0.0335510628457011
0.17168,0.0139436169111814
0.17004,-0.00569695345378602
0.16762,-0.0253124821051308
0.16443,-0.0448422004128669
0.1605,-0.0642104583223497
0.15583,-0.0833542031824199
0.15043,-0.102215241638697
0.14433,-0.12072650897667
0.13755,-0.138823430685541
0.13011,-0.156445631390413
0.12203,-0.173538223926712
0.11334,-0.190045326142221
0.10408,-0.205904867526401
0.094274,-0.221063795525251
0.083957,-0.235470138075676
0.073163,-0.249075463798512
0.061929,-0.261833817873889
0.050297,-0.273699321866144
0.038301,-0.284633850652792
0.025989,-0.294596746075943
0.013397,-0.303555817253126
0.00057219,-0.311478829296134
-0.012443,-0.318338433921508
-0.025603,-0.324110162387774
-0.038865,-0.328775085969697
-0.052179,-0.332314443607924
-0.065502,-0.334715785747974
-0.078787,-0.335969609496359
-0.091986,-0.336068770824632
-0.10506,-0.335015325083811
-0.11795,-0.332804331584934
-0.13062,-0.329442758155739
-0.14302,-0.324937019253867
-0.15511,-0.319300674966531
-0.16685,-0.31255302894984
-0.17819,-0.30471042687915
-0.18909,-0.295794078196683
-0.19951,-0.28582880635555
-0.20941,-0.274841920047361
-0.21876,-0.262869606350791
-0.22752,-0.249947032915781
-0.23566,-0.236115156787105
-0.24314,-0.221411234104398
-0.24994,-0.205883421153485
-0.25602,-0.189572643212041
-0.26137,-0.172535117275081
-0.26596,-0.154823098070832
-0.26976,-0.136484221243388
-0.27275,-0.117568447134282
-0.27493,-0.0981409646635452
-0.27627,-0.0782551948940056
-0.27676,-0.0579682837711727
-0.27639,-0.0373386642461391
-0.27514,-0.0164166346724444
-0.27302,0.00473346796891401
-0.27002,0.026052760219389
-0.26613,0.0474886114998382
-0.26135,0.0689877619920979
-0.25569,0.0904908113580771
-0.24916,0.111935341880962
-0.24176,0.133265924048752
-0.23349,0.154434628243688
-0.22437,0.175386472656161
-0.21441,0.196070074191067
-0.20363,0.21643135368199
-0.19205,0.236415937016465
-0.17968,0.255978502987508
-0.16655,0.275067906932547
-0.15268,0.293637535415204
-0.13811,0.311631346107516
-0.12286,0.329002446257986
-0.10696,0.345705647793427
-0.090439,0.361699568842406
-0.073349,0.376930477192902
-0.055721,0.391352124246046
-0.0376,0.404915649932345
-0.019031,0.417571873038377
-5.7833e-05,0.429274008529831
0.019266,0.439971784145852
0.038888,0.449614680138252
0.058757,0.458154791209061
0.078814,0.465542290695684
0.098998,0.471726139912478
0.11925,0.476657649911162
0.13951,0.480291076627346
0.15972,0.482586249136264
0.17981,0.483500192159559
0.19971,0.482989317943281
0.21935,0.481011202012953
0.23869,0.47754817612342
0.25765,0.472573939196048
0.27615,0.466056443385166
0.29416,0.457997330310001
0.31159,0.448381486151023
0.3284,0.437218161407793
0.34451,0.424506890730666
0.35989,0.410276822352914
0.37447,0.394551060632624
0.3882,0.377362429266988
0.40104,0.358758485436675
0.41294,0.338790353184671
0.42386,0.317518378535729
0.43376,0.295009001352794
0.44262,0.271346819773455
0.45039,0.246606810307421
0.45704,0.220869101025303
0.46258,0.194245475983875
0.46695,0.166818511804087
0.47016,0.138696754283942
0.47218,0.109977090218772
0.47302,0.080773836556042
0.47266,0.0511898989995157
0.4711,0.0213307411659584
0.46835,-0.00869188142817787
0.4644,-0.0387793141879761
0.45927,-0.068824369213437
0.45298,-0.0987163431243358
0.44553,-0.128359983237861
0.43696,-0.157646043833155
0.42727,-0.186487124746622
0.4165,-0.214786857623594
0.40469,-0.24244491559385
0.39185,-0.269383359225882
0.37804,-0.295508151654952
0.36328,-0.320745139984598
0.34762,-0.345016780374215
0.33111,-0.368245667775333
0.31379,-0.390364773017386
0.29571,-0.411310639807988
0.27692,-0.431025208366339
0.25748,-0.449449743108281
0.23743,-0.466542136589036
0.21684,-0.482253437537608
0.19576,-0.496546075528329
0.17425,-0.509386047279576
0.15237,-0.520743906478543
0.13018,-0.530595419779284
0.10774,-0.538921936143696
0.085114,-0.545707554722283
0.062357,-0.550946357101334
0.039534,-0.554633896019921
0.016705,-0.556771358393227
-0.0060667,-0.557362598592808
-0.028723,-0.556417928484784
-0.051201,-0.553949571420777
-0.073442,-0.549974566586105
-0.095387,-0.544513617115609
-0.11698,-0.537592468896321
-0.13816,-0.529236934135965
-0.15888,-0.519482890759642
-0.17909,-0.508371470605945
-0.19872,-0.495932430354939
-0.21774,-0.482215371500847
-0.2361,-0.467269976373165
-0.25375,-0.451144833455373
-0.27066,-0.433901264453762
-0.28678,-0.415594514486081
-0.30207,-0.396280892207624
-0.3165,-0.376023449984617
-0.33005,-0.354896353559711
-0.34267,-0.332958495331962
-0.35435,-0.310284348588029
-0.36506,-0.286944015311053
-0.37478,-0.26300941262849
-0.3835,-0.238559172133228
-0.39119,-0.213660191360011
-0.39786,-0.188397408046632
-0.40348,-0.162838129665462
-0.40805,-0.137055478607415
-0.41158,-0.111132313186805
-0.41405,-0.0851345316187559
-0.41548,-0.0591417365566935
-0.41587,-0.033227194322826
-0.41523,-0.00746401672281153
-0.41357,0.0180772742046819
-0.41091,0.0433232641274785
-0.40727,0.0682007134438815
-0.40266,0.0926464364256996
-0.39711,0.116592834026189
-0.39065,0.139971150089132
-0.38329,0.162728925167518
-0.37509,0.184791880029643
-0.36606,0.206107720743239
-0.35624,0.226621712152238
-0.34568,0.246271854415656
-0.33441,0.265007362864915
-0.32247,0.282781086382186
-0.30991,0.299543305518503
-0.29678,0.315244186647899
-0.28312,0.329843150702991
-0.26897,0.343308788586696
-0.2544,0.355596361749713
-0.23945,0.36667437072927
-0.22418,0.376508631360018
-0.20863,0.385079087976673
-0.19286,0.392363402745524
-0.17692,0.398345960992674
-0.16087,0.403010140061099
-0.14476,0.406346874983757
-0.12864,0.408353949797247
-0.11257,0.409027832301697
-0.096594,0.408376330173981
-0.080768,0.406407762888262
-0.065138,0.403138465630676
-0.049758,0.398585284635189
-0.034675,0.392770576375069
-0.019934,0.38572236167158
-0.0055837,0.377470054290867
0.0083346,0.368049155350896
0.021776,0.35749670659701
0.034703,0.345855684841334
0.047077,0.333172066077068
0.058862,0.319495080701455
0.070026,0.30487833126171
0.080537,0.289377583066655
0.090368,0.273052586271191
0.099493,0.25596544348255
0.10789,0.23818141308314
0.11554,0.21976869643239
0.12242,0.200792973319266
0.12852,0.181325595953477
0.13383,0.16144039545746
0.13834,0.14121101021564
0.14204,0.120708699529764
0.14494,0.100015400075114
0.14702,0.0791969603500853
0.1483,0.0583337223696462
0.14878,0.0375003889333065
0.14846,0.0167647099788625
0.14737,-0.00379123891769196
0.1455,-0.0241060709023317
0.14289,-0.044100231709538
0.13954,-0.0637117385885226
0.13547,-0.0828801720269474
0.13072,-0.101533752973772
0.12531,-0.11960880698137
0.11927,-0.137043063017869
0.11262,-0.153785025310528
0.1054,-0.169779070180561
0.097643,-0.184973512952847
0.089389,-0.199316649752126
0.080674,-0.212761702879854
0.071538,-0.225264760802778
0.062021,-0.236785999996779
0.052167,-0.247287599645117
0.042018,-0.256736438549403
0.031619,-0.265102439264069
0.021016,-0.272358622336841
0.010254,-0.278482534847427
-0.00061971,-0.283454836138064
-0.011558,-0.28725987222856
-0.022513,-0.289885358300959
-0.033438,-0.291323420441151
-0.044286,-0.291570227270652
-0.055011,-0.290626519919598
-0.065566,-0.288496417067634
-0.075906,-0.285188556833972
-0.085986,-0.280715393184541
-0.095761,-0.275092501075077
-0.10519,-0.268340863688613
-0.11423,-0.260484107602575
-0.12285,-0.251556530156097
-0.13101,-0.241593730992941
-0.13866,-0.230624250155719
-0.14578,-0.218692552810209
-0.15234,-0.205847527385771
-0.1583,-0.192133069779059
-0.16363,-0.177595370042369
-0.16832,-0.162296083513246
-0.17234,-0.146292933071246
-0.17566,-0.129638929177822
-0.17827,-0.112396608632939
-0.18015,-0.0946270411898031
-0.18129,-0.0763957665522444
-0.18167,-0.0577626339078861
-0.18128,-0.0387885145216777
-0.18013,-0.0195480500012361
-0.17819,-9.51680568598984e-05
-0.17548,0.0194976445928127
-0.17198,0.0391747649004578
-0.16771,0.0588664010183977
-0.16266,0.0785157465525463
-0.15685,0.0980561732919251
-0.15028,0.117430105940467
-0.14296,0.136581830668053
-0.13492,0.155444272683325
-0.12617,0.173958224035951
-0.11672,0.192072860502243
-0.10661,0.209723771606515
-0.095853,0.226857767230932
-0.084484,0.243416346866407
-0.072528,0.259346192484267
-0.060019,0.274593444364337
-0.046991,0.289105764999939
-0.03348,0.302832487246823
-0.019522,0.315726173802781
-0.0051579,0.32774016926619
0.0095728,0.338831267042115
0.02463,0.348960289914179
0.039967,0.358088014359825
0.055548,0.366184825853071
0.071323,0.37321968345124
0.087248,0.379166193831028
0.10328,0.384003676138479
0.11938,0.38772008257028
0.1355,0.390304501921656
0.15159,0.391746245088942
0.16762,0.392050351131981
0.18354,0.391220076055627
0.19932,0.389272387771038
0.21491,0.386220486242469
0.23027,0.382081967669581
0.24537,0.376885254864897
0.26018,0.370667076844193
0.27465,0.363455395959565
0.28876,0.355292810368826
0.30247,0.346218016928941
0.31576,0.336280520135563
0.32858,0.325515183077342
0.34092,0.3139738239987
0.35275,0.301705830449195
0.36403,0.288749959096414
0.37475,0.275157540870427
0.38486,0.260959050276069
0.39436,0.246204233179917
0.40321,0.230927358312205
0.41138,0.215156566995331
0.41885,0.198921535127812
0.4256,0.182252199958872
0.4316,0.165170321392242
0.43682,0.147690273269237
0.44125,0.129834654668847
0.44485,0.111609679157733
0.44761,0.0930301385692923
0.4495,0.0741023223867351
0.45051,0.0548400654370014
0.45061,0.0352479088912204
0.44978,0.0153299631623216
0.44802,-0.0048955335912525
0.4453,-0.0254218107223563
0.44162,-0.0462295130350779
0.43697,-0.0672972190206039
0.43133,-0.0886099642138669
0.42472,-0.110128963726853
0.41711,-0.131834386556968
0.40853,-0.153677985719039
0.39897,-0.175619620479789
0.38843,-0.197619509281077
0.37694,-0.219617204974268
0.3645,-0.241559568068128
0.35113,-0.263386161383286
0.33685,-0.285032486592683
0.32168,-0.306432719188964
0.30566,-0.327507178958806
0.28881,-0.34818219798529
0.27116,-0.368383822495454
0.25275,-0.388032781146058
0.23361,-0.407055388570145
0.21379,-0.425370030490031
0.19332,-0.442906090135024
0.17227,-0.459574567021594
0.15066,-0.475311462126687
0.12855,-0.490045563920434
0.106,-0.503702282280001
0.083041,-0.516228286769909
0.059741,-0.527562024060393
0.036151,-0.537650120078525
0.012328,-0.546443379230042
-0.011676,-0.553901595615117
-0.0358,-0.559986845444224
-0.059988,-0.564668372199804
-0.084184,-0.567922631969436
-0.10833,-0.569731654178157
-0.13236,-0.57007712090582
-0.15623,-0.568957771189397
-0.17988,-0.566374864111299
-0.20326,-0.562339604789859
-0.22629,-0.556849250807356
-0.24895,-0.549934742914268
-0.27116,-0.54160944033787
-0.29289,-0.531909581132331
-0.31407,-0.520859689838905
-0.33465,-0.508489334045775
-0.3546,-0.494846453609164
-0.37385,-0.479963218177708
-0.39238,-0.463895437777246
-0.41012,-0.446679708746983
-0.42704,-0.428365891889216
-0.4431,-0.409005919633917
-0.45826,-0.38865208461058
-0.47248,-0.367355608037352
-0.48573,-0.34517286899691
-0.49798,-0.3221628604588
-0.50918,-0.298370241582656
-0.51934,-0.273871181221637
-0.5284,-0.248713316344523
-0.53635,-0.222956816242728
-0.54318,-0.196670137456782
-0.54886,-0.169911578457194
-0.55339,-0.142751625259606
-0.55676,-0.11526103542202
-0.55895,-0.087501202012546
-0.55996,-0.059538782554133
-0.55979,-0.0314425357712686
-0.55846,-0.00329549585534542
-0.55595,0.0248399809297052
-0.55228,0.0528907156918821
-0.54747,0.0807772073656264
-0.54153,0.108424830370458
-0.53448,0.135757965226487
-0.52634,0.162702714735043
-0.51714,0.189181671663334
-0.50691,0.215117205000818
-0.49567,0.240441528819255
-0.48347,0.265074998479737
-0.47035,0.288938518764863
-0.45633,0.311970938625082
-0.44146,0.33410565151214
-0.4258,0.355266677950299
-0.40938,0.375395332718222
-0.39225,0.394434303570916
-0.37447,0.412322189885025
-0.35608,0.429011391505191
-0.33713,0.444459985192945
-0.31769,0.458617633165419
-0.2978,0.471451410048062
-0.27751,0.482936578688722
-0.2569,0.493034143078096
-0.236,0.501732269755665
-0.21487,0.509019788105557
-0.19357,0.514886989095907
-0.17215,0.519333593748299
-0.15067,0.522360110097443
-0.12917,0.52398300599146
-0.10771,0.524216909978988
-0.086335,0.523086163612261
-0.065095,0.520619047182522
-0.044036,0.516849640768294
-0.023204,0.511816171552104
-0.002641,0.505562488307388
0.017609,0.498134620504897
0.03751,0.489585297768089
0.05702,0.479967017163658
0.076107,0.46933824741154
0.09473,0.457754173271611
0.11287,0.445282202330149
0.13048,0.43197712077154
0.14754,0.417902026521507
0.16404,0.403132370515175
0.17993,0.387721879090164
0.19522,0.371749565096516
0.20986,0.355268170142916
0.22387,0.338359405721602
0.2372,0.321074144432873
0.24987,0.303488527639441
0.26186,0.285667144765322
0.27316,0.267670614361075
0.28377,0.24956176123047
0.29369,0.23140312131659
0.30291,0.21324752245782
0.31145,0.195160308624784
0.3193,0.17719253930757
0.32646,0.159389326420596
0.33295,0.141804086069611
0.33877,0.124480224975673
0.34393,0.107458823171678
0.34844,0.0907774830647442
0.35231,0.0744694926775237
0.35555,0.0585632648956553
0.35818,0.0430894139892521
0.3602,0.028064222866654
0.36164,0.0135136786072325
0.36251,-0.000544371447146933
0.36283,-0.0140921840128906
0.3626,-0.0271278196800719
0.36185,-0.0396403943874836
0.36058,-0.0516347213208349
0.35883,-0.0630989670567818
0.3566,-0.0740381567760627
0.3539,-0.0844637410916804
0.35076,-0.0943776096664426
0.3472,-0.103781607275556
0.34321,-0.112699970350036
0.33883,-0.121137647700091
0.33406,-0.129113743728181
0.32892,-0.136643699209755
0.32343,-0.143739794283477
0.31759,-0.150426399597488
0.31142,-0.156722352247862
0.30493,-0.162649060015911
0.29813,-0.168229543681892
0.29104,-0.17348020438025
0.28367,-0.178419125738723
0.27602,-0.183072702643539
0.26811,-0.187458567876532
0.25995,-0.191594225768131
0.25154,-0.195503994544898
0.2429,-0.199202226029794
0.23404,-0.202702209847411
0.22496,-0.206023362397895
0.21567,-0.209182066475084
0.20619,-0.212184356916949
0.19651,-0.215049865294188
0.18665,-0.217786388526939
0.17662,-0.220399277417005
0.16643,-0.22289165984387
0.15608,-0.225272076248142
0.14558,-0.227545707389544
0.13494,-0.229714789697935
0.12418,-0.231771626145212
0.1133,-0.233715397928453
0.10232,-0.235535959130341
0.091237,-0.237232831005103
0.080071,-0.238796248784873
0.068833,-0.240215802300472
0.057537,-0.241478545619768
0.046191,-0.242574207498469
0.034811,-0.243488980071171
0.023409,-0.244209491134574
0.011999,-0.244721567186902
0.00059374,-0.245011680638888
-0.010792,-0.245065670333643
-0.022141,-0.244867441145634
-0.033445,-0.244406407673186
-0.044684,-0.243668052975105
-0.055841,-0.242637330794774
-0.066904,-0.241302906431391
-0.077852,-0.239650133555766
-0.088669,-0.237665840290158
-0.099337,-0.235336976375308
-0.10984,-0.232652485415086
-0.12015,-0.229594411977813
-0.13026,-0.226155323088347
-0.14014,-0.222319540853225
-0.14977,-0.218072640464104
-0.15914,-0.213409074754086
-0.16823,-0.208323308338308
-0.17701,-0.202802673765986
-0.18547,-0.196843981282429
-0.19358,-0.190437076510486
-0.20133,-0.183581354228041
-0.20871,-0.176284031045475
-0.21568,-0.168536363439038
-0.22225,-0.160354051614674
-0.22838,-0.151735206592903
-0.23408,-0.142700885446374
-0.23931,-0.133253195369641
-0.24408,-0.123415968882022
-0.24836,-0.113200406481935
-0.25215,-0.102629475427946
-0.25543,-0.0917202716373434
-0.2582,-0.0804995282696197
-0.26045,-0.068993662985564
-0.26217,-0.0572281462190498
-0.26336,-0.0452343926673621
-0.26401,-0.0330403529468692
-0.26413,-0.0206851925087966
-0.2637,-0.00819383358363909
-0.26274,0.00439144233308554
-0.26124,0.0170377626501034
-0.2592,0.0297134272192559
-0.25664,0.0423738655257313
-0.25355,0.0549876431949314
-0.24995,0.0675127240525678
-0.24585,0.079907213424315
-0.24126,0.0921306280062872
-0.23618,0.104152300914714
-0.23064,0.115928336656854
-0.22464,0.127427766503606
-0.21822,0.138601529796222
-0.21137,0.149424518507078
-0.20413,0.159854896791834
-0.19651,0.169860926828703
-0.18853,0.179412747783669
-0.18022,0.188475712526882
-0.1716,0.197019933790631
-0.16269,0.205020463351996
-0.15352,0.212449919036776
-0.14411,0.219287397622476
-0.13449,0.225510697682634
-0.12468,0.231104876317724
-0.1147,0.236061560326201
-0.10459,0.240363424280307
-0.094374,0.243998522344991
-0.084073,0.246962074006187
-0.073714,0.249251058373252
-0.063324,0.250864239114698
-0.052928,0.251803602425763
-0.042553,0.252072459023098
-0.032224,0.25167682237104
-0.021964,0.250626432965589
-0.011801,0.248930293170449
-0.0017537,0.246603645232349
0.0081506,0.243660176455564
0.017892,0.240117591358182
0.027451,0.235996801254627
0.036804,0.231317840986964
0.045936,0.226105972074353
0.054826,0.220385647426927
0.063459,0.214184522498596
0.071819,0.207531406146431
0.079895,0.200458996905358
0.087669,0.192997091000198
0.095132,0.185178994047856
0.10228,0.177043619163816
0.10909,0.16861926287359
0.11556,0.159940362139201
0.12169,0.151046769305069
0.12747,0.141974140532415
0.1329,0.132761070210761
0.13797,0.123439951705631
0.14269,0.114051942702115
0.14705,0.104629201013073
0.15105,0.0952029717841562
0.15469,0.0858027146801118
0.15798,0.0764628345093597
0.16093,0.0672205784157864
0.16353,0.0580994680872598
0.16579,0.049125869900806
0.16772,0.0403274758050879
0.16934,0.0317394453722048
0.17064,0.0233795774188102
0.17163,0.0152657167160057
0.17234,0.00742977829826961
0.17276,-0.000115679536045242
0.17291,-0.00735212593376397
0.17281,-0.0142569863019197
0.17246,-0.020820083415729
0.17188,-0.0270269840075158
0.17107,-0.0328752699815519
0.17006,-0.0383503527627094
0.16885,-0.0434506603524193
0.16746,-0.0481706093873792
0.16589,-0.0525165641520029
0.16416,-0.0564897946486193
0.16228,-0.0600950471721625
0.16026,-0.0633399474550789
0.15811,-0.0662344319005388
0.15583,-0.0687976119026709
0.15344,-0.0710408652074287
0.15095,-0.0729765727660273
0.14836,-0.074625111622152
0.14568,-0.0760054789341861
0.14291,-0.0771425468586185
0.14007,-0.0780505475257183
0.13715,-0.0787569957781034
0.13416,-0.0792846293954817
0.13111,-0.0796517524909796
0.12799,-0.0798873966269494
0.1248,-0.0800210636279877
0.12156,-0.0800670340776977
0.11826,-0.0800490679621147
0.1149,-0.0799904693776709
0.11147,-0.0799208793256385
0.10798,-0.0798593863995079
0.10443,-0.0798233577081285
0.10081,-0.0798355856324841
0.097127,-0.0799099331546255
0.093364,-0.0800703130534558
0.089523,-0.080333917378243
0.085598,-0.0807178401778765
0.081584,-0.0812377524360631
0.077475,-0.08190834693333
0.073264,-0.0827437195300233
0.068946,-0.0837554715840786
0.064512,-0.0849556818373193
0.059953,-0.0863563320703016
0.055266,-0.0879644106058869
0.050439,-0.089789189299955
0.045465,-0.0918376780812381
0.040336,-0.0941154623016947
0.035043,-0.0966274175115077
0.02958,-0.0993753499383108
0.023938,-0.102360616469557
0.01811,-0.105582555779855
0.012089,-0.109038762498712
0.0058699,-0.112723954893537
-0.00055345,-0.116631326204788
-0.0071867,-0.120752536146503
-0.014032,-0.125075535309694
-0.021092,-0.129585876039921
-0.028371,-0.134268693271923
-0.035868,-0.139105185666871
-0.043584,-0.144075294234936
-0.051517,-0.149156209869012
-0.059665,-0.154323476242987
-0.068024,-0.159550458248808
-0.076587,-0.164807246942992
-0.085351,-0.17006505618379
-0.094304,-0.175290140918246
-0.10344,-0.180450136156434
-0.11275,-0.185512492943954
-0.12221,-0.190434365548348
-0.13182,-0.195183587436237
-0.14155,-0.199715382432842
-0.1514,-0.20399831840676
-0.16134,-0.207990522482496
-0.17134,-0.211642985100567
-0.1814,-0.214924607442446
-0.19148,-0.217790178373519
-0.20156,-0.220199322756099
-0.21161,-0.222109468781077
-0.22161,-0.223485047481257
-0.23152,-0.224282552369704
-0.24133,-0.224475697241673
-0.25099,-0.224023487128228
-0.26048,-0.22289664474909
-0.26976,-0.221061628879645
-0.27881,-0.218497458921978
-0.28759,-0.215179371099908
-0.29607,-0.211087933747611
-0.30423,-0.206216254309341
-0.31201,-0.200538480649445
-0.31941,-0.194058853642202
-0.32638,-0.18676910205078
-0.3329,-0.178673590721956
-0.33893,-0.169772261166286
-0.34445,-0.160076566837422
-0.34943,-0.149599813360221
-0.35385,-0.13836410173691
-0.35767,-0.126383484053985
-0.36088,-0.113687548559178
-0.36345,-0.10030302190942
-0.36536,-0.0862611793157702
-0.3666,-0.0716036696691237
-0.36714,-0.05636472756823
-0.36697,-0.0405865787415036
-0.36609,-0.0243242233075616
-0.36447,-0.00761935035236899
-0.36211,0.0094760044962832
-0.359,0.0269102802624036
-0.35515,0.0446189366919903
-0.35054,0.0625509581594238
-0.34518,0.0806455260604138
-0.33907,0.0988430906678886
-0.33222,0.117079495671765
-0.32464,0.135288787630962
-0.31633,0.153412953444013
-0.3073,0.171394806846363
-0.29758,0.189164865020348
-0.28718,0.206660690175369
-0.27612,0.223820131292417
-0.26442,0.240583294753087
-0.25211,0.256886698587633
-0.23921,0.272673464080119
-0.22575,0.287886585869004
-0.21175,0.302478322671858
-0.19726,0.316387953850253
-0.18231,0.329561171630732
-0.16692,0.341958157405758
-0.15115,0.353522751377679
-0.13501,0.36422459448404
-0.11857,0.37401107085627
-0.10184,0.382857905159383
-0.08487,0.390735248167904
-0.067705,0.397613770251056
-0.050384,0.403470280646061
-0.032945,0.40828839103164
-0.015429,0.412055907458336
0.0021215,0.414763714569251
0.01967,0.416410325123877
0.037173,0.416995714856054
0.054597,0.416528866860849
0.0719,0.415019911746489
0.089049,0.412486679650704
0.10601,0.408952356685391
0.12274,0.404437509508943
0.13922,0.398978097175652
0.15542,0.392613674016175
0.1713,0.385378493949912
0.18684,0.377316620528087
0.20202,0.368479021832655
0.21681,0.358913620034243
0.23119,0.348672098717556
0.24514,0.337807852866198
0.25865,0.326381651449425
0.27171,0.314458579574324
0.28429,0.302090630066724
0.29638,0.289332546648175
0.30798,0.276247086946605
0.31908,0.262894240101326
0.32967,0.249329972479642
0.33974,0.23560528361683
0.34929,0.221772938882145
0.35832,0.207885431932842
0.36682,0.193985933548074
0.37478,0.180108608720377
0.38222,0.166301276349512
0.38912,0.152591542378893
0.39548,0.13900439252809
0.40131,0.125569033124092
0.4066,0.112302114247588
0.41136,0.099224120695268
0.41558,0.0863429035238312
0.41927,0.0736703277508075
0.42242,0.0612060124392176
0.42504,0.0489541424797913
0.42714,0.0369221284038016
0.4287,0.0250972767000019
0.42974,0.0134802915773854
0.43026,0.00206757614489305
0.43025,-0.00915549868555295
0.42972,-0.0201975320192734
0.42867,-0.0310696619970291
0.42711,-0.0417775858373969
0.42502,-0.0523448336711341
0.42244,-0.0627644805987773
0.41934,-0.0730571389447617
0.41574,-0.083228215404834
0.41164,-0.0932856174048343
0.40704,-0.103239144265812
0.40196,-0.113085142648404
0.39639,-0.122831451581739
0.39035,-0.132472824675497
0.38384,-0.142008433743606
0.37688,-0.151426267700438
0.36946,-0.160727827747003
0.3616,-0.169903308196646
0.35332,-0.178934072652482
0.34461,-0.187817061785235
0.33551,-0.196524902158492
0.32601,-0.20504834876469
0.31613,-0.213370862586535
0.3059,-0.221463113509667
0.29531,-0.229315862246204
0.2844,-0.23689939284582
0.27317,-0.244197921832425
0.26164,-0.251192602197324
0.24982,-0.257870110194772
0.23774,-0.264207240256498
0.22541,-0.270188332273198
0.21284,-0.27580433826446
0.20006,-0.281037118243919
0.18707,-0.28588400052043
0.1739,-0.290332803385833
0.16057,-0.294371532956648
0.14709,-0.29799618831264
0.13348,-0.301202057797653
0.11976,-0.303984117838005
0.10595,-0.306337355341341
0.092062,-0.308262939998951
0.078114,-0.30976268307951
0.064132,-0.310833069538772
0.050128,-0.311476846096508
0.036124,-0.311694441752136
0.022138,-0.31148746195811
0.0081929,-0.310854882462834
-0.0056936,-0.309797511967147
-0.019501,-0.308315618322061
-0.033207,-0.306407763644401
-0.04679,-0.304071751726379
-0.06023,-0.301306071862409
-0.073504,-0.29810763959477
-0.086589,-0.294472232021035
-0.099466,-0.290397823962707
-0.11211,-0.28587982347211
-0.1245,-0.280914693098897
-0.13662,-0.275503580946491
-0.14844,-0.269641074799802
-0.15994,-0.263324054903153
-0.17111,-0.256558769287693
-0.18192,-0.249344110509175
-0.19236,-0.241687909204121
-0.20241,-0.233597643287109
-0.21206,-0.225087750910955
-0.22128,-0.216163148290231
-0.23007,-0.20684316226469
-0.23841,-0.19714345976666
-0.2463,-0.18709115863608
-0.25372,-0.176707114179832
-0.26067,-0.166021375306262
-0.26714,-0.15506319949008
-0.27312,-0.143860406231505
-0.27862,-0.132453666723709
-0.28364,-0.120885488992802
-0.28818,-0.109198673142609
-0.29223,-0.0974276341362965
-0.29581,-0.0856211825200089
-0.29891,-0.0738161168838754
-0.30156,-0.062068005968053
-0.30374,-0.0504089257454251
-0.30549,-0.0388953397496591
-0.3068,-0.0275646812027193
-0.3077,-0.0164674014857739
-0.30819,-0.0056406675583517
-0.30829,0.00487552940127167
-0.30802,0.0150402736848377
-0.3074,0.0248132865968601
-0.30645,0.0341561781970927
-0.30518,0.0430408161513287
-0.30362,0.0514336291992782
-0.30179,0.0593052884247872
-0.29971,0.066631004236901
-0.29741,0.0733832551282863
-0.29492,0.0795333894470249
-0.29225,0.0850677349328521
-0.28943,0.0899706151996876
-0.28649,0.0942255014492692
-0.28346,0.0978159472346316
-0.28035,0.100741123906016
-0.2772,0.102990953016739
-0.27403,0.104563269949679
-0.27087,0.105455246114853
-0.26773,0.105678671172527
-0.26464,0.105242296049598
-0.26163,0.104152452830044
-0.25871,0.102428382789243
-0.2559,0.100092052487443
-0.25323,0.0971598550325627
-0.2507,0.0936656217897642
-0.24833,0.0896417173621694
-0.24614,0.0851186080387289
-0.24414,0.0801319231244737
-0.24233,0.0747279860199854
-0.24072,0.0689531807894774
-0.23933,0.0628453468932715
-0.23814,0.0564640081468023
-0.23716,0.0498623785099373
-0.2364,0.0430871198469926
-0.23583,0.036207860973691
-0.23547,0.0292738043270088
-0.2353,0.022345810736401
-0.23531,0.0154849404718786
-0.23549,0.00875058523993692
-0.23582,0.00220637091387557
-0.23629,-0.00409001494262794
-0.23687,-0.0100727066924746
-0.23756,-0.0156935024711665
-0.23832,-0.0208904891462291
-0.23914,-0.0256149032639136
-0.23998,-0.0298080772555322
-0.24083,-0.0334275096656406
-0.24165,-0.0364230966718288
-0.24241,-0.0387477674676593
-0.2431,-0.0403733806675826
-0.24366,-0.0412512857123266
-0.24409,-0.0413624231821244
-0.24434,-0.0406755825999717
-0.24438,-0.0391658457813305
-0.24419,-0.0368218797469582
-0.24372,-0.0336218749598522
-0.24296,-0.0295661820753067
-0.24187,-0.024651257957388
-0.24042,-0.0188783370421362
-0.23857,-0.0122454747382621
-0.23632,-0.00477817680338677
-0.23361,0.00352060386870918
-0.23044,0.012621461838342
-0.22677,0.02250371957099
-0.22257,0.0331466040112279
-0.21784,0.0445073832038354
-0.21253,0.0565635079527049
-0.20664,0.0692721313078332
-0.20015,0.0825898155333941
-0.19303,0.0964810636316128
-0.18528,0.110895448618248
-0.17687,0.125793977286622
-0.16781,0.141118301955544
-0.15809,0.156810812866876
-0.14769,0.172823448341701
-0.13662,0.189095008693477
-0.12487,0.205570224956929
-0.11245,0.222185419220479
-0.099363,0.238877166512022
-0.085612,0.25558412247787
-0.071207,0.272243300562084
-0.056161,0.288790102744105
-0.040489,0.305159152141096
-0.024207,0.321285750631792
-0.0073397,0.337101366941119
0.010098,0.352543806800744
0.028073,0.367544561612973
0.046564,0.382040985693663
0.065535,0.395966379053946
0.084957,0.409258168821575
0.10479,0.421851099979217
0.125,0.433684406772175
0.14555,0.44470083596231
0.1664,0.45484578508236
0.18749,0.464053973346438
0.2088,0.472283356828907
0.23026,0.47947530874829
0.25184,0.485589526099587
0.27348,0.490579916636595
0.29513,0.494404901605455
0.31674,0.497028200059468
0.33825,0.498411925406729
0.35961,0.498525847668741
0.38077,0.497347258415796
0.40167,0.494853265096033
0.42226,0.491029363289439
0.44248,0.485861319936592
0.46227,0.479336001004788
0.48159,0.471456781807389
0.50039,0.462233339050315
0.5186,0.451665841785641
0.53617,0.439762000688692
0.55306,0.426543187669544
0.56922,0.412034203399914
0.58459,0.396254909596627
0.59913,0.379235759172206
0.6128,0.361015213637966
0.62556,0.341637425916825
0.63735,0.321135392329763
0.64815,0.299561992591957
0.65791,0.276962683168187
0.6666,0.25339062510235
0.67419,0.228903842655618
0.68065,0.203562772234152
0.68595,0.177428183512766
0.69007,0.150566849682231
0.69299,0.123048527952737
0.69467,0.0949286146266201
0.69512,0.0662862659574745
0.69432,0.037195310181908
0.69224,0.00771570004987945
0.68889,-0.0220760847812675
0.68426,-0.0521073663685372
0.67834,-0.0823107883835702
0.67113,-0.11261804483078
0.66263,-0.142962274888305
0.65285,-0.173272581590275
0.64178,-0.203491929549309
0.62945,-0.233546857068205
0.61585,-0.26338267468007
0.60102,-0.292924796726938
0.58495,-0.322122066699212
0.56768,-0.350907121878513
0.54922,-0.379224049670511
0.52961,-0.407006007443326
0.50886,-0.434201854259691
0.48702,-0.460745443351911
0.46412,-0.486575640852291
0.44019,-0.511637540023015
0.41528,-0.53586849781728
0.38942,-0.559216668365766
0.36267,-0.58161868297833
0.33506,-0.603026338535509
0.30667,-0.623368545348453
0.27752,-0.642602607778947
0.24768,-0.660673469625481
0.21722,-0.677518170381322
0.18617,-0.693099215889111
0.15461,-0.707364260392557
0.12261,-0.720258368315949
0.090217,-0.73174356583681
0.057511,-0.74177274687547
0.024553,-0.750307334603329
-0.008583,-0.757307618071467
-0.041827,-0.762737560881139
-0.075108,-0.766564874153876
-0.10836,-0.768765409472671
-0.14149,-0.769302809410905
-0.17445,-0.768165658154301
-0.20716,-0.765339821105413
-0.23954,-0.760809877308316
-0.27152,-0.754567674324794
-0.30304,-0.746619017417287
-0.33401,-0.736959097551635
-0.36437,-0.725597308177615
-0.39406,-0.712554665177292
-0.423,-0.697846613709011
-0.45113,-0.681498862685943
-0.47839,-0.663545053839252
-0.50472,-0.644024648109673
-0.53004,-0.622966237719322
-0.55432,-0.600426105389324
-0.57749,-0.576451987192102
-0.5995,-0.551098425720938
-0.6203,-0.52442412522166
-0.63985,-0.496497068457868
-0.6581,-0.467383566039042
-0.67501,-0.437154218463257
-0.69055,-0.405888563273647
-0.70468,-0.373663754720733
-0.71738,-0.340567644003484
-0.72861,-0.306679412894203
-0.73836,-0.272091122343598
-0.74662,-0.23690251669347
-0.75335,-0.201194407606498
-0.75857,-0.165074224499036
-0.76225,-0.128630640306391
-0.76439,-0.0919566133336681
-0.76501,-0.0551604062155378
-0.76409,-0.0183296652990981
-0.76166,0.0184304732267507
-0.75772,0.0550263289719684
-0.7523,0.0913543614243194
-0.7454,0.127328657090413
-0.73706,0.162850885800954
-0.7273,0.197830809607975
-0.71615,0.232180433670768
-0.70365,0.26580925752687
-0.68983,0.298635319987008
-0.67473,0.330579104939617
-0.6584,0.361558579577355
-0.64088,0.391500057786119
-0.62222,0.42033195497607
-0.60246,0.447994500609161
-0.58167,0.474417676587088
-0.55988,0.499555469117808
-0.53717,0.523346283703651
-0.51359,0.545740601189496
-0.4892,0.566693354016892
-0.46407,0.586157658115265
-0.43825,0.604101979340543
-0.41181,0.620493973957475
-0.38482,0.635302257898082
-0.35734,0.648505176135788
-0.32945,0.660075406493788
-0.3012,0.670004652554773
-0.27268,0.678271254651531
-0.24394,0.684873570883628
-0.21506,0.689804560466452
-0.18611,0.693060993949584
-0.15714,0.694658139623464
-0.12824,0.694596717925588
-0.099461,0.692895034300949
-0.070872,0.689572227160614
-0.042539,0.684650245086032
-0.014523,0.678156805014635
0.013113,0.670122411445456
0.040311,0.660583020221594
0.067014,0.649579046442997
0.093162,0.63715145058697
0.1187,0.623344443231476
0.14358,0.608209018547773
0.16776,0.591804850793448
0.19117,0.574176410068987
0.21377,0.555376951420634
0.23553,0.535472789670135
0.2564,0.514524191813617
0.27634,0.492592280263107
0.29532,0.46974453060574
0.31331,0.446051608986224
0.33026,0.421569910524376
0.34616,0.396372189103932
0.36098,0.370527414553539
0.3747,0.344106798917743
0.3873,0.317181164801855
0.39877,0.289826201584002
0.40909,0.262111755194341
0.41825,0.234108108776025
0.42624,0.205883607771542
0.43307,0.177517567748388
0.43873,0.14908079262587
0.44323,0.12064965604558
0.44657,0.0922950941531303
0.44877,0.064096045225191
0.44982,0.0361130735989205
0.44976,0.00842673593213938
0.44859,-0.0188985911607523
0.44635,-0.0457842862766932
0.44305,-0.0721651176295265
0.43871,-0.0979815987308344
0.43338,-0.123158901572711
0.42708,-0.147634632630353
0.41985,-0.171343922536426
0.41172,-0.194229673154723
0.40274,-0.21622842996644
0.39294,-0.237288746009795
0.38237,-0.257356089186156
0.37108,-0.276375548913616
0.35911,-0.294301416481454
0.34651,-0.311089876076594
0.33332,-0.326707855639679
0.3196,-0.3411176861611
0.30539,-0.354294427719637
0.29075,-0.366209904709668
0.27572,-0.376849491863515
0.26035,-0.386203087323474
0.2447,-0.394257700089209
0.22882,-0.40100631075866
0.21274,-0.40646223028964
0.19654,-0.410618351701371
0.18024,-0.413496157272947
0.1639,-0.415110484666743
0.14756,-0.415485650077511
0.13128,-0.414638568360743
0.1151,-0.412594882654008
0.09906,-0.409386908666967
0.083203,-0.405049555599981
0.067567,-0.399622850886899
0.052198,-0.393144186915344
0.037124,-0.385661329175274
0.022388,-0.37721818650097
0.0080175,-0.367865961604901
-0.0059557,-0.3576572655472
-0.019502,-0.34664610849316
-0.032598,-0.334890775156191
-0.045218,-0.322449708029838
-0.057341,-0.309383325258631
-0.068947,-0.295752660646401
-0.080025,-0.281624134156757
-0.090555,-0.267059911241669
-0.10053,-0.252126479646529
-0.10994,-0.236889583500176
-0.11877,-0.221408648983833
-0.12703,-0.205754612070773
-0.1347,-0.189983285734924
-0.14179,-0.174158635358903
-0.1483,-0.158341718242202
-0.15424,-0.14259662189626
-0.15959,-0.126965563606562
-0.16438,-0.111508532400244
-0.16861,-0.0962756017607271
-0.17228,-0.0813070534953439
-0.1754,-0.0666411085077463
-0.178,-0.0523276061696233
-0.18007,-0.0383943588124353
-0.18163,-0.0248723718861393
-0.18269,-0.0117865009688255
-0.18327,0.000837114538157745
-0.18338,0.0129798746547378
-0.18304,0.0246228307219658
-0.18225,0.035762514775598
-0.18105,0.046378905294978
-0.17943,0.0564765804147816
-0.17742,0.0660506669580364
-0.17503,0.0751039998795327
-0.17229,0.0836311370861842
-0.16919,0.0916500446949508
-0.16578,0.0991530464573582
-0.16206,0.106149281036928
-0.15804,0.112654083926961
-0.15376,0.118665462603759
-0.14922,0.124197324768006
-0.14445,0.129254052413834
-0.13945,0.133854617533436
-0.13426,0.137999846691038
-0.12888,0.141705653165121
-0.12334,0.144977637508239
-0.11765,0.147827849699779
-0.11182,0.150273323542262
-0.10588,0.152319962796248
-0.099829,0.153987543144347
-0.093692,0.155287333294223
-0.087477,0.156236069647619
-0.081202,0.156847091512297
-0.074875,0.157138064759451
-0.068508,0.157126728322399
-0.062115,0.15682893207153
-0.055697,0.156268185748315
-0.049273,0.155460218708523
-0.042846,0.154425870075809
-0.036424,0.153185800893099
-0.030015,0.151759926343338
-0.023624,0.150169184139425
-0.017259,0.148432484801884
-0.010921,0.14657169231617
-0.0046159,0.144606752179959
0.0016521,0.142556687145295
0.0078799,0.140439969981522
0.014064,0.138273721155296
0.020204,0.136075679599557
0.026293,0.133858669193829
0.032335,0.131639130206827
0.038324,0.129428441347828
0.044259,0.127237148472359
0.05014,0.125075433290253
0.055961,0.12294832408362
0.061725,0.120863063726737
0.067427,0.118822420688549
0.073064,0.116826813770376
0.078636,0.114876828645927
0.084137,0.112968592654294
0.089567,0.111099045135151
0.09492,0.109261297359267
0.10019,0.107445438597222
0.10538,0.10564593059299
0.11048,0.103851196872093
0.11549,0.102052411209621
0.1204,0.100235727868304
0.1252,0.0983835558306212
0.12989,0.0964830890803128
0.13447,0.0945256804168477
0.13893,0.0924988510460949
0.14326,0.0903873540702674
0.14745,0.0881741082072632
0.1515,0.0858484043976509
0.15539,0.0833901795911328
0.15913,0.0807945750954999
0.1627,0.078046972118821
0.16609,0.0751327154466741
0.16929,0.0720375549580382
0.17229,0.068747999255045
0.17509,0.0652589871203903
0.17766,0.061550275131626
0.18,0.0576121752677585
0.1821,0.0534364456719828
0.18395,0.0490163193942609
0.18553,0.0443390934653798
0.18683,0.0393950986664759
0.18785,0.0341848534544637
0.18856,0.0286949875351925
0.18897,0.0229309664929786
0.18904,0.0168764119051734
0.18879,0.0105422354696753
0.1882,0.00393157472353867
0.18725,-0.00295868153072292
0.18595,-0.0101143291247631
0.18427,-0.017537079983587
0.18222,-0.0252117728730268
0.1798,-0.0331173689229688
0.17698,-0.0412507622571348
0.17378,-0.0495863592062479
0.17019,-0.0581032594184855
0.16621,-0.066777463399698
0.16184,-0.0755830887739761
0.15708,-0.0844934152125953
0.15194,-0.0934743683976979
0.14643,-0.102486867980784
0.14056,-0.111488864270163
0.13433,-0.12044447606995
0.12775,-0.129316432944767
0.12085,-0.138052645418704
0.11363,-0.146612758846567
0.10611,-0.154952296196872
0.098308,-0.163026283424842
0.090243,-0.17078998353493
0.081937,-0.178198023283352
0.073404,-0.18521186234004
0.064669,-0.19179160519234
0.055751,-0.197902027487075
0.046671,-0.203511408855745
0.037453,-0.208589774570232
0.028114,-0.213114837740181
0.018681,-0.217064022599182
0.0091714,-0.220422541379715
-0.00039265,-0.223179088213992
-0.0099883,-0.225325270781016
-0.019599,-0.226860245710526
-0.0292,-0.227783525120625
-0.038777,-0.228102949969769
-0.048306,-0.227825981313852
-0.057776,-0.22696946247229
-0.067162,-0.225547253796473
-0.076455,-0.223582509162693
-0.085637,-0.221098815429819
-0.094692,-0.218121150814149
-0.10361,-0.214679550522171
-0.11238,-0.210806727160319
-0.12098,-0.206528658533751
-0.12942,-0.201888949092118
-0.13767,-0.196914731597293
-0.14573,-0.191641353088263
-0.15359,-0.186102442436027
-0.16125,-0.180336722374435
-0.1687,-0.174378552416164
-0.17593,-0.168257789952297
-0.18294,-0.162007164492189
-0.18972,-0.155653335634656
-0.19628,-0.149232016447344
-0.2026,-0.142762933557085
-0.20868,-0.136267021765622
-0.21453,-0.129772842178094
-0.22014,-0.123299370162947
-0.2255,-0.116857153125066
-0.23062,-0.110464242856222
-0.23549,-0.104129260505413
-0.24012,-0.0978675797430204
-0.2445,-0.0916846129915696
-0.24863,-0.085584789248744
-0.2525,-0.0795640229596634
-0.25614,-0.0736408569490642
-0.25951,-0.0677996351487332
-0.26264,-0.0620491353262962
-0.26551,-0.0563804469070259
-0.26813,-0.0507926658951622
-0.27049,-0.0452764228094149
-0.2726,-0.0398304256272602
-0.27445,-0.0344450123680721
-0.27604,-0.0291113117351908
-0.27738,-0.0238286173173281
-0.27845,-0.0185805509982069
-0.27925,-0.0133532421169986
-0.2798,-0.00814992631525463
-0.28007,-0.00295051857259365
-0.28008,0.00224639931029919
-0.27981,0.00745677925550969
-0.27927,0.0126857034840159
-0.27845,0.0179441649449407
-0.27735,0.0232402393219057
-0.27596,0.0285868332680424
-0.27429,0.0339856071856652
-0.27233,0.0394438822489757
-0.27007,0.0449733238217299
-0.26752,0.0505739761283664
-0.26467,0.056251270528663
-0.26152,0.0620074012882986
-0.25806,0.0678492532027335
-0.2543,0.0737724795552326
-0.25024,0.0797711425875125
-0.24587,0.085845522858744
-0.24119,0.0919934703860421
-0.23621,0.0982035006919928
-0.23092,0.104471658950318
-0.22533,0.110785339059802
-0.21944,0.117132661197382
-0.21325,0.123502620275501
-0.20677,0.129877797216721
-0.2,0.136243449714683
-0.19294,0.142587384813217
-0.1856,0.14889240776086
-0.17798,0.15514516593809
-0.1701,0.16132099571507
-0.16195,0.167408990769439
-0.15355,0.173387486222845
-0.1449,0.179241569890977
-0.136,0.184962237871146
-0.12687,0.190530781750964
-0.11751,0.195936042375375
-0.10793,0.201165936613067
-0.098144,0.206205096485931
-0.088149,0.211048585325756
-0.077959,0.215687542957799
-0.06758,0.220116210789712
-0.057022,0.224328635350379
-0.046294,0.228319713541434
-0.035404,0.232086010389381
-0.02436,0.235625633511542
-0.013173,0.238935870109577
-0.0018539,0.242013590953995
0.0095903,0.244858391922691
0.021145,0.247466545930211
0.0328,0.249835083835471
0.044543,0.251960250690545
0.056361,0.253837313805702
0.068238,0.255458727735137
0.080162,0.256817901718045
0.092114,0.257904073951642
0.10408,0.258707162649099
0.11604,0.259213522448787
0.12798,0.259411494123112
0.13988,0.25928695443126
0.15173,0.258831632969573
0.16349,0.25802008209471
0.17516,0.256843332466479
0.1867,0.255276429176236
0.19811,0.253311859236606
0.20936,0.250934277278922
0.22042,0.248122533101312
0.23129,0.244873643488063
0.24192,0.241162483080181
0.25232,0.236991229515085
0.26244,0.232339758265603
0.27227,0.227200202396254
0.28179,0.221567505399724
0.29098,0.215439140453757
0.29982,0.208814817509561
0.30828,0.201688787609798
0.31635,0.194065962393938
0.32401,0.185952439856586
0.33123,0.1773478330691
0.33801,0.168268828079186
0.34432,0.158723347847413
0.35015,0.148726926959972
0.35549,0.138300905970942
0.36032,0.127463420843515
0.36462,0.116229599890719
0.3684,0.10463397139965
0.37163,0.0926962396902002
0.37432,0.0804532367309344
0.37645,0.0679324375644416
0.37802,0.0551678192798167
0.37904,0.0422050581921332
0.37949,0.0290758169041054
0.37937,0.0158143339691704
0.3787,0.00247070384074045
0.37748,-0.0109084223442677
0.37569,-0.0242953268882654
0.37337,-0.0376340842744525
0.3705,-0.0508920635451673
0.36711,-0.0640194938040968
0.36319,-0.0769839078572044
0.35877,-0.0897383006838907
0.35385,-0.102247631356665
0.34843,-0.114487700697776
0.34255,-0.126414400035004
0.3362,-0.138006006821793
0.32941,-0.149230136382356
0.32219,-0.160061767315893
0.31455,-0.170482786434336
0.30652,-0.180466655578438
0.29811,-0.189995849649075
0.28933,-0.199060884031448
0.28021,-0.207644531434997
0.27077,-0.215731476473538
0.26103,-0.223308637943367
0.251,-0.230372763183113
0.24071,-0.236914101500117
0.23018,-0.24292558854534
0.21943,-0.248402767703639
0.20848,-0.253343650503677
0.19735,-0.257748529816991
0.18608,-0.261604962138495
0.17467,-0.264920352890522
0.16315,-0.267695927361346
0.15155,-0.269928091197343
0.13987,-0.271631821750942
0.12816,-0.272799862710671
0.11642,-0.273444355725311
0.10467,-0.273578107714925
0.092944,-0.273203907461241
0.081249,-0.272336476107459
0.069608,-0.270988034435443
0.058037,-0.269173736540016
0.046556,-0.266907820716625
0.03518,-0.264207172568974
0.023926,-0.261088936269649
0.012808,-0.257572266902189
0.0018395,-0.253677827676201
-0.0089601,-0.249422597281406
-0.019586,-0.244830926525055
-0.030017,-0.239920317962115
-0.040247,-0.234713425564858
-0.050264,-0.229232047142471
-0.060059,-0.223498877032981
-0.069623,-0.217536663836211
-0.078948,-0.211368258114042
-0.088027,-0.205016636668184
-0.096852,-0.198503428509563
-0.10542,-0.191852188982396
-0.11372,-0.185081364133745
-0.12176,-0.178218713735232
-0.12952,-0.171277926180003
-0.13701,-0.164283022932491
-0.14422,-0.157250772909616
-0.15114,-0.150191494178643
-0.15778,-0.143124650651152
-0.16414,-0.136069002257357
-0.17022,-0.129042084565831
-0.17601,-0.122052418522936
-0.18152,-0.115115647553509
-0.18675,-0.108245173578248
-0.1917,-0.101452068580349
-0.19638,-0.0947524598222738
-0.20079,-0.0881585630286154
-0.20494,-0.0816863512474123
-0.20884,-0.075354244536826
-0.21249,-0.0691745967814662
-0.21589,-0.0631543815237603
-0.21907,-0.0573180711272054
-0.22203,-0.0516812578351944
-0.22477,-0.0462518105154413
-0.22732,-0.0410531864495768
-0.22968,-0.0360984461763846
-0.23186,-0.0313991631721612
-0.23387,-0.0269652386009628
-0.23572,-0.0228047958941976
-0.23743,-0.0189315415668331
-0.23901,-0.0153557679101061
-0.24047,-0.0120845884738765
-0.24182,-0.00912220793947398
-0.24307,-0.00647021590066273
-0.24422,-0.00412049699550157
-0.2453,-0.00207935845937043
-0.24632,-0.000349639878621739
-0.24727,0.00108360597601954
-0.24817,0.00222721770198683
-0.24903,0.00308883716333793
-0.24986,0.00367665488389319
-0.25066,0.0040065764008488
-0.25144,0.00409299787071387
-0.2522,0.0039561911481086
-0.25295,0.00361329643513514
-0.25369,0.00308591979280816
-0.25443,0.00239133101647895
-0.25516,0.00155765501853842
-0.25589,0.000606237046709257
-0.25661,-0.00043282535449864
-0.25732,-0.00153059517704814
-0.25803,-0.00266727265806161
-0.25872,-0.00380882535857581
-0.25938,-0.00491811398528594
-0.26003,-0.00597874500772201
-0.26063,-0.0069472187567137
-0.2612,-0.00780382849285462
-0.2617,-0.00850432479288657
-0.26215,-0.00903036418838006
-0.26251,-0.00934075831592309
-0.26278,-0.00940674763317009
-0.26295,-0.00920313753442768
-0.26299,-0.00869368433433185
-0.26289,-0.00784918988773777
-0.26263,-0.00663972271166176
-0.26219,-0.00503577608275193
-0.26155,-0.00300919708786796
-0.2607,-0.000541306010710085
-0.25962,0.0023855859041821
-0.25827,0.00580243409513418
-0.25665,0.0097202390993239
-0.25474,0.0141481566245831
-0.2525,0.0191081377675038
-0.24994,0.0245946360436639
-0.24703,0.0306094064238659
-0.24375,0.0371523874528937
-0.24008,0.0442218177323142
-0.23602,0.0517995920438576
-0.23154,0.0598768714981786
-0.22664,0.0684301266270052
-0.22131,0.0774318129806058
-0.21553,0.0868590979383913
-0.2093,0.0966786147386973
-0.20261,0.106856661137367
-0.19546,0.117352659496598
-0.18786,0.128114089335706
-0.17978,0.139109722361926
-0.17125,0.150281937043039
-0.16227,0.161575560409608
-0.15284,0.172938885930285
-0.14296,0.18432444941937
-0.13266,0.195667390946744
-0.12195,0.206905467527535
-0.11083,0.217987749316862
-0.099328,0.228853272904595
-0.087462,0.23944222890837
-0.075252,0.249696096175026
-0.062718,0.259559225673698
-0.049887,0.268974892101842
-0.036779,0.277892517243549
-0.023427,0.286258561517331
-0.0098509,0.294028581614488
0.0039152,0.301156537964332
0.017845,0.307602502934762
0.03191,0.313331328098179
0.046078,0.318310345399075
0.060323,0.322514775181417
0.074612,0.325922118371695
0.088918,0.328517189217004
0.10321,0.330288578494485
0.11747,0.331238270248782
0.13165,0.331357228225265
0.14574,0.330656275272145
0.15972,0.329154949022606
0.17354,0.326857483125842
0.1872,0.323792975913759
0.20066,0.319980528819828
0.2139,0.315445755411585
0.2269,0.310219087975725
0.23964,0.30433425947372
0.25209,0.297819563516767
0.26424,0.290713101655862
0.27606,0.283045200719814
0.28753,0.274846596811243
0.29863,0.266147589007303
0.30935,0.256984739451345
0.31966,0.247383898782083
0.32955,0.237376358910919
0.339,0.226989518409796
0.34798,0.216239438997147
0.35649,0.205154701977145
0.36452,0.193765721377465
0.37203,0.182081282584611
0.37904,0.170136738324017
0.38551,0.157943407646398
0.39145,0.145529767179831
0.39684,0.132915027359441
0.40168,0.120125055871119
0.40596,0.107182843149113
0.40967,0.0941082834187404
0.41282,0.0809328640538427
0.4154,0.0676816206503525
0.41742,0.0543883411643536
0.41887,0.041078000305149
0.41976,0.0277824058139092
0.42009,0.0145304347541778
0.41987,0.00135502754828164
0.41911,-0.0117086828126617
0.41781,-0.0246323384054171
0.41599,-0.0373792315649401
0.41367,-0.0499071270701221
0.41084,-0.062192874208327
0.40753,-0.0741999954278835
0.40376,-0.0858898951296125
0.39953,-0.0972383448247419
0.39487,-0.108211432256411
0.38979,-0.118783414523514
0.38432,-0.12892131145636
0.37847,-0.138602263887867
0.37226,-0.147805078364464
0.36571,-0.156510771206141
0.35884,-0.164702947146584
0.35166,-0.172375432090368
0.34421,-0.179508571010625
0.3365,-0.186094836359297
0.32854,-0.192136958608696
0.32036,-0.197631361552948
0.31196,-0.202591941604978
0.30338,-0.207016992208172
0.29462,-0.210922098272257
0.2857,-0.214321805030154
0.27663,-0.217237045862657
0.26742,-0.219693544894396
0.25809,-0.221712986243972
0.24865,-0.223320763473508
0.2391,-0.224552103792328
0.22946,-0.225434539932528
0.21972,-0.226010935715052
0.2099,-0.226313244000169
0.19999,-0.226385988088294
0.19001,-0.226260453861614
0.17995,-0.225978580025772
0.16982,-0.225574928861481
0.15961,-0.225091909298936
0.14932,-0.224569632536916
0.13895,-0.224045170930098
0.12851,-0.223544614870996
0.11798,-0.223106516548387
0.10737,-0.222756073983007
0.096675,-0.222517938686237
0.085885,-0.222419141422964
0.075004,-0.222477332151134
0.064026,-0.222709287213117
0.052945,-0.223130387716251
0.041765,-0.223746840254311
0.030476,-0.224567395301552
0.019079,-0.225594241498286
0.0075742,-0.226824571924764
-0.0040459,-0.228257086828673
-0.015775,-0.229881307624895
-0.027623,-0.231691404274738
-0.039579,-0.233669869383325
-0.051651,-0.235804041556001
-0.063833,-0.238074982468521
-0.076126,-0.240464228416087
-0.088523,-0.242948144158196
-0.10103,-0.245509060170852
-0.11362,-0.248110092505274
-0.12632,-0.25073971153705
-0.1391,-0.253364937313591
-0.15195,-0.255951140643276
-0.16488,-0.258478056908174
-0.17788,-0.260922770800695
-0.19093,-0.263253488841038
-0.20402,-0.265439548992401
-0.21715,-0.267459475311967
-0.2303,-0.269285067085187
-0.24346,-0.270890951423345
-0.25661,-0.272247425836289
-0.26974,-0.273329605884378
-0.28284,-0.274117291294484
-0.29588,-0.274579957437046
-0.30884,-0.274687116088652
-0.32172,-0.274424068859962
-0.33447,-0.273752437468656
-0.3471,-0.27266032608283
-0.35957,-0.271120716883089
-0.37185,-0.269102712727547
-0.38393,-0.266588089583012
-0.39578,-0.263554738115726
-0.40738,-0.259985615250364
-0.41869,-0.255853637710852
-0.42969,-0.251139348341162
-0.44035,-0.245822770508741
-0.45066,-0.239899054119618
-0.46057,-0.233346320844069
-0.47006,-0.226151953115214
-0.47912,-0.218318746731274
-0.4877,-0.209832496458628
-0.49578,-0.200688069534917
-0.50334,-0.190887985818671
-0.51036,-0.180441078323406
-0.5168,-0.169346448278756
-0.52265,-0.157617747271657
-0.52788,-0.14526537801697
-0.53247,-0.132304409177752
-0.53639,-0.118746020631778
-0.53964,-0.10462027811317
-0.54217,-0.0899348155354264
-0.54399,-0.074723449123395
-0.54506,-0.0590033045083138
-0.54537,-0.0427998453727545
-0.5449,-0.0261372190902584
-0.54365,-0.0090526857111989
-0.54158,0.00843648724782658
-0.5387,0.0262926491785532
-0.53498,0.0444923368327194
-0.53042,0.063002012301418
-0.52502,0.0817809752683409
-0.51876,0.100798698345516
-0.51164,0.120018975429653
-0.50366,0.139402104754946
-0.49481,0.15891414841276
-0.4851,0.17851207653886
-0.47452,0.198161630002036
-0.46309,0.217814524393622
-0.45081,0.237427433449605
-0.43769,0.256954986205934
-0.42373,0.276358990916646
-0.40895,0.295593513705821
-0.39337,0.314607855892934
-0.37699,0.333363879449049
-0.35984,0.351812685340587
-0.34194,0.36990569178901
-0.32332,0.387588767893701
-0.30398,0.404827250648775
-0.28397,0.421566455225231
-0.26331,0.437759541783382
-0.24204,0.453352794513295
-0.22018,0.468303534864937
-0.19777,0.482564703306307
-0.17485,0.496087348963628
-0.15146,0.508822687715967
-0.12765,0.520716366252286
-0.10344,0.531733577773217
-0.078901,0.541818903719245
-0.054067,0.550929568982985
-0.028984,0.55902567921067
-0.0037079,0.566063843579049
0.021713,0.572005068014168
0.047228,0.57681360838299
0.072783,0.580455225671006
0.098324,0.582898328003136
0.1238,0.584116964961692
0.14915,0.584083476337433
0.17432,0.582775176782087
0.19927,0.580184786513814
0.22392,0.576288494776161
0.24824,0.571087195416599
0.27216,0.56457250361363
0.29563,0.556743969182296
0.3186,0.547607928573464
0.34102,0.537176388903185
0.36283,0.525458562268547
0.38399,0.512476275108623
0.40445,0.498253848536923
0.42416,0.482817247507221
0.44307,0.466193316972316
0.46114,0.448416505917533
0.47834,0.429534062835875
0.49462,0.409587676144818
0.50995,0.388628366689385
0.52429,0.366706020383445
0.53763,0.343890532419735
0.54992,0.320236522981929
0.56115,0.295814419112981
0.57131,0.27070547150013
0.58037,0.244982633189984
0.58833,0.218732294720634
0.59517,0.19203442681496
0.60091,0.164991078284369
0.60552,0.137682164559507
0.60903,0.110211715806464
0.61144,0.082677918073621
0.61276,0.0551786645070063
0.61301,0.0278159854660268
0.61221,0.000692074588779817
0.61037,-0.0261013575835577
0.60752,-0.0524692508740112
0.60369,-0.0783169615385248
0.5989,-0.103560712423489
0.59319,-0.128113578667959
0.58659,-0.151896487158468
0.57912,-0.17484690129195
0.57082,-0.196903229381277
0.56173,-0.21800703430724
0.55188,-0.238112126463108
0.5413,-0.257184181766431
0.53003,-0.275192728200644
0.51809,-0.292126763005429
0.50553,-0.30796983630742
0.49238,-0.322717060009608
0.47867,-0.336373689903397
0.46443,-0.348953691490779
0.44969,-0.360478321244514
0.43448,-0.370974750271616
0.41882,-0.380482150801408
0.40276,-0.3890266539182
0.3863,-0.396660614413759
0.36949,-0.40341956519233
0.35233,-0.409361868155543
0.33486,-0.414533459637482
0.3171,-0.418984080178805
0.29906,-0.422772802100672
0.28077,-0.425950009500421
0.26225,-0.428565234173904
0.24352,-0.430666043693465
0.22459,-0.432304551016893
0.20548,-0.433527715039444
0.18621,-0.434377014935987
0.16679,-0.434895688449413
0.14725,-0.435112301602209
0.1276,-0.435057441593312
0.10785,-0.434762307268917
0.088026,-0.434245713932254
0.068142,-0.433524633616203
0.048214,-0.432612373956976
0.028262,-0.431515725773932
0.0083041,-0.430237196532795
-0.011639,-0.428773596979565
-0.031551,-0.427120235966352
-0.051407,-0.42526473817476
-0.07119,-0.423194478763277
-0.090873,-0.420889360344392
-0.11044,-0.418331737560076
-0.12986,-0.415495145013574
-0.14911,-0.412352474064365
-0.16816,-0.408871507803041
-0.18699,-0.405024055699312
-0.20558,-0.40078584715254
-0.22389,-0.396121581676342
-0.24189,-0.390995371526633
-0.25957,-0.385386593048591
-0.27688,-0.37925792286911
-0.29381,-0.372589197532348
-0.31031,-0.365345107914708
-0.32637,-0.357508742897686
-0.34194,-0.349048995009089
-0.35701,-0.339953843347562
-0.37155,-0.33021232300418
-0.38551,-0.319799977185582
-0.39889,-0.308719250705373
-0.41164,-0.296957397515852
-0.42374,-0.284512119152343
-0.43517,-0.271389763448836
-0.4459,-0.257596256493814
-0.45591,-0.24314458852985
-0.46517,-0.228045859169131
-0.47366,-0.212316886224646
-0.48136,-0.195978778416955
-0.48824,-0.179048261888184
-0.49431,-0.161567766905655
-0.49952,-0.14355503608338
-0.50387,-0.125044477792763
-0.50735,-0.106075661130381
-0.50995,-0.086691294718981
-0.51165,-0.0669280925861079
-0.51244,-0.0468243262280651
-0.51232,-0.0264258433918498
-0.51129,-0.00578330920596818
-0.50934,0.0150575598945
-0.50647,0.0360489774407958
-0.50267,0.0571503064171577
-0.49797,0.0782983460941572
-0.49235,0.0994505487208658
-0.48582,0.120560174936208
-0.47839,0.141578597104271
-0.47008,0.162449819263306
-0.4609,0.183121056234573
-0.45085,0.203551199024959
-0.43997,0.22368037867553
-0.42826,0.243465100595105
-0.41575,0.262854379616831
-0.40246,0.281800301766611
-0.38842,0.300251672370189
-0.37365,0.318163785682997
-0.35819,0.335483953106423
-0.34206,0.352169639104268
-0.32531,0.368165842236627
-0.30796,0.383431571391889
-0.29006,0.397916453143898
-0.27163,0.411586508037476
-0.25273,0.424392733462521
-0.2334,0.436290546994858
-0.21368,0.447240547532814
-0.19361,0.457209005205117
-0.17324,0.466160717946612
-0.15262,0.474060684526302
-0.1318,0.480875440810073
-0.11082,0.48658149093947
-0.089739,0.491150394929488
-0.068598,0.494564236464042
-0.047448,0.496807100285148
-0.026344,0.497862580559521
-0.0053305,0.497722493877433
0.015543,0.496382212525896
0.036224,0.493838276157771
0.056669,0.490095292341846
0.076828,0.485159806812111
0.096654,0.479042318034183
0.1161,0.471756554432407
0.13513,0.463326920550756
0.15368,0.45376535068789
0.17173,0.443106196557661
0.18923,0.431379009407498
0.20613,0.41860888740302
0.22241,0.404839020155873
0.23802,0.390103988318792
0.25293,0.374445415597493
0.26711,0.357909573419436
0.28053,0.34054530223688
0.29316,0.322402236346992
0.30498,0.30353671449928
0.31596,0.284001544932717
0.32608,0.263852604384989
0.33533,0.243154044030194
0.34369,0.221967451430836
0.35115,0.200357941178576
0.35769,0.178384143876233
0.36332,0.156119858038537
0.36802,0.133626704891976
0.37179,0.110969353213505
0.37463,0.088212885293673
0.37653,0.0654132420784064
0.37752,0.0426467156516437
0.37757,0.0199592132259071
0.37672,-0.00257772323542753
0.37495,-0.0249186002344677
0.37229,-0.0470036098152965
0.36875,-0.0687782568603393
0.36433,-0.0902016505865675
0.35906,-0.111223267350367
0.35294,-0.131808852310073
0.34602,-0.151901703011925
0.33829,-0.171473399638686
0.32978,-0.190490003055802
0.32053,-0.208907144223273
0.31055,-0.226695902305896
0.29988,-0.243818881695612
0.28854,-0.260248126929418
0.27657,-0.275949722876807
0.264,-0.290893716999303
0.25086,-0.305054607884532
0.23719,-0.318404222064513
0.22303,-0.330913425941106
0.20842,-0.342553516620292
0.19339,-0.353304720405597
0.17798,-0.363148015907762
0.16225,-0.372051116445702
0.14623,-0.379994476282038
0.12997,-0.386954932553011
0.11352,-0.392907401580725
0.096909,-0.397841817338834
0.080196,-0.40173867173586
0.063426,-0.404582076183107
0.046648,-0.406356865411512
0.029907,-0.407052153104064
0.013255,-0.406655941173203
-0.0032662,-0.405163514308659
-0.019606,-0.402569954121735
-0.035717,-0.398872973967526
-0.051557,-0.39407659993763
-0.067079,-0.388186565579413
-0.082241,-0.381213788639039
-0.097,-0.373172583356908
-0.11132,-0.364085030712819
-0.12515,-0.353968006599299
-0.13847,-0.342856859484764
-0.15123,-0.330778877674098
-0.1634,-0.317769066613122
-0.17496,-0.303875239019751
-0.18586,-0.289132176774457
-0.19609,-0.273592879864409
-0.20562,-0.257308872832386
-0.21442,-0.240329133162396
-0.22247,-0.222706647944038
-0.22976,-0.204503562460316
-0.23627,-0.185780273246355
-0.24198,-0.166594043388116
-0.24689,-0.147012722081938
-0.25098,-0.127095913467138
-0.25425,-0.106909564412367
-0.25669,-0.0865153359393229
-0.25831,-0.065984309504006
-0.25911,-0.0453855768219432
-0.25908,-0.0247770665278654
-0.25825,-0.00423538815055942
-0.25661,0.0161797866625715
-0.25418,0.0364022444327102
-0.25099,0.0563552903223302
-0.24703,0.0759858383437798
-0.24234,0.0952247388588252
-0.23694,0.114007008841032
-0.23085,0.132273244569269
-0.2241,0.149963239659565
-0.21672,0.167018270170341
-0.20874,0.183382906155751
-0.20019,0.199006396253769
-0.1911,0.213843671564804
-0.18152,0.227841218035363
-0.17147,0.240962886087884
-0.161,0.253165867743347
-0.15015,0.264411088754314
-0.13896,0.274664080685358
-0.12746,0.28390295892066
-0.1157,0.292102334590934
-0.10373,0.299235214426079
-0.09158,0.305289345234093
-0.079296,0.310253369700978
-0.066924,0.314117463354634
-0.054502,0.316879700423431
-0.042077,0.318538384895586
-0.029688,0.319098412784748
-0.01738,0.318565848084818
-0.0051918,0.316952517380159
0.0068334,0.314271695242143
0.018656,0.310540476794216
0.030237,0.305779341485292
0.041536,0.300010204315451
0.052515,0.293257586412583
0.063138,0.285549163455075
0.07337,0.276915356107373
0.083175,0.267387418694048
0.092521,0.256999543337573
0.10138,0.24579044967632
0.10971,0.233791205128909
0.1175,0.221048856945105
0.12471,0.207600662481177
0.13133,0.193497183105659
0.13733,0.178783542714714
0.14269,0.163506623413188
0.14741,0.147728185940031
0.15146,0.131498056611429
0.15483,0.114869772595473
0.15752,0.0979056662330225
0.15952,0.0806659225542273
0.16084,0.0632219789946224
0.16146,0.0456300239421774
0.1614,0.0279617717552004
0.16066,0.0102844608448285
0.15926,-0.00732558744990524
0.15719,-0.0248092873681806
0.15449,-0.0420864160748182
0.15116,-0.0590918211506185
0.14722,-0.0757598597979731
0.1427,-0.0920192954908585
0.13762,-0.10780413619356
0.13201,-0.123047460191821
0.12589,-0.13769127706559
0.1193,-0.151672072914658
0.11226,-0.164938900547894
0.10481,-0.177438061156674
0.09699,-0.18911562839678
0.088826,-0.199929843650383
0.080355,-0.2098423089711
0.071618,-0.21881598116757
0.062649,-0.226821648012767
0.053487,-0.233834062811338
0.044171,-0.239832414726305
0.034739,-0.244801317780574
0.025227,-0.248732191154236
0.015675,-0.251619739355545
0.0061207,-0.253463666666804
-0.0033998,-0.254269385918406
-0.012849,-0.254046196493718
-0.02219,-0.252807164598408
-0.031391,-0.250572225890523
-0.040415,-0.247362858311371
-0.04923,-0.243205257638451
-0.057804,-0.238129040121439
-0.066107,-0.232167551744945
-0.074107,-0.225355024895251
-0.08178,-0.217731621876503
-0.089098,-0.209338434413835
-0.096036,-0.200218569365121
-0.10257,-0.190416453379831
-0.10868,-0.179979420262187
-0.11436,-0.16896627861275
-0.11956,-0.157410986928938
-0.1243,-0.145378293197599
-0.12855,-0.132919000699696
-0.1323,-0.120086020318966
-0.13554,-0.106932419458663
-0.13827,-0.093517214782122
-0.14048,-0.079895068947125
-0.14216,-0.0661154648830543
-0.14332,-0.0522369365650873
-0.14396,-0.0383160974173456
-0.14409,-0.0244136217705649
-0.1437,-0.0105767472131469
-0.1428,0.0031449237260979
-0.1414,0.0167015619927203
-0.13952,0.0300374528606841
-0.13716,0.0431087858317283
-0.13434,0.055868116484122
-0.13106,0.0682815371877534
-0.12736,0.0802977956345385
-0.12324,0.0918830230350882
-0.11872,0.103003902124239
-0.11383,0.113621490445988
-0.10858,0.123708569318125
-0.10299,0.133241136243056
-0.097085,0.14219516320737
-0.090891,0.150546931768711
-0.084432,0.158275501631038
-0.077728,0.165366098580607
-0.070809,0.171802322391021
-0.063698,0.177572468995843
-0.056423,0.182665614521008
-0.04901,0.187073602359621
-0.041486,0.190790338495673
-0.033877,0.193812634022027
-0.026213,0.196137094108365
-0.018518,0.19776499420438
-0.010821,0.198697936340814
-0.0031444,0.198942902369188
0.0044819,0.198505740718285
0.012035,0.197396651081551
0.019489,0.195627076035281
0.026823,0.193213061905851
0.03401,0.190169618379727
0.041031,0.186516606268706
0.047864,0.182275200317217
0.05449,0.177469421535286
0.060889,0.17212431755319
0.067041,0.166265185845089
0.072932,0.159921355508931
0.078543,0.153120973596418
0.083858,0.145892727703643
0.088863,0.138266457356382
0.093545,0.130272856979156
0.09789,0.121941715200029
0.10189,0.113305677004085
0.10553,0.104393568728984
0.10879,0.095226575051248
0.11168,0.085841223559412
0.11419,0.0762705268765537
0.1163,0.0665362594619398
0.11802,0.0566725863239034
0.11933,0.0467003995089085
0.12024,0.0366513454289803
0.12075,0.0265573202050316
0.12085,0.0164419929100958
0.12054,0.00632896314361298
0.11984,-0.00374427248665402
0.11874,-0.0137524013406334
0.11726,-0.0236586298044255
0.11539,-0.0334402944361318
0.11315,-0.0430647697792723
0.11054,-0.0525072970925598
0.10758,-0.0617355676443619
0.10428,-0.0707196847041108
0.10066,-0.0794253387624842
0.096716,-0.087833576229975
0.092477,-0.0959141875804552
0.087956,-0.103640792928878
0.083171,-0.110987366184701
0.078139,-0.117929866841851
0.072878,-0.124446026636676
0.067412,-0.130511434205362
0.061755,-0.136108267506998
0.055933,-0.14121589006923
0.049964,-0.145818135275069
0.043873,-0.149897963303046
0.037679,-0.153442789169003
0.031409,-0.156438302000758
0.025082,-0.158875356209554
0.018723,-0.16074503103575
0.012355,-0.16204055303683
0.006,-0.162758041175123
-0.0003183,-0.162895026935466
-0.0065784,-0.16245209936739
-0.012756,-0.16143044230419
-0.018833,-0.159836478577717
-0.024785,-0.157676220059529
-0.030594,-0.154960103745465
-0.036241,-0.151701287020623
-0.041705,-0.1479134487834
-0.046971,-0.143614902931652
-0.052023,-0.138826599782961
-0.056843,-0.13356968979508
-0.06142,-0.127870190919361
-0.065739,-0.121754469161696
-0.06979,-0.115252223501428
-0.073562,-0.108394346308637
-0.077044,-0.101211886009633
-0.080232,-0.0937403619836655
-0.08312,-0.086016450110898
-0.0857,-0.078075260287312
-0.087973,-0.0699562949976454
-0.089935,-0.06169776286458
-0.091586,-0.053338664935633
-0.092928,-0.0449189549359683
-0.093963,-0.0364781454509999
-0.094694,-0.0280549162872393
-0.095128,-0.0196890207843243
-0.095271,-0.0114190802403751
-0.095131,-0.00328303894304915
-0.094715,0.00468368589603614
-0.094036,0.0124444661169996
-0.093102,0.0199666281227702
-0.091928,0.0272166485110412
-0.090521,0.0341674075391847
-0.088902,0.040787605046981
-0.087078,0.0470540515768114
-0.085067,0.0529428780339582
-0.08288,0.0584357849139248
-0.080537,0.0635130993247019
-0.07805,0.0681607848588733
-0.075435,0.072367065778243
-0.072709,0.0761218616133993
-0.069886,0.0794192371235884
-0.066983,0.0822548226298321
-0.064011,0.0846303405698079
-0.060991,0.0865452498609582
-0.057932,0.0880063263331796
-0.05485,0.0890211270947312
-0.051758,0.0896000835118504
-0.048668,0.0897566153984775
-0.045594,0.0895049080899404
-0.042544,0.08886399791156
-0.039531,0.0878527838005109
-0.036564,0.086492645623673
-0.033652,0.0848065093729638
-0.030806,0.0828165527105262
-0.028031,0.0805482694162004
-0.025336,0.0780262423940962
-0.022727,0.0752759169682835
-0.020211,0.072322027975774
-0.017791,0.0691910291710632
-0.015475,0.065906331813005
-0.013263,0.0624941430029426
-0.011163,0.0589762486673417
-0.009174,0.0553768695445208
-0.0072987,0.0517187174421706
-0.0055395,0.0480228031210452
-0.0038959,0.0443102364793981
-0.0023687,0.0406005592660838
-0.00095776,0.0369120905472608
0.00033893,0.0332629174951257
0.0015217,0.0296690691013625
0.0025943,0.0261468652326215
0.0035567,0.0227094738299081
0.0044157,0.0193720628867642
0.0051728,0.0161469291109703
0.0058301,0.0130440092691379
0.0063946,0.0100745327632953
0.0068719,0.0072492756991314
0.0072622,0.00457420977152421
0.0075768,0.00205932450368337
0.0078177,-0.000289449807630445
0.0079909,-0.00246680570607125
0.0081029,-0.00446785877206386
0.0081608,-0.0062878955990149
0.0081692,-0.00792445329540269
0.0081363,-0.00937442044290768
0.0080652,-0.0106381464086278
0.0079642,-0.0117150400345739
0.0078392,-0.0126056609174127
0.0076948,-0.0133125538372049
0.0075356,-0.013839902484419
0.0073697,-0.0141906119289843
0.0071987,-0.0143713774939371
0.007026,-0.014390526099474
0.0068579,-0.0142554132009354
0.0066987,-0.0139739628263761
0.006546,-0.0135593606580027
0.0064089,-0.013020231575707
0.0062877,-0.0123678435605675
0.0061829,-0.0116151777136695
0.006097,-0.0107747954632518
0.0060329,-0.00985830316785378
0.0059928,-0.00887674733339594
0.0059739,-0.00784411874825756
0.0059825,-0.00676966431092768
0.0060154,-0.00566556095001049
0.0060746,-0.00454214472098123
0.0061614,-0.00340847109508258
0.0062753,-0.00227360599587292
0.0064178,-0.00114485063587601
0.0065867,-3.05684464293317e-05
0.0067844,0.00106370566737093
0.0070069,0.0021301944109979
0.0072582,0.00316550121984908
0.0075311,0.00416163513806331
0.0078274,0.00511383553777109
0.0081449,0.00601717949109675
0.0084773,0.00686377826518519
0.0088267,0.00764983771327767
0.0091844,0.0083670424490887
0.0095502,0.00901000282157125
0.0099165,0.00957042040924779
0.010278,0.0100396351751321
0.010631,0.0104101695247602
0.010967,0.0106722106184021
0.011278,0.0108147559230926
0.01156,0.0108291568068196
0.011803,0.0107045212059393
0.012,0.0104307253549614
0.012141,0.00999638514570769
0.012217,0.00939021463568007
0.01222,0.0086021211494088
0.01214,0.0076218420684685
0.011967,0.0064393325770345
0.011694,0.00504729389884026
0.01131,0.00343796580478261
0.010805,0.00160425265878933
0.010173,-0.000457167089828299
0.0094047,-0.00274882981207269
0.0084919,-0.00527166209829719
0.0074287,-0.0080234728937205
0.0062077,-0.0110006319789232
0.0048229,-0.014197319606176
0.0032709,-0.0176040967307322
0.0015467,-0.021209958962037
-0.00035251,-0.0250012378670425
-0.0024271,-0.0289606094321163
-0.0046784,-0.033068914529522
-0.007108,-0.0373061690054122
-0.0097103,-0.0416469035384502
-0.012485,-0.0460658010504474
-0.015426,-0.0505340422932646
-0.018529,-0.0550220898022363
-0.021786,-0.0594978997213846
-0.025186,-0.0639260808423471
-0.028725,-0.0682747177701347
-0.032384,-0.0725045289249871
-0.036157,-0.0765810462162459
-0.040021,-0.0804621364308068
-0.043969,-0.0841125685704019
-0.047977,-0.0874911878241515
-0.05203,-0.0905599801960728
-0.056106,-0.0932794790183172
-0.060183,-0.095610294902992
-0.064241,-0.0975158410673097
-0.068253,-0.0989578164120188
-0.072197,-0.0999014978506974
-0.076044,-0.100311049565662
-0.07977,-0.100154657481561
-0.083346,-0.099401176630155
-0.086746,-0.0980233371181772
-0.08994,-0.0959950562445291
-0.092902,-0.0932951625736356
-0.095604,-0.0899058352315503
-0.098017,-0.0858119993485123
-0.10012,-0.0810074218677525
-0.10188,-0.0754845996032133
-0.10328,-0.0692473428333149
-0.10429,-0.0622991650113274
-0.1049,-0.0546583284507525
-0.10509,-0.0463473867216769
-0.10483,-0.0373846242016036
-0.10412,-0.0278068208259815
-0.10294,-0.0176501170699668
-0.10129,-0.00696416719521934
-0.099154,0.00420346415200324
-0.096536,0.0157932347345763
-0.09343,0.0277448254506025
-0.089836,0.0399943952980713
-0.085764,0.052469546861075
-0.081217,0.0650981052145854
-0.076206,0.07780413919888
-0.070741,0.0905115564627372
-0.064838,0.10314187370071
-0.058517,0.115614004869841
-0.051791,0.127852336683764
-0.044689,0.139776128482864
-0.037228,0.151311850610557
-0.029441,0.16238226990856
-0.021349,0.172918493194353
-0.012988,0.182849519667316
-0.0043856,0.19211121011041
0.0044237,0.200642045562447
0.013403,0.208382990415755
0.022517,0.215280290741637
0.03173,0.221286126920484
0.041001,0.226355371780192
0.050292,0.230449050638531
0.059563,0.233533273139545
0.068774,0.235579717782187
0.077881,0.236562912378557
0.086847,0.23646609303277
0.09563,0.235276813066288
0.10419,0.232988453475369
0.11249,0.229602008468446
0.12048,0.225115469410458
0.12814,0.219547122144915
0.13543,0.21291679536069
0.1423,0.205238072039284
0.14874,0.196549111651185
0.1547,0.186877655317611
0.16017,0.176272223233553
0.16511,0.164774905390839
0.1695,0.152436535789571
0.17332,0.139313854937766
0.17656,0.125474426031306
0.1792,0.110985480568261
0.18123,0.0959196780582321
0.18264,0.0803521579274276
0.18342,0.0643580475007894
0.18358,0.048025195468945
0.18311,0.0314344745015924
0.18201,0.0146662216594155
0.1803,-0.00218721356560196
0.17797,-0.019048690030233
0.17505,-0.0358260949235698
0.17154,-0.0524402232608848
0.16747,-0.0688025752484486
0.16284,-0.0848421207336154
0.15768,-0.100482079531318
0.15202,-0.115643574413291
0.14587,-0.130263441950116
0.13927,-0.144271228385219
0.13224,-0.157607837519486
0.12481,-0.170218091888671
0.11701,-0.182052047075077
0.10888,-0.193058523097904
0.10045,-0.203194713984713
0.091754,-0.212423361128464
0.082824,-0.220714768935515
0.0737,-0.228040830051486
0.064414,-0.234381989409172
0.055006,-0.239720785950614
0.045511,-0.244046189542009
0.035964,-0.247353210022539
0.026404,-0.249639444330502
0.016865,-0.250908855490318
0.0073856,-0.251167523876948
-0.0020039,-0.250429678781875
-0.011263,-0.248708633873178
-0.02036,-0.246023522757832
-0.029265,-0.242399364539653
-0.037941,-0.237860348347966
-0.046358,-0.232434832403296
-0.054487,-0.226154789817797
-0.062299,-0.21905449391231
-0.069767,-0.211170841903052
-0.076865,-0.202542771586123
-0.083573,-0.193214401076022
-0.089867,-0.183229994789383
-0.095729,-0.172637262904929
-0.10114,-0.161484718127171
-0.10609,-0.14982688700773
-0.11056,-0.137715008088348
-0.11454,-0.125202897452698
-0.11802,-0.112344917920835
-0.121,-0.0992016948718635
-0.12346,-0.0858223419625543
-0.12541,-0.0722673807166126
-0.12685,-0.0585973076863586
-0.12777,-0.0448633573758518
-0.12817,-0.031115054696497
-0.12807,-0.0174137181833091
-0.12746,-0.00380604383680385
-0.12636,0.00965245097290596
-0.12476,0.02292315942144
-0.1227,0.035945530978033
-0.12017,0.0486802931015218
-0.1172,0.0610771811814788
-0.11379,0.0731010029884505
-0.10997,0.0847078851266213
-0.10577,0.0958485431040048
-0.10119,0.106493242625528
-0.09626,0.11660704821015
-0.091012,0.126150720598136
-0.085465,0.135092635131116
-0.079648,0.143401179235107
-0.073587,0.15104823956953
-0.06731,0.158008219336221
-0.060848,0.164256436311646
-0.054227,0.169773717491843
-0.047477,0.174543296137992
-0.040628,0.178551198162249
-0.033711,0.181785728955302
-0.026753,0.184240685679875
-0.019786,0.185911133991834
-0.012837,0.186797351557836
-0.0059366,0.186901493032945
0.00088707,0.186229323987278
0.0076059,0.184789691871295
0.014193,0.182594886213602
0.020619,0.179658080238046
0.026859,0.175996361715424
0.032889,0.171630410107476
0.038681,0.166580495248079
0.044215,0.16087211192929
0.049463,0.154528526131371
0.054407,0.147578111949262
0.059027,0.140051232246522
0.0633,0.131976909391157
0.06721,0.123387545458451
0.070742,0.11431817707557
0.073874,0.104799866197376
0.076598,0.0948699820872888
0.078895,0.0845618119179728
0.080756,0.0739118026677687
0.082168,0.0629549388589923
0.083119,0.0517247327422443
0.083604,0.0402576718102796
0.08361,0.0285856151865793
0.083135,0.0167438208234144
0.08217,0.00476399892544389
0.080709,-0.0073238127646915
0.078755,-0.0194852697063081
0.076298,-0.0316932930538775
0.073343,-0.0439165100532299
0.069886,-0.0561278079363079
0.065934,-0.0682963306160708
0.061486,-0.0803951833004027
0.056546,-0.0923979299156566
0.051123,-0.104275763458072
0.045221,-0.116002684024677
0.038851,-0.127550726668318
0.03202,-0.138894304422114
0.024741,-0.150006252617727
0.017026,-0.160859860199983
0.0088878,-0.171429164402689
0.00034566,-0.181684983637471
-0.0085881,-0.191601714147738
-0.017892,-0.201150809173215
-0.027551,-0.210307139480758
-0.037538,-0.219040348853752
-0.047837,-0.227325151938259
-0.058424,-0.235135378193337
-0.06927,-0.242441415328472
-0.080351,-0.24921563153218
-0.091642,-0.255432258340246
-0.10311,-0.26106207370039
-0.11472,-0.266072641713199
-0.12645,-0.270439682848923
-0.13826,-0.274133104615917
-0.15012,-0.277126604508688
-0.16199,-0.279390518385472
-0.17384,-0.280900937851256
-0.18561,-0.281617323462343
-0.19729,-0.281524059847629
-0.20882,-0.280589349640913
-0.22017,-0.278791675037268
-0.2313,-0.276111270756508
-0.24215,-0.272515811420012
-0.25271,-0.268000968695212
-0.2629,-0.262533624066503
-0.27271,-0.256110385836541
-0.28208,-0.248715224770873
-0.29097,-0.240337429354535
-0.29934,-0.230971132632203
-0.30716,-0.220622200259408
-0.31438,-0.20929128418754
-0.32095,-0.196975072453253
-0.32685,-0.183689566625765
-0.33204,-0.169451356466009
-0.33648,-0.154277291857392
-0.34014,-0.138191581222918
-0.34298,-0.121216506703489
-0.34497,-0.103379757693745
-0.34609,-0.0847201778563279
-0.3463,-0.0652698985932818
-0.34559,-0.0450770645700412
-0.34392,-0.0241793291129013
-0.34127,-0.00261971118018323
-0.33764,0.0195407947762877
-0.33299,0.0422579193957134
-0.32732,0.0654725211760184
-0.32061,0.0891299173580108
-0.31285,0.113173188922945
-0.30404,0.137537876148642
-0.29418,0.162155319718237
-0.28326,0.186962888003746
-0.27128,0.211897309846911
-0.25825,0.236889351098291
-0.24418,0.261867098190424
-0.22908,0.286758698990973
-0.21296,0.311494600663826
-0.19585,0.335994529906113
-0.17775,0.360194282934887
-0.1587,0.384015158259555
-0.13872,0.407384095932647
-0.11785,0.43022019537001
-0.09611,0.452453661111392
-0.073545,0.474007527117231
-0.050196,0.494804581758986
-0.026103,0.514770751130145
-0.0013144,0.533830812659891
0.024121,0.551910904230387
0.050152,0.56893904695885
0.07672,0.58484183403531
0.10377,0.599549946322242
0.13124,0.612994663659049
0.15906,0.625104306935103
0.18717,0.635814765641481
0.21551,0.645070401963282
0.24399,0.652802379677027
0.27255,0.658955911424433
0.30111,0.663474875616275
0.3296,0.666311646275828
0.35794,0.667420000657068
0.38606,0.666764155737357
0.41387,0.664303584246761
0.4413,0.660010470675284
0.46827,0.653861249990278
0.49471,0.645844459590347
0.52053,0.635944546150457
0.54566,0.624158477550529
0.57004,0.610501387537124
0.59357,0.594973650735496
0.6162,0.577601251901302
0.63785,0.558408454001752
0.65845,0.53742536311112
0.67795,0.514701224162985
0.69629,0.490292416905151
0.71339,0.464245150267169
0.72921,0.436626089935634
0.74369,0.407502084266732
0.75679,0.376953355004264
0.76845,0.345054138585831
0.77863,0.311886760084434
0.78729,0.277537912687306
0.7944,0.242102888656566
0.79991,0.205666519721715
0.80381,0.168332401354665
0.80605,0.130186735572804
0.80662,0.0913287514110741
0.80549,0.0518504531095752
0.80265,0.011850023544032
0.79809,-0.0285723715755129
0.79179,-0.069325455078257
0.78375,-0.110313229221703
0.77396,-0.151446358173227
0.76243,-0.192629014558126
0.74916,-0.233770664749165
0.73416,-0.274780666193901
0.71744,-0.315571341017655
0.69902,-0.356053003452668
0.67892,-0.396137419609171
0.65717,-0.435733178597451
0.63379,-0.474756853278106
0.60882,-0.513119618222989
0.5823,-0.550731408408135
0.55427,-0.587504311037775
0.52477,-0.623355258202943
0.49386,-0.658193292390108
0.46158,-0.691939099290862
0.42799,-0.724510875898333
0.39315,-0.755827806765927
0.35713,-0.785805443956077
0.31999,-0.814366871813487
0.2818,-0.841436724525511
0.24264,-0.866936328475238
0.20257,-0.89080206057349
0.16168,-0.912962777714925
0.12004,-0.933358798379525
0.077733,-0.951932491376678
0.034852,-0.968622850288193
-0.0085256,-0.983380127398147
-0.052309,-0.996155878939681
-0.096414,-1.00690969075952
-0.14075,-1.01560476086045
-0.18522,-1.02220422679122
-0.22975,-1.02668993049746
-0.27423,-1.0290334019855
-0.31858,-1.02922152635962
-0.3627,-1.02723982200725
-0.40651,-1.02308855790408
-0.4499,-1.01675834832242
-0.49279,-1.00825507221442
-0.53508,-0.997582545211848
-0.57669,-0.984758159837794
-0.61752,-0.969795517748502
-0.65748,-0.952712677327087
-0.69648,-0.933531244836983
-0.73444,-0.912282909268936
-0.77127,-0.888999619524881
-0.80688,-0.863713014236446
-0.8412,-0.83646871793117
-0.87415,-0.807315277226299
-0.90563,-0.7762877283783
-0.93559,-0.743446423965136
-0.96394,-0.708841069029204
-0.99062,-0.6725337459057
-1,-0.623076098094435
-1,-0.55744921839295
-1,-0.480585845218722
-1,-0.396776277387981
-1,-0.309697078682256
-1,-0.222444452858264
-1,-0.137571482625371
-1,-0.0571283922967149
-1,0.0172950096406934
-1,0.0845255301890773
-1,0.143762214126217
-1,0.194532111875
-1,0.236646846884976
-1,0.270160559457826
-1,0.295329722191915
-1,0.312575238487979
-1,0.322447152222877
-1,0.325592215744574
-1,0.322724486383311
-1,0.314599049981704
-1,0.301988904474556
-1,0.285664977964921
-1,0.266379204457275
-1,0.244850536606812
-0.97828,0.23782238308016
-0.94851,0.248355583871941
-0.91661,0.274135758812458
-0.88262,0.312907633684931
-0.84661,0.362481003888598
-0.80862,0.420781549296777
-0.76872,0.485847469587767
-0.72697,0.555856231482371
-0.68345,0.629122838640298
-0.63824,0.704111903935794
-0.59142,0.779445474844145
-0.54307,0.853906984546752
-0.49328,0.926434336232975
-0.44215,0.996111562816905
-0.38978,1.06216672398669
-0.33626,1.12397468550635
-0.28172,1.18101919917106
-0.22625,1.23291913327759
-0.16998,1.27938724245493
-0.113,1.32025384340984
-0.055454,1.35541337506609
0.0025501,1.38484624608656
0.060885,1.4085930229906
0.11943,1.42675109540135
0.17805,1.43945471891612
0.23663,1.44688318647808
0.29503,1.44923255910153
0.35313,1.44672537723192
0.4108,1.4395952514283
0.4679,1.42807379399823
0.52432,1.41240936166053
0.57992,1.39283701110052
0.63457,1.36958388247136
0.68816,1.34288082513928
0.74055,1.3129344103888
0.79163,1.27994911493513
0.84128,1.24411543115612
0.88939,1.20561523161853
0.93583,1.16460393559917
0.98051,1.12124102806775
1,1.05841769965144
1,0.967082055420188
1,0.855106053829144
1,0.729404086198536
1,0.595966347490585
1,0.459900512799911
1,0.325480511509761
1,0.196201112650943
1,0.0748370066228619
1,-0.0364949180264109
1,-0.136271356206104
1,-0.223497604562742
1,-0.297642898683701
1,-0.358577040348103
1,-0.406509164898925
1,-0.441929372371044
1,-0.46555381810013
1,-0.478273732480031
1,-0.481108718086508
1,-0.475164557763289
1,-0.461595661195901
1,-0.441572181248084
1,-0.416251745761245
1,-0.386755676109638
1,-0.354149500731323
1,-0.319427520009895
1,-0.283501137923748
1,-0.247190645276677
1,-0.211220118392563
1,-0.176215085099409
1,-0.142702605764429
1,-0.111113420141794
1,-0.0817858199032553
1,-0.0549709209845473
0.99408,-0.0352186957572494
0.9509,-0.049232602190262
0.90605,-0.0913877736731981
0.85965,-0.156369859465527
0.81182,-0.239217602049636
0.76266,-0.335370228380953
0.71231,-0.440657559669336
0.66089,-0.551332195408496
0.60853,-0.664067474540152
0.55535,-0.775964196312663
0.50148,-0.884533974234678
0.44706,-0.987678346853846
0.39222,-1.0836792088751
0.33708,-1.17118329082638
0.28178,-1.24915956979077
0.22645,-1.31687988950274
0.17122,-1.37388880687856
0.11621,-1.41997999059696
0.061551,-1.45515528528435
0.0073624,-1.47960285410649
-0.046229,-1.49366028371613
-0.099113,-1.49779816086664
-0.15117,-1.49258346294776
-0.2023,-1.47866820959069
-0.25238,-1.45674574223419
-0.30132,-1.42755492930923
-0.34902,-1.39184965809272
-0.39538,-1.35038034765405
-0.44032,-1.30389304189737
-0.48374,-1.2530983617807
-0.52558,-1.19869098044369
-0.56576,-1.14132062565733
-0.60421,-1.08159139498552
-0.64086,-1.020054381679
-0.67566,-0.957217367212123
-0.70856,-0.893538513235855
-0.7395,-0.829414785959673
-0.76846,-0.765210874594291
-0.79538,-0.701223920009196
-0.82024,-0.637715814500823
-0.84301,-0.574903032333714
-0.86368,-0.512971726724964
-0.88223,-0.452068463539318
-0.89864,-0.392301177250573
-0.91292,-0.33376316424339
-0.92507,-0.276523291298994
-0.93509,-0.220626229046823
-0.943,-0.166108164160165
-0.94881,-0.112987618934643
-0.95254,-0.0612734338229695
-0.95421,-0.0109641895148755
-0.95387,0.0379296607257813
-0.95155,0.0854050910481923
-0.94728,0.13146693775556
-0.94111,0.176113134397372
-0.9331,0.219330259432595
-0.92329,0.261112307753603
-0.91173,0.301453341277375
-0.89851,0.340319281987227
-0.88367,0.377692373118173
-0.86728,0.413547351032258
-0.84942,0.447847169431069
-0.83016,0.480554583612885
-0.80957,0.511634047677994
-0.78774,0.541038370048715
-0.76475,0.568720408534899
-0.74068,0.594635068149709
-0.71562,0.618733443187708
-0.68964,0.640980366401153
-0.66285,0.661323806265544
-0.63532,0.679729788234498
-0.60715,0.696158285059753
-0.57843,0.710573515030592
-0.54924,0.722952114918567
-0.51968,0.733267207310131
-0.48983,0.741505217016464
-0.45979,0.747649474750618
-0.42964,0.751696644884
-0.39946,0.753654806399871
-0.36934,0.753534193601636
-0.33936,0.751354435766035
-0.30961,0.747135317538667
-0.28015,0.740918874950465
-0.25107,0.732742215051285
-0.22244,0.722652671652845
-0.19432,0.710712308733014
-0.16678,0.696986333496466
-0.13989,0.681541016713324
-0.1137,0.664456719586158
-0.088263,0.645820963556514
-0.063638,0.625720383980145
-0.039869,0.604249733183988
-0.017,0.5815077690041
0.004935,0.557601174257317
0.025897,0.532636355007584
0.045859,0.506725347277519
0.064795,0.479982233368037
0.082683,0.452522359110539
0.099509,0.424464568312901
0.11526,0.395927678567282
0.12993,0.367032023415618
0.14351,0.33789320456121
0.15601,0.308633398198776
0.16743,0.279368802556886
0.17778,0.250214422970233
0.18708,0.221287915941897
0.19534,0.192697790404966
0.20257,0.164541491087243
0.20881,0.13692629323316
0.21409,0.109956288182189
0.21842,0.0837145624312797
0.22184,0.0582863290071559
0.22439,0.0337553149346051
0.2261,0.010193493289598
0.22701,-0.0123321010723922
0.22717,-0.0337537485618295
0.22661,-0.0540207088209703
0.22537,-0.0730908244853183
0.22351,-0.0909161232192588
0.22106,-0.107468316827324
0.21808,-0.122714442674783
0.2146,-0.136641704100681
0.21068,-0.149232561119581
0.20636,-0.160481722449499
0.20169,-0.170387293556255
0.1967,-0.178965706973182
0.19145,-0.18622625981484
0.18598,-0.192187705644459
0.18034,-0.196869138394
0.17455,-0.200312175863285
0.16867,-0.202546437990459
0.16274,-0.203606352499169
0.15678,-0.203544516025819
0.15084,-0.202404968223043
0.14496,-0.200231399263509
0.13917,-0.197073711242252
0.1335,-0.192985702052586
0.12798,-0.188023052294701
0.12265,-0.182234206975764
0.11753,-0.175675350027378
0.11264,-0.168407439110261
0.10802,-0.160478861195713
0.10369,-0.151941314665155
0.099663,-0.142852870195934
0.095967,-0.133263974022808
0.092619,-0.123225559916511
0.089635,-0.11278814580041
0.08703,-0.102001091796358
0.084818,-0.0909120083472214
0.083012,-0.0795663021906989
0.08162,-0.0680098066056882
0.080653,-0.0562849574725742
0.080118,-0.0444329618665991
0.080024,-0.0324911265990164
0.080372,-0.0204981923355365
0.08117,-0.00848749468830563
0.082417,0.00350657946530287
0.084116,0.0154530341587112
0.086269,0.0273240602176162
0.08887,0.0390896117307549
0.091922,0.0507256629692209
0.095419,0.0622073919371218
0.099355,0.0735103595615914
0.10373,0.0846158811494327
0.10852,0.0954930112851191
0.11374,0.10613092801429
0.11936,0.116502381753465
0.12538,0.126590124573991
0.13178,0.136370959363295
0.13855,0.145825221430508
0.14567,0.154929527559355
0.15313,0.163665815006351
0.1609,0.172006294007872
0.16897,0.179931148864931
0.17731,0.187413008778315
0.1859,0.194426812738648
0.19472,0.200950300933526
0.20374,0.206956943762375
0.21292,0.212410347145293
0.22223,0.217274782091656
0.23166,0.22153105588546
0.24115,0.225137115795557
0.25067,0.228056052679837
0.26019,0.230256347780566
0.26967,0.231704551855806
0.27906,0.232359439259347
0.28834,0.23219708476572
0.29745,0.231178864843636
0.30635,0.229270427230068
0.315,0.226442076085483
0.32337,0.222676371821479
0.3314,0.217944362302299
0.33906,0.212231096414572
0.34631,0.205526238993328
0.3531,0.197816388244875
0.35941,0.189108538522646
0.36518,0.179396682895349
0.37039,0.168694386212285
0.37499,0.157008740152766
0.37896,0.144363900722125
0.38226,0.130782615183103
0.38487,0.116300933027961
0.38675,0.100950103957281
0.38788,0.0847716637410759
0.38824,0.0678145009104392
0.3878,0.0501248748984151
0.38654,0.0317531895465452
0.38446,0.0127667038227362
0.38153,-0.00677767237095554
0.37775,-0.0268107024482654
0.37311,-0.0472624942810065
0.36761,-0.0680571686183613
0.36124,-0.0891235534873224
0.354,-0.110388935795729
0.3459,-0.131774108148802
0.33694,-0.153204372785592
0.32714,-0.174596142727874
0.3165,-0.195875994370831
0.30503,-0.216973612019253
0.29276,-0.237808661974776
0.27969,-0.258317478408621
0.26585,-0.278429793721774
0.25127,-0.298072367006572
0.23595,-0.317194190678022
0.21994,-0.335727087872809
0.20326,-0.353613579057232
0.18594,-0.370799486070437
0.168,-0.38724269582721
0.14949,-0.402890333785549
0.13044,-0.417697620653558
0.11089,-0.431620667067133
0.090872,-0.444623958149266
0.070433,-0.456669154562062
0.049611,-0.467723882069463
0.028453,-0.477755337210815
0.0069999,-0.48673630290744
-0.014703,-0.494642074913456
-0.03661,-0.501450866185806
-0.058676,-0.507144781810287
-0.080855,-0.511709379071066
-0.1031,-0.515133132418777
-0.12537,-0.517412085879353
-0.14761,-0.518538594806992
-0.16979,-0.518521170235397
-0.19186,-0.517366752541973
-0.21377,-0.515081232132418
-0.23548,-0.511677257736348
-0.25695,-0.507172932200552
-0.27814,-0.501590595632582
-0.29901,-0.494955705680098
-0.31952,-0.48729582181206
-0.33963,-0.478639697763124
-0.3593,-0.469016483843104
-0.37851,-0.45846983479371
-0.39721,-0.447031896073115
-0.41537,-0.434739578426031
-0.43295,-0.421625323111501
-0.44993,-0.407731934098696
-0.46628,-0.393102051154691
-0.48197,-0.377777040304751
-0.49696,-0.361788701181212
-0.51124,-0.345182383988682
-0.52477,-0.327990872429159
-0.53755,-0.310265413244304
-0.54953,-0.292033660624482
-0.56072,-0.273347726801319
-0.57107,-0.254233502427587
-0.58059,-0.234739225870691
-0.58926,-0.214907470736126
-0.59706,-0.194774895729644
-0.60399,-0.174386965933515
-0.61003,-0.153779993289323
-0.61519,-0.133003868412412
-0.61945,-0.112095642740917
-0.62281,-0.0910955355701151
-0.62529,-0.0700597418249578
-0.62687,-0.0490259634510855
-0.62757,-0.0280452605574605
-0.62739,-0.00716298585514628
-0.62633,0.0135816506694484
-0.62441,0.0341409974907076
-0.62164,0.0544696181545258
-0.61803,0.0745254320952753
-0.61359,0.0942705602692686
-0.60833,0.113671908950588
-0.60228,0.132686728164126
-0.59545,0.151280802965037
-0.58786,0.16942070717647
-0.57952,0.187082339108768
-0.57047,0.204227973881914
-0.5607,0.220847285047125
-0.55025,0.236915737793813
-0.53913,0.252420586763959
-0.52737,0.26734452724608
-0.51498,0.281682212341054
-0.50199,0.295423658952322
-0.48841,0.308570564877211
-0.47428,0.32111215820329
-0.4596,0.333057808973952
-0.4444,0.344411004057702
-0.42871,0.355170693884603
-0.41253,0.365354656561133
-0.3959,0.374966053572569
-0.37882,0.384026000679448
-0.36133,0.392540160522169
-0.34345,0.400516567951402
-0.32518,0.407979910415706
-0.30655,0.414945617690849
-0.28758,0.421428780468789
-0.26828,0.427451319434064
-0.24868,0.433025380117035
-0.22879,0.438169765078596
-0.20862,0.442908196353926
-0.1882,0.447252982809701
-0.16754,0.451221713691784
-0.14665,0.454835768517072
-0.12555,0.458111613807869
-0.10425,0.461068692909764
-0.082766,0.463723860218031
-0.061112,0.466092867555413
-0.039299,0.468192318329573
-0.017343,0.470035294664235
0.0047437,0.471634349561598
0.02695,0.473002075798066
0.049256,0.474144161900626
0.071656,0.475070979536567
0.094128,0.475784241235104
0.11666,0.476285921121822
0.13924,0.476578041516183
0.16184,0.47665066950954
0.18445,0.47649769880081
0.20705,0.476108768315925
0.22963,0.475477665238931
0.25215,0.474579414465565
0.2746,0.47339668050478
0.29695,0.471903880619596
0.31918,0.470076802538668
0.34126,0.467885544443941
0.36316,0.465296386263326
0.38486,0.462280811807858
0.40633,0.458807879158491
0.42753,0.45483815514888
0.44844,0.450341250811704
0.46901,0.445272760885596
0.48922,0.439600437093686
0.50903,0.43328800988079
0.5284,0.426297068744274
0.54731,0.41860344208932
0.56571,0.410173072157488
0.58357,0.400979820371782
0.60085,0.390997433116876
0.61752,0.380207875343845
0.63354,0.368593051223131
0.64886,0.356128134628061
0.66346,0.342805949581869
0.67729,0.328611792083542
0.69034,0.313555109184009
0.70254,0.297620440322325
0.71389,0.280824659569582
0.72433,0.263166113917837
0.73384,0.244658060601755
0.7424,0.225325628546367
0.74997,0.205188262951046
0.75653,0.184275282567925
0.76204,0.162608549821664
0.7665,0.140233049273916
0.76988,0.117189142331746
0.77216,0.0935198835000347
0.77333,0.0692768097414114
0.77338,0.0445169626847998
0.77229,0.0192929174130826
0.77005,-0.00634038764739286
0.76667,-0.0323128466845111
0.76214,-0.0585588704737194
0.75646,-0.0850109823429083
0.74963,-0.111602145096656
0.74167,-0.138252867231475
0.73257,-0.164898146649336
0.72235,-0.191464474745555
0.71102,-0.21788114393154
0.6986,-0.244074523620316
0.68511,-0.269970948309878
0.67056,-0.295506471768668
0.65497,-0.320619718628176
0.63837,-0.345246082176125
0.62078,-0.369327938781014
0.60223,-0.392807923501485
0.58274,-0.415638312160676
0.56234,-0.437773554155842
0.54107,-0.459164203712295
0.51896,-0.479766918060631
0.49603,-0.499552360598729
0.47233,-0.51848162828691
0.44788,-0.536531869183755
0.42273,-0.553672127075963
0.3969,-0.569888450410646
0.37045,-0.585151901148899
0.34341,-0.599444912205217
0.31582,-0.612752633122903
0.28773,-0.625055872885904
0.25917,-0.636347692495634
0.23019,-0.646616861068646
0.20084,-0.655849405257169
0.17116,-0.664037299450501
0.1412,-0.671170506535439
0.11101,-0.677237993193099
0.080634,-0.682232991966225
0.050117,-0.686151940972416
0.019513,-0.688987615298532
-0.011132,-0.690736240385889
-0.04177,-0.69139572331239
-0.072351,-0.690964170159389
-0.10283,-0.68944384790619
-0.13315,-0.686831680824025
-0.16327,-0.683132421387656
-0.19314,-0.678350559326014
-0.22271,-0.672490451239987
-0.25194,-0.665563808430903
-0.28078,-0.657580736653931
-0.30919,-0.648557333394685
-0.33712,-0.638506846059841
-0.36452,-0.627439995453613
-0.39137,-0.615387472616609
-0.41761,-0.602365771519552
-0.44321,-0.588401771195502
-0.46812,-0.573515273192714
-0.49232,-0.557742074978609
-0.51576,-0.541107758985661
-0.53842,-0.523651189622094
-0.56025,-0.505398706985904
-0.58124,-0.486395404305354
-0.60136,-0.466685457940297
-0.62056,-0.446296277108318
-0.63885,-0.425285299915363
-0.65618,-0.403688164276753
-0.67255,-0.381558837153914
-0.68793,-0.358942287412907
-0.7023,-0.335882257710852
-0.71566,-0.312434929901634
-0.72798,-0.288642620812929
-0.73926,-0.264557294535863
-0.74949,-0.240229657891873
-0.75865,-0.215700388088108
-0.76675,-0.191022884130905
-0.77377,-0.166236884672212
-0.77972,-0.14139192179049
-0.78459,-0.116528976051057
-0.78838,-0.0916880903811072
-0.79109,-0.0669071210506324
-0.79272,-0.0422207809997261
-0.79329,-0.0176747401595833
-0.79278,0.00670767098390039
-0.79122,0.0308851612400463
-0.7886,0.0548330290021801
-0.78494,0.0785188029026568
-0.78025,0.101912394472941
-0.77454,0.124986815339833
-0.76781,0.14772607308002
-0.7601,0.170094266329438
-0.7514,0.192077743526674
-0.74174,0.213651935546351
-0.73114,0.234791882101268
-0.7196,0.255488109133628
-0.70716,0.275714646428385
-0.69382,0.295462835470831
-0.67963,0.314701550649426
-0.66459,0.333419669984398
-0.64873,0.351600611969778
-0.63207,0.369231538995584
-0.61465,0.386288474679505
-0.5965,0.402746769925883
-0.57763,0.418596944465117
-0.55808,0.433820087119569
-0.53789,0.448390453517497
-0.51707,0.462299912597253
-0.49568,0.475518025462974
-0.47374,0.488027004233774
-0.45128,0.499812575568287
-0.42834,0.510856533554359
-0.40496,0.52113822783434
-0.38117,0.53064321545597
-0.35701,0.539355281076329
-0.33252,0.547257445072435
-0.30774,0.554332789181101
-0.2827,0.560572514419194
-0.25745,0.565960036452241
-0.23202,0.570487947367913
-0.20645,0.574149256347773
-0.18078,0.576937712915929
-0.15505,0.578848038734649
-0.1293,0.579876080244135
-0.10356,0.580026291822139
-0.077875,0.579299047936487
-0.05228,0.577699001268823
-0.026813,0.575232079510597
-0.001504,0.571911157916868
0.023608,0.5677478667491
0.048492,0.562758579240273
0.073113,0.556960222663937
0.097439,0.550372048503605
0.12144,0.543016241262596
0.14508,0.53491239803957
0.16834,0.526090138429304
0.19119,0.516578284005406
0.21359,0.506396877224682
0.23552,0.495573136567586
0.25696,0.484139321647808
0.27788,0.472123474658502
0.29826,0.459556839622106
0.31807,0.446464946221294
0.33729,0.432875344773957
0.35591,0.418823773998191
0.37391,0.404344120749473
0.39125,0.389452961373407
0.40794,0.374189300613843
0.42396,0.35858684738619
0.43928,0.34266659251734
0.4539,0.326460716970201
0.4678,0.30999458321545
0.48098,0.293301978653514
0.49343,0.276414989091196
0.50514,0.259363271381669
0.5161,0.242173516944777
0.52631,0.224876482993534
0.53577,0.207505155314485
0.54448,0.190093208292398
0.55244,0.172673739854258
0.55965,0.155278258284364
0.56613,0.137950693637433
0.57186,0.12071398742469
0.57686,0.103602862570999
0.58115,0.0866603402296712
0.58473,0.0699199314981067
0.58762,0.05342110432378
0.58981,0.0371846002641332
0.59135,0.0212595826163378
0.59223,0.00567214980214793
0.59248,-0.00954160700199915
0.59211,-0.0243536084213883
0.59114,-0.0387359033138321
0.58959,-0.0526617126614403
0.58748,-0.0661062393653163
0.58482,-0.0790546671607701
0.58165,-0.091478763751898
0.57796,-0.10337753410073
0.57379,-0.1147353192231
0.56915,-0.125547566497282
0.56406,-0.135811711336718
0.55854,-0.145527164505699
0.55261,-0.154695233839106
0.54627,-0.163333790836176
0.53956,-0.17144427217899
0.53248,-0.179044652889304
0.52505,-0.186151194339093
0.51728,-0.192785950550627
0.50918,-0.198975247572432
0.50078,-0.20473352882107
0.49207,-0.210094988636659
0.48308,-0.215079365816049
0.47381,-0.219716496962706
0.46426,-0.224043630879617
0.45446,-0.228080864754706
0.4444,-0.23186353088237
0.4341,-0.235416108395737
0.42355,-0.238775837584874
0.41277,-0.241967024128299
0.40175,-0.245025021064338
0.3905,-0.247978271738916
0.37902,-0.25085618857431
0.36731,-0.253688062539805
0.35538,-0.256494776226532
0.34322,-0.259304515204242
0.33084,-0.262135647836665
0.31824,-0.265005359600204
0.30541,-0.26793663436989
0.29235,-0.270948941069545
0.27908,-0.274043415867451
0.26558,-0.277235759509339
0.25187,-0.280523209039042
0.23794,-0.283910174273782
0.22379,-0.287399135566323
0.20943,-0.290983371044601
0.19486,-0.294656129781925
0.18008,-0.298410640754649
0.16511,-0.30222534235353
0.14994,-0.306089351990864
0.13458,-0.309985757534027
0.11905,-0.313885722987663
0.10333,-0.317781041641584
0.08745,-0.321643301171689
0.071408,-0.325452161505165
0.055215,-0.329184668106628
0.038879,-0.332818564431438
0.022411,-0.336330523039633
0.0058177,-0.339700164875238
-0.010889,-0.342906213622042
-0.0277,-0.345929352020324
-0.044602,-0.348749308984681
-0.061583,-0.351346616008794
-0.078634,-0.353705270158998
-0.095739,-0.355807405608607
-0.11288,-0.357632751607959
-0.13005,-0.359167877814778
-0.14724,-0.360403864897503
-0.16441,-0.361312866494408
-0.18156,-0.361882214859276
-0.19867,-0.362097145472744
-0.21571,-0.36193433362698
-0.23268,-0.361386489891647
-0.24954,-0.360430002225855
-0.26628,-0.359051052884442
-0.28288,-0.357236830604684
-0.29931,-0.354968429213221
-0.31554,-0.352222672786985
-0.33156,-0.348988489061994
-0.34734,-0.345250218369303
-0.36285,-0.340989075689414
-0.37806,-0.336184404185739
-0.39296,-0.330829529628074
-0.4075,-0.324899806890703
-0.42167,-0.318386498355046
-0.43543,-0.311271894207686
-0.44876,-0.303546477739247
-0.46162,-0.295192960600843
-0.474,-0.28621059920277
-0.48585,-0.276582592670511
-0.49716,-0.266309387728668
-0.50789,-0.255383298307521
-0.51803,-0.243812638181285
-0.52754,-0.231596374799672
-0.53639,-0.218733516587693
-0.54458,-0.205245457965513
-0.55207,-0.191141637711445
-0.55884,-0.176436532032917
-0.56487,-0.161148405116804
-0.57015,-0.145305590182277
-0.57465,-0.128929088669037
-0.57837,-0.112055695550234
-0.58127,-0.0947044335614632
-0.58336,-0.0769165011460411
-0.58462,-0.0587277073577371
-0.58504,-0.0401759622287448
-0.58461,-0.0212998330137246
-0.58333,-0.00214473695590681
-0.58119,0.0172470587429168
-0.57818,0.0368370457215417
-0.57432,0.0565687046742247
-0.5696,0.0763948172229336
-0.56402,0.0962696779130549
-0.5576,0.116135411856636
-0.55034,0.135940863171286
-0.54225,0.155634479612627
-0.53335,0.175158614262416
-0.52365,0.194459900769547
-0.51317,0.213482733833113
-0.50193,0.232171490394246
-0.48995,0.250472338573437
-0.47726,0.26832727146517
-0.46388,0.285684214951106
-0.44984,0.302490246173156
-0.43516,0.318700960431158
-0.4199,0.334250829450202
-0.40406,0.349103824442375
-0.38769,0.363212113226219
-0.37083,0.376527465927427
-0.35352,0.389003055654424
-0.33578,0.400609675308039
-0.31767,0.411303985809285
-0.29923,0.421047662572998
-0.28049,0.429815295041984
-0.26151,0.437570839697954
-0.24232,0.444293287010157
-0.22297,0.449959972314505
-0.2035,0.454555351811513
-0.18396,0.458063085862345
-0.1644,0.46046705972862
-0.14485,0.461766977223586
-0.12537,0.46195352797565
-0.10599,0.461032964691824
-0.086763,0.459007288694543
-0.067726,0.455887215059551
-0.048922,0.451686099821869
-0.030389,0.446423090337804
-0.012168,0.44011957046119
0.0057097,0.43280560298771
0.023201,0.424508966369294
0.04028,0.415267794274363
0.056912,0.405121232782403
0.07307,0.394114055835642
0.088729,0.382295988100185
0.10387,0.369723956013378
0.11846,0.356448885643957
0.13249,0.342533280365339
0.14595,0.328046562011639
0.15882,0.313054446751745
0.17109,0.297625224979087
0.18277,0.281842111212328
0.19384,0.265775796294393
0.20431,0.249506981583744
0.21418,0.233114653732599
0.22345,0.216674037731801
0.23214,0.200269795989728
0.24024,0.183969406082914
0.24778,0.167853884110591
0.25477,0.15199778992913
0.26122,0.136468046003046
0.26714,0.121323147184908
0.27256,0.106627509416071
0.2775,0.09244068183374
0.28198,0.0788161643562356
0.28601,0.065793198069041
0.28963,0.0534200913259068
0.29284,0.0417210125071417
0.29569,0.0307364186628869
0.29818,0.0204812649020237
0.30034,0.0109711608710916
0.3022,0.00222125685950784
0.30378,-0.0057620103449141
0.3051,-0.0129799279234841
0.30618,-0.019440489578788
0.30704,-0.025157375402606
0.3077,-0.0301489507446918
0.30819,-0.034429904209404
0.30851,-0.0380341491397481
0.3087,-0.0409809762487033
0.30876,-0.043307280287875
0.30871,-0.0450486617385478
0.30856,-0.0462463834710596
0.30833,-0.046937994505194
0.30803,-0.0471646177914628
0.30767,-0.0469692940524492
0.30727,-0.0463881628115418
0.30683,-0.0454656816664711
0.30635,-0.0442518548246616
0.30586,-0.0427776372466286
0.30534,-0.0410947338512629
0.30482,-0.0392331496571392
0.30428,-0.0372414741648908
0.30373,-0.0351596754474384
0.30318,-0.0330195645267647
0.30262,-0.0308601430359793
0.30205,-0.0287175844244307
0.30146,-0.0266320142194137
0.30085,-0.0246380661326079
0.30022,-0.0227647924896036
0.29956,-0.0210431159337435
0.29885,-0.0195117819810341
0.29809,-0.0181997649251689
0.29727,-0.0171345181067582
0.29637,-0.0163486528315022
0.29539,-0.0158629980469046
0.2943,-0.0157102284965287
0.29311,-0.0159018261441945
0.29178,-0.0164685639406881
0.29032,-0.0174186755056423
0.2887,-0.0187712926113233
0.28691,-0.0205387377091078
0.28494,-0.0227272308713924
0.28277,-0.0253450163083259
0.28039,-0.0283940782472645
0.27778,-0.031878430752398
0.27493,-0.0357959667282716
0.27183,-0.040139455128721
0.26847,-0.0448974875179137
0.26483,-0.0500627624526568
0.2609,-0.0556238869482012
0.25668,-0.0615588928489335
0.25216,-0.0678450891830991
0.24732,-0.0744670439833517
0.24216,-0.0814006714165545
0.23667,-0.0886228405285312
0.23085,-0.0961043204301058
0.22469,-0.103819066372096
0.21819,-0.111736852402263
0.21135,-0.119824860352499
0.20416,-0.128056445103007
0.19663,-0.136395875533015
0.18876,-0.144808478187279
0.18054,-0.153268805456812
0.17198,-0.161744818769955
0.16309,-0.170200118909845
0.15386,-0.178610660815479
0.14432,-0.186933547292522
0.13445,-0.19514894398615
0.12427,-0.20322671775611
0.11378,-0.211144209121032
0.10301,-0.218863383789597
0.091948,-0.22636607313596
0.080616,-0.233625664827912
0.069028,-0.240615578605338
0.057192,-0.247314616464232
0.045127,-0.25369856923612
0.032846,-0.259746106322021
0.020367,-0.265435313488944
0.0077056,-0.270746392884883
-0.0051183,-0.275658829510282
-0.018088,-0.280154673300979
-0.03118,-0.284213720969686
-0.044376,-0.28781856460429
-0.057655,-0.290952744136404
-0.070993,-0.293599011075208
-0.084367,-0.295740904288218
-0.097756,-0.297364736515292
-0.11113,-0.298452985501656
-0.12447,-0.29899385463604
-0.13775,-0.298975515207688
-0.15094,-0.298383682752626
-0.16402,-0.297210075207126
-0.17695,-0.295436881101561
-0.18972,-0.29306146320722
-0.2023,-0.290078895705725
-0.21466,-0.286482739206776
-0.22678,-0.282273088717169
-0.23862,-0.277440694052832
-0.25016,-0.271983976098351
-0.26138,-0.265907744153038
-0.27225,-0.259214599670833
-0.28275,-0.251912846981035
-0.29285,-0.244007916801749
-0.30253,-0.235510307810726
-0.31176,-0.226427049892355
-0.32053,-0.216777090351227
-0.32881,-0.206573791490526
-0.33659,-0.195840540356123
-0.34385,-0.184600866736008
-0.35057,-0.172877855705182
-0.35673,-0.160693662609769
-0.36232,-0.148076522405333
-0.36733,-0.135058831134551
-0.37174,-0.121668079889245
-0.37555,-0.107941841852107
-0.37875,-0.0939173851016508
-0.38132,-0.0796232888101002
-0.38326,-0.0650950714987426
-0.38458,-0.0503801962393319
-0.38526,-0.035512200836223
-0.3853,-0.0205271621634719
-0.3847,-0.00546208273547256
-0.38347,0.00963904853000347
-0.38159,0.0247501520612408
-0.37909,0.039823509760521
-0.37595,0.0548324233877682
-0.37219,0.0697384992377345
-0.36781,0.0845099751312756
-0.36282,0.099114136681293
-0.35722,0.113526034466679
-0.35103,0.127713127768596
-0.34425,0.141652691867157
-0.3369,0.155316011770522
-0.32899,0.168677988103256
-0.32052,0.181724786818636
-0.31153,0.194422735134198
-0.30201,0.206760323072385
-0.292,0.218707517973455
-0.2815,0.230250016760848
-0.27053,0.241372064782943
-0.25912,0.252050042419046
-0.24729,0.262262277731028
-0.23505,0.271996900716372
-0.22244,0.281228336873406
-0.20948,0.289935687541437
-0.19619,0.298102624448349
-0.18261,0.305702396012519
-0.16876,0.312715590598462
-0.15467,0.319122073358648
-0.14038,0.324894507216915
-0.12591,0.330015501036417
-0.1113,0.33446159087706
-0.096588,0.338206757567675
-0.081808,0.341226801516002
-0.066993,0.343500605571382
-0.052184,0.345004420631878
-0.037419,0.345715463665682
-0.022736,0.345612573295002
-0.0081747,0.344675440854696
0.006226,0.342885818540815
0.020425,0.340226220887886
0.034385,0.336683295513122
0.048063,0.332243405144832
0.061423,0.326898464346309
0.074427,0.320643840319429
0.087036,0.313477307116078
0.099214,0.305401090419534
0.11093,0.296424870926031
0.12214,0.286554687978539
0.13282,0.275808481276904
0.14294,0.264209065184802
0.15246,0.251775365473802
0.16136,0.238537619295112
0.16962,0.224534521018776
0.1772,0.209795889532435
0.18409,0.194365875609872
0.19027,0.178291683888055
0.19572,0.161621775604183
0.20042,0.144404351305758
0.20437,0.126700893515148
0.20755,0.108567124618234
0.20997,0.0900747571848609
0.2116,0.0712768004782044
0.21247,0.0522540060629535
0.21256,0.0330701937708709
0.21188,0.013795818320553
0.21044,-0.00549543913388716
0.20826,-0.0247221312592301
0.20535,-0.0438064084909055
0.20172,-0.0626757261134449
0.1974,-0.0812493292281821
0.1924,-0.0994571867668638
0.18676,-0.117218022201521
0.18051,-0.134451506032357
0.17367,-0.151088080630337
0.16628,-0.167054444124257
0.15838,-0.182276761641857
0.15,-0.196690678942147
0.14118,-0.210234377292148
0.13197,-0.222842925469014
0.12241,-0.234458605941867
0.11254,-0.245031664029341
0.10242,-0.254505921511418
0.092079,-0.262845068036587
0.081579,-0.270006003869205
0.070965,-0.275954507001396
0.06029,-0.280659127445552
0.049602,-0.284095800948993
0.038951,-0.28624618621907
0.028391,-0.287094681595426
0.017969,-0.286634064370938
0.0077377,-0.284860403852644
-0.0022571,-0.281778171029714
-0.011965,-0.277395606235218
-0.021338,-0.271726034771489
-0.030336,-0.26479283036488
-0.038907,-0.256618477539182
-0.047017,-0.247237855328381
-0.054621,-0.236687135211973
-0.061684,-0.225010291667641
-0.068168,-0.212254487959781
-0.07404,-0.198472147104539
-0.079271,-0.183721699036819
-0.083829,-0.168062803860534
-0.087692,-0.151562036586493
-0.090835,-0.134287627079769
-0.093239,-0.116311786502428
-0.094889,-0.0977109515228594
-0.095766,-0.0785599071709744
-0.095868,-0.0589425764708973
-0.09518,-0.0389382463788897
-0.093705,-0.0186334686566748
-0.091441,0.00188559232394644
-0.088391,0.0225319627035807
-0.084561,0.0432184389622765
-0.079964,0.0638551431611345
-0.074614,0.0843520967675394
-0.068526,0.104621334545821
-0.061722,0.124574155478373
-0.054225,0.144123397143819
-0.046062,0.163183040619165
-0.037262,0.181669370652653
-0.027855,0.199502617470219
-0.017877,0.216604504102466
-0.0073669,0.232898543012238
0.0036394,0.248314608538971
0.015096,0.262782857319988
0.026963,0.276240665333253
0.039194,0.288628794583451
0.051741,0.299891844854823
0.064556,0.309979701039623
0.077589,0.318847080900437
0.090787,0.326452299682187
0.1041,0.332760609078849
0.11747,0.3377385604828
0.13085,0.341363465498742
0.14418,0.343612974579552
0.15741,0.344473659333417
0.17049,0.343940279441594
0.18335,0.342000161560702
0.19595,0.338657747724401
0.20823,0.333916928325165
0.22014,0.32778897708317
0.23162,0.320283924751566
0.24264,0.31143318914213
0.25313,0.301255454784603
0.26306,0.289788630121038
0.27236,0.27705589139045
0.281,0.263097821532249
0.28894,0.24796084152238
0.29613,0.231687700946615
0.30254,0.21433204888948
0.30813,0.195947663542949
0.31286,0.176587120381848
0.31671,0.156315495040366
0.31964,0.135191458961876
0.32163,0.113281749463295
0.32266,0.0906577878182376
0.32271,0.0673927948768101
0.32176,0.0435593760386257
0.3198,0.0192349424195472
0.31681,-0.0055088787029168
0.3128,-0.030585083911753
0.30775,-0.0559190491461407
0.30168,-0.0814188428810772
0.29458,-0.107003556551852
0.28645,-0.132596306489708
0.27733,-0.158096339735997
0.2672,-0.183431154614589
0.25611,-0.20850166253441
0.24405,-0.233234861452102
0.23107,-0.257536886997509
0.21718,-0.281329702931967
0.20241,-0.304535908671042
0.1868,-0.327073902497418
0.17039,-0.348861499035653
0.1532,-0.369833668576963
0.13529,-0.389912035128896
0.11669,-0.409032420566346
0.097453,-0.427127483773137
0.077619,-0.444139446406365
0.057241,-0.460010874847953
0.036368,-0.474689816453789
0.015051,-0.488129355845184
-0.0066544,-0.500285199318762
-0.028695,-0.511118828022025
-0.051014,-0.520595440733103
-0.073554,-0.528684404635087
-0.09626,-0.535361712990538
-0.11907,-0.540604823858569
-0.14193,-0.544399534979053
-0.16477,-0.546727533589217
-0.18755,-0.547590465491989
-0.21019,-0.546977020258772
-0.23264,-0.544888479208876
-0.25484,-0.541329362421832
-0.27674,-0.536314575260651
-0.29826,-0.529845280531647
-0.31935,-0.521934142197139
-0.33996,-0.512603151475109
-0.36003,-0.501874214129991
-0.37951,-0.489776323948659
-0.39833,-0.476328932584243
-0.41644,-0.461558335039731
-0.43381,-0.445510666552779
-0.45036,-0.428210066497448
-0.46607,-0.409706845411652
-0.48087,-0.390034234190777
-0.49473,-0.369240499097219
-0.50761,-0.347377419030004
-0.51946,-0.324490878799275
-0.53024,-0.300628189347753
-0.53992,-0.27584391373632
-0.54847,-0.250196952372995
-0.55586,-0.223748053517254
-0.56204,-0.196542928816626
-0.56701,-0.168650768133523
-0.57074,-0.140135482624797
-0.5732,-0.111054827505094
-0.57437,-0.0814672087365689
-0.57424,-0.0514371233409966
-0.57279,-0.0210245731951701
-0.57002,0.00970118511817199
-0.56591,0.0406804052133303
-0.56047,0.0718407708559661
-0.55368,0.103124324954426
-0.54555,0.134464448278535
-0.53609,0.165789736902894
-0.5253,0.197034658128356
-0.51319,0.228133216650767
-0.49978,0.259013881023937
-0.48507,0.289617840964467
-0.4691,0.31986903332911
-0.45189,0.349694815264785
-0.43346,0.379027754798914
-0.41383,0.407806963865583
-0.39306,0.435949432234157
-0.37116,0.463394063607822
-0.34818,0.490070049775958
-0.32416,0.515908629637609
-0.29915,0.540837723846712
-0.27319,0.56479249862045
-0.24634,0.587701514189614
-0.21864,0.609505325276522
-0.19016,0.630134188951575
-0.16094,0.649534747363393
-0.13106,0.6676393399134
-0.10058,0.684386015721219
-0.069553,0.6997248992095
-0.038058,0.71359861062886
-0.0061601,0.725956186702054
0.026065,0.736746006602334
0.058548,0.745922678347823
0.091211,0.753441328531923
0.12398,0.75926222548539
0.15677,0.763343341944354
0.18951,0.765652899580505
0.22212,0.766162194432025
0.25452,0.764846381287211
0.28663,0.761684988782314
0.31837,0.75666220330958
0.34965,0.749759559560488
0.38041,0.740979680719586
0.41056,0.730320473338933
0.44003,0.717791407973053
0.46873,0.703396722626941
0.4966,0.687158969593416
0.52357,0.669107907225502
0.54956,0.649271330458064
0.5745,0.62768247688649
0.59833,0.604385811692166
0.62098,0.579426569710187
0.64238,0.552849657093516
0.66248,0.524713518045288
0.68122,0.495078731787997
0.69853,0.463998720531735
0.71438,0.43154937423517
0.72869,0.397785737077664
0.74144,0.362788947151453
0.75257,0.326629387053823
0.76203,0.289374199495545
0.76979,0.25110076998281
0.77582,0.211892501481894
0.78008,0.171827822462182
0.78254,0.130986203098115
0.7832,0.0894677308476543
0.78201,0.0473491539037537
0.77897,0.00472297305212713
0.77409,-0.0383010797430372
0.76733,-0.0816396964965451
0.75871,-0.125189186039891
0.74824,-0.168840085462958
0.73593,-0.212481710741244
0.72179,-0.256005896151978
0.70584,-0.299302589959787
0.68812,-0.342248992862532
0.66864,-0.384738146150066
0.64747,-0.426635034237845
0.62463,-0.467823318616297
0.60018,-0.508175990468719
0.57417,-0.547569016470951
0.54666,-0.585877498064227
0.51771,-0.62298003049857
0.4874,-0.658747363961945
0.45579,-0.693063080023928
0.42296,-0.725810371290231
0.389,-0.756868819730268
0.35398,-0.786134099768913
0.31801,-0.813489086282427
0.28116,-0.838840083799716
0.24354,-0.862086264881236
0.20525,-0.883132212690327
0.16637,-0.901905286912442
0.12702,-0.918324663276243
0.087304,-0.932318000713907
0.047315,-0.943830941346904
0.0071642,-0.952812699660343
-0.03304,-0.959219867788797
-0.073197,-0.963022960668438
-0.11319,-0.964193551187203
-0.15293,-0.96272638238978
-0.1923,-0.958615282538075
-0.23119,-0.951859616248538
-0.26952,-0.94248629827026
-0.30716,-0.930507607531867
-0.34404,-0.915968862710213
-0.38004,-0.898904573228387
-0.41508,-0.879369880780304
-0.44907,-0.857428315803446
-0.48191,-0.833141647162036
-0.51354,-0.806598651365652
-0.54385,-0.777870963780541
-0.57278,-0.747051819880897
-0.60026,-0.714242265541264
-0.62622,-0.679547169901949
-0.6506,-0.643079227645909
-0.67333,-0.604947107347769
-0.69437,-0.565275506637538
-0.71367,-0.524191243088908
-0.73118,-0.481819311175885
-0.74686,-0.438287064364135
-0.76069,-0.39373484720348
-0.77263,-0.348294577911235
-0.78266,-0.302102216733294
-0.79077,-0.255300244349881
-0.79694,-0.208024638745582
-0.80116,-0.16040927422033
-0.80343,-0.112589458771175
-0.80376,-0.0647046983222872
-0.80215,-0.0168859777700816
-0.79862,0.0307321294364197
-0.79319,0.0780166289003274
-0.78588,0.124840265706328
-0.77672,0.17107737112992
-0.76573,0.216615301148204
-0.75298,0.261318966713034
-0.73848,0.30508419920679
-0.7223,0.347791230009683
-0.70447,0.389341583180445
-0.68507,0.429620700106382
-0.66414,0.468534804046815
-0.64176,0.505980907382943
-0.61798,0.541874654951238
-0.59289,0.576120506204903
-0.56655,0.608639759383971
-0.53904,0.639355713508035
-0.51045,0.668189045658722
-0.48087,0.695061525821605
-0.45037,0.719913758462761
-0.41905,0.742682005300246
-0.387,0.763309182695871
-0.3543,0.781753528171587
-0.32107,0.797958186245613
-0.28739,0.81188622035122
-0.25336,0.823503910561478
-0.21907,0.832789375984656
-0.18462,0.839724392348424
-0.1501,0.844302458873322
-0.11562,0.846512765664066
-0.081257,0.846366537975187
-0.047109,0.843877718915057
-0.013262,0.839071694238223
0.020191,0.831977920685149
0.053173,0.822640836004636
0.085593,0.811106019125654
0.11738,0.797434092470465
0.14845,0.781687066523021
0.17875,0.763949778716956
0.20818,0.744288823888568
0.23671,0.722806385798587
0.26426,0.699593881079561
0.29079,0.67476137409361
0.31624,0.648416344847981
0.34056,0.620668755392767
0.36372,0.591642384620274
0.38569,0.561468746890332
0.40643,0.530274523406609
0.42591,0.498186266115202
0.44412,0.465341510173092
0.46104,0.431875192366233
0.47666,0.397923496895085
0.49098,0.363626854101757
0.50398,0.329109994266283
0.51568,0.294510589049448
0.52608,0.259957570890182
0.53519,0.225576026024432
0.54302,0.19148378838939
0.54959,0.157796235379195
0.55493,0.124630183914819
0.55905,0.0920847778929118
0.56197,0.0602486970912304
0.56374,0.0292210083077986
0.56438,-0.000916675440032121
0.56393,-0.0300852059648545
0.56242,-0.0582179507544047
0.55988,-0.0852611716956394
0.55637,-0.111151799063596
0.55191,-0.135851509258384
0.54655,-0.159321758776749
0.54033,-0.181533231297065
0.53329,-0.202465782145168
0.52548,-0.222100726260574
0.51693,-0.240436733843717
0.50769,-0.257472569168401
0.49781,-0.273207921243846
0.48732,-0.287658787959972
0.47626,-0.300847221658544
0.46467,-0.312800256953252
0.45258,-0.323556257869272
0.44005,-0.33314009627474
0.42709,-0.341602600959219
0.41375,-0.348985061279005
0.40006,-0.355335186118778
0.38605,-0.360704943491276
0.37175,-0.365148655685303
0.35719,-0.368721346713966
0.3424,-0.371477335108251
0.32741,-0.373469061919365
0.31224,-0.374753539231145
0.29692,-0.375382590961696
0.28146,-0.375417266855316
0.2659,-0.374902198462359
0.25026,-0.373882290930297
0.23455,-0.372408734361764
0.21879,-0.370528872914523
0.203,-0.368285509402209
0.1872,-0.365716432465649
0.17141,-0.362854140283442
0.15564,-0.359733133217463
0.1399,-0.356388335184149
0.12421,-0.35284640772941
0.10859,-0.349126346550973
0.093036,-0.345257904136766
0.077574,-0.34125622490753
0.062207,-0.337140979930986
0.046952,-0.332924305641949
0.031812,-0.328621994495967
0.0168,-0.324244676454304
0.0019244,-0.319801652452229
-0.012808,-0.315301807315687
-0.02739,-0.310752888878519
-0.041814,-0.306160967846437
-0.056074,-0.3015315359849
-0.070161,-0.296867015003545
-0.084072,-0.292171496093293
-0.097798,-0.287445653744576
-0.11133,-0.282687183710733
-0.12468,-0.277906778315345
-0.13782,-0.273095565634644
-0.15075,-0.26824967103424
-0.16347,-0.263369182095788
-0.17597,-0.258449836395469
-0.18825,-0.253491239139809
-0.20029,-0.248481206601318
-0.2121,-0.243420441968794
-0.22366,-0.238297726181866
-0.23497,-0.233107223501552
-0.24602,-0.227840109769668
-0.2568,-0.222485311316003
-0.26731,-0.217037564712572
-0.27753,-0.21148158626036
-0.28747,-0.205816563320663
-0.29711,-0.200031155039239
-0.30644,-0.194113208557356
-0.31546,-0.188057613926688
-0.32415,-0.181850276336068
-0.33251,-0.175485021988861
-0.34052,-0.168947440372528
-0.34818,-0.16223166731096
-0.35548,-0.155331510509138
-0.36242,-0.148248109349816
-0.36897,-0.140966336212514
-0.37514,-0.133487967247455
-0.38091,-0.125806210533617
-0.38629,-0.117929783549865
-0.39125,-0.109850144126994
-0.39579,-0.101567293130428
-0.39991,-0.0930881574506612
-0.4036,-0.0844177192682145
-0.40685,-0.0755593079855273
-0.40965,-0.0665148680706755
-0.41201,-0.0572999992861499
-0.41391,-0.0479187450022859
-0.41535,-0.0383805430374544
-0.41634,-0.0287063436492767
-0.41685,-0.0188962593139788
-0.4169,-0.00897058039625508
-0.41648,0.00105686523551992
-0.41559,0.0111704339472621
-0.41423,0.0213534516469493
-0.41239,0.0315962798505405
-0.41008,0.0418804580205084
-0.40731,0.0521809462430754
-0.40406,0.0624902957489786
-0.40035,0.0727859187818947
-0.39618,0.0830484845873615
-0.39156,0.0932544738900601
-0.38647,0.10339988593298
-0.38094,0.113459686267509
-0.37496,0.123422234508566
-0.36854,0.133272310229264
-0.36169,0.142992326635942
-0.3544,0.152578164574102
-0.3467,0.162007215239734
-0.33858,0.171272268745652
-0.33005,0.180364054095038
-0.32111,0.18927941800383
-0.31177,0.198012964702958
-0.30205,0.206550369533336
-0.29194,0.214892796790311
-0.28146,0.223031803973864
-0.27061,0.230966343403191
-0.2594,0.238694078954272
-0.24783,0.246219212396895
-0.23593,0.253529029058495
-0.2237,0.260619794896136
-0.21114,0.267495204436868
-0.19828,0.274142753170704
-0.18512,0.280559479139684
-0.17167,0.286742874611487
-0.15796,0.292676154129294
-0.14399,0.298353721713695
-0.12978,0.303764428033983
-0.11534,0.308900414155802
-0.10069,0.313749361182753
-0.085855,0.318292055864749
-0.070838,0.322520575749708
-0.055665,0.32641938001032
-0.040351,0.329975418703224
-0.024914,0.333175862479072
-0.0093763,0.336005310834574
0.0062457,0.338451155136503
0.02193,0.340499327465019
0.03766,0.342139052609084
0.053413,0.343358090975944
0.069169,0.344145453572398
0.084909,0.344492301964891
0.10061,0.344388922274267
0.11625,0.343826006731703
0.13181,0.342797154635999
0.14727,0.341297855759003
0.1626,0.339317963978947
0.17778,0.336850563273253
0.1928,0.333899029742934
0.20763,0.330460273230148
0.22225,0.326533580231548
0.23663,0.322112876190493
0.25076,0.317202811021659
0.26462,0.311809257932838
0.27818,0.305931621328859
0.29144,0.29958637915963
0.30436,0.292773837702176
0.31693,0.285503516115211
0.32914,0.277792167723465
0.34097,0.269654601754968
0.35241,0.261111117235102
0.36343,0.252171147670102
0.37403,0.242857324000638
0.3842,0.233194933809936
0.39392,0.223203349650998
0.40319,0.212911443052165
0.412,0.202347560327982
0.42033,0.191531441694963
0.4282,0.180504892742971
0.43559,0.16929675673332
0.4425,0.157939379008172
0.44893,0.146466969368186
0.45488,0.134914220769122
0.46036,0.123322565373314
0.46535,0.111715440296685
0.46987,0.100130568140285
0.47393,0.0886086130163214
0.47751,0.0771691614560146
0.48064,0.0658510551556193
0.48332,0.0546852235858848
0.48555,0.0436951762515055
0.48733,0.0328975711381423
0.48869,0.0223250325334479
0.48963,0.0119997589032372
0.49014,0.00192730896084803
0.49025,-0.00787100856588877
0.48995,-0.0173915995035719
0.48926,-0.0266233173127331
0.48818,-0.0355642710035353
0.48671,-0.0442203313234727
0.48487,-0.0525889269688163
0.48266,-0.0606757686067914
0.48008,-0.0684933066109107
0.47715,-0.0760445097632642
0.47385,-0.0833543944711052
0.47021,-0.0904282852491751
0.46622,-0.0972852263567735
0.46188,-0.103947552789991
0.45721,-0.110424989341682
0.45219,-0.116746512229125
0.44684,-0.122926344774592
0.44116,-0.128981289061197
0.43515,-0.134929810585234
0.42881,-0.140791245806572
0.42214,-0.146585127334213
0.41515,-0.152323222360828
0.40783,-0.15802548859707
0.4002,-0.16369572916046
0.39225,-0.169346752932294
0.38398,-0.174990828890879
0.37539,-0.180639404463965
0.36649,-0.186295495564029
0.35728,-0.191962554274614
0.34776,-0.197644205634959
0.33793,-0.203344035197646
0.32779,-0.209065422166491
0.31733,-0.214818811151126
0.30657,-0.22059780817807
0.29548,-0.226419518429278
0.28408,-0.232282493836048
0.27236,-0.238192490762136
0.26031,-0.244160851570445
0.24793,-0.250195668662432
0.23521,-0.256309538578064
0.22216,-0.262503501639396
0.20875,-0.268798770457397
0.19499,-0.275202614379512
0.18088,-0.281718199943326
0.16639,-0.288367410635515
0.15154,-0.295149591007066
0.1363,-0.302082835045343
0.12069,-0.30916281002898
0.10468,-0.316404110354541
0.088273,-0.32381171011719
0.071468,-0.33138557279398
0.054258,-0.339125966673755
0.036646,-0.347025908304399
0.018622,-0.355082274428011
0.00018998,-0.363284709868211
-0.018653,-0.371622340044966
-0.037901,-0.38007751445011
-0.057558,-0.388634854181468
-0.077615,-0.397271560560152
-0.098066,-0.405961627725941
-0.11891,-0.414680813482705
-0.14012,-0.423387688567049
-0.16171,-0.432058377501575
-0.18365,-0.440651261781271
-0.20593,-0.449126347258372
-0.22854,-0.457446055833882
-0.25145,-0.465561035634541
-0.27464,-0.473421235427214
-0.2981,-0.480984871745013
-0.32179,-0.488195888658338
-0.3457,-0.495010560017907
-0.36978,-0.50136686007252
-0.39402,-0.507219442971451
-0.41838,-0.512515656348532
-0.44282,-0.517198612265893
-0.46731,-0.52121718231851
-0.49181,-0.524519135591616
-0.51628,-0.527053054542764
-0.54069,-0.528777273135164
-0.56499,-0.529644659854239
-0.58914,-0.529612694520461
-0.61309,-0.528636684922059
-0.63681,-0.526686555365554
-0.66024,-0.523723029178636
-0.68335,-0.519723051417367
-0.70607,-0.514648084436281
-0.72837,-0.508478121053109
-0.75019,-0.501186842391467
-0.77148,-0.492751341543188
-0.79221,-0.483167260624243
-0.8123,-0.47240873466728
-0.83171,-0.460463208831953
-0.8504,-0.447329556662452
-0.86831,-0.433001474920349
-0.88539,-0.417476403591176
-0.90158,-0.400747802007272
-0.91685,-0.382828594844229
-0.93113,-0.363717779325555
-0.94438,-0.343425623160054
-0.95655,-0.321964073074482
-0.96759,-0.299346360762578
-0.97746,-0.275594025290022
-0.9861,-0.250720146833267
-0.99348,-0.224753007243208
-0.99954,-0.197710366005756
-1,-0.166479165913301
-1,-0.132469329205549
-1,-0.0972396946512311
-1,-0.0620925312083226
-1,-0.0280919421470727
-1,0.00391678101671494
-1,0.0332871945430477
-0.99632,0.0622739536720939
-0.98894,0.092709086452558
-0.97993,0.12449480433283
-0.96926,0.157534365469071
-0.95691,0.19172609383722
-0.94288,0.226951426788719
-0.92714,0.263102824937629
-0.90971,0.3000469397102
-0.89055,0.337677076727188
-0.86968,0.3758661608426
-0.84711,0.4144812405841
-0.82282,0.453410220310887
-0.79685,0.492516412365483
-0.76919,0.531683994687306
-0.73986,0.570795029337298
-0.70889,0.609725876818941
-0.6763,0.648359312571298
-0.64211,0.686586801732975
-0.60636,0.724295384422253
-0.56908,0.761379462546372
-0.5303,0.797742763318457
-0.49008,0.83327753834365
-0.44844,0.867899902238212
-0.40545,0.901511166168845
-0.36116,0.934018853966639
-0.31561,0.9653461008558
-0.26887,0.995409268406257
-0.221,1.02412967365846
-0.17207,1.05142812458312
-0.12214,1.07723532893155
-0.071283,1.10148302311103
-0.01958,1.12410049457405
0.032897,1.14502440873134
0.086062,1.16418952320335
0.13983,1.18153234127803
0.19412,1.1969962218718
0.24884,1.21052422158438
0.30389,1.22205554123274
0.35919,1.23154345740752
0.41463,1.23893242245194
0.47012,1.24417680448396
0.52556,1.24723353238631
0.58085,1.24806348839587
0.63587,1.24661771621818
0.69054,1.24287091672215
0.74474,1.23678865297455
0.79836,1.22833811785164
0.8513,1.2174967425649
0.90344,1.20423666471164
0.9547,1.1885567060739
1,1.1667788204706
1,1.10700756182029
1,1.01801555986602
1,0.907633309477899
1,0.782766672671115
1,0.649424252301762
1,0.512753581976028
1,0.377084932341173
1,0.24598144835438
1,0.122294296964494
1,0.00822151193122303
1,-0.0946307352285314
1,-0.185185638877898
1,-0.262833146227463
1,-0.327368228527173
1,-0.378930918805349
1,-0.41794887374757
1,-0.445083090381097
1,-0.461177282484131
1,-0.467211299892547
1,-0.464258858420542
1,-0.453449740743184
1,-0.435936530651713
1,-0.412865855517829
1,-0.385354035153279
1,-0.354466969763186
1,-0.321204045321974
1,-0.286485791167123
1,-0.25114499142912
1,-0.215920928458458
1,-0.181456421913561
1,-0.148297320790352
1,-0.116894106500847
1,-0.0876052722106168
1,-0.060702156083093
1,-0.036374922926991
1,-0.0147394091079584
1,0.00415543138041061
1,0.0203197168777408
1,0.0338146751730598
1,0.0447447123267066
1,0.0532496712494713
1,0.0594974121634326
1,0.0636768221363417
0.97421,0.0469116713913808
0.9143,-0.0116526939043389
0.85266,-0.103816507768431
0.78942,-0.222009540952549
0.72472,-0.359316622926386
0.65873,-0.50947668233312
0.59158,-0.666925789863323
0.52344,-0.826762441326927
0.45447,-0.984746096851585
0.38482,-1.13728452283753
0.31465,-1.28139667969219
0.24412,-1.41467814119259
0.1734,-1.5352538231459
0.10263,-1.64175794440487
0.031986,-1.73325739622226
-0.038387,-1.80922925935335
-0.10833,-1.86949919572438
-0.1777,-1.91420494314844
-0.24635,-1.9437436375158
-0.31412,-1.9587152971545
-0.38089,-1.95991029084146
-0.4465,-1.94823403979983
-0.51084,-1.92470868528407
-0.57377,-1.89041092900541
-0.63516,-1.84644875163452
-0.69491,-1.79395526296545
-0.75289,-1.73403738752272
-0.80899,-1.66777087329899
-0.86312,-1.59619585239266
-0.91517,-1.5202834756762
-0.96506,-1.44094675238174
-1,-1.34962470632289
-1,-1.22500421543209
-1,-1.07666041178088
-1,-0.912987178536472
-1,-0.741238823510786
-1,-0.56758221676167
-1,-0.397157817503355
-1,-0.234147933187114
-1,-0.081850531638588
-1,0.0572430444146681
-1,0.181368041562182
-1,0.289405417823858
-1,0.3808014752267
-1,0.455489211338604
-1,0.513812442988014
-1,0.556453594470351
-1,0.584365880713252
-1,0.598710457166475
-1,0.600798955919807
-1,0.592041684394139
-1,0.573901630945014
-1,0.547854302352541
-1,0.515353312428862
-1,0.477801549387969
-1,0.436527672333419
-1,0.39276762403179
-1,0.347650797575475
-1,0.302190457889133
-1,0.257277994409358
-1,0.213680567640403
-1,0.172041708538351
-1,0.13288443462288
-1,0.0966164591561688
-1,0.0635370884634229
-1,0.0338454263288098
-1,0.00764953226389783
-1,-0.0150237887415268
-0.97629,-0.0166779907483201
-0.93518,0.0116156005357093
-0.89301,0.0642296323842088
-0.84991,0.135915496785416
-0.80598,0.22185806175667
-0.76133,0.317686107603876
-0.71609,0.419468160616873
-0.67036,0.523740235627812
-0.62425,0.62749126481148
-0.57789,0.728136269924333
-0.53137,0.82353143732297
-0.4848,0.911933207984733
-0.4383,0.991964498633409
-0.39196,1.06260919490925
-0.34589,1.12316254851721
-0.30019,1.17320606851759
-0.25495,1.2125802452483
-0.21026,1.24134853109712
-0.16621,1.25976233433131
-0.12289,1.26822750932765
-0.08038,1.26728013925038
-0.038752,1.25756142934412
0.0019249,1.23979014587613
0.041578,1.21473268464307
0.080155,1.18319452128029
0.11759,1.14598620940513
0.15384,1.10392189733193
0.18886,1.05779870984224
0.2226,1.00837748371379
0.25503,0.956385851046028
0.28612,0.902506043611198
0.31585,0.847372962933868
0.3442,0.791565854149152
0.37115,0.735602510181215
0.39669,0.679943135381962
0.42081,0.624987181581328
0.44352,0.571086869092179
0.46481,0.518529500162258
0.4847,0.46756170437016
0.50319,0.418372951095372
0.52031,0.371120677638234
0.53607,0.325914393509814
0.55048,0.282818942930751
0.56359,0.241887949446953
0.5754,0.203124614716019
0.58596,0.166525524039365
0.59528,0.132049709487517
0.60342,0.0996614272972369
0.61039,0.0692907206937663
0.61623,0.0408618729389363
0.62099,0.0143018811117426
0.62469,-0.0104821701655656
0.62738,-0.0335762701844411
0.62908,-0.0550822303464554
0.62983,-0.0750984564846963
0.62968,-0.0937117691473412
0.62864,-0.111027926352739
0.62677,-0.12712902559153
0.62408,-0.142113606850458
0.62062,-0.156061854705995
0.6164,-0.169067084039695
0.61148,-0.181194101457434
0.60586,-0.192527642067127
0.59959,-0.203129449585673
0.59269,-0.213063374001148
0.58517,-0.222400683367462
0.57709,-0.231179723737203
0.56845,-0.239455554031692
0.55929,-0.247265513344255
0.54962,-0.254653674228828
0.53948,-0.26164596960613
0.52889,-0.268267571891198
0.51787,-0.274542109496311
0.50644,-0.280491073181732
0.49465,-0.286111196797159
0.48249,-0.291423425926897
0.47002,-0.296415618438731
0.45724,-0.301093377553716
0.44419,-0.305446610339231
0.43089,-0.309467378777092
0.41736,-0.313149454062157
0.40365,-0.316465745526145
0.38976,-0.319409832669412
0.37573,-0.321962366728471
0.36159,-0.324101332854266
0.34737,-0.325803007212969
0.33308,-0.32705759259971
0.31877,-0.32783711202214
0.30444,-0.32813658748012
0.29014,-0.32793269284838
0.27588,-0.327217487905326
0.2617,-0.325973447293065
0.24761,-0.324197977066656
0.23363,-0.321893218819463
0.21979,-0.319057723893043
0.20611,-0.315694626208861
0.19261,-0.311810713422587
0.1793,-0.307422983079387
0.16621,-0.302541472752575
0.15333,-0.297199972199198
0.14069,-0.291420987553103
0.1283,-0.285232156964445
0.11617,-0.278664531188423
0.1043,-0.271758482666053
0.092704,-0.264550460016742
0.081381,-0.257083840139713
0.070341,-0.249398240249326
0.059582,-0.24153798792772
0.049105,-0.233547707334071
0.038912,-0.225470210866992
0.028998,-0.217350738736006
0.019363,-0.209231415425249
0.010004,-0.201152757216627
0.00091374,-0.193155839639345
-0.0079085,-0.18527602474378
-0.016471,-0.177548464800146
-0.024777,-0.170003210031557
-0.032836,-0.162669744912946
-0.040654,-0.155573432585743
-0.048237,-0.148735339345455
-0.055594,-0.142174419309792
-0.062733,-0.135906372143785
-0.069661,-0.12994280995126
-0.076387,-0.124292915114119
-0.082919,-0.118962628248948
-0.089265,-0.113954827322607
-0.095431,-0.109268083128429
-0.10143,-0.104902437894277
-0.10726,-0.100847768672206
-0.11294,-0.0971013133317765
-0.11846,-0.0936446424142025
-0.12385,-0.0904765575451122
-0.1291,-0.0875800145535623
-0.13421,-0.0849328727486672
-0.13921,-0.0825314968616934
-0.14408,-0.080350161501456
-0.14884,-0.0783754860772614
-0.15349,-0.0765895081391078
-0.15802,-0.074963577492725
-0.16246,-0.0734907068549619
-0.16679,-0.0721445456625194
-0.17103,-0.0709133980189186
-0.17516,-0.0697681017148181
-0.1792,-0.0686957758209664
-0.18314,-0.0676748412022272
-0.18699,-0.0666921120097265
-0.19073,-0.0657193805258281
-0.19438,-0.0647467158796384
-0.19792,-0.0637496722987698
-0.20136,-0.0627150199621687
-0.20469,-0.0616242186549465
-0.2079,-0.060455036330714
-0.21099,-0.0591903470617877
-0.21395,-0.0578103068007957
-0.21678,-0.0563009192057464
-0.21947,-0.054646003239636
-0.22202,-0.0528355747007586
-0.22441,-0.0508502548833431
-0.22663,-0.0486711330327377
-0.22869,-0.0462951011467019
-0.23056,-0.0437024380754636
-0.23225,-0.040890281058313
-0.23374,-0.0378473925437588
-0.23503,-0.0345710228499577
-0.23611,-0.0310580888115077
-0.23698,-0.0273128650134459
-0.23762,-0.0233307972707169
-0.23803,-0.0191152586775668
-0.23819,-0.0146612540304215
-0.23812,-0.00998687541939727
-0.2378,-0.00509888747774094
-0.23723,-9.65070490975594e-06
-0.23639,0.00527899041410549
-0.2353,0.0107440566093878
-0.23393,0.0163830445477909
-0.23229,0.0221803834886684
-0.23038,0.0281177333439941
-0.22819,0.0341823604102114
-0.22571,0.0403663663415491
-0.22295,0.0466511653956629
-0.2199,0.0530248401126393
-0.21657,0.0594663795177247
-0.21294,0.0659702041829201
-0.20901,0.0725285688558323
-0.2048,0.0791174441062385
-0.20029,0.0857299307349413
-0.19549,0.0923509851578729
-0.19039,0.0989742531990313
-0.185,0.105585831650098
-0.17933,0.11216616902003
-0.17337,0.118706534716355
-0.16713,0.125192438870989
-0.16061,0.131612613868351
-0.15382,0.137951378472338
-0.14676,0.144197393455066
-0.13944,0.150335817374544
-0.13187,0.156349473833288
-0.12405,0.162227250519966
-0.11599,0.167955926806219
-0.1077,0.173521041962675
-0.099192,0.178906146907439
-0.090473,0.184097431574502
-0.081553,0.189081474011404
-0.072443,0.19384490010235
-0.063156,0.198373370147663
-0.053702,0.202654486518658
-0.044092,0.206677131247821
-0.034344,0.210426463097975
-0.024468,0.213891074769387
-0.014481,0.217057579045174
-0.0043953,0.219914951815123
0.0057708,0.222450057537787
0.016003,0.224651493798153
0.026284,0.226507467630514
0.036596,0.228005943473297
0.046921,0.229134989702338
0.05724,0.229882463182414
0.067536,0.230237979535459
0.077789,0.230190758259534
0.08798,0.229730854567901
0.098091,0.228850130023923
0.1081,0.227539289672395
0.11799,0.225792178848176
0.12774,0.223602507166743
0.13734,0.220972305930944
0.14676,0.217895599452371
0.15599,0.214375029529118
0.16501,0.210412837112365
0.17381,0.206018394520175
0.18236,0.201191894512713
0.19065,0.195941013159209
0.19867,0.190279345078908
0.2064,0.184217589614994
0.21384,0.177778699864901
0.22096,0.170972782311605
0.22775,0.163814160376318
0.2342,0.156320207238657
0.2403,0.148510318933426
0.24604,0.140405023301574
0.25141,0.132025219057884
0.25639,0.123384140022703
0.26097,0.114495850034414
0.26515,0.105382056856157
0.26891,0.0960552134606071
0.27223,0.0865199155158384
0.27512,0.0767964064995767
0.27755,0.0668873453330491
0.27952,0.0568032445330644
0.28101,0.0465457810967597
0.28201,0.0361167626930878
0.28252,0.0255253513965052
0.28251,0.0147641170131832
0.28199,0.00384193888750023
0.28093,-0.00724906281114586
0.27932,-0.0185153658182252
0.27717,-0.029947440847734
0.27446,-0.0415453556586411
0.27118,-0.0533095739453259
0.26732,-0.0652409294229464
0.26288,-0.0773331929565896
0.25785,-0.0895820486302311
0.25223,-0.101977481683323
0.24602,-0.11450518433301
0.23921,-0.127155194944767
0.23181,-0.139906564920119
0.2238,-0.15275227108688
0.21521,-0.165659770785629
0.20603,-0.178606436370493
0.19626,-0.191570884387681
0.18592,-0.20451857810301
0.17502,-0.217412756070992
0.16356,-0.230223308868939
0.15156,-0.242911595542873
0.13904,-0.255433233639478
0.12601,-0.26774790451674
0.1125,-0.279804982783014
0.09852,-0.291561825030342
0.084101,-0.302968000893824
0.06927,-0.313971296429801
0.054055,-0.32451891714588
0.038485,-0.334558495300328
0.022594,-0.344035954800846
0.0064162,-0.352897405322686
-0.010011,-0.36108846492693
-0.026655,-0.36855966441638
-0.04347,-0.37525738281162
-0.060423,-0.381135895647712
-0.077468,-0.38614781519787
-0.094565,-0.390250495681301
-0.11167,-0.393403686809744
-0.12874,-0.39557128850035
-0.14573,-0.396720444899951
-0.1626,-0.396825911819163
-0.1793,-0.39586228677301
-0.19579,-0.393812539099926
-0.21201,-0.390652471051983
-0.22794,-0.386382747274586
-0.24351,-0.380987494166072
-0.2587,-0.374475307411608
-0.27345,-0.366845086066534
-0.28771,-0.35809570666111
-0.30146,-0.348248584939806
-0.31465,-0.337320888573996
-0.32724,-0.325333617820622
-0.33918,-0.312303188273272
-0.35045,-0.298264318801067
-0.36101,-0.283251000908562
-0.37081,-0.267288544575651
-0.37984,-0.250424331978471
-0.38805,-0.232692835886824
-0.39542,-0.214139499487697
-0.40193,-0.194817474752014
-0.40753,-0.174762575106934
-0.41223,-0.15404006161628
-0.41598,-0.132692806142383
-0.41878,-0.110781416251457
-0.4206,-0.0883569080560556
-0.42144,-0.065483279083048
-0.42128,-0.0422183530536097
-0.42011,-0.0186206586640482
-0.41795,0.00523028237646289
-0.41476,0.0292847359932047
-0.41057,0.0534668010642128
-0.40537,0.0777113756822126
-0.39917,0.101949314874963
-0.39199,0.126102999702307
-0.38383,0.150105195429584
-0.37471,0.173884428263788
-0.36466,0.197360731219255
-0.35369,0.220464641273922
-0.34183,0.243122681604489
-0.32911,0.265260581673941
-0.31556,0.286805909849125
-0.30122,0.307682770592004
-0.28612,0.3278224304538
-0.27031,0.34714952645128
-0.25382,0.365600722711416
-0.2367,0.383109867685367
-0.219,0.3996109091274
-0.20077,0.415040244931668
-0.18205,0.429345960522958
-0.16291,0.442465395852722
-0.14338,0.454359117900238
-0.12354,0.464971137048628
-0.10343,0.474263832603679
-0.083119,0.482194584832359
-0.062656,0.488733308620805
-0.042105,0.493850363555992
-0.021522,0.497523798568128
-0.00096799,0.499735367165804
0.019499,0.500473082056586
0.03982,0.499730206045455
0.059939,0.497507164308057
0.079797,0.493808473465284
0.09934,0.488646040729806
0.11852,0.482042340977978
0.13727,0.474014179902395
0.15554,0.464586336976787
0.1733,0.45380453627659
0.19049,0.44170834884737
0.20706,0.428339049095403
0.22298,0.413753245528976
0.23821,0.398011242504406
0.25271,0.381174915800328
0.26646,0.363320699834356
0.27941,0.344512646951453
0.29156,0.324840149208694
0.30286,0.304373672383917
0.31331,0.283203476516026
0.32289,0.261418485044669
0.33158,0.239104034317408
0.33938,0.216354887205073
0.34627,0.193255843607431
0.35227,0.169910700820038
0.35735,0.146398492370374
0.36154,0.122820168416712
0.36482,0.0992542500781687
0.36721,0.0757881954984088
0.36873,0.0525138276424785
0.36937,0.0295013233957396
0.36916,0.00683054500309328
0.36811,-0.0154283603170104
0.36625,-0.0372007735844666
0.36358,-0.0584332848856557
0.36014,-0.0790620858388568
0.35594,-0.0990395440315455
0.35102,-0.118310824435092
0.34541,-0.136824814371599
0.33911,-0.154557620525169
0.33218,-0.171464241107878
0.32464,-0.187514103766899
0.31651,-0.202689730597635
0.30783,-0.216970525899952
0.29864,-0.230334556622163
0.28896,-0.242774784520887
0.27884,-0.25427476119808
0.26829,-0.264841030819965
0.25737,-0.274462058866794
0.2461,-0.283142130656323
0.23452,-0.290883852711412
0.22266,-0.297696257067783
0.21056,-0.303586341580409
0.19826,-0.308559666444644
0.18578,-0.312635631899633
0.17318,-0.315815028884074
0.16046,-0.318128297541181
0.14769,-0.319577478218095
0.13487,-0.320193677710848
0.12205,-0.319993850908068
0.10926,-0.318998083450533
0.096527,-0.317230830694929
0.083874,-0.314722522642376
0.071331,-0.311502545024022
0.058923,-0.307602457254701
0.046673,-0.303056282531288
0.034604,-0.297899173101186
0.022734,-0.292169977776258
0.011083,-0.285908013285076
-0.00033096,-0.279153352894278
-0.011495,-0.27194937993129
-0.022394,-0.264339262940591
-0.033015,-0.25636634968207
-0.043349,-0.248075786120508
-0.053384,-0.239510603791626
-0.063115,-0.230715994277317
-0.072533,-0.221734541208264
-0.081634,-0.212609081199447
-0.090415,-0.203382025631468
-0.09887,-0.194091849769591
-0.107,-0.184777744375597
-0.1148,-0.175473717312484
-0.12228,-0.166219495267662
-0.12943,-0.157043267513929
-0.13626,-0.147977651542716
-0.14277,-0.13905025127531
-0.14895,-0.130276172912418
-0.15482,-0.121681894992029
-0.16039,-0.113294638259391
-0.16564,-0.105118994141353
-0.17059,-0.0971704386060208
-0.17524,-0.0894576920597068
-0.17959,-0.0819834843905122
-0.18366,-0.0747601283815896
-0.18744,-0.0677848600641935
-0.19094,-0.0610573455029467
-0.19417,-0.0545789477505592
-0.19714,-0.0483521154672418
-0.19984,-0.042365085048005
-0.20228,-0.0366095113840185
-0.20447,-0.0310798137665942
-0.20642,-0.0257726041474872
-0.20812,-0.0206713951614743
-0.20959,-0.0157716064636023
-0.21082,-0.0110560514620292
-0.21182,-0.00651250426728175
-0.2126,-0.00213295347369812
-0.21315,0.00210187964216228
-0.21349,0.00619773424472698
-0.2136,0.010178925246351
-0.21349,0.0140619631134776
-0.21317,0.0178566688592465
-0.21263,0.0215820144582585
-0.21187,0.0252564561045396
-0.21089,0.0288975446158983
-0.20969,0.0325216194810706
-0.20827,0.036143579521168
-0.20663,0.0397767228073114
-0.20476,0.0434400463923282
-0.20266,0.0471491849886615
-0.20032,0.0509239804767071
-0.19775,0.0547722747722474
-0.19493,0.0587141281289144
-0.19187,0.0627566399770426
-0.18856,0.0669109658472594
-0.18499,0.0711911296676487
-0.18115,0.0756129970468897
-0.17705,0.0801786041800116
-0.17267,0.084900857181782
-0.16801,0.0897861774768255
-0.16307,0.0948354765173973
-0.15783,0.100059873501546
-0.1523,0.105456124402642
-0.14647,0.111024170817455
-0.14033,0.116766410647308
-0.13389,0.122672263469177
-0.12713,0.128743050122464
-0.12007,0.134959971007635
-0.1127,0.141310596318775
-0.10502,0.147780475221953
-0.097041,0.154345703336732
-0.088761,0.160984937231471
-0.080186,0.167673495628775
-0.071329,0.174379449359364
-0.062193,0.181073245782561
-0.052792,0.187719892536
-0.043135,0.194284653988579
-0.033238,0.200728780580799
-0.023115,0.207012848732754
-0.012778,0.213099492555129
-0.0022499,0.218946035093483
0.0084547,0.224512907787175
0.019313,0.229758173012058
0.030309,0.234644287148946
0.041414,0.239129034915978
0.052608,0.243174188424977
0.063867,0.246743006509145
0.075166,0.249800417608404
0.086476,0.252310918055273
0.097772,0.254242816872867
0.10903,0.255569350775005
0.12021,0.256256890403441
0.1313,0.256288159362073
0.14226,0.255639113785016
0.15306,0.254288589752953
0.16367,0.252218601513118
0.17408,0.249429295564878
0.18424,0.245906158743628
0.19413,0.241645727289568
0.20373,0.236653819981694
0.21299,0.230921678365894
0.22191,0.224466263290179
0.23045,0.217295491089811
0.23858,0.20941741377203
0.24628,0.200847585457909
0.25352,0.191599995891001
0.26029,0.181701974534887
0.26656,0.17117625492826
0.27231,0.160048802387076
0.27751,0.148340215930744
0.28215,0.136081099710703
0.2862,0.123294586232983
0.28966,0.110019404193687
0.2925,0.0962836697001557
0.29471,0.0821209941467546
0.29628,0.0675685059827793
0.29719,0.0526577502771536
0.29744,0.0374296633162499
0.29701,0.0219167935752632
0.2959,0.00615875306543488
0.2941,-0.0098077211787885
0.29161,-0.0259419267613893
0.28843,-0.0422011989152319
0.28457,-0.0585351927843818
0.28001,-0.0749110771415385
0.27477,-0.0912816393692341
0.26886,-0.107596946260624
0.26228,-0.123813820602388
0.25504,-0.139888535072699
0.24716,-0.155770955898107
0.23865,-0.171414790950431
0.22954,-0.186763573772704
0.21983,-0.20177662615012
0.20955,-0.216405217808328
0.19872,-0.230603160500203
0.18737,-0.244320494438821
0.17553,-0.257505902610324
0.16322,-0.270116098075967
0.15047,-0.282108406109279
0.13731,-0.293442178242607
0.12378,-0.304072487301772
0.1099,-0.313967348801276
0.095717,-0.323086510801898
0.08126,-0.331397857242807
0.066561,-0.338874885811739
0.051661,-0.345490095800313
0.036593,-0.351222252713621
0.021397,-0.356050980181658
0.0061064,-0.359962430645706
-0.0092411,-0.362945615716153
-0.024607,-0.364991951677724
-0.039955,-0.366097033907124
-0.05525,-0.366261203416961
-0.070455,-0.365487571117354
-0.085533,-0.363781738841804
-0.10045,-0.361153706616243
-0.11517,-0.35761557564054
-0.12966,-0.35318331704515
-0.14389,-0.34787807322185
-0.15783,-0.341724830452149
-0.17144,-0.334743825475349
-0.18471,-0.326973297465876
-0.19759,-0.31843556094136
-0.21007,-0.309169211158305
-0.22211,-0.299202854407623
-0.2337,-0.288578544946483
-0.24482,-0.277340715508473
-0.25544,-0.265527169179204
-0.26554,-0.25317674521023
-0.27511,-0.240335439761933
-0.28414,-0.227053737693081
-0.29261,-0.213376926363868
-0.3005,-0.199344785931204
-0.30782,-0.185013641286649
-0.31454,-0.170421915505927
-0.32066,-0.155614576355064
-0.32619,-0.140647854791476
-0.3311,-0.125555763647816
-0.33542,-0.110397624689631
-0.33912,-0.0952069483840375
-0.34223,-0.0800396390804145
-0.34473,-0.0649308922060508
-0.34663,-0.04992014571734
-0.34795,-0.0350562725233545
-0.34869,-0.0203793341528825
-0.34885,-0.00592088189579349
-0.34845,0.00828080410122399
-0.3475,0.022190796269267
-0.34601,0.035778162149414
-0.34399,0.049016385174051
-0.34146,0.0618761949043893
-0.33844,0.0743272500611009
-0.33493,0.0863543111687418
-0.33095,0.0979403040172694
-0.32652,0.109067504182491
-0.32166,0.119718492301634
-0.31637,0.129891699520952
-0.31068,0.139576541072467
-0.3046,0.148770573805918
-0.29814,0.157478304557137
-0.29133,0.165695244551387
-0.28417,0.173432249159099
-0.27668,0.180697740934672
-0.26888,0.187498219235021
-0.26078,0.193846089732335
-0.25239,0.199758407068178
-0.24373,0.205248326417891
-0.23481,0.210333081707317
-0.22565,0.215025493286584
-0.21624,0.219356803433265
-0.20662,0.22333541746655
-0.19677,0.226995574123337
-0.18673,0.23034712784668
-0.17649,0.233417042623865
-0.16607,0.236223199892889
-0.15548,0.238783093889459
-0.14472,0.241120829298408
-0.1338,0.243257788152677
-0.12274,0.245205161968217
-0.11154,0.246980364212009
-0.10021,0.248597899197463
-0.088756,0.250072427548271
-0.077195,0.251410128285584
-0.06553,0.252620437438116
-0.053779,0.253703970917128
-0.04194,0.254668904922986
-0.030034,0.255512180635534
-0.018068,0.256232013095869
-0.0060513,0.256825885636999
0.0060006,0.257286076143724
0.01808,0.257606546296322
0.030172,0.257777364760512
0.042265,0.257788088847136
0.054346,0.257627036444126
0.066399,0.257279558934315
0.078417,0.256735612909615
0.090379,0.255978745849903
0.10227,0.254992186939213
0.11408,0.253763034683329
0.1258,0.252282590666013
0.13739,0.250522862506991
0.14887,0.248485435108777
0.16019,0.246143959541157
0.17135,0.243487284688364
0.18234,0.240509455001095
0.19313,0.237194136628818
0.20372,0.233539315933026
0.21408,0.229532463491861
0.2242,0.225167773053071
0.23407,0.220445090317745
0.24367,0.21536151416818
0.25298,0.209912090792982
0.26199,0.204097816473098
0.27069,0.197924538829771
0.27906,0.191394549825882
0.28709,0.184514686642774
0.29477,0.177295340452904
0.30208,0.169742163658909
0.309,0.161856891055568
0.31553,0.153652883942831
0.32165,0.145137771026884
0.32736,0.136329185895771
0.33263,0.127230200439125
0.33746,0.117854265081013
0.34184,0.108215448132071
0.34574,0.0983131513623873
0.34917,0.0881645330175862
0.35211,0.0777784058524257
0.35454,0.0671565998873924
0.35646,0.0563100198079113
0.35786,0.0452491647023836
0.35873,0.0339838952313488
0.35907,0.0225306540358489
0.35885,0.0108885244532456
0.35808,-0.000927853902060713
0.35676,-0.0128991380151277
0.35487,-0.0250175410984464
0.35241,-0.0372700672303024
0.34939,-0.0496325348257093
0.3458,-0.0620872333632166
0.34164,-0.0746148070771906
0.33691,-0.0871951651099488
0.33162,-0.0998008432988046
0.32578,-0.112399243770537
0.31938,-0.124969373956463
0.31244,-0.137478074913469
0.30496,-0.149898169317749
0.29696,-0.162193356805924
0.28845,-0.17432847575114
0.27944,-0.18627035995457
0.26995,-0.197981098510665
0.25999,-0.209427531925669
0.24958,-0.220574004995151
0.23873,-0.231391398210132
0.22747,-0.241842061138978
0.21582,-0.251890085142859
0.2038,-0.261502148757254
0.19143,-0.270648146530217
0.17873,-0.279301625115625
0.16573,-0.287432651991999
0.15245,-0.29501695294406
0.13892,-0.302028340905033
0.12517,-0.308440061045965
0.11121,-0.314240683533277
0.097092,-0.319400664022786
0.082828,-0.323906502722439
0.06845,-0.327743480263726
0.053987,-0.330898788819288
0.039467,-0.333362518321224
0.024918,-0.33512763034531
0.010368,-0.336189855272735
-0.0041513,-0.336544791075714
-0.018619,-0.336196281588256
-0.033001,-0.335145194421771
-0.047277,-0.333400409432561
-0.061416,-0.330969331976666
-0.075396,-0.327864840032695
-0.089192,-0.324101848715267
-0.10278,-0.319697430040122
-0.11614,-0.31467305278763
-0.12924,-0.309044418956197
-0.14207,-0.30283854529388
-0.1546,-0.296076154508056
-0.16682,-0.288787211002476
-0.17871,-0.281000993779559
-0.19025,-0.2727454893127
-0.20142,-0.264046908827466
-0.2122,-0.25492932045165
-0.22259,-0.245429182185356
-0.23256,-0.235569740328126
-0.24211,-0.225385094503311
-0.25122,-0.21490231290477
-0.25988,-0.204149373088497
-0.26808,-0.193154123745812
-0.27581,-0.181943439067211
-0.28307,-0.170549947732133
-0.28984,-0.158995108656879
-0.29612,-0.147305429525155
-0.30191,-0.135510606254089
-0.30719,-0.123627144121092
-0.31197,-0.111682466906854
-0.31624,-0.0996970807784493
-0.31999,-0.08768516696235
-0.32323,-0.0756700074831474
-0.32595,-0.063666600929341
-0.32814,-0.0516826560061823
-0.32982,-0.0397417664851969
-0.33098,-0.0278573129548413
-0.33162,-0.0160412806708689
-0.33173,-0.00429660328749023
-0.33134,0.00735178743966972
-0.33043,0.018899057134987
-0.32901,0.0303347052047011
-0.32709,0.0416441368415031
-0.32468,0.0528100218529831
-0.32178,0.0638208513970536
-0.3184,0.0746628930191632
-0.31454,0.0853285575806077
-0.31023,0.0957933943727118
-0.30547,0.106042353435625
-0.30027,0.116061123648773
-0.29465,0.12582913891358
-0.28862,0.135328891893333
-0.28219,0.144545966897517
-0.27538,0.153461595078082
-0.26821,0.162054160786403
-0.26068,0.170315282067352
-0.25283,0.178218057221753
-0.24467,0.185743720124389
-0.23621,0.192880724900582
-0.22748,0.199609040303951
-0.2185,0.205909896219324
-0.20928,0.211773605169734
-0.19986,0.217176051179928
-0.19024,0.222111884645904
-0.18045,0.226569021336056
-0.17052,0.230530452780771
-0.16046,0.233990615328464
-0.1503,0.236938704440271
-0.14007,0.23936015092627
-0.12978,0.241252692641465
-0.11946,0.242609427156717
-0.10912,0.243434856924728
-0.098807,0.243715359287719
-0.088528,0.243452792342113
-0.078311,0.242646056666008
-0.068177,0.241297020147539
-0.058151,0.239407070180689
-0.048256,0.236978776106852
-0.038514,0.234016449358235
-0.028946,0.230526541875812
-0.019575,0.226515684393853
-0.010422,0.221992048976664
-0.001504,0.216967876772869
0.007155,0.211453265016295
0.015542,0.20546451671911
0.023638,0.199018125784588
0.031426,0.192131830019748
0.038895,0.184828372219803
0.046031,0.177131733758258
0.05282,0.169066271490736
0.059259,0.160664132202347
0.065335,0.151955481085779
0.071043,0.142973973024599
0.076378,0.13375513520046
0.081339,0.124337956289459
0.085923,0.114761621308328
0.09013,0.105066552419731
0.093964,0.0952959344709385
0.097427,0.0854924158956768
0.10052,0.075696181709637
0.10326,0.0659560170447198
0.10565,0.0563157975973477
0.1077,0.0468192412256919
0.10942,0.0375085419484739
0.11082,0.0284232906099358
0.11192,0.0196070531247354
0.11273,0.0110977656701164
0.11327,0.0029349190785158
0.11355,-0.00484949621306794
0.11359,-0.0122233126516282
0.11341,-0.0191554055493094
0.11302,-0.0256240487560037
0.11245,-0.0316012216104962
0.11172,-0.0370623083176993
0.11084,-0.0419938236560411
0.10985,-0.0463697675911343
0.10875,-0.0501846568100906
0.10756,-0.053435237857379
0.10632,-0.0561056852823853
0.10504,-0.0581929532742357
0.10374,-0.0596972810894266
0.10244,-0.0606218457030285
0.10117,-0.0609649911462742
0.099932,-0.0607421771476827
0.098758,-0.0599603151621982
0.097662,-0.0586327870089046
0.096658,-0.0567780450066336
0.095766,-0.0544138975856592
0.094999,-0.0515625118691407
0.094367,-0.0482513516739717
0.093886,-0.0445071185226465
0.093566,-0.0403597373805535
0.093412,-0.0358447205221943
0.093435,-0.030996769247231
0.093641,-0.0258527466599935
0.094031,-0.0204539902745294
0.094611,-0.0148406392088397
0.095378,-0.00905742108641503
0.096338,-0.00314485710736561
0.09748,0.00284851383845804
0.09881,0.00888166216176154
0.10032,0.0149104855651699
0.10199,0.0208808617685766
0.10384,0.0267617876589445
0.10584,0.0325049546521789
0.10799,0.0380718035588767
0.11027,0.043418107274198
0.11268,0.0485112955065198
0.1152,0.0533145478451501
0.11783,0.0578036824565985
0.12054,0.0619434679275148
0.12333,0.0657131974870726
0.12618,0.0690899480016916
0.12908,0.072057337941548
0.13201,0.0745976201231317
0.13495,0.0766927336096846
0.1379,0.0783399450764267
0.14083,0.0795270757702526
0.14372,0.0802423502771512
0.14657,0.0804897041428872
0.14935,0.0802637300234115
0.15205,0.0795666929773365
0.15464,0.0783924404896217
0.15711,0.0767432202515987
0.15944,0.0746208149359087
0.1616,0.0720193960566523
0.16359,0.0689495287171165
0.16539,0.0654201079458857
0.16696,0.0614238296578253
0.1683,0.0569702502954886
0.16939,0.0520676106477895
0.17021,0.0467230081249874
0.17074,0.0409425469495498
0.17097,0.0347388672767667
0.17087,0.0281148443592535
0.17044,0.0210876706515601
0.16967,0.0136783040895045
0.16852,0.0058880642560177
0.16701,-0.0022531794691751
0.1651,-0.010737670619174
0.16279,-0.0195460773685202
0.16007,-0.0286576393827958
0.15693,-0.038050991331499
0.15335,-0.0477122549768491
0.14934,-0.0576117982078719
0.14487,-0.0677376937230559
0.13994,-0.0780704705625858
0.13455,-0.0885851617910479
0.1287,-0.0992530963842518
0.12237,-0.110058242475287
0.11558,-0.120965691905926
0.10832,-0.131948527528594
0.1006,-0.142972297115669
0.092408,-0.154013776654988
0.083773,-0.165029219750044
0.074695,-0.175981077911977
0.065184,-0.186830541232788
0.055259,-0.197532319542847
0.044929,-0.208044670146915
0.034218,-0.21831891459476
0.023142,-0.228308197163766
0.011726,-0.2379619398758
-6.9247e-06,-0.247229568572512
-0.012029,-0.256058634659697
-0.024312,-0.264396509636619
-0.036823,-0.272188632208254
-0.049531,-0.279382062341405
-0.0624,-0.285923200507774
-0.075391,-0.291757462937279
-0.088469,-0.296834238310062
-0.10159,-0.301101181490475
-0.11471,-0.304506329197279
-0.1278,-0.307010903175396
-0.14079,-0.308557883273026
-0.15366,-0.309114459902748
-0.16635,-0.308639067779891
-0.17882,-0.307099429376454
-0.19102,-0.304464666248418
-0.20291,-0.30071369981461
-0.21444,-0.295826974014698
-0.22557,-0.289794530976196
-0.23624,-0.28260007005112
-0.24643,-0.274252626461307
-0.25608,-0.264752267371127
-0.26515,-0.254107031933454
-0.27362,-0.242346351221551
-0.28142,-0.229479517734482
-0.28853,-0.215536656363248
-0.29492,-0.200556796928161
-0.30055,-0.184578007559366
-0.30539,-0.16764421691932
-0.30942,-0.149810519519999
-0.3126,-0.131124935176832
-0.31492,-0.111650825346842
-0.31636,-0.0914549367436613
-0.3169,-0.0706050331019373
-0.31654,-0.0491827042512635
-0.31525,-0.0272563046093763
-0.31305,-0.00491860359095276
-0.30993,0.017742713653972
-0.30589,0.0406391506681013
-0.30094,0.0636767264920465
-0.29509,0.0867597944247503
-0.28835,0.109794210346193
-0.28075,0.132675102336776
-0.2723,0.155306918529636
-0.26302,0.177597204413358
-0.25294,0.199451556818104
-0.24209,0.220777039487294
-0.23051,0.241477533365339
-0.21821,0.261479690887469
-0.20525,0.280694132644077
-0.19166,0.299043778049195
-0.17747,0.316464189737231
-0.16274,0.33288135976663
-0.1475,0.348238436438475
-0.13179,0.362487245592385
-0.11567,0.375573843957297
-0.099181,0.387455858511055
-0.08237,0.39809766315281
-0.065288,0.407467789428646
-0.047987,0.415538933846091
-0.030517,0.422290054038929
-0.01293,0.427704915987054
0.0047203,0.431770995917537
0.022378,0.434478100447654
0.039992,0.435822340846947
0.057504,0.435800267123107
0.074857,0.434410382362631
0.091996,0.431654795686885
0.10887,0.427541909587688
0.12541,0.422072119250185
0.14156,0.415249383467562
0.15728,0.407092646070122
0.1725,0.397610609613956
0.18717,0.38681861585252
0.20124,0.374737252806734
0.21465,0.361383674287691
0.22735,0.346779452165859
0.2393,0.330956762392947
0.25044,0.313940883804627
0.26075,0.295780619541813
0.27017,0.27651301179573
0.27869,0.256201743259349
0.28625,0.234893401562629
0.29285,0.212663993069421
0.29844,0.189574272809278
0.30303,0.16571545670334
0.30659,0.141171273000607
0.30911,0.116031902952359
0.31059,0.0903975959766544
0.31103,0.0643738807886627
0.31043,0.03806751742036
0.30881,0.011597939435605
0.30617,-0.0149234909517548
0.30254,-0.0413730715325243
0.29793,-0.0676356672434431
0.29238,-0.093584412464949
0.2859,-0.119109087904535
0.27855,-0.144079443586757
0.27035,-0.168382767783712
0.26135,-0.191901984906065
0.25159,-0.214527749536398
0.24112,-0.236153238190838
0.22999,-0.256677317991123
0.21826,-0.275999584238318
0.20597,-0.294038555356843
0.1932,-0.310701492491596
0.17999,-0.325919546108074
0.16641,-0.339623700828386
0.15252,-0.351754982824971
0.13838,-0.362265022908635
0.12407,-0.371101433344002
0.10964,-0.378233086729984
0.095157,-0.383635162020378
0.080686,-0.387290961982881
0.066293,-0.389190914054593
0.052041,-0.389334501634057
0.037993,-0.387729327003419
0.02421,-0.384391581529633
0.010753,-0.379344675217552
-0.0023177,-0.372618411053612
-0.014948,-0.364252167083595
-0.02708,-0.354289760970459
-0.038662,-0.342782532730445
-0.049646,-0.32978972455928
-0.059981,-0.315373565863742
-0.069631,-0.299608484303692
-0.078545,-0.282565961878952
-0.086697,-0.264331924311989
-0.094049,-0.244992952539917
-0.10057,-0.224639140822529
-0.10625,-0.203376597173616
-0.11105,-0.181300061283941
-0.11496,-0.15851395604894
-0.11797,-0.135127587049742
-0.12008,-0.111258487901279
-0.12127,-0.0870126527064693
-0.12156,-0.0625132131713526
-0.12094,-0.0378712762479338
-0.11943,-0.0132070515021156
-0.11704,0.0113629986174516
-0.11379,0.0357216758438979
-0.1097,0.0597549003231384
-0.10479,0.0833547846757553
-0.099101,0.106406463399006
-0.092656,0.128806538379878
-0.085491,0.150454756894007
-0.077646,0.171253914080611
-0.069161,0.191112677200779
-0.060082,0.20994329241094
-0.050453,0.227665576718407
-0.040324,0.244204034177027
-0.029743,0.259491334384452
-0.018764,0.273464989483503
-0.0074409,0.286069058500042
0.0041716,0.297254676912293
0.016018,0.306980288501506
0.028041,0.315210887150957
0.040182,0.321917584620625
0.052383,0.32707848328163
0.064586,0.330678726103557
0.076733,0.332710323154197
0.08876,0.33316736005592
0.10062,0.332059054687972
0.11224,0.32938804604743
0.12358,0.32517665892129
0.13458,0.319448320745878
0.14517,0.312219904806131
0.15532,0.303532652894192
0.16497,0.293424652643365
0.17407,0.281938273754268
0.18257,0.269118594045869
0.19043,0.255019404359004
0.19761,0.239700377365505
0.20406,0.223217185247183
0.20976,0.205643167143773
0.21467,0.187049305818843
0.21877,0.167517684895154
0.22201,0.147115006996267
0.2244,0.125938155879717
0.2259,0.104068732409599
0.2265,0.0815959246715928
0.2262,0.0586198931451766
0.22497,0.0352245838971671
0.22284,0.0115227476163019
0.21978,-0.0123973217059357
0.21581,-0.0364327741999823
0.21093,-0.0604869642685243
0.20515,-0.08446387362113
0.1985,-0.108256246868852
0.19098,-0.131773335251211
0.18261,-0.154925893643171
0.17343,-0.177614088176512
0.16346,-0.199747628551943
0.15273,-0.221239586218623
0.14127,-0.242008752618477
0.12912,-0.261974016931656
0.11632,-0.281057242660125
0.10291,-0.299185519962969
0.088943,-0.316283240090729
0.074454,-0.33228871134504
0.059499,-0.347138352930188
0.044125,-0.360776194903053
0.028386,-0.373149498822089
0.012337,-0.384209576630929
-0.0039694,-0.393914850405777
-0.020472,-0.402224987017036
-0.037122,-0.409111655764651
-0.053856,-0.414546902451543
-0.070619,-0.418510759874146
-0.087352,-0.420987978285864
-0.104,-0.421971160196172
-0.12051,-0.421461576999754
-0.13681,-0.419454038213349
-0.15287,-0.4159699429924
-0.16862,-0.41102255136882
-0.18401,-0.404633541992886
-0.199,-0.396838695843127
-0.21353,-0.387669885640104
-0.22755,-0.377162798420192
-0.24102,-0.365363008146327
-0.2539,-0.352323175407805
-0.26614,-0.338093164152435
-0.2777,-0.322726885030665
-0.28856,-0.306295052261114
-0.29867,-0.288858006395993
-0.30801,-0.27048840180904
-0.31654,-0.251252137459138
-0.32425,-0.231230094957212
-0.3311,-0.210490845167505
-0.33707,-0.189105897708532
-0.34216,-0.167161866907438
-0.34634,-0.144732871067345
-0.34962,-0.121910340342116
-0.35196,-0.0987599817028291
-0.35339,-0.0753764696561751
-0.35388,-0.0518305897602677
-0.35345,-0.0282085804477629
-0.35209,-0.00458423345416337
-0.34983,0.0189515222673197
-0.34666,0.0423264171015031
-0.3426,0.0654634664327522
-0.33767,0.0882844718396458
-0.33188,0.110720287223684
-0.32526,0.132696692291127
-0.31784,0.154137944506792
-0.30964,0.174977087476356
-0.30069,0.195149257631988
-0.29102,0.214593646295293
-0.28067,0.233247585938174
-0.26967,0.251056627196317
-0.25807,0.267960261224812
-0.24589,0.283917551191515
-0.23319,0.298875512581868
-0.22001,0.312788310025654
-0.2064,0.325610342445501
-0.19239,0.337312850145842
-0.17805,0.347852480919434
-0.16341,0.35720548644038
-0.14852,0.365350386817746
-0.13344,0.372261324900747
-0.11821,0.377924985342357
-0.10289,0.382324301307738
-0.087527,0.38544980498594
-0.07217,0.387297460359648
-0.056865,0.387870453714772
-0.041665,0.387173028162148
-0.026619,0.385213591874698
-0.01177,0.382008562860525
0.002831,0.377574875966202
0.017143,0.371937209758403
0.031122,0.365123961264449
0.044724,0.35716608933834
0.057911,0.348100515190782
0.070644,0.337967494039585
0.082889,0.3268128103814
0.094608,0.314682707802328
0.10577,0.301627884751629
0.11635,0.287705819923377
0.12632,0.272975777035015
0.13565,0.257495430066736
0.14431,0.241319616555389
0.1523,0.224521554217944
0.15959,0.207165057898011
0.16617,0.189319332742524
0.17202,0.171048524097022
0.17713,0.152418179805622
0.1815,0.133500387360014
0.18513,0.11437032298793
0.188,0.0950885663106754
0.19013,0.0757315634005517
0.19151,0.0563639689872269
0.19215,0.0370536159993754
0.19206,0.0178686777487183
0.19124,-0.00113204478884891
0.18972,-0.0198771459100309
0.18751,-0.0383022217497855
0.18462,-0.0563507147722375
0.18107,-0.0739670191563768
0.17689,-0.0910909101753228
0.1721,-0.107667969121988
0.16673,-0.123643049355355
0.16081,-0.138962431623607
0.15438,-0.153568129097625
0.14746,-0.16741559899539
0.14009,-0.180458093095765
0.13231,-0.192648896376754
0.12416,-0.20394312310867
0.11569,-0.214291715547563
0.10694,-0.223651501275153
0.097946,-0.231988708972016
0.088767,-0.239261590235312
0.079446,-0.245435454312679
0.070032,-0.250478321883793
0.060573,-0.254362524972035
0.05112,-0.257062917091049
0.041724,-0.25855757257182
0.032431,-0.258831952062555
0.023294,-0.25787318037957
0.014357,-0.255677209307052
0.0056722,-0.252241622258947
-0.0027175,-0.247572715176021
-0.010762,-0.241678750262851
-0.018423,-0.234578495073714
-0.025658,-0.226295972123166
-0.032423,-0.216858057998366
-0.038688,-0.206303902841217
-0.044405,-0.194668500984247
-0.049554,-0.182003539241823
-0.054095,-0.168358226884058
-0.058,-0.153787534504992
-0.061247,-0.138354199737844
-0.063808,-0.122121224607299
-0.065664,-0.105156868396514
-0.066793,-0.087529611452513
-0.067186,-0.0693158778245142
-0.066825,-0.0505897369689684
-0.065704,-0.0314301499745386
-0.063817,-0.0119177616378584
-0.061159,0.00786703219579659
-0.057732,0.0278412427088929
-0.053535,0.0479245031839217
-0.048582,0.0680299310417884
-0.042872,0.0880791574150561
-0.036422,0.107989851218062
-0.029247,0.127680593534539
-0.021359,0.147075551482988
-0.01278,0.166098517409737
-0.0035317,0.184675758287336
0.0063612,0.202735828507468
0.016875,0.220212338744045
0.027977,0.23703867786902
0.039639,0.253153762029243
0.051825,0.268497437623909
0.064503,0.28301548742489
0.07763,0.296652421332582
0.09117,0.309359012412567
0.10508,0.32108785292457
0.11932,0.331797120144194
0.13383,0.341436447822384
0.14858,0.349972730132215
0.16352,0.357373488126293
0.17859,0.363600836217013
0.19375,0.368628927393853
0.20894,0.372428104476807
0.22411,0.374974399140753
0.2392,0.37624222873511
0.25415,0.376205929146957
0.26893,0.374863165541834
0.28345,0.3721866205649
0.29767,0.368167032629767
0.31154,0.362803017017991
0.32498,0.356077854149267
0.33795,0.347992920291174
0.35038,0.338542368353079
0.36223,0.327737268822862
0.37343,0.315580229641669
0.38394,0.30208951300099
0.39369,0.287273662805046
0.40263,0.271148257773197
0.41072,0.25374180677586
0.41791,0.235085355725754
0.42415,0.215211412952591
0.4294,0.194160405187208
0.43361,0.171970849419791
0.43676,0.148701032596648
0.4388,0.124401565032343
0.43971,0.0991377969734373
0.43946,0.0729778784573495
0.43802,0.0459904202800714
0.43537,0.0182499443219377
0.4315,-0.0101589196609407
0.42639,-0.0391531460501656
0.42003,-0.0686459672193181
0.41243,-0.0985353121830075
0.40356,-0.128739305566417
0.39344,-0.15915784612706
0.38208,-0.189686533451481
0.36948,-0.220228039354715
0.35565,-0.250686351197841
0.34063,-0.2809473506924
0.32443,-0.310908037889908
0.30707,-0.340470256412155
0.2886,-0.369520765550868
0.26904,-0.397959975951063
0.24844,-0.425680414660423
0.22683,-0.452586590851193
0.20427,-0.478573745946534
0.1808,-0.503547974155548
0.15647,-0.527419994961996
0.13134,-0.550100040491285
0.10548,-0.571493758667356
0.078935,-0.591524926352144
0.051777,-0.610114844357164
0.02407,-0.627191691836603
-0.0041184,-0.642689308340539
-0.032717,-0.656546067110818
-0.061659,-0.668709762874322
-0.090866,-0.679129466415737
-0.12027,-0.687765185427985
-0.14979,-0.694578044607743
-0.17937,-0.699550430968862
-0.20891,-0.702650625299078
-0.23835,-0.703866755826869
-0.26762,-0.703196638919247
-0.29664,-0.700639315758344
-0.32535,-0.696210347657588
-0.35366,-0.6899166927979
-0.38151,-0.681781008036913
-0.40883,-0.6718311972077
-0.43555,-0.660099204654567
-0.46161,-0.646627282437698
-0.48694,-0.63145793118273
-0.5115,-0.614655319650544
-0.53519,-0.59625536617107
-0.558,-0.576337115558982
-0.57983,-0.554945966029204
-0.60066,-0.532158342085366
-0.62043,-0.508044203723262
-0.63909,-0.48267393145044
-0.6566,-0.456123800945951
-0.67291,-0.428465397675354
-0.688,-0.399786741116827
-0.70183,-0.370171860217147
-0.71435,-0.339691779880221
-0.72557,-0.308449310680597
-0.73543,-0.276518138861617
-0.74393,-0.243990591131801
-0.75104,-0.210949034719563
-0.75675,-0.177480030485548
-0.76106,-0.143678196972229
-0.76395,-0.109626898011521
-0.76542,-0.0754125143902085
-0.76546,-0.0411136426493988
-0.7641,-0.00682954763361391
-0.76131,0.0273714231605129
-0.75713,0.0613964958316505
-0.75155,0.0951732740010474
-0.74461,0.128611373331589
-0.7363,0.161645947658878
-0.72667,0.194190767234051
-0.71573,0.22617492738949
-0.7035,0.257535066413852
-0.69003,0.288194122256499
-0.67534,0.318088939258432
-0.65947,0.347155181063538
-0.64246,0.375330000052933
-0.62435,0.402554146709929
-0.60517,0.428780974085977
-0.58498,0.453953784083154
-0.56381,0.478032196262327
-0.54172,0.500968591125251
-0.51875,0.522726282008932
-0.49496,0.543264277480405
-0.47039,0.562554682895836
-0.44511,0.580559388789758
-0.41915,0.597263302296046
-0.39258,0.612641350174864
-0.36546,0.626669100373003
-0.33783,0.639338672231206
-0.30976,0.650634134416468
-0.2813,0.660548839829805
-0.2525,0.669084337013223
-0.22343,0.676234465063183
-0.19413,0.682009682302477
-0.16467,0.686411838585701
-0.13509,0.689458413133531
-0.10546,0.691157235350402
-0.075819,0.691531445001046
-0.046227,0.690600720812912
-0.016732,0.688390617514236
0.012619,0.684931767626625
0.041773,0.680253897259103
0.070688,0.674393563683804
0.099317,0.66738834633553
0.12762,0.659280980195981
0.15555,0.650112162917679
0.18307,0.639927346809265
0.21014,0.628772439367778
0.23673,0.616699909060803
0.26281,0.603766109712023
0.28833,0.590014196347474
0.31327,0.575497636182132
0.3376,0.560269275357352
0.3613,0.544387312872886
0.38434,0.527905156044539
0.40668,0.510863334170061
0.42833,0.493327660141373
0.44925,0.475345358448839
0.46943,0.456969334375576
0.48885,0.438247973319794
0.50749,0.41922441451463
0.52535,0.399950875532255
0.54242,0.380477766738092
0.55868,0.360844953520722
0.57412,0.34108975790128
0.58874,0.321253461620612
0.60253,0.301371651940519
0.61549,0.281481377815506
0.6276,0.261604685594761
0.63888,0.241780112100491
0.64931,0.222028477773893
0.6589,0.202377553033175
0.66764,0.182844778622235
0.67554,0.163453199743324
0.68259,0.144214586589833
0.68879,0.125138318132594
0.69415,0.106238613776848
0.69867,0.0875254647209898
0.70235,0.0690048460117175
0.70519,0.0506790018480833
0.7072,0.0325541835576891
0.70837,0.0146246120496288
0.7087,-0.00311793559872191
0.7082,-0.0206763204432781
0.70688,-0.0380492561719012
0.70471,-0.0552619593630125
0.70172,-0.0723161964101632
0.69789,-0.0892319634569841
0.69323,-0.106021412113757
0.68774,-0.122697604096916
0.68142,-0.139274120786769
0.67426,-0.155772114657925
0.66627,-0.172203591970711
0.65744,-0.188587739187319
0.64779,-0.2049268925162
0.63731,-0.221231961913875
0.62602,-0.237498306580051
0.61389,-0.253745857448553
0.60096,-0.269962062068335
0.58722,-0.286145481549837
0.57269,-0.302281458831065
0.55737,-0.318359836121102
0.54127,-0.334366933800557
0.52441,-0.350279185116489
0.5068,-0.366073056660555
0.48847,-0.381710862108001
0.46942,-0.397166688761297
0.44967,-0.412410031656402
0.42925,-0.427400140525984
0.40819,-0.442089133060615
0.3865,-0.456439498606342
0.36422,-0.470400985888633
0.34137,-0.483929309866794
0.31798,-0.496978909091228
0.29409,-0.509497167570554
0.26972,-0.521442149139544
0.24491,-0.53276705643111
0.2197,-0.54342264526392
0.19411,-0.553374043323753
0.16819,-0.562576976829437
0.14198,-0.570988450671908
0.1155,-0.578582729750773
0.088801,-0.585326073147763
0.06192,-0.591189866981731
0.034895,-0.596149981496644
0.0077662,-0.600185254691024
-0.019425,-0.603276932719822
-0.046641,-0.605411851204934
-0.073837,-0.606576713724421
-0.10097,-0.60676013078308
-0.12801,-0.605962487751378
-0.1549,-0.604174000243813
-0.1816,-0.601389814889151
-0.20808,-0.597616858771623
-0.23428,-0.592849461635626
-0.26017,-0.587094390640001
-0.2857,-0.580353706849196
-0.31082,-0.572625845921242
-0.33551,-0.563928752537512
-0.3597,-0.554258841824912
-0.38337,-0.543632421882488
-0.40648,-0.532066776109053
-0.42897,-0.519564879715145
-0.45081,-0.506140402933151
-0.47197,-0.491815383595641
-0.4924,-0.476603335812185
-0.51207,-0.460525420226398
-0.53094,-0.443601071210455
-0.54897,-0.425847867194686
-0.56614,-0.407296248726767
-0.58241,-0.387971452571019
-0.59775,-0.36790125708011
-0.61214,-0.347122138538535
-0.62553,-0.325654406048619
-0.63792,-0.303541725760815
-0.64927,-0.280815792619702
-0.65956,-0.257512527387368
-0.66878,-0.233677602056033
-0.6769,-0.209348439461934
-0.68391,-0.184569481286445
-0.6898,-0.159389499314676
-0.69455,-0.13385190418982
-0.69816,-0.108009239012703
-0.70062,-0.0819124172181493
-0.70193,-0.055616865427343
-0.70207,-0.0291651443295823
-0.70107,-0.0026250253924798
-0.6989,0.0239618452930068
-0.69559,0.0505319137914527
-0.69112,0.0770429528266394
-0.68554,0.103419613266394
-0.67882,0.129621353468432
-0.671,0.155585366217659
-0.66209,0.181255137624999
-0.65211,0.206573722319723
-0.64108,0.23148575059084
-0.62902,0.255939020061434
-0.61596,0.279878313849873
-0.60192,0.303255298517886
-0.58694,0.326014143810665
-0.57104,0.348109718055863
-0.55426,0.369492399255082
-0.53664,0.390110746737369
-0.5182,0.409928495433074
-0.49899,0.428900888734767
-0.47904,0.446992804871132
-0.45839,0.464170925443532
-0.43709,0.480397374916873
-0.41518,0.495639493348387
-0.39269,0.509877574036217
-0.36967,0.523088576971427
-0.34617,0.535247868094398
-0.32223,0.546338039062905
-0.29789,0.556348422606713
-0.2732,0.565267121199564
-0.2482,0.573089388597937
-0.22294,0.579809388435353
-0.19748,0.585413556614702
-0.17185,0.589905010716574
-0.1461,0.593285798255657
-0.12029,0.595549995681071
-0.094452,0.596706429588028
-0.068651,0.596751472264275
-0.042929,0.595688834493631
-0.017342,0.593517938417787
0.0080633,0.590241873816491
0.033236,0.585863713203517
0.058123,0.580385006178741
0.082679,0.573811984840432
0.10685,0.566148226776158
0.13058,0.557393749844038
0.15383,0.547558411612828
0.17654,0.536644340021802
0.19867,0.524662285746984
0.22017,0.511622378655057
0.24101,0.497548876521936
0.26112,0.482447297425841
0.28049,0.466352357902888
0.29905,0.449277087410733
0.31678,0.431253718932378
0.33365,0.412321753884635
0.34962,0.392518146855741
0.36467,0.371891623754363
0.37876,0.350484306881423
0.39189,0.32836142817221
0.40402,0.305575485706246
0.41515,0.282196823292586
0.42526,0.258293403684985
0.43434,0.233936724887916
0.44239,0.209206457642892
0.4494,0.184179144752656
0.45537,0.158933926103443
0.46032,0.133564444248158
0.46424,0.108151051787169
0.46714,0.0827756912892508
0.46904,0.0575264071695855
0.46996,0.0324934005324806
0.4699,0.00775096752525009
0.46889,-0.0166197070067315
0.46695,-0.0405419710943745
0.4641,-0.0639454191824696
0.46038,-0.086752342584127
0.45579,-0.108911393351334
0.45038,-0.130357490741557
0.44417,-0.151039041206712
0.43719,-0.170909944410577
0.42947,-0.189930412489679
0.42106,-0.20805266790698
0.41196,-0.225261387246405
0.40223,-0.24152409828948
0.3919,-0.256818193026059
0.38099,-0.271137626199495
0.36955,-0.284468289449612
0.3576,-0.296812722069503
0.34518,-0.308172586992847
0.33232,-0.318556730103798
0.31906,-0.327972660459654
0.30543,-0.336434473811995
0.29146,-0.343961636625884
0.27719,-0.350570436288137
0.26264,-0.356289322266586
0.24784,-0.36114873376645
0.23285,-0.365158016790246
0.21766,-0.368361280102049
0.20234,-0.370770542410342
0.1869,-0.37241619113515
0.17136,-0.373335366609982
0.15578,-0.373540215660161
0.14017,-0.373059473628189
0.12456,-0.371919749985886
0.10898,-0.370145278118591
0.093471,-0.367749609897746
0.078053,-0.364752839651444
0.062756,-0.361172374377379
0.047613,-0.35702073113624
0.032646,-0.352314228608239
0.017886,-0.34706509362409
0.0033568,-0.341287180405207
-0.01091,-0.334989436245175
-0.024895,-0.328185549334714
-0.038567,-0.320883848339451
-0.051906,-0.313096309351746
-0.064885,-0.30483225754071
-0.077485,-0.296104453859402
-0.089677,-0.28692059731474
-0.10144,-0.277289917581569
-0.11276,-0.267227709113728
-0.12361,-0.256744040243073
-0.13397,-0.245849577759935
-0.14382,-0.234555084178277
-0.15314,-0.222871009973192
-0.16192,-0.210814570177455
-0.17014,-0.198400483322756
-0.17778,-0.18564096537241
-0.18483,-0.172553179488352
-0.19127,-0.159150318455912
-0.19709,-0.145449309763219
-0.20228,-0.131469530553931
-0.20683,-0.11723170871308
-0.21074,-0.102764396507027
-0.21398,-0.0880793948602169
-0.21658,-0.0732189354945835
-0.2185,-0.0581967687274593
-0.21976,-0.0430475585405752
-0.22035,-0.0277995743067966
-0.22027,-0.0124824290610903
-0.21953,0.00286673171576485
-0.21812,0.0182206331761005
-0.21606,0.0335386739372817
-0.21335,0.0487855643916065
-0.21,0.0639240319324631
-0.20602,0.078916404795578
-0.20143,0.093718512251335
-0.19623,0.108297136238926
-0.19044,0.122614226014124
-0.1841,0.136614309342661
-0.1772,0.150266572234095
-0.16978,0.163524195008518
-0.16185,0.176351178183426
-0.15345,0.188699311068747
-0.14461,0.200519516526667
-0.13535,0.211771023235882
-0.1257,0.222413770683139
-0.1157,0.232402282311189
-0.10537,0.24170306189427
-0.094768,0.250265414503668
-0.083916,0.258053108014448
-0.072852,0.265031064769553
-0.06162,0.271162014543577
-0.050258,0.2764127284544
-0.038807,0.280752283989711
-0.027309,0.284152088755656
-0.015806,0.286586578167022
-0.004342,0.288032217768413
0.0070414,0.288469896812522
0.0183,0.287883039561753
0.029393,0.286260448230661
0.040278,0.283594748363769
0.050911,0.27988102555443
0.061253,0.275120529683018
0.071262,0.269317568592901
0.080898,0.262480605641371
0.090126,0.254625235493333
0.098906,0.245768981199385
0.1072,0.235932202829021
0.11498,0.225144646150988
0.1222,0.213429741763422
0.12885,0.200832023858871
0.13489,0.187389842606024
0.14029,0.173143083116065
0.14503,0.15813930526347
0.14909,0.142431067038644
0.15246,0.126081004473081
0.15512,0.109150839332559
0.15705,0.0916998973709853
0.15825,0.0737987235940465
0.15871,0.0555175414775162
0.15844,0.036939113877693
0.15743,0.0181391609992884
0.15568,-0.000807096793972856
0.15322,-0.0198049038711761
0.15003,-0.0387835298838988
0.14615,-0.0576494435099532
0.14158,-0.0763231626412975
0.13634,-0.0947242484503105
0.13046,-0.11276667281377
0.12396,-0.130370047744226
0.11687,-0.147453768029964
0.1092,-0.163954518346007
0.101,-0.179795588543481
0.092283,-0.194919457262874
0.083097,-0.209260318822976
0.07347,-0.222762846923287
0.063435,-0.235378562442746
0.053031,-0.247061999046369
0.042296,-0.25777271084944
0.031267,-0.267476755414023
0.019983,-0.276145495240543
0.0084835,-0.283755593044078
-0.0031907,-0.290288263490023
-0.014999,-0.295729642614005
-0.026901,-0.300070936427279
-0.038853,-0.303305796368183
-0.050819,-0.305436249754346
-0.062752,-0.306463404255788
-0.074616,-0.306396220350874
-0.086367,-0.305244293538567
-0.097966,-0.303021603224622
-0.10937,-0.299742729002349
-0.12055,-0.295433065902448
-0.13146,-0.290113817985721
-0.14206,-0.283806985760293
-0.15232,-0.276542284741463
-0.16221,-0.268355096879347
-0.17168,-0.259269847638438
-0.18071,-0.249323831948274
-0.18927,-0.238556468584739
-0.19733,-0.227007954515455
-0.20485,-0.214710726013343
-0.21183,-0.201719723818978
-0.21822,-0.188069612927274
-0.22402,-0.173814757020387
-0.22921,-0.15900912396611
-0.23377,-0.143704869818103
-0.23768,-0.127951205522836
-0.24094,-0.111808319183857
-0.24354,-0.0953361010484134
-0.24547,-0.0785924336966062
-0.24674,-0.0616466271103666
-0.24734,-0.0445603412054742
-0.24727,-0.0273945649111455
-0.24653,-0.0102078272176475
-0.24515,0.00692301437329598
-0.24311,0.0239456806931488
-0.24044,0.0407924852164213
-0.23714,0.0574077012724893
-0.23323,0.0737323454726818
-0.22873,0.0897068100217968
-0.22365,0.105280409023473
-0.21801,0.120404067505756
-0.21183,0.135031796946107
-0.20513,0.14912181091916
-0.19794,0.162629922901109
-0.19028,0.175519078741269
-0.18217,0.187759460421145
-0.17364,0.1993209880339
-0.16472,0.210174671140299
-0.15542,0.220308453176097
-0.14578,0.229702557907807
-0.13582,0.238346784497334
-0.12557,0.246231990297185
-0.11505,0.253357975892326
-0.1043,0.259717398829956
-0.093332,0.265318470423431
-0.082178,0.270167323611079
-0.070859,0.27427676212807
-0.059404,0.277659057087645
-0.047835,0.280331220602235
-0.036177,0.282311707556584
-0.024451,0.283622868889355
-0.012684,0.284285401679121
-0.00089473,0.284324442259489
0.010895,0.283765938402559
0.022662,0.282634933525652
0.034386,0.280957357121363
0.046048,0.2787601967214
0.057627,0.276069165098027
0.069105,0.272910525879217
0.080462,0.269308828784314
0.091679,0.265287325201151
0.10274,0.260869795526399
0.11362,0.256073114511725
0.12431,0.250919911061774
0.1348,0.245436039861023
0.14506,0.239634398799822
0.15508,0.233531787973699
0.16484,0.227140196247606
0.17434,0.220482090031409
0.18354,0.2135580837632
0.19246,0.20639540391237
0.20106,0.198997508393471
0.20933,0.191370657970131
0.21727,0.183530458864289
0.22486,0.175484717347988
0.23209,0.167242011854519
0.23895,0.158811183299887
0.24543,0.150200921381791
0.25151,0.141412039591853
0.25719,0.132453641279065
0.26245,0.123326355253448
0.26729,0.11403863383158
0.27168,0.104582707256915
0.27563,0.0949673993958571
0.27912,0.0851923828547674
0.28213,0.0752498616960893
0.28466,0.0651409109922615
0.2867,0.054866240990882
0.28822,0.0444113755521228
0.28922,0.0337720786048285
0.2897,0.0229524072402277
0.28962,0.0119333594713553
0.28899,0.000714765673107802
0.28778,-0.0107179929288423
0.286,-0.0223612498032223
0.28362,-0.0342263030970734
0.28064,-0.0463140463247256
0.27704,-0.0586317689966337
0.27282,-0.0711769383220789
0.26797,-0.0839465634024557
0.26249,-0.0969299538405584
0.25635,-0.110132669659138
0.24958,-0.123528842976097
0.24216,-0.137104914984941
0.2341,-0.150835398871676
0.2254,-0.164693253086817
0.21606,-0.178650895340897
0.20609,-0.192673655210822
0.1955,-0.206722090824374
0.18431,-0.220746596730314
0.17253,-0.234698131010014
0.16018,-0.248522079232941
0.14727,-0.262168276132048
0.13384,-0.275569411324357
0.11992,-0.28865367430223
0.10551,-0.301369884381289
0.090664,-0.313645129237237
0.075405,-0.325414081153598
0.059771,-0.336608430499313
0.043797,-0.347161795077416
0.027515,-0.357013657496608
0.010972,-0.366099104240159
-0.0057989,-0.37436206828693
-0.022754,-0.381747676117932
-0.039853,-0.388206425291703
-0.057053,-0.39369298998604
-0.074306,-0.398163312935304
-0.091576,-0.401584883629714
-0.10881,-0.403923280797846
-0.12597,-0.405155043270884
-0.14301,-0.405260745219683
-0.15987,-0.404214864588309
-0.17652,-0.402010301632185
-0.19291,-0.398640674189918
-0.20899,-0.394100808915137
-0.22472,-0.388394476953703
-0.24005,-0.381525583494025
-0.25494,-0.373505831609098
-0.26935,-0.364353275717919
-0.28322,-0.354076170457751
-0.29653,-0.342704549351231
-0.30922,-0.330255916322115
-0.32127,-0.316767058368566
-0.33261,-0.302252584395222
-0.34324,-0.286760802440393
-0.3531,-0.2703217054754
-0.36216,-0.252972057304284
-0.37038,-0.234745806290085
-0.37775,-0.215695990221211
-0.38422,-0.195860098153246
-0.38977,-0.175284292536731
-0.39437,-0.154013084952378
-0.39801,-0.132103221953042
-0.40066,-0.109604949237398
-0.4023,-0.0865692356254055
-0.40291,-0.0630461442886909
-0.4025,-0.0391057082397311
-0.40103,-0.0147950483902288
-0.39851,0.00982166762651914
-0.39493,0.0346832635640615
-0.39029,0.0597254573335733
-0.38459,0.0848834517576867
-0.37783,0.110094061881435
-0.37003,0.135282619977753
-0.36119,0.16038232332073
-0.35133,0.18532006502759
-0.34046,0.210027393098747
-0.32859,0.234441852184779
-0.31576,0.258485745863016
-0.30199,0.282086406066508
-0.2873,0.305177625052176
-0.27172,0.327693274792248
-0.25528,0.349569577634571
-0.23803,0.370732093610728
-0.22,0.391115099791919
-0.20122,0.410662207598549
-0.18175,0.429304448931384
-0.16163,0.446979922431886
-0.14091,0.463627260448498
-0.11964,0.479187756877913
-0.097866,0.493609978483466
-0.075648,0.506839986354908
-0.053044,0.518825352094768
-0.030107,0.529520571053216
-0.0069019,0.538878746644438
0.016514,0.54685934257907
0.040079,0.553425385374334
0.063729,0.55854259089076
0.087403,0.562182648356522
0.11104,0.564323409434088
0.13456,0.564934813162578
0.15792,0.564009145371818
0.18105,0.561537501991597
0.20388,0.557510802170545
0.22635,0.551927973476024
0.2484,0.544794921540095
0.26996,0.536116098166031
0.29098,0.525909900966251
0.31139,0.514191110153531
0.33113,0.500978980866059
0.35015,0.486303612619672
0.36839,0.470195980170467
0.38579,0.452687234803939
0.40231,0.43382288852003
0.41788,0.413636857404359
0.43247,0.392182573294047
0.44603,0.369513140333627
0.45851,0.345680106294086
0.46988,0.320747257825477
0.48009,0.29477179785798
0.48912,0.267826285143951
0.49693,0.239978898519237
0.5035,0.211307188519237
0.50879,0.181879287230146
0.5128,0.151783341664065
0.51549,0.121091509773712
0.51687,0.0898978812498021
0.51692,0.0582892650444453
0.51563,0.0263513796773017
0.513,-0.00582617827093008
0.50903,-0.0381534633861167
0.50372,-0.070543071278193
0.49709,-0.102897645118136
0.48915,-0.135122281087223
0.47991,-0.167127099785595
0.4694,-0.1988144332201
0.45763,-0.230098313516423
0.44463,-0.260890324032888
0.43043,-0.291103079375372
0.41506,-0.32065302241874
0.39857,-0.349447805276004
0.38099,-0.377405944171048
0.36235,-0.404457608453675
0.34272,-0.430515390473723
0.32213,-0.45551037240707
0.30064,-0.479368950665753
0.2783,-0.502023873374655
0.25517,-0.523408178888582
0.2313,-0.543465097514906
0.20675,-0.562140977019479
0.1816,-0.579372097175925
0.1559,-0.595111268118364
0.12972,-0.609311853870277
0.10312,-0.621937066328333
0.076183,-0.632942777890555
0.048972,-0.642295641565145
0.021559,-0.64996594901105
-0.0059864,-0.655930197406037
-0.033591,-0.660168538654781
-0.061179,-0.662663343962492
-0.088685,-0.663407577901342
-0.11604,-0.662400895382298
-0.14316,-0.659637862306736
-0.16999,-0.655131099898442
-0.19645,-0.648889500727295
-0.22248,-0.640934017218812
-0.24801,-0.631287847143358
-0.27297,-0.619975822500994
-0.29732,-0.607046022292669
-0.32098,-0.592534781523703
-0.34389,-0.576483119364113
-0.366,-0.558942407003725
-0.38726,-0.539971232972848
-0.40761,-0.519625249595928
-0.42701,-0.497971202004798
-0.44541,-0.475075710987647
-0.46277,-0.451010980102713
-0.47904,-0.425844405949235
-0.49419,-0.399652465834928
-0.50819,-0.372516838632129
-0.52101,-0.344521103073812
-0.53261,-0.31574058156668
-0.54297,-0.286256503735222
-0.55208,-0.256159831580056
-0.55991,-0.225531868239062
-0.56646,-0.194465817567845
-0.5717,-0.163039434072032
-0.57564,-0.131345113343662
-0.57826,-0.0994619567142933
-0.57957,-0.0674779462483945
-0.57957,-0.0354779719879939
-0.57827,-0.00354903144927326
-0.57567,0.0282304551258552
-0.57179,0.0597768727227851
-0.56665,0.0910052577843307
-0.56026,0.121839844976705
-0.55266,0.152192764752552
-0.54385,0.181998976313324
-0.53388,0.211177284306502
-0.52278,0.239651119338028
-0.51057,0.267357774426749
-0.49731,0.294218524840531
-0.48302,0.32017413065206
-0.46775,0.345161178328891
-0.45155,0.369115313930897
-0.43447,0.391973863967758
-0.41656,0.413677901198409
-0.39785,0.43418860851192
-0.37842,0.453448176047668
-0.35831,0.471415326630508
-0.33758,0.488049129242316
-0.31629,0.50331073011126
-0.29449,0.51717207392986
-0.27224,0.529607848967756
-0.2496,0.540596302735968
-0.22663,0.550119782760009
-0.20339,0.558165041803046
-0.17993,0.564730742565169
-0.15632,0.569810984824781
-0.13261,0.573411699333997
-0.10886,0.575541333945025
-0.085127,0.576212865786586
-0.06147,0.575441569848795
-0.037941,0.573249780368198
-0.014596,0.569662373414441
0.0085148,0.564710271003965
0.03134,0.558427892494373
0.053831,0.550853928903273
0.075939,0.542029596002548
0.097623,0.532003036654822
0.11884,0.520825401367173
0.13954,0.5085438700767
0.15971,0.495228630614625
0.17929,0.480931862711804
0.19826,0.4657194458004
0.21659,0.44965913235046
0.23426,0.432825725738983
0.25124,0.415290236094729
0.26751,0.397125984763718
0.28305,0.378406022871983
0.29786,0.359215812846107
0.31191,0.339626111655521
0.32521,0.31972322779579
0.33774,0.299581194255858
0.34949,0.27926920557016
0.36049,0.258879889465531
0.37071,0.23847750554471
0.38017,0.218138252052953
0.38887,0.197930637081659
0.39683,0.177929427106246
0.40405,0.158197122316599
0.41054,0.138791510616459
0.41633,0.119779256699266
0.42142,0.101209639506836
0.42584,0.0831382023167989
0.42961,0.0656160619807901
0.43274,0.0486814080033429
0.43525,0.0323677703928656
0.43717,0.0167108071565722
0.43853,0.00174634096665138
0.43934,-0.0125060052340624
0.43962,-0.0260333856267602
0.43942,-0.0388071545022929
0.43874,-0.0508242176478354
0.43761,-0.0620805141958589
0.43607,-0.0725644423857262
0.43412,-0.0822887024067719
0.4318,-0.0912561419986895
0.42913,-0.0994768321325778
0.42613,-0.106966813221004
0.42282,-0.113746903099998
0.41922,-0.119841580708794
0.41535,-0.125277956179129
0.41122,-0.13009223311839
0.40687,-0.134305058518739
0.40229,-0.137961184829173
0.3975,-0.141101613080722
0.39252,-0.143763394959013
0.38735,-0.145994321941392
0.38201,-0.147834866598784
0.3765,-0.149333365678036
0.37083,-0.150535829237082
0.36501,-0.151485149937052
0.35903,-0.152235304246566
0.35289,-0.152840298627727
0.34661,-0.153337832878743
0.34017,-0.153780892708882
0.33357,-0.154218417251358
0.32682,-0.15468719751357
0.3199,-0.155235214536946
0.3128,-0.155910560645002
0.30553,-0.156745097240836
0.29806,-0.157786056306839
0.29039,-0.159069329010591
0.28251,-0.160627805252648
0.2744,-0.162498157311502
0.26606,-0.164704015760777
0.25747,-0.167272323629549
0.24861,-0.170231637823571
0.23947,-0.173603328424749
0.23004,-0.177402065487585
0.22031,-0.181636381615718
0.21026,-0.186316685715915
0.19988,-0.191446894124225
0.18916,-0.197025262143194
0.17808,-0.203052609344319
0.16665,-0.209509313813573
0.15484,-0.216389086460504
0.14266,-0.223666700675314
0.1301,-0.23131687405666
0.11715,-0.239314717719134
0.10382,-0.247621328703196
0.0901,-0.256202151546188
0.075996,-0.265015070455654
0.061505,-0.274019534486879
0.046636,-0.283168373231278
0.031396,-0.292411759821068
0.015789,-0.301701246335097
-0.00017123,-0.310983572540087
-0.016475,-0.320206078195007
-0.033109,-0.329315387934056
-0.050057,-0.338256921517403
-0.067305,-0.346978370876494
-0.084834,-0.355427127586133
-0.10262,-0.36354824521731
-0.12065,-0.371294716853107
-0.1389,-0.378619309425797
-0.15733,-0.385464310586755
-0.17594,-0.391794969329084
-0.19468,-0.397559312143522
-0.21352,-0.402707986488628
-0.23245,-0.407210193802172
-0.25142,-0.411021696875401
-0.27041,-0.414111162330391
-0.28938,-0.416444079576127
-0.30829,-0.417984678881303
-0.32712,-0.418712300845865
-0.34582,-0.418597223037271
-0.36436,-0.417618388243133
-0.3827,-0.415755272393017
-0.40081,-0.412996106540527
-0.41864,-0.409322080061367
-0.43616,-0.40472436242779
-0.45333,-0.399195363868879
-0.4701,-0.392721647715322
-0.48644,-0.385300538382315
-0.50231,-0.376931028680956
-0.51767,-0.367613793460298
-0.53248,-0.357351138020507
-0.5467,-0.346146895268927
-0.5603,-0.334013682240353
-0.57323,-0.320956315700936
-0.58548,-0.307003005398874
-0.59698,-0.292155909089929
-0.60773,-0.276448079616682
-0.61767,-0.259892390479975
-0.62679,-0.242522232119224
-0.63505,-0.224364585648842
-0.64242,-0.205448050302573
-0.64888,-0.185809241040869
-0.6544,-0.165482923653911
-0.65896,-0.14450887881647
-0.66252,-0.122915085711413
-0.66508,-0.100748822173397
-0.66662,-0.0780568369968959
-0.66711,-0.0548767592630134
-0.66654,-0.0312525630847214
-0.66489,-0.00722465292572798
-0.66216,0.0171558653276126
-0.65833,0.0418455627319255
-0.6534,0.0667937380581973
-0.64737,0.0919453704306937
-0.64021,0.117265820245877
-0.63195,0.14269367278403
-0.62257,0.168184794965098
-0.61209,0.193680844217869
-0.6005,0.219136050881549
-0.58781,0.244501516337911
-0.57404,0.269720053180476
-0.55921,0.294729641303802
-0.54331,0.319488541831915
-0.52638,0.343935869862391
-0.50843,0.368019493433154
-0.48949,0.391681318495192
-0.46958,0.414867787734424
-0.44872,0.437530842780471
-0.42696,0.459606382009196
-0.40431,0.481049090739161
-0.38082,0.501800870091821
-0.35651,0.521817508210259
-0.33144,0.541038048178046
-0.30564,0.559412309129653
-0.27914,0.57690060795417
-0.252,0.5934510902867
-0.22426,0.609018752298216
-0.19596,0.623565801663034
-0.16716,0.637046975866256
-0.1379,0.649427483101021
-0.10824,0.660667603578022
-0.078224,0.670737030377697
-0.047908,0.679605470618995
-0.017345,0.687246159642386
0.013404,0.693630454973102
0.044288,0.698736829525852
0.075246,0.702543133395997
0.10622,0.705029976793414
0.13715,0.706179672343672
0.16797,0.705972365361088
0.19864,0.704406625822632
0.22907,0.701459346037566
0.25922,0.697127920074188
0.28902,0.691404522397892
0.31842,0.68429248443851
0.34734,0.67578220264781
0.37574,0.665883807383457
0.40355,0.654601192982072
0.43071,0.641940815267594
0.45717,0.627918690177486
0.48288,0.612558376188603
0.50777,0.595874339595238
0.53181,0.577903130182073
0.55493,0.558668743454204
0.5771,0.538214170850655
0.59826,0.516574532305389
0.61838,0.493799973915734
0.63742,0.469944117796236
0.65533,0.445054631215695
0.6721,0.419202720413182
0.68768,0.392447091873717
0.70205,0.364856962978054
0.71519,0.336508103717475
0.72708,0.307479443712903
0.7377,0.277850213630448
0.74704,0.24770498467953
0.7551,0.217137551922165
0.76185,0.186224198831703
0.76731,0.1550617221061
0.77148,0.123745738173556
0.77436,0.0923679890500905
0.77595,0.0610142215413089
0.77628,0.0297847804798405
0.77535,-0.00123357813225543
0.77318,-0.0319531081389479
0.7698,-0.0622807802936211
0.76522,-0.0921371713081993
0.75947,-0.121441781722598
0.75258,-0.150116047555922
0.74458,-0.178085731648864
0.7355,-0.205282755034128
0.72537,-0.231646528389255
0.71423,-0.257117444538069
0.70212,-0.281639004618106
0.68907,-0.305166845119081
0.67513,-0.327653509589076
0.66033,-0.349065831410138
0.64472,-0.369368977966178
0.62833,-0.388543205369247
0.61122,-0.406559970986833
0.59343,-0.423399862507616
0.57499,-0.43905939092641
0.55596,-0.453526451074787
0.53637,-0.466805111168978
0.51628,-0.478890762303033
0.49571,-0.48980205582643
0.47473,-0.499539442486013
0.45336,-0.508126150178532
0.43166,-0.515574016603558
0.40965,-0.521915381985884
0.38739,-0.527169054295727
0.36491,-0.531364960369947
0.34225,-0.534534098569892
0.31945,-0.536707774631227
0.29654,-0.537924333831261
0.27356,-0.538219575961046
0.25055,-0.537626452241126
0.22754,-0.536182249711381
0.20456,-0.53392684109353
0.18164,-0.530901178500428
0.15881,-0.527146019947701
0.13611,-0.522693477477457
0.11356,-0.517582583527274
0.091179,-0.511857582843162
0.069004,-0.505552349796186
0.047056,-0.498703215531115
0.025356,-0.491347384853223
0.0039276,-0.483519699339386
-0.017207,-0.475253029985837
-0.038031,-0.466581586635396
-0.058525,-0.45753762151537
-0.078672,-0.448152509757601
-0.098454,-0.438455116805462
-0.11786,-0.428476455660442
-0.13687,-0.418241544307888
-0.15547,-0.407774084522946
-0.17365,-0.397098781902315
-0.1914,-0.386240232054007
-0.20871,-0.375222026648718
-0.22557,-0.364066058169414
-0.24198,-0.352799400442997
-0.25791,-0.341430134852849
-0.27337,-0.329980126266664
-0.28836,-0.318474109583792
-0.30286,-0.30692343567102
-0.31687,-0.29534289639829
-0.33039,-0.283749405795557
-0.34342,-0.272160894232513
-0.35595,-0.260588000201008
-0.36798,-0.249042355556817
-0.37951,-0.237535845564835
-0.39054,-0.226080015400236
-0.40106,-0.214678209963114
-0.41109,-0.20334904181876
-0.42061,-0.192093149033092
-0.42963,-0.180918645364273
-0.43814,-0.169824460080282
-0.44616,-0.158824141778767
-0.45367,-0.147912903736603
-0.46069,-0.137100714324664
-0.4672,-0.126379421551567
-0.47321,-0.115748505935202
-0.47873,-0.105213460165569
-0.48374,-0.0947621561544969
-0.48826,-0.0843980303779039
-0.49227,-0.0741072680693003
-0.49579,-0.0638919830204755
-0.49881,-0.0537447863233754
-0.50133,-0.0436581328858981
-0.50335,-0.0336244664674012
-0.50486,-0.023628950660275
-0.50588,-0.0136733944334922
-0.5064,-0.00375074592374077
-0.50641,0.00615303887285161
-0.50593,0.0160351197384238
-0.50495,0.0259013264530212
-0.50346,0.0357643360440138
-0.50148,0.0456198395738083
-0.499,0.0554721361627369
-0.49602,0.0653249482051795
-0.49255,0.0751740354228041
-0.48858,0.0850236307493523
-0.48412,0.094869883971501
-0.47917,0.104709915131541
-0.47373,0.114541688010986
-0.4678,0.124363891112556
-0.4614,0.134161030351169
-0.45452,0.14392875847287
-0.44716,0.153664425606186
-0.43934,0.16335203381104
-0.43106,0.17298003690547
-0.42232,0.182540784394082
-0.41314,0.192015191998976
-0.40353,0.201382871487136
-0.39349,0.210630334119194
-0.38303,0.219742648878094
-0.37218,0.228689368958131
-0.36093,0.237457969590002
-0.34932,0.246013781700298
-0.33735,0.254334847964842
-0.32505,0.262387922515337
-0.31243,0.270146417220713
-0.29951,0.277582518848622
-0.28632,0.284660883276893
-0.27287,0.2913559463091
-0.25919,0.297636054332699
-0.24531,0.303465636505895
-0.23124,0.308821858123996
-0.21703,0.313663351587215
-0.20269,0.317964670941277
-0.18824,0.321706683045333
-0.17373,0.324853885063217
-0.15918,0.327380919747218
-0.14462,0.329264103650487
-0.13007,0.330489363392519
-0.11558,0.331028803234198
-0.10116,0.330873947307874
-0.086843,0.330015437783883
-0.072666,0.328440750594584
-0.058654,0.32614425781971
-0.044834,0.323124799360261
-0.031235,0.319383606087774
-0.017882,0.314926991786583
-0.0048023,0.309763719692625
0.007983,0.303909089825412
0.020447,0.297379172997893
0.032569,0.290195000140149
0.044332,0.282383941348216
0.05571,0.273971239745529
0.066693,0.264991708368062
0.077257,0.25547669657045
0.087393,0.245465097689544
0.09709,0.234999425646879
0.10633,0.224118835258053
0.11511,0.212869823678911
0.12343,0.201305764116132
0.13127,0.189469314969087
0.13864,0.177415465371568
0.14554,0.165200178423203
0.15197,0.152878585623336
0.15793,0.140503519797375
0.16344,0.128139155375287
0.16849,0.115834702949775
0.17311,0.103655339291753
0.1773,0.0916549250141866
0.18109,0.0798986646883171
0.18447,0.0684292756815051
0.18748,0.0573068420554953
0.19013,0.0465812996669379
0.19244,0.0363000954717883
0.19443,0.0265070077160305
0.19612,0.0172412777597609
0.19753,0.00853701772764625
0.1987,0.000437655198217393
0.19963,-0.00703704160183543
0.20035,-0.013865163063445
0.20088,-0.0200315057422349
0.20125,-0.0255197229271776
0.20149,-0.0303134080010105
0.2016,-0.0344191438632857
0.20162,-0.0378327056124239
0.20157,-0.0405564559338721
0.20146,-0.0426057715257015
0.20132,-0.043991680830073
0.20117,-0.0447291425382146
0.20102,-0.0448435850390815
0.2009,-0.0443536920634611
0.20082,-0.0432872544321394
0.2008,-0.0416714895268951
0.20086,-0.0395326198025596
0.201,-0.0369103189782948
0.20123,-0.0338467953469606
0.20159,-0.0303631019844828
0.20206,-0.0265071122138524
0.20266,-0.0223175073301792
0.20341,-0.0178245489139023
0.20429,-0.0130804660862608
0.20534,-0.00810939480949542
0.20654,-0.00295648064648915
0.20791,0.00234707752807896
0.20945,0.00776748108559857
0.21115,0.0132624817061233
0.21303,0.0188064819619095
0.21508,0.0243659800778717
0.2173,0.0299095839350195
0.21969,0.0354086380177441
0.22225,0.0408376712669453
0.22497,0.0461672885926552
0.22786,0.0513807378617801
0.2309,0.056449961368989
0.23409,0.0613535673589198
0.23743,0.0660763497938463
0.2409,0.0705939542809884
0.2445,0.0748903353258521
0.24823,0.0789568192074001
0.25207,0.0827763689258579
0.25601,0.0863332963002026
0.26005,0.0896210463450084
0.26417,0.0926260462434401
0.26836,0.0953370496135327
0.27262,0.0977525994631589
0.27692,0.0998572019828212
0.28125,0.101639452801387
0.2856,0.103091737124425
0.28996,0.104209891385085
0.29431,0.104985440817789
0.29864,0.105414237506946
0.30292,0.105481111427855
0.30714,0.105177358570859
0.31129,0.104499872720674
0.31534,0.103435510034283
0.31927,0.101970924675325
0.32308,0.100107892445423
0.32673,0.097830897634749
0.33021,0.0951332213475147
0.3335,0.0920081487368167
0.33658,0.0884492812685899
0.33942,0.0844433777426833
0.34202,0.0799943420812
0.34434,0.0750903420310644
0.34638,0.069736880725217
0.3481,0.0639238272456033
0.34949,0.0576510160679124
0.35053,0.0509190300036615
0.35119,0.0437217514119705
0.35146,0.0360627112559574
0.3513,0.0279310298431697
0.35071,0.0193341661467558
0.34965,0.0102646667778932
0.3481,0.000718124185447205
0.34605,-0.00929983226998343
0.34346,-0.0197977427378003
0.34031,-0.0307804884978702
0.33659,-0.0422424183669626
0.33226,-0.0541916605403528
0.32731,-0.0666249898382298
0.32172,-0.0795374517721436
0.31546,-0.0929301619313194
0.30852,-0.106794254620452
0.30087,-0.121127792522136
0.29251,-0.135912237644628
0.28342,-0.151130899000309
0.27358,-0.166768966881609
0.26299,-0.182798715211086
0.25163,-0.19919750263209
0.23951,-0.215925179818475
0.22661,-0.232950724922092
0.21294,-0.25022911689423
0.1985,-0.26771266423642
0.18329,-0.285352827781278
0.16733,-0.303086946493855
0.15061,-0.320864911195958
0.13315,-0.338625995950927
0.11497,-0.3563026792735
0.096083,-0.373829099831994
0.076511,-0.391136028357357
0.056266,-0.408160991486578
0.035386,-0.424829664005172
0.013886,-0.441077447844434
-0.0081978,-0.456833951017925
-0.03084,-0.472034326764661
-0.054004,-0.486612023093013
-0.077659,-0.500505582720567
-0.10177,-0.513656618707011
-0.1263,-0.526009752257598
-0.1512,-0.537505102517845
-0.17644,-0.548095288399847
-0.20198,-0.557737374444493
-0.22776,-0.56637887779393
-0.25375,-0.573983714792303
-0.2799,-0.580515712668864
-0.30616,-0.585940118007884
-0.33248,-0.590224766070875
-0.35881,-0.59334094828017
-0.3851,-0.595264014130537
-0.41129,-0.595966344355043
-0.43733,-0.595426541939266
-0.46318,-0.593636669231628
-0.48876,-0.590570741754589
-0.51402,-0.586211548762532
-0.53891,-0.580549834326305
-0.56337,-0.573576029403296
-0.58734,-0.565280974901517
-0.61076,-0.555656471566385
-0.63357,-0.54469567840074
-0.65572,-0.532400778234419
-0.67715,-0.51877411640011
-0.69779,-0.503811033621202
-0.71759,-0.487516432242319
-0.7365,-0.469903072748236
-0.75445,-0.450975191419205
-0.7714,-0.430752473695095
-0.7873,-0.409259374205321
-0.80208,-0.38650897006952
-0.81572,-0.362541984167459
-0.82814,-0.337376141839346
-0.83931,-0.311047276345995
-0.84919,-0.283597583494796
-0.85774,-0.255073371099757
-0.86492,-0.225523107366252
-0.87069,-0.194995756146657
-0.87502,-0.163546782426128
-0.87789,-0.131242793965675
-0.87926,-0.0981427750592591
-0.87912,-0.0643201003930123
-0.87745,-0.0298502850765077
-0.87423,0.00519158206171011
-0.86945,0.040725543982119
-0.8631,0.0766700705661662
-0.85518,0.112937396545606
-0.84569,0.149437358538105
-0.83462,0.186087986396267
-0.82199,0.222794286623216
-0.80782,0.259453699069841
-0.7921,0.295982911216591
-0.77487,0.332279849319978
-0.75613,0.368260131800557
-0.73593,0.403819456229578
-0.71428,0.438870395558998
-0.69122,0.473319874546941
-0.66678,0.507080780839455
-0.64101,0.540059001078829
-0.61395,0.572165361229623
-0.58564,0.603317746688642
-0.55613,0.633435256971023
-0.52547,0.662440875423643
-0.49373,0.690248735519093
-0.46094,0.716798470903988
-0.42719,0.742008291031724
-0.39252,0.765819075428021
-0.357,0.788170157067978
-0.3207,0.809002037822103
-0.28368,0.828265932611511
-0.24601,0.845916387858746
-0.20777,0.861905235141966
-0.16902,0.876198958664532
-0.12983,0.888770114096532
-0.09028,0.899590240440901
-0.05044,0.908638937986496
-0.010381,0.915902814886043
0.029822,0.921372213744251
0.070095,0.925042144033235
0.11037,0.926916578330342
0.15057,0.927000556159401
0.19062,0.925301889761967
0.23045,0.921834644969497
0.26999,0.916618049776457
0.30917,0.90967544369173
0.34792,0.901033283875497
0.38618,0.890727618757356
0.42386,0.878779429084414
0.46092,0.86523426505167
0.49728,0.850126954030646
0.53288,0.833497771503367
0.56767,0.815397891678391
0.60157,0.795863877428865
0.63452,0.774934429471785
0.66648,0.752663788962645
0.69738,0.729095131794107
0.72718,0.704283753727541
0.75581,0.678271028342173
0.78322,0.651100721533497
0.80938,0.622832046872749
0.83422,0.593505392487936
0.85771,0.563174322736368
0.87979,0.531879226650046
0.90044,0.499678173602848
0.91961,0.466619533569817
0.93727,0.432757123646764
0.95338,0.398140061239222
0.96792,0.362826878599289
0.98085,0.326867053409319
0.99215,0.290315922808675
1,0.251900086686506
1,0.207397673932502
1,0.159377735921418
1,0.110013092136122
1,0.0611069651005703
1,0.0141211672584372
1,-0.0297946364017123
1,-0.0697730628071377
1,-0.105198997442721
1,-0.135679859207461
1,-0.161016531889585
0.99612,-0.184045764615547
0.98546,-0.209260217989192
0.97316,-0.236431210233715
0.95926,-0.265303904338583
0.94377,-0.295628460532137
0.92674,-0.327133621493263
0.9082,-0.359550717930295
0.88817,-0.392625903854506
0.86672,-0.426085598780951
0.84387,-0.459683413175918
0.81968,-0.493170991729021
0.7942,-0.526311818879792
0.76748,-0.558884883190732
0.73957,-0.590687456964241
0.71053,-0.62152966886852
0.68041,-0.651244763017766
0.64929,-0.679667331437007
0.61721,-0.706667629743217
0.58424,-0.732126646476087
0.55044,-0.755945403479462
0.51589,-0.778029797631932
0.48063,-0.798322674033642
0.44475,-0.816762183362472
0.4083,-0.833314912681195
0.37136,-0.847950067743801
0.33398,-0.860662958393489
0.29625,-0.871441446133047
0.25822,-0.880298220130144
0.21996,-0.887251743640383
0.18154,-0.892325491023489
0.14303,-0.895547136196343
0.10448,-0.896962518592242
0.065981,-0.896601249242067
0.027578,-0.894513683468818
-0.01066,-0.890748343141769
-0.048668,-0.885354415343752
-0.086391,-0.878388115967231
-0.12376,-0.869899822444579
-0.16072,-0.859944499026221
-0.19722,-0.848582525295485
-0.23319,-0.835863159026494
-0.26859,-0.821847679204692
-0.30335,-0.806583299901517
-0.33743,-0.790126839275634
-0.37078,-0.77253392045791
-0.40335,-0.753857660495949
-0.43508,-0.734140239464602
-0.46594,-0.713435935056863
-0.49589,-0.691799767869746
-0.52487,-0.669270911978087
-0.55286,-0.645904078437152
-0.57982,-0.621750013116155
-0.60571,-0.596854658790539
-0.63049,-0.571258576781553
-0.65415,-0.54501879175155
-0.67665,-0.518181589619677
-0.69796,-0.490790441284974
-0.71807,-0.462899838737949
-0.73694,-0.434549173374205
-0.75456,-0.405786436482741
-0.77091,-0.376657503258569
-0.78598,-0.347212341035631
-0.79975,-0.317495106808443
-0.81221,-0.287551099053856
-0.82336,-0.257432324284696
-0.83319,-0.22718701681975
-0.84169,-0.196858677577422
-0.84886,-0.166492805868712
-0.8547,-0.136134872529458
-0.85921,-0.105828685104966
-0.86239,-0.0756151084585292
-0.86426,-0.0455459004211583
-0.86481,-0.0156576017090862
-0.86406,0.0140047430759608
-0.86202,0.0433982747440857
-0.85869,0.07249087692003
-0.8541,0.101238215642378
-0.84825,0.129609923061843
-0.84117,0.157565959314727
-0.83286,0.185082187978972
-0.82337,0.212111401848457
-0.81268,0.238641255384675
-0.80085,0.264629110901311
-0.78788,0.290053849132226
-0.77381,0.314883095104998
-0.75865,0.339098867398216
-0.74244,0.3626734923767
-0.72521,0.385580016642565
-0.70698,0.407800567045727
-0.68779,0.42931066181415
-0.66767,0.450088914690807
-0.64665,0.470117368413011
-0.62477,0.489374271842153
-0.60205,0.507850536287003
-0.57855,0.525518284890672
-0.55429,0.542365144293785
-0.52931,0.558377095734296
-0.50364,0.573546884128937
-0.47733,0.587858419729624
-0.45041,0.601304004603663
-0.42292,0.613875799656061
-0.3949,0.625566339035935
-0.36639,0.636368920996618
-0.33742,0.646285288621675
-0.30804,0.655309403551229
-0.27828,0.663444139035717
-0.24819,0.670684903600073
-0.2178,0.67703620688139
-0.18716,0.682495177153989
-0.1563,0.687068040319722
-0.12528,0.690746170004857
-0.09412,0.693538928171485
-0.062875,0.695444188629416
-0.031587,0.69646036880579
-0.00029191,0.696590986294205
0.030962,0.695834548443894
0.062135,0.69419198208584
0.093187,0.691665967960279
0.12407,0.688254769122538
0.15474,0.683956169960514
0.18516,0.678772875143519
0.21528,0.672701939106393
0.24506,0.665743398077282
0.27444,0.657884953265101
0.3034,0.649134318195068
0.33186,0.639470811087944
0.3598,0.628895823421522
0.38716,0.617398963441317
0.41389,0.604968060705766
0.43994,0.591589872656459
0.46527,0.577258084125985
0.48982,0.561957394874721
0.51354,0.545673116722556
0.53639,0.5283988956621
0.55831,0.51012054228669
0.57926,0.490832791102909
0.5992,0.470537791366815
0.61807,0.449228914250368
0.63583,0.426907507973204
0.65244,0.403581401407563
0.66785,0.379256136819966
0.68203,0.353950145895268
0.69493,0.327677057158142
0.70653,0.300468533267732
0.71678,0.272347822328863
0.72566,0.243353019566412
0.73313,0.213518429741747
0.73917,0.182889208994505
0.74376,0.151518070150517
0.74687,0.119455013495816
0.7485,0.086768674810761
0.74862,0.0535186436864725
0.74723,0.0197777291569206
0.74432,-0.0143800590607345
0.73989,-0.0488744690287039
0.73395,-0.0836151422310303
0.72649,-0.118520987257542
0.71754,-0.15349122242252
0.7071,-0.188434359535991
0.6952,-0.223246987593675
0.68185,-0.25783400935647
0.6671,-0.292080399914726
0.65096,-0.325888169918064
0.63348,-0.359146591389008
0.61469,-0.391752952757111
0.59464,-0.423599531780446
0.57338,-0.454578056423606
0.55094,-0.484598143011027
0.5274,-0.513549960208393
0.50279,-0.541348628179679
0.47719,-0.567895421631862
0.45064,-0.593113450643322
0.42321,-0.616924099214484
0.39497,-0.639250284662318
0.36598,-0.660026442323882
0.3363,-0.67919888757925
0.30601,-0.696711011467421
0.27517,-0.712520998613759
0.24385,-0.726593525073619
0.21213,-0.738892884781143
0.18007,-0.749399622721576
0.14775,-0.758093912599583
0.11524,-0.764964329274691
0.082614,-0.770004311499518
0.049946,-0.77321210894894
0.017305,-0.774594274983288
-0.015229,-0.774156393420083
-0.047585,-0.771910377711216
-0.079691,-0.767872749942605
-0.11147,-0.762060134007551
-0.14285,-0.754492970829481
-0.17377,-0.745202809400715
-0.20414,-0.734208270125097
-0.23391,-0.721546992731195
-0.26299,-0.707241681245682
-0.29133,-0.691332252237277
-0.31885,-0.67384948567104
-0.3455,-0.654838366289784
-0.37121,-0.634339509823505
-0.39593,-0.612403856032747
-0.41959,-0.589074619244002
-0.44214,-0.564402485410941
-0.46353,-0.538442837419387
-0.48371,-0.511253366840073
-0.50263,-0.482892053049696
-0.52025,-0.453422885927466
-0.53655,-0.42292768895157
-0.55146,-0.391463382025677
-0.56498,-0.359116889064084
-0.57705,-0.325952427384995
-0.58768,-0.292065730199685
-0.59683,-0.25753814499852
-0.60449,-0.222459145715712
-0.61065,-0.186922032614626
-0.61529,-0.151012935878006
-0.61843,-0.11483908020321
-0.62004,-0.0784844202479797
-0.62015,-0.0420558040736534
-0.61875,-0.00564558891719114
-0.61587,0.0306389743866344
-0.6115,0.0667116509880738
-0.60568,0.102469089599463
-0.59843,0.13781233229338
-0.58976,0.172656664108664
-0.57972,0.206902236463379
-0.56832,0.240469971154974
-0.55562,0.273263413200356
-0.54163,0.305212414551953
-0.52641,0.336233714980775
-0.51001,0.366243896310091
-0.49246,0.395177221710002
-0.47381,0.422969987722046
-0.45413,0.449547862557918
-0.43347,0.474845525966767
-0.41187,0.49881486752034
-0.38941,0.521394172740861
-0.36615,0.54252800051598
-0.34214,0.562175629629316
-0.31746,0.580287897081678
-0.29217,0.59682571191553
-0.26635,0.61174511003157
-0.24005,0.625022300411016
-0.21335,0.636628938885706
-0.18633,0.646534483046552
-0.15905,0.654722907169435
-0.13158,0.661183591553898
-0.104,0.665903817404969
-0.076377,0.668879749007232
-0.048783,0.670111711133162
-0.02129,0.669603943508349
0.0060345,0.667367595680733
0.033121,0.663418120564572
0.059907,0.657779683899671
0.086317,0.650473661967631
0.1123,0.641537137651491
0.13778,0.631000750321009
0.16271,0.618910907339907
0.18703,0.60531617173772
0.21068,0.590265808155946
0.23362,0.573823335548472
0.25578,0.55604005432228
0.27714,0.536993145976608
0.29764,0.51674910094065
0.31724,0.4953788474456
0.33591,0.47296237748565
0.35362,0.449584803001415
0.37033,0.425325601450473
0.38602,0.40027222810055
0.40066,0.374508642898877
0.41424,0.348128297910867
0.42673,0.321214729486224
0.43812,0.293855710489066
0.4484,0.266139710801373
0.45756,0.238152991374219
0.46559,0.20997728075637
0.4725,0.181702777663434
0.47828,0.153408799645733
0.48293,0.125170625210068
0.48647,0.0970724802588283
0.4889,0.0691881738348004
0.49023,0.0415879289208056
0.49048,0.0143439598454579
0.48966,-0.0124798863021342
0.48779,-0.0388214803692458
0.48488,-0.0646298101220342
0.48098,-0.0898352876836546
0.47608,-0.114400254803533
0.47022,-0.138277509833001
0.46343,-0.161421504163813
0.45574,-0.183789906360887
0.44717,-0.205352167509405
0.43776,-0.226073923543539
0.42754,-0.245926694584926
0.41653,-0.264895532690105
0.40478,-0.282955236630815
0.39232,-0.300088400110342
0.37919,-0.316277539698439
0.36542,-0.331513524454176
0.35105,-0.345787339442257
0.33612,-0.35909081548167
0.32067,-0.371417165817507
0.30473,-0.382768753887802
0.28835,-0.393140905211533
0.27156,-0.402538598748075
0.2544,-0.410967455258833
0.23691,-0.418433830146098
0.21914,-0.424937441327964
0.20111,-0.430495155610369
0.18287,-0.435115319984923
0.16445,-0.438814251461799
0.14589,-0.441607104376639
0.12723,-0.443507911433545
0.1085,-0.444537014517526
0.08973,-0.444719473932299
0.070965,-0.444072547935176
0.052234,-0.442618701736138
0.033569,-0.44038188013069
0.014998,-0.437389624293019
-0.0034418,-0.433664899952169
-0.021727,-0.429236616979562
-0.039829,-0.42413388119915
-0.057718,-0.418384296222608
-0.075371,-0.412018528446566
-0.092767,-0.405070338988063
-0.10988,-0.397571335411502
-0.12668,-0.389547515108836
-0.14316,-0.381036573519295
-0.1593,-0.372074914920733
-0.17507,-0.362689421123354
-0.19046,-0.352913227854717
-0.20546,-0.342783473315886
-0.22004,-0.332324578379632
-0.2342,-0.321572062988684
-0.24792,-0.310554463209438
-0.26118,-0.299293720327446
-0.27399,-0.287827841367145
-0.28632,-0.276176973378248
-0.29816,-0.264360888514437
-0.30951,-0.252405678553195
-0.32035,-0.240326802419942
-0.33067,-0.228137882626955
-0.34048,-0.21586523858102
-0.34975,-0.20351490360761
-0.35848,-0.191098336445655
-0.36666,-0.178623418256313
-0.37428,-0.166094696194333
-0.38135,-0.153528467955995
-0.38784,-0.140920271091789
-0.39375,-0.128270992299519
-0.39908,-0.115585590739444
-0.40382,-0.102864588367009
-0.40797,-0.0901121303652002
-0.41152,-0.0773276057671091
-0.41445,-0.0644990234023786
-0.41678,-0.0516349554393053
-0.41848,-0.0387232044617261
-0.41957,-0.025772002434877
-0.42004,-0.0127835307456939
-0.41987,0.000252461186651603
-0.41908,0.0133264984339624
-0.41766,0.0264357301829176
-0.4156,0.0395827971082996
-0.41291,0.0527599868436374
-0.40959,0.065958910093295
-0.40563,0.0791783106376554
-0.40105,0.0924005923292815
-0.39584,0.105617694862272
-0.39,0.118822119616321
-0.38354,0.131999690667267
-0.37646,0.145138683304046
-0.36877,0.158222326597317
-0.36048,0.171230289776428
-0.35159,0.184147371665476
-0.34212,0.196948191318656
-0.33207,0.209614703249939
-0.32146,0.222120547507759
-0.31029,0.234448246838938
-0.29859,0.246565864561713
-0.28637,0.258445551645732
-0.27363,0.270071003547308
-0.26042,0.281398810796319
-0.24674,0.292401971271787
-0.23262,0.303045375609228
-0.21808,0.313295863118836
-0.20314,0.323122890534779
-0.18784,0.332484224244474
-0.1722,0.34134430254897
-0.15625,0.349666687076627
-0.14002,0.357415415470739
-0.12354,0.364556091305338
-0.10685,0.371049336681701
-0.089972,0.376866363089691
-0.07295,0.381971675044258
-0.055813,0.386336678129769
-0.038597,0.389934202876843
-0.021337,0.392739979871908
-0.004064,0.3947359765224
0.013186,0.395906272082683
0.030381,0.396240334353527
0.047487,0.395731079276698
0.064474,0.394377649506145
0.08131,0.392183046154587
0.097964,0.389154326695802
0.11441,0.385305602308055
0.13062,0.380655077236366
0.14655,0.375212178321657
0.1622,0.369011759078885
0.17753,0.362078864827639
0.19251,0.354437542203818
0.20713,0.346125324223823
0.22136,0.337174949054138
0.23518,0.327621909810806
0.24856,0.317495640300206
0.2615,0.306842123997146
0.27397,0.295697289158239
0.28596,0.284102780045075
0.29744,0.272088901651732
0.30842,0.259705518758814
0.31886,0.246979867575693
0.32878,0.23396447399441
0.33815,0.220693742508526
0.34695,0.207193791276851
0.3552,0.193512753078673
0.36287,0.179678057659785
0.36997,0.16572908954313
0.37649,0.151698806187436
0.38242,0.137613872174432
0.38776,0.123502309752791
0.39251,0.1093922278427
0.39668,0.0953181923401476
0.40026,0.0813040038383685
0.40325,0.0673712748568625
0.40566,0.0535463923820677
0.40749,0.0398512178290936
0.40876,0.0263179010809366
0.40945,0.0129561771740558
0.40959,-0.000205851390296855
0.40917,-0.0131558838885942
0.40822,-0.0258653740871253
0.40673,-0.0383232876728491
0.40473,-0.050503683178168
0.40221,-0.0623991371397602
0.39919,-0.0739954294622344
0.39568,-0.0852808989910323
0.3917,-0.0962391115674457
0.38725,-0.106865255468203
0.38235,-0.117149467034933
0.377,-0.127093102270708
0.37122,-0.136691967722687
0.36503,-0.145937727598688
0.35844,-0.15482652240924
0.35145,-0.163365793676523
0.34408,-0.17155730146185
0.33634,-0.179405758929403
0.32825,-0.186910903908367
0.31981,-0.194083412596696
0.31104,-0.200927848137281
0.30195,-0.207451251523323
0.29255,-0.213662589309326
0.28285,-0.219572248489262
0.27287,-0.225184182665802
0.26261,-0.230511922031486
0.25208,-0.235569032731433
0.2413,-0.240361416857361
0.23028,-0.244896077772655
0.21902,-0.249188145278087
0.20754,-0.253244135165211
0.19585,-0.257070856129442
0.18395,-0.260682569967516
0.17187,-0.264076980187005
0.1596,-0.267268070429659
0.14717,-0.270252975708972
0.13457,-0.273044884675137
0.12183,-0.27563996872938
0.10895,-0.278042938018634
0.09594,-0.280257829624113
0.08282,-0.282280604022393
0.069598,-0.284109652886725
0.056286,-0.285742371926791
0.0429,-0.28717242903803
0.029447,-0.288397276442497
0.015946,-0.289408580531907
0.0024089,-0.290198788791027
-0.011149,-0.290758639975243
-0.024712,-0.291077427186644
-0.038269,-0.291146952136326
-0.051801,-0.29095541052452
-0.065292,-0.290490625176191
-0.078727,-0.289741188130702
-0.092087,-0.28869367155598
-0.10536,-0.287338575832625
-0.11852,-0.285659497468732
-0.13156,-0.28364899096934
-0.14445,-0.281290064610712
-0.15718,-0.278573322898291
-0.16973,-0.275488403804786
-0.18208,-0.272024507171124
-0.19422,-0.268178232020768
-0.20611,-0.263930120248889
-0.21775,-0.259277937888078
-0.22912,-0.254218683244775
-0.24019,-0.248741509507227
-0.25095,-0.242844404614647
-0.26138,-0.236525219095586
-0.27146,-0.229781837127386
-0.28118,-0.222619706832511
-0.29051,-0.215035523100479
-0.29944,-0.207033880036603
-0.30795,-0.198618293837154
-0.31602,-0.189791388366203
-0.32365,-0.180569854581165
-0.33081,-0.170959160903622
-0.33749,-0.160970430128854
-0.34368,-0.15061909032762
-0.34936,-0.139916274558539
-0.35453,-0.128884178021203
-0.35918,-0.117545953740909
-0.3633,-0.105924931122752
-0.36688,-0.0940439633257296
-0.36992,-0.0819322934336267
-0.37241,-0.0696161171895197
-0.37436,-0.0571332302072444
-0.37577,-0.0445223323978766
-0.37663,-0.0318143669932665
-0.37695,-0.0190479022825404
-0.37673,-0.00625912393999615
-0.37598,0.00651139232329831
-0.37471,0.0192207490717441
-0.37292,0.0318328677996515
-0.37063,0.0443035125618421
-0.36784,0.0565980326165224
-0.36456,0.0686832450034455
-0.36082,0.0805134740746962
-0.3566,0.0920714051657124
-0.35195,0.103311540815846
-0.34685,0.114218911280766
-0.34133,0.124766857349781
-0.33541,0.134927692291542
-0.3291,0.144681312383374
-0.32241,0.154014550612497
-0.31535,0.162920482537146
-0.30795,0.171382908145795
-0.30021,0.179401052307411
-0.29215,0.186972085594037
-0.28379,0.194091873085063
-0.27513,0.200770387216539
-0.2662,0.207006773338307
-0.257,0.21281389283559
-0.24754,0.218208148677679
-0.23784,0.223201179667544
-0.22792,0.227800656648976
-0.21777,0.232033191844785
-0.20741,0.235917925250234
-0.19686,0.239467595742852
-0.18612,0.242704330584
-0.17521,0.245642525602122
-0.16412,0.248312212347748
-0.15288,0.250725696743558
-0.14149,0.252902879930814
-0.12997,0.254854465444632
-0.11831,0.256605632693073
-0.10653,0.258170356803585
-0.094634,0.259565011152216
-0.082635,0.260800760766562
-0.070542,0.261887170987753
-0.058362,0.262833668910143
-0.046102,0.263649242204262
-0.033775,0.264337766830254
-0.021387,0.264903984402073
-0.0089488,0.265349568899241
0.0035295,0.265674105022663
0.016039,0.265876301826663
0.028567,0.265951299147161
0.041103,0.265893030830318
0.053637,0.265694909371088
0.066153,0.265345591607666
0.07864,0.264833831823382
0.091086,0.264147962630893
0.10347,0.263269581512702
0.11579,0.262189356189499
0.12803,0.260895137588449
0.14016,0.259362463355423
0.15218,0.257579769197225
0.16407,0.255531410273268
0.17582,0.253206288580076
0.18741,0.250589905043035
0.19883,0.247672842931012
0.21006,0.244442688849332
0.22108,0.240885000157614
0.23189,0.236998934640119
0.24246,0.232772525186896
0.25278,0.228200021557573
0.26285,0.223288311893809
0.27263,0.218024796916287
0.28212,0.212411161230139
0.2913,0.206445841488146
0.30017,0.200139571182321
0.30869,0.193483209082
0.31686,0.186481480847051
0.32467,0.179142829763597
0.33209,0.171463746925952
0.33912,0.163453419589516
0.34573,0.155108885370019
0.35192,0.146439694363806
0.35767,0.137450477278046
0.36296,0.128141811520872
0.36777,0.118511010640738
0.3721,0.108567633396043
0.37592,0.0983086886254304
0.37922,0.0877359514511121
0.38198,0.0768476009177398
0.38419,0.0656463667366709
0.38584,0.0541385831947279
0.38691,0.0423259392381881
0.38738,0.0302063389900279
0.38725,0.0177894808520509
0.3865,0.0050795284356833
0.38512,-0.00791652532601756
0.38311,-0.0211821940788344
0.38044,-0.0347159584996298
0.37712,-0.0484988301138456
0.37314,-0.0625130400476344
0.36849,-0.0767422785367123
0.36317,-0.0911644676663296
0.35717,-0.105760887577083
0.35051,-0.120493867701345
0.34317,-0.135341076976271
0.33516,-0.150271008504895
0.32649,-0.165245665188756
0.31715,-0.180237694634729
0.30717,-0.195199566330536
0.29654,-0.210098434556208
0.28528,-0.224892102288993
0.2734,-0.239539497795936
0.26092,-0.253994310035834
0.24786,-0.268207407337662
0.23423,-0.282136274217362
0.22005,-0.295737678786462
0.20536,-0.308954403137013
0.19017,-0.321741900949399
0.1745,-0.334059893732688
0.1584,-0.345850717880293
0.14189,-0.357066704548774
0.12501,-0.367655020821355
0.10778,-0.377575192665999
0.090238,-0.386784821916961
0.072432,-0.395234053507585
0.054392,-0.402882020272297
0.036158,-0.409689166374933
0.017769,-0.415619174699715
-0.00073392,-0.420638163666898
-0.01931,-0.424715755552422
-0.037921,-0.427827475989838
-0.056521,-0.429948990915294
-0.075072,-0.431062991437723
-0.093531,-0.431154999107705
-0.11186,-0.430217300846709
-0.13001,-0.428240099141854
-0.14794,-0.425218468765033
-0.16562,-0.421160041045152
-0.18301,-0.416075330078013
-0.20006,-0.409969840100509
-0.21673,-0.402852593502395
-0.233,-0.394750285334174
-0.24882,-0.385681237291049
-0.26415,-0.375664175642214
-0.27896,-0.364725258984277
-0.29323,-0.352903528947371
-0.30691,-0.340225362236971
-0.31997,-0.326721149655401
-0.3324,-0.312438601890048
-0.34415,-0.297408627671195
-0.35521,-0.281677401849381
-0.36556,-0.265294805052781
-0.37516,-0.248297589039047
-0.384,-0.230733088734677
-0.39207,-0.212655844044749
-0.39935,-0.194117275897332
-0.40582,-0.175164809811316
-0.41148,-0.155856032161437
-0.41631,-0.136240227877872
-0.42031,-0.116373273463751
-0.42348,-0.0963146526822138
-0.42581,-0.0761175415063674
-0.4273,-0.0558357439343082
-0.42795,-0.0355218438417485
-0.42777,-0.0152331249339471
-0.42676,0.00497858834728026
-0.42493,0.0250602037795172
-0.42228,0.0449667843210219
-0.41884,0.064639360690389
-0.41461,0.0840317962859497
-0.40961,0.103095138650002
-0.40385,0.121787284610374
-0.39735,0.140065808712711
-0.39012,0.157896991846098
-0.3822,0.175233289518621
-0.3736,0.192039901533888
-0.36434,0.208286273684666
-0.35444,0.22394654301249
-0.34394,0.23898497665282
-0.33285,0.253381460597411
-0.32121,0.267107256207534
-0.30904,0.280142657838626
-0.29637,0.292468791281363
-0.28323,0.304068370703557
-0.26966,0.3149188556826
-0.25567,0.325016643404843
-0.24131,0.334344296344448
-0.22661,0.342888846367166
-0.2116,0.350641618312876
-0.19631,0.357597968719362
-0.18079,0.36374216345169
-0.16505,0.36907983511523
-0.14915,0.373597013040894
-0.13312,0.377286760208782
-0.11699,0.380148251527732
-0.1008,0.382178472079365
-0.084578,0.383381841825868
-0.068372,0.383754097670867
-0.052217,0.383293916064968
-0.036145,0.382004792013383
-0.020193,0.379890504115963
-0.0043953,0.37695713543186
0.011212,0.373211300161952
0.026598,0.368663864537649
0.041729,0.363326905916012
0.056574,0.357215284714827
0.071102,0.350345826867814
0.085286,0.342739557279454
0.099098,0.334419677637726
0.11251,0.32541060243178
0.1255,0.315741569046281
0.13805,0.305447926252443
0.15013,0.29456016187509
0.16173,0.283118828740963
0.17283,0.271164104441379
0.18341,0.258734760664613
0.19345,0.245867339224697
0.20296,0.2326177120371
0.21191,0.21902616926936
0.2203,0.205141430771817
0.22813,0.191017564395102
0.23539,0.176703950835923
0.24207,0.162244684194502
0.24818,0.147692990025929
0.25372,0.133100405012831
0.25869,0.118515478709182
0.2631,0.103990177856057
0.26696,0.0895775470232517
0.27027,0.0753223825542931
0.27304,0.0612686998498454
0.27527,0.0474509605206513
0.277,0.0339242213363149
0.27822,0.0207213349937725
0.27895,0.00787818779906694
0.2792,-0.00457563773541406
0.279,-0.0166020342147745
0.27834,-0.0281870149799324
0.27727,-0.0392924413200761
0.27578,-0.0499064875897882
0.2739,-0.060009666726265
0.27164,-0.0695920224532694
0.26903,-0.0786371381335023
0.26608,-0.0871389862816515
0.26281,-0.0950930384842334
0.25925,-0.102489047744349
0.25541,-0.109327546234121
0.25131,-0.115610661013418
0.24697,-0.121342053455282
0.2424,-0.126534207544447
0.23764,-0.131184470104567
0.23269,-0.135307878067672
0.22758,-0.138911366376178
0.22232,-0.14201015462178
0.21693,-0.144618529067417
0.21142,-0.146757212281611
0.20581,-0.148444323061319
0.20012,-0.149695529970048
0.19435,-0.150539007149943
0.18853,-0.150990166643507
0.18266,-0.151075977799165
0.17677,-0.150809868488525
0.17085,-0.150223601814031
0.16492,-0.149340706262516
0.159,-0.148177445504675
0.15309,-0.146758553533978
0.1472,-0.145107498036871
0.14135,-0.143238653757049
0.13554,-0.141173399428129
0.12978,-0.138930712543176
0.12408,-0.136527040768759
0.11845,-0.133976251710694
0.11289,-0.131297048012757
0.10742,-0.128496625655591
0.10203,-0.125594775966196
0.096736,-0.122601566168062
0.091539,-0.119529925433172
0.086446,-0.116390177491292
0.081461,-0.113192358479978
0.076586,-0.109947352565754
0.071827,-0.106663349223116
0.067186,-0.103348974987268
0.062665,-0.100012849207523
0.058265,-0.0966639692092936
0.05399,-0.0933090548192228
0.049838,-0.0899571253559019
0.045811,-0.0866157359645951
0.041906,-0.0832946421000321
0.038123,-0.0800027818376824
0.034462,-0.0767480855908436
0.030917,-0.0735417874176966
0.027485,-0.070395161063366
0.024164,-0.0673183691756053
0.020948,-0.0643232614472722
0.01783,-0.061423367885526
0.014807,-0.0586301523257828
0.011868,-0.0559589200668476
0.009009,-0.0534223845610863
0.0062169,-0.0510374559095955
0.0034837,-0.0488200993703698
0.00080223,-0.0467843713805656
-0.001845,-0.044949934071615
-0.0044643,-0.0433320633792657
-0.0070706,-0.0419483496595821
-0.0096785,-0.0408174139174636
-0.012297,-0.0399539458486473
-0.014944,-0.0393755250098254
-0.017634,-0.0390989433220911
-0.02038,-0.0391386645857513
-0.023198,-0.0395089665684161
-0.026102,-0.0402219711129535
-0.029108,-0.041289068954716
-0.032232,-0.0427206070337465
-0.035486,-0.044522705102821
-0.038886,-0.0467007159266789
-0.042445,-0.0492568585470027
-0.046178,-0.0521920942513231
-0.050092,-0.0555002791304095
-0.054206,-0.059178432950305
-0.058525,-0.063215713142656
-0.063061,-0.067600273350628
-0.067821,-0.0723159513972511
-0.072812,-0.0773434233491019
-0.078039,-0.0826597502696448
-0.083506,-0.0882388624541263
-0.089218,-0.0940535284988933
-0.095175,-0.10007255528994
-0.10138,-0.106264571679205
-0.10782,-0.112587049685422
-0.11451,-0.119010308850308
-0.12144,-0.125497359902681
-0.12859,-0.131998965522367
-0.13597,-0.138479575008534
-0.14357,-0.144900922293877
-0.15137,-0.151216300026591
-0.15937,-0.157388366387473
-0.16754,-0.163366294495655
-0.17588,-0.169112100781883
-0.18437,-0.174584573528396
-0.19299,-0.1797412180045
-0.20173,-0.18454726706208
-0.21055,-0.188953173664831
-0.21944,-0.192921238096101
-0.22838,-0.196417192397046
-0.23733,-0.199395950268182
-0.24628,-0.201827387092601
-0.25519,-0.203672364326357
-0.26404,-0.204900629048191
-0.27279,-0.205475428641188
-0.28142,-0.205370868867138
-0.2899,-0.204563440344823
-0.29819,-0.203025131535028
-0.30625,-0.200725381753088
-0.31407,-0.197654906721675
-0.32159,-0.193785186445054
-0.3288,-0.189110266304353
-0.33565,-0.183613290677298
-0.34212,-0.177291580883284
-0.34816,-0.170132089336029
-0.35374,-0.162128851256542
-0.35884,-0.15328945797961
-0.3634,-0.143602935208082
-0.36742,-0.133088276280291
-0.37085,-0.121751414010973
-0.37366,-0.109602636195516
-0.37581,-0.0966482890517753
-0.3773,-0.0829211576090801
-0.37807,-0.0684302930238169
-0.37811,-0.0532025190179215
-0.3774,-0.0372710221135556
-0.3759,-0.0206585797678211
-0.37361,-0.00340865816212904
-0.37049,0.0144492526722013
-0.36653,0.0328754711199242
-0.36171,0.05183052546224
-0.35603,0.0712613634255627
-0.34947,0.0911201971996748
-0.34202,0.111357398403238
-0.33368,0.131915853763334
-0.32444,0.152741428768232
-0.3143,0.173776562620857
-0.30326,0.194962622479911
-0.29134,0.21622706124661
-0.27854,0.237503034972827
-0.26487,0.258722910233154
-0.25034,0.279820486205621
-0.23497,0.300725383054301
-0.21879,0.321358651818252
-0.20181,0.341651670018604
-0.18407,0.361524154056399
-0.16559,0.38090374825074
-0.1464,0.399719446622689
-0.12654,0.417896285862189
-0.10606,0.435351187064017
-0.084982,0.452017937865217
-0.063355,0.467826241803317
-0.041231,0.482702711407491
-0.018649,0.496583592792059
0.0043354,0.509402897032995
0.027673,0.521099917255193
0.051309,0.531616283696287
0.07519,0.540898715872148
0.099259,0.548897416101411
0.12346,0.55556808931501
0.14773,0.560867509858109
0.17201,0.564758050593367
0.19625,0.567214880984663
0.22038,0.568209982989065
0.24434,0.567721522416089
0.26807,0.565733825127946
0.2915,0.562229783959576
0.31459,0.557214340086458
0.33726,0.550681046130414
0.35945,0.542629757303387
0.38112,0.533080693629296
0.40219,0.522040848482786
0.42262,0.509536389742563
0.44234,0.495586466639193
0.46131,0.480226623504042
0.47946,0.463482829339449
0.49675,0.445395130537885
0.51313,0.426006725465827
0.52856,0.405369835829182
0.54297,0.383520574712494
0.55635,0.360525624936648
0.56863,0.33643027790009
0.5798,0.31130582167152
0.5898,0.285205658287547
0.59862,0.258204319415957
0.60622,0.230369152591715
0.61257,0.201767231515816
0.61766,0.172478281348012
0.62147,0.142582547030247
0.62399,0.112165757963966
0.6252,0.0813081510356017
0.62509,0.0500905115825855
0.62367,0.0186063834002276
0.62093,-0.0130580361071166
0.61687,-0.04481776086172
0.6115,-0.0765840825707519
0.60483,-0.108268118092598
0.59687,-0.139783703765896
0.58763,-0.171049691747915
0.57715,-0.201969510306687
0.56542,-0.232474280708877
0.55249,-0.262475524051239
0.53836,-0.291908933265301
0.52307,-0.32070247832
0.50666,-0.348780498798959
0.48914,-0.376089286945779
0.47057,-0.402557983349825
0.45095,-0.428148867100735
0.43035,-0.452800883091446
0.40879,-0.476473478619714
0.38632,-0.499122221542199
0.36298,-0.520708829779112
0.33882,-0.541194286347442
0.31387,-0.560555485524343
0.28819,-0.578761244093732
0.26183,-0.595782738142984
0.23484,-0.611594429794052
0.20727,-0.626174710845866
0.17918,-0.6394989034541
0.15061,-0.651555865424928
0.12163,-0.662324023318527
0.092302,-0.671780403886886
0.062672,-0.679913838438697
0.032805,-0.686709400044441
0.0027618,-0.692153097702396
-0.027392,-0.696228953479262
-0.057601,-0.698927772478102
-0.087796,-0.700236268096543
-0.11791,-0.700140217463002
-0.14789,-0.69863573728635
-0.17766,-0.695710726346709
-0.20717,-0.691366346483727
-0.23634,-0.685592557053557
-0.26511,-0.678385648179373
-0.29342,-0.669747397553665
-0.32121,-0.659684240611304
-0.34841,-0.648199069596509
-0.37495,-0.63529208811592
-0.40079,-0.620983738598126
-0.42585,-0.605280874544939
-0.45009,-0.588208998585306
-0.47344,-0.56978596809008
-0.49584,-0.550030562997472
-0.51725,-0.528976736204185
-0.53761,-0.506655106707337
-0.55687,-0.483100294625571
-0.57498,-0.458349302637406
-0.5919,-0.432447520987344
-0.60758,-0.405438532565831
-0.62198,-0.377370705305022
-0.63507,-0.348302352275012
-0.6468,-0.318283417546729
-0.65715,-0.287377878528306
-0.66608,-0.255644426006394
-0.67356,-0.223143185988715
-0.67957,-0.189941064074577
-0.68409,-0.156108454673845
-0.68709,-0.121709071940961
-0.68856,-0.0868140788752994
-0.6885,-0.0515058590029952
-0.68688,-0.0158511572546
-0.6837,0.0200758247234417
-0.67897,0.0561898301724229
-0.67267,0.0924215375637653
-0.66483,0.128679763454452
-0.65544,0.164888155021951
-0.64452,0.200962632056817
-0.63209,0.236815624070148
-0.61817,0.272359594134185
-0.60278,0.307509904586768
-0.58596,0.342172285299972
-0.56773,0.376262588910725
-0.54814,0.409685494106262
-0.52723,0.442347235562672
-0.50504,0.474158446481278
-0.48163,0.505021568896733
-0.45706,0.534835726975096
-0.43138,0.563508153637848
-0.40465,0.590948425847339
-0.37694,0.61706378184089
-0.34832,0.641762817337735
-0.31887,0.664951045085053
-0.28866,0.686542201221914
-0.25776,0.706459767232835
-0.22627,0.724615771099369
-0.19425,0.740945774676505
-0.16181,0.755369904251886
-0.12901,0.767835806473249
-0.095957,0.778280814069872
-0.062733,0.786654967541743
-0.029426,0.792916298786782
0.0038694,0.797026370935525
0.037067,0.798957667488082
0.070076,0.798689629488139
0.10281,0.796211914686707
0.13518,0.791521553247054
0.16709,0.784617174179924
0.19847,0.775518677775667
0.22923,0.764248482048893
0.2593,0.750845885274997
0.28858,0.73534116948035
0.31702,0.71779407294539
0.34453,0.698257416062119
0.37105,0.676799678546326
0.39652,0.653500536090383
0.42088,0.628446914316133
0.44407,0.601729549956703
0.46604,0.573447441042882
0.48674,0.543703749154375
0.50614,0.512617109692531
0.52419,0.480300690854887
0.54085,0.446867564696493
0.55611,0.412449750938329
0.56994,0.377176031000925
0.58231,0.341168870034448
0.59321,0.304556809842696
0.60264,0.267476838489934
0.61057,0.230046435971658
0.61702,0.192400649051345
0.62197,0.154654894171625
0.62545,0.11694200057664
0.62744,0.0793676029363193
0.62798,0.0420562048590304
0.62706,0.00510641774204813
0.62471,-0.0313779141356005
0.62095,-0.0672997760135473
0.6158,-0.102571147691298
0.60929,-0.137107138731928
0.60145,-0.170828586130339
0.59231,-0.203664003087581
0.5819,-0.235550953204301
0.57026,-0.266429524249248
0.55743,-0.296244386207886
0.54345,-0.324946313696839
0.52836,-0.352493237784921
0.5122,-0.378850889705907
0.49503,-0.403978299741798
0.47687,-0.427860630087164
0.4578,-0.450460972459821
0.43784,-0.471770788259894
0.41707,-0.491761037108424
0.39552,-0.510424642304263
0.37325,-0.527750942951597
0.35032,-0.543727353232536
0.32678,-0.558348101729252
0.30269,-0.571606271878516
0.27809,-0.583509573910941
0.25306,-0.594048267977249
0.22763,-0.603236289734071
0.20188,-0.611069788339048
0.17586,-0.617553304029128
0.14962,-0.622698424130312
0.12322,-0.626515099233776
0.096713,-0.629017228926759
0.070162,-0.630214454526321
0.043616,-0.630123373489385
0.017135,-0.628757879032063
-0.0092319,-0.626137615323642
-0.03543,-0.622282413049163
-0.061407,-0.61721369142991
-0.087117,-0.610958479219896
-0.1125,-0.603537323002405
-0.13753,-0.594990259669201
-0.16214,-0.585341752511089
-0.1863,-0.574630496047284
-0.20995,-0.562883484499015
-0.23307,-0.55014716460366
-0.25562,-0.53646764400147
-0.27755,-0.521882122456637
-0.29884,-0.506441764642613
-0.31944,-0.490185370320464
-0.33934,-0.473170221637322
-0.3585,-0.455444670678725
-0.37691,-0.437070632288061
-0.39452,-0.41808955782054
-0.41133,-0.39856207470333
-0.42731,-0.378540245578384
-0.44244,-0.358074996753122
-0.45671,-0.337222106545148
-0.4701,-0.316032095885308
-0.48259,-0.294549590697587
-0.49419,-0.27283512978577
-0.50486,-0.250923149153647
-0.51461,-0.228862735459845
-0.52343,-0.206698307218842
-0.5313,-0.18446155782807
-0.53822,-0.162187463245414
-0.54418,-0.139904906050396
-0.54918,-0.117644071656853
-0.55321,-0.0954275854859012
-0.55627,-0.0732783613821503
-0.55834,-0.0512037340575328
-0.55944,-0.0292274579071958
-0.55954,-0.00734852203783558
-0.55866,0.0144174281156624
-0.55678,0.0360716881709294
-0.55391,0.0576073413871913
-0.55003,0.0790335615046971
-0.54516,0.100342989992511
-0.53929,0.121537618821246
-0.53242,0.14261980099951
-0.52455,0.163592378795808
-0.51568,0.184458754344712
-0.50581,0.20522291321478
-0.49497,0.22586721618666
-0.48313,0.246401601914714
-0.47033,0.266806371917531
-0.45656,0.287075586018694
-0.44184,0.307192498082475
-0.42618,0.327139621454602
-0.4096,0.346892060257314
-0.39211,0.366427118654108
-0.37374,0.3857098027842
-0.35452,0.404696246904533
-0.33445,0.423358899903837
-0.31358,0.441647255296093
-0.29193,0.459515975319137
-0.26953,0.476917851453889
-0.24642,0.493798203581999
-0.22264,0.510097970964946
-0.19823,0.525756335254368
-0.17322,0.540720303510443
-0.14767,0.554922673768536
-0.12163,0.568294246518907
-0.095127,0.580783356134351
-0.068231,0.59232238031175
-0.040991,0.602848516372325
-0.013463,0.612299707943
0.014294,0.620614326408049
0.042224,0.62773536111637
0.070265,0.633607040440327
0.098353,0.638175051051425
0.12643,0.641392606750948
0.15442,0.643207405503091
0.18228,0.643588988891046
0.20992,0.642491067008403
0.23728,0.639878510441819
0.2643,0.635726622639665
0.29092,0.630020291583823
0.31706,0.622738259543979
0.34266,0.613870169210973
0.36767,0.6034226100362
0.39201,0.591393957702403
0.41563,0.577798657409966
0.43846,0.562649369216061
0.46045,0.545972181299323
0.48154,0.527796303396096
0.50169,0.50816783707998
0.52084,0.487130816436921
0.53893,0.464726725876293
0.55593,0.441016313300184
0.57179,0.416059652645683
0.58648,0.389929634719098
0.59995,0.362692872167312
0.61217,0.334424001267372
0.62311,0.305202154570682
0.63275,0.275115351907866
0.64107,0.244256365791947
0.64803,0.212704418890298
0.65364,0.180562496795927
0.65788,0.147927592375527
0.66074,0.114896417192791
0.66223,0.0815773520832132
0.66234,0.0480701473979027
0.66109,0.0144867179155939
0.65848,-0.0190694398823135
0.65453,-0.0524900799000209
0.64927,-0.0856591561966154
0.6427,-0.118480189646549
0.63486,-0.150846093698167
0.62579,-0.182644748803921
0.6155,-0.213785840099792
0.60404,-0.244170191876848
0.59145,-0.273702289743869
0.57777,-0.302292897746496
0.56303,-0.32986842730747
0.54728,-0.356355917900663
0.53057,-0.381685715891158
0.51295,-0.405793544498136
0.49447,-0.428622030938482
0.47517,-0.450129153373223
0.4551,-0.47027985673371
0.43432,-0.489039100277021
0.41289,-0.506373619764728
0.39084,-0.522275463689709
0.36824,-0.536728515800298
0.34514,-0.54972606715793
0.32159,-0.561269900357065
0.29765,-0.571361900352833
0.27337,-0.580012039370769
0.2488,-0.587237164405033
0.224,-0.593052403491199
0.19902,-0.597479027071784
0.17391,-0.600543182079085
0.14873,-0.602267304442944
0.12352,-0.602685434463429
0.098335,-0.601829330955857
0.073225,-0.59973208718281
0.048242,-0.596425784578321
0.023426,-0.591949940013938
-0.0011654,-0.586336189657344
-0.025496,-0.579624953048533
-0.049516,-0.571852712971007
-0.073186,-0.563059582674224
-0.096462,-0.553284181585941
-0.1193,-0.542562913713747
-0.14167,-0.530939766960085
-0.16352,-0.518447362148499
-0.18483,-0.505131884821011
-0.20556,-0.491034346647274
-0.22568,-0.47619778497407
-0.24516,-0.460665590813091
-0.26397,-0.444480130921455
-0.28208,-0.427681641297853
-0.29948,-0.410322164653676
-0.31615,-0.392454279178481
-0.33206,-0.374121983505461
-0.3472,-0.355375733571206
-0.36156,-0.336269585102114
-0.37512,-0.31685138814217
-0.38788,-0.297177213495627
-0.39982,-0.277293165352342
-0.41095,-0.257257945559826
-0.42125,-0.23711632187516
-0.43073,-0.21692246625091
-0.43938,-0.196721525023027
-0.44721,-0.176564573164951
-0.45423,-0.156505712279313
-0.46042,-0.136577456040562
-0.46582,-0.11683799979808
-0.47041,-0.0973198979114633
-0.47421,-0.0780633181524999
-0.47724,-0.059113054006716
-0.4795,-0.0405012123749895
-0.48101,-0.0222631677376946
-0.48178,-0.00442814572602851
-0.48184,0.0129660117534417
-0.48119,0.029898144032084
-0.47987,0.0463319523002606
-0.47788,0.0622499086373366
-0.47525,0.0776283208547984
-0.472,0.0924469743879134
-0.46815,0.106689402526796
-0.46372,0.120342999029242
-0.45875,0.133384202460915
-0.45324,0.14581119887344
-0.44722,0.157617937589701
-0.44072,0.168795475555533
-0.43377,0.179333108131333
-0.42637,0.189241499175725
-0.41857,0.198511592609193
-0.41038,0.207148549911208
-0.40182,0.215161733408774
-0.39292,0.222556513792345
-0.38371,0.229335140267036
-0.3742,0.235512291473094
-0.36442,0.241097689295137
-0.35439,0.246104384724073
-0.34414,0.250540533199887
-0.33368,0.25442506161625
-0.32303,0.257777814494323
-0.31222,0.260611571806037
-0.30127,0.262940563721539
-0.29019,0.264787276770153
-0.279,0.266172923499654
-0.26772,0.26711717428475
-0.25638,0.26763056088859
-0.24497,0.267745553415239
-0.23353,0.267474466946336
-0.22206,0.266842606663616
-0.21058,0.265870250901284
-0.1991,0.264580440142974
-0.18764,0.262990374689276
-0.17619,0.261134207060138
-0.16479,0.259021795457609
-0.15342,0.2566874313783
-0.14211,0.254147112474155
-0.13085,0.251431138284585
-0.11966,0.248558224844128
-0.10854,0.245551913950683
-0.097487,0.242441090399301
-0.086512,0.239247684934695
-0.075617,0.235993942723796
-0.064804,0.232701605732083
-0.054075,0.229391261597616
-0.043428,0.226084802353568
-0.032872,0.222796273139362
-0.022402,0.219543183715236
-0.012025,0.216336302737494
-0.0017392,0.213186990374829
0.0084471,0.210099113176023
0.018537,0.207078625632554
0.028524,0.204125711950864
0.038403,0.201236744530323
0.048174,0.198408704510108
0.057827,0.195631572456367
0.067362,0.192897180731329
0.076771,0.19019300129403
0.086049,0.187505403414638
0.095189,0.184818624621571
0.10419,0.182119931516733
0.11303,0.179383747918083
0.12172,0.176599148947446
0.13025,0.173751725046802
0.1386,0.170817210443677
0.14678,0.167786195937969
0.15478,0.16464670250059
0.16259,0.16138501255291
0.17019,0.157978991430999
0.1776,0.154429912037445
0.1848,0.15072834959194
0.19178,0.146863959176553
0.19854,0.142833375409135
0.20507,0.138631613717517
0.21138,0.134267376808819
0.21745,0.129738059213827
0.22329,0.125054266735998
0.22889,0.120222250321769
0.23425,0.115252045517546
0.23937,0.110156528515628
0.24425,0.104950575483997
0.24889,0.0996503235594741
0.25329,0.0942725306665895
0.25745,0.0888340302501088
0.26138,0.0833586741771837
0.26507,0.0778605468213976
0.26854,0.072367654882001
0.27179,0.0669036696100547
0.27482,0.0614881041389105
0.27763,0.0561365413730399
0.28023,0.0508683001951288
0.28263,0.0457051148983546
0.28483,0.0406626065255503
0.28683,0.0357509500033422
0.28865,0.0309903349615336
0.29027,0.0263787872905279
0.29172,0.0219333659351858
0.29298,0.0176489110728622
0.29407,0.0135319381824699
0.29499,0.00958327777845
0.29574,0.00579903249916571
0.29633,0.00217886868749392
0.29674,-0.00129697239353982
0.297,-0.00462652535235573
0.29709,-0.0078274431716732
0.29702,-0.0109106278671174
0.29678,-0.0138961273512487
0.29638,-0.0167961100195963
0.29582,-0.0196235174956465
0.29508,-0.0224063995005071
0.29419,-0.0251472940479751
0.29312,-0.0278724860660659
0.29188,-0.0305971208240533
0.29048,-0.0333269495450829
0.28889,-0.0360895441342781
0.28714,-0.0388849259968049
0.28522,-0.0417204331184883
0.28312,-0.0446090354533061
0.28085,-0.0475530454402803
0.2784,-0.0505608438285252
0.27578,-0.0536306142713726
0.27299,-0.0567596837765006
0.27003,-0.0599446750234544
0.26689,-0.0631890523769801
0.26358,-0.066486847539527
0.2601,-0.0698319772920124
0.25645,-0.0732183616310608
0.25262,-0.076647426346825
0.24862,-0.0801117780859063
0.24444,-0.083611864395358
0.24008,-0.0871470155418542
0.23555,-0.0907082588486793
0.23082,-0.0943097251710511
0.22591,-0.0979468095100988
0.22081,-0.101622102747463
0.21551,-0.105343911993195
0.21002,-0.109110133692417
0.20431,-0.112939900122795
0.1984,-0.11683197224698
0.19226,-0.12080569018747
0.18591,-0.124859476264229
0.17933,-0.129004490027461
0.17251,-0.133254437250951
0.16545,-0.137617294580648
0.15814,-0.142103570800968
0.15058,-0.146718099085186
0.14275,-0.151475753393412
0.13465,-0.156384270416023
0.12626,-0.161460171969247
0.11759,-0.166704382932249
0.10863,-0.172119953828815
0.099357,-0.177721108097629
0.089773,-0.183512148549001
0.079871,-0.189495856464824
0.069643,-0.195674375784667
0.05908,-0.20204994407815
0.048181,-0.208618824560033
0.036939,-0.215376924672191
0.02535,-0.222317679812776
0.013414,-0.229429677558144
0.0011271,-0.236700716222407
-0.011507,-0.244112598450864
-0.024489,-0.251645974756984
-0.037809,-0.259273193003838
-0.051467,-0.266967924782838
-0.065453,-0.274698187831606
-0.079753,-0.282425323971274
-0.09436,-0.290111500340519
-0.10926,-0.297715402487453
-0.12443,-0.305187397275111
-0.13985,-0.312474744180126
-0.15551,-0.31953107934156
-0.17137,-0.326294340982052
-0.18742,-0.332713786278697
-0.20362,-0.338727124559016
-0.21994,-0.34427199930927
-0.23636,-0.349295270215287
-0.25282,-0.35372330679181
-0.26931,-0.357505164406378
-0.28578,-0.36058026146409
-0.30219,-0.362889587860896
-0.3185,-0.364377317337999
-0.33467,-0.364992048363609
-0.35065,-0.364680313450872
-0.36641,-0.363403606110884
-0.38189,-0.361114751809022
-0.39706,-0.357783473683173
-0.41186,-0.353372188366794
-0.42627,-0.347868466034302
-0.44022,-0.341243976156898
-0.45367,-0.333480968359402
-0.46659,-0.324578535079816
-0.47894,-0.314542432643669
-0.49066,-0.303369291552523
-0.50172,-0.291071074226939
-0.51208,-0.277664781656365
-0.5217,-0.263171402009672
-0.53056,-0.247629723172602
-0.5386,-0.23106259618458
-0.54581,-0.2135166799369
-0.55215,-0.195034651437744
-0.5576,-0.175669857867051
-0.56213,-0.155475615764096
-0.56572,-0.134511336170388
-0.56835,-0.112839861348164
-0.57,-0.0905251846735613
-0.57067,-0.0676453308996162
-0.57033,-0.0442653501015693
-0.56898,-0.0204602129361554
-0.56661,0.00369662636435469
-0.56322,0.0281276558363671
-0.55881,0.0527543566600838
-0.55337,0.0775071266135771
-0.54692,0.102303505729735
-0.53946,0.127067973056971
-0.531,0.151725567299363
-0.52154,0.176211563240553
-0.51111,0.200449452797596
-0.49972,0.224370504805975
-0.48738,0.247914558648272
-0.47412,0.271015677501269
-0.45995,0.293620334712452
-0.44491,0.315664781734172
-0.42901,0.337101458216521
-0.41228,0.357882888195204
-0.39475,0.37796349992967
-0.37646,0.39729364150382
-0.35743,0.415837047205162
-0.33769,0.433562382763026
-0.31729,0.450428904616952
-0.29626,0.466404712250751
-0.27463,0.481466428367639
-0.25244,0.495591321401579
-0.22974,0.508750923324605
-0.20655,0.520935598993753
-0.18291,0.532136871564273
-0.15889,0.542325731909976
-0.1345,0.551502219466693
-0.10979,0.559660658108325
-0.084805,0.566795055111966
-0.059591,0.57289899010297
-0.034188,0.5779706893897
-0.0086396,0.582009874975813
0.017007,0.585015165387876
0.042712,0.58699012194416
0.068426,0.587935399374514
0.094108,0.587855786230051
0.11971,0.586754360842671
0.14519,0.584637420896743
0.17049,0.581502079825865
0.19559,0.577366428302501
0.22042,0.572228202176507
0.24495,0.5660985423952
0.26913,0.558984460455502
0.29292,0.550896991349722
0.31627,0.541842850381215
0.33914,0.531832596965983
0.36149,0.520879705316361
0.38328,0.508999730440498
0.40447,0.496209569401101
0.42502,0.482526816390834
0.4449,0.467976607031852
0.46406,0.452574736746568
0.48247,0.436343861191241
0.50011,0.419318966138483
0.51693,0.401521864491332
0.53291,0.382985337389087
0.54801,0.363735305713287
0.56222,0.343813606047682
0.5755,0.323251544235217
0.58782,0.302078416221054
0.59917,0.280335799492291
0.60952,0.25805915932756
0.61885,0.235285354188223
0.62713,0.212043833155859
0.63436,0.188379301717774
0.64051,0.164325208830202
0.64556,0.139912238204711
0.6495,0.115175202770972
0.65231,0.0901436940650975
0.654,0.0648642605305974
0.65453,0.0393586689176793
0.65391,0.0136648517001623
0.65214,-0.0121748927251374
0.6492,-0.0381309164979594
0.6451,-0.0641626438450238
0.63984,-0.0902294411190799
0.63343,-0.116284586894624
0.62586,-0.14229276801702
0.61716,-0.168199520651367
0.60732,-0.193966272277332
0.59638,-0.219531615567751
0.58434,-0.244847261720052
0.57122,-0.269862313966344
0.55705,-0.29451807618886
0.54186,-0.318751472084073
0.52566,-0.342512720163634
0.5085,-0.365734880218313
0.49039,-0.388368936697308
0.47139,-0.410345059207413
0.45151,-0.431615894693461
0.4308,-0.452124329068328
0.40929,-0.471822151851071
0.38704,-0.490647891745574
0.36407,-0.508561076077083
0.34044,-0.525510141680991
0.31618,-0.541458641444517
0.29134,-0.556368996749315
0.26597,-0.570204226615624
0.24012,-0.582929317058761
0.21384,-0.594512267748482
0.18717,-0.604932250421157
0.16017,-0.614163702942211
0.13289,-0.622185807501822
0.10538,-0.628982595129805
0.077701,-0.634534756122203
0.049906,-0.638827160082089
0.022051,-0.641846655642465
-0.0058067,-0.643581488607037
-0.033612,-0.644023368662605
-0.061303,-0.643162371633586
-0.088823,-0.640991729540412
-0.11612,-0.637511223064352
-0.14311,-0.632702584042772
-0.16977,-0.626578900204678
-0.19601,-0.61912894147441
-0.22179,-0.610359436130525
-0.24705,-0.600276885186905
-0.27172,-0.588880295442517
-0.29575,-0.576177678734043
-0.31909,-0.562184309896955
-0.34168,-0.546913728146519
-0.36346,-0.530377902988086
-0.38439,-0.512602177870269
-0.40442,-0.49361476629767
-0.42349,-0.473438192201267
-0.44158,-0.452119492563723
-0.45862,-0.429687340275539
-0.47458,-0.406184496168992
-0.48943,-0.381663984594938
-0.50313,-0.356178331438278
-0.51565,-0.329785662404081
-0.52696,-0.30254704078858
-0.53703,-0.27452421055443
-0.54585,-0.245792516739533
-0.5534,-0.216428748116274
-0.55965,-0.186501262938471
-0.56461,-0.156099184134506
-0.56826,-0.125303586249461
-0.5706,-0.0942014248466586
-0.57164,-0.062889172352107
-0.57137,-0.0314532782954118
-0.56982,9.84814386834759e-07
-0.56698,0.0313859678003329
-0.56288,0.0626014358841729
-0.55754,0.0935475673090122
-0.55099,0.12412065545008
-0.54324,0.154231973162473
-0.53435,0.183770854118166
-0.52433,0.212649494572861
-0.51323,0.240771937390488
-0.5011,0.268038900605856
-0.48797,0.294366564685091
-0.4739,0.319664362027332
-0.45894,0.343846854187484
-0.44314,0.36683578802765
-0.42656,0.388554187745903
-0.40927,0.408921566879334
-0.39132,0.427872350754413
-0.37277,0.445348160195125
-0.3537,0.461284014389367
-0.33416,0.475634352481036
-0.31424,0.488341722988153
-0.29399,0.499371014019911
-0.27347,0.508699474346623
-0.25278,0.51628615074668
-0.23196,0.522121653121097
-0.21109,0.526193463767906
-0.19024,0.528495016418954
-0.16947,0.529032819367971
-0.14885,0.527817033164617
-0.12844,0.52486853542512
-0.1083,0.52021689830398
-0.088489,0.513899228761338
-0.069068,0.505956768662844
-0.050091,0.496438648305792
-0.031609,0.48540169339686
-0.013672,0.472908535646382
0.0036712,0.459026028252589
0.020384,0.44383193479504
0.03642,0.427403706697584
0.051747,0.409827133807047
0.066331,0.391191203103117
0.080144,0.371589579815322
0.09316,0.351118658212717
0.10536,0.329879556030903
0.11672,0.307970662245461
0.12724,0.285503090032209
0.13689,0.262572805248567
0.14569,0.239297665757838
0.15363,0.215787488173958
0.1607,0.192142267002977
0.16693,0.168480517655972
0.17231,0.144902429760022
0.17686,0.121512370298971
0.18061,0.0984220753849402
0.18356,0.0757234162456752
0.18575,0.0535186955524223
0.1872,0.0319003871422959
0.18794,0.0109572265837895
0.18801,-0.00922080856225685
0.18743,-0.0285607224374892
0.18625,-0.0469837863140277
0.1845,-0.0644243694654235
0.18222,-0.0808225925566448
0.17946,-0.0961182600841347
0.17625,-0.110268158992424
0.17264,-0.123229971176825
0.16867,-0.134971460772262
0.16438,-0.145470202089196
0.15983,-0.154698291254609
0.15504,-0.162654512541406
0.15008,-0.169322979892869
0.14497,-0.174714109392887
0.13976,-0.178837755022279
0.13449,-0.181711120246945
0.1292,-0.183357497552023
0.12392,-0.183812445684667
0.1187,-0.183106213528764
0.11356,-0.18128663751602
0.10854,-0.178400108148187
0.10366,-0.174505800111661
0.098965,-0.169653468277426
0.094463,-0.163911591916959
0.09018,-0.157348840672943
0.086139,-0.150034610675647
0.082352,-0.142045291961767
0.078837,-0.133456508842866
0.075605,-0.12434644394984
0.072666,-0.114793956510799
0.070026,-0.104879214035231
0.067689,-0.0946826371694457
0.065663,-0.0842795550201341
0.063942,-0.0737492939796632
0.062533,-0.0631623870632995
0.061426,-0.0525926408863025
0.060623,-0.0421052912731692
0.060115,-0.031764658336421
0.059893,-0.0216321760776034
0.059951,-0.0117626390465405
0.060273,-0.002210944668637
0.060852,0.00697654185509936
0.061672,0.0157554241974269
0.062719,0.024086076950719
0.063979,0.0319343026909741
0.065431,0.0392665426935849
0.067062,0.0460570887027609
0.068851,0.0522818512046985
0.070781,0.0579221604900187
0.072831,0.0629617589257014
0.07498,0.0673872568457687
0.077213,0.0711928456628108
0.079508,0.0743742681884304
0.081842,0.0769283345249141
0.084201,0.0788598753386325
0.086561,0.0801730632222054
0.088905,0.0808769830175278
0.091214,0.0809833101860904
0.093471,0.0805073050901068
0.095659,0.0794670146367257
0.097761,0.0778825282642655
0.099764,0.0757782547316589
0.10165,0.0731779596200447
0.10341,0.0701111068998473
0.10504,0.0666148370370287
0.10651,0.062712405709716
0.10783,0.0584449437288306
0.10898,0.0538447911152048
0.10997,0.0489585854694487
0.11077,0.0438136953641619
0.1114,0.0384581984769784
0.11185,0.0329333727248516
0.11211,0.0272738660223636
0.11219,0.0215227619265443
0.11209,0.0157212949211786
0.11181,0.00990798552082642
0.11135,0.00411798734651053
0.11073,-0.00160257902677925
0.10993,-0.00722974975057259
0.10898,-0.0127212968126521
0.10787,-0.0180512015380224
0.10661,-0.0231926531168314
0.10521,-0.0281191737820356
0.10368,-0.0328055183759336
0.10202,-0.0372357681956151
0.10025,-0.0413874293788189
0.098355,-0.0452594668840541
0.096356,-0.0488418334642745
0.094254,-0.0521325566252273
0.092054,-0.0551335361881806
0.08976,-0.0578507470689757
0.087378,-0.0602920638564528
0.08491,-0.0624698787434442
0.082358,-0.0644001181121702
0.079725,-0.0661005996442874
0.077015,-0.0675896363872944
0.074229,-0.0688878328229811
0.071365,-0.0700194503346536
0.06843,-0.0710045149864807
0.065419,-0.0718680728325902
0.062338,-0.0726304848767403
0.059186,-0.0733130168078077
0.055963,-0.073936381613124
0.052671,-0.0745188216024607
0.04931,-0.0750775666732301
0.04588,-0.0756285408516684
0.042382,-0.0761854069636879
0.038815,-0.0767610626070942
0.035182,-0.0773644184938597
0.031481,-0.0780045537925425
0.027719,-0.0786837002567038
0.023888,-0.0794095122964178
0.019997,-0.0801811487895188
0.016045,-0.0809982450282925
0.012034,-0.0818585167795889
0.0079661,-0.0827580297383939
0.0038457,-0.0836898371279693
-0.00032531,-0.0846465230686535
-0.0045413,-0.0856176496830671
-0.0088025,-0.0865948874482395
-0.013101,-0.0875657514746129
-0.017434,-0.0885184703447569
-0.021799,-0.0894423445213798
-0.02619,-0.0903252095128646
-0.030599,-0.0911525478923463
-0.035024,-0.091912759945076
-0.039458,-0.0925932116477009
-0.043895,-0.0931815243077002
-0.048328,-0.0936651359856518
-0.05275,-0.0940317003534188
-0.057156,-0.0942708897102162
-0.061534,-0.0943691465980494
-0.065881,-0.0943173765308754
-0.070187,-0.0941052051793374
-0.074442,-0.0937215656385915
-0.078642,-0.0931596302407743
-0.082774,-0.0924095863747277
-0.086833,-0.0914654672538538
-0.090809,-0.0903209446224266
-0.094693,-0.0889703868276134
-0.098478,-0.087410432858317
-0.10216,-0.0856419433237037
-0.10572,-0.0836581495206428
-0.10916,-0.0814619199995246
-0.11247,-0.0790550191671032
-0.11565,-0.0764457512011717
-0.11868,-0.0736327564793155
-0.12157,-0.0706291741222347
-0.1243,-0.0674373586208461
-0.12688,-0.0640731523034322
-0.12929,-0.0605407127514077
-0.13154,-0.0568568951825036
-0.13362,-0.0530335854340613
-0.13553,-0.0490857707954003
-0.13727,-0.0450305558033459
-0.13883,-0.0408789078038963
-0.14021,-0.036643940298788
-0.14142,-0.032347524576288
-0.14245,-0.0280031998567757
-0.14331,-0.0236321884475613
-0.14398,-0.0192391095105819
-0.14449,-0.0148519933292783
-0.14482,-0.010479961070298
-0.14499,-0.00614616476265408
-0.14499,-0.00186218784389197
-0.14483,0.00235531339178007
-0.14452,0.00648612887883339
-0.14405,0.01052260617789
-0.14344,0.0144453403200423
-0.14269,0.0182408679417926
-0.14181,0.0218935863052885
-0.1408,0.025394095387426
-0.13967,0.0287309733975762
-0.13844,0.0318842000881533
-0.1371,0.0348496601032055
-0.13566,0.0376215085752679
-0.13415,0.0401780044460723
-0.13255,0.0425222668802771
-0.1309,0.0446331265672769
-0.12918,0.0465148960149202
-0.12742,0.0481554643464688
-0.12563,0.0495447196644498
-0.12382,0.0506745412491328
-0.122,0.0515387446942719
-0.12017,0.0521403867246112
-0.11836,0.0524678282920273
-0.11658,0.052512791273685
-0.11484,0.0522700242092024
-0.11315,0.051736959080589
-0.11152,0.0509133663927991
-0.10997,0.0497936168779198
-0.1085,0.0483827667585117
-0.10715,0.0466648624061812
-0.1059,0.0446518924774309
-0.10478,0.0423411635373003
-0.10381,0.0397256999852737
-0.10298,0.0368175152369348
-0.10232,0.0336141078661378
-0.10183,0.0301236016153389
-0.10152,0.0263551394737393
-0.10141,0.0223111118338475
-0.1015,0.0180032432735539
-0.1018,0.0134431227653655
-0.10231,0.00864936418382817
-0.10305,0.0036309967437906
-0.10401,-0.00158870639908569
-0.1052,-0.00699038100373169
-0.10662,-0.012550921577534
-0.10827,-0.0182448243304702
-0.11014,-0.0240379459415464
-0.11225,-0.029912296921807
-0.11457,-0.0358264580346984
-0.11711,-0.041750860770087
-0.11986,-0.0476515532056211
-0.1228,-0.0534846471884043
-0.12594,-0.0592216981266467
-0.12925,-0.0648180108095738
-0.13272,-0.0702319080444045
-0.13634,-0.0754254035060613
-0.14009,-0.0803572769525589
-0.14394,-0.0849775914186288
-0.1479,-0.0892604962262558
-0.15192,-0.093156104951278
-0.15598,-0.0966189063919117
-0.16008,-0.0996231622461097
-0.16416,-0.102115661579278
-0.16823,-0.104074509917236
-0.17224,-0.10545956322283
-0.17617,-0.106239528398071
-0.17999,-0.10638399053126
-0.18367,-0.105864370136588
-0.18718,-0.10465464948383
-0.19049,-0.102731893750142
-0.19357,-0.100076592108411
-0.19639,-0.0966728429967392
-0.19892,-0.0925084067208663
-0.20112,-0.0875672491718612
-0.20297,-0.0818458084902922
-0.20444,-0.0753435889891674
-0.20548,-0.0680480934791968
-0.20609,-0.0599747433217258
-0.20621,-0.0511169631703214
-0.20583,-0.041487859856381
-0.20491,-0.0310941141584251
-0.20343,-0.0199520724027799
-0.20136,-0.00807825598124508
-0.19867,0.00451091606459089
-0.19534,0.0177919767313393
-0.19135,0.0317362459781482
-0.18666,0.046326259904228
-0.18127,0.0615243740316188
-0.17514,0.0773071712004444
-0.16827,0.0936336785643775
-0.16062,0.110479402556473
-0.15219,0.127804190137933
-0.14295,0.145578530316505
-0.13291,0.163752722043558
-0.12204,0.182291736485099
-0.11033,0.201158584878101
-0.097789,0.220301732148442
-0.084401,0.239677884326184
-0.070166,0.259239840397222
-0.055086,0.278937183710447
-0.039163,0.298718420462901
-0.022402,0.318530534078658
-0.004812,0.338317948160564
0.013596,0.358023257239341
0.032811,0.377589364079645
0.052815,0.396956039697591
0.073591,0.41606317011468
0.095116,0.434848213611298
0.11737,0.453250892230225
0.14032,0.471205101119306
0.16395,0.488654747263511
0.18821,0.505528555498067
0.21308,0.521767506466598
0.23851,0.537302273115956
0.26448,0.552079700089736
0.29093,0.566031971170152
0.31782,0.579096526883853
0.3451,0.591209800313807
0.37272,0.602309606499349
0.40063,0.61233704477186
0.42878,0.621237960828768
0.4571,0.628949219054017
0.48554,0.635417457701522
0.51404,0.640591771131495
0.54252,0.644410358913819
0.57093,0.646827024959221
0.5992,0.647795157299693
0.62725,0.647262227738568
0.65501,0.64518029468985
0.68241,0.641506951445902
0.70936,0.636191155119527
0.7358,0.629199003980688
0.76163,0.62048229427543
0.78679,0.610012712431806
0.81117,0.597742304349706
0.83472,0.583653474110392
0.85733,0.567709736556523
0.87893,0.549890466638151
0.89944,0.530181499829877
0.91876,0.50855998523387
0.93683,0.485026758208963
0.95357,0.459587431609117
0.96889,0.432244413032827
0.98272,0.403012707687597
0.99499,0.371917509573706
1,0.334826849266275
1,0.290242562159781
1,0.240869621714226
1,0.189031270038398
1,0.136689641736165
1,0.0854687318717923
1,0.0366792082137534
1,-0.00865543809849342
1,-0.0497718993953828
1,-0.0861396889469575
1,-0.117433849290433
0.99824,-0.144810194488953
0.98514,-0.176379664481087
0.96986,-0.211798114938916
0.95238,-0.250708348930463
0.93271,-0.292725614292172
0.91085,-0.337456770661184
0.8868,-0.384509100038244
0.86059,-0.433475734909071
0.83224,-0.483954355506768
0.80177,-0.535555213432883
0.76922,-0.587892929399108
0.73462,-0.640602369301672
0.69803,-0.693321707697589
0.6595,-0.745708616026519
0.61907,-0.79745311654728
0.57682,-0.848250411326005
0.53282,-0.897816067825431
0.48713,-0.945897937101331
0.43983,-0.992262926691208
0.39102,-1.03668599673104
0.34077,-1.07897817658882
0.28918,-1.11896393549006
0.23635,-1.1564848588572
0.18238,-1.19140221039252
0.12737,-1.22359851792197
0.071428,-1.25297239807312
0.014669,-1.27943470102403
-0.042797,-1.3029139369542
-0.10085,-1.32334906337876
-0.15938,-1.3406981495266
-0.21826,-1.35492484153749
-0.27738,-1.36601239360418
-0.33662,-1.3739544317753
-0.39585,-1.37874716667672
-0.45495,-1.38039775458891
-0.5138,-1.37892327148361
-0.57229,-1.3743569455809
-0.63029,-1.36673049031015
-0.68768,-1.35608199846813
-0.74436,-1.34246944308914
-0.8002,-1.32594398035815
-0.85509,-1.30656549547385
-0.90892,-1.28440001868282
-0.96158,-1.25951739905218
-1,-1.22240132272772
-1,-1.14782653598356
-1,-1.04484752456915
-1,-0.921513853085721
-1,-0.784892979432812
-1,-0.64110320631876
-1,-0.49535558841984
-1,-0.352003480927544
-1,-0.214598342263493
-1,-0.0859503818316361
-1,0.0318073355380258
-1,0.137152661136016
-1,0.229107259276478
-1,0.307169774561377
-1,0.371250295065946
-1,0.421607007789687
-1,0.458785808392333
-1,0.483563491825162
-1,0.496895017384034
-1,0.499865213772695
-1,0.49364516924141
-1,0.479453440511115
-1,0.458522113290518
-1,0.432067657600995
-1,0.401266443320947
-1,0.367234715495363
-1,0.331012774890186
-1,0.293553066627696
-1,0.255711847944975
-1,0.218244084443722
-1,0.181801211799862
-1,0.146931395846753
-1,0.114081927256512
-1,0.0836033967170496
-1,0.0557553115364474
-1,0.0307128340218404
-1,0.00857434483748922
-1,-0.0106304400396734
-1,-0.0269320430000172
-1,-0.0404127052138734
-1,-0.0511979614206539
-1,-0.0594484685551953
-1,-0.0653522202648485
-1,-0.0691172531629382
-1,-0.0709649259999335
-1,-0.0711238300815317
-0.95937,-0.0397659416863246
-0.90402,0.027193030806172
-0.84718,0.12235960067957
-0.78895,0.23895872151137
-0.72942,0.370862608661264
-0.66871,0.512576678576641
-0.60691,0.659264088852625
-0.54414,0.806710906232987
-0.48049,0.951332049915023
-0.41607,1.09012762498127
-0.35099,1.22065128490428
-0.28536,1.34097349058333
-0.21929,1.44964087371678
-0.15288,1.54564025278597
-0.086236,1.62834752117124
-0.019475,1.69747328733796
0.047305,1.75303274741615
0.114,1.79529482917608
0.18049,1.82472673666129
0.2467,1.84198848892849
0.3125,1.8478486382846
0.37781,1.84319012050863
0.44252,1.82895167675133
0.50653,1.80610757373674
0.56975,1.77564910820114
0.63208,1.73855326030165
0.69343,1.69577142192401
0.7537,1.648205069393
0.8128,1.59670120431922
0.87064,1.54204174669256
0.92712,1.48492842707632
0.98217,1.42600152426925
1,1.33940777403309
1,1.21940255782037
1,1.07544029261565
1,0.915821247934578
1,0.747730569461293
1,0.577287753763767
1,0.409605038710064
1,0.248853088010998
1,0.0983323220677905
1,-0.0394517288060493
1,-0.162710607867896
1,-0.270294113886457
1,-0.361611821243683
1,-0.43655613813271
1,-0.495427951529163
1,-0.538865750339919
1,-0.56777895956763
1,-0.58328606247141
1,-0.586657937864504
1,-0.579266698530025
1,-0.562540186314425
1,-0.537922161281318
1,-0.506838117382718
1,-0.47066656599331
1,-0.430715551529849
1,-0.388204100081529
1,-0.344248252066452
1,-0.299851292731966
1,-0.255897768978261
1,-0.213150866513193
1,-0.172252716652929
1,-0.133727206019223
1,-0.0979848737741105
1,-0.0653294987027289
1,-0.035966001256754
1,-0.0100093125032351
1,0.0125061082518447
1,0.0316163935414852
1,0.0474182788854981
1,0.0600592250003146
1,0.0697278380068635
1,0.076644742429227
1,0.0810540310422853
1,0.0832153867042624
1,0.0833969445145015
1,0.0818689381993143
1,0.0788981527040066
1,0.0747431856422675
1,0.0696505035481396
0.9689,0.0408432147613859
0.9212,-0.0187108513120566
0.8728,-0.102138036252078
0.82378,-0.203209661071112
0.77424,-0.316333760960468
0.72425,-0.436577231289173
0.67391,-0.559629428462243
0.6233,-0.681799822355077
0.57249,-0.79999778912377
0.52157,-0.911682836055575
0.47061,-1.01484320916251
0.41971,-1.10793060057881
0.36893,-1.18984923720391
0.31834,-1.25989973500151
0.26803,-1.31771700896214
0.21805,-1.36325630252474
0.16849,-1.39671443803969
0.11942,-1.41850411728557
0.070879,-1.42923514634729
0.022954,-1.42963497772676
-0.024302,-1.42054131016487
-0.07083,-1.40286261704343
-0.11657,-1.37754708052016
-0.16147,-1.34556202977286
-0.20548,-1.30787129057468
-0.24856,-1.26542182572658
-0.29064,-1.21910275397858
-0.3317,-1.16977198326591
-0.37168,-1.11821100567868
-0.41055,-1.06514139192547
-0.44828,-1.01121671758635
-0.48484,-0.957017194769407
-0.52019,-0.903039314678583
-0.5543,-0.84970401527175
-0.58716,-0.797372272727138
-0.61874,-0.746329390567767
-0.64903,-0.696803710506644
-0.678,-0.648953481384194
-0.70566,-0.602902436202676
-0.73198,-0.558710221805364
-0.75697,-0.516409472304699
-0.78062,-0.475992130548187
-0.80292,-0.437414425259279
-0.82389,-0.400624171787439
-0.84353,-0.365546222468619
-0.86184,-0.332086342787656
-0.87883,-0.300142437721335
-0.89452,-0.26961402802449
-0.90892,-0.240395281821883
-0.92204,-0.212377147287486
-0.9339,-0.18545675197959
-0.94452,-0.15953761888827
-0.95393,-0.134537258354679
-0.96214,-0.110370905394405
-0.96918,-0.0869682018985478
-0.97507,-0.064264212154891
-0.97984,-0.0422069541688501
-0.98351,-0.0207484443051155
-0.98612,0.000140346583574039
-0.98768,0.0204948359908181
-0.98824,0.0403252582913833
-0.98781,0.0596509912063759
-0.98643,0.0784761757462767
-0.98412,0.0968074187678694
-0.98092,0.114638389882456
-0.97685,0.131967313559097
-0.97194,0.148788755195036
-0.96623,0.165087094492634
-0.95972,0.180868508959303
-0.95247,0.19611223519482
-0.94449,0.210813340590642
-0.93581,0.224965014944107
-0.92645,0.238566550695627
-0.91644,0.251614828420502
-0.9058,0.264112311295317
-0.89456,0.276058551185372
-0.88275,0.287450810986869
-0.87038,0.298299414349583
-0.85747,0.308617596636627
-0.84405,0.318413249144897
-0.83014,0.327697181488473
-0.81576,0.336482298193925
-0.80092,0.344790272608882
-0.78565,0.352634503679195
-0.76997,0.360028766150955
-0.75389,0.36699415737007
-0.73744,0.373542310871955
-0.72062,0.379699081625629
-0.70345,0.385486279993861
-0.68596,0.390914439464951
-0.66816,0.395999445488946
-0.65006,0.400760999111361
-0.63167,0.405221280891934
-0.61302,0.409389009086516
-0.59413,0.413269109585638
-0.57499,0.416885392569161
-0.55564,0.420239178627836
-0.53608,0.42334309387212
-0.51634,0.426196234385846
-0.49643,0.428801481554339
-0.47637,0.431157171025643
-0.45617,0.433265296260411
-0.43584,0.435130638655696
-0.41542,0.436737811648077
-0.39492,0.438077652970656
-0.37434,0.439153553229424
-0.35372,0.439949273214322
-0.33306,0.440462687642159
-0.31239,0.440680851001636
-0.29172,0.44059717520405
-0.27107,0.440202929664389
-0.25046,0.439487854121572
-0.2299,0.438448096417225
-0.20942,0.437070265809171
-0.18903,0.435348417213991
-0.16875,0.433275366387433
-0.1486,0.430843128345737
-0.1286,0.42804329474577
-0.10876,0.424874751477751
-0.089104,0.421331967486925
-0.069646,0.417413424130228
-0.050406,0.413116471857588
-0.031396,0.408443571500297
-0.012637,0.403394619871647
0.0058602,0.397975030807448
0.024077,0.392188790668973
0.042002,0.386043990311226
0.059624,0.37955199671133
0.076926,0.372722259082997
0.093902,0.36557059005818
0.11054,0.35811309536162
0.12683,0.350367182844394
0.14276,0.342349371084275
0.15832,0.334076491832125
0.17352,0.325579955588301
0.18833,0.316872487949135
0.20277,0.307988352613329
0.21682,0.298948634979643
0.23048,0.289777967585332
0.24375,0.280503106560956
0.25662,0.271144322938264
0.2691,0.261730806912376
0.28118,0.252283258096727
0.29287,0.242829648195633
0.30416,0.233388140805214
0.31506,0.223983153896793
0.32556,0.214628549293808
0.33568,0.205351332830677
0.34541,0.196166036652469
0.35477,0.187098769425375
0.36375,0.178161918238596
0.37236,0.16937108957824
0.38061,0.160743882730833
0.3885,0.152291457498643
0.39605,0.144034093124846
0.40325,0.135976512839394
0.41013,0.128140171883413
0.41668,0.12052968159499
0.42292,0.113157959433568
0.42886,0.106036700242361
0.4345,0.0991687350339728
0.43986,0.0925642893427818
0.44494,0.0862243166026264
0.44976,0.0801568967296589
0.45433,0.0743680876152428
0.45865,0.0688546114650456
0.46274,0.0636203909813342
0.46661,0.0586675121605872
0.47027,0.0539963959277748
0.47373,0.0496059844688636
0.477,0.0454939358871954
0.4801,0.0416642196898607
0.48301,0.0380961007338069
0.48578,0.0348011411316119
0.48838,0.0317573786286099
0.49085,0.0289680961126739
0.49317,0.0264123893772442
0.49537,0.0240873233372407
0.49743,0.0219674883195956
0.49937,0.0200395611813334
0.50118,0.0182780838174964
0.50288,0.016670651543937
0.50444,0.0151787198212632
0.50589,0.0137880610921502
0.5072,0.0124600655704909
0.50838,0.0111671013350306
0.50942,0.0098763655071964
0.51032,0.00855921626123859
0.51106,0.00717641395081207
0.51163,0.00568870151215435
0.51202,0.00405795127451216
0.51223,0.00225548183494733
0.51223,0.000238955038205309
0.51201,-0.00202889897347096
0.51156,-0.00458009967161357
0.51086,-0.0074487789721155
0.50989,-0.0106696520648005
0.50865,-0.0142619651932651
0.5071,-0.0182613205306157
0.50524,-0.0226857297312425
0.50305,-0.0275530796931629
0.50052,-0.0328730126596704
0.49762,-0.0386627867756398
0.49435,-0.0449228875450846
0.49069,-0.0516547886647818
0.48662,-0.0588604551335111
0.48214,-0.0665271533333036
0.47724,-0.0746377842445249
0.47189,-0.083186737040916
0.46611,-0.0921406229132096
0.45987,-0.101481323862527
0.45316,-0.111188546724206
0.44599,-0.121225852043251
0.43835,-0.131559410808861
0.43023,-0.142158288504447
0.42163,-0.152987239426861
0.41255,-0.164008434540652
0.40298,-0.175190343619404
0.39294,-0.18648517406621
0.38241,-0.197862904213994
0.37141,-0.209279112221909
0.35993,-0.220701220086555
0.34798,-0.232092380232124
0.33557,-0.24341341466403
0.3227,-0.25463184947367
0.30938,-0.265714251675664
0.29563,-0.276620093099592
0.28145,-0.287319186340321
0.26685,-0.297783299410308
0.25185,-0.307979362603083
0.23645,-0.317886313376422
0.22069,-0.327463991483659
0.20456,-0.336695131019509
0.18808,-0.345559453487504
0.17128,-0.354027666542499
0.15417,-0.36207903865239
0.13676,-0.369700553292724
0.11908,-0.37687124155715
0.10114,-0.383579338823581
0.082967,-0.389808503022859
0.064582,-0.39554383142675
0.045999,-0.400777404933996
0.027243,-0.405499260811884
0.0083386,-0.409698593392265
-0.010695,-0.413368430253659
-0.029835,-0.416502638525165
-0.049055,-0.41909348232593
-0.068333,-0.421135601479279
-0.087645,-0.422624414252945
-0.10697,-0.423558500672922
-0.12627,-0.423926638643768
-0.14554,-0.423734578483656
-0.16474,-0.422975884723818
-0.18385,-0.421649420639967
-0.20285,-0.419758498519934
-0.2217,-0.417295281656173
-0.24038,-0.414258071277322
-0.25888,-0.410657679002569
-0.27715,-0.406485258384981
-0.29518,-0.401746040325123
-0.31294,-0.396441772227031
-0.33041,-0.390578842504891
-0.34756,-0.384159906706196
-0.36436,-0.377184620361334
-0.38079,-0.369657691995225
-0.39683,-0.361587843818607
-0.41246,-0.352986869283631
-0.42764,-0.343853992071855
-0.44236,-0.33420055058365
-0.45659,-0.324032592114937
-0.47031,-0.313359165901187
-0.48351,-0.302198922460407
-0.49616,-0.290562993199418
-0.50824,-0.278463562211221
-0.51974,-0.265920734715715
-0.53063,-0.252945673501412
-0.54091,-0.239564209267348
-0.55055,-0.225791104734766
-0.55955,-0.211653965907425
-0.56788,-0.197167791056321
-0.57554,-0.182359148879509
-0.58253,-0.167263169153852
-0.58882,-0.15189870202221
-0.59441,-0.136293072212648
-0.59929,-0.120472209928046
-0.60347,-0.104474917494881
-0.60692,-0.0883196473771099
-0.60965,-0.072037402077754
-0.61166,-0.0556609325215874
-0.61295,-0.0392233819810566
-0.61351,-0.0227497722084017
-0.61334,-0.00626512589316757
-0.61245,0.0101989975092301
-0.61085,0.0266067990447254
-0.60853,0.042934999101283
-0.6055,0.0591564522149296
-0.60177,0.0752418427517354
-0.59734,0.0911685053209848
-0.59222,0.106912577228742
-0.58643,0.122442707377643
-0.57996,0.137744763838705
-0.57284,0.152789535930799
-0.56507,0.167558866677488
-0.55666,0.182036843432309
-0.54763,0.19620264464643
-0.53798,0.210047085406841
-0.52772,0.223563464502915
-0.51688,0.23673272323806
-0.50546,0.249548768784851
-0.49347,0.262008960091518
-0.48094,0.274098951622269
-0.46787,0.285817745512551
-0.45428,0.297160549573749
-0.44018,0.308127243205793
-0.42558,0.318721672951533
-0.41052,0.328928780590627
-0.39499,0.338755808361923
-0.37902,0.348198361573699
-0.36262,0.357257729437049
-0.34582,0.365925096681917
-0.32863,0.374198653787641
-0.31107,0.382075010726024
-0.29317,0.389542312794269
-0.27493,0.396604487616148
-0.2564,0.403241207766984
-0.23758,0.409450203041831
-0.2185,0.415221724477756
-0.19919,0.420540348847557
-0.17967,0.425393967678795
-0.15997,0.429766155946256
-0.14011,0.433644929657522
-0.12012,0.437014901303021
-0.10004,0.439851046740035
-0.079896,0.442131678591866
-0.059712,0.44383994883237
-0.039526,0.444953114541372
-0.019365,0.445452535498829
0.00073543,0.445317157450496
0.020745,0.444528573812612
0.040632,0.443070087975503
0.06036,0.440923479400275
0.079904,0.438078386045632
0.099227,0.434522339759738
0.1183,0.430247584589784
0.13709,0.42524757394966
0.15558,0.41952891049896
0.17372,0.413084386178588
0.1915,0.405925592283301
0.20888,0.398056934995282
0.22584,0.389491852569624
0.24236,0.380250847117101
0.2584,0.370344912039923
0.27394,0.359791982153822
0.28896,0.348615201729468
0.30344,0.33684138342691
0.31736,0.324499654751388
0.33069,0.311612888397983
0.34341,0.298205722335869
0.35551,0.284310957372166
0.36696,0.269952299190795
0.37776,0.25516764584837
0.38787,0.239975697160637
0.3973,0.224416085098192
0.40602,0.208514595352071
0.41403,0.192307255668227
0.42131,0.175822485075184
0.42785,0.159089076970004
0.43365,0.142142607415678
0.43869,0.12500822688928
0.44297,0.107716630316385
0.44648,0.0902945839758224
0.44923,0.0727795758338753
0.4512,0.0551943582577345
0.4524,0.0375711763957524
0.45283,0.0199414569536957
0.45248,0.00232751517263187
0.45136,-0.015241717175535
0.44948,-0.032732980927681
0.44683,-0.0501254385779524
0.44343,-0.0673868805749183
0.43927,-0.084499224087695
0.43439,-0.101419528509505
0.42877,-0.118130574324714
0.42243,-0.134607009202178
0.41539,-0.150817866672857
0.40767,-0.166728730024896
0.39927,-0.182318359720406
0.39022,-0.197554783052995
0.38054,-0.212405886259333
0.37024,-0.226847953276314
0.35936,-0.240842752321234
0.34791,-0.254363820091945
0.33592,-0.267380364534082
0.32342,-0.279859201830131
0.31044,-0.291766377203537
0.29701,-0.30306849400591
0.28316,-0.313733776161111
0.26892,-0.323732889318493
0.25432,-0.333039546023377
0.2394,-0.341623521774217
0.2242,-0.349452521512619
0.20874,-0.356508530125908
0.19307,-0.362763647378707
0.17722,-0.368197846737757
0.16123,-0.372790891543065
0.14512,-0.376538016809393
0.12894,-0.379425186722704
0.11272,-0.381446363081389
0.096495,-0.382598712254194
0.080297,-0.382884569077239
0.064159,-0.382309915160186
0.048119,-0.380880083582583
0.0322,-0.378611087333178
0.016438,-0.375517747487648
0.00086041,-0.37162010381321
-0.014503,-0.366940323143115
-0.029626,-0.361504493246083
-0.044482,-0.355341057677169
-0.059048,-0.348482389437682
-0.073297,-0.34096031697191
-0.087211,-0.332812119303049
-0.10077,-0.324077054598881
-0.11395,-0.314792004590316
-0.12674,-0.305000568989113
-0.13912,-0.29474392353868
-0.15107,-0.284060143033905
-0.16259,-0.272998499845336
-0.17367,-0.261608491400931
-0.18429,-0.249930967525106
-0.19445,-0.238013359157628
-0.20414,-0.225899569731027
-0.21336,-0.213636692429017
-0.2221,-0.201265527617842
-0.23036,-0.188827874389657
-0.23814,-0.176364967168102
-0.24545,-0.163923615511514
-0.25228,-0.151538808136341
-0.25863,-0.139242167892251
-0.26451,-0.127068837989227
-0.26993,-0.115055544132986
-0.27488,-0.10322419617316
-0.27937,-0.0915986279496526
-0.28341,-0.0802032445091607
-0.28699,-0.0690471298255961
-0.29013,-0.0581486151527294
-0.29283,-0.0475178698207292
-0.2951,-0.0371652829445392
-0.29693,-0.0270860302339581
-0.29832,-0.0172702225986053
-0.29929,-0.00771862739133857
-0.29983,0.00158188797230957
-0.29994,0.0106481841740569
-0.29962,0.0194999363953674
-0.29887,0.0281587988829649
-0.29768,0.0366550503816765
-0.29606,0.0450105115635247
-0.294,0.0532545477505704
-0.2915,0.0614145525234987
-0.28854,0.0695304942965267
-0.28513,0.0776293088302982
-0.28125,0.0857489434983789
-0.27691,0.0939130429209204
-0.2721,0.102147868112264
-0.2668,0.110488444401867
-0.26101,0.11896108967135
-0.25474,0.127576929030017
-0.24796,0.136364015385766
-0.24067,0.14534100182182
-0.23288,0.154510948821384
-0.22457,0.163886301164535
-0.21573,0.173479192800402
-0.20638,0.183278851566675
-0.19651,0.193278345777014
-0.18611,0.203473858156352
-0.17519,0.213849246967053
-0.16375,0.224386117964875
-0.15179,0.235064614982853
-0.13933,0.245849319644599
-0.12636,0.256715286192179
-0.11291,0.267617004010784
-0.098973,0.278520889206869
-0.084576,0.289378676793342
-0.069734,0.300140406682082
-0.054467,0.310752384300144
-0.038797,0.321157885687576
-0.022749,0.331297097168382
-0.0063487,0.341108881490533
0.010373,0.350528941555796
0.027386,0.359492893914609
0.044654,0.36793360458557
0.062141,0.375783953490145
0.079815,0.382981832327096
0.097629,0.389460024196961
0.11555,0.39515965674079
0.13352,0.400012009936833
0.15151,0.40396407178873
0.16947,0.406961774532383
0.18736,0.408959464126502
0.20512,0.409905138374565
0.22271,0.409758306170968
0.24007,0.408474506166388
0.25717,0.406029921915618
0.27395,0.402396317102867
0.29036,0.397550530771727
0.30635,0.391474589084448
0.32189,0.384170448582355
0.33691,0.375626977915421
0.35137,0.365845432787767
0.36523,0.354837453901422
0.37844,0.342615772776984
0.39097,0.329208854646767
0.40276,0.314635281344266
0.41377,0.298920300614826
0.42397,0.28210155636225
0.43333,0.264225964754605
0.4418,0.245332128919273
0.44935,0.2254659158926
0.45597,0.20469278209983
0.46161,0.183062790912198
0.46626,0.160641936353469
0.46989,0.137492551800881
0.47249,0.113687159573212
0.47404,0.0892971364544135
0.47452,0.0643909586914633
0.47394,0.0390550046340824
0.47229,0.0133728422338872
0.46956,-0.0125766421560534
0.46575,-0.0387132886868467
0.46087,-0.0649509403490531
0.45492,-0.0912086192907408
0.44791,-0.117404647830409
0.43986,-0.143451965258879
0.43078,-0.169269314917748
0.42068,-0.19478274981309
0.40958,-0.219919297608554
0.39751,-0.244601853824097
0.38449,-0.268759981230358
0.37053,-0.292338464165308
0.35568,-0.315266850486414
0.33996,-0.337487074467879
0.32341,-0.358938422209725
0.30604,-0.379582477043125
0.28791,-0.399363485650664
0.26904,-0.418243422532769
0.24948,-0.436178009904285
0.22925,-0.453141927426291
0.20841,-0.469096857404309
0.18699,-0.48401782379071
0.16504,-0.497877075777962
0.1426,-0.510653344964759
0.11972,-0.522324326055959
0.096437,-0.532877636476212
0.072803,-0.54229866487346
0.048868,-0.550573385646371
0.024677,-0.557692804410798
0.00028344,-0.563646448486765
-0.024264,-0.568426898217817
-0.048912,-0.572026383666199
-0.07361,-0.574439501529314
-0.098306,-0.575662215405346
-0.12294,-0.575686140766853
-0.14747,-0.574513259320188
-0.17184,-0.572143826605488
-0.19599,-0.568574047925106
-0.21987,-0.563804639340898
-0.24342,-0.557832799595598
-0.26659,-0.550660606239101
-0.28933,-0.542294245766897
-0.31159,-0.53274327576955
-0.3333,-0.522005132000148
-0.35443,-0.510097310354853
-0.37491,-0.497023603871084
-0.3947,-0.482799003352092
-0.41375,-0.467439873794698
-0.43201,-0.450963386006506
-0.44944,-0.433394415313696
-0.46599,-0.414756093524644
-0.48162,-0.395077011817952
-0.49628,-0.374382069762101
-0.50995,-0.352714760787576
-0.52259,-0.33011765775678
-0.53416,-0.306631479457225
-0.54464,-0.282309146050439
-0.554,-0.257204579472939
-0.56222,-0.231378417804147
-0.56928,-0.204895019872466
-0.57516,-0.177819922812575
-0.57985,-0.150225123270338
-0.58334,-0.122185737130546
-0.58561,-0.0937697939293387
-0.58668,-0.0650671376865766
-0.58653,-0.0361529566579715
-0.58518,-0.00711790227917024
-0.58262,0.0219598494906561
-0.57887,0.0509924523292765
-0.57394,0.0798944118463818
-0.56784,0.108584849164076
-0.5606,0.136974448382914
-0.55223,0.164984767050318
-0.54277,0.192526565272719
-0.53222,0.219534420755021
-0.52064,0.245920075868297
-0.50804,0.271616802296587
-0.49447,0.296548049365385
-0.47996,0.320646825265637
-0.46455,0.343848891094022
-0.44829,0.366087215527121
-0.43121,0.387309769997702
-0.41336,0.407463906238667
-0.39479,0.426498574513112
-0.37555,0.44436606038745
-0.35569,0.461023291191833
-0.33526,0.476432762156132
-0.31431,0.49056313059215
-0.2929,0.503382126370624
-0.27108,0.514865635941965
-0.24891,0.524990001796675
-0.22645,0.533733179712822
-0.20375,0.541083002750461
-0.18087,0.547028774979142
-0.15787,0.551561830724849
-0.13482,0.554668504999685
-0.11177,0.556346755253421
-0.088784,0.556594087320245
-0.065921,0.555411865319905
-0.043241,0.552804218957404
-0.020808,0.548774844678157
0.0013224,0.543333580815566
0.023086,0.536488947335254
0.044432,0.528258412120255
0.065295,0.518655697650178
0.085628,0.5077050271469
0.10538,0.495435741569783
0.12448,0.481865966639035
0.14291,0.467043697060824
0.16061,0.4510088519925
0.17754,0.433808729578758
0.19366,0.415495436910699
0.20894,0.396131057492308
0.22333,0.375769331310397
0.23683,0.354492837862952
0.24939,0.332368221645286
0.261,0.309477038698129
0.27165,0.285910599586841
0.2813,0.261743331225623
0.28997,0.237078255019117
0.29763,0.21200150011218
0.30429,0.186612599761215
0.30995,0.161011530706086
0.31461,0.135295610390859
0.31828,0.109564410843655
0.32096,0.0839088215207271
0.32269,0.0584393991904916
0.32347,0.0332495070037733
0.32333,0.00843778508449617
0.3223,-0.0158961038125103
0.3204,-0.0396623537958464
0.31767,-0.0627673743048179
0.31414,-0.0851251085327361
0.30986,-0.106643792229107
0.30486,-0.127245032657572
0.29918,-0.146856671892468
0.29288,-0.165399493790553
0.286,-0.182806278519605
0.27859,-0.199014666464359
0.2707,-0.213968684362342
0.26238,-0.22761980808156
0.25369,-0.239920223423544
0.24468,-0.250832155275166
0.2354,-0.260327717939466
0.22591,-0.268381128149255
0.21627,-0.274969744843505
0.20653,-0.280082192589645
0.19674,-0.28371719684234
0.18696,-0.28587495981765
0.17724,-0.286564925568966
0.16764,-0.285796965569082
0.15819,-0.283603809198478
0.14896,-0.280006718486898
0.13998,-0.275047240258803
0.1313,-0.268767845488496
0.12297,-0.261211045122673
0.11501,-0.25244080809705
0.10747,-0.242514843900418
0.10037,-0.231506747273125
0.093753,-0.219484174525547
0.087643,-0.20652241107672
0.082059,-0.19270469313969
0.077027,-0.178113332048386
0.072561,-0.162836577645292
0.068677,-0.146963582560608
0.065387,-0.130584701005326
0.062697,-0.113793120656555
0.060615,-0.0966801337994761
0.059137,-0.0793416776144264
0.058266,-0.0618693835668565
0.057995,-0.0443560005671558
0.058316,-0.0268930348387789
0.059217,-0.00957105872622844
0.060687,0.00752375308449742
0.062705,0.0243042013230466
0.065252,0.0406866240834816
0.068304,0.0565893314773335
0.071839,0.0719364960404862
0.075821,0.0866493237822902
0.080226,0.100658260861948
0.085018,0.113894856950023
0.09016,0.126293326600893
0.095617,0.137793962888208
0.10135,0.14834129940322
0.10731,0.157878081958049
0.11346,0.166356722550112
0.11977,0.173744582696407
0.12617,0.179993079757302
0.13263,0.185072348897633
0.1391,0.188954303282104
0.14554,0.191621115219159
0.15189,0.193049575578314
0.15812,0.193235582973612
0.16418,0.192176384597419
0.17002,0.189870994526006
0.1756,0.186327843761341
0.18088,0.181563274521932
0.18582,0.175600090146312
0.19037,0.168458782661596
0.19451,0.160180063548651
0.19819,0.150798083911172
0.20139,0.140363353430283
0.20405,0.128908963378609
0.20617,0.116497724384452
0.2077,0.103177987070047
0.20862,0.089007531618508
0.2089,0.0740429369340397
0.20853,0.0583531890198971
0.20748,0.0420006988436362
0.20572,0.0250409141538324
0.20326,0.00755172051088878
0.20005,-0.0104174416636147
0.19611,-0.0287897458290026
0.19142,-0.0474980836702841
0.18596,-0.0664851660153251
0.17974,-0.0856812086319573
0.17275,-0.105023278831995
0.16498,-0.124455947284921
0.15645,-0.143909462573719
0.14716,-0.163319527685113
0.13711,-0.182628326212072
0.12631,-0.201777815461275
0.11479,-0.220696946444077
0.10254,-0.239336087488718
0.089603,-0.257625449980412
0.075985,-0.275508680743671
0.061717,-0.292923741962822
0.046823,-0.309811332004888
0.031337,-0.326109035421148
0.015287,-0.34175853235528
-0.0012866,-0.356697703389658
-0.018351,-0.370869165518583
-0.035864,-0.384214464040429
-0.05378,-0.396673864074366
-0.072061,-0.408194356133146
-0.090654,-0.418719226445546
-0.10951,-0.428193802705136
-0.12859,-0.43657447298663
-0.14783,-0.443809788628632
-0.16717,-0.449846880182805
-0.18657,-0.454648493250609
-0.20597,-0.458176737466839
-0.22531,-0.460394796242052
-0.24454,-0.461275662308906
-0.26358,-0.460779329781105
-0.2824,-0.458893903987143
-0.30091,-0.455586641271217
-0.31908,-0.450853768667584
-0.33683,-0.444678513046183
-0.35411,-0.437056763137601
-0.37087,-0.427995211828479
-0.38703,-0.417487371987337
-0.40256,-0.40555372420346
-0.41739,-0.392206787897919
-0.43147,-0.377467525327912
-0.44475,-0.361363513515764
-0.45718,-0.343927269381047
-0.46871,-0.325194735594198
-0.47929,-0.305203931124154
-0.48889,-0.284008563392876
-0.49744,-0.261644177089616
-0.50493,-0.238175256448661
-0.51131,-0.213658440757775
-0.51654,-0.188150021800559
-0.5206,-0.161719339189234
-0.52345,-0.134429615400855
-0.52508,-0.106359606861587
-0.52545,-0.0775762317049249
-0.52456,-0.0481645442137936
-0.52238,-0.0181996081398565
-0.51891,0.0122315779787622
-0.51413,0.0430497442350063
-0.50804,0.0741694543453788
-0.50064,0.105502899635722
-0.49193,0.136963052892163
-0.48192,0.16845883174947
-0.47062,0.199898736691783
-0.45804,0.231193828740282
-0.44421,0.262245305003423
-0.42913,0.292971752567547
-0.41285,0.323271528890313
-0.39537,0.353066955018992
-0.37674,0.382265380668764
-0.35699,0.410779989609542
-0.33616,0.438524243125011
-0.31428,0.465422211986376
-0.29141,0.491387063817244
-0.2676,0.516333599275588
-0.24289,0.540188322163308
-0.21734,0.562875083848527
-0.191,0.58432578120695
-0.16394,0.604466585519528
-0.13621,0.623236578077015
-0.10789,0.64056545560739
-0.079036,0.656395741310604
-0.04972,0.670670767119459
-0.02001,0.683339758798258
0.010019,0.694353637110849
0.040294,0.70366823576961
0.070744,0.711246755787343
0.10129,0.717054144350482
0.13186,0.721063596180345
0.16237,0.723247506870114
0.19275,0.72358940957994
0.22292,0.722075533897408
0.25281,0.718702701769706
0.28234,0.713469596716604
0.31144,0.70638443966938
0.34002,0.69744870261862
0.36802,0.68668109782927
0.39537,0.674106848494767
0.422,0.659756237200811
0.44783,0.643655862183318
0.4728,0.625843823872294
0.49684,0.606359434588664
0.5199,0.585257041746648
0.54191,0.562587151947091
0.56282,0.538410852960211
0.58255,0.51277412726294
0.60108,0.485754054054004
0.61834,0.457413843739473
0.63429,0.427826079443373
0.64888,0.3970615644511
0.66206,0.365187727165874
0.67381,0.332289562892737
0.68407,0.298434244716342
0.69282,0.263702184001177
0.70003,0.228174697725962
0.70566,0.191924010303096
0.7097,0.155034971329986
0.71212,0.117585218419089
0.7129,0.079651530405975
0.71203,0.0413149333301552
0.70951,0.00266468191284029
0.70531,-0.0362283548741923
0.69945,-0.0752735328864948
0.69192,-0.114389379866319
0.68272,-0.153497125191803
0.67188,-0.192500650047556
0.65939,-0.231322564630463
0.64529,-0.26986625848444
0.62959,-0.308045001609
0.61231,-0.345775578148554
0.5935,-0.382958297198385
0.57318,-0.41950569571344
0.55139,-0.455328395171074
0.52817,-0.490338569318674
0.50358,-0.524437918484767
0.47765,-0.557545241509346
0.45044,-0.589573859544104
0.42201,-0.620435766415394
0.39241,-0.650052409884534
0.36171,-0.678340960758885
0.32996,-0.705232951186924
0.29724,-0.73065195075083
0.26362,-0.754525364143986
0.22915,-0.776801235559164
0.19392,-0.797416889342259
0.15799,-0.816325698098089
0.12145,-0.833473850516901
0.084372,-0.848817300676611
0.046826,-0.862323326657909
0.008897,-0.873958910061711
-0.029342,-0.8837013258571
-0.067803,-0.891526415377569
-0.10641,-0.897419113258145
-0.14509,-0.901375012114658
-0.18374,-0.903376910937187
-0.2223,-0.903430196886766
-0.26069,-0.901544152300949
-0.29881,-0.8977167564653
-0.33659,-0.891959658854557
-0.37395,-0.884288330672081
-0.41082,-0.874728791156819
-0.4471,-0.863293130243181
-0.48272,-0.850004468524139
-0.51761,-0.83489456006731
-0.55168,-0.817986813304398
-0.58487,-0.799319760779845
-0.61709,-0.778921167755176
-0.64828,-0.756831781559078
-0.67836,-0.733087117364774
-0.70727,-0.707732464185506
-0.73493,-0.680805103895054
-0.76128,-0.652349734771127
-0.78626,-0.622415884004426
-0.8098,-0.591048272219173
-0.83185,-0.5583013253999
-0.85234,-0.524221002859993
-0.87123,-0.4888673199
-0.88846,-0.45229512755985
-0.90398,-0.414560914902045
-0.91774,-0.375720817936213
-0.9297,-0.335836392381575
-0.93982,-0.294971705592407
-0.94806,-0.253190903179658
-0.95438,-0.21055621650902
-0.95875,-0.167133773582597
-0.96114,-0.122990761358142
-0.96153,-0.0782004863576795
-0.95988,-0.0328240821254562
-0.95619,0.0130595688643987
-0.95043,0.0593819706409577
-0.9426,0.106063063106769
-0.93268,0.15303083461562
-0.92068,0.200199959930384
-0.90659,0.247491928749518
-0.89041,0.294828926504176
-0.87216,0.342121513583097
-0.85184,0.389288596016107
-0.82948,0.4362363446886
-0.80509,0.482878536170818
-0.77871,0.52911578846842
-0.75036,0.574856168229938
-0.72007,0.620009442536403
-0.68791,0.664460236620554
-0.65389,0.708121024520852
-0.61809,0.750877995310829
-0.58054,0.792636883318993
-0.54132,0.833285457485895
-0.5005,0.872708151467187
-0.45814,0.910797955921358
-0.41433,0.947436227718409
-0.36913,0.982521120982662
-0.32265,1.01593092252544
-0.27497,1.0475542031052
-0.2262,1.07726949118984
-0.17642,1.10497355380375
-0.12576,1.13054457221567
-0.074314,1.15387656741111
-0.022204,1.17485941659846
0.030449,1.19338432297858
0.083527,1.20934967904345
0.1369,1.22265452651594
0.19045,1.2332110310446
0.24403,1.24092387983172
0.29752,1.24571528910597
0.35079,1.24751734258118
0.4037,1.24626556380042
0.45611,1.24190102746031
0.5079,1.23438669294339
0.55894,1.22369780308792
0.60908,1.20980640782947
0.65821,1.1927133088648
0.70619,1.17242125288138
0.75291,1.14895761205874
0.79824,1.12235499308568
0.84207,1.0926649995198
0.88428,1.05994657475745
0.92476,1.0242711354797
0.96342,0.985733704483934
1,0.944320639812001
1,0.874600342307041
1,0.783872103266017
1,0.67857854918253
1,0.564332514022432
1,0.445951518862232
1,0.327498848913193
1,0.212330127940396
1,0.103144247251817
1,0.00203750343014106
1,-0.0894401710870952
1,-0.170227944008254
1,-0.239696768078902
1,-0.297592904731568
1,-0.343983073374023
1,-0.37920190388175
1,-0.403802257889461
1,-0.418508872986494
1,-0.424175675537061
1,-0.421747004710797
1,-0.412222894112066
1,-0.396628469412504
1,-0.375987441516333
1,-0.35129960557935
1,-0.32352219691858
1,-0.293554905489541
1,-0.262228310950907
1,-0.230295469978348
1,-0.19842636587966
1,-0.167204917037243
0.97544,-0.155297935734449
0.93826,-0.168476915498123
0.89932,-0.202767783484169
0.85873,-0.254372529755088
0.81658,-0.319722046724352
0.77297,-0.395495938035107
0.72799,-0.478651663001838
0.68175,-0.566422950694255
0.63436,-0.656329954802781
0.58592,-0.746190719651763
0.53655,-0.834103359679163
0.48634,-0.918463820121613
0.43542,-0.997922684923424
0.38389,-1.07139712840557
0.33186,-1.13804528709847
0.27945,-1.19724027333293
0.22678,-1.2485516652203
0.17394,-1.29174804318481
0.12106,-1.32674224919184
0.068254,-1.35358488577673
0.01562,-1.3724552805938
-0.036724,-1.38362390032964
-0.088674,-1.38744438765122
-0.14012,-1.38432965734351
-0.19096,-1.37474085801827
-0.24109,-1.3591692017549
-0.2904,-1.33811693492446
-0.33881,-1.31210769266788
-0.38622,-1.28165668196991
-0.43253,-1.24726104878733
-0.47766,-1.2094067846796
-0.52152,-1.16855185372388
-0.56403,-1.1251276153185
-0.60511,-1.07953281174998
-0.6447,-1.03214396196031
-0.68271,-0.983286985517981
-0.71909,-0.933267109887352
-0.75377,-0.88234888107651
-0.7867,-0.830770489539961
-0.81783,-0.778741044514464
-0.8471,-0.726431613091821
-0.87449,-0.674005875266868
-0.89995,-0.621593202699032
-0.92345,-0.569304805872101
-0.94496,-0.517232418795922
-0.96446,-0.465455161689149
-0.98193,-0.414038041828552
-0.99736,-0.363038559989616
-1,-0.304559351116969
-1,-0.239947896164326
-1,-0.172413632688116
-1,-0.104638921911165
-1,-0.0388177108121957
-1,0.0233041229729988
-1,0.0803873981483993
-1,0.131457865743482
-1,0.1758646563757
-1,0.213239493060931
-1,0.243457166177148
-1,0.266597703031835
-1,0.282910596603941
-1,0.292781388805642
-0.98786,0.305682112443648
-0.97227,0.322767452927943
-0.95505,0.343543960630482
-0.93625,0.367506653283008
-0.91592,0.39414863453989
-0.89412,0.422962313000076
-0.87093,0.453433769392814
-0.84639,0.485083473308764
-0.82058,0.517439722690713
-0.79358,0.550047243324083
-0.76543,0.582503844460472
-0.73622,0.614422553499656
-0.70603,0.645445540456517
-0.67491,0.675269776252062
-0.64296,0.70360748701439
-0.61024,0.730220749241903
-0.57683,0.754903952316215
-0.54281,0.777483826428147
-0.50825,0.79782617670099
-0.47324,0.815818225640743
-0.43784,0.831390883365716
-0.40213,0.844498631421787
-0.36619,0.855117505007276
-0.3301,0.863242883225799
-0.29393,0.868894560646236
-0.25775,0.872112751518497
-0.22163,0.872954270572028
-0.18564,0.871488936930039
-0.14985,0.867796237633876
-0.11433,0.861962277776551
-0.079149,0.854077775228712
-0.044362,0.844245825872405
-0.010033,0.832570721240294
0.023781,0.819160627609232
0.05702,0.804122135712944
0.089631,0.787563196541144
0.12156,0.769589432499211
0.15276,0.75030704596523
0.18318,0.729816923218294
0.21278,0.708221031219508
0.24151,0.685611937006608
0.26933,0.66207932517017
0.2962,0.63770786565275
0.32209,0.612582970260508
0.34697,0.586787974766186
0.3708,0.560394486243076
0.39355,0.533469658189356
0.41521,0.506089536915687
0.43574,0.478312591935395
0.45513,0.450203193469432
0.47336,0.421820781978618
0.49041,0.393218656503981
0.50626,0.364443145136698
0.52092,0.335555303395028
0.53436,0.306596255737119
0.54659,0.2776189469724
0.55759,0.248661653883654
0.56738,0.219778797659097
0.57594,0.191006198381369
0.58329,0.16239272839728
0.58943,0.133981115928299
0.59437,0.105814832818492
0.59812,0.0779362342819739
0.6007,0.050392493747284
0.60213,0.0232328760469817
0.60242,-0.00350090378955846
0.6016,-0.0297600669998548
0.5997,-0.0554919616982756
0.59673,-0.0806575210431438
0.59274,-0.105200608560511
0.58775,-0.12907552094
0.5818,-0.152231900024258
0.57492,-0.174624885720925
0.56715,-0.196208364157737
0.55853,-0.21693695470254
0.54909,-0.2367749877574
0.53888,-0.255681302633942
0.52795,-0.273611922163029
0.51632,-0.290544462673036
0.50406,-0.306438082205479
0.49119,-0.32127563081695
0.47776,-0.335037833042354
0.46382,-0.347704717134547
0.4494,-0.359271556906306
0.43456,-0.369724331301297
0.41932,-0.379071940674697
0.40375,-0.387304992540797
0.38786,-0.394444391367914
0.3717,-0.400505733806845
0.35532,-0.405500309099526
0.33874,-0.409458163182287
0.322,-0.412409196009521
0.30514,-0.414382691331974
0.28818,-0.415421704744824
0.27117,-0.415557286862773
0.25414,-0.41482495535204
0.2371,-0.413277816214653
0.2201,-0.410952280078837
0.20315,-0.407899990788339
0.18629,-0.404161351164646
0.16953,-0.399788820027657
0.1529,-0.394828361693108
0.13643,-0.38931942153902
0.12014,-0.383302431687717
0.10404,-0.376824809670759
0.088162,-0.369921925570808
0.072519,-0.362632372005041
0.057131,-0.354990935105941
0.042019,-0.347027449944996
0.027198,-0.338771166669065
0.012687,-0.330246877610573
-0.0014967,-0.321476119019547
-0.015339,-0.31247932757107
-0.028822,-0.303272428349911
-0.041929,-0.293867899417929
-0.054649,-0.28427904961636
-0.066966,-0.274515538253778
-0.078865,-0.264584303391119
-0.090337,-0.254494086104456
-0.10137,-0.244252385712859
-0.11195,-0.233863788669985
-0.12208,-0.223342760877089
-0.13173,-0.212686733559053
-0.14092,-0.201916248020781
-0.14962,-0.191032763769
-0.15784,-0.180051721153328
-0.16558,-0.16899185225762
-0.17282,-0.157859095486739
-0.17958,-0.146678336247251
-0.18586,-0.135474130409589
-0.19165,-0.124262577882607
-0.19695,-0.113059770305898
-0.20178,-0.101895992195282
-0.20614,-0.0907972221580286
-0.21004,-0.0797925211126015
-0.21348,-0.0689051031097041
-0.21648,-0.0581674696577473
-0.21905,-0.0476111744898842
-0.22119,-0.0372585915355768
-0.22293,-0.0271460888119581
-0.22427,-0.0172979622892862
-0.22522,-0.00773531449411173
-0.22581,0.00150932267835645
-0.22605,0.0104100795496829
-0.22595,0.0189473702766616
-0.22552,0.027107439312522
-0.22478,0.034874454098831
-0.22375,0.0422315771117172
-0.22244,0.049169245511001
-0.22086,0.0556842603674152
-0.21903,0.0617714905077245
-0.21695,0.0674394164066987
-0.21465,0.0726853152632763
-0.21213,0.0775199117948086
-0.20941,0.0819499014157316
-0.20649,0.0859935416471897
-0.20339,0.0896633174004033
-0.20012,0.0929742868812751
-0.19669,0.095943321359864
-0.19311,0.0985884274866643
-0.18939,0.100928152317549
-0.18553,0.102988467913687
-0.18155,0.104785921687592
-0.17746,0.106336463598885
-0.17327,0.107655155807107
-0.16898,0.108763344987713
-0.16461,0.109672080594544
-0.16015,0.110405984172471
-0.15563,0.110970351024371
-0.15105,0.111376892675373
-0.14641,0.111642119091826
-0.14172,0.111778517323945
-0.13699,0.111794934103141
-0.13223,0.111696967307537
-0.12744,0.111494756954348
-0.12263,0.111194355748758
-0.11779,0.110813070780944
-0.11295,0.110347159758639
-0.1081,0.109805501216997
-0.10325,0.109192027062266
-0.0984,0.108513888390861
-0.093558,0.107774640684663
-0.088727,0.106978460614161
-0.083911,0.106129091618029
-0.079115,0.10522900811043
-0.074342,0.104280995534537
-0.0696,0.103284240607529
-0.064888,0.102241630461711
-0.060215,0.101151491416759
-0.055583,0.100013625780019
-0.050998,0.0988260063579252
-0.046467,0.0975843830088347
-0.041991,0.0962872042972165
-0.03758,0.0949284263895161
-0.033236,0.0935044120639819
-0.028969,0.0920075999379376
-0.02478,0.0904340835611193
-0.020679,0.0887763189449387
-0.016672,0.0870269622501886
-0.012763,0.085180483702661
-0.0089607,0.0832294739411463
-0.0052713,0.0811670465192682
-0.0016996,0.0789879525426682
0.0017461,0.0766858190933561
0.0050629,0.0742575402753243
0.00824,0.0716968992273335
0.011276,0.0690023067003539
0.014162,0.0661704221082821
0.016894,0.0632002317010264
0.019465,0.0600904328442877
0.021874,0.0568439914727977
0.024109,0.0534591313449636
0.026172,0.0499406825376904
0.028056,0.0462920450172778
0.029755,0.0425161433130598
0.031268,0.0386191614655429
0.03259,0.0346068100238875
0.033718,0.0304857636645249
0.034648,0.0262625705654331
0.03538,0.0219464701246261
0.035907,0.0175434536320026
0.03623,0.0130626492720688
0.036347,0.00851324619356189
0.036253,0.00390200934060953
0.035948,-0.000762751124790726
0.035432,-0.00547172319765815
0.0347,-0.0102187585518785
0.033754,-0.0149952782482993
0.032595,-0.0197917468504148
0.031215,-0.0246048051583934
0.029623,-0.0294236347233202
0.027815,-0.0342413502632627
0.025788,-0.0390537272032142
0.023551,-0.0438499764645185
0.021101,-0.0486232283356252
0.01844,-0.0533663088057309
0.015574,-0.0580690866171692
0.012505,-0.0627223280584621
0.0092388,-0.0673150130058901
0.0057816,-0.0718347349179372
0.0021431,-0.0762657673348104
-0.0016678,-0.0805907734802345
-0.0056414,-0.0847910461887694
-0.0097663,-0.0888460773345795
-0.014025,-0.0927300090102546
-0.018407,-0.0964186069064172
-0.022889,-0.0998802033022012
-0.027457,-0.103084945002373
-0.032089,-0.10599941637541
-0.03676,-0.10858610967794
-0.041454,-0.110811992470987
-0.046139,-0.112636823674394
-0.050794,-0.114023907893084
-0.05539,-0.114934633876222
-0.059901,-0.115332275898896
-0.064297,-0.115179846795485
-0.068549,-0.114442087473396
-0.072626,-0.113084820271565
-0.076499,-0.111077371213673
-0.080137,-0.108391484935115
-0.083507,-0.105000396764043
-0.086582,-0.100883969634072
-0.089325,-0.0960208340158379
-0.091715,-0.0904013170163708
-0.093715,-0.0840138933319288
-0.095302,-0.0768564982691124
-0.096447,-0.0689306011484062
-0.097123,-0.060242245642143
-0.09731,-0.0508064540816385
-0.096985,-0.0406431346270756
-0.096125,-0.0297758555064843
-0.094711,-0.0182336951379717
-0.092732,-0.00605552358550301
-0.090166,0.00672087962210655
-0.087004,0.0200498507804047
-0.083238,0.0338797223694891
-0.078854,0.0481597048864608
-0.073851,0.0628313976147253
-0.068221,0.0778369745265099
-0.061969,0.0931110125425385
-0.05509,0.108591152323132
-0.047589,0.124211859564061
-0.039476,0.139903216940352
-0.030756,0.155597495367335
-0.021443,0.17122407701146
-0.011549,0.186713610832319
-0.0010959,0.20199256107485
0.0099052,0.216994264844135
0.021423,0.231644770766221
0.033439,0.245876049852766
0.045924,0.259619135723872
0.05885,0.272807449318691
0.072183,0.285374113651488
0.085892,0.297256474738385
0.09994,0.308392998852258
0.11429,0.318725197386987
0.1289,0.328195414117247
0.14374,0.33675760613859
0.15875,0.344354678298726
0.17389,0.35093748182355
0.18913,0.356472528214728
0.20441,0.360918227615817
0.21968,0.364235524102479
0.2349,0.366396390078663
0.25001,0.367368195712563
0.26496,0.367123407090194
0.27971,0.365647258618459
0.2942,0.362921411020908
0.30837,0.358925645071085
0.32217,0.353646645647107
0.33555,0.347077490836777
0.34845,0.339209663299781
0.36083,0.330048820859838
0.37262,0.319590138349985
0.38377,0.307835657353417
0.39423,0.294793271383999
0.40395,0.280475738444738
0.41288,0.26489973608261
0.42096,0.248077573175585
0.42816,0.230040177586997
0.43442,0.210810740860047
0.43971,0.190428025583022
0.44397,0.168920336224312
0.44718,0.146336551249792
0.44929,0.122718796786744
0.45028,0.098124942920835
0.45012,0.0726167074884745
0.44877,0.0462499317713732
0.44623,0.0191038303972578
0.44247,-0.00874784710041312
0.43748,-0.0372229781208298
0.43124,-0.0662423712043724
0.42377,-0.0957018635524405
0.41505,-0.125509687718615
0.40509,-0.155564545273118
0.3939,-0.185760426224168
0.38149,-0.215990660870269
0.36788,-0.246143857946172
0.35309,-0.276108199566276
0.33715,-0.305767566431042
0.32009,-0.335005970202605
0.30193,-0.363718568865888
0.28272,-0.391790723174516
0.2625,-0.419110993315713
0.24132,-0.445566771619529
0.21921,-0.471063022295737
0.19625,-0.495485194387894
0.17246,-0.518751220024519
0.14792,-0.540763858001085
0.12268,-0.561439264328958
0.096806,-0.580695657878275
0.070358,-0.598460418347138
0.043408,-0.614662261926267
0.016023,-0.629237474004988
-0.011729,-0.642130295301056
-0.039768,-0.653284885230462
-0.068024,-0.662655104012494
-0.096414,-0.670195118258887
-0.12487,-0.67587251350923
-0.1533,-0.679649649477245
-0.18163,-0.681499805565876
-0.20978,-0.681402133066786
-0.23767,-0.679341848838916
-0.26523,-0.675317601711713
-0.29235,-0.669310046006279
-0.31899,-0.661338294154655
-0.34504,-0.651400843159447
-0.37045,-0.639524610061015
-0.39512,-0.625722312433946
-0.419,-0.610032405486946
-0.442,-0.592483991240843
-0.46406,-0.573120504575618
-0.48512,-0.551996192526415
-0.5051,-0.529158158083949
-0.52395,-0.504668993744557
-0.54161,-0.478594984080365
-0.55803,-0.451011244563284
-0.57316,-0.421998182067107
-0.58694,-0.391631048855278
-0.59934,-0.360001177499816
-0.61031,-0.327195642630351
-0.61983,-0.293317905495047
-0.62785,-0.2584595932555
-0.63437,-0.222737171272545
-0.63934,-0.186246838438981
-0.64276,-0.14910259993282
-0.64462,-0.111422057610418
-0.6449,-0.0733148168074478
-0.64361,-0.0349028734151737
-0.64073,0.00370770665946032
-0.63629,0.0423900827399909
-0.63029,0.0810268068277154
-0.62275,0.119496955550444
-0.61368,0.157688088765798
-0.60311,0.195483523653852
-0.59107,0.232767017241666
-0.57759,0.269426560092701
-0.56271,0.3053499617539
-0.54647,0.340428722739815
-0.52891,0.374561086374068
-0.51009,0.407639555245373
-0.49004,0.439577977507715
-0.46883,0.470281072070525
-0.44652,0.499657092183282
-0.42315,0.527635338652809
-0.39881,0.554127967615681
-0.37354,0.579073609088638
-0.34741,0.602412665728232
-0.3205,0.624082147237177
-0.29287,0.644033759503521
-0.26459,0.662225900518219
-0.23574,0.678617019135161
-0.20638,0.693182422014039
-0.17659,0.705897773527077
-0.14645,0.716740547552339
-0.11602,0.725705903741516
-0.085397,0.732776832816907
-0.054648,0.737949918815513
-0.023847,0.741228342462587
0.0069237,0.742615074734515
0.037588,0.742118074325797
0.06807,0.73974986425878
0.098288,0.735522591283512
0.12817,0.729455472163098
0.15763,0.721563038804506
0.1866,0.711869408847703
0.21501,0.700404707745081
0.24277,0.68718867782397
0.26982,0.672254669622493
0.29609,0.655639004051726
0.32151,0.637379685393276
0.34601,0.617515277942899
0.36954,0.596098739514515
0.39204,0.573185977928493
0.41344,0.548826512327198
0.4337,0.523085648177429
0.45277,0.496032319630585
0.47061,0.467743954554984
0.48717,0.438295338339272
0.50242,0.407771847228425
0.51632,0.376257604784542
0.52885,0.34384811244487
0.53999,0.310645298707307
0.5497,0.276738522898348
0.55799,0.242241307772993
0.56484,0.207261108039829
0.57024,0.171904641019457
0.57419,0.136282144130585
0.5767,0.100510670009098
0.57777,0.0647017312050684
0.57741,0.0289662294762153
0.57564,-0.00658160215523352
0.57247,-0.0418359399833611
0.56794,-0.0766790676402786
0.56206,-0.111009730861866
0.55487,-0.144721222500736
0.5464,-0.17771347776441
0.53669,-0.209887880588855
0.52578,-0.241150459307728
0.51371,-0.2714143604183
0.50053,-0.30059427797388
0.48628,-0.328616726463477
0.47103,-0.355398434306133
0.45482,-0.380873556704752
0.4377,-0.40498557440696
0.41974,-0.427673128270428
0.401,-0.448880897176302
0.38153,-0.468568192572692
0.3614,-0.486693308398746
0.34067,-0.503223101417294
0.31941,-0.518125671074054
0.29767,-0.531386591106794
0.27552,-0.542991930271892
0.25303,-0.552929313443661
0.23026,-0.561196089764987
0.20728,-0.567790834587333
0.18414,-0.57272862006411
0.16092,-0.576015875583482
0.13768,-0.577667282160544
0.11447,-0.577711732302291
0.09137,-0.576167142192861
0.068422,-0.573070678779692
0.045692,-0.568456721731854
0.023236,-0.56236427602786
0.0011085,-0.554836486925157
-0.020637,-0.545919724926461
-0.04195,-0.535664196173958
-0.062778,-0.524120588805379
-0.083078,-0.511345815218381
-0.1028,-0.49739522933513
-0.12191,-0.482333360470555
-0.14036,-0.466220094672168
-0.15812,-0.449123280748597
-0.17515,-0.431107931052474
-0.19142,-0.412242341585801
-0.2069,-0.392595501148455
-0.22156,-0.372234946303293
-0.23538,-0.35123242760156
-0.24834,-0.329660937424615
-0.26041,-0.307584851838919
-0.27159,-0.285081757100808
-0.28186,-0.26222269243234
-0.2912,-0.239071158938737
-0.29962,-0.215704671233016
-0.3071,-0.192187368489585
-0.31364,-0.168585242530443
-0.31924,-0.144963545227191
-0.32391,-0.121392101402681
-0.32764,-0.0979272691485147
-0.33045,-0.0746347114094507
-0.33234,-0.0515705156429504
-0.33332,-0.0287884037231627
-0.33341,-0.00634559340323766
-0.33262,0.0157073613528268
-0.33097,0.037319797395387
-0.32847,0.0584502832117401
-0.32515,0.0790517204456752
-0.32103,0.0990816655603244
-0.31614,0.118495727494871
-0.31049,0.137264482534993
-0.30411,0.15535713493645
-0.29704,0.172735769697996
-0.2893,0.189373072614192
-0.28092,0.205244139985206
-0.27193,0.22032720397177
-0.26238,0.234589324909598
-0.25227,0.248026904319704
-0.24167,0.260608814856808
-0.23059,0.272327407066699
-0.21907,0.283172427096255
-0.20714,0.29313963909036
-0.19486,0.302208006426104
-0.18224,0.310380877758899
-0.16933,0.317651971526471
-0.15615,0.324029970137148
-0.14276,0.329506156185742
-0.12919,0.334080523134749
-0.11547,0.337760382264292
-0.10164,0.34055164412154
-0.087733,0.342464380825017
-0.073793,0.343503864259653
-0.059851,0.343681194336145
-0.045945,0.343006901141415
-0.032108,0.341494660518657
-0.01838,0.339155311006823
-0.0047921,0.336003844296068
0.0086206,0.332055372180692
0.021822,0.327324074228749
0.034779,0.321825312391027
0.047459,0.315575438419298
0.059834,0.308594630892756
0.071866,0.300898269382698
0.083528,0.292505620753123
0.094794,0.283439328841438
0.10563,0.273718247731337
0.11602,0.263370978971272
0.12592,0.252412493295519
0.13533,0.240878878325454
0.1442,0.228785261699031
0.15253,0.216166387687274
0.16028,0.203042231946632
0.16744,0.189442431927307
0.174,0.17540352556757
0.17992,0.160944351127081
0.18521,0.146105827790699
0.18984,0.130915871695937
0.19379,0.115398424203944
0.19707,0.0995956047079904
0.19965,0.0835333195265019
0.20154,0.0672531214925352
0.20273,0.0507930948100406
0.2032,0.034179924461248
0.20297,0.017459760668082
0.20203,0.000670814283637661
0.20038,-0.0161489486373842
0.19803,-0.0329556166172651
0.19498,-0.0497092983802063
0.19125,-0.0663598723665146
0.18684,-0.0828653610164873
0.18178,-0.099169559843095
0.17606,-0.115236162923859
0.16972,-0.131009203669241
0.16277,-0.146440860332005
0.15523,-0.161484079335939
0.14714,-0.1760792301628
0.1385,-0.190188060981562
0.12937,-0.203746567029156
0.11976,-0.216709036418535
0.10971,-0.229023917144041
0.099253,-0.240641902030779
0.088435,-0.251507599107121
0.077292,-0.261569993551414
0.065863,-0.270781161770273
0.054198,-0.279089250208343
0.042335,-0.286449935691916
0.030323,-0.292818464274909
0.01821,-0.298152128121571
0.0060415,-0.302413320602084
-0.0061302,-0.305564991432886
-0.018259,-0.307576584454256
-0.030294,-0.308420518140635
-0.042187,-0.308074816115883
-0.053888,-0.306521747063106
-0.065349,-0.303749420067803
-0.076524,-0.299752907494403
-0.087365,-0.294531997110624
-0.097825,-0.288091457986046
-0.10786,-0.280442582190904
-0.11743,-0.271604974513567
-0.12649,-0.261601097006842
-0.13501,-0.250466560177856
-0.14294,-0.23823215730392
-0.15025,-0.224939053923241
-0.1569,-0.210628531727057
-0.16287,-0.195355871024088
-0.16812,-0.17917155349468
-0.17264,-0.162143175184956
-0.17639,-0.144328243587389
-0.17936,-0.12579684344273
-0.18153,-0.106619946951195
-0.18289,-0.0868747202516854
-0.18343,-0.066641197524252
-0.18314,-0.0459994798934486
-0.18201,-0.025027425747539
-0.18005,-0.00381359244713356
-0.17726,0.0175548373564555
-0.17365,0.0389869989620315
-0.16922,0.0603992034805295
-0.164,0.0816939611047908
-0.15798,0.102795243658375
-0.15121,0.123602427633225
-0.14369,0.144035199843634
-0.13545,0.164010087828493
-0.12652,0.183443852005356
-0.11693,0.202256234364149
-0.10672,0.220364722715444
-0.095912,0.237701119962066
-0.084553,0.25419274724154
-0.07268,0.269773311320415
-0.06034,0.284376712347595
-0.047575,0.297943150043153
-0.03443,0.310417970446947
-0.020958,0.321746908120641
-0.0072077,0.331881334762765
0.006768,0.340776051518317
0.020918,0.348391852797641
0.035185,0.354691511153228
0.049515,0.3596435033807
0.063852,0.363220931082291
0.078139,0.365401254470689
0.092319,0.366166684976742
0.10634,0.36550805606871
0.12013,0.363409205062678
0.13366,0.359881135058948
0.14685,0.354919298940479
0.15966,0.348536846914794
0.17204,0.340753949160362
0.18392,0.33158158242969
0.19528,0.321060431358756
0.20605,0.309217478818826
0.21619,0.296090500744337
0.22565,0.281717892536756
0.2344,0.266152602978794
0.24239,0.249443361918954
0.24958,0.231641799772048
0.25594,0.212808059454349
0.26144,0.193007661837477
0.26604,0.172301399140562
0.26972,0.150759448988961
0.27245,0.128450272334485
0.27421,0.10544645825274
0.27498,0.0818218858851945
0.27475,0.0576567584604117
0.2735,0.03302666308086
0.27122,0.00800862045086941
0.26791,-0.0173141180451214
0.26357,-0.042855794248067
0.25819,-0.0685386421001798
0.25179,-0.094271597846634
0.24437,-0.119970497419742
0.23593,-0.145559418969848
0.22651,-0.17094200395203
0.21611,-0.196038061521042
0.20475,-0.220768305522788
0.19248,-0.245034664384388
0.17929,-0.268771479520331
0.16524,-0.291889811935717
0.15035,-0.314314535858996
0.13466,-0.335969511188685
0.11822,-0.356773074525163
0.10104,-0.376671540998868
0.083195,-0.395587841292844
0.064714,-0.413462829406592
0.045646,-0.430239296473338
0.026044,-0.445860879420077
0.0059553,-0.460278328461187
-0.014568,-0.473446605052015
-0.035472,-0.485324647247904
-0.056703,-0.495876546101424
-0.078205,-0.505070498421713
-0.099925,-0.512881761331976
-0.1218,-0.519285217510291
-0.14379,-0.52427377998242
-0.16582,-0.527829840941944
-0.18783,-0.52993948120545
-0.20979,-0.530614890834028
-0.23161,-0.529845179912961
-0.25326,-0.527646047769746
-0.27466,-0.52401773210438
-0.29577,-0.518978051167847
-0.31654,-0.512551564662627
-0.3369,-0.504753237677144
-0.3568,-0.49560505969248
-0.37619,-0.485134424791255
-0.39501,-0.473365257808729
-0.41322,-0.460333103303666
-0.43077,-0.446074765128895
-0.44761,-0.430627286194156
-0.46368,-0.414019680235065
-0.47895,-0.396296019742741
-0.49336,-0.37748924691138
-0.50688,-0.357644699747495
-0.51946,-0.336801739697314
-0.53107,-0.3150086557291
-0.54167,-0.292312227425457
-0.55122,-0.268756719397462
-0.55968,-0.244383100733748
-0.56704,-0.219250663415941
-0.57324,-0.193394782670953
-0.57828,-0.16687482087288
-0.58212,-0.139738131799252
-0.58473,-0.112028320339545
-0.5861,-0.0837993623418401
-0.5862,-0.0550971173863752
-0.58503,-0.0259816039312647
-0.58256,0.00349980746605403
-0.57877,0.0333041102149698
-0.57368,0.0633637040500871
-0.56725,0.0936376580377985
-0.5595,0.124063601432096
-0.55041,0.154593483539303
-0.53998,0.185177659339254
-0.52823,0.215752120248419
-0.51516,0.246258158964373
-0.50077,0.276643302689716
-0.48507,0.306854531174315
-0.46808,0.336832836642685
-0.44982,0.366516393579534
-0.4303,0.395850590419172
-0.40955,0.424773754295259
-0.38759,0.4532280269959
-0.36444,0.48116064605042
-0.34015,0.508502667646051
-0.31473,0.53520401272779
-0.28824,0.561194669034368
-0.26069,0.586427908704998
-0.23214,0.610840565701164
-0.20263,0.634373225878448
-0.17221,0.656964211335619
-0.14092,0.678559593109937
-0.10883,0.699091482750696
-0.075979,0.718506016105601
-0.04243,0.736744873371597
-0.0082517,0.753744042556459
0.0265,0.769446650766401
0.061753,0.783791678640844
0.09744,0.79672050938216
0.13348,0.808168462989871
0.16982,0.818088977510358
0.20636,0.826417166697607
0.24302,0.833090473227299
0.27974,0.83806525224443
0.31641,0.841277888184987
0.35296,0.84268053474883
0.3893,0.842225133469191
0.42534,0.839865337050825
0.46099,0.835558009294844
0.49616,0.829264346817201
0.53075,0.820943268671802
0.56467,0.810560929962405
0.59783,0.798090799162836
0.63013,0.78350612873348
0.66149,0.766796068605943
0.6918,0.747941247185582
0.72099,0.726946065165124
0.74896,0.703812317147888
0.77562,0.678547560544958
0.80089,0.651171677172024
0.82468,0.621707022387201
0.84693,0.590199975241443
0.86755,0.556693275730633
0.88648,0.521248157344618
0.90365,0.483932072245557
0.91899,0.444815982430216
0.93245,0.403986817063825
0.94399,0.361549650021243
0.95354,0.317599342692215
0.96108,0.272257047850514
0.96657,0.225647109075755
0.96997,0.177893082871061
0.97127,0.129136657878955
0.97045,0.0795227769528888
0.9675,0.0292022796139411
0.96241,-0.021673600865784
0.95519,-0.0729429715862442
0.94586,-0.124432751642562
0.9344,-0.175995594188789
0.92087,-0.22745031242118
0.90527,-0.278638356000113
0.88765,-0.329387453118452
0.86804,-0.379534510046815
0.84649,-0.428914306564442
0.82305,-0.477365295143599
0.79777,-0.524734235329237
0.77073,-0.570857576729983
0.74198,-0.615591138958175
0.7116,-0.658789198148712
0.67967,-0.700309897748023
0.64625,-0.740034329027732
0.61145,-0.777829571285008
0.57534,-0.813585842371935
0.53802,-0.847194076742508
0.49958,-0.878557428724852
0.46012,-0.907585429514817
0.41973,-0.934203898530674
0.37851,-0.958347705845244
0.33656,-0.979962080702314
0.29398,-0.999003367001522
0.25087,-1.01543930900923
0.20734,-1.02924154733191
0.16347,-1.04040900720259
0.11938,-1.04893422172088
0.07516,-1.05482806670174
0.030905,-1.05811326885627
-0.013289,-1.05882176514346
-0.057326,-1.0569930028451
-0.10111,-1.05267229639121
-0.14456,-1.04592036640178
-0.18759,-1.03680576138958
-0.23011,-1.02539920629124
-0.27203,-1.01177185834819
-0.31327,-0.996001195674338
-0.35377,-0.978182916695363
-0.39345,-0.958410402980628
-0.43223,-0.936772934841864
-0.47004,-0.913361662475793
-0.50683,-0.888281688766103
-0.54252,-0.861624397616744
-0.57707,-0.833497205843752
-0.61041,-0.803995284941836
-0.64249,-0.773216001251638
-0.67328,-0.741270434445614
-0.70271,-0.708247878905398
-0.73075,-0.674246903997697
-0.75736,-0.639363113467982
-0.7825,-0.603686713467201
-0.80615,-0.567315442070399
-0.82826,-0.530327778408525
-0.84882,-0.492813584366842
-0.8678,-0.454854101811813
-0.88518,-0.416528222627675
-0.90094,-0.37791018196482
-0.91506,-0.339067801780101
-0.92754,-0.300076021260852
-0.93835,-0.260990630870173
-0.9475,-0.221879363225019
-0.95496,-0.182787469274468
-0.96076,-0.143784520825905
-0.96487,-0.104912756990519
-0.9673,-0.0662201257199923
-0.96807,-0.0277645821639402
-0.96716,0.0104196661750385
-0.9646,0.0482821806727865
-0.96039,0.0857836467522036
-0.95455,0.122880633795822
-0.9471,0.159528198537717
-0.93805,0.195689401843333
-0.92742,0.231327971287453
-0.91524,0.266402357934474
-0.90153,0.300875856131119
-0.88633,0.33470243017084
-0.86965,0.367852501140783
-0.85153,0.400288921646302
-0.83201,0.431969985219016
-0.81112,0.462859346024582
-0.7889,0.492919074840186
-0.76538,0.522118890349377
-0.74061,0.550421205238259
-0.71463,0.577791439225012
-0.68749,0.604191447768793
-0.65923,0.629589102789339
-0.6299,0.653951060827572
-0.59954,0.677251753987255
-0.56821,0.699458239331313
-0.53596,0.720540354995604
-0.50283,0.740478824057229
-0.46889,0.759241915837745
-0.43419,0.776803923504541
-0.39878,0.793145096162673
-0.36271,0.808251429216767
-0.32606,0.822092146627489
-0.28887,0.834653738835632
-0.25121,0.845915166592938
-0.21314,0.855857648109438
-0.17472,0.864465077336728
-0.13602,0.871716886251883
-0.097091,0.877603845556646
-0.058009,0.882107955136816
-0.018841,0.88521159695935
0.020347,0.886898969201557
0.059485,0.887153489721109
0.098504,0.885959413369685
0.13733,0.883298667148328
0.17589,0.87915278826219
0.21412,0.873510407091942
0.25194,0.866354601917315
0.28927,0.85766467571123
0.32604,0.847425071040704
0.36218,0.835625025791044
0.3976,0.82224337814063
0.43223,0.807266163592055
0.466,0.790685816189818
0.49883,0.772492966523177
0.53065,0.752684664673329
0.56137,0.731248643563395
0.59093,0.708187847154606
0.61925,0.683502820260922
0.64626,0.657199760822693
0.67189,0.629289454636631
0.69607,0.599786287495889
0.71873,0.568707340604564
0.73981,0.536078971205638
0.75924,0.50192706708687
0.77698,0.466298770740684
0.79296,0.429235043141114
0.80713,0.390785662724883
0.81945,0.351013655400338
0.82987,0.309983703065055
0.83835,0.267767513064034
0.84486,0.224447922496301
0.84937,0.180114483668245
0.85186,0.134867085592557
0.85232,0.088818559336285
0.85072,0.0420742027515088
0.84707,-0.00524021163199816
0.84136,-0.0530008265173023
0.83361,-0.101066769653777
0.82383,-0.149294981554722
0.81203,-0.197544890532499
0.79825,-0.245659999234487
0.78252,-0.293483101459707
0.76487,-0.340861233162573
0.74535,-0.387634834019955
0.72401,-0.43364403860999
0.7009,-0.478733815294509
0.6761,-0.522735854447512
0.64966,-0.565498744188031
0.62164,-0.606882330819858
0.59214,-0.646730751802292
0.56123,-0.684902912139892
0.52899,-0.721267117328396
0.4955,-0.755703945467938
0.46087,-0.788086082076948
0.42519,-0.818299262236968
0.38855,-0.846244031176355
0.35105,-0.871829401149528
0.3128,-0.894967520189227
0.2739,-0.915584073937854
0.23445,-0.933618910701878
0.19456,-0.949018767615348
0.15434,-0.96173859708904
0.11391,-0.971734987751986
0.073364,-0.978987405184869
0.03282,-0.983477701815452
-0.0076147,-0.985199160324827
-0.047829,-0.984152705891835
-0.087713,-0.98034729759303
-0.12716,-0.973801454479519
-0.16607,-0.96454676620242
-0.20432,-0.952608352047054
-0.24183,-0.938038021738013
-0.27849,-0.920886254837746
-0.3142,-0.901209166797178
-0.34886,-0.879066498655881
-0.38239,-0.854534622006241
-0.4147,-0.827694334029726
-0.4457,-0.798628228682765
-0.47531,-0.767425845329254
-0.50346,-0.734187562906651
-0.53006,-0.699005195314637
-0.55505,-0.661983473649487
-0.57838,-0.623242163393303
-0.59997,-0.582887733352309
-0.61978,-0.541042559529273
-0.63775,-0.497823599970556
-0.65385,-0.453362263261725
-0.66802,-0.407775602033681
-0.68024,-0.361195171101258
-0.69048,-0.313752867598883
-0.69871,-0.265576850390561
-0.70492,-0.216803077282978
-0.70909,-0.167562158263378
-0.71122,-0.117991033639202
-0.71132,-0.068234778340963
-0.70937,-0.0184182148653792
-0.7054,0.0313173282147579
-0.69941,0.0808440305483183
-0.69144,0.130019682780373
-0.68149,0.178724782733068
-0.66961,0.226825318326434
-0.65583,0.274194950567811
-0.64018,0.320717924647164
-0.62272,0.366268984126046
-0.60349,0.410734424126352
-0.58255,0.453999190512144
-0.55995,0.495958722409744
-0.53575,0.536513444818455
-0.51002,0.575564208492576
-0.48283,0.613015996424105
-0.45425,0.648780800007373
-0.42436,0.682772355853209
-0.39323,0.714916643699585
-0.36096,0.74513043427071
-0.32762,0.773348596683541
-0.2933,0.799508643841468
-0.2581,0.823545588130413
-0.22212,0.84539522386312
-0.18543,0.865018917374884
-0.14816,0.882356342989163
-0.11039,0.897369275311132
-0.072233,0.910014891647032
-0.033787,0.920259850518931
0.0048364,0.928070204870442
0.043535,0.933420266703605
0.082198,0.936286190584946
0.12072,0.936651075360216
0.15899,0.934500724430568
0.19691,0.929833880774895
0.23436,0.922644218323323
0.27124,0.912936980205924
0.30744,0.900719858475361
0.34286,0.886010333934419
0.37739,0.868826503078264
0.41094,0.849201813853215
0.44342,0.827181712301473
0.47472,0.802805792782821
0.50475,0.776123087094488
0.53344,0.747204089075512
0.56069,0.716112865303566
0.58644,0.682936458398016
0.61061,0.647763554205881
0.63313,0.610689373076369
0.65394,0.571819371215142
0.67299,0.531271894207297
0.69022,0.489165122785589
0.70559,0.445628668879986
0.71907,0.400805156629451
0.73062,0.354836297589619
0.74022,0.307873800024138
0.74785,0.260073030629562
0.75349,0.211587733127817
0.75715,0.162587922685378
0.75881,0.113229436633632
0.7585,0.0636888532859881
0.75622,0.0141318581994096
0.75198,-0.0352824572272124
0.74582,-0.0843832451997361
0.73777,-0.133003055460046
0.72786,-0.180982620651584
0.71613,-0.228167168893258
0.70263,-0.274403388775617
0.68741,-0.319544383703204
0.67052,-0.363453538310848
0.65203,-0.405992611008445
0.632,-0.44703439052492
0.61049,-0.486465236290645
0.58758,-0.524172001826433
0.56334,-0.56005367518571
0.53784,-0.594023050722996
0.51118,-0.62598552620361
0.48342,-0.655873960474286
0.45467,-0.683609474527682
0.42499,-0.70914410163801
0.39448,-0.732427770735933
0.36322,-0.753426098174709
0.33132,-0.772097292598406
0.29885,-0.788425457859065
0.2659,-0.802402345163271
0.23257,-0.814019798833591
0.19894,-0.823285790023213
0.1651,-0.830214675351788
0.13114,-0.83482651670978
0.097145,-0.837150015029637
0.063196,-0.83722384514882
0.029377,-0.835092229729499
-0.0042315,-0.830805964813179
-0.037553,-0.824423372875254
-0.070508,-0.816005625904487
-0.10303,-0.805624662293289
-0.13503,-0.793342957643854
-0.16646,-0.779244355077648
-0.19724,-0.763404300137356
-0.22732,-0.745911856837251
-0.25663,-0.726850046393607
-0.28511,-0.70630227553645
-0.31272,-0.684364834399735
-0.33939,-0.66111959662257
-0.36509,-0.636664099303658
-0.38977,-0.611090947596504
-0.41339,-0.584493480220417
-0.43591,-0.556962862524455
-0.4573,-0.528593145856507
-0.47754,-0.499485227590839
-0.49659,-0.469727636614331
-0.51443,-0.439410903808193
-0.53103,-0.408616859582189
-0.5464,-0.377447184052533
-0.56052,-0.345994111184918
-0.57337,-0.314339221298964
-0.58496,-0.282574893365116
-0.59527,-0.25077691635499
-0.60432,-0.219034596836478
-0.61211,-0.187430282904738
-0.61864,-0.156037820611098
-0.62393,-0.12493630149102
-0.62799,-0.0941988103497635
-0.63084,-0.0638982983991645
-0.6325,-0.0341049172667738
-0.633,-0.00489133728652044
-0.63235,0.023685222629626
-0.63059,0.0515601030739927
-0.62775,0.0786725274119025
-0.62385,0.104974620327251
-0.61895,0.130401359197652
-0.61306,0.154913352242807
-0.60623,0.178464082541365
-0.59851,0.201003267540043
-0.58993,0.222494433075848
-0.58054,0.242899126399018
-0.57038,0.262186419778103
-0.5595,0.280325564087924
-0.54793,0.297302235622501
-0.53574,0.31308680910299
-0.52297,0.327660925393943
-0.50966,0.341016398111401
-0.49586,0.353146658860117
-0.48162,0.364047189249582
-0.467,0.373708384444187
-0.45202,0.382146883445681
-0.43675,0.389363554135256
-0.42123,0.395369173502372
-0.4055,0.400182641440203
-0.38961,0.403821908721898
-0.3736,0.406311446258526
-0.35751,0.407680664369473
-0.34138,0.407962477315641
-0.32524,0.407199416058261
-0.30914,0.405426079602746
-0.29309,0.402699532709466
-0.27715,0.399056620272843
-0.26132,0.394561402577034
-0.24564,0.38926868196703
-0.23014,0.383231787893608
-0.21482,0.376523633136256
-0.19972,0.369201370866315
-0.18484,0.361337443166083
-0.17021,0.352992391677413
-0.15582,0.3442449880032
-0.1417,0.335156838983493
-0.12785,0.325796036524104
-0.11427,0.316233822980057
-0.10097,0.306534399136241
-0.087953,0.2967594302237
-0.075213,0.286973191154928
-0.062752,0.277234050147549
-0.050568,0.267596609867099
-0.03865,0.258117207614329
-0.026999,0.248842757304796
-0.015606,0.239818256971179
-0.0044575,0.2310888109622
0.0064501,0.222690603700386
0.017133,0.214660492889615
0.0276,0.207028931569435
0.037866,0.199824418279781
0.047942,0.193069743140019
0.057844,0.186785701157258
0.067585,0.180988230705662
0.077179,0.175689204691666
0.086643,0.170898667615114
0.095988,0.166620047304717
0.10523,0.162854620934634
0.11438,0.159597794025714
0.12346,0.156848111328055
0.13248,0.154597453900744
0.14144,0.152824812256515
0.15037,0.151521206504656
0.15927,0.150665116249849
0.16815,0.150232616386192
0.17702,0.150198235694242
0.1859,0.150543119747942
0.19478,0.151231887268094
0.20368,0.152238806439353
0.21259,0.15352429260341
0.22152,0.155053334795235
0.23047,0.156788068433226
0.23944,0.158689292849728
0.24843,0.16071775758974
0.25744,0.162835230385047
0.26645,0.164990565163064
0.27546,0.167138412495286
0.28447,0.169239386642404
0.29345,0.171237889786588
0.3024,0.173089054236986
0.31131,0.174750621184729
0.32015,0.176168961215285
0.32892,0.177305099092328
0.33758,0.178103557631683
0.34613,0.178526862238645
0.35454,0.178531131536546
0.3628,0.178083572998825
0.37087,0.177139326351965
0.37874,0.175667496893802
0.3864,0.173649600810434
0.3938,0.171048419833729
0.40094,0.167849942183645
0.4078,0.164044795662471
0.41435,0.159620565474904
0.42056,0.154563059518563
0.42643,0.148879548847716
0.43192,0.142565165509468
0.43703,0.135635288969293
0.44173,0.128099332854185
0.44601,0.119976734370285
0.44984,0.111279968348198
0.45322,0.102037992103309
0.45612,0.092270312901211
0.45853,0.0820032838606427
0.46045,0.0712756356332899
0.46185,0.0601130077484454
0.46272,0.0485447040144116
0.46305,0.0366022745532894
0.46284,0.0243256901303182
0.46207,0.0117458890007268
0.46073,-0.00110689923857733
0.45883,-0.0141890581610974
0.45634,-0.0274769656110641
0.45326,-0.0409416372992119
0.4496,-0.0545432437595987
0.44533,-0.0682639617520236
0.44047,-0.0820673389001566
0.435,-0.0959326045027723
0.42893,-0.109830153163353
0.42225,-0.123739008533939
0.41497,-0.137631096764892
0.40709,-0.151480949635857
0.3986,-0.165273463852012
0.38952,-0.178980312388685
0.37984,-0.192585651837559
0.36957,-0.206069540390372
0.35873,-0.219402077344216
0.34731,-0.232568516254024
0.33534,-0.245537345031885
0.32281,-0.258294165018155
0.30975,-0.270809385996994
0.29616,-0.283064358425088
0.28206,-0.295035171158296
0.26746,-0.306701922783238
0.25239,-0.318033899241287
0.23686,-0.329007489551101
0.2209,-0.339590858160672
0.20451,-0.349768792358685
0.18774,-0.359503134829025
0.1706,-0.368768050071036
0.15311,-0.377541150987584
0.13531,-0.385788874329418
0.11722,-0.393484564739168
0.098871,-0.400599946209992
0.080296,-0.407104953904243
0.06152,-0.412975043622446
0.042581,-0.418181413859065
0.023504,-0.422702469078481
0.0043246,-0.426515421062296
-0.014923,-0.429598428646116
-0.03421,-0.431935255087842
-0.053502,-0.433510742597996
-0.072767,-0.434313052612906
-0.091973,-0.434333605885798
-0.11109,-0.433568424382696
-0.13008,-0.432011689673949
-0.14892,-0.42966759916841
-0.16757,-0.426535984625691
-0.18601,-0.42262818732899
-0.20421,-0.417957353832729
-0.22213,-0.412530551891409
-0.23976,-0.406372134907083
-0.25706,-0.399497733172085
-0.27401,-0.391930477431034
-0.29058,-0.383691665754704
-0.30675,-0.374808060337303
-0.32249,-0.365302811388343
-0.33779,-0.355210402295527
-0.35263,-0.344566194920293
-0.36698,-0.333397958363449
-0.38083,-0.321741395072374
-0.39415,-0.309622839605176
-0.40694,-0.297082516445516
-0.41918,-0.284155927903691
-0.43085,-0.270873748782241
-0.44194,-0.257269235062762
-0.45244,-0.243376714626306
-0.46234,-0.229230329686298
-0.47164,-0.214870410533412
-0.48032,-0.200326249845176
-0.48837,-0.185624672244628
-0.4958,-0.17080438510778
-0.50259,-0.155890253006811
-0.50875,-0.140917288303755
-0.51428,-0.12592013160258
-0.51917,-0.110924578615316
-0.52342,-0.0959557567191147
-0.52704,-0.0810447247406681
-0.53003,-0.066218848270711
-0.5324,-0.0515089287408601
-0.53415,-0.0369400634949093
-0.53528,-0.0225318164421377
-0.53581,-0.00831328601504501
-0.53575,0.0056871792243711
-0.53509,0.0194576457978316
-0.53385,0.0329778261555553
-0.53204,0.0462289133412922
-0.52967,0.0591940625033435
-0.52674,0.0718661239807778
-0.52327,0.0842314355638043
-0.51927,0.0962791066569064
-0.51474,0.108008419539745
-0.50969,0.119419737615289
-0.50414,0.130507138894375
-0.49808,0.14128220923444
-0.49154,0.151740982141692
-0.48452,0.161889450906998
-0.47702,0.171741668029711
-0.46907,0.181295806999902
-0.46066,0.190567029866438
-0.4518,0.199569147974465
-0.4425,0.208314658708798
-0.43278,0.21680738792313
-0.42264,0.225058950492905
-0.41208,0.233087012998077
-0.40113,0.240891539168555
-0.38978,0.248487854725812
-0.37805,0.255881114828076
-0.36594,0.263082962988715
-0.35346,0.270102590031228
-0.34062,0.276946980275925
-0.32744,0.283613757014682
-0.31392,0.290107835958443
-0.30006,0.296439867702923
-0.28589,0.302602647616992
-0.2714,0.308604328226495
-0.25661,0.314443016339832
-0.24152,0.32012354335392
-0.22616,0.32563382115978
-0.21052,0.330977994064109
-0.19462,0.33615097040735
-0.17847,0.341147725657449
-0.16208,0.345963400266316
-0.14546,0.350593379960476
-0.12862,0.355033359395008
-0.11158,0.359271992198568
-0.094348,0.363301421595258
-0.076937,0.367113109620356
-0.059359,0.370698939807819
-0.041632,0.374046922579027
-0.023764,0.377149672660904
-0.0057774,0.379993081996822
0.012318,0.382567338991246
0.030504,0.384860172169156
0.048766,0.386860351468798
0.067085,0.388554571095847
0.085447,0.389931949077878
0.10384,0.390985379755957
0.12223,0.391694780608697
0.14061,0.392050165337118
0.15897,0.392047798816526
0.17728,0.391674375306923
0.19553,0.390924096843324
0.21369,0.389782657999675
0.23174,0.38823674659227
0.24967,0.386281676508413
0.26746,0.383912534663544
0.28508,0.381117053549917
0.3025,0.377877443910134
0.31972,0.374194201918689
0.3367,0.370053061621222
0.35341,0.365435719975144
0.36985,0.360343372579243
0.38597,0.354756020259258
0.40175,0.348659385472623
0.41718,0.342051663888064
0.43221,0.334911674334507
0.44682,0.327225457098764
0.46099,0.318985335638534
0.47468,0.310174216768518
0.48787,0.300782764844206
0.50053,0.290800856772524
0.51263,0.280218116652255
0.52414,0.269024351908798
0.53504,0.25721729794216
0.54529,0.244786468812855
0.55488,0.231737333519438
0.56377,0.218066011688201
0.57193,0.203768699917885
0.57935,0.188856654168791
0.586,0.173338294672395
0.59186,0.157227039819436
0.59689,0.140525285539262
0.60109,0.123256140786003
0.60443,0.10543669089082
0.6069,0.0870935776135526
0.60848,0.0682531028798761
0.60916,0.0489480384806361
0.60892,0.0292081342736397
0.60776,0.00907471418472326
0.60567,-0.011410066201228
0.60264,-0.032204524234137
0.59867,-0.0532611216803044
0.59377,-0.0745215375252267
0.58793,-0.0959351858454357
0.58117,-0.117436989886065
0.57348,-0.138974251073042
0.56488,-0.160483639361692
0.55539,-0.181895140668715
0.54501,-0.203150227067913
0.53376,-0.224186657167924
0.52168,-0.244926349979074
0.50877,-0.265310416611116
0.49506,-0.285275159851659
0.48058,-0.30475507543918
0.46536,-0.323685333782052
0.44942,-0.342011181645761
0.43279,-0.359680493057335
0.41551,-0.376637715651038
0.3976,-0.392841277978765
0.3791,-0.408247685696221
0.36004,-0.42282094957677
0.34045,-0.436532595132635
0.32037,-0.449354080763172
0.29982,-0.461272871609057
0.27884,-0.472275389711961
0.25747,-0.482348076300932
0.23573,-0.491493016888696
0.21366,-0.499710529876192
0.19129,-0.507007345308369
0.16865,-0.513395605552611
0.14577,-0.518891893622313
0.12269,-0.523508906691939
0.099448,-0.527257682281576
0.076063,-0.530161974202998
0.052574,-0.532240640331248
0.029015,-0.533512033850961
0.0054179,-0.533995374314955
-0.018185,-0.533709952248639
-0.041755,-0.532670020320265
-0.065262,-0.530891872193175
-0.088669,-0.528388007527214
-0.11195,-0.525175747592057
-0.13505,-0.521254449872994
-0.15796,-0.516643060371861
-0.18063,-0.511345517788081
-0.20303,-0.505368366263846
-0.22513,-0.498720076615473
-0.24688,-0.491395651919608
-0.26827,-0.483408937574898
-0.28926,-0.474766405259692
-0.3098,-0.465461004130671
-0.32989,-0.45551192024217
-0.34947,-0.444914591144749
-0.36853,-0.433682389408912
-0.38703,-0.421820579408709
-0.40495,-0.409342521232278
-0.42226,-0.396260328051349
-0.43894,-0.382592159746172
-0.45495,-0.368345748805144
-0.47029,-0.353549761670673
-0.48493,-0.33822675991608
-0.49885,-0.322401144746015
-0.51204,-0.306105496126057
-0.52446,-0.289355873142311
-0.53613,-0.272198883925684
-0.54701,-0.254660071737199
-0.55709,-0.236769409699931
-0.56638,-0.218574315747459
-0.57485,-0.200105310007607
-0.58251,-0.181407922537057
-0.58933,-0.162508829894017
-0.59533,-0.143455598754003
-0.60049,-0.124281598818326
-0.60482,-0.105029852757782
-0.60831,-0.0857350095902786
-0.61097,-0.0664386050230122
-0.61278,-0.0471641852894612
-0.61377,-0.02795687933855
-0.61392,-0.008840767583579
-0.61326,0.0101409763434003
-0.61177,0.0289681976556193
-0.60947,0.047610548348545
-0.60637,0.0660379700231119
-0.60248,0.0842217320737312
-0.59779,0.102150033119944
-0.59234,0.119788369383689
-0.58612,0.137122132791058
-0.57915,0.154131256157573
-0.57145,0.170792108798424
-0.56302,0.187093898584563
-0.55388,0.203021975315489
-0.54405,0.218559259901419
-0.53354,0.233694842016207
-0.52237,0.248415951681545
-0.51056,0.262708924890402
-0.49813,0.276559993202281
-0.48509,0.289963312160551
-0.47147,0.302905033620278
-0.45728,0.315380250715646
-0.44255,0.327376829526891
-0.42729,0.338892142086149
-0.41154,0.349909315449847
-0.3953,0.360430221466877
-0.37861,0.370442405855678
-0.36149,0.379937173461085
-0.34396,0.388909262244519
-0.32604,0.397356491767174
-0.30776,0.405271998753255
-0.28915,0.412645484445376
-0.27023,0.41947169409205
-0.25101,0.42575712131168
-0.23154,0.431488126224086
-0.21183,0.436664914689411
-0.1919,0.441291579388921
-0.1718,0.445353179729401
-0.15153,0.448856915354638
-0.13113,0.45179817090884
-0.11062,0.454177830489614
-0.090024,0.455998329107579
-0.069371,0.457259687438357
-0.048683,0.457965245456834
-0.027988,0.458116575769362
-0.0073049,0.457720592265517
0.013343,0.456785151684107
0.033927,0.455314737952061
0.054428,0.453318154170685
0.074823,0.450804617969
0.095088,0.447782741864429
0.1152,0.444261196030902
0.13515,0.440258849104419
0.1549,0.435780868109446
0.17443,0.430834556416137
0.19373,0.425436134463641
0.21277,0.41959378571384
0.23153,0.413316379043699
0.24999,0.406613073559252
0.26814,0.399500386602163
0.28593,0.391970712742878
0.30337,0.38404152432304
0.32042,0.37571301980135
0.33707,0.366993608004902
0.35328,0.357875848304699
0.36905,0.348369241509081
0.38435,0.33847445224154
0.39916,0.328192351395941
0.41346,0.317523898549287
0.42723,0.306470048431165
0.44044,0.295024280611278
0.45308,0.283188961186414
0.46513,0.27096611942915
0.47656,0.25835002907171
0.48736,0.245343616358289
0.49751,0.231949278133514
0.50698,0.218161499932151
0.51577,0.203990694573663
0.52385,0.189437633408464
0.53121,0.174510071192957
0.53782,0.159206374400166
0.54369,0.143546947269548
0.54879,0.127539826166311
0.55311,0.111197643352262
0.55664,0.0945363763786441
0.55938,0.0775816502265136
0.56131,0.060351374575192
0.56243,0.0428715214719712
0.56274,0.0251738297353357
0.56223,0.00728640197783523
0.5609,-0.0107590048341188
0.55876,-0.0289212129560074
0.55581,-0.0471600223371441
0.55205,-0.0654371886991526
0.5475,-0.083702391054104
0.54214,-0.101926631248037
0.53601,-0.120054664228832
0.5291,-0.138048710756505
0.52144,-0.155856685722674
0.51303,-0.173438757661248
0.50389,-0.190751475837999
0.49404,-0.207749883588692
0.4835,-0.224389270983237
0.47228,-0.240633993201335
0.46041,-0.256442172355907
0.44792,-0.271768328780748
0.43481,-0.286587790713984
0.42113,-0.300856676470372
0.40689,-0.314546707001038
0.39212,-0.327628485255181
0.37685,-0.340072849597314
0.36109,-0.351866750654437
0.3449,-0.362973857777716
0.32828,-0.373384758525316
0.31128,-0.383075359713397
0.29391,-0.392040304816305
0.27621,-0.400267640164732
0.25821,-0.407748142982326
0.23993,-0.414482752346397
0.22141,-0.42046609743959
0.20268,-0.425695555020777
0.18376,-0.430178459994808
0.16468,-0.433922857220397
0.14548,-0.436930010700548
0.12618,-0.439210704205089
0.10681,-0.440775927037973
0.087393,-0.441641920703655
0.067967,-0.441817817415327
0.048555,-0.441318025209377
0.02918,-0.440160959382224
0.0098753,-0.43836028293546
-0.0093367,-0.435933627786252
-0.028431,-0.432899517283138
-0.047382,-0.429276326294049
-0.066167,-0.425084017520999
-0.08476,-0.420340896956645
-0.10314,-0.415067163660726
-0.12128,-0.409279569769316
-0.13917,-0.403004203404578
-0.15678,-0.396259173033215
-0.17409,-0.389063031087047
-0.19107,-0.381426740116496
-0.20772,-0.373376968770224
-0.22401,-0.364930081971189
-0.23993,-0.356108418032709
-0.25544,-0.346916255901556
-0.27056,-0.337387469550189
-0.28524,-0.327527020665066
-0.29948,-0.317353296966059
-0.31327,-0.306887501130521
-0.32659,-0.296145032040281
-0.33944,-0.28515087040626
-0.35179,-0.273914744771611
-0.36365,-0.262463276840257
-0.375,-0.250813677433973
-0.38584,-0.238989769868469
-0.39615,-0.22700513907873
-0.40595,-0.214894189164449
-0.4152,-0.202662672118606
-0.42393,-0.190344698240745
-0.43212,-0.177959194630938
-0.43977,-0.165526978048469
-0.44688,-0.153069660092084
-0.45345,-0.14060874323615
-0.45948,-0.128164891853227
-0.46497,-0.115757362108092
-0.46992,-0.103403574570444
-0.47433,-0.0911188135556107
-0.4782,-0.0789160375513681
-0.48154,-0.0668131836936643
-0.48434,-0.0548167404339186
-0.48661,-0.0429383873815788
-0.48834,-0.0311786880673666
-0.48955,-0.0195512216675058
-0.49022,-0.00804993020761085
-0.49036,0.00332491394466017
-0.48997,0.0145755220169336
-0.48904,0.0257136139591301
-0.48759,0.0367362398225515
-0.48561,0.0476510297200441
-0.48309,0.0584740710090438
-0.48004,0.0692131825773793
-0.47646,0.0798768169205476
-0.47233,0.090488598234964
-0.46767,0.101054262088537
-0.46246,0.111594622615416
-0.45671,0.122119962350334
-0.4504,0.132654030320783
-0.44354,0.143208644054188
-0.43612,0.153800493719031
-0.42814,0.164442353447469
-0.4196,0.175143483743916
-0.41049,0.185917430193986
-0.40081,0.196773399740386
-0.39056,0.207716810922588
-0.37974,0.218749825021449
-0.36836,0.229864454726943
-0.3564,0.241066855363989
-0.34389,0.252337372955692
-0.33082,0.26366557576038
-0.3172,0.27503387631241
-0.30304,0.286419323950679
-0.28836,0.297787797969507
-0.27315,0.309119215377549
-0.25744,0.320375735823693
-0.24125,0.331513592022468
-0.22459,0.342492790589341
-0.20748,0.353270071029988
-0.18994,0.363800740949547
-0.172,0.374032819654532
-0.15369,0.383909924537983
-0.13503,0.393381132974965
-0.11606,0.402386632872987
-0.096797,0.410878220882658
-0.077284,0.418799312117534
-0.05756,0.426091259149499
-0.037659,0.432699256812231
-0.017622,0.438568153473454
0.002511,0.443645025872293
0.022696,0.447877519667561
0.042893,0.451218434204973
0.063056,0.45362190672637
0.08314,0.455045494684919
0.1031,0.455451037084183
0.1229,0.454811906185362
0.14249,0.453101552159931
0.16182,0.450294621889813
0.18085,0.44637521804189
0.19954,0.441335912304048
0.21785,0.435176726981977
0.23574,0.427904109156836
0.25316,0.419522520417304
0.27009,0.410057269650111
0.28648,0.399527977881816
0.30231,0.38797168801625
0.31754,0.375424024905732
0.33213,0.361918801850285
0.34607,0.347509894377698
0.35933,0.332251338120009
0.37188,0.316196036428001
0.38371,0.299409489293387
0.39479,0.281950903857345
0.40512,0.263895068239123
0.41468,0.245312552698261
0.42345,0.226268605740844
0.43143,0.206837139733522
0.43863,0.187104344745658
0.44502,0.16713426555681
0.45061,0.14700074589613
0.4554,0.126775895800705
0.45939,0.106528207665244
0.46259,0.0863284919625801
0.46499,0.0662323801993777
0.46661,0.0463035645670093
0.46745,0.0265953166768877
0.46752,0.00715803309714931
0.46683,-0.0119620235860151
0.46539,-0.0307236421396848
0.4632,-0.0490986768278183
0.46028,-0.0670559860516492
0.45664,-0.0845707476439344
0.45228,-0.101631794538899
0.44723,-0.118217581988307
0.4415,-0.134314045531941
0.43509,-0.149921385278499
0.42802,-0.165036967182922
0.4203,-0.179663781214172
0.41196,-0.193794892611026
0.40299,-0.207445515693764
0.39342,-0.220619101823797
0.38325,-0.233332060554513
0.37252,-0.245581541248271
0.36122,-0.257386498937615
0.34939,-0.268746240825318
0.33703,-0.279674066110299
0.32416,-0.290179615044777
0.3108,-0.300269513037642
0.29698,-0.309940542953032
0.2827,-0.319203960049519
0.268,-0.328052930309559
0.25289,-0.336488512885881
0.23741,-0.344496003329295
0.22156,-0.352078041913519
0.20538,-0.359221679039226
0.18889,-0.365916608636786
0.17212,-0.372147598770507
0.15509,-0.377903313936242
0.13784,-0.383161138391108
0.12039,-0.387904822194748
0.10276,-0.392123754819618
0.084995,-0.395793755340816
0.067121,-0.398894482816937
0.049165,-0.401408581046508
0.031166,-0.403312788716722
0.01315,-0.404589423603007
-0.0048505,-0.405221080168196
-0.022796,-0.405185987543984
-0.040659,-0.404468436987533
-0.058405,-0.403052983981161
-0.076001,-0.400926062750456
-0.093407,-0.398070953798427
-0.1106,-0.394481562115258
-0.12754,-0.390148104927148
-0.14419,-0.385060463605904
-0.16052,-0.379213846398049
-0.1765,-0.372608038083225
-0.1921,-0.365246677315018
-0.20727,-0.357121773803499
-0.22199,-0.34823849684329
-0.23623,-0.338605224659255
-0.24995,-0.328225439243588
-0.26313,-0.317113495205671
-0.27572,-0.305270054539508
-0.28771,-0.292714401481708
-0.29906,-0.279458223208435
-0.30975,-0.265521646738401
-0.31975,-0.250923741095405
-0.32903,-0.235682271470223
-0.33757,-0.219820912292049
-0.34534,-0.203360101091852
-0.35233,-0.186331925344926
-0.3585,-0.168754823235931
-0.36385,-0.150665301043447
-0.36835,-0.132091241072931
-0.37197,-0.113052782339937
-0.37473,-0.0936001900336626
-0.37658,-0.0737548386456533
-0.37754,-0.0535659209920131
-0.37758,-0.0330666602409374
-0.3767,-0.0122985863006519
-0.37491,0.00868392619083892
-0.37218,0.0298473252884131
-0.36854,0.0511315421002388
-0.36398,0.072486499824589
-0.35851,0.0938569183495789
-0.35213,0.115192419835398
-0.34485,0.136440777670014
-0.3367,0.157535145623424
-0.32768,0.178421136365478
-0.31782,0.19903396989342
-0.30713,0.219317330547597
-0.29563,0.239216179913329
-0.28337,0.258656158553077
-0.27035,0.277586663451283
-0.25663,0.295933616358247
-0.24222,0.313643380940962
-0.22716,0.330658478549085
-0.2115,0.346912928315877
-0.19527,0.362350903969698
-0.17852,0.376911937633788
-0.16129,0.39054131739929
-0.14363,0.403183535528263
-0.12558,0.414791831938413
-0.10721,0.425306080559768
-0.088548,0.434688566410709
-0.069661,0.442892339810908
-0.050606,0.449872193285106
-0.031432,0.455591976183498
-0.012201,0.460014725889319
0.0070327,0.463110041532266
0.026211,0.464851344692745
0.045272,0.465213564842683
0.064167,0.464183797020722
0.082827,0.461744788265119
0.1012,0.457889310429348
0.11924,0.452623331836455
0.13687,0.445940849559291
0.15406,0.43786157563569
0.17074,0.428396274799215
0.18687,0.417570805486169
0.2024,0.405415486362485
0.21728,0.391963775686563
0.23147,0.377258481305267
0.24493,0.361349089531435
0.25763,0.344296797598536
0.26951,0.326148635431681
0.28057,0.306983488250684
0.29075,0.286859567125412
0.30005,0.265861312395452
0.30844,0.244069901531371
0.31588,0.221554306505656
0.32238,0.198408715415635
0.32792,0.174722830050045
0.33248,0.150580184949792
0.33605,0.126064284931516
0.33864,0.101270900438564
0.34024,0.0762880379543357
0.34086,0.0512095393345277
0.3405,0.0261236581146977
0.33916,0.00111135068365445
0.33687,-0.0237327636061828
0.33362,-0.0483356647273309
0.32945,-0.0726072598779252
0.32436,-0.0964762492303993
0.31839,-0.119859397777492
0.31156,-0.142681475362241
0.30388,-0.164883741670438
0.2954,-0.186393400746945
0.28615,-0.207143724777851
0.27615,-0.227082722322819
0.26545,-0.246150171979338
0.25408,-0.264296304339341
0.24209,-0.281466997606814
0.22952,-0.297614141620518
0.21641,-0.312696432161651
0.2028,-0.326679832860251
0.18876,-0.339515558617535
0.17432,-0.351174464184924
0.15953,-0.36162986547447
0.14445,-0.370851018065698
0.12913,-0.378812732799283
0.11361,-0.385502963847024
0.097962,-0.390897505339785
0.082226,-0.394987220873063
0.066459,-0.397763335323329
0.050709,-0.399224783015381
0.035032,-0.399371330499032
0.019478,-0.398208338985442
0.0040935,-0.395748580117934
-0.011066,-0.392004234244077
-0.025961,-0.386998914521178
-0.040536,-0.380753361820661
-0.054756,-0.3733009513446
-0.068573,-0.364675051335097
-0.081947,-0.354914330473218
-0.094843,-0.344064639116647
-0.10722,-0.332172165996218
-0.11904,-0.319284527191184
-0.13028,-0.305460439319775
-0.14091,-0.290760920632757
-0.1509,-0.275247276500573
-0.16022,-0.258979419819604
-0.16887,-0.242036699317443
-0.1768,-0.22447497626825
-0.18403,-0.206381345532923
-0.19052,-0.187821241412193
-0.19627,-0.168870288295409
-0.20128,-0.149610077492066
-0.20554,-0.130117183585142
-0.20905,-0.110469193347293
-0.21182,-0.090749500774033
-0.21385,-0.0710361982719053
-0.21515,-0.0514080181932642
-0.21573,-0.0319416747261783
-0.21561,-0.0127171424989768
-0.21481,0.00618559315755172
-0.21334,0.0246965765716461
-0.21122,0.0427489521169766
-0.20849,0.060265923185238
-0.20516,0.0771874891306398
-0.20127,0.093447199293877
-0.19685,0.108983181501131
-0.19193,0.123739520639465
-0.18654,0.137667226423663
-0.18073,0.150710045131757
-0.17452,0.162830189241206
-0.16795,0.17399161807955
-0.16107,0.184153909950318
-0.15391,0.193289607208825
-0.14651,0.201375662211123
-0.1389,0.208401212933746
-0.13114,0.214343930162006
-0.12326,0.219195598145522
-0.1153,0.222952757410804
-0.10729,0.225623815609331
-0.099283,0.227210036437007
-0.091308,0.227725128051422
-0.083399,0.227189226856956
-0.075598,0.225621633494179
-0.067935,0.22304973209685
-0.060444,0.219504097551753
-0.053155,0.215020349260336
-0.046098,0.209637515778016
-0.039303,0.203396587134819
-0.03279,0.196346651647047
-0.026588,0.18853553952411
-0.020712,0.180019283608357
-0.01519,0.170849519359236
-0.010027,0.161090027349022
-0.0052435,0.150801236555133
-0.0008519,0.14004523482984
0.0031456,0.128891273459227
0.0067373,0.117405410605129
0.0099235,0.105658108457095
0.0127,0.0937179984619208
0.015074,0.081658626962185
0.017047,0.0695510819501538
0.018623,0.0574641432417062
0.019819,0.04547219413119
0.020642,0.0336444133054283
0.021107,0.0220494818638903
0.021225,0.0107504837052808
0.02102,-0.00018651143192611
0.020508,-0.0107011595076737
0.019708,-0.0207375983202589
0.018646,-0.0302403888222357
0.017341,-0.0391615992339851
0.015818,-0.0474567156830899
0.014104,-0.0550842230988578
0.012221,-0.0620103682226088
0.010196,-0.068205401612898
0.0080531,-0.0736462844127937
0.0058187,-0.078314841586405
0.003516,-0.0822002037797504
0.0011737,-0.0852941356067924
-0.0011886,-0.0875979807764924
-0.003546,-0.0891173397617798
-0.0058746,-0.0898623044342841
-0.0081539,-0.0898492754368585
-0.010365,-0.0891009016695467
-0.012484,-0.0876409549359866
-0.014496,-0.0855004869782475
-0.016381,-0.0827121371078288
-0.018126,-0.0793144144232463
-0.019714,-0.0753468214183332
-0.021136,-0.0708547333928969
-0.022375,-0.0658813041765408
-0.023422,-0.0604727913402906
-0.024271,-0.0546790289152424
-0.02491,-0.048547021980947
-0.025331,-0.0421232130166708
-0.025529,-0.035454544582846
-0.025503,-0.0285900098544847
-0.02524,-0.02156998379075
-0.024746,-0.0144407430548216
-0.024016,-0.00724380160310857
-0.023047,-1.70308609865819e-05
-0.021842,0.00720140926175963
-0.020399,0.0143780630726849
-0.018722,0.0214799609286604
-0.01681,0.0284793559594879
-0.014673,0.0353455818731504
-0.012308,0.0420563230553824
-0.0097246,0.0485875532395869
-0.0069283,0.0549178249573381
-0.0039242,0.0610289217244418
-0.00072261,0.0669021502027737
0.0026694,0.0725216098057202
0.0062446,0.0778742364694368
0.0099908,0.0829462097846276
0.013899,0.0877260967888377
0.017957,0.0922025894727241
0.022155,0.0963668120328887
0.026476,0.100207007955114
0.03091,0.103714824811789
0.035442,0.106881407394299
0.040059,0.109699431721273
0.044743,0.112159517968339
0.049482,0.114255519208363
0.054255,0.115977597706458
0.059051,0.117320784835407
0.063851,0.118278434383811
0.068638,0.118844379264915
0.073397,0.119014649076974
0.078105,0.118781394606437
0.082753,0.118144355689281
0.087317,0.11709845375575
0.091784,0.115643140119386
0.096133,0.113775752154493
0.10035,0.111497301336378
0.10442,0.108811119872754
0.10831,0.105709127956224
0.11203,0.102206167127246
0.11555,0.0983056910478698
0.11885,0.0940093806050842
0.12193,0.0893323183265777
0.12477,0.0842852853885455
0.12735,0.0788753866792673
0.12966,0.0731140273376547
0.13171,0.0670306212781296
0.13346,0.0606313967540181
0.13492,0.0539407350642456
0.13608,0.0469822305233557
0.13694,0.0397856303129624
0.13749,0.0323774593066281
0.13772,0.0247809228054761
0.13764,0.0170306857603423
0.13724,0.00915489110788597
0.13654,0.00119780333441428
0.13552,-0.00681414877964994
0.13419,-0.0148475303660095
0.13256,-0.022864270277138
0.13064,-0.0308236981819403
0.12843,-0.0386916657925451
0.12594,-0.0464329594485323
0.12318,-0.054012627236953
0.12016,-0.0613970547302751
0.1169,-0.0685474130295875
0.1134,-0.0754367126661322
0.10968,-0.0820336729195169
0.10575,-0.0883120319067387
0.10163,-0.0942431324337713
0.097327,-0.0998070256697454
0.092861,-0.104981970518295
0.088251,-0.109746372786527
0.083503,-0.114089217549533
0.078641,-0.117995277543588
0.073675,-0.121456964336587
0.068622,-0.124468143494972
0.063496,-0.127026502427862
0.058316,-0.12912943154776
0.053093,-0.130780314696367
0.04784,-0.131986036122798
0.042579,-0.132749689435938
0.037317,-0.133082530985001
0.032073,-0.132993416921074
0.02686,-0.132493648140817
0.021687,-0.131599313780587
0.016574,-0.130321945411628
0.011526,-0.128680312710551
0.0065606,-0.126689311573308
0.0016844,-0.12436854600929
-0.0030884,-0.121735347363125
-0.0077545,-0.118812873420821
-0.012299,-0.115619827123131
-0.01672,-0.112180462742036
-0.021007,-0.108516514296497
-0.025157,-0.104652647766812
-0.029163,-0.100612257284207
-0.033025,-0.0964222310423263
-0.036735,-0.0921055927971358
-0.040294,-0.0876882290521617
-0.043699,-0.0831946074735868
-0.046953,-0.0786517472745153
-0.050053,-0.0740834655168617
-0.053001,-0.0695139456848475
-0.055802,-0.0649691136567098
-0.058454,-0.060470296682737
-0.060964,-0.0560410550577669
-0.063336,-0.0517037470684647
-0.065574,-0.0474790046214703
-0.067684,-0.0433868272393078
-0.069673,-0.0394467354605213
-0.071545,-0.0356749444840303
-0.073311,-0.0320895644009813
-0.074976,-0.0287051262286022
-0.076551,-0.0255371376186298
-0.078043,-0.0225983329334378
-0.079461,-0.0199001612342789
-0.080818,-0.0174554995796535
-0.082123,-0.0152748903735782
-0.083386,-0.0133672703289603
-0.084619,-0.0117413415465743
-0.085834,-0.010405208275644
-0.087042,-0.00936536537275757
-0.088255,-0.00862740862601767
-0.089487,-0.00819737575601323
-0.090747,-0.00807764476124591
-0.092046,-0.00826890470271623
-0.093402,-0.00877549227410212
-0.09482,-0.00959481567139565
-0.096315,-0.0107260270321785
-0.097896,-0.0121651396164505
-0.099576,-0.0139085794987514
-0.10136,-0.0159471701427292
-0.10327,-0.0182799295525711
-0.1053,-0.0208917070654841
-0.10746,-0.0237680746589277
-0.10977,-0.0269028816758975
-0.11222,-0.0302745636864711
-0.11482,-0.0338644350385029
-0.11758,-0.0376565759432829
-0.12049,-0.0416228964182574
-0.12356,-0.0457410084449834
-0.12679,-0.0499863105212661
-0.13017,-0.0543256840843762
-0.1337,-0.0587274370294024
-0.13737,-0.0631545051119896
-0.14118,-0.0675739245005043
-0.14512,-0.071949589734871
-0.14916,-0.0762291189019292
-0.15332,-0.0803854766128559
-0.15756,-0.0843685362811056
-0.16187,-0.0881332224134009
-0.16624,-0.0916398862806973
-0.17065,-0.0948471019097813
-0.17508,-0.0977133215619422
-0.1795,-0.100190829981478
-0.1839,-0.10224323414013
-0.18826,-0.103837099822239
-0.19255,-0.104935153145758
-0.19674,-0.105498301063921
-0.20081,-0.105494708145711
-0.20474,-0.104899541606837
-0.20849,-0.103679802272895
-0.21205,-0.101819291462264
-0.21538,-0.0992939252303943
-0.21845,-0.0960816248344023
-0.22124,-0.0921702281219261
-0.22372,-0.0875488186243791
-0.22587,-0.0822154939671488
-0.22764,-0.0761537965194009
-0.22902,-0.0693658486471427
-0.22997,-0.0618467936787013
-0.23047,-0.053601348340675
-0.2305,-0.0446420890606232
-0.23003,-0.0349804605241135
-0.22904,-0.0246343291615206
-0.22749,-0.0136116904606299
-0.22539,-0.00194954328207119
-0.22269,0.01033690296603
-0.21939,0.0232132707526292
-0.21546,0.0366527002230988
-0.2109,0.0506128062449705
-0.20569,0.0650545150188696
-0.19982,0.0799349988505241
-0.19328,0.0952095094624759
-0.18606,0.110832935834042
-0.17817,0.126746305685065
-0.1696,0.142895874412292
-0.16034,0.159233617621353
-0.15041,0.175695330337455
-0.13981,0.192220398512486
-0.12855,0.208745479891874
-0.11665,0.225199515033451
-0.10412,0.241514726105519
-0.090974,0.257625076222249
-0.077236,0.273460580735524
-0.062938,0.288944329883994
-0.048099,0.30400582464992
-0.032754,0.318570141404902
-0.016935,0.332563395659976
-0.00067385,0.345915036759054
0.015984,0.358549468268422
0.033009,0.370401266488534
0.050347,0.38139725152163
0.067961,0.391473135936641
0.085804,0.400566649954824
0.10382,0.408612705420655
0.12197,0.41555881091273
0.1402,0.421353516037102
0.15845,0.425943735171424
0.17668,0.429291862274135
0.19482,0.431352186511795
0.21283,0.432096467297619
0.23064,0.43148971116742
0.24821,0.429515192869865
0.26547,0.426149759188174
0.28237,0.421381055259383
0.29886,0.415206316367012
0.31488,0.407623733594238
0.33039,0.39864763335404
0.34532,0.388283284739749
0.35963,0.376551170285804
0.37327,0.363476534253469
0.38619,0.349088200632245
0.39836,0.333432281542439
0.40972,0.316545759479666
0.42024,0.298479760483372
0.42987,0.27928091502613
0.43859,0.259013388652867
0.44635,0.237731761151807
0.45313,0.215503743621868
0.4589,0.192398513615391
0.46363,0.168484626351941
0.46731,0.143843088691699
0.4699,0.118540545936517
0.47139,0.0926523661780855
0.47178,0.0662661822373505
0.47105,0.0394622077371211
0.46919,0.0123197051357597
0.46621,-0.0150704279008118
0.4621,-0.0426254352133527
0.45686,-0.0702642845025544
0.45051,-0.0978950958103215
0.44306,-0.125427505818807
0.43451,-0.152782627740347
0.42491,-0.179856441831498
0.41425,-0.206572321929228
0.40258,-0.2328339400976
0.38992,-0.258554414941716
0.37631,-0.283642598322715
0.36177,-0.308021748891545
0.34636,-0.331599857119151
0.33011,-0.354297912097048
0.31307,-0.376035382353801
0.29528,-0.396740763157853
0.2768,-0.416337667176213
0.25768,-0.434755935660315
0.23797,-0.451933042310821
0.21772,-0.467815038061715
0.197,-0.482342300155513
0.17586,-0.495467769353848
0.15437,-0.507141730978653
0.13257,-0.517336593247627
0.11055,-0.526007105662794
0.088344,-0.533137133254909
0.066032,-0.538701142997073
0.043672,-0.542683680251009
0.021326,-0.545075543459087
-0.00094348,-0.545873089063865
-0.023078,-0.54508089941787
-0.045013,-0.542706143105424
-0.066694,-0.538765907807815
-0.088057,-0.533278318707467
-0.10905,-0.52627122905483
-0.12961,-0.517771918170125
-0.1497,-0.507826126712549
-0.16924,-0.496461842260843
-0.18821,-0.48373670066459
-0.20653,-0.469686621869111
-0.22418,-0.454373680524685
-0.2411,-0.437850000813912
-0.25726,-0.420180644412372
-0.2726,-0.401417291090915
-0.2871,-0.381629095265493
-0.30073,-0.360890080490384
-0.31344,-0.339261417945269
-0.32522,-0.316821798729008
-0.33603,-0.293639643318948
-0.34586,-0.269795305736879
-0.35468,-0.245361636276486
-0.36247,-0.220410656558834
-0.36923,-0.19502631563099
-0.37495,-0.169292246386211
-0.37961,-0.143281871177366
-0.38322,-0.117080233661186
-0.38577,-0.0907642820535558
-0.38727,-0.0644167436700871
-0.38772,-0.038114938691875
-0.38713,-0.0119366697510775
-0.38552,0.0140350687490535
-0.3829,0.0397232404170597
-0.3793,0.0650434315901804
-0.37472,0.0899302978110746
-0.36921,0.1142992382527
-0.36278,0.138082583143505
-0.35547,0.161206560390457
-0.34732,0.183595092072647
-0.33835,0.205187712292507
-0.32861,0.225916639276209
-0.31813,0.245725473857563
-0.30696,0.264554392166202
-0.29515,0.282343091709279
-0.28273,0.299047966673256
-0.26976,0.31461854153052
-0.25629,0.329008232171871
-0.24236,0.342182906188842
-0.22803,0.354105267247157
-0.21334,0.364751923815597
-0.19836,0.374089788140771
-0.18313,0.382101661491343
-0.1677,0.388776841368572
-0.15214,0.394095969060446
-0.13649,0.398055989537894
-0.12081,0.400652840788855
-0.10514,0.401897090591419
-0.089554,0.401786189768374
-0.07409,0.40033418419572
-0.058802,0.397556739419284
-0.043742,0.39347231404845
-0.028954,0.388107433163651
-0.01449,0.381488860871767
-0.00038968,0.373652277240513
0.013296,0.364631547329706
0.026536,0.35447315667424
0.039278,0.343217007640159
0.051492,0.330913317312546
0.063142,0.317614982478193
0.07419,0.303374276984601
0.084612,0.288251996316089
0.09437,0.272303857524162
0.10344,0.255590335965151
0.1118,0.23817555385981
0.11943,0.220126255496034
0.1263,0.201501998851212
0.13241,0.182376981291284
0.13772,0.162805443784267
0.14223,0.142853434606142
0.14594,0.122594489486627
0.14882,0.102083747170545
0.15088,0.0813893000653567
0.15211,0.0605727234891164
0.15251,0.0396957210118065
0.15209,0.018825454039121
0.15084,-0.0019835097632229
0.14878,-0.0226664600429669
0.14591,-0.0431674776358964
0.14225,-0.0634248940366848
0.1378,-0.0833893206392968
0.13259,-0.10300089283907
0.12664,-0.122200790080892
0.11996,-0.140940497192721
0.11259,-0.159159429336835
0.10454,-0.17681159127949
0.095845,-0.193846013294803
0.086536,-0.210212565908858
0.076647,-0.225861443354325
0.066206,-0.240749397185451
0.055259,-0.25482684133527
0.043837,-0.268052027471123
0.031978,-0.280385994502352
0.019732,-0.291784727195479
0.0071354,-0.302211892647
-0.0057671,-0.311632704961447
-0.018929,-0.320013744569306
-0.032302,-0.327322767684058
-0.045844,-0.333534430483927
-0.059502,-0.338622068802068
-0.073233,-0.342566554108724
-0.086982,-0.345346951794335
-0.10071,-0.346953735103702
-0.11435,-0.347366580911815
-0.12787,-0.346583329852813
-0.14122,-0.344603643693955
-0.15434,-0.341421688024422
-0.16718,-0.337035137687045
-0.17971,-0.331459718636234
-0.19187,-0.324703467207605
-0.20361,-0.316775739345181
-0.21489,-0.307694403706659
-0.22566,-0.297476603508657
-0.23589,-0.286153494062929
-0.24552,-0.273744750412879
-0.25452,-0.260282661816262
-0.26285,-0.245801609198481
-0.27046,-0.230329502683703
-0.27733,-0.213910597314341
-0.28342,-0.196586452548062
-0.28869,-0.17839541853651
-0.29312,-0.159387059640863
-0.29667,-0.139603875751705
-0.29932,-0.11909630661263
-0.30103,-0.097905001049768
-0.3018,-0.0760911286536937
-0.3016,-0.0537084843487237
-0.3004,-0.0308033562739777
-0.2982,-0.00743676398358764
-0.29497,0.0163423990201482
-0.29072,0.0404669476422033
-0.28542,0.0648865564043977
-0.27908,0.0895365101620971
-0.2717,0.11434989449907
-0.26327,0.139267494922255
-0.2538,0.164223417811777
-0.24329,0.189155886664688
-0.23177,0.21398626921622
-0.21923,0.238654400824139
-0.2057,0.263087432969883
-0.1912,0.287212057814687
-0.17576,0.310949591971802
-0.15939,0.334234364829498
-0.14213,0.356991248550172
-0.12402,0.379139998355451
-0.10508,0.400613687758061
-0.085362,0.421334786463235
-0.064908,0.441227233716748
-0.04375,0.46022614406128
-0.021947,0.478257996671566
0.00044991,0.495250721667039
0.023394,0.511139173250697
0.046824,0.525855397585699
0.070686,0.539337067959931
0.094916,0.551521237153121
0.11945,0.562346785454429
0.14423,0.571760786852368
0.16918,0.579705680867612
0.19423,0.586126800308304
0.21932,0.590981318465694
0.24436,0.594215569490661
0.26929,0.595791417760285
0.29404,0.595677519753846
0.31852,0.593834705501316
0.34266,0.590233962862796
0.36638,0.584848464855644
0.38961,0.577661868772164
0.41227,0.568659925767805
0.43428,0.557831039342222
0.45556,0.545166619025857
0.47605,0.530676056639022
0.49565,0.514353931310605
0.51432,0.496227891423821
0.53196,0.476307608246395
0.54851,0.45461802522769
0.56391,0.431196134633467
0.57809,0.406080643909633
0.59099,0.37931835214534
0.60255,0.350961637275656
0.61272,0.32107363810962
0.62144,0.289717312549355
0.62867,0.256968760260398
0.63437,0.222912778038871
0.6385,0.187639002967591
0.64103,0.151246016834707
0.64193,0.113836967035947
0.64119,0.0755306525288121
0.63877,0.0364330104899955
0.63468,-0.00332643186267601
0.62891,-0.0436176230357573
0.62145,-0.0843138595299536
0.61232,-0.125272705009084
0.60153,-0.166350664089297
0.58909,-0.207407703434323
0.57502,-0.248303483372617
0.55936,-0.288886996543936
0.54215,-0.329003337232193
0.5234,-0.368521506124721
0.50318,-0.407289705478325
0.48153,-0.445166460812353
0.45851,-0.482008496908042
0.43417,-0.517683252511698
0.40858,-0.552056544379207
0.3818,-0.585004892835682
0.35391,-0.616403020474327
0.32499,-0.646128638416269
0.2951,-0.674081039099998
0.26433,-0.700158568128406
0.23277,-0.724262689451297
0.2005,-0.74630857302351
0.16762,-0.766211084796315
0.1342,-0.783910479361703
0.10035,-0.799340669382625
0.066146,-0.812458528995562
0.031695,-0.823218815351489
-0.0029101,-0.831587336496534
-0.037579,-0.837542733269081
-0.072217,-0.841072371530897
-0.10673,-0.842172460305393
-0.14102,-0.840844538290563
-0.175,-0.837103469480075
-0.20859,-0.830980531616499
-0.24168,-0.822498057361136
-0.27419,-0.811693530928709
-0.30603,-0.798608962688835
-0.33713,-0.783304336812874
-0.3674,-0.765838335058611
-0.39676,-0.746274949292761
-0.42513,-0.724681197626634
-0.45245,-0.701139926876875
-0.47864,-0.675730069440959
-0.50364,-0.648540343774494
-0.52737,-0.619650381145944
-0.5498,-0.589167452212697
-0.57085,-0.557181327871716
-0.59048,-0.523794846934061
-0.60865,-0.489118559168874
-0.6253,-0.453251356850154
-0.64041,-0.416309473174848
-0.65394,-0.37840496922507
-0.66586,-0.339650634853406
-0.67616,-0.300171254779417
-0.68481,-0.260082741974803
-0.6918,-0.219505076287639
-0.69713,-0.178565176161615
-0.70079,-0.137384196229658
-0.70279,-0.0960895775211822
-0.70313,-0.0548023605537188
-0.70183,-0.013649270109856
-0.69891,0.027242524383914
-0.69438,0.0677570775316897
-0.68828,0.107769239322774
-0.68065,0.147150645347604
-0.6715,0.185796843907266
-0.66088,0.223596809583459
-0.64885,0.260430753404793
-0.63544,0.296198176247576
-0.6207,0.330803024145495
-0.60469,0.364149025717737
-0.58747,0.396143337322353
-0.56909,0.42670679076583
-0.54963,0.455752217237787
-0.52913,0.483218953213521
-0.50768,0.50903339549866
-0.48533,0.533144098212419
-0.46216,0.555497695324032
-0.43824,0.576049111670675
-0.41364,0.594762153619534
-0.38844,0.611602333092324
-0.36271,0.626545799196558
-0.33652,0.639578832894855
-0.30994,0.650697145712988
-0.28306,0.659890235520781
-0.25594,0.667165868352538
-0.22867,0.672524913538358
-0.2013,0.675992968164214
-0.17392,0.6775859896516
-0.1466,0.677327169438391
-0.1194,0.67525289067265
-0.092386,0.671405310306123
-0.065631,0.665825438205773
-0.039198,0.658560099606383
-0.013145,0.649663639855161
0.012463,0.639190174548838
0.037574,0.6272020845024
0.062124,0.6137581010313
0.086069,0.598927408974489
0.10935,0.582774801945461
0.13193,0.565376145194489
0.15375,0.546797955636059
0.17477,0.527111456055871
0.19496,0.50639707429254
0.21427,0.484725602394113
0.23267,0.462172796540093
0.25013,0.438816178259865
0.26661,0.414724976225973
0.2821,0.389981778782398
0.29656,0.364655229926699
0.30998,0.338822726995325
0.32234,0.312558871217486
0.33363,0.285941000445787
0.34383,0.25903875682534
0.35293,0.231920641465344
0.36094,0.204666701309191
0.36785,0.177348859924493
0.37366,0.150037444003766
0.37838,0.12280646243533
0.38201,0.0957229599028221
0.38458,0.0688681888693676
0.38609,0.0423099202130823
0.38656,0.0161174410283754
0.38602,-0.00963380869981561
0.38448,-0.0348808520535929
0.38197,-0.0595582855162618
0.37852,-0.0836011430688624
0.37417,-0.106939795970155
0.36893,-0.129525551963026
0.36285,-0.151298983786442
0.35596,-0.172209057949836
0.34831,-0.192198740669597
0.33991,-0.211237929050079
0.33083,-0.229275334827814
0.3211,-0.246274199936108
0.31075,-0.262211107249935
0.29984,-0.277052486295047
0.28841,-0.290772897678219
0.2765,-0.303354745151801
0.26415,-0.314787828646593
0.25142,-0.325053978374167
0.23834,-0.334151827704059
0.22497,-0.342071942440974
0.21135,-0.348813938240968
0.19753,-0.354377823017944
0.18355,-0.358771776212724
0.16946,-0.362003386531115
0.1553,-0.364087367643992
0.14113,-0.365029370041671
0.12697,-0.364857512845578
0.11289,-0.363580622845609
0.098919,-0.361222346240508
0.085099,-0.357808285405494
0.071477,-0.353361474099514
0.05809,-0.347909856188044
0.044977,-0.341483280366847
0.032178,-0.33411174004823
0.019732,-0.325825398911526
0.0076709,-0.316659089299101
-0.00397,-0.306648025242246
-0.015154,-0.295825789566232
-0.025853,-0.284230121211993
-0.036035,-0.271898202248636
-0.045671,-0.258867953158581
-0.054735,-0.245179033066578
-0.0632,-0.230870620131413
-0.071046,-0.21598553043609
-0.078247,-0.200563807970376
-0.084786,-0.184648703355756
-0.090645,-0.168283993820856
-0.095807,-0.151513271210519
-0.10026,-0.134382312627643
-0.10399,-0.116935739977398
-0.10699,-0.0992209972840277
-0.10925,-0.0812840709949427
-0.11077,-0.0631756784811413
-0.11153,-0.0449339279500413
-0.11156,-0.0266224271628259
-0.11084,-0.00828637020961514
-0.10937,0.0100306229059673
-0.10717,0.028272917171823
-0.10424,0.0463918090748317
-0.10059,0.0643384403867544
-0.096232,0.0820640241986147
-0.091186,0.0995155959863564
-0.085465,0.116643798803104
-0.07909,0.133397980491649
-0.07208,0.149729682757777
-0.064458,0.165590967562446
-0.056248,0.180935282088427
-0.047476,0.195717386952918
-0.038176,0.209888831101118
-0.028368,0.223410662883527
-0.01809,0.236239767617917
-0.0073736,0.248336012678261
0.0037493,0.25966297226955
0.015241,0.270184349561956
0.027071,0.279870703528055
0.039197,0.288690638116343
0.051584,0.296617872552766
0.064197,0.30363140157258
0.076992,0.309708825448429
0.089934,0.314834311583812
0.10298,0.318992255796411
0.11609,0.322170290345245
0.12924,0.324371226983832
0.14236,0.325576419728994
0.15543,0.325787767868082
0.1684,0.325001849184809
0.18124,0.323226179719025
0.1939,0.32046242921045
0.20634,0.316715209525898
0.21852,0.311991659832122
0.23041,0.306308425663943
0.24195,0.299667432705106
0.25311,0.292081089832415
0.26386,0.283570121825637
0.27415,0.274146802970474
0.28394,0.263823823223875
0.29321,0.252628795825143
0.30191,0.240578570381675
0.31,0.227688368033175
0.31745,0.213979157803636
0.32423,0.19947604349592
0.33031,0.184206844361365
0.33564,0.168186067502781
0.3402,0.151439288971107
0.34396,0.133992918375948
0.34689,0.115873315228804
0.34897,0.0971134579939306
0.35016,0.0777359433375404
0.35045,0.0577765144834412
0.34981,0.0372656896664888
0.34823,0.0162436639219818
0.34568,-0.00525753247143343
0.34216,-0.0271912377859046
0.33765,-0.0495151593436132
0.33214,-0.0721844016250629
0.32562,-0.0951533338155198
0.3181,-0.118362337166284
0.30956,-0.141764481825875
0.30001,-0.165302347075683
0.28945,-0.188919218892885
0.27789,-0.21255332071058
0.26534,-0.236140711988721
0.25181,-0.259617701764828
0.2373,-0.28293021152964
0.22184,-0.306011515697035
0.20543,-0.328809024267739
0.18811,-0.351253747704031
0.1699,-0.373280501704608
0.15081,-0.394836712381465
0.13088,-0.4158596294961
0.11013,-0.436295218664762
0.088598,-0.456085066936444
0.066314,-0.475175184587356
0.04332,-0.493508199623062
0.019652,-0.511030474972053
-0.0046466,-0.527687843748067
-0.029533,-0.543428109621687
-0.054958,-0.55819783778834
-0.080875,-0.571946460514314
-0.10723,-0.584622118593809
-0.13397,-0.596174557833518
-0.16104,-0.606555204338474
-0.18838,-0.615714964550003
-0.21594,-0.623613561175529
-0.24364,-0.630197244656443
-0.27143,-0.635425548556455
-0.29925,-0.639262925984154
-0.32702,-0.641664488728732
-0.35468,-0.642594327983164
-0.38217,-0.642025251534395
-0.40941,-0.639923554158012
-0.43634,-0.636266484179105
-0.46289,-0.631033839058936
-0.48898,-0.624201115185945
-0.51454,-0.615748869812609
-0.53951,-0.605670121875554
-0.56382,-0.593961195251567
-0.5874,-0.580621633461277
-0.61017,-0.565646624391569
-0.63208,-0.549050565919091
-0.65305,-0.53084116562669
-0.67303,-0.51104309236891
-0.69194,-0.48967219255774
-0.70973,-0.466759282762998
-0.72634,-0.44233932181965
-0.74172,-0.416457341946968
-0.7558,-0.389150741468402
-0.76853,-0.360464749754607
-0.77988,-0.330464650598995
-0.78978,-0.299200707445917
-0.7982,-0.266739404350018
-0.8051,-0.233151179335849
-0.81044,-0.198507794320587
-0.81418,-0.162880130817111
-0.8163,-0.12635118059532
-0.81678,-0.0890113713588741
-0.81558,-0.0509397720096615
-0.81269,-0.0122261641375516
-0.80811,0.0270262819772775
-0.8018,0.0667362158979036
-0.79378,0.106798011349196
-0.78404,0.147111848914922
-0.77258,0.187578263010029
-0.75942,0.228086389049336
-0.74455,0.268541805979771
-0.728,0.308836823035929
-0.70979,0.348863892908208
-0.68994,0.388519051865439
-0.66848,0.427697242705369
-0.64545,0.466288605958457
-0.62087,0.504197833303338
-0.59479,0.541322443202093
-0.56726,0.577557670255577
-0.53832,0.61280787746359
-0.50803,0.646973354109146
-0.47643,0.679969387120024
-0.44359,0.711704281629948
-0.40958,0.742084023974389
-0.37445,0.771030895275363
-0.33828,0.79846108515679
-0.30114,0.824296396097625
-0.2631,0.848466133746158
-0.22424,0.870901043413688
-0.18465,0.891528379338002
-0.1444,0.910290198980463
-0.10358,0.927128136243287
-0.062278,0.941987403135096
-0.020584,0.954816946186223
0.021415,0.965573159000783
0.063626,0.97421600972321
0.10595,0.980705806875762
0.14831,0.985021270731526
0.19059,0.987128484537334
0.2327,0.987004240096309
0.27454,0.984627917162649
0.31603,0.979997039100518
0.35706,0.973102334807447
0.39753,0.963937361949915
0.43736,0.952513545381594
0.47645,0.938842223350645
0.51471,0.922942331707852
0.55205,0.90483896018093
0.58838,0.884561987562717
0.62362,0.862152209607429
0.65769,0.837658556191478
0.69052,0.811142989993671
0.72202,0.782661877311159
0.75214,0.752295437142443
0.78081,0.720126429727419
0.80797,0.686245047756347
0.83356,0.650745201159825
0.85755,0.613743551919993
0.87987,0.575342431090175
0.90049,0.535659415470555
0.91939,0.494828511545866
0.93651,0.452963641483906
0.95186,0.410211012571988
0.96539,0.366694270514654
0.9771,0.322552165526477
0.98699,0.277931466720254
0.99503,0.232958796356209
1,0.1868601821695
1,0.137651031932265
1,0.0875020400493679
1,0.0382025308874534
1,-0.00880893015647238
1,-0.0524130684042606
1,-0.0917780512127855
0.9942,-0.130618604654634
0.98622,-0.169256689663322
0.97658,-0.207568563121185
0.96532,-0.245430082550965
0.95248,-0.282720287797136
0.9381,-0.319324287928343
0.92223,-0.355128112122567
0.90491,-0.390029396949371
0.88619,-0.423930970953383
0.86613,-0.456735602858014
0.84477,-0.488364000010954
0.82217,-0.518739306646435
0.79838,-0.547796766740837
0.77347,-0.575469026686054
0.74749,-0.601703950500312
0.7205,-0.626456403046686
0.69256,-0.649688846635696
0.66372,-0.671379015052276
0.63407,-0.691488707628426
0.60365,-0.710005587818128
0.57252,-0.726924410771817
0.54075,-0.74223908919751
0.50841,-0.755943675064943
0.47555,-0.768047899718599
0.44223,-0.778567075234485
0.40853,-0.787506377443077
0.37449,-0.79489276899483
0.34018,-0.800748354065027
0.30566,-0.805098573436129
0.27099,-0.807971276440453
0.23624,-0.809388469042564
0.20144,-0.809396753051657
0.16667,-0.808024623814377
0.13198,-0.805307645974992
0.097432,-0.80127744726557
0.063067,-0.795977322963095
0.028942,-0.78944711297901
-0.0048936,-0.781728523657886
-0.03839,-0.772863413308736
-0.071503,-0.762896811170767
-0.10418,-0.751868881560762
-0.1364,-0.739838128791711
-0.1681,-0.726845164544132
-0.19925,-0.712939405869748
-0.22981,-0.698168528253586
-0.25976,-0.682592179920179
-0.28906,-0.666263119467183
-0.31768,-0.649234352449752
-0.34559,-0.631557448844875
-0.37278,-0.613295995135878
-0.39922,-0.594506524004117
-0.42489,-0.575245491345724
-0.44977,-0.55556747684096
-0.47384,-0.535523760181155
-0.49708,-0.515161237378288
-0.51949,-0.494536437579319
-0.54105,-0.473696978328446
-0.56175,-0.452689025206519
-0.58159,-0.431563327561324
-0.60054,-0.410350371448943
-0.6186,-0.389085239677995
-0.63578,-0.367812735132102
-0.65205,-0.346554287506471
-0.66743,-0.325348447101998
-0.6819,-0.304216516433827
-0.69546,-0.283179679912208
-0.70811,-0.262258022005465
-0.71985,-0.241469779271951
-0.73067,-0.220823400535854
-0.74059,-0.200340998174105
-0.74959,-0.180025141241784
-0.75768,-0.159884382707553
-0.76486,-0.139924106853087
-0.77113,-0.120146653329491
-0.7765,-0.100558910047205
-0.78096,-0.0811561463169909
-0.78452,-0.0619388834839534
-0.78719,-0.0429115841082038
-0.78896,-0.0240667247478905
-0.78985,-0.00540926420786632
-0.78985,0.0130683176681746
-0.78897,0.0313688180725507
-0.78722,0.0494913469274364
-0.78461,0.0674322338503414
-0.78114,0.085193212292772
-0.77682,0.102773075559787
-0.77166,0.120168414152466
-0.76567,0.137374253909266
-0.75886,0.154384601574637
-0.75123,0.171200302656082
-0.74281,0.187805608956543
-0.7336,0.204194088659315
-0.72361,0.220359681213456
-0.71286,0.236289482927573
-0.70135,0.251980294400452
-0.68912,0.267407327448576
-0.67616,0.282566103936025
-0.66249,0.297446536834392
-0.64814,0.312026985017914
-0.6331,0.326306735819337
-0.61741,0.340265086537162
-0.60107,0.353895449868156
-0.5841,0.367188099835853
-0.56651,0.380138543991783
-0.54832,0.392739342703655
-0.52954,0.404988383544628
-0.51018,0.416888015886808
-0.49027,0.428429443337155
-0.46981,0.439617404097869
-0.44883,0.450445331189599
-0.42731,0.460934794877838
-0.4053,0.471077808382611
-0.3828,0.480879831059534
-0.35983,0.490342289747127
-0.33639,0.499478183149072
-0.31252,0.508279974479096
-0.28823,0.516746002135816
-0.26352,0.524886814218659
-0.23844,0.532685585091515
-0.21299,0.540140868213013
-0.1872,0.547241482264425
-0.16109,0.553976113105289
-0.13469,0.560326260751987
-0.10803,0.566268138432734
-0.081127,0.57178396039457
-0.054026,0.576840572250361
-0.026748,0.581411093822384
0.00066566,0.585459417392616
0.028184,0.588950675760512
0.055768,0.591846053548621
0.083378,0.594104199777061
0.11097,0.595679712517351
0.13852,0.596540047230857
0.16596,0.59663150073389
0.19326,0.59591300560408
0.22037,0.594340161376122
0.24725,0.59187466674498
0.27385,0.588476990579191
0.30012,0.584107909476838
0.32602,0.578737148575167
0.3515,0.572335338563336
0.37651,0.564874916693532
0.40101,0.556338207506358
0.42495,0.546708894264279
0.44829,0.535979904170947
0.47098,0.524144728161081
0.49299,0.511212592857567
0.51427,0.497190688368415
0.53478,0.482092068747358
0.55448,0.46593444736999
0.57335,0.448753879968126
0.59134,0.430578317516203
0.60841,0.411436049168803
0.62456,0.391384650749311
0.63973,0.370459574716423
0.65391,0.348714604237491
0.66706,0.326194768974869
0.67918,0.302966483697159
0.69023,0.279082080596762
0.70021,0.254610717932829
0.70909,0.229611040343647
0.71686,0.20414635654346
0.72351,0.178281916152652
0.72904,0.152090029586617
0.73344,0.125639186996923
0.73671,0.0990001429549935
0.73884,0.0722359307591099
0.73983,0.0454087692766864
0.7397,0.0185930180318716
0.73845,-0.00814429762347103
0.73609,-0.0347368298058581
0.73262,-0.0611283500313291
0.72808,-0.0872431383507049
0.72245,-0.113036598802794
0.71578,-0.138439119913977
0.70807,-0.163400243056317
0.69934,-0.187872001190017
0.68963,-0.21179544192661
0.67895,-0.235127028108819
0.66734,-0.257815145496337
0.65481,-0.279825761477766
0.6414,-0.30111827607764
0.62715,-0.321648412651005
0.61207,-0.341392820635334
0.59622,-0.360309194069431
0.57961,-0.378378570697008
0.5623,-0.395564846644031
0.54431,-0.411849145277602
0.52569,-0.427205283969545
0.50647,-0.441617161524731
0.4867,-0.455062909734673
0.46641,-0.46753183942524
0.44565,-0.479008208787755
0.42446,-0.489480443261862
0.40288,-0.498941042830051
0.38096,-0.507378989757783
0.35874,-0.514788492257595
0.33627,-0.521161084853072
0.31359,-0.526494105613737
0.29073,-0.530797364766503
0.26776,-0.534061201386933
0.2447,-0.536297780510181
0.22161,-0.537507227955904
0.19851,-0.537709803375782
0.17546,-0.536912120494713
0.15249,-0.535132025581329
0.12964,-0.532388748388422
0.10695,-0.528702306677869
0.084446,-0.524103336886398
0.062169,-0.518619273104154
0.040148,-0.512283234562508
0.018414,-0.50513065878902
-0.0030051,-0.497200274971856
-0.024079,-0.488530707144646
-0.044788,-0.479167325835938
-0.065105,-0.469154255728351
-0.085009,-0.458537922450439
-0.10448,-0.447366049280434
-0.1235,-0.435687526891497
-0.14206,-0.42355742916586
-0.16013,-0.411018680173433
-0.17771,-0.398125281923413
-0.19478,-0.384923742844117
-0.21133,-0.371460469885009
-0.22736,-0.357787705046717
-0.24285,-0.343945953729644
-0.2578,-0.329979688757002
-0.27221,-0.31593509579406
-0.28606,-0.301843408379872
-0.29935,-0.287737428426886
-0.31208,-0.273649998155391
-0.32424,-0.259605371193557
-0.33584,-0.245634665970795
-0.34687,-0.231758560661276
-0.35733,-0.217995805464879
-0.36722,-0.204362737035485
-0.37653,-0.190865559825167
-0.38527,-0.17751658272346
-0.39344,-0.164324974667078
-0.40103,-0.151289410845715
-0.40805,-0.138414614925534
-0.4145,-0.125702365252415
-0.42037,-0.113144341143923
-0.42567,-0.100738819298266
-0.4304,-0.0884817929408252
-0.43456,-0.0763672925465419
-0.43816,-0.0643951094173237
-0.44119,-0.0525547023258332
-0.44365,-0.0408346947850052
-0.44556,-0.0292379633423222
-0.4469,-0.0177490767364387
-0.4477,-0.00637510613591224
-0.44793,0.00490341001626577
-0.44763,0.0160751374872993
-0.44678,0.0271486737613131
-0.44539,0.0381263398088273
-0.44347,0.0490054073057328
-0.44102,0.0597866001656808
-0.43805,0.0704660597758274
-0.43457,0.0810363788647887
-0.43058,0.0914949178482102
-0.4261,0.101828195933865
-0.42112,0.112036572281974
-0.41567,0.122102009679121
-0.40975,0.132014341048381
-0.40337,0.141762652036456
-0.39654,0.151335762294526
-0.38928,0.160715226335253
-0.38161,0.169877275487057
-0.37352,0.178816715721328
-0.36505,0.187506554727946
-0.3562,0.195932596043681
-0.347,0.204069219279982
-0.33746,0.211897146799338
-0.32761,0.219388020202523
-0.31746,0.226521799216654
-0.30703,0.233278393370844
-0.29636,0.239623532979656
-0.28546,0.245534730132102
-0.27436,0.250984928974079
-0.26308,0.255951650741213
-0.25166,0.260402063838675
-0.24012,0.264310808611262
-0.22849,0.267651991461202
-0.2168,0.270400155477984
-0.20508,0.272531058184534
-0.19336,0.274022274297403
-0.18167,0.274853641470671
-0.17005,0.275000168743797
-0.15852,0.274448636520095
-0.14712,0.273181092278107
-0.13587,0.271191259604786
-0.12481,0.268467876014335
-0.11396,0.265010975073611
-0.10336,0.260815125992549
-0.093037,0.255880465061822
-0.083009,0.250218474617203
-0.073308,0.243839332063136
-0.063957,0.236758744534123
-0.054977,0.228998118824928
-0.046393,0.220580096455018
-0.038223,0.211533037346599
-0.030483,0.201890765473683
-0.023191,0.191689241688327
-0.016359,0.180969717197729
-0.0099979,0.169777486647022
-0.0041179,0.158160454365387
0.0012755,0.146170838750005
0.0061778,0.133863666353503
0.01059,0.121298782202115
0.014512,0.108537431449054
0.01795,0.0956449074962233
0.020911,0.0826884794986726
0.023406,0.0697380037887783
0.025449,0.0568655756761256
0.027053,0.0441421978255374
0.028241,0.0316432243281646
0.029031,0.0194415090334781
0.02945,0.00761227049737526
0.029518,-0.00377491463700828
0.029267,-0.0146483970012166
0.028722,-0.0249423712069293
0.027918,-0.0345905563203738
0.026884,-0.0435329711757974
0.02565,-0.0517160749164695
0.024255,-0.0590868144644389
0.022728,-0.0656018771739589
0.021106,-0.0712215911822543
0.019422,-0.0759137950740719
0.017711,-0.0796523228988224
0.016008,-0.0824171018189123
0.014346,-0.084195541657347
0.012761,-0.0849797484615358
0.011282,-0.0847715344507899
0.0099421,-0.0835779732462687
0.0087744,-0.081410687043627
0.0078034,-0.0782914833482499
0.0070605,-0.074245138280753
0.0065703,-0.0693035993874333
0.0063567,-0.0635046355588668
0.0064439,-0.0568898177328445
0.0068493,-0.0495080001804264
0.0075927,-0.0414110887622873
0.0086896,-0.032655460139847
0.010153,-0.0233016102040176
0.011994,-0.0134132725916387
0.014222,-0.00305642781978009
0.016844,0.00770108495775259
0.019863,0.0187887938891397
0.023282,0.0301360439262525
0.027101,0.0416718032522375
0.031316,0.053323822185059
0.035923,0.0650209870122895
0.040913,0.0766915296086536
0.046282,0.088269036098007
0.052013,0.0996838742597242
0.058097,0.110871930770823
0.064517,0.121769705038068
0.071255,0.132315543012887
0.078296,0.142453564124671
0.085615,0.152127082336407
0.093195,0.16128665327139
0.10101,0.16988381205859
0.10904,0.177877105702923
0.11727,0.185236042464519
0.12565,0.191914409391577
0.13417,0.197884634566191
0.14281,0.203128018194087
0.15152,0.20761183821241
0.1603,0.211330412404545
0.16909,0.214256123989143
0.17789,0.216389255533257
0.18666,0.217723454047131
0.19536,0.218247636634463
0.20397,0.217962407735453
0.21246,0.216870782182602
0.2208,0.214978023991248
0.22896,0.212291431641832
0.2369,0.208812687490924
0.24461,0.204561394564015
0.25203,0.199534390474149
0.25916,0.193754874080039
0.26596,0.187237335558829
0.2724,0.179996478359069
0.27845,0.172046974060896
0.2841,0.163418037074989
0.28931,0.154127797045732
0.29406,0.144199884372007
0.29833,0.133661835291452
0.3021,0.122543687720584
0.30536,0.110884160871489
0.30809,0.0987205982219378
0.31028,0.0860956643096243
0.31192,0.0730551809704258
0.313,0.0596462758415313
0.31351,0.0459158264330403
0.31346,0.031923977144618
0.31285,0.0177324802453658
0.31168,0.00340262645324394
0.30995,-0.0110064489248114
0.30767,-0.0254317152200429
0.30485,-0.0398088965953939
0.30152,-0.0540598721673349
0.29767,-0.0681272830735528
0.29334,-0.0819353588072657
0.28854,-0.0954180195069333
0.28329,-0.108511715035767
0.27763,-0.121142222685146
0.27157,-0.13325128285615
0.26514,-0.14478070055985
0.25838,-0.155666950080805
0.25131,-0.165859163121676
0.24397,-0.175303730854318
0.23638,-0.183961564099098
0.22859,-0.191784655688029
0.22061,-0.198749198311335
0.21249,-0.204822484118217
0.20426,-0.209980829284094
0.19594,-0.214216378958923
0.18757,-0.217519989965133
0.17917,-0.219897035663504
0.17078,-0.22135016007194
0.16242,-0.221895006279761
0.15411,-0.221557736023756
0.14588,-0.220365334436668
0.13775,-0.218352526498984
0.12974,-0.215559712481982
0.12186,-0.212038513490075
0.11414,-0.20783371766162
0.10657,-0.20301323411076
0.099186,-0.197627982635123
0.091979,-0.191747257951822
0.084962,-0.185437149970695
0.078134,-0.178769815395279
0.071499,-0.171816687571767
0.065058,-0.164648889013934
0.058798,-0.157345658296176
0.052726,-0.149975740039146
0.046827,-0.142613672876669
0.041093,-0.135331274233423
0.035514,-0.128197467058259
0.030076,-0.121279655165977
0.024766,-0.114641139040168
0.019569,-0.10834132748625
0.01447,-0.102434502310423
0.0094494,-0.0969723354384449
0.0044951,-0.091997018165395
-0.00041527,-0.0875490975103936
-0.0052971,-0.0836610680697531
-0.010169,-0.0803599567131411
-0.015048,-0.0776659967597808
-0.019951,-0.0755928131470415
-0.024896,-0.0741486623417283
-0.029897,-0.0733338133529342
-0.034973,-0.0731453188833526
-0.040136,-0.0735720918829104
-0.045398,-0.0745963508906718
-0.050774,-0.0761972050116681
-0.056271,-0.0783455214374583
-0.061905,-0.0810126111960573
-0.067676,-0.0841587654984148
-0.073597,-0.087745788524999
-0.079672,-0.09173082857949
-0.085901,-0.0960652677188031
-0.09229,-0.10070141172742
-0.098837,-0.105587546721397
-0.10554,-0.110670018257587
-0.1124,-0.115897216846395
-0.1194,-0.121207245621824
-0.12655,-0.126551567402396
-0.13384,-0.131878999145617
-0.14125,-0.137130314371705
-0.14878,-0.142256314710417
-0.15642,-0.147209981499653
-0.16416,-0.151947524297023
-0.17198,-0.156421768687281
-0.17987,-0.160591724424199
-0.18781,-0.164415362152628
-0.19579,-0.167858627910931
-0.2038,-0.170895122079498
-0.21181,-0.173490862017048
-0.21982,-0.175629179801354
-0.22779,-0.177278569711708
-0.23572,-0.178426324924967
-0.24358,-0.179053385045884
-0.25137,-0.179158606189208
-0.25906,-0.178733474638148
-0.26663,-0.177771488561175
-0.27407,-0.176275647324194
-0.28136,-0.17424943937174
-0.28849,-0.171704343994413
-0.29543,-0.168643461354819
-0.30218,-0.165085492983322
-0.30872,-0.16104666627672
-0.31503,-0.156541001655742
-0.32111,-0.151595348974314
-0.32693,-0.146224172040415
-0.33248,-0.140446498059054
-0.33776,-0.134292038308047
-0.34275,-0.12778364196354
-0.34743,-0.120938096910678
-0.35181,-0.113789092509497
-0.35587,-0.106360899466902
-0.3596,-0.0986769643335946
-0.36299,-0.0907594332859419
-0.36604,-0.0826361812665635
-0.36875,-0.0743389217206424
-0.3711,-0.0658867769063194
-0.37308,-0.0572955244988958
-0.3747,-0.0485925148801053
-0.37595,-0.0397988082614638
-0.37682,-0.0309297235228248
-0.37732,-0.0220102073568936
-0.37744,-0.0130573845097373
-0.37718,-0.00408887831744205
-0.37653,0.00488529953093344
-0.3755,0.0138469047830545
-0.37407,0.0227938860086435
-0.37226,0.0317078799884791
-0.37006,0.0405802045343168
-0.36748,0.0493955701289583
-0.3645,0.0581561078516362
-0.36113,0.0668559110984091
-0.35738,0.0754829076235221
-0.35324,0.0840353055348578
-0.34872,0.0925049963422012
-0.34381,0.100893924681144
-0.33852,0.109197432434415
-0.33286,0.117405789175782
-0.32682,0.125520337872916
-0.32041,0.133536637038527
-0.31363,0.141453208740775
-0.30648,0.149271109283722
-0.29897,0.156986117459826
-0.2911,0.16459735873548
-0.28287,0.172106768212417
-0.27429,0.179511186279713
-0.26537,0.186803506204811
-0.2561,0.19398848685022
-0.2465,0.201058210706039
-0.23656,0.208017004973912
-0.22629,0.214864226659113
-0.21571,0.221587908585937
-0.2048,0.228196902485049
-0.19359,0.234679685167722
-0.18207,0.241038247354713
-0.17026,0.24726327809972
-0.15816,0.253351438304333
-0.14578,0.259296937331598
-0.13314,0.265084807947532
-0.12023,0.270715305874049
-0.10707,0.276178812317984
-0.093671,0.281464709122967
-0.080041,0.286564115514463
-0.06619,0.29146835609662
-0.052129,0.296168465122746
-0.037872,0.300653317371074
-0.023431,0.304911876887567
-0.0088128,0.308937377678169
0.0059631,0.312717348909806
0.020888,0.3162431054102
0.035949,0.319506206933477
0.051131,0.322497081874915
0.066419,0.325205648797894
0.081799,0.327622497022739
0.097262,0.329742782675092
0.11278,0.331551501997574
0.12836,0.333051824142293
0.14396,0.334225331455296
0.15957,0.335060436399315
0.17519,0.335558834884446
0.19078,0.335703395246127
0.20633,0.335484531218057
0.22182,0.334891673999509
0.23723,0.33391382778493
0.25254,0.332540029374676
0.26772,0.330752321626668
0.28277,0.32854985822891
0.29765,0.325916123778717
0.31233,0.322829897014847
0.3268,0.319281597984947
0.34104,0.315263987928238
0.355,0.310749826657995
0.36868,0.305733544875273
0.38204,0.30019771249271
0.39505,0.294123307420698
0.40769,0.287498029326538
0.41992,0.280300645248984
0.43173,0.272525589708163
0.44308,0.264158016824784
0.45395,0.255190917975352
0.46431,0.245616525480141
0.47414,0.235434199646442
0.4834,0.224634409877276
0.49207,0.213215631507011
0.50014,0.20119036000253
0.50757,0.188560014802787
0.51434,0.175331966363599
0.52045,0.161533094868028
0.52586,0.147175835386468
0.53056,0.132282938414603
0.53454,0.116884950308931
0.53779,0.101017972106401
0.5403,0.0847216910369809
0.54205,0.0680302779899043
0.54305,0.0509947491527606
0.54329,0.0336635504481602
0.54276,0.016081740769632
0.54148,-0.00168742441729009
0.53944,-0.0195899687373987
0.53664,-0.0375735481959076
0.5331,-0.0555738879646967
0.52883,-0.0735263704508407
0.52382,-0.0913828105729134
0.5181,-0.109080214440538
0.51168,-0.126560384071356
0.50457,-0.143770822366256
0.49679,-0.160657949148071
0.48836,-0.177169078281855
0.47929,-0.193261402072708
0.4696,-0.208894205464108
0.45932,-0.224022549276825
0.44845,-0.238621878972426
0.43703,-0.252655568294618
0.42508,-0.266093448215172
0.41261,-0.278919172043352
0.39964,-0.291121008816901
0.3862,-0.30268429772567
0.37231,-0.313600215509452
0.35798,-0.323872677100029
0.34325,-0.33349397004607
0.32812,-0.342477167420869
0.31262,-0.350829921383449
0.29678,-0.358555646846798
0.2806,-0.365676741144673
0.26411,-0.372208412003099
0.24733,-0.378167327619712
0.23028,-0.383571118814448
0.21298,-0.388437925472944
0.19545,-0.392785990844976
0.17771,-0.396633305746995
0.15979,-0.399989905293672
0.14171,-0.402866631022799
0.12349,-0.405274755730687
0.10515,-0.407225657604568
0.086713,-0.408728323058724
0.068212,-0.409782202918563
0.049665,-0.410390176106286
0.0311,-0.410550411877301
0.01254,-0.410261024898569
-0.0059869,-0.409516355237867
-0.024458,-0.408311833772948
-0.042846,-0.406640481197646
-0.061126,-0.404495329530975
-0.079273,-0.401869528264512
-0.097262,-0.398756506492018
-0.11507,-0.395151581333063
-0.13266,-0.39104137503791
-0.15003,-0.386431755478814
-0.16714,-0.381315875958291
-0.18398,-0.375699043520329
-0.20051,-0.369574067157395
-0.21673,-0.362953486679366
-0.2326,-0.355835869832709
-0.24811,-0.348230781508346
-0.26324,-0.340149033167113
-0.27796,-0.331594790406182
-0.29227,-0.322588959210227
-0.30614,-0.313143222211978
-0.31955,-0.30326892626083
-0.3325,-0.292991636420096
-0.34496,-0.282325514339072
-0.35692,-0.271289930299995
-0.36837,-0.259907910017784
-0.3793,-0.248204782723852
-0.38969,-0.236199623385195
-0.39953,-0.223913291887369
-0.40882,-0.211374854356281
-0.41754,-0.19860435146916
-0.42569,-0.185628714888108
-0.43325,-0.17246481823465
-0.44023,-0.15914304797181
-0.44662,-0.145688965012374
-0.45242,-0.132130832320204
-0.45762,-0.118490805486882
-0.46222,-0.104792770510347
-0.46623,-0.0910686085404981
-0.46965,-0.0773482453153959
-0.47247,-0.0636516719468179
-0.47471,-0.0500123408733154
-0.47637,-0.0364586904416502
-0.47746,-0.0230215691680743
-0.47799,-0.00973275068012423
-0.47796,0.00338369172789321
-0.47738,0.0163033583798857
-0.47627,0.0289950687781067
-0.47464,0.0414306253889899
-0.4725,0.0535852140522914
-0.46986,0.0654376493004392
-0.46674,0.0769630872756119
-0.46314,0.0881494376398357
-0.45909,0.0989732827528746
-0.4546,0.109417738683847
-0.44968,0.119471885024589
-0.44434,0.129130156187509
-0.43861,0.138376915014305
-0.4325,0.147203850480579
-0.42602,0.155609010260843
-0.4192,0.163581061008346
-0.41203,0.171131212101223
-0.40455,0.178251790275025
-0.39677,0.184942493938477
-0.38869,0.191216553959692
-0.38035,0.197068364240058
-0.37174,0.202514427177519
-0.3629,0.207551806118715
-0.35382,0.212199091682365
-0.34454,0.21645488486037
-0.33505,0.220338801691764
-0.32538,0.223857398566645
-0.31554,0.227021411698552
-0.30555,0.229837334190301
-0.29541,0.232322916259737
-0.28515,0.234482376607218
-0.27478,0.236323738986938
-0.2643,0.237865298611462
-0.25374,0.239110981506478
-0.2431,0.240075220286698
-0.23241,0.240758342001361
-0.22166,0.241178863586994
-0.21088,0.241339877472614
-0.20008,0.241246728304702
-0.18927,0.240906397767291
-0.17846,0.240326968154281
-0.16766,0.239517160877231
-0.15688,0.238485945634702
-0.14614,0.237234817502687
-0.13544,0.235773948396542
-0.12479,0.234112793184085
-0.1142,0.23225993525345
-0.10367,0.230230377200861
-0.09323,0.228021661699505
-0.082867,0.225649060649525
-0.072594,0.223122446006525
-0.062418,0.220451459509871
-0.05234,0.217649678062703
-0.042366,0.214729732388661
-0.032503,0.21170235195785
-0.022749,0.208583034901703
-0.013113,0.205382505136029
-0.0035894,0.202118074895693
0.005815,0.198802658891234
0.015102,0.19545156160705
0.024272,0.192080483845365
0.033325,0.188704642300732
0.042263,0.185339842430992
0.051088,0.182001844080722
0.059804,0.178707326609904
0.068412,0.175470940513924
0.07692,0.172310375294734
0.085328,0.169239267428838
0.093643,0.166272678920916
0.10187,0.163424815298053
0.11002,0.160713124729702
0.11808,0.158139325085577
0.12608,0.155724067791465
0.13401,0.153473001756042
0.14188,0.151394188020228
0.1497,0.149497275903866
0.15747,0.147785407251474
0.1652,0.146263652562653
0.17289,0.144930969970508
0.18055,0.143788679444236
0.18817,0.142825046789362
0.19577,0.14204018295932
0.20335,0.141428838518955
0.2109,0.140974082999732
0.21843,0.14066470282098
0.22595,0.140494299207748
0.23343,0.140430868113433
0.2409,0.140466911460415
0.24834,0.14057785312256
0.25575,0.140740758043159
0.26313,0.140934593339292
0.27047,0.141133014124331
0.27776,0.141306096656653
0.285,0.141429238569789
0.29218,0.141475423500727
0.29929,0.141416463693453
0.30633,0.141231443546556
0.31328,0.140891165759864
0.32013,0.140368028622383
0.32688,0.139643957075606
0.33352,0.138701776356208
0.34002,0.137510848609254
0.3464,0.136067619764324
0.35262,0.134346253186429
0.35869,0.132340780516617
0.36459,0.130039390626656
0.37031,0.127433448771978
0.37584,0.124517281418446
0.38117,0.121287925395141
0.3863,0.117752250125576
0.3912,0.113902853048692
0.39587,0.109743362691624
0.4003,0.105278952144079
0.40449,0.100523444514199
0.40841,0.0954752191992415
0.41206,0.0901425492071433
0.41543,0.0845341681976964
0.4185,0.0786516487699203
0.42128,0.0725130161696203
0.42375,0.066126972379562
0.42589,0.0594945374248975
0.4277,0.0526253418169384
0.42916,0.0455209436491613
0.43026,0.0381837725491683
0.431,0.0306243087266053
0.43135,0.0228370745703963
0.4313,0.0148186663168967
0.43085,0.00657483190014893
0.42997,-0.00190363946207445
0.42864,-0.0106303853672963
0.42686,-0.0196074754711633
0.42461,-0.0288423904291893
0.42187,-0.0383467674734281
0.41863,-0.0481278863347359
0.41486,-0.0582041033827991
0.41055,-0.0685874165430019
0.40569,-0.0792843603847912
0.40026,-0.0903042494657026
0.39423,-0.101665747767347
0.38761,-0.113364938742444
0.38037,-0.125409329618723
0.3725,-0.137800579710091
0.36399,-0.150535527197793
0.35483,-0.163607135987636
0.345,-0.177012757704911
0.33451,-0.190731097705816
0.32334,-0.204748510757049
0.3115,-0.219035626482173
0.29897,-0.233573308503466
0.28576,-0.248328951372853
0.27187,-0.263267326630395
0.2573,-0.27835200991387
0.24206,-0.29353918917909
0.22616,-0.308780282209031
0.20962,-0.324016793683307
0.19243,-0.339206039566652
0.17461,-0.354297133598259
0.1562,-0.369219268990627
0.1372,-0.383917180379881
0.11764,-0.398327584916224
0.097541,-0.412389284661396
0.076932,-0.426038708219102
0.055847,-0.439208626217227
0.034313,-0.451836112009208
0.012361,-0.463860741001867
-0.0099675,-0.475218295667597
-0.032643,-0.485852453593597
-0.055623,-0.495705536091734
-0.078869,-0.504723680844141
-0.10234,-0.512856119943654
-0.12599,-0.520052683215886
-0.14978,-0.526270656306708
-0.17366,-0.531466811296064
-0.1976,-0.535613932630825
-0.22152,-0.538661949938637
-0.2454,-0.540588552331391
-0.26918,-0.541365302049439
-0.29282,-0.540974861927512
-0.31626,-0.539394994550024
-0.33946,-0.536615364638385
-0.36237,-0.532628571499084
-0.38493,-0.527422830128578
-0.40711,-0.521005748075457
-0.42885,-0.513378594674051
-0.45011,-0.504552685902904
-0.47084,-0.49454011281918
-0.491,-0.483361016228554
-0.51054,-0.471034419783973
-0.52944,-0.457600427683084
-0.54764,-0.443085769065139
-0.56511,-0.427528107997498
-0.58181,-0.410965727141155
-0.59771,-0.39344395735936
-0.61278,-0.375012745746386
-0.62697,-0.355709744603176
-0.64028,-0.335598730477116
-0.65266,-0.314725899873132
-0.66409,-0.293144230478516
-0.67455,-0.270910707859097
-0.68401,-0.248076560394622
-0.69245,-0.224694292692796
-0.69986,-0.200823288792605
-0.70621,-0.176511935178532
-0.71148,-0.151805651165477
-0.71567,-0.126760804795392
-0.71877,-0.101433444397926
-0.72075,-0.0758628086656297
-0.72161,-0.0500954204989915
-0.72135,-0.0241821136032892
-0.71996,0.00183187613668289
-0.71743,0.0279073719976211
-0.71376,0.0540040925487444
-0.70896,0.0800749119480005
-0.70302,0.106083600684757
-0.69596,0.131981868099367
-0.68777,0.157735553369138
-0.67846,0.183308395314712
-0.66804,0.20866380547945
-0.65652,0.233766302188212
-0.64391,0.258582637428164
-0.63023,0.283075250140729
-0.61549,0.307211890404115
-0.59971,0.330958445506061
-0.58292,0.354273203094334
-0.56512,0.377132004437175
-0.54635,0.399496294362174
-0.52662,0.421339514302786
-0.50598,0.44261628227256
-0.48444,0.463297203782757
-0.46202,0.483359537360097
-0.43878,0.50275731637116
-0.41474,0.521457021490451
-0.38992,0.539436424764114
-0.36437,0.556661190028353
-0.33813,0.573095901692895
-0.31123,0.588712971832949
-0.28371,0.603484828675619
-0.25561,0.617385017251547
-0.22699,0.630374256483996
-0.19787,0.642433902498163
-0.1683,0.653540617230294
-0.13834,0.663660865006301
-0.10803,0.672768912485357
-0.07741,0.680846340865284
-0.046546,0.687862235755363
-0.015484,0.693791554910954
0.015724,0.698610543069864
0.047022,0.70229448301077
0.078349,0.704815161928308
0.10966,0.706154446820222
0.14089,0.706288339126872
0.17197,0.705186102288257
0.20286,0.702834131284563
0.2335,0.699218512807154
0.26382,0.694318373047745
0.29376,0.688115472423677
0.32327,0.680601863412667
0.35229,0.671771005606252
0.38076,0.661617958683422
0.40861,0.650132084689903
0.4358,0.637320884417377
0.46226,0.623184356041068
0.48794,0.607731491650291
0.51279,0.59097853092726
0.53676,0.57294735536217
0.55979,0.553656631289841
0.58184,0.533136916607714
0.60285,0.511412919283403
0.6228,0.488533703614611
0.64163,0.464537213997193
0.65931,0.439473712355282
0.67581,0.413402125238742
0.69109,0.38637945092819
0.70513,0.358474420916731
0.7179,0.329755980208817
0.72938,0.300298750263307
0.73955,0.270179845210354
0.74841,0.239490994279427
0.75593,0.208310912213814
0.76211,0.17672769358768
0.76695,0.144834383771005
0.77045,0.112725244979192
0.7726,0.0804852729112875
0.77341,0.0482041259433488
0.7729,0.0159797969420566
0.77106,-0.0161082596951152
0.76792,-0.0479685759342411
0.76348,-0.0795251646674675
0.75776,-0.110702327418381
0.75079,-0.14141982546357
0.74258,-0.171611307790919
0.73315,-0.201216637514109
0.72253,-0.230175564428529
0.71074,-0.258437424455357
0.69781,-0.28595391925305
0.68378,-0.31267323227927
0.66866,-0.338564954066715
0.6525,-0.363587841509567
0.63532,-0.387715874215339
0.61715,-0.41092926096377
0.59804,-0.433199619357978
0.57802,-0.454507807590671
0.55713,-0.474835843960879
0.5354,-0.494175138162007
0.51287,-0.512518068254328
0.48959,-0.52985113893205
0.46559,-0.546171774189077
0.44093,-0.561464560414948
0.41563,-0.575734177602059
0.38975,-0.588972229052747
0.36332,-0.60118259505706
0.3364,-0.612357142886017
0.30902,-0.622500812903373
0.28123,-0.631614495671708
0.25308,-0.639696107799257
0.22461,-0.646748904765528
0.19587,-0.652773231211583
0.1669,-0.657774721509341
0.13774,-0.661763359667595
0.10844,-0.664745197484375
0.079047,-0.666725373457253
0.049602,-0.66771276650556
0.020145,-0.667719937652367
-0.0092761,-0.666756391046312
-0.038623,-0.664836146646022
-0.067848,-0.661969656473032
-0.096912,-0.658170677984335
-0.12578,-0.653458385361105
-0.1544,-0.647843312200288
-0.18273,-0.64133619406623
-0.21074,-0.63395655289806
-0.23839,-0.625723111628903
-0.26564,-0.616653474700569
-0.29246,-0.606771279985658
-0.31879,-0.596082206501688
-0.34461,-0.584606855478882
-0.36988,-0.572362480134828
-0.39456,-0.55936313584604
-0.41862,-0.545627266360764
-0.44203,-0.531176302626734
-0.46474,-0.516018656312402
-0.48673,-0.500174122688116
-0.50796,-0.483656267805763
-0.5284,-0.466480580153337
-0.54802,-0.448663587451706
-0.56678,-0.430214717592097
-0.58466,-0.41115210466304
-0.60164,-0.391500312738487
-0.61767,-0.371266146932532
-0.63274,-0.350471377495957
-0.64681,-0.329126949638712
-0.65988,-0.307264253999035
-0.67191,-0.28490063194988
-0.68289,-0.262063705780421
-0.69278,-0.238766331685685
-0.70158,-0.215038560311755
-0.70927,-0.190908572862462
-0.71583,-0.166402156594558
-0.72126,-0.141557125143517
-0.72552,-0.116390244069625
-0.72862,-0.0909376684185667
-0.73054,-0.0652278560417964
-0.73127,-0.039289517203153
-0.73082,-0.0131654005417366
-0.72916,0.0131213399674545
-0.72631,0.0395271934864474
-0.72224,0.0660305923304546
-0.71698,0.0925840861905893
-0.71051,0.119157829677464
-0.70284,0.145715014261024
-0.69398,0.172214449999815
-0.68393,0.198620158259566
-0.6727,0.2248941879236
-0.66029,0.251005681627911
-0.64674,0.276901023772086
-0.63203,0.302554332720171
-0.6162,0.327918697672147
-0.59927,0.352946597777466
-0.58124,0.377606375074014
-0.56215,0.401850743150814
-0.54202,0.425636192029169
-0.52087,0.448923740637109
-0.49874,0.471664646195632
-0.47566,0.493811330037243
-0.45166,0.515318762627444
-0.42678,0.536138130125638
-0.40105,0.556226629311212
-0.37452,0.575533026593817
-0.34723,0.594008430851863
-0.31923,0.611600127713962
-0.29057,0.628254113521173
-0.26129,0.643924576779978
-0.23144,0.658566551622568
-0.20109,0.672122586789658
-0.17027,0.684556702635412
-0.13906,0.69581464917508
-0.10751,0.705851521006414
-0.075668,0.714633065435098
-0.043601,0.722120943825057
-0.011367,0.728281666962585
0.020974,0.733085531005308
0.053363,0.736507879881215
0.085736,0.738525549485637
0.11804,0.739125789578117
0.1502,0.738288767572896
0.18217,0.736011355807967
0.21388,0.732286657981418
0.24527,0.727112736045096
0.27628,0.720492095271814
0.30686,0.712438532818251
0.33694,0.702960156224478
0.36647,0.692075399942572
0.39539,0.679803449603659
0.42364,0.666163873236154
0.45118,0.651191075680838
0.47793,0.634901158623333
0.50386,0.617332213211055
0.52891,0.598517027281269
0.55303,0.57849078410955
0.57618,0.557297169164458
0.59831,0.534978251660452
0.61937,0.511573733230016
0.63932,0.487127762330437
0.65813,0.461694283518265
0.67574,0.435311483553938
0.69215,0.408048136682464
0.7073,0.379951388552912
0.72117,0.351079161284663
0.73373,0.32148897298263
0.74495,0.291236308680433
0.75483,0.260395521157938
0.76333,0.229024393609811
0.77044,0.197187746779018
0.77615,0.164954061609809
0.78045,0.132392642704892
0.78333,0.0995712843651348
0.78479,0.0665617971555602
0.78483,0.033436938376137
0.78343,0.000253094294497727
0.78062,-0.0329115097512069
0.77639,-0.0659931578123403
0.77075,-0.0989272038861324
0.76372,-0.131643072132985
0.7553,-0.164082580690289
0.74551,-0.196184823436732
0.73437,-0.227888861926945
0.72189,-0.259143298696293
0.7081,-0.289891568211602
0.69303,-0.320075009642651
0.6767,-0.349642791837648
0.65913,-0.378552322432581
0.64037,-0.406747180357081
0.62044,-0.434184056144625
0.59939,-0.460809744014998
0.57724,-0.486587231324113
0.55405,-0.511464530563019
0.52985,-0.535401713095697
0.50468,-0.558362795550434
0.47861,-0.580294303372942
0.45166,-0.601167600964138
0.4239,-0.620938402351297
0.39537,-0.639573707912645
0.36613,-0.657036229086099
0.33624,-0.673286731109839
0.30575,-0.688293355264616
0.27471,-0.702031542984306
0.24319,-0.714468989158487
0.21124,-0.725583285417531
0.17893,-0.735346286295453
0.1463,-0.743748629452826
0.11344,-0.750759831195265
0.080382,-0.756376532152007
0.047202,-0.760585226589981
0.013958,-0.763378330030725
-0.019293,-0.76475437843826
-0.05249,-0.764714317687492
-0.085575,-0.763263607865046
-0.11849,-0.760411561075439
-0.15118,-0.756172904108524
-0.18358,-0.750559256715601
-0.21565,-0.743598202799876
-0.24732,-0.73530754415785
-0.27855,-0.725719149963666
-0.30927,-0.714853404500144
-0.33944,-0.702743255171809
-0.36901,-0.689423655312493
-0.39793,-0.674930375450476
-0.42614,-0.659291592124133
-0.45359,-0.642536059673443
-0.48025,-0.624707050348057
-0.50606,-0.605836215919709
-0.53097,-0.585952376393587
-0.55495,-0.565096041988796
-0.57794,-0.54329381735683
-0.59991,-0.520582486591315
-0.62082,-0.496998558249973
-0.64062,-0.472569831949322
-0.65928,-0.447330992410078
-0.67676,-0.421313797131736
-0.69303,-0.394554026236765
-0.70806,-0.367089572475717
-0.72181,-0.338951439721799
-0.73426,-0.310178839409652
-0.74537,-0.28080154930422
-0.75514,-0.250870308643354
-0.76353,-0.220421599378786
-0.77052,-0.189493993489531
-0.7761,-0.158133859548308
-0.78025,-0.126384963437023
-0.78297,-0.0943023341231593
-0.78424,-0.0619335521304192
-0.78405,-0.0293260326203958
-0.78241,0.00345972181973867
-0.77931,0.036369370102271
-0.77475,0.0693479148444585
-0.76873,0.102341642848044
-0.76127,0.135284876752512
-0.75237,0.168119201213642
-0.74205,0.200779201819571
-0.73031,0.233210757592069
-0.71719,0.26534113146178
-0.70269,0.297114527345327
-0.68685,0.328461155713128
-0.6697,0.359309658600312
-0.65124,0.389611969630557
-0.63154,0.419288810840344
-0.61061,0.448282727572069
-0.5885,0.476526315546993
-0.56525,0.503953869375145
-0.5409,0.530503336949184
-0.5155,0.556110417650998
-0.48909,0.580718666579724
-0.46173,0.604265255528775
-0.43348,0.626684456853219
-0.40439,0.647917923069114
-0.37452,0.667907998918212
-0.34393,0.686599717901906
-0.31268,0.703942345277065
-0.28084,0.719883117979633
-0.24848,0.734369644308103
-0.21565,0.747366619685513
-0.18244,0.758824482803347
-0.1489,0.768713684024812
-0.11512,0.776992608650319
-0.081157,0.783636019997669
-0.047086,0.788619828369233
-0.01298,0.791923569406351
0.02109,0.793532288228743
0.055053,0.79343641834736
0.088837,0.791630785249067
0.12237,0.788114405819555
0.15559,0.782897589970349
0.18841,0.775981458382389
0.22078,0.767387495099696
0.25262,0.757131255625318
0.28387,0.745238279716332
0.31447,0.731741829328561
0.34435,0.716673436873432
0.37345,0.700070082159185
0.40171,0.681972397905377
0.42907,0.66242309025786
0.45547,0.641465570497031
0.48087,0.619157587438343
0.50521,0.595552224769333
0.52843,0.570697454655814
0.5505,0.544658051420513
0.57136,0.517488407880542
0.59099,0.489262632462027
0.60933,0.460039089269042
0.62635,0.429883957365286
0.64203,0.398875184417699
0.65632,0.367075755851946
0.66921,0.334564270055345
0.68067,0.301414765609964
0.69069,0.267710137256677
0.69925,0.233530497213394
0.70634,0.198958625927357
0.71195,0.1640768643767
0.71608,0.128971985599142
0.71874,0.0937389790457348
0.71993,0.0584690701235503
0.71966,0.023254920788346
0.71793,-0.0118200457676061
0.71478,-0.046653059783001
0.71022,-0.081151259551536
0.70428,-0.115218057195834
0.69698,-0.148764468553042
0.68834,-0.181710682117734
0.67842,-0.213957526486222
0.66724,-0.245423153224823
0.65484,-0.276027795742903
0.64127,-0.305688851034178
0.62656,-0.334339186570864
0.61076,-0.361911923956479
0.59393,-0.388335569507436
0.5761,-0.41355978909782
0.55735,-0.437516466181334
0.5377,-0.460170128204911
0.51723,-0.481468985269958
0.49597,-0.501387240784613
0.47401,-0.519877140695192
0.45138,-0.536919626736147
0.42815,-0.552490436995501
0.40438,-0.566569881351653
0.38013,-0.579143170983455
0.35546,-0.590200529595261
0.33043,-0.599737124194051
0.3051,-0.607752850282184
0.27952,-0.614259401346954
0.25377,-0.619256041837502
0.2279,-0.62275473514859
0.20197,-0.624770444443506
0.17603,-0.625328001067979
0.15015,-0.624445158817413
0.12437,-0.62215605867453
0.098763,-0.6184830810877
0.07337,-0.613462497953476
0.048252,-0.607126286766748
0.023448,-0.5995186135437
-0.00098254,-0.590677359412823
-0.025,-0.580649161361794
-0.048559,-0.569482334446673
-0.071614,-0.557225229844267
-0.094128,-0.543931304996323
-0.11606,-0.529653766112224
-0.13738,-0.514452315218851
-0.15805,-0.498384331766511
-0.17805,-0.481517020566907
-0.19734,-0.463908807879128
-0.21589,-0.445616722948336
-0.2337,-0.426717140317009
-0.25074,-0.407277599776314
-0.26699,-0.387363874793241
-0.28244,-0.367045674463073
-0.29708,-0.346393713454209
-0.31089,-0.325469899863301
-0.32389,-0.304356607590373
-0.33605,-0.283113153598067
-0.34738,-0.261807852522688
-0.35788,-0.240506609911477
-0.36755,-0.219271173064663
-0.37641,-0.198172602944591
-0.38445,-0.177264896729064
-0.39168,-0.156601129820708
-0.39813,-0.136246475423135
-0.40379,-0.11624400800959
-0.40869,-0.0966468715764309
-0.41283,-0.0774921643006497
-0.41625,-0.0588320817306093
-0.41896,-0.0407068595994751
-0.42097,-0.0231454674828711
-0.42231,-0.00618124610114841
-0.423,0.0101577794873251
-0.42307,0.0258417611394712
-0.42253,0.0408554983712592
-0.42141,0.0551817404312793
-0.41975,0.0687951590168284
-0.41755,0.0816946556075138
-0.41486,0.0938621955501319
-0.41169,0.105296612744051
-0.40807,0.115996018300819
-0.40402,0.125965813710465
-0.39957,0.135210142089042
-0.39475,0.143732398274976
-0.38958,0.151543025206098
-0.38408,0.158658196443604
-0.37828,0.165091186677576
-0.37219,0.170867651535662
-0.36586,0.175993214924002
-0.35928,0.180501792564329
-0.35249,0.184412426707403
-0.34551,0.187746628490089
-0.33836,0.190527461777674
-0.33105,0.192786139725619
-0.32361,0.194544920140036
-0.31604,0.195840506355992
-0.30838,0.196690735467169
-0.30063,0.197127359988074
-0.2928,0.197185107283083
-0.28492,0.196885374542892
-0.27699,0.196260384821132
-0.26902,0.195342774354081
-0.26103,0.194157176639762
-0.25302,0.192735812914612
-0.24501,0.191101260686453
-0.237,0.189282385520061
-0.22899,0.187312215912692
-0.221,0.185211323167232
-0.21304,0.182996917146831
-0.2051,0.180697647688706
-0.1972,0.178328258361637
-0.18934,0.175906491720003
-0.18152,0.173451838130524
-0.17374,0.170984486853378
-0.16602,0.168509667429655
-0.15835,0.166042389994854
-0.15073,0.163597552490649
-0.14317,0.161181979462057
-0.13567,0.15880300449737
-0.12821,0.156482777172429
-0.12081,0.154225046827559
-0.11347,0.152033240810661
-0.10617,0.14992504212722
-0.098916,0.147909764651027
-0.091704,0.145996965938904
-0.084531,0.144195244320292
-0.077392,0.142513517321153
-0.070282,0.140960568937828
-0.063198,0.139543213101394
-0.056135,0.13826782575286
-0.049083,0.137143814360107
-0.042046,0.136172288106104
-0.035011,0.135360071000729
-0.027977,0.134709404128543
-0.02094,0.134220864782268
-0.013895,0.133894285721235
-0.0068357,0.133729744328431
0.00023657,0.133721755798401
0.0073307,0.133867944958314
0.014447,0.134162058852974
0.021589,0.134597172143161
0.028759,0.135165004332785
0.035955,0.135853143101275
0.043181,0.136650540120794
0.05044,0.137546740246213
0.057726,0.138525340722824
0.065045,0.139574414722792
0.072392,0.140677797605337
0.079768,0.141820759530066
0.087172,0.142988634233229
0.094599,0.144164245123416
0.10205,0.145333301791935
0.10952,0.146479810528889
0.11701,0.147591305862043
0.12452,0.148657809154463
0.13205,0.149671675315778
0.13958,0.150612619671574
0.14713,0.151480354274572
0.15468,0.152261214337732
0.16224,0.152953385089169
0.1698,0.153549945773059
0.17735,0.15404012881704
0.1849,0.154425222150155
0.19244,0.154701494812804
0.19997,0.154868754115416
0.20748,0.154922351807875
0.21497,0.15486164419822
0.22243,0.154681910480652
0.22985,0.154375335901621
0.23724,0.153946673237342
0.24456,0.153373766751681
0.25184,0.152665179180519
0.25904,0.151802299184296
0.26615,0.150767344112618
0.27318,0.14955850448968
0.28011,0.148164774550218
0.28692,0.146568094942936
0.2936,0.144752650500577
0.30013,0.142697517579001
0.30651,0.140393068110359
0.31271,0.137816928229352
0.31873,0.134959314557497
0.32453,0.131791358844079
0.33011,0.128299245107758
0.33546,0.124474363449766
0.34054,0.120290461391163
0.34535,0.11573745359945
0.34986,0.110796485305065
0.35406,0.105457051003155
0.35793,0.0997083901161945
0.36145,0.093539960078149
0.36461,0.0869492082740369
0.36739,0.0799328397545866
0.36976,0.072479793929274
0.37173,0.0646027587282852
0.37327,0.0563037905997159
0.37436,0.0475838535923685
0.375,0.0384579147086872
0.37517,0.0289371607729677
0.37486,0.0190369420873733
0.37405,0.00876825637219162
0.37273,-0.00185422687445296
0.3709,-0.0128058066547537
0.36854,-0.0240690814118137
0.36565,-0.0356181610774812
0.36221,-0.0474357661334828
0.35823,-0.05948982141623
0.35368,-0.071766763900282
0.34858,-0.0842313610534948
0.34291,-0.0968614654149322
0.33667,-0.109631323844843
0.32987,-0.122505633989994
0.32249,-0.135464595430044
0.31455,-0.148471944743723
0.30605,-0.161494006831393
0.29699,-0.174500199248198
0.28737,-0.187463381038525
0.27721,-0.200345267592274
0.26652,-0.213107157612544
0.2553,-0.225718600152975
0.24357,-0.238141998481855
0.23134,-0.2503425873004
0.21863,-0.262281617526251
0.20545,-0.273925771506841
0.19182,-0.28523983169206
0.17777,-0.296180830591046
0.16332,-0.306708332105455
0.14848,-0.316792665513481
0.13329,-0.32639171622925
0.11776,-0.335476925814272
0.10193,-0.344009526454414
0.085826,-0.351954200092697
0.069472,-0.359281125690486
0.052902,-0.365958622406927
0.036143,-0.371959846294429
0.019231,-0.377256230540019
0.0021978,-0.381822006607045
-0.014924,-0.385634076872288
-0.032099,-0.388670363903229
-0.049291,-0.39090992985817
-0.066464,-0.392333778143927
-0.083583,-0.392926036605013
-0.10061,-0.392671867039526
-0.11751,-0.39156018471519
-0.13423,-0.38957021066231
-0.15076,-0.386705990885192
-0.16703,-0.382947391000287
-0.18302,-0.378292568797195
-0.19869,-0.372739946477069
-0.21399,-0.366281065832309
-0.22889,-0.358917176948552
-0.24335,-0.350650158045426
-0.25733,-0.341482567756543
-0.27079,-0.331417652997979
-0.2837,-0.320466719631541
-0.29603,-0.308647458836113
-0.30773,-0.295967626226983
-0.31879,-0.282456499988931
-0.32916,-0.268130493587844
-0.33883,-0.253024924504718
-0.34777,-0.237174732005009
-0.35594,-0.220606320163192
-0.36335,-0.203375550099179
-0.36995,-0.185516221582853
-0.37574,-0.167080448467166
-0.3807,-0.148118918955979
-0.38483,-0.128694586172498
-0.3881,-0.108856370649138
-0.39053,-0.0886774619439627
-0.39209,-0.0682115674008228
-0.3928,-0.0475320820137581
-0.39265,-0.0267039442361463
-0.39166,-0.00580552089337903
-0.38982,0.0150985144102118
-0.38716,0.0359269475690839
-0.38368,0.0566098898661948
-0.3794,0.0770739945138789
-0.37434,0.0972454582427843
-0.36853,0.117045079442526
-0.36198,0.136406629562254
-0.35473,0.155254373399066
-0.3468,0.173522201709172
-0.33823,0.191139236797472
-0.32905,0.208040562654463
-0.31928,0.224175737811432
-0.30897,0.239485718162406
-0.29816,0.253914068193674
-0.28688,0.267415929583308
-0.27516,0.279957566685322
-0.26305,0.291500925729169
-0.25059,0.302013479150799
-0.23781,0.311476005264577
-0.22475,0.319873717294847
-0.21147,0.327181584963934
-0.19798,0.333404516313607
-0.18435,0.338527594257746
-0.1706,0.342557813921774
-0.15677,0.345505353156904
-0.14291,0.347375768131801
-0.12905,0.348185971310615
-0.11524,0.347947196276869
-0.1015,0.346688363457008
-0.087883,0.34442782625988
-0.074422,0.341190034457944
-0.061146,0.337006933189031
-0.048098,0.331905553366631
-0.035307,0.325918808712214
-0.02281,0.319077737427704
-0.010635,0.311417838384225
0.0011861,0.302974488734743
0.012621,0.293781810707029
0.023649,0.28388063436347
0.034239,0.273308443107702
0.044369,0.262105750734742
0.054016,0.250313663846397
0.063163,0.237977054736735
0.07179,0.22514034031034
0.079882,0.211849983814219
0.087425,0.198153474765345
0.094409,0.184100676093068
0.10083,0.169746306180392
0.10667,0.155136998746833
0.11193,0.140325462953023
0.11662,0.125374323001272
0.12073,0.110337493488357
0.12426,0.095267555191073
0.12721,0.0802143085809619
0.1296,0.0652384548249669
0.13143,0.0503927439215921
0.13271,0.0357291569824499
0.13345,0.0212972967807121
0.13366,0.00714313713118965
0.13336,-0.00668450740379422
0.13256,-0.0201436410903475
0.13128,-0.0331919120959724
0.12953,-0.0457956396139057
0.12733,-0.0579220783469195
0.12471,-0.0695331590065258
0.12168,-0.0806027623855526
0.11825,-0.0911155429144974
0.11447,-0.101036115554141
0.11034,-0.110351286313249
0.1059,-0.119036939320133
0.10115,-0.127090797053439
0.096136,-0.134494640164887
0.090875,-0.141239723552607
0.085389,-0.147321847937875
0.079707,-0.152735780497547
0.073858,-0.157475941485437
0.067864,-0.161542122886394
0.061755,-0.164932847378464
0.055555,-0.167650385339846
0.0493,-0.169691367794109
0.043007,-0.171062275117826
0.036711,-0.171764283924358
0.03044,-0.171799664314641
0.02422,-0.171173189286707
0.018079,-0.16989023353529
0.012047,-0.167955210247257
0.0061501,-0.165374683391795
0.00041597,-0.162155760517397
-0.0051269,-0.158305324485787
-0.010457,-0.153835175612339
-0.015545,-0.14875509091005
-0.020364,-0.14307484928001
-0.024893,-0.136808415204008
-0.029107,-0.129969869489727
-0.032982,-0.122573812446941
-0.036502,-0.114640839583597
-0.039639,-0.106186995766064
-0.042379,-0.0972346086296053
-0.044701,-0.0878053115436012
-0.046588,-0.0779225614768539
-0.048027,-0.0676136062590689
-0.049002,-0.0569057818059286
-0.0495,-0.0458279478992704
-0.049515,-0.0344145490006016
-0.049035,-0.0226991140996073
-0.048055,-0.0107186399563773
-0.04657,0.00148816094835125
-0.044581,0.013877895140852
-0.042086,0.0264068928484329
-0.03909,0.0390273877773047
-0.035597,0.0516904807527972
-0.031614,0.0643456192494074
-0.027151,0.0769402422773914
-0.022222,0.0894188269787447
-0.016837,0.101728134853474
-0.011015,0.113811788888895
-0.0047735,0.125613771447816
0.0018678,0.137078517593106
0.0088894,0.148152775386421
0.016267,0.158783367703888
0.023973,0.168916512854014
0.031988,0.178505813775692
0.040284,0.187506098078233
0.048827,0.195870357044942
0.057598,0.203562864949248
0.066561,0.210545803089753
0.07569,0.216788508157354
0.084947,0.22225846813018
0.094312,0.226936300631212
0.10374,0.230795678901724
0.11321,0.233823565726977
0.12269,0.236010282335506
0.13214,0.237343626684185
0.14154,0.237824888270636
0.15085,0.237451806535107
0.16003,0.236219698091652
0.16907,0.234144591463411
0.17792,0.231229549121961
0.18657,0.227497005394439
0.19497,0.222955131058094
0.20311,0.217630235465833
0.21096,0.211548008745531
0.21848,0.204725789874462
0.22566,0.197196097958735
0.23246,0.188980801010353
0.23886,0.180107523911051
0.24485,0.170615299123734
0.25039,0.160529220648963
0.25547,0.1498847207155
0.26007,0.138717255882997
0.26416,0.127053971106612
0.26773,0.114929354150124
0.27077,0.102382850630888
0.27324,0.0894346061848002
0.27515,0.0761255561265449
0.27647,0.0624826181649699
0.2772,0.048542762250547
0.27732,0.0343351502235179
0.27683,0.0198965149364117
0.27571,0.00525375942566211
0.27397,-0.00955284469112743
0.2716,-0.0244882952156705
0.26858,-0.0395303612713735
0.26494,-0.054630939809107
0.26065,-0.0697669391248706
0.25573,-0.084899295438894
0.25017,-0.0999995381457219
0.24398,-0.115033949693626
0.23717,-0.129965735131837
0.22974,-0.1447642487928
0.2217,-0.159397489427213
0.21306,-0.173833490617948
0.20383,-0.188041443793439
0.19402,-0.201992578475469
0.18365,-0.215653426340124
0.17273,-0.228995306803241
0.16129,-0.24197966056034
0.14933,-0.254583467684116
0.13688,-0.266774962064936
0.12397,-0.278516473960901
0.11061,-0.289781660254224
0.096842,-0.300530644245794
0.082683,-0.310732488589197
0.068168,-0.32035127451562
0.053333,-0.329347589228399
0.038207,-0.337685731657199
0.022827,-0.34532833653655
0.0072294,-0.352238451828161
-0.0085429,-0.358375954320216
-0.024453,-0.363703991831468
-0.040457,-0.368184481730756
-0.056514,-0.371781917340638
-0.072579,-0.374461122840195
-0.088609,-0.376189951913388
-0.10456,-0.376939169689223
-0.12038,-0.376677107118289
-0.13603,-0.375380946702914
-0.15147,-0.373035238119763
-0.16664,-0.369616458912417
-0.18151,-0.365117750670466
-0.19602,-0.359524040697406
-0.21014,-0.352836572286496
-0.22381,-0.34504786321192
-0.23701,-0.33617351000611
-0.24968,-0.326218040545692
-0.26179,-0.315199431843793
-0.2733,-0.303138912390547
-0.28418,-0.290067432562003
-0.29438,-0.276008410468925
-0.30388,-0.261000967372322
-0.31264,-0.245081237218069
-0.32065,-0.228304333525798
-0.32786,-0.210709755841241
-0.33426,-0.192353040149511
-0.33983,-0.173293834016243
-0.34455,-0.153593545167544
-0.3484,-0.133313357618589
-0.35137,-0.112519991574441
-0.35345,-0.0912827676587263
-0.35463,-0.0696711355114084
-0.3549,-0.0477526367720201
-0.35428,-0.0256134643442278
-0.35275,-0.0033227458418588
-0.35032,0.0190440706803625
-0.347,0.0414087624870103
-0.3428,0.0636932891679561
-0.33773,0.0858222042575963
-0.3318,0.107724566767557
-0.32503,0.129328001024874
-0.31745,0.150553968881932
-0.30906,0.171343724449446
-0.2999,0.191626975934917
-0.29,0.211333923393862
-0.27937,0.230412353941074
-0.26805,0.248804007075258
-0.25608,0.266447878471692
-0.24348,0.283297744943253
-0.23029,0.299306332492459
-0.21655,0.314427379009998
-0.2023,0.328617262924988
-0.18757,0.341843640749334
-0.1724,0.354077324212334
-0.15684,0.365285642888017
-0.14092,0.375449355965235
-0.1247,0.38453893978151
-0.10822,0.392532703074327
-0.091515,0.399420072321991
-0.074641,0.405184711536178
-0.057639,0.409817669765131
-0.040561,0.413308531655074
-0.023449,0.415653833630355
-0.0063527,0.416850553554755
0.010684,0.41690081480047
0.02761,0.415805904406661
0.04438,0.413571062673379
0.060947,0.410203668188788
0.077265,0.405713692501772
0.093288,0.400113234389427
0.10897,0.393416063705193
0.12427,0.385640883167898
0.13913,0.376797531193085
0.15353,0.366916743132699
0.1674,0.356008489147948
0.18071,0.344095469328004
0.19343,0.331210170494875
0.20549,0.317362640240316
0.21689,0.302596421779128
0.22756,0.286929204797897
0.23747,0.270386993872452
0.2466,0.253009214409402
0.2549,0.23482288711738
0.26234,0.215859088808459
0.2689,0.196158693848702
0.27455,0.175761944434001
0.27926,0.154707436753381
0.28301,0.133038716700179
0.28578,0.110802051507308
0.28755,0.0880445443593693
0.2883,0.0648125699762481
0.28804,0.0411727017859717
0.28674,0.0171762678357955
0.28439,-0.00712447497182731
0.28101,-0.0316559629063918
0.27658,-0.0563592378442968
0.27111,-0.0811667679698781
0.26461,-0.106006206570026
0.25708,-0.130810963006274
0.24854,-0.15550641434243
0.23901,-0.180013816239688
0.22849,-0.204268378115873
0.21703,-0.228181727280825
0.20463,-0.251686248323228
0.19134,-0.274696344406486
0.17718,-0.297136875455594
0.16219,-0.318928847055306
0.14641,-0.339992794026066
0.12988,-0.36025153760135
0.11265,-0.379624972470779
0.094765,-0.398037053019986
0.076279,-0.415410981878696
0.057246,-0.431672024590656
0.037725,-0.446746039984361
0.017772,-0.460564210598963
-0.002547,-0.473057114507472
-0.023169,-0.484159586421895
-0.044026,-0.493808614281992
-0.065051,-0.501946031299289
-0.086175,-0.50851834450772
-0.10733,-0.513478696056654
-0.12843,-0.516774214991348
-0.14942,-0.518372211029783
-0.17021,-0.518231943888848
-0.19075,-0.51633754161102
-0.21094,-0.512657307886573
-0.23073,-0.507185275360109
-0.25003,-0.49990744155891
-0.26878,-0.49082651476618
-0.28691,-0.479951811604354
-0.30436,-0.467305711064985
-0.32105,-0.452906292217139
-0.33692,-0.436782990022588
-0.35192,-0.418981480128802
-0.36598,-0.39954496896288
-0.37905,-0.378528710460249
-0.39108,-0.355996548080849
-0.40201,-0.332010456822098
-0.41181,-0.30665168792762
-0.42041,-0.279985480435758
-0.4278,-0.252106933716436
-0.43392,-0.223095791411782
-0.43875,-0.193046902356671
-0.44226,-0.162057334807486
-0.44442,-0.1302232741013
-0.44521,-0.0976448766088966
-0.44462,-0.0644300212643154
-0.44262,-0.0306748893167307
-0.43922,0.00350706716422343
-0.43439,0.0380214468222219
-0.42816,0.0727477681189978
-0.42051,0.107585172835766
-0.41146,0.142422233939327
-0.401,0.177164721259228
-0.38918,0.21169100733289
-0.37599,0.245905619707386
-0.36147,0.279700404436214
-0.34563,0.3129827632716
-0.32853,0.345638863668501
-0.31017,0.37758591811469
-0.29061,0.408724790734223
-0.26988,0.438968811176373
-0.24803,0.468229703514362
-0.22511,0.496421093895163
-0.20117,0.523461294422616
-0.17625,0.54928283296396
-0.15043,0.573802792245934
-0.12376,0.596951068913348
-0.096309,0.618656570907227
-0.068136,0.63885756943087
-0.039315,0.657491304443957
-0.0099177,0.674498420048921
0.019982,0.689823109508452
0.050302,0.703408690033805
0.080971,0.715208097190751
0.1119,0.725171001909452
0.14301,0.733253982460281
0.17422,0.739419651198804
0.20544,0.743630601908596
0.23658,0.745851165422891
0.26755,0.746048754595563
0.29827,0.744202244551006
0.32865,0.740293620893291
0.35859,0.73430114286537
0.38801,0.726216085409434
0.41682,0.716033682545419
0.44492,0.703745698358274
0.47224,0.689364079485925
0.49867,0.672887693549084
0.52414,0.654334993246473
0.54856,0.633725423773829
0.57185,0.611086569827489
0.59392,0.586444870102789
0.61471,0.559847707463681
0.63413,0.531336256364904
0.65212,0.500968092043291
0.6686,0.468797957885643
0.68352,0.434899271803183
0.69682,0.399351344619974
0.70844,0.362236272507801
0.71833,0.323643694341506
0.72645,0.283674372219771
0.73275,0.242427939660138
0.73722,0.200029977259854
0.73982,0.156601334266102
0.74053,0.112270439863255
0.73935,0.0671829566510256
0.73625,0.0214720690472463
0.73124,-0.0247134447145726
0.72432,-0.0712240447141772
0.71551,-0.117899278189155
0.70482,-0.16458213810765
0.69228,-0.211108428709914
0.67792,-0.257313242585162
0.66177,-0.303036266430163
0.64389,-0.348103816653619
0.62431,-0.392359142924651
0.60309,-0.435642101001444
0.58029,-0.477795106086377
0.55597,-0.518667911271533
0.53021,-0.558106522621285
0.50308,-0.595966587859256
0.47465,-0.632116579069429
0.44501,-0.666425270472511
0.41424,-0.698773848374363
0.38243,-0.729050573507268
0.34968,-0.757146306022645
0.31607,-0.782973021186976
0.28169,-0.80645600222401
0.24666,-0.82751240352382
0.21106,-0.846085928060902
0.175,-0.862122293316202
0.13858,-0.875578963673655
0.1019,-0.886425253759606
0.065057,-0.894644285514866
0.028158,-0.900224547110686
-0.0087007,-0.903168205537318
-0.045413,-0.903482230312733
-0.081886,-0.901188063739404
-0.11801,-0.89630678459072
-0.1537,-0.88887778369061
-0.18886,-0.87894686887969
-0.22339,-0.866561617634034
-0.25721,-0.851785255668472
-0.29021,-0.834670378475689
-0.32233,-0.81529713597863
-0.35347,-0.793736656177417
-0.38357,-0.770080895055988
-0.41253,-0.744406904275976
-0.44029,-0.716807504822455
-0.46679,-0.687385939924378
-0.49195,-0.656236437070452
-0.51572,-0.623465674877226
-0.53803,-0.589172705899487
-0.55885,-0.553477281861249
-0.57812,-0.516490310806993
-0.59579,-0.478319791420843
-0.61184,-0.439090391269917
-0.62622,-0.398914362774943
-0.63892,-0.357920137957752
-0.6499,-0.316223124429289
-0.65915,-0.273946825678568
-0.66665,-0.23121001304393
-0.6724,-0.188138651809196
-0.67639,-0.144853093285341
-0.67863,-0.101480043081671
-0.67911,-0.0581324145108769
-0.67785,-0.0149303862651458
-0.67488,0.0279966376031827
-0.67019,0.070545693174528
-0.66382,0.112601793875466
-0.6558,0.154051645444025
-0.64617,0.194779873572297
-0.63496,0.234680849655565
-0.62221,0.273653200409703
-0.60797,0.311595291341269
-0.59229,0.348408996962631
-0.57523,0.383995257051291
-0.55685,0.418257918256418
-0.5372,0.451114155961071
-0.51636,0.48247295045143
-0.49439,0.512254927617747
-0.47137,0.540378456967821
-0.44736,0.566778086947027
-0.42245,0.591381996585904
-0.39671,0.614130954489927
-0.37023,0.634963670625774
-0.34308,0.653834612615
-0.31535,0.670698354597462
-0.28712,0.685519126754863
-0.25848,0.698263440299967
-0.22951,0.708908847319507
-0.20029,0.717443289027664
-0.17092,0.723849475348933
-0.14145,0.728144163995934
-0.112,0.730320146578857
-0.082624,0.7304006487783
-0.053415,0.728404676829417
-0.024448,0.724361310795612
0.0041972,0.718304041323189
0.032449,0.710275652715613
0.060233,0.700323726310763
0.087472,0.688496833109198
0.1141,0.674851731274717
0.14006,0.659457271256188
0.16526,0.642364628512975
0.18967,0.623655445424211
0.2132,0.603389554329017
0.23581,0.581644707445705
0.25744,0.558496300088712
0.27804,0.534023228722148
0.29756,0.508305068113249
0.31596,0.481427123134172
0.33319,0.453469509217308
0.34922,0.424520623805725
0.364,0.394658156610766
0.37752,0.363978394135224
0.38974,0.332567546153031
0.40064,0.300515837701646
0.4102,0.267913925882585
0.4184,0.234849964825926
0.42524,0.201422062047417
0.43071,0.167725843239009
0.43481,0.133859255808947
0.43753,0.0999115513509958
0.43889,0.0659841823359648
0.43889,0.0321703223145053
0.43755,-0.00143186643095703
0.43488,-0.0347308856688529
0.43092,-0.0676215572218684
0.42568,-0.10001337621231
0.41919,-0.13181602775723
0.41149,-0.162935130331355
0.40262,-0.193276316036633
0.39262,-0.222748530835534
0.38152,-0.251274024004218
0.36938,-0.278766488714455
0.35625,-0.30514325427317
0.34218,-0.330327623173138
0.32722,-0.354250609900421
0.31143,-0.376844752271584
0.29487,-0.398046477532853
0.2776,-0.417797901681279
0.25969,-0.436040728110552
0.2412,-0.4527261212233
0.22219,-0.467815013668445
0.20272,-0.481278093031854
0.18288,-0.493073329114083
0.16271,-0.503187329461889
0.1423,-0.511593945947772
0.1217,-0.518287782535527
0.10098,-0.523266255298826
0.080207,-0.526532042557237
0.059448,-0.528092661699218
0.038761,-0.527966618794739
0.018209,-0.526177686358677
-0.002144,-0.52275306904564
-0.022243,-0.517729182650435
-0.042031,-0.511147889631128
-0.061452,-0.503055493198975
-0.080452,-0.493502496925081
-0.098984,-0.482546946267608
-0.117,-0.470250957037226
-0.13444,-0.456669619215476
-0.15129,-0.441885076206958
-0.16748,-0.425957802570173
-0.18298,-0.408958839429354
-0.19776,-0.390965857489
-0.21179,-0.372059772078073
-0.22503,-0.352314484078782
-0.23747,-0.331818324331248
-0.24906,-0.310639142514105
-0.2598,-0.288863215500065
-0.26967,-0.26657431617731
-0.27864,-0.243844269445046
-0.28672,-0.220762584591783
-0.29389,-0.197408077336075
-0.30014,-0.173855826317186
-0.30548,-0.150190234688206
-0.30991,-0.126493106130975
-0.31342,-0.102834075364546
-0.31604,-0.079300160636354
-0.31775,-0.055952547402168
-0.31859,-0.0328737617417716
-0.31856,-0.0101311610876108
-0.31769,0.0122003346263401
-0.31598,0.0340645144728099
-0.31347,0.0553928066058185
-0.31018,0.0761239387408591
-0.30613,0.0962048038267782
-0.30135,0.115583560560862
-0.29588,0.134204037775659
-0.28974,0.152023517548388
-0.28297,0.168997133823388
-0.2756,0.185087537926079
-0.26766,0.200265088711655
-0.25919,0.214500401756116
-0.25022,0.227773113681238
-0.24079,0.240063902026377
-0.23094,0.251355401232847
-0.2207,0.261640261656225
-0.2101,0.270919970413693
-0.19918,0.279196254097527
-0.18797,0.286478903868186
-0.17651,0.292777046860446
-0.16483,0.298106885475062
-0.15296,0.30249032076963
-0.14093,0.305953662583009
-0.12877,0.308526438474426
-0.1165,0.310247708276666
-0.10416,0.311148678460697
-0.091774,0.31126547249199
-0.079358,0.310643336668666
-0.066935,0.309328667347483
-0.054534,0.307363254809306
-0.042165,0.304798208843981
-0.029853,0.301679756571704
-0.017617,0.298053415690641
-0.0054676,0.293969111737766
0.0065759,0.289472509104953
0.0185,0.284608825633975
0.03029,0.279420708581959
0.041939,0.273953218974413
0.053429,0.268243783553537
0.064753,0.262330615305298
0.075902,0.256249844681919
0.086864,0.250032506917766
0.097632,0.243708147327277
0.1082,0.237304796757963
0.11855,0.230839368046101
0.12869,0.224338302276105
0.1386,0.217814024585111
0.14829,0.211289231285341
0.15774,0.204771824357422
0.16695,0.198272076397251
0.17591,0.191794217781198
0.18462,0.185344616574631
0.19307,0.17892353528698
0.20125,0.17252605226304
0.20917,0.166157743730392
0.21682,0.159817488912968
0.22418,0.153491193826658
0.23126,0.147176658857282
0.23804,0.140858955932392
0.24453,0.134535310027563
0.25072,0.128197877156728
0.25659,0.121827408048862
0.26215,0.115418028885018
0.26739,0.108959908864061
0.27229,0.10243280718031
0.27686,0.0958307338495465
0.28109,0.0891444968761788
0.28496,0.082355130720976
0.28847,0.075451044445538
0.29162,0.0684268751088445
0.29438,0.0612602300778061
0.29677,0.0539525572366803
0.29876,0.0464875201794955
0.30034,0.0388496898015903
0.30152,0.0310395869148088
0.30228,0.0230484312743734
0.30261,0.0148676192475582
0.3025,0.00648895775200836
0.30196,-0.00208035744626282
0.30097,-0.0108430387445715
0.29952,-0.0198022581484212
0.29761,-0.0289540289699228
0.29524,-0.0382886427470038
0.29239,-0.0478067682179205
0.28908,-0.0574877890490721
0.28529,-0.0673240068817734
0.28102,-0.0773035058064309
0.27628,-0.0874038612490912
0.27107,-0.0976021349014325
0.26538,-0.107882956189925
0.25923,-0.118215274537544
0.25262,-0.128571018014336
0.24555,-0.138925275500596
0.23803,-0.149248989192641
0.23006,-0.159517981969713
0.22167,-0.169690535314638
0.21285,-0.179741555637525
0.20362,-0.189637928099221
0.19399,-0.199348465851906
0.18396,-0.208851892648046
0.17355,-0.218120851834339
0.16278,-0.227123975793182
0.15164,-0.235849852688334
0.14017,-0.244266672551874
0.12836,-0.252364196797268
0.11624,-0.260120464556304
0.1038,-0.267534440699442
0.091086,-0.274580782977939
0.078091,-0.281254625532467
0.064835,-0.287547970487134
0.051334,-0.293453673538727
0.037604,-0.298965664836563
0.023659,-0.304080571581552
0.0095178,-0.308793919581664
-0.0048018,-0.313101380733706
-0.019285,-0.317001244366369
-0.033909,-0.320488197537444
-0.048655,-0.323557270454455
-0.063506,-0.326205371344729
-0.078435,-0.328423741109509
-0.093424,-0.330206062715359
-0.10845,-0.331544573561844
-0.12348,-0.33242326679599
-0.1385,-0.332834067584896
-0.15347,-0.332756382431687
-0.16838,-0.332182359776622
-0.1832,-0.331099943700453
-0.19789,-0.329486723978619
-0.21243,-0.327327428939642
-0.22678,-0.324598258368163
-0.24092,-0.32128406856874
-0.25482,-0.317369819140219
-0.26845,-0.312841082998086
-0.28177,-0.307677046114164
-0.29476,-0.301867219906294
-0.30738,-0.295395065024157
-0.31961,-0.288254539143056
-0.33142,-0.280440977845472
-0.34278,-0.271951108760918
-0.35366,-0.262783021343635
-0.36403,-0.252936100934084
-0.37388,-0.242425731183066
-0.38317,-0.231257747271088
-0.39188,-0.21944506019944
-0.39999,-0.207006063622916
-0.40748,-0.193963199481886
-0.41433,-0.180341682369293
-0.42051,-0.166160982284528
-0.42603,-0.151465069104617
-0.43085,-0.136279575429111
-0.43496,-0.120636887631949
-0.43835,-0.104573973947721
-0.44101,-0.0881305000221043
-0.44293,-0.0713472189341181
-0.4441,-0.0542646205560571
-0.44451,-0.0369218233572777
-0.44415,-0.0193556903919263
-0.44302,-0.00160754832321094
-0.44113,0.0162715274845944
-0.43845,0.0342537034244566
-0.43501,0.0522864409964476
-0.43079,0.0703358658829688
-0.42581,0.088354686490579
-0.42006,0.10630847759905
-0.41355,0.124159565085086
-0.4063,0.141861531450441
-0.3983,0.159384603484602
-0.38959,0.176676526666486
-0.38015,0.193712979148228
-0.37002,0.210448738944012
-0.3592,0.226852838040744
-0.34772,0.242884753968187
-0.33559,0.258512457149852
-0.32283,0.273704552799191
-0.30947,0.288423936978417
-0.29553,0.302637620670264
-0.28103,0.316317147784258
-0.26599,0.329438822475004
-0.25045,0.341968976983667
-0.23443,0.353881932718922
-0.21796,0.36515207855784
-0.20107,0.375754882121238
-0.18379,0.38566767248236
-0.16615,0.394870219328339
-0.14818,0.403345132942235
-0.12992,0.411070710415488
-0.1114,0.418030063833129
-0.092652,0.42420947075875
-0.073715,0.429593260057996
-0.05462,0.434170825054924
-0.035409,0.437928082634505
-0.016117,0.44085398193577
0.0032194,0.442939300510124
0.022559,0.444173399561442
0.041867,0.444549770428696
0.061102,0.444060773502051
0.080226,0.442700813439258
0.099201,0.440466319967471
0.11799,0.437356410825891
0.13655,0.433368168572654
0.15484,0.42849878959724
0.17283,0.422753958151401
0.19048,0.416138837731664
0.20775,0.408658208841938
0.2246,0.400316572576036
0.241,0.391125623834246
0.25691,0.381095285947522
0.2723,0.370241310534825
0.28713,0.358576444379264
0.30138,0.346125562429239
0.315,0.332900554750984
0.32798,0.31893217690242
0.34028,0.304243444250147
0.35187,0.28885795686765
0.36273,0.272806569521302
0.37285,0.256132568954044
0.38219,0.23886592643114
0.39074,0.221047239405164
0.39849,0.202724541399489
0.40541,0.18393572969418
0.41151,0.164739015032464
0.41678,0.145192542689539
0.4212,0.12534534300631
0.42477,0.105252422691362
0.42749,0.084971952802165
0.42937,0.0645702978162585
0.43041,0.0441110424637696
0.43061,0.0236535857253292
0.42998,0.00325947814123155
0.42853,-0.0170099483362569
0.42627,-0.0370955074664796
0.42322,-0.0569342825623135
0.41939,-0.0764697989351804
0.4148,-0.0956452843489054
0.40947,-0.114405659917898
0.40342,-0.132699114676133
0.39667,-0.15047830441429
0.38924,-0.16770121524539
0.38116,-0.184324333633376
0.37246,-0.200304576833546
0.36315,-0.215615631111877
0.35327,-0.23022371120216
0.34285,-0.2440977945705
0.3319,-0.257225184687508
0.32048,-0.269571803554591
0.30859,-0.281132083041645
0.29627,-0.291894466887056
0.28355,-0.30185073295893
